crop_name,country_code,adm_id,harvest_year,x,y,pair
wheat,IN,IN-01-0047,2017,-0.11340804192688285,-1.1517954629403442,ssm_yield
wheat,IN,IN-01-0049,2010,0.5033486966287761,-0.7105072597802884,ssm_yield
wheat,IN,IN-01-0051,2003,-1.0532017334695523,-1.7660686417391418,ssm_yield
wheat,IN,IN-01-0051,2004,-1.1019214427787394,-1.83049671940051,ssm_yield
wheat,IN,IN-01-0051,2005,-1.1044309531007337,-1.5118866367189494,ssm_yield
wheat,IN,IN-01-0051,2006,0.49417996911475587,-1.7969588159603453,ssm_yield
wheat,IN,IN-01-0051,2007,-0.007142716451495572,-1.729883009080017,ssm_yield
wheat,IN,IN-01-0051,2008,0.7993680952379788,-1.5516025750033544,ssm_yield
wheat,IN,IN-01-0051,2009,0.31458927665802616,-1.6327996043848048,ssm_yield
wheat,IN,IN-01-0051,2010,0.49285618078877064,-0.7581663857215745,ssm_yield
wheat,IN,IN-01-0051,2011,0.7982524133737152,-1.071481009965214,ssm_yield
wheat,IN,IN-01-0051,2012,-0.36213187501309463,-0.8384808386967045,ssm_yield
wheat,IN,IN-01-0051,2013,-0.7359375872213276,-1.380382752177253,ssm_yield
wheat,IN,IN-01-0051,2014,0.23634762450460742,-0.9752801816763218,ssm_yield
wheat,IN,IN-01-0051,2015,-0.28170450829050064,-1.404212315147896,ssm_yield
wheat,IN,IN-01-0051,2016,-0.5728338867770263,0.007027358557962318,ssm_yield
wheat,IN,IN-01-0051,2017,-0.6691815842970916,-1.4271593017122188,ssm_yield
wheat,IN,IN-01-0052,2003,-1.2527581623857602,-1.7757769822086626,ssm_yield
wheat,IN,IN-01-0052,2004,-1.4185348114127838,-1.83049671940051,ssm_yield
wheat,IN,IN-01-0052,2005,-1.2078770266467926,-1.5048260254683885,ssm_yield
wheat,IN,IN-01-0052,2006,0.5406810385260685,-1.8022542743982664,ssm_yield
wheat,IN,IN-01-0052,2007,-0.16843655757340945,-1.7192920922041757,ssm_yield
wheat,IN,IN-01-0052,2008,0.829128308074934,-0.8208293105703023,ssm_yield
wheat,IN,IN-01-0052,2009,0.29191571469627775,-1.5436593873464735,ssm_yield
wheat,IN,IN-01-0052,2010,0.5540052525001556,-0.8799619297937498,ssm_yield
wheat,IN,IN-01-0052,2011,0.7781507439296939,-0.9311513613603163,ssm_yield
wheat,IN,IN-01-0052,2012,-0.15981535187237106,-1.015878696367047,ssm_yield
wheat,IN,IN-01-0052,2013,-1.0143996784141551,-1.4456934062449411,ssm_yield
wheat,IN,IN-01-0052,2015,-0.5210626124972314,-1.5930836661003998,ssm_yield
wheat,IN,IN-01-0052,2017,-0.9826654832601556,-1.372439564520372,ssm_yield
wheat,IN,IN-01-0053,2003,-0.6084518857751745,-1.8137277676804275,ssm_yield
wheat,IN,IN-01-0053,2005,-0.13544493239640606,-1.482761615310386,ssm_yield
wheat,IN,IN-01-0053,2006,1.1748504205848957,-1.7404739259558584,ssm_yield
wheat,IN,IN-01-0053,2007,0.6197381372556944,-1.7404739259558584,ssm_yield
wheat,IN,IN-01-0053,2008,1.2212190085961578,-1.4456934062449411,ssm_yield
wheat,IN,IN-01-0053,2009,0.726534217478297,-0.857897519635747,ssm_yield
wheat,IN,IN-01-0053,2010,0.8685610467027198,-0.7105072597802884,ssm_yield
wheat,IN,IN-01-0053,2011,1.2014263392259843,-1.1517954629403442,ssm_yield
wheat,IN,IN-01-0053,2013,0.05537981041473183,-1.1517954629403442,ssm_yield
wheat,IN,IN-01-0053,2014,0.45264191226103573,-1.380382752177253,ssm_yield
wheat,IN,IN-01-0053,2016,0.5802511064757825,-0.2692190566202327,ssm_yield
wheat,IN,IN-01-0053,2017,-0.34333066874044704,-1.404212315147896,ssm_yield
wheat,IN,IN-01-0503,2017,-0.6148289229124798,-1.1517954629403442,ssm_yield
wheat,IN,IN-02-0902,2003,-0.1108178872430532,-0.7758179138479767,ssm_yield
wheat,IN,IN-02-0902,2004,0.9572098536335523,-0.6646132866516425,ssm_yield
wheat,IN,IN-02-0902,2005,0.25581320924637807,-0.8870225410443107,ssm_yield
wheat,IN,IN-02-0902,2006,0.06187217395911228,-0.3415903219384819,ssm_yield
wheat,IN,IN-02-0902,2007,0.11807891349428389,0.23561464779487107,ssm_yield
wheat,IN,IN-02-0902,2008,0.34663910762403505,-0.3292342522500003,ssm_yield
wheat,IN,IN-02-0902,2009,0.08326464999558147,-0.5242836380467448,ssm_yield
wheat,IN,IN-02-0902,2010,-0.3582173850089899,0.13764866669333853,ssm_yield
wheat,IN,IN-02-0902,2011,-0.4778747777580969,1.537414847117035,ssm_yield
wheat,IN,IN-02-0902,2012,-0.1600471676901175,0.6424823711084423,ssm_yield
wheat,IN,IN-02-0902,2013,-0.4999093129502822,1.1102478664581015,ssm_yield
wheat,IN,IN-02-0902,2014,0.04297625641451745,-0.7378671283762118,ssm_yield
wheat,IN,IN-02-0902,2015,-0.1348550040639879,-0.6646132866516425,ssm_yield
wheat,IN,IN-02-0902,2016,-0.6167798737507552,0.42978145718529537,ssm_yield
wheat,IN,IN-02-0902,2017,-0.3371604407363307,0.44566783249905756,ssm_yield
wheat,IN,IN-02-0903,2003,-0.08708555987449636,-0.8649581308863079,ssm_yield
wheat,IN,IN-02-0903,2004,0.9076348345093345,-0.5128101447645834,ssm_yield
wheat,IN,IN-02-0903,2005,0.2750233111911961,-1.0450037177756106,ssm_yield
wheat,IN,IN-02-0903,2006,0.05365193291762016,-0.3724804961596857,ssm_yield
wheat,IN,IN-02-0903,2007,0.08117794338090079,0.3097510659257605,ssm_yield
wheat,IN,IN-02-0903,2008,0.3012863209690377,-0.1544841237986183,ssm_yield
wheat,IN,IN-02-0903,2009,0.002407057847779146,-0.16507504067445966,ssm_yield
wheat,IN,IN-02-0903,2010,-0.3745716006234234,0.02644403949700459,ssm_yield
wheat,IN,IN-02-0903,2011,-0.4986558646083491,1.2426343274061182,ssm_yield
wheat,IN,IN-02-0903,2012,-0.20262127808126396,0.0917546935646927,ssm_yield
wheat,IN,IN-02-0903,2013,-0.5780815095928148,0.28680407936143737,ssm_yield
wheat,IN,IN-02-0903,2014,-0.10091391574591865,-0.7096246833739683,ssm_yield
wheat,IN,IN-02-0903,2015,-0.15677782934849868,0.5374557787563492,ssm_yield
wheat,IN,IN-02-0903,2016,-0.6205181065325907,0.17648202857142348,ssm_yield
wheat,IN,IN-02-0903,2017,-0.39109014608401904,0.6168876553251591,ssm_yield
wheat,IN,IN-02-0904,2003,-0.16105014623224148,-0.4342608446020936,ssm_yield
wheat,IN,IN-02-0904,2004,0.6565910256151081,-0.5993026325839544,ssm_yield
wheat,IN,IN-02-0904,2005,0.14897098182849958,-0.9814582165205625,ssm_yield
wheat,IN,IN-02-0904,2006,-0.1279341588842895,-0.3362948635005612,ssm_yield
wheat,IN,IN-02-0904,2007,-0.07175613654902806,0.17295172294614303,ssm_yield
wheat,IN,IN-02-0904,2008,0.1493232270026624,0.5295125910994679,ssm_yield
wheat,IN,IN-02-0904,2009,-0.17070819842124826,-0.26039329255703175,ssm_yield
wheat,IN,IN-02-0904,2010,-0.46978370668182307,-0.002680981911559014,ssm_yield
wheat,IN,IN-02-0904,2011,-0.6127235692626531,0.6751376981422863,ssm_yield
wheat,IN,IN-02-0904,2012,-0.3680530259801437,0.12970547903645763,ssm_yield
wheat,IN,IN-02-0904,2013,-0.6830623300483811,0.38477006046296996,ssm_yield
wheat,IN,IN-02-0904,2014,-0.3037623946686777,-0.08387801129300933,ssm_yield
wheat,IN,IN-02-0904,2015,-0.28682642601833974,-0.1986129441146237,ssm_yield
wheat,IN,IN-02-0904,2016,-0.6390572415854298,0.3247548648332023,ssm_yield
wheat,IN,IN-02-0904,2017,-0.5013764172595712,0.4774405831265816,ssm_yield
wheat,IN,IN-02-0905,2003,0.1097437462187321,-0.9611589591752,ssm_yield
wheat,IN,IN-02-0905,2004,1.091544846569619,-1.0194090019923274,ssm_yield
wheat,IN,IN-02-0905,2005,0.7274552257197023,-1.1570909213782647,ssm_yield
wheat,IN,IN-02-0905,2006,0.21527347315926262,-0.8481891791662257,ssm_yield
wheat,IN,IN-02-0905,2007,0.2920931794839939,-0.541052589766827,ssm_yield
wheat,IN,IN-02-0905,2008,0.5957962347733912,-0.35482896803328345,ssm_yield
wheat,IN,IN-02-0905,2009,0.2976123800644971,-0.11741591473317341,ssm_yield
wheat,IN,IN-02-0905,2010,-0.11958032542877971,-0.30010923084143654,ssm_yield
wheat,IN,IN-02-0905,2011,-0.3055426217534521,0.27797831529823647,ssm_yield
wheat,IN,IN-02-0905,2012,-0.02269327911290182,0.3379935109280041,ssm_yield
wheat,IN,IN-02-0905,2013,-0.27392468995865615,0.3044556074878396,ssm_yield
wheat,IN,IN-02-0905,2014,0.0011798077970934817,-1.5021782962494283,ssm_yield
wheat,IN,IN-02-0905,2015,0.07257651022772464,1.0405243303588125,ssm_yield
wheat,IN,IN-02-0905,2016,-0.22397500504264772,0.10940622169109494,ssm_yield
wheat,IN,IN-02-0905,2017,-0.06268191670704427,0.13853124309965895,ssm_yield
wheat,IN,IN-02-0906,2003,-0.3809782274165294,-0.08652574051196976,ssm_yield
wheat,IN,IN-02-0906,2004,0.48123449855653516,-0.15095381817333786,ssm_yield
wheat,IN,IN-02-0906,2005,-0.14376075475216135,-0.525166214453065,ssm_yield
wheat,IN,IN-02-0906,2006,-0.36484313224235204,0.03262207434124547,ssm_yield
wheat,IN,IN-02-0906,2007,-0.24695489131125645,0.23296691857591065,ssm_yield
wheat,IN,IN-02-0906,2008,-0.1781291823546954,0.18354263982198435,ssm_yield
wheat,IN,IN-02-0906,2009,-0.30784627678526977,0.006144782151641912,ssm_yield
wheat,IN,IN-02-0906,2010,-0.6577369760490472,0.4200731167157744,ssm_yield
wheat,IN,IN-02-0906,2011,-0.7464611774336742,0.8843083064401528,ssm_yield
wheat,IN,IN-02-0906,2012,-0.4287974851428072,0.4906792292213834,ssm_yield
wheat,IN,IN-02-0906,2013,-0.7284178744662372,0.7404483522099748,ssm_yield
wheat,IN,IN-02-0906,2014,-0.16246107808063281,-0.2542152577127909,ssm_yield
wheat,IN,IN-02-0906,2015,-0.4372155302573303,-0.1827265688008619,ssm_yield
wheat,IN,IN-02-0906,2016,-0.982914236525872,1.0387591775461726,ssm_yield
wheat,IN,IN-02-0906,2017,-0.6047743748288179,0.7325051645530936,ssm_yield
wheat,IN,IN-02-0907,2003,-0.5205286399158698,0.2303191893569502,ssm_yield
wheat,IN,IN-02-0907,2004,0.43607780114748046,-0.3936623299113684,ssm_yield
wheat,IN,IN-02-0907,2005,-0.1536531248450901,-0.16330988786181924,ssm_yield
wheat,IN,IN-02-0907,2006,-0.3644396729050264,-0.1394803248911765,ssm_yield
wheat,IN,IN-02-0907,2007,-0.24203967360681325,0.05909936653084864,ssm_yield
wheat,IN,IN-02-0907,2008,-0.11487763323686458,0.12352744419221673,ssm_yield
wheat,IN,IN-02-0907,2009,-0.3637061011676953,-0.2815751263087143,ssm_yield
wheat,IN,IN-02-0907,2010,-0.662130827974906,0.02644403949700459,ssm_yield
wheat,IN,IN-02-0907,2011,-0.8152226765545442,1.193210048652192,ssm_yield
wheat,IN,IN-02-0907,2012,-0.4503471764531043,1.113778172083382,ssm_yield
wheat,IN,IN-02-0907,2013,-0.7356623543415038,0.448315561718018,ssm_yield
wheat,IN,IN-02-0907,2014,-0.20184493821040098,0.44302010328009717,ssm_yield
wheat,IN,IN-02-0907,2015,-0.42286299281941175,0.08116377668885134,ssm_yield
wheat,IN,IN-02-0907,2016,-0.8732150105559141,0.8975469525349546,ssm_yield
wheat,IN,IN-02-0907,2017,-0.5871616434226548,1.1587895688057075,ssm_yield
wheat,IN,IN-02-0908,2003,-0.3668444767780525,-0.4298479625704929,ssm_yield
wheat,IN,IN-02-0908,2004,0.6362632684827254,-0.3724804961596857,ssm_yield
wheat,IN,IN-02-0908,2005,0.09548588437482293,-0.8031777824439,ssm_yield
wheat,IN,IN-02-0908,2006,-0.14860904952925377,-0.3989577883492891,ssm_yield
wheat,IN,IN-02-0908,2007,-0.06649393940205427,0.024678886684364562,ssm_yield
wheat,IN,IN-02-0908,2008,0.14056718044514305,-0.5763556460196315,ssm_yield
wheat,IN,IN-02-0908,2009,-0.20118079598377853,-0.27098420943287294,ssm_yield
wheat,IN,IN-02-0908,2010,-0.5001229689176554,-0.437791150227374,ssm_yield
wheat,IN,IN-02-0908,2011,-0.7074404759256925,0.48891407640874296,ssm_yield
wheat,IN,IN-02-0908,2012,-0.37957827212554146,0.2823911973298369,ssm_yield
wheat,IN,IN-02-0908,2013,-0.6110695952960731,0.15971307685134162,ssm_yield
wheat,IN,IN-02-0908,2014,-0.22897218072399037,-0.5940071741460338,ssm_yield
wheat,IN,IN-02-0908,2015,-0.28536311237942547,-0.5339919785162661,ssm_yield
wheat,IN,IN-02-0908,2016,-0.663356127990969,0.14559185435021985,ssm_yield
wheat,IN,IN-02-0908,2017,-0.4954947171778482,0.4324291864042558,ssm_yield
wheat,IN,IN-02-0909,2003,-0.1735920452761071,-0.47485935929281875,ssm_yield
wheat,IN,IN-02-0909,2004,0.7829071894281593,-0.8932005758885515,ssm_yield
wheat,IN,IN-02-0909,2005,0.35563783052715386,-0.5922420213333935,ssm_yield
wheat,IN,IN-02-0909,2006,-0.04631192609388862,-0.5560563886742689,ssm_yield
wheat,IN,IN-02-0909,2007,0.043013042910286875,-0.1827265688008619,ssm_yield
wheat,IN,IN-02-0909,2008,0.31571869327751967,-1.4192161140553379,ssm_yield
wheat,IN,IN-02-0909,2009,0.0028500895912062195,0.07498574184461086,ssm_yield
wheat,IN,IN-02-0909,2010,-0.36181498562819,0.23914495342015152,ssm_yield
wheat,IN,IN-02-0909,2011,-0.5745292187101948,0.7122059072077312,ssm_yield
wheat,IN,IN-02-0909,2012,-0.29496656553331163,0.1058759160658145,ssm_yield
wheat,IN,IN-02-0909,2013,-0.45081128839975515,0.3600579210860068,ssm_yield
wheat,IN,IN-02-0909,2014,-0.19844615795850098,-1.0291173424618485,ssm_yield
wheat,IN,IN-02-0909,2015,-0.1869025555890465,0.696319531893969,ssm_yield
wheat,IN,IN-02-0909,2016,-0.4937240021240159,0.9522666897268014,ssm_yield
wheat,IN,IN-02-0909,2017,-0.33941538683133377,0.8728348131579915,ssm_yield
wheat,IN,IN-02-0912,2003,-0.6125708270544066,-0.2568629869317513,ssm_yield
wheat,IN,IN-02-0912,2004,0.23022197226542934,-1.0467688705882507,ssm_yield
wheat,IN,IN-02-0912,2005,-0.20332393143328856,-0.9823407929268827,ssm_yield
wheat,IN,IN-02-0912,2006,-0.44262475673288704,-0.15360154739229828,ssm_yield
wheat,IN,IN-02-0912,2007,-0.2821425595463558,0.19678128591678615,ssm_yield
wheat,IN,IN-02-0912,2008,-0.18434408400457902,-0.15183639457965786,ssm_yield
wheat,IN,IN-02-0912,2009,-0.43090118329505656,-0.08917346973092981,ssm_yield
wheat,IN,IN-02-0912,2010,-0.5810842802982896,-0.09446892816885068,ssm_yield
wheat,IN,IN-02-0912,2011,-0.8000180587705554,0.42183826952841447,ssm_yield
wheat,IN,IN-02-0912,2012,-0.40389961264645646,0.1358835138806985,ssm_yield
wheat,IN,IN-02-0912,2013,-0.5497788588425081,-0.3495335095953628,ssm_yield
wheat,IN,IN-02-0912,2014,-0.10181381433231063,0.14912215997550027,ssm_yield
wheat,IN,IN-02-0912,2015,-0.36085047874411946,0.14029639591229898,ssm_yield
wheat,IN,IN-02-0912,2016,-0.7083099087537761,0.4130125054652135,ssm_yield
wheat,IN,IN-02-0912,2017,-0.46955272542422655,0.8075241590903034,ssm_yield
wheat,IN,IN-02-0918,2003,-0.5319208601430852,-0.7263936350940504,ssm_yield
wheat,IN,IN-02-0918,2004,0.3452528189852424,-1.3080114868590038,ssm_yield
wheat,IN,IN-02-0918,2005,-0.17515190607653122,-0.6381359944620392,ssm_yield
wheat,IN,IN-02-0918,2006,-0.3804144130581767,-0.34688578037640255,ssm_yield
wheat,IN,IN-02-0918,2007,-0.24355872231664472,-0.26568875099495226,ssm_yield
wheat,IN,IN-02-0918,2008,-0.12125763781814931,-0.7775830666606169,ssm_yield
wheat,IN,IN-02-0918,2009,-0.3837538723844962,-0.668143592276923,ssm_yield
wheat,IN,IN-02-0918,2010,-0.6376211536753568,-0.18713945083246236,ssm_yield
wheat,IN,IN-02-0918,2011,-0.8087578878592117,0.45978905500017936,ssm_yield
wheat,IN,IN-02-0918,2012,-0.45599945072223785,0.4059518942146526,ssm_yield
wheat,IN,IN-02-0918,2013,-0.7023522113966706,0.43772464484217666,ssm_yield
wheat,IN,IN-02-0918,2014,-0.20477705548751604,-0.20832128458414506,ssm_yield
wheat,IN,IN-02-0918,2015,-0.40678933786655236,0.172069146539823,ssm_yield
wheat,IN,IN-02-0918,2016,-0.798477814032214,0.7492741162731757,ssm_yield
wheat,IN,IN-02-0918,2017,-0.5716141061643051,0.7448612342415754,ssm_yield
wheat,IN,IN-02-0919,2003,-0.4556687926775008,-0.3495335095953628,ssm_yield
wheat,IN,IN-02-0919,2004,0.2983883999512486,-1.2126932349764317,ssm_yield
wheat,IN,IN-02-0919,2005,-0.09385328699525175,-0.9152649860465543,ssm_yield
wheat,IN,IN-02-0919,2006,-0.3029005367997691,-0.13683259567221606,ssm_yield
wheat,IN,IN-02-0919,2007,-0.14803528716820027,0.18972067466622525,ssm_yield
wheat,IN,IN-02-0919,2008,-0.04290298576221122,0.04321299121708682,ssm_yield
wheat,IN,IN-02-0919,2009,-0.3302207154674622,-0.3786585310039266,ssm_yield
wheat,IN,IN-02-0919,2010,-0.48475539606648543,-0.24715464646222998,ssm_yield
wheat,IN,IN-02-0919,2011,-0.7109240856032549,0.2532661759212733,ssm_yield
wheat,IN,IN-02-0919,2012,-0.348450802066197,0.16765626450822255,ssm_yield
wheat,IN,IN-02-0919,2013,-0.4923483030455692,0.11823198575429626,ssm_yield
wheat,IN,IN-02-0919,2014,-0.06985020334033093,-0.4527949491348158,ssm_yield
wheat,IN,IN-02-0919,2015,-0.24557941036787,-0.2550978341191109,ssm_yield
wheat,IN,IN-02-0919,2016,-0.5592382402480695,0.4253685751536949,ssm_yield
wheat,IN,IN-02-0919,2017,-0.4147648303785955,0.6795505801738873,ssm_yield
wheat,IN,IN-02-0920,2003,-0.6724832176638788,-0.2047909789588646,ssm_yield
wheat,IN,IN-02-0920,2004,0.4215461431379702,-0.7819959486922173,ssm_yield
wheat,IN,IN-02-0920,2005,-0.17959617361850508,-1.0141135435544069,ssm_yield
wheat,IN,IN-02-0920,2006,-0.47767484861227544,-0.23832888239902866,ssm_yield
wheat,IN,IN-02-0920,2007,-0.31855812784369064,-0.33541228709424104,ssm_yield
wheat,IN,IN-02-0920,2008,-0.22457798966168507,-0.7511057744710136,ssm_yield
wheat,IN,IN-02-0920,2009,-0.4261907692953719,-0.9664544176131207,ssm_yield
wheat,IN,IN-02-0920,2010,-0.6207744936934386,-0.25774556333807136,ssm_yield
wheat,IN,IN-02-0920,2011,-0.8558174234009804,-0.03621888535172347,ssm_yield
wheat,IN,IN-02-0920,2012,-0.3671933478834601,-0.1394803248911765,ssm_yield
wheat,IN,IN-02-0920,2013,-0.5301572891333456,0.6221831137630797,ssm_yield
wheat,IN,IN-02-0920,2014,0.010557524298384675,-0.24715464646222998,ssm_yield
wheat,IN,IN-02-0920,2015,-0.40652028961133446,-0.022097662850601676,ssm_yield
wheat,IN,IN-02-0920,2016,-0.8284409721148702,0.021148581059084112,ssm_yield
wheat,IN,IN-02-0920,2017,-0.43859044597329433,0.19236840388518567,ssm_yield
wheat,IN,IN-02-0921,2003,-0.5239142128864629,0.1067584924721349,ssm_yield
wheat,IN,IN-02-0921,2004,0.2808577822933165,-0.4148441636630511,ssm_yield
wheat,IN,IN-02-0921,2005,-0.24842210689970387,0.2532661759212733,ssm_yield
wheat,IN,IN-02-0921,2006,-0.49455636176350387,0.19589870951046612,ssm_yield
wheat,IN,IN-02-0921,2007,-0.35924091576031336,0.7086756015824508,ssm_yield
wheat,IN,IN-02-0921,2008,-0.31385304211388826,0.4562587493748989,ssm_yield
wheat,IN,IN-02-0921,2009,-0.42547418897737743,0.9107855986297564,ssm_yield
wheat,IN,IN-02-0921,2010,-0.7243627014738586,0.2585616343591938,ssm_yield
wheat,IN,IN-02-0921,2011,-0.815622118771595,0.6345391834515614,ssm_yield
wheat,IN,IN-02-0921,2012,-0.474010901121391,0.2515010231086329,ssm_yield
wheat,IN,IN-02-0921,2013,-0.7220400778045796,0.46684966625074026,ssm_yield
wheat,IN,IN-02-0921,2014,-0.19491928888470667,-0.41837446928833155,ssm_yield
wheat,IN,IN-02-0921,2015,-0.4969256438164034,0.11558425653533583,ssm_yield
wheat,IN,IN-02-0921,2016,-1.0024308960190584,0.8860734592527932,ssm_yield
wheat,IN,IN-02-0921,2017,-0.6472743991175874,0.5957058215734764,ssm_yield
wheat,IN,IN-02-0922,2003,-0.5860116503924112,0.1861903690409448,ssm_yield
wheat,IN,IN-02-0922,2004,0.24504506153624403,-0.2189122014599864,ssm_yield
wheat,IN,IN-02-0922,2005,-0.28002418061309087,-0.11035530348261251,ssm_yield
wheat,IN,IN-02-0922,2006,-0.5714966100692637,0.11558425653533583,ssm_yield
wheat,IN,IN-02-0922,2007,-0.408089360948448,0.26473966920343467,ssm_yield
wheat,IN,IN-02-0922,2008,-0.3830497859361652,0.4112473526525731,ssm_yield
wheat,IN,IN-02-0922,2009,-0.5047064221557864,0.06174709574980908,ssm_yield
wheat,IN,IN-02-0922,2010,-0.7222215687986911,0.560402765320672,ssm_yield
wheat,IN,IN-02-0922,2011,-0.9362237379711353,0.39447840093249087,ssm_yield
wheat,IN,IN-02-0922,2012,-0.44877867034341357,0.7907552073702212,ssm_yield
wheat,IN,IN-02-0922,2013,-0.5715440090621488,0.5401035079753093,ssm_yield
wheat,IN,IN-02-0922,2014,-0.07095946216564782,-0.20390840255254458,ssm_yield
wheat,IN,IN-02-0922,2015,-0.4551092175248572,-0.06093102472868622,ssm_yield
wheat,IN,IN-02-0922,2016,-0.931172017843095,0.8569484378442292,ssm_yield
wheat,IN,IN-02-0922,2017,-0.556122646587686,0.9257893975371982,ssm_yield
wheat,IN,IN-02-0923,2003,-0.3115246335825323,-0.14124547770381654,ssm_yield
wheat,IN,IN-02-0923,2004,0.7272379793903351,-0.18625687442614236,ssm_yield
wheat,IN,IN-02-0923,2005,0.01743504206085114,-0.5525260830489884,ssm_yield
wheat,IN,IN-02-0923,2006,-0.2011114425784916,-0.1986129441146237,ssm_yield
wheat,IN,IN-02-0923,2007,-0.07873642633255362,0.20384189716734705,ssm_yield
wheat,IN,IN-02-0923,2008,-0.023947914432419306,0.004379629339001883,ssm_yield
wheat,IN,IN-02-0923,2009,-0.08128192804966461,0.4544935965622585,ssm_yield
wheat,IN,IN-02-0923,2010,-0.4845973019551753,-0.25862813974439136,ssm_yield
wheat,IN,IN-02-0923,2011,-0.5782854436484458,0.6160050789188392,ssm_yield
wheat,IN,IN-02-0923,2012,-0.26342776639575927,0.8896037648780737,ssm_yield
wheat,IN,IN-02-0923,2013,-0.5361769612299833,0.6742551217359664,ssm_yield
wheat,IN,IN-02-0923,2014,0.04058330957994419,-0.3574766972522439,ssm_yield
wheat,IN,IN-02-0923,2015,-0.2579225643030943,-0.2630410217759918,ssm_yield
wheat,IN,IN-02-0923,2016,-0.8002312625559856,0.5401035079753093,ssm_yield
wheat,IN,IN-02-0923,2017,-0.42322332530406787,0.5259822854741875,ssm_yield
wheat,IN,IN-02-0924,2003,-0.14844895801567742,0.0343872271538855,ssm_yield
wheat,IN,IN-02-0924,2004,0.7358217801827659,-0.8234770397892626,ssm_yield
wheat,IN,IN-02-0924,2005,0.05425016962625696,-0.603715514615555,ssm_yield
wheat,IN,IN-02-0924,2006,-0.12264301479980282,0.17383429935246303,ssm_yield
wheat,IN,IN-02-0924,2007,-0.030762333669244774,-0.3768933781912864,ssm_yield
wheat,IN,IN-02-0924,2008,-0.0062450242411374556,-0.46779874804225785,ssm_yield
wheat,IN,IN-02-0924,2009,-0.00778840143340697,-0.2974615016224763,ssm_yield
wheat,IN,IN-02-0924,2010,-0.4070150869658898,0.9566795717584018,ssm_yield
wheat,IN,IN-02-0924,2011,-0.5016454399883846,0.869304507532711,ssm_yield
wheat,IN,IN-02-0924,2012,-0.1763944337421739,1.006103850512328,ssm_yield
wheat,IN,IN-02-0924,2013,-0.4419729364641793,0.7836945961196603,ssm_yield
wheat,IN,IN-02-0924,2014,0.10386389953597254,-1.1809204843489076,ssm_yield
wheat,IN,IN-02-0924,2015,-0.1713761030568931,-0.030923426913802603,ssm_yield
wheat,IN,IN-02-0924,2016,-0.7569844230396073,0.9663879122279232,ssm_yield
wheat,IN,IN-02-0924,2017,-0.3881458764172259,0.25591390514023377,ssm_yield
wheat,IN,IN-02-0925,2003,0.1696242930931261,-0.6531397933694812,ssm_yield
wheat,IN,IN-02-0925,2004,0.7671049669739606,-0.15360154739229828,ssm_yield
wheat,IN,IN-02-0925,2005,0.20571662833729087,-1.0856022324663357,ssm_yield
wheat,IN,IN-02-0925,2006,0.011304220058621348,-0.25333268130647085,ssm_yield
wheat,IN,IN-02-0925,2007,0.0945663558534793,0.5109784865667457,ssm_yield
wheat,IN,IN-02-0925,2008,0.23642465397407292,-0.7025640721234074,ssm_yield
wheat,IN,IN-02-0925,2009,0.07503901012049628,-1.3874433634278138,ssm_yield
wheat,IN,IN-02-0925,2010,-0.2875318652016349,0.6380694890768418,ssm_yield
wheat,IN,IN-02-0925,2011,-0.4203068896415483,0.8207628051851048,ssm_yield
wheat,IN,IN-02-0925,2012,-0.13886292123760346,0.2973949962372787,ssm_yield
wheat,IN,IN-02-0925,2013,-0.45705480781914504,0.3741791435871286,ssm_yield
wheat,IN,IN-02-0925,2014,0.10417074164970612,-1.4333373365564597,ssm_yield
wheat,IN,IN-02-0925,2015,-0.07357191576077864,-1.0626552459020129,ssm_yield
wheat,IN,IN-02-0925,2016,-0.7140910824483243,0.10322818684685445,ssm_yield
wheat,IN,IN-02-0925,2017,-0.3539313429215517,0.11823198575429626,ssm_yield
wheat,IN,IN-02-0926,2003,0.2862695706510687,-0.4563252547600963,ssm_yield
wheat,IN,IN-02-0926,2004,0.7115924666079223,-0.07769997644876846,ssm_yield
wheat,IN,IN-02-0926,2005,0.20124234850650516,-1.0997234549674575,ssm_yield
wheat,IN,IN-02-0926,2006,0.022727099670623082,-0.3486509331890428,ssm_yield
wheat,IN,IN-02-0926,2007,0.11341413390960686,0.7457438106478953,ssm_yield
wheat,IN,IN-02-0926,2008,0.19490695643783684,0.4968572640656239,ssm_yield
wheat,IN,IN-02-0926,2009,0.10405493895736542,-0.20390840255254458,ssm_yield
wheat,IN,IN-02-0926,2010,-0.23168987295379503,0.33534578170904367,ssm_yield
wheat,IN,IN-02-0926,2011,-0.39825104478667167,0.8287059928419861,ssm_yield
wheat,IN,IN-02-0926,2012,-0.13402691300412117,0.22767146013799017,ssm_yield
wheat,IN,IN-02-0926,2013,-0.40570851273801595,0.5012701460972248,ssm_yield
wheat,IN,IN-02-0926,2014,0.178379266338765,-0.9567460771435994,ssm_yield
wheat,IN,IN-02-0926,2015,-0.006307637152429628,0.07057285981301001,ssm_yield
wheat,IN,IN-02-0926,2016,-0.7348613513077653,-0.07769997644876846,ssm_yield
wheat,IN,IN-02-0926,2017,-0.30027016135940116,-0.014154475193720375,ssm_yield
wheat,IN,IN-02-0927,2003,-0.37348755094134883,-1.2506440204481966,ssm_yield
wheat,IN,IN-02-0927,2004,0.5271642009946482,-0.1262416787963747,ssm_yield
wheat,IN,IN-02-0927,2005,-0.10731894031954525,-0.6813822383717247,ssm_yield
wheat,IN,IN-02-0927,2006,-0.29545366545017754,0.18354263982198435,ssm_yield
wheat,IN,IN-02-0927,2007,-0.1964823429975547,0.42801630437265537,ssm_yield
wheat,IN,IN-02-0927,2008,-0.0387132374602114,0.7219142476772525,ssm_yield
wheat,IN,IN-02-0927,2009,-0.2865081625625814,0.11470168012901581,ssm_yield
wheat,IN,IN-02-0927,2010,-0.6393945547272961,0.8957817997223142,ssm_yield
wheat,IN,IN-02-0927,2011,-0.7774442884081837,1.366195024290934,ssm_yield
wheat,IN,IN-02-0927,2012,-0.4483052923733785,0.41654281109049396,ssm_yield
wheat,IN,IN-02-0927,2013,-0.7644161856461645,0.9363803144130396,ssm_yield
wheat,IN,IN-02-0927,2014,-0.20420476271777202,-0.18625687442614236,ssm_yield
wheat,IN,IN-02-0927,2015,-0.39780222177861974,-0.39719263553664885,ssm_yield
wheat,IN,IN-02-0927,2016,-0.8378176429454255,0.9010772581602351,ssm_yield
wheat,IN,IN-02-0927,2017,-0.5629711334683932,0.839296909717827,ssm_yield
wheat,IN,IN-02-0928,2003,0.2215716697812064,-0.6213670427419572,ssm_yield
wheat,IN,IN-02-0928,2004,0.9610077033224167,-0.6081283966471553,ssm_yield
wheat,IN,IN-02-0928,2005,0.37904284936181903,-1.0194090019923274,ssm_yield
wheat,IN,IN-02-0928,2006,0.17720762812089066,-0.5057495335140225,ssm_yield
wheat,IN,IN-02-0928,2007,0.24734220961522627,-0.42543508053889245,ssm_yield
wheat,IN,IN-02-0928,2008,0.47387784115091136,-0.35394639162696345,ssm_yield
wheat,IN,IN-02-0928,2009,0.182543456168449,-0.5057495335140225,ssm_yield
wheat,IN,IN-02-0928,2010,-0.20170864546794248,-0.4289653861641729,ssm_yield
wheat,IN,IN-02-0928,2011,-0.33541592827585165,0.4924443820340234,ssm_yield
wheat,IN,IN-02-0928,2012,-0.05644986899391051,0.49509211125298386,ssm_yield
wheat,IN,IN-02-0928,2013,-0.42827046708996164,0.5136262157857061,ssm_yield
wheat,IN,IN-02-0928,2014,0.09347545246643624,-1.2647652429493184,ssm_yield
wheat,IN,IN-02-0928,2015,0.02668642476229125,0.803993853465023,ssm_yield
wheat,IN,IN-02-0928,2016,-0.5329328292966329,0.7175013656456517,ssm_yield
wheat,IN,IN-02-0928,2017,-0.24172032011060682,0.5692285293838732,ssm_yield
wheat,IN,IN-02-0929,2003,0.1502556259478186,-1.333606202642287,ssm_yield
wheat,IN,IN-02-0929,2004,1.0304909530406057,-1.3238978621727657,ssm_yield
wheat,IN,IN-02-0929,2005,0.4539768216092689,-1.430689607337499,ssm_yield
wheat,IN,IN-02-0929,2006,0.17626515530170694,-0.6213670427419572,ssm_yield
wheat,IN,IN-02-0929,2007,0.18481284153029875,-0.38307141303552705,ssm_yield
wheat,IN,IN-02-0929,2008,0.4423869799749651,-0.6231321955545974,ssm_yield
wheat,IN,IN-02-0929,2009,0.1553681975849398,-0.1403629012974965,ssm_yield
wheat,IN,IN-02-0929,2010,-0.24390320086128292,0.06086451934348906,ssm_yield
wheat,IN,IN-02-0929,2011,-0.3812596693170254,-0.11918106754581383,ssm_yield
wheat,IN,IN-02-0929,2012,-0.08476858857671818,-0.2056735553651846,ssm_yield
wheat,IN,IN-02-0929,2013,-0.4961460962045103,-0.16419246426813924,ssm_yield
wheat,IN,IN-02-0929,2014,-0.012543896895835262,-1.340666813892848,ssm_yield
wheat,IN,IN-02-0929,2015,-0.046474085752432,-0.7784656430669369,ssm_yield
wheat,IN,IN-02-0929,2016,-0.5356391335472366,-0.3486509331890428,ssm_yield
wheat,IN,IN-02-0929,2017,-0.27738564654602216,-0.11300303270157294,ssm_yield
wheat,IN,IN-02-0930,2003,-0.2941932082881622,-1.025587036836568,ssm_yield
wheat,IN,IN-02-0930,2004,0.6456854966438947,-0.4007229411619293,ssm_yield
wheat,IN,IN-02-0930,2005,-0.013002454878466869,-0.477507088511779,ssm_yield
wheat,IN,IN-02-0930,2006,-0.19205242956185697,0.4271337279663353,ssm_yield
wheat,IN,IN-02-0930,2007,-0.12415968499615086,0.22767146013799017,ssm_yield
wheat,IN,IN-02-0930,2008,0.05470596902332949,0.40859962343361267,ssm_yield
wheat,IN,IN-02-0930,2009,-0.22947042870082168,0.3388760873343241,ssm_yield
wheat,IN,IN-02-0930,2010,-0.5600677114970689,0.30798591311312007,ssm_yield
wheat,IN,IN-02-0930,2011,-0.712959921749507,1.3547215310087721,ssm_yield
wheat,IN,IN-02-0930,2012,-0.3920059275611063,1.0502326708283338,ssm_yield
wheat,IN,IN-02-0930,2013,-0.7105213610615793,1.2664638903767613,ssm_yield
wheat,IN,IN-02-0930,2014,-0.2076065839866445,-0.18713945083246236,ssm_yield
wheat,IN,IN-02-0930,2015,-0.3268194919154553,0.007909934964282333,ssm_yield
wheat,IN,IN-02-0930,2016,-0.7469525861586331,1.2797025364715626,ssm_yield
wheat,IN,IN-02-0930,2017,-0.5025106026144239,1.1570244159930674,ssm_yield
wheat,IN,IN-02-0931,2003,-0.43427776070594537,-0.32129106459311924,ssm_yield
wheat,IN,IN-02-0931,2004,0.6333492384832651,-0.5498783538300281,ssm_yield
wheat,IN,IN-02-0931,2005,0.0018713157098661107,-0.5031018042950621,ssm_yield
wheat,IN,IN-02-0931,2006,-0.19491383688787267,-0.11829849113949381,ssm_yield
wheat,IN,IN-02-0931,2007,-0.11329499644150355,0.06174709574980908,ssm_yield
wheat,IN,IN-02-0931,2008,0.05803956734177801,-0.5242836380467448,ssm_yield
wheat,IN,IN-02-0931,2009,-0.24709957173010863,-0.350416086001683,ssm_yield
wheat,IN,IN-02-0931,2010,-0.5532962869226394,0.3097510659257605,ssm_yield
wheat,IN,IN-02-0931,2011,-0.722744404168585,1.2797025364715626,ssm_yield
wheat,IN,IN-02-0931,2012,-0.37836546363562035,0.5551073068827515,ssm_yield
wheat,IN,IN-02-0931,2013,-0.6794164395710152,0.93991062003832,ssm_yield
wheat,IN,IN-02-0931,2014,-0.21541746179916943,-0.9841059457395229,ssm_yield
wheat,IN,IN-02-0931,2015,-0.32507158262047425,0.0034970529326818693,ssm_yield
wheat,IN,IN-02-0931,2016,-0.7247792229054801,1.3008843702232453,ssm_yield
wheat,IN,IN-02-0931,2017,-0.5097464038008542,1.0475849416093734,ssm_yield
wheat,IN,IN-02-0932,2003,0.2432024201245057,-0.9779279108952821,ssm_yield
wheat,IN,IN-02-0932,2004,1.022984867106184,-0.9964620154280045,ssm_yield
wheat,IN,IN-02-0932,2005,0.7813904539106742,-1.475701004059825,ssm_yield
wheat,IN,IN-02-0932,2006,0.2137014952862878,-0.9249733265160756,ssm_yield
wheat,IN,IN-02-0932,2007,0.2685889765598114,-0.8199467341639823,ssm_yield
wheat,IN,IN-02-0932,2008,0.6062636376385565,-0.9320339377666362,ssm_yield
wheat,IN,IN-02-0932,2009,0.3760376046993653,-0.3989577883492891,ssm_yield
wheat,IN,IN-02-0932,2010,-0.12152502449963706,0.6645467812664451,ssm_yield
wheat,IN,IN-02-0932,2011,-0.3354495967171343,0.5409860843816297,ssm_yield
wheat,IN,IN-02-0932,2012,-0.08581592909055755,0.9143159042550368,ssm_yield
wheat,IN,IN-02-0932,2013,-0.2366558823654661,0.7828120197133402,ssm_yield
wheat,IN,IN-02-0932,2014,-0.04177240909212275,-0.4713290536675383,ssm_yield
wheat,IN,IN-02-0932,2015,0.023721126308920523,0.2665048220160751,ssm_yield
wheat,IN,IN-02-0932,2016,-0.1862741407614771,0.11558425653533583,ssm_yield
wheat,IN,IN-02-0932,2017,0.017943203257164628,0.3538798862417659,ssm_yield
wheat,IN,IN-02-0934,2003,-0.585670302176768,0.14647443075653985,ssm_yield
wheat,IN,IN-02-0934,2004,0.2583279060687252,-0.32570394662471985,ssm_yield
wheat,IN,IN-02-0934,2005,-0.2389472787492909,-0.5710601875817108,ssm_yield
wheat,IN,IN-02-0934,2006,-0.4639620920988927,-0.09358635176253066,ssm_yield
wheat,IN,IN-02-0934,2007,-0.31713013727232936,-0.5234010616404248,ssm_yield
wheat,IN,IN-02-0934,2008,-0.23094002001079472,-1.1729772966920269,ssm_yield
wheat,IN,IN-02-0934,2009,-0.42927493052502563,-0.33099940506264053,ssm_yield
wheat,IN,IN-02-0934,2010,-0.665409147051007,-0.29393119599719586,ssm_yield
wheat,IN,IN-02-0934,2011,-0.8577772364583275,1.217922188029155,ssm_yield
wheat,IN,IN-02-0934,2012,-0.44522480289669564,0.9549144189457618,ssm_yield
wheat,IN,IN-02-0934,2013,-0.6456857140132345,0.48626634718978257,ssm_yield
wheat,IN,IN-02-0934,2014,-0.16451873200557462,0.48803150000242296,ssm_yield
wheat,IN,IN-02-0934,2015,-0.44136712570801095,0.29386469061199827,ssm_yield
wheat,IN,IN-02-0934,2016,-0.8360230458649766,-0.2956963488098361,ssm_yield
wheat,IN,IN-02-0934,2017,-0.5375469145161776,0.16324338247662207,ssm_yield
wheat,IN,IN-02-0935,2003,0.03730885634100442,-1.1129621010622592,ssm_yield
wheat,IN,IN-02-0935,2004,0.863800215080646,-0.4086661288188102,ssm_yield
wheat,IN,IN-02-0935,2005,0.42084435220643235,-1.325663014985406,ssm_yield
wheat,IN,IN-02-0935,2006,0.031823009608202904,-0.7528709272836538,ssm_yield
wheat,IN,IN-02-0935,2007,0.08498368306206479,-0.31158272412359805,ssm_yield
wheat,IN,IN-02-0935,2008,0.3465313013877656,-0.437791150227374,ssm_yield
wheat,IN,IN-02-0935,2009,0.03740511963086324,-0.045927225821244415,ssm_yield
wheat,IN,IN-02-0935,2010,-0.30918696866983686,-0.3336471342816008,ssm_yield
wheat,IN,IN-02-0935,2011,-0.4866763076908188,0.8798954244085524,ssm_yield
wheat,IN,IN-02-0935,2012,-0.19295725389848836,0.19942901513574657,ssm_yield
wheat,IN,IN-02-0935,2013,-0.5235638428241134,0.4986224168782643,ssm_yield
wheat,IN,IN-02-0935,2014,-0.16058316372025064,-0.006211287536839463,ssm_yield
wheat,IN,IN-02-0935,2015,-0.13004020361469615,0.5533421540701111,ssm_yield
wheat,IN,IN-02-0935,2016,-0.4621623252553917,0.7757514084627793,ssm_yield
wheat,IN,IN-02-0935,2017,-0.2859505514209097,1.153494110367787,ssm_yield
wheat,IN,IN-02-0936,2003,-0.36192938644880673,-0.7052118013423677,ssm_yield
wheat,IN,IN-02-0936,2004,0.5903486010941693,-0.5172230267961839,ssm_yield
wheat,IN,IN-02-0936,2005,0.0845981910638923,-0.6434314528999598,ssm_yield
wheat,IN,IN-02-0936,2006,-0.17966038345419624,-0.7290413643130107,ssm_yield
wheat,IN,IN-02-0936,2007,-0.09077237916126732,-0.5842988336765125,ssm_yield
wheat,IN,IN-02-0936,2008,0.10601901052085523,-0.41837446928833155,ssm_yield
wheat,IN,IN-02-0936,2009,-0.21437885640222096,0.9178462098803173,ssm_yield
wheat,IN,IN-02-0936,2010,-0.5193804934435835,-0.5154578739835437,ssm_yield
wheat,IN,IN-02-0936,2011,-0.6624658947935884,1.3255965096002085,ssm_yield
wheat,IN,IN-02-0936,2012,-0.4164766576909377,0.6265959957946805,ssm_yield
wheat,IN,IN-02-0936,2013,-0.6674651618164117,0.8172324995598244,ssm_yield
wheat,IN,IN-02-0936,2014,-0.3168203926423777,-1.0476514469945708,ssm_yield
wheat,IN,IN-02-0936,2015,-0.32770260324726563,0.4412549504674571,ssm_yield
wheat,IN,IN-02-0936,2016,-0.6747867222454579,0.6521907115779636,ssm_yield
wheat,IN,IN-02-0936,2017,-0.553225633494271,0.978743981916405,ssm_yield
wheat,IN,IN-02-0945,2003,0.39563224608036257,-1.1773901787236272,ssm_yield
wheat,IN,IN-02-0945,2004,1.1333794918318176,-1.4889396501546268,ssm_yield
wheat,IN,IN-02-0945,2005,0.7984266883204889,-1.2868296531073211,ssm_yield
wheat,IN,IN-02-0945,2006,0.28005050698872685,-1.4183335376490178,ssm_yield
wheat,IN,IN-02-0945,2007,0.30510946790036697,-0.6690261686832433,ssm_yield
wheat,IN,IN-02-0945,2008,0.5919337753402549,-0.556938965080589,ssm_yield
wheat,IN,IN-02-0945,2009,0.32955107904627984,-0.3945449063176884,ssm_yield
wheat,IN,IN-02-0945,2010,-0.0909707319463999,0.11470168012901581,ssm_yield
wheat,IN,IN-02-0945,2011,-0.2871825430305207,0.15530019481974078,ssm_yield
wheat,IN,IN-02-0945,2012,0.08926102537962378,1.2541078206882796,ssm_yield
wheat,IN,IN-02-0945,2013,-0.3650862096872018,0.4271337279663353,ssm_yield
wheat,IN,IN-02-0945,2014,0.03174901790860204,-1.0035226266785655,ssm_yield
wheat,IN,IN-02-0945,2015,0.0976630610111782,0.24091010623279155,ssm_yield
wheat,IN,IN-02-0945,2016,-0.21104185410668955,0.12970547903645763,ssm_yield
wheat,IN,IN-02-0945,2017,0.1290953727718179,-0.010624169568439925,ssm_yield
wheat,IN,IN-02-0946,2003,1.2031726709122756,-1.3133069452969246,ssm_yield
wheat,IN,IN-02-0946,2004,1.4437965646273359,-0.8640755544799877,ssm_yield
wheat,IN,IN-02-0946,2005,1.1565286362259812,-1.3847956342088534,ssm_yield
wheat,IN,IN-02-0946,2006,0.8172258821475055,-0.8984960343264722,ssm_yield
wheat,IN,IN-02-0946,2007,0.799874009222523,-1.1332613584076219,ssm_yield
wheat,IN,IN-02-0946,2008,0.9240999123789265,-0.8649581308863079,ssm_yield
wheat,IN,IN-02-0946,2009,0.7897373412400445,-1.0441211413692904,ssm_yield
wheat,IN,IN-02-0946,2010,0.3944111599322267,-0.9602763827688798,ssm_yield
wheat,IN,IN-02-0946,2011,0.19558217994976893,-0.6822648147780448,ssm_yield
wheat,IN,IN-02-0946,2012,0.4766195910566635,-0.3821888366292069,ssm_yield
wheat,IN,IN-02-0946,2013,-0.019248761433772448,0.4774405831265816,ssm_yield
wheat,IN,IN-02-0946,2014,0.3196469201997471,-0.9902839805837637,ssm_yield
wheat,IN,IN-02-0946,2015,0.5190898541114364,0.2523835995149533,ssm_yield
wheat,IN,IN-02-0946,2016,0.4514474799580713,-0.08034770566772889,ssm_yield
wheat,IN,IN-02-0946,2017,0.6829778370300439,-0.39101460069240795,ssm_yield
wheat,IN,IN-02-0947,2003,-0.5391126111785184,0.4050693178083322,ssm_yield
wheat,IN,IN-02-0947,2004,0.2032043220509117,-0.3874842950671275,ssm_yield
wheat,IN,IN-02-0947,2005,-0.30012927930490674,-0.3045221128730372,ssm_yield
wheat,IN,IN-02-0947,2006,-0.5670908168308486,-0.24362434083694953,ssm_yield
wheat,IN,IN-02-0947,2007,-0.42459786567369745,0.6080618912619582,ssm_yield
wheat,IN,IN-02-0947,2008,-0.42185066166612867,0.5295125910994679,ssm_yield
wheat,IN,IN-02-0947,2009,-0.46374585974603627,0.0926372699710131,ssm_yield
wheat,IN,IN-02-0947,2010,-0.7506666390581418,0.5542247304764311,ssm_yield
wheat,IN,IN-02-0947,2011,-0.8525357456375379,0.6477778295463632,ssm_yield
wheat,IN,IN-02-0947,2012,-0.45579775726345434,0.36535337952392727,ssm_yield
wheat,IN,IN-02-0947,2013,-0.6391425027293697,0.6071793148556378,ssm_yield
wheat,IN,IN-02-0947,2014,-0.15660289852521173,-0.6434314528999598,ssm_yield
wheat,IN,IN-02-0947,2015,-0.5009284074029849,0.3600579210860068,ssm_yield
wheat,IN,IN-02-0947,2016,-1.028697594517813,0.94079319644464,ssm_yield
wheat,IN,IN-02-0947,2017,-0.6354435492890539,1.0158121909818494,ssm_yield
wheat,IN,IN-02-0948,2003,-0.2778963880135356,-0.03974919097700392,ssm_yield
wheat,IN,IN-02-0948,2004,0.40959932490816237,-0.5922420213333935,ssm_yield
wheat,IN,IN-02-0948,2005,-0.1112342166774492,-0.25862813974439136,ssm_yield
wheat,IN,IN-02-0948,2006,-0.43359061195670145,-0.12800683160901474,ssm_yield
wheat,IN,IN-02-0948,2007,-0.2444716970862885,-0.4077835524124902,ssm_yield
wheat,IN,IN-02-0948,2008,-0.25091197787365244,-0.10859015066997248,ssm_yield
wheat,IN,IN-02-0948,2009,-0.35137634693137165,-0.07416967082348801,ssm_yield
wheat,IN,IN-02-0948,2010,-0.6281552502142788,0.09705015200261356,ssm_yield
wheat,IN,IN-02-0948,2011,-0.873706603862946,0.6195353845441196,ssm_yield
wheat,IN,IN-02-0948,2012,-0.28637525188529117,0.16324338247662207,ssm_yield
wheat,IN,IN-02-0948,2013,-0.40780608999380435,-0.22244250708526686,ssm_yield
wheat,IN,IN-02-0948,2014,0.1281604454897257,-0.06799163597924712,ssm_yield
wheat,IN,IN-02-0948,2015,-0.2804635470588682,-0.019449933631641242,ssm_yield
wheat,IN,IN-02-0948,2016,-0.9168203194146409,-0.11565076192053338,ssm_yield
wheat,IN,IN-02-0948,2017,-0.4476181467049561,0.04497814402972685,ssm_yield
wheat,IN,IN-02-0949,2003,-0.04646083368376909,-0.6690261686832433,ssm_yield
wheat,IN,IN-02-0949,2004,0.8860840692669317,-0.897613457920152,ssm_yield
wheat,IN,IN-02-0949,2005,0.3733304914171969,-0.977045334488962,ssm_yield
wheat,IN,IN-02-0949,2006,0.07894167758904963,-0.40513582319352975,ssm_yield
wheat,IN,IN-02-0949,2007,0.15540914831201041,-0.20743870817782503,ssm_yield
wheat,IN,IN-02-0949,2008,0.4488869850962019,-0.1818439923945415,ssm_yield
wheat,IN,IN-02-0949,2009,0.03293640424396607,-0.3221736409994394,ssm_yield
wheat,IN,IN-02-0949,2010,-0.2863601735605014,-0.44661691429057515,ssm_yield
wheat,IN,IN-02-0949,2011,-0.6395477313599868,0.6477778295463632,ssm_yield
wheat,IN,IN-02-0949,2012,-0.22130193149529234,0.21619796685582843,ssm_yield
wheat,IN,IN-02-0949,2013,-0.3474404580405887,0.35034958061648547,ssm_yield
wheat,IN,IN-02-0949,2014,0.013961776045211116,-0.47485935929281875,ssm_yield
wheat,IN,IN-02-0949,2015,-0.0409834168976635,0.19236840388518567,ssm_yield
wheat,IN,IN-02-0949,2016,-0.4590867794507846,0.32740259405216277,ssm_yield
wheat,IN,IN-02-0949,2017,-0.2840007447123339,0.38653521327560997,ssm_yield
wheat,IN,IN-02-0950,2003,-0.36950263787448473,-0.8843748118253504,ssm_yield
wheat,IN,IN-02-0950,2004,0.5056591889096814,-1.0220567312112876,ssm_yield
wheat,IN,IN-02-0950,2005,0.01932943710887009,-1.167681838254106,ssm_yield
wheat,IN,IN-02-0950,2006,-0.1848463353047976,-0.7122724125929286,ssm_yield
wheat,IN,IN-02-0950,2007,-0.08448831414712418,0.099697881221574,ssm_yield
wheat,IN,IN-02-0950,2008,0.10700294952439911,-0.12359394957741428,ssm_yield
wheat,IN,IN-02-0950,2009,-0.2746422565415641,-0.5737079168006711,ssm_yield
wheat,IN,IN-02-0950,2010,-0.5015660719791669,-0.7131549889992487,ssm_yield
wheat,IN,IN-02-0950,2011,-0.8211177315806789,0.37064883796184817,ssm_yield
wheat,IN,IN-02-0950,2012,-0.37075085993443674,-0.18978718005142278,ssm_yield
wheat,IN,IN-02-0950,2013,-0.532775109050229,-0.25774556333807136,ssm_yield
wheat,IN,IN-02-0950,2014,-0.09320138394519241,-1.0026400502722452,ssm_yield
wheat,IN,IN-02-0950,2015,-0.223315624968359,-0.699033766498127,ssm_yield
wheat,IN,IN-02-0950,2016,-0.6301872447263979,-0.06357875394764666,ssm_yield
wheat,IN,IN-02-0950,2017,-0.47959758539991204,0.13941381950597895,ssm_yield
wheat,IN,IN-02-0951,2003,0.2959261279727485,-0.842893720728305,ssm_yield
wheat,IN,IN-02-0951,2004,1.1411476632429365,-0.5781207988322717,ssm_yield
wheat,IN,IN-02-0951,2005,0.7302578226990825,-1.4289244545248592,ssm_yield
wheat,IN,IN-02-0951,2006,0.2772233900202825,-0.3989577883492891,ssm_yield
wheat,IN,IN-02-0951,2007,0.29342129161180674,-0.23656372958638863,ssm_yield
wheat,IN,IN-02-0951,2008,0.5991259240616766,-0.47574193569913875,ssm_yield
wheat,IN,IN-02-0951,2009,0.28044596181815223,-0.40690097600617,ssm_yield
wheat,IN,IN-02-0951,2010,-0.11113541408964951,-0.6734390507148437,ssm_yield
wheat,IN,IN-02-0951,2011,-0.30029187436421345,-0.033571156132763035,ssm_yield
wheat,IN,IN-02-0951,2012,0.08818997010632072,-0.3839539894418471,ssm_yield
wheat,IN,IN-02-0951,2013,-0.40533513077081074,-0.010624169568439925,ssm_yield
wheat,IN,IN-02-0951,2014,0.02955761943923968,-0.6399011472746794,ssm_yield
wheat,IN,IN-02-0951,2015,0.0475215120890023,-0.4739767828864985,ssm_yield
wheat,IN,IN-02-0951,2016,-0.3125886727574296,-0.30010923084143654,ssm_yield
wheat,IN,IN-02-0951,2017,-0.050462332811471194,0.0846940823141318,ssm_yield
wheat,IN,IN-02-0956,2003,-0.35130802670924327,-0.1474235125480574,ssm_yield
wheat,IN,IN-02-0956,2004,0.6802560495742868,-0.896730881513832,ssm_yield
wheat,IN,IN-02-0956,2005,0.10189287077718401,-0.4642684424169774,ssm_yield
wheat,IN,IN-02-0956,2006,-0.10213175475994721,0.14117897231861898,ssm_yield
wheat,IN,IN-02-0956,2007,-0.010388278028987586,0.559520188914352,ssm_yield
wheat,IN,IN-02-0956,2008,0.17307747940442958,-0.5931245977397136,ssm_yield
wheat,IN,IN-02-0956,2009,-0.16163718478072514,-0.5754730696133113,ssm_yield
wheat,IN,IN-02-0956,2010,-0.4592071163699791,-0.4783896649180992,ssm_yield
wheat,IN,IN-02-0956,2011,-0.6734918992558804,0.16942141732086258,ssm_yield
wheat,IN,IN-02-0956,2012,-0.2874627627021825,0.528630014693148,ssm_yield
wheat,IN,IN-02-0956,2013,-0.5531575391664575,0.8578310142505496,ssm_yield
wheat,IN,IN-02-0956,2014,-0.08286456484502563,-0.033571156132763035,ssm_yield
wheat,IN,IN-02-0956,2015,-0.2044167230028599,0.05027360246764772,ssm_yield
wheat,IN,IN-02-0956,2016,-0.6347667551694407,0.6442475239210828,ssm_yield
wheat,IN,IN-02-0956,2017,-0.4113721306342111,0.583349751884995,ssm_yield
wheat,IN,IN-02-0958,2003,-0.5341492078359278,-0.47485935929281875,ssm_yield
wheat,IN,IN-02-0958,2004,0.3127027845378389,-0.7325716699382911,ssm_yield
wheat,IN,IN-02-0958,2005,-0.1773880036353264,-0.5895942921144331,ssm_yield
wheat,IN,IN-02-0958,2006,-0.36827615406520103,-0.23568115318006863,ssm_yield
wheat,IN,IN-02-0958,2007,-0.23615424302407312,-0.18802202723878236,ssm_yield
wheat,IN,IN-02-0958,2008,-0.09528543755145803,-0.009741593162119911,ssm_yield
wheat,IN,IN-02-0958,2009,-0.41012440221582247,0.03173949793492546,ssm_yield
wheat,IN,IN-02-0958,2010,-0.6390907449853298,-0.6010677853965944,ssm_yield
wheat,IN,IN-02-0958,2011,-0.8202249392827343,0.48626634718978257,ssm_yield
wheat,IN,IN-02-0958,2012,-0.48214828455984626,0.2947472670183183,ssm_yield
wheat,IN,IN-02-0958,2013,-0.7307415377701144,0.5145087921920262,ssm_yield
wheat,IN,IN-02-0958,2014,-0.26967929478290426,-0.10594242145101204,ssm_yield
wheat,IN,IN-02-0958,2015,-0.40601215015454195,0.172069146539823,ssm_yield
wheat,IN,IN-02-0958,2016,-0.7905222379984079,0.035269803560205905,ssm_yield
wheat,IN,IN-02-0958,2017,-0.6462955588019984,0.40683447062097267,ssm_yield
wheat,IN,IN-02-0960,2003,0.17668433692242644,-0.4960411930445012,ssm_yield
wheat,IN,IN-02-0960,2004,1.056460459516106,-0.6972686136854868,ssm_yield
wheat,IN,IN-02-0960,2005,0.44528394286333195,-0.9602763827688798,ssm_yield
wheat,IN,IN-02-0960,2006,0.2524374449618863,-0.8349505330714241,ssm_yield
wheat,IN,IN-02-0960,2007,0.30238308826821264,-0.6593178282137219,ssm_yield
wheat,IN,IN-02-0960,2008,0.5488423684990851,-0.18978718005142278,ssm_yield
wheat,IN,IN-02-0960,2009,0.24110966557635996,0.33446320530272367,ssm_yield
wheat,IN,IN-02-0960,2010,-0.18223849879383577,0.376826872806089,ssm_yield
wheat,IN,IN-02-0960,2011,-0.318387203069783,1.059941011297855,ssm_yield
wheat,IN,IN-02-0960,2012,-0.018848658677773196,0.6415997947021223,ssm_yield
wheat,IN,IN-02-0960,2013,-0.38926728763222085,1.2108615767785942,ssm_yield
wheat,IN,IN-02-0960,2014,0.15293786095606698,-0.8181815813513421,ssm_yield
wheat,IN,IN-02-0960,2015,0.03807641289609547,-0.5013366514824219,ssm_yield
wheat,IN,IN-02-0960,2016,-0.5267516243179674,0.1058759160658145,ssm_yield
wheat,IN,IN-02-0960,2017,-0.20303898114975658,0.6866111914244482,ssm_yield
wheat,IN,IN-02-0961,2003,-0.6179767358907222,0.38741778968193036,ssm_yield
wheat,IN,IN-02-0961,2004,0.24104958190088085,-0.41925704569465155,ssm_yield
wheat,IN,IN-02-0961,2007,-0.38219911865866485,-0.11388560910789296,ssm_yield
wheat,IN,IN-02-0961,2008,-0.2890237512870995,-0.46073813679169695,ssm_yield
wheat,IN,IN-02-0961,2009,-0.4844162596103393,-0.13595001926589606,ssm_yield
wheat,IN,IN-02-0961,2010,-0.7283004202069303,-0.4995714986697817,ssm_yield
wheat,IN,IN-02-0961,2011,-0.9378541930068185,0.1941335566978257,ssm_yield
wheat,IN,IN-02-0961,2012,-0.5083843329894204,0.1420615487249394,ssm_yield
wheat,IN,IN-02-0961,2013,-0.7017885973157542,-0.20832128458414506,ssm_yield
wheat,IN,IN-02-0961,2014,-0.17745260512467068,-0.5304616728909857,ssm_yield
wheat,IN,IN-02-0961,2015,-0.49580711837670294,-0.08034770566772889,ssm_yield
wheat,IN,IN-02-0961,2016,-0.9307750586211688,0.2982775726435988,ssm_yield
wheat,IN,IN-02-0961,2017,-0.5935970024616004,0.019383428246443693,ssm_yield
wheat,IN,IN-03-0121,2003,-2.0871078854322076,-0.7069769541550079,ssm_yield
wheat,IN,IN-03-0121,2004,-1.1923099794448462,-0.4863328525749801,ssm_yield
wheat,IN,IN-03-0121,2005,-1.478278327822178,-0.4660335952296176,ssm_yield
wheat,IN,IN-03-0121,2006,-1.1579348384820107,-0.5083972627329828,ssm_yield
wheat,IN,IN-03-0121,2007,-0.5677641821399498,-0.4148441636630511,ssm_yield
wheat,IN,IN-03-0121,2008,-0.6542584302953974,-0.8146512757260617,ssm_yield
wheat,IN,IN-03-0121,2009,-0.8914071527792526,-0.01327189878740036,ssm_yield
wheat,IN,IN-03-0121,2010,-1.4173501410394673,0.06351224856244911,ssm_yield
wheat,IN,IN-03-0121,2011,-0.9601681848437802,0.16942141732086258,ssm_yield
wheat,IN,IN-03-0121,2012,-0.8265455307538029,0.19236840388518567,ssm_yield
wheat,IN,IN-03-0121,2013,-1.1440660437706682,-0.020332510037961257,ssm_yield
wheat,IN,IN-03-0121,2014,-0.6058283955192313,-0.3133478769362383,ssm_yield
wheat,IN,IN-03-0121,2015,-0.8930499971133296,0.08822438793941224,ssm_yield
wheat,IN,IN-03-0121,2016,-1.2132506921561677,-0.05298783707180531,ssm_yield
wheat,IN,IN-03-0121,2017,-1.0511002627290043,-0.1315371372342952,ssm_yield
wheat,IN,IN-03-0122,2003,-1.268512947260619,0.8490052501873484,ssm_yield
wheat,IN,IN-03-0122,2004,-0.8276852990141031,0.7792817140880598,ssm_yield
wheat,IN,IN-03-0122,2005,-1.1516497596551951,0.8516529794063088,ssm_yield
wheat,IN,IN-03-0122,2006,-0.6841149633623901,0.9090204458171159,ssm_yield
wheat,IN,IN-03-0122,2007,0.03263066759031266,1.399732927731098,ssm_yield
wheat,IN,IN-03-0122,2008,-0.05180660234389101,0.48097088875186206,ssm_yield
wheat,IN,IN-03-0122,2009,-0.2130159889550881,0.6133573496998787,ssm_yield
wheat,IN,IN-03-0122,2010,-0.813623661009879,1.3061798286611663,ssm_yield
wheat,IN,IN-03-0122,2011,0.021388101377824747,1.1376077350540248,ssm_yield
wheat,IN,IN-03-0122,2012,-0.30708771588619754,0.4827360415645021,ssm_yield
wheat,IN,IN-03-0122,2013,-0.8126650224477552,1.432388254764942,ssm_yield
wheat,IN,IN-03-0122,2014,0.11856514790195401,0.9196113626929573,ssm_yield
wheat,IN,IN-03-0122,2015,-0.07780545822219942,0.7095581779887709,ssm_yield
wheat,IN,IN-03-0122,2016,-0.7030796281431403,0.978743981916405,ssm_yield
wheat,IN,IN-03-0122,2017,-0.5752271110868987,1.3573692602277325,ssm_yield
wheat,IN,IN-03-0123,2003,-2.0597658245939128,0.3627056503049672,ssm_yield
wheat,IN,IN-03-0123,2004,-0.7848343206564483,0.1067584924721349,ssm_yield
wheat,IN,IN-03-0123,2005,-1.487044459818726,0.3123987951447205,ssm_yield
wheat,IN,IN-03-0123,2006,-1.4591793241476008,0.17559945216510345,ssm_yield
wheat,IN,IN-03-0123,2007,-0.22355557676506896,0.4853837707834625,ssm_yield
wheat,IN,IN-03-0123,2008,-0.4355240871822817,-0.17831368676926104,ssm_yield
wheat,IN,IN-03-0123,2009,-0.9909933335933809,0.39447840093249087,ssm_yield
wheat,IN,IN-03-0123,2010,-1.6410659247306394,0.6274785722010005,ssm_yield
wheat,IN,IN-03-0123,2011,-0.9037269572272011,0.36623595593024766,ssm_yield
wheat,IN,IN-03-0123,2012,-0.43495938701976616,0.5383383551626693,ssm_yield
wheat,IN,IN-03-0123,2013,-1.1482942424121023,0.7166187892393318,ssm_yield
wheat,IN,IN-03-0123,2014,-0.6939175944902255,0.70073241392557,ssm_yield
wheat,IN,IN-03-0123,2015,-1.1617816444376272,0.5736414114154738,ssm_yield
wheat,IN,IN-03-0123,2016,-1.2902077484580348,0.6010012800113973,ssm_yield
wheat,IN,IN-03-0123,2017,-1.3016583422023622,0.6407172182958023,ssm_yield
wheat,IN,IN-03-0124,2003,-1.2441504850617127,-0.9964620154280045,ssm_yield
wheat,IN,IN-03-0124,2004,-0.8527750276640523,-0.8561323668231068,ssm_yield
wheat,IN,IN-03-0124,2005,-1.0013212376503697,-0.746692892439413,ssm_yield
wheat,IN,IN-03-0124,2006,-0.5131544606966206,-1.0670681279336134,ssm_yield
wheat,IN,IN-03-0124,2007,0.20100284246103248,-0.33099940506264053,ssm_yield
wheat,IN,IN-03-0124,2008,0.12678729476111084,-0.8217118869766223,ssm_yield
wheat,IN,IN-03-0124,2009,-0.1465152750025292,-0.6575526754010816,ssm_yield
wheat,IN,IN-03-0124,2010,-0.7776896337865299,-0.2639235981823122,ssm_yield
wheat,IN,IN-03-0124,2011,-0.19150165383527726,-0.19684779130198368,ssm_yield
wheat,IN,IN-03-0124,2012,-0.2877283872324881,-0.3777759545976064,ssm_yield
wheat,IN,IN-03-0124,2013,-0.6100772357795013,-0.5534086594553086,ssm_yield
wheat,IN,IN-03-0124,2014,0.38826441488288627,-0.6090109730534756,ssm_yield
wheat,IN,IN-03-0124,2015,-0.1906046249646309,-0.4722116300738583,ssm_yield
wheat,IN,IN-03-0124,2016,-0.8539642704849874,-0.7855262543174978,ssm_yield
wheat,IN,IN-03-0124,2017,-0.2267913791580282,-0.35394639162696345,ssm_yield
wheat,IN,IN-03-0125,2003,-1.590627464655839,-0.2824577027150343,ssm_yield
wheat,IN,IN-03-0125,2004,-1.1729210678844522,-0.34423805115744216,ssm_yield
wheat,IN,IN-03-0125,2005,-1.2706462856958038,-0.044162073008604384,ssm_yield
wheat,IN,IN-03-0125,2006,-0.9260671129296033,-0.047692378633884834,ssm_yield
wheat,IN,IN-03-0125,2007,-0.3520769919199026,0.243557835451752,ssm_yield
wheat,IN,IN-03-0125,2008,-0.4262958036833623,-0.03445373253908305,ssm_yield
wheat,IN,IN-03-0125,2009,-0.5920243013045979,0.22678888373166975,ssm_yield
wheat,IN,IN-03-0125,2010,-1.0687427546592478,0.42978145718529537,ssm_yield
wheat,IN,IN-03-0125,2011,-0.7600000682102956,0.36623595593024766,ssm_yield
wheat,IN,IN-03-0125,2012,-0.6538590361247043,0.9884523223859258,ssm_yield
wheat,IN,IN-03-0125,2013,-0.9025209486815733,0.11205395091005538,ssm_yield
wheat,IN,IN-03-0125,2014,-0.15419988224190603,0.07939862387621133,ssm_yield
wheat,IN,IN-03-0125,2015,-0.6603289986537599,0.29298211420567827,ssm_yield
wheat,IN,IN-03-0125,2016,-1.1274771165562967,0.2682699748287151,ssm_yield
wheat,IN,IN-03-0125,2017,-0.6926832471312928,0.32034198280160187,ssm_yield
wheat,IN,IN-03-0126,2003,-1.3387876156869056,0.1279403262238176,ssm_yield
wheat,IN,IN-03-0126,2004,-0.9544828319240828,-0.36718503772176503,ssm_yield
wheat,IN,IN-03-0126,2005,-1.2512420885571296,0.4995049932845843,ssm_yield
wheat,IN,IN-03-0126,2006,-0.7899178300339396,0.43066403359161576,ssm_yield
wheat,IN,IN-03-0126,2007,-0.02211192985824316,0.8181150759661447,ssm_yield
wheat,IN,IN-03-0126,2008,-0.0624489355672319,0.25679648154655377,ssm_yield
wheat,IN,IN-03-0126,2009,-0.2818986192884259,0.172069146539823,ssm_yield
wheat,IN,IN-03-0126,2010,-0.8552420629878339,0.5524595776637911,ssm_yield
wheat,IN,IN-03-0126,2011,-0.11493222906786651,0.5771717170407542,ssm_yield
wheat,IN,IN-03-0126,2012,-0.43804641457489085,0.871069660345351,ssm_yield
wheat,IN,IN-03-0126,2013,-0.8633346863893905,1.0528804000472944,ssm_yield
wheat,IN,IN-03-0126,2014,0.008567394497243759,0.5039178753161848,ssm_yield
wheat,IN,IN-03-0126,2015,-0.18708158320174947,0.7528044218984562,ssm_yield
wheat,IN,IN-03-0126,2016,-0.7965001603419103,0.806641582683983,ssm_yield
wheat,IN,IN-03-0126,2017,-0.552301932883448,0.8251756872167056,ssm_yield
wheat,IN,IN-03-0127,2003,-0.6083555545709827,-0.5631169999248298,ssm_yield
wheat,IN,IN-03-0127,2004,0.3854241576726002,0.2603267871718342,ssm_yield
wheat,IN,IN-03-0127,2005,0.3903409074349031,0.172069146539823,ssm_yield
wheat,IN,IN-03-0127,2006,0.472192706444379,0.6133573496998787,ssm_yield
wheat,IN,IN-03-0127,2007,0.7514559416680727,0.9072552930044759,ssm_yield
wheat,IN,IN-03-0127,2008,0.5843037133680761,0.3194594063952814,ssm_yield
wheat,IN,IN-03-0127,2009,0.45065239714097255,0.024678886684364562,ssm_yield
wheat,IN,IN-03-0127,2011,0.7863866491754725,1.0546455528599343,ssm_yield
wheat,IN,IN-03-0127,2017,0.514763662689552,0.6133573496998787,ssm_yield
wheat,IN,IN-03-0128,2004,0.2729602310829612,1.4959337560199901,ssm_yield
wheat,IN,IN-03-0128,2005,0.4331857949899224,0.172069146539823,ssm_yield
wheat,IN,IN-03-0128,2006,0.5082714742500527,0.6133573496998787,ssm_yield
wheat,IN,IN-03-0128,2007,0.716515389010815,1.0546455528599343,ssm_yield
wheat,IN,IN-03-0128,2008,0.764100473014129,0.10940622169109494,ssm_yield
wheat,IN,IN-03-0128,2009,0.504558664405823,0.39271324811985087,ssm_yield
wheat,IN,IN-03-0128,2010,0.6338932698816686,0.9443235020699204,ssm_yield
wheat,IN,IN-03-0128,2011,0.7890128718553535,0.7536869983047763,ssm_yield
wheat,IN,IN-03-0128,2012,0.3799789790262684,0.590410363135556,ssm_yield
wheat,IN,IN-03-0128,2013,0.18629679148400458,0.871069660345351,ssm_yield
wheat,IN,IN-03-0128,2014,1.2211716317880625,-0.6549049461821215,ssm_yield
wheat,IN,IN-03-0128,2015,0.8397067067066998,-0.7299239407193309,ssm_yield
wheat,IN,IN-03-0128,2016,0.24922774449541327,-0.72286332946877,ssm_yield
wheat,IN,IN-03-0128,2017,0.4926701958800569,-1.3291933206106865,ssm_yield
wheat,IN,IN-03-0129,2003,-1.4265581489085286,1.0970092203632997,ssm_yield
wheat,IN,IN-03-0129,2004,-0.7607455970797423,-0.3839539894418471,ssm_yield
wheat,IN,IN-03-0129,2005,-1.1393150612476688,0.37064883796184817,ssm_yield
wheat,IN,IN-03-0129,2006,-0.8685052201590912,0.5568724596953916,ssm_yield
wheat,IN,IN-03-0129,2007,-0.10703148786186485,1.2594032791262004,ssm_yield
wheat,IN,IN-03-0129,2008,-0.21445296034684783,0.868421931126391,ssm_yield
wheat,IN,IN-03-0129,2009,-0.5909040198651023,0.8728348131579915,ssm_yield
wheat,IN,IN-03-0129,2010,-1.0349305208431467,1.1790888261510701,ssm_yield
wheat,IN,IN-03-0129,2011,-0.13467012317615773,1.1367251586477047,ssm_yield
wheat,IN,IN-03-0129,2012,-0.335503972094197,0.11734940934797625,ssm_yield
wheat,IN,IN-03-0129,2013,-0.8325475493749482,1.5850739730583214,ssm_yield
wheat,IN,IN-03-0129,2014,-0.28598906363474713,0.592175515948196,ssm_yield
wheat,IN,IN-03-0129,2015,-0.49895492775441475,0.4703799718760207,ssm_yield
wheat,IN,IN-03-0129,2016,-0.7642858267716892,0.4624367842191398,ssm_yield
wheat,IN,IN-03-0129,2017,-0.8726422829958312,1.2117441531849142,ssm_yield
wheat,IN,IN-03-0130,2003,-1.3410158815749467,1.2293956813113165,ssm_yield
wheat,IN,IN-03-0130,2004,-0.7706626462610348,1.1243690889592233,ssm_yield
wheat,IN,IN-03-0130,2005,-0.8660537732190045,1.3167707455370077,ssm_yield
wheat,IN,IN-03-0130,2006,-0.6673818994685229,1.1993880834964328,ssm_yield
wheat,IN,IN-03-0130,2007,-0.33855714814356436,1.6953960238483352,ssm_yield
wheat,IN,IN-03-0130,2008,-0.3310723413378228,0.5533421540701111,ssm_yield
wheat,IN,IN-03-0130,2009,-0.3694055841746478,0.9884523223859258,ssm_yield
wheat,IN,IN-03-0130,2010,-0.7946441590091698,1.773062747604505,ssm_yield
wheat,IN,IN-03-0130,2011,-0.2533001996243483,1.3582518366340526,ssm_yield
wheat,IN,IN-03-0130,2012,-0.5162819340808502,0.6910240734560485,ssm_yield
wheat,IN,IN-03-0130,2013,-0.7986067160885439,1.9266310423042048,ssm_yield
wheat,IN,IN-03-0130,2014,-0.31035045168166003,1.6362634046248876,ssm_yield
wheat,IN,IN-03-0130,2015,-0.40790631422019913,1.2417517509997982,ssm_yield
wheat,IN,IN-03-0130,2016,-0.7291161477336389,1.1023046788012203,ssm_yield
wheat,IN,IN-03-0130,2017,-0.6002885832685827,1.3406003085076503,ssm_yield
wheat,IN,IN-03-0131,2003,-1.783857495602977,0.3256374412395223,ssm_yield
wheat,IN,IN-03-0131,2004,-1.1830049673964695,0.2691525512350351,ssm_yield
wheat,IN,IN-03-0131,2005,-1.3807308834288068,0.172069146539823,ssm_yield
wheat,IN,IN-03-0131,2006,-1.0106010368005003,0.10764106887845491,ssm_yield
wheat,IN,IN-03-0131,2007,-0.35992274488090986,0.6813157329865273,ssm_yield
wheat,IN,IN-03-0131,2008,-0.4349214677871284,-0.27274936224551316,ssm_yield
wheat,IN,IN-03-0131,2009,-0.6765904026600944,0.1279403262238176,ssm_yield
wheat,IN,IN-03-0131,2010,-1.259660893639368,0.34946700421016547,ssm_yield
wheat,IN,IN-03-0131,2011,-0.7915557346089962,0.5277474382868279,ssm_yield
wheat,IN,IN-03-0131,2012,-0.5878977708369889,0.2594442107655142,ssm_yield
wheat,IN,IN-03-0131,2013,-0.920908447794025,0.3538798862417659,ssm_yield
wheat,IN,IN-03-0131,2014,-0.29277861795472915,0.23561464779487107,ssm_yield
wheat,IN,IN-03-0131,2015,-0.6780030663081466,0.2982775726435988,ssm_yield
wheat,IN,IN-03-0131,2016,-1.1137996082209527,0.3883003660882504,ssm_yield
wheat,IN,IN-03-0131,2017,-0.7781789222614305,0.4694973954697007,ssm_yield
wheat,IN,IN-03-0132,2003,-1.9252599741928862,0.39536097733881126,ssm_yield
wheat,IN,IN-03-0132,2004,-0.5446111212759269,-0.03621888535172347,ssm_yield
wheat,IN,IN-03-0132,2005,-1.6766154608443056,0.23384949498223065,ssm_yield
wheat,IN,IN-03-0132,2006,-1.6320008512149964,0.2603267871718342,ssm_yield
wheat,IN,IN-03-0132,2007,-0.20520469465919364,0.42889888077897537,ssm_yield
wheat,IN,IN-03-0132,2008,-0.47912208666496087,0.3891829424945704,ssm_yield
wheat,IN,IN-03-0132,2009,-1.1741386126998934,0.4703799718760207,ssm_yield
wheat,IN,IN-03-0132,2010,-1.4634723441182267,0.4253685751536949,ssm_yield
wheat,IN,IN-03-0132,2011,-0.15234626187886505,0.5559898832890715,ssm_yield
wheat,IN,IN-03-0132,2012,0.03539254052999105,0.6698422397043658,ssm_yield
wheat,IN,IN-03-0132,2013,-1.2513364466824695,0.8719522367516714,ssm_yield
wheat,IN,IN-03-0132,2014,-0.6021951528333735,0.6230656901694,ssm_yield
wheat,IN,IN-03-0132,2015,-1.2816974347836099,0.48626634718978257,ssm_yield
wheat,IN,IN-03-0132,2016,-1.342849092613308,0.45802390218753897,ssm_yield
wheat,IN,IN-03-0132,2017,-1.495240412173198,0.522451979848907,ssm_yield
wheat,IN,IN-03-0133,2003,-2.084107119205747,0.3688836851492077,ssm_yield
wheat,IN,IN-03-0133,2004,-1.1138548068294578,0.3176942535826414,ssm_yield
wheat,IN,IN-03-0133,2005,-1.3865976954564387,0.551577001257471,ssm_yield
wheat,IN,IN-03-0133,2006,-1.2038964993926857,0.4845011943771425,ssm_yield
wheat,IN,IN-03-0133,2007,-0.5611144099230837,0.7439786578352553,ssm_yield
wheat,IN,IN-03-0133,2008,-0.7072407939218446,0.005262205745321898,ssm_yield
wheat,IN,IN-03-0133,2009,-0.9567087698749779,0.5365732023500288,ssm_yield
wheat,IN,IN-03-0133,2010,-1.4582401704013779,0.6601338992348446,ssm_yield
wheat,IN,IN-03-0133,2011,-1.0515991807302012,0.7475089634605357,ssm_yield
wheat,IN,IN-03-0133,2012,-0.8142441265716961,0.591292939541876,ssm_yield
wheat,IN,IN-03-0133,2013,-1.1077739806410065,0.7077930251761309,ssm_yield
wheat,IN,IN-03-0133,2014,-0.7298405775919405,0.5674633765712329,ssm_yield
wheat,IN,IN-03-0133,2015,-0.9452230578330598,0.5798194462597146,ssm_yield
wheat,IN,IN-03-0133,2016,-1.1676060082172899,0.6839634622054876,ssm_yield
wheat,IN,IN-03-0133,2017,-1.0999158319663,0.901959834566555,ssm_yield
wheat,IN,IN-03-0134,2003,-1.3830501496322598,-0.24715464646222998,ssm_yield
wheat,IN,IN-03-0134,2004,-1.127193551872726,-0.30010923084143654,ssm_yield
wheat,IN,IN-03-0134,2005,-1.290234219582843,-0.1844917216135019,ssm_yield
wheat,IN,IN-03-0134,2006,-0.8737413785972189,-0.7855262543174978,ssm_yield
wheat,IN,IN-03-0134,2007,0.09487406984358766,-0.23568115318006863,ssm_yield
wheat,IN,IN-03-0134,2008,-0.024549322596831187,-0.9390945490171971,ssm_yield
wheat,IN,IN-03-0134,2009,-0.3932380103062844,-0.6443140293062801,ssm_yield
wheat,IN,IN-03-0134,2010,-1.2204176595118483,-0.1818439923945415,ssm_yield
wheat,IN,IN-03-0134,2011,-0.6410427667358524,0.11117137450373536,ssm_yield
wheat,IN,IN-03-0134,2012,-0.22744598718621614,0.7483915398668558,ssm_yield
wheat,IN,IN-03-0134,2013,-0.6154857631894336,-0.4572078311664165,ssm_yield
wheat,IN,IN-03-0134,2014,0.333992097651754,-0.3918971770987282,ssm_yield
wheat,IN,IN-03-0134,2015,-0.2891780954676879,-0.541052589766827,ssm_yield
wheat,IN,IN-03-0134,2016,-1.0073945923021586,-0.6063632438345151,ssm_yield
wheat,IN,IN-03-0134,2017,-0.4555060268957794,-0.34423805115744216,ssm_yield
wheat,IN,IN-03-0135,2003,-1.3241211803170374,1.5215284718032733,ssm_yield
wheat,IN,IN-03-0135,2004,-0.7800132799255631,0.49509211125298386,ssm_yield
wheat,IN,IN-03-0135,2005,-1.1227567237762257,1.1835017081826706,ssm_yield
wheat,IN,IN-03-0135,2006,-0.7542448244290431,1.1684979092752288,ssm_yield
wheat,IN,IN-03-0135,2007,-0.02604096999703943,1.290293453347404,ssm_yield
wheat,IN,IN-03-0135,2008,-0.115747491957237,0.8569484378442292,ssm_yield
wheat,IN,IN-03-0135,2009,-0.42396475151156837,1.3176533219433277,ssm_yield
wheat,IN,IN-03-0135,2010,-0.9721380257807732,1.4826951099251884,ssm_yield
wheat,IN,IN-03-0135,2011,-0.07496238965822663,1.4668087346114265,ssm_yield
wheat,IN,IN-03-0135,2012,-0.2965890496129685,1.115543324896022,ssm_yield
wheat,IN,IN-03-0135,2013,-0.8349169392695399,1.7465854554149016,ssm_yield
wheat,IN,IN-03-0135,2014,-0.09968878924153116,1.5082898257084718,ssm_yield
wheat,IN,IN-03-0135,2015,-0.3227853691268395,1.248812362250359,ssm_yield
wheat,IN,IN-03-0135,2016,-0.744183118988777,1.2117441531849142,ssm_yield
wheat,IN,IN-03-0135,2017,-0.7628559859146976,1.1808539789637102,ssm_yield
wheat,IN,IN-03-0136,2003,-1.7826954864395312,0.0855766587204522,ssm_yield
wheat,IN,IN-03-0136,2004,-0.9579403706894057,0.005262205745321898,ssm_yield
wheat,IN,IN-03-0136,2005,-1.1546531353271856,0.32210713561424187,ssm_yield
wheat,IN,IN-03-0136,2006,-1.014339655811237,0.23826237701383152,ssm_yield
wheat,IN,IN-03-0136,2007,-0.2622331671536133,0.35741019186704637,ssm_yield
wheat,IN,IN-03-0136,2008,-0.4642558616168272,-0.09182119894989024,ssm_yield
wheat,IN,IN-03-0136,2009,-0.7511582603760939,-0.176548533956621,ssm_yield
wheat,IN,IN-03-0136,2010,-1.3685052117531094,0.3326980524900832,ssm_yield
wheat,IN,IN-03-0136,2011,-0.8979935397433955,0.2691525512350351,ssm_yield
wheat,IN,IN-03-0136,2012,-0.5228238351292878,0.5762891406344341,ssm_yield
wheat,IN,IN-03-0136,2013,-0.7635816639516055,0.5551073068827515,ssm_yield
wheat,IN,IN-03-0136,2014,-0.34163125878844725,0.7713385264311785,ssm_yield
wheat,IN,IN-03-0136,2015,-0.5747050194372963,0.561285341726992,ssm_yield
wheat,IN,IN-03-0136,2016,-0.9726794195664902,0.4968572640656239,ssm_yield
wheat,IN,IN-03-0136,2017,-0.7814859808692531,0.8366491804988669,ssm_yield
wheat,IN,IN-03-0137,2003,-1.0720153880815002,-0.7316890935319711,ssm_yield
wheat,IN,IN-03-0137,2004,-0.29835167036891175,-0.7722876082226963,ssm_yield
wheat,IN,IN-03-0137,2005,-0.37147905471428394,0.1791297577903839,ssm_yield
wheat,IN,IN-03-0137,2006,0.007067865804202439,0.16589111169558213,ssm_yield
wheat,IN,IN-03-0137,2007,0.5127968263367877,-0.3151130297488785,ssm_yield
wheat,IN,IN-03-0137,2008,0.5064191400711158,-0.022980239256921692,ssm_yield
wheat,IN,IN-03-0137,2009,0.2741884505644014,0.24885329388967287,ssm_yield
wheat,IN,IN-03-0137,2010,-0.16458717751429816,0.655721017203244,ssm_yield
wheat,IN,IN-03-0137,2011,0.2014447204966877,0.24973587029599287,ssm_yield
wheat,IN,IN-03-0137,2012,-0.060144740598698364,0.4827360415645021,ssm_yield
wheat,IN,IN-03-0137,2013,-0.19930519392616017,0.20472447357366705,ssm_yield
wheat,IN,IN-03-0137,2014,0.8078465367496859,-0.06799163597924712,ssm_yield
wheat,IN,IN-03-0137,2015,0.2240482977741619,0.21796311966846885,ssm_yield
wheat,IN,IN-03-0137,2016,-0.42007019527134964,0.2523835995149533,ssm_yield
wheat,IN,IN-03-0137,2017,0.22714411175352084,0.3671185323365677,ssm_yield
wheat,IN,IN-03-0138,2003,-1.8154336638492454,0.24179268263911197,ssm_yield
wheat,IN,IN-03-0138,2004,-0.9324542966670331,-0.22067735427262644,ssm_yield
wheat,IN,IN-03-0138,2005,-1.640124254495274,-0.09711665738781111,ssm_yield
wheat,IN,IN-03-0138,2006,-1.0175701042800271,-0.04327949660228437,ssm_yield
wheat,IN,IN-03-0138,2007,0.07306070194767762,0.5339254731310688,ssm_yield
wheat,IN,IN-03-0138,2008,-0.029866565286370522,0.06174709574980908,ssm_yield
wheat,IN,IN-03-0138,2009,-0.5970002496451254,0.1288229026301376,ssm_yield
wheat,IN,IN-03-0138,2010,-1.4481983275790564,0.7254445533025327,ssm_yield
wheat,IN,IN-03-0138,2011,-0.3435004776979435,0.6980846847066094,ssm_yield
wheat,IN,IN-03-0138,2012,-0.3122539720369025,0.43772464484217666,ssm_yield
wheat,IN,IN-03-0138,2013,-1.0404712657628334,0.6513081351716437,ssm_yield
wheat,IN,IN-03-0138,2014,-0.1693953287123195,0.3821223312440095,ssm_yield
wheat,IN,IN-03-0138,2015,-0.5497015915024204,0.6830808857991677,ssm_yield
wheat,IN,IN-03-0138,2016,-0.9977607167197942,0.4783231595329016,ssm_yield
wheat,IN,IN-03-0138,2017,-1.0463049908820896,0.6707248161106859,ssm_yield
wheat,IN,IN-03-0518,2003,-1.949560758947889,0.6442475239210828,ssm_yield
wheat,IN,IN-03-0518,2004,-1.119811008514564,0.593058092354516,ssm_yield
wheat,IN,IN-03-0518,2005,-1.326121470879723,0.6830808857991677,ssm_yield
wheat,IN,IN-03-0518,2006,-1.1139871165285837,0.5621679181333123,ssm_yield
wheat,IN,IN-03-0518,2007,-0.5011329146952351,0.8207628051851048,ssm_yield
wheat,IN,IN-03-0518,2008,-0.6328398581960245,0.20472447357366705,ssm_yield
wheat,IN,IN-03-0518,2009,-0.853137875430374,0.6010012800113973,ssm_yield
wheat,IN,IN-03-0518,2010,-1.3372113918556687,0.8472400973747083,ssm_yield
wheat,IN,IN-03-0518,2011,-0.9671462086721743,0.8878386120654332,ssm_yield
wheat,IN,IN-03-0518,2012,-0.7406600101790866,0.8322362984672665,ssm_yield
wheat,IN,IN-03-0518,2013,-1.0242110215286997,1.0078690033249686,ssm_yield
wheat,IN,IN-03-0518,2014,-0.5904620397309878,1.0511152472346539,ssm_yield
wheat,IN,IN-03-0518,2015,-0.8655440977243157,0.868421931126391,ssm_yield
wheat,IN,IN-03-0518,2016,-1.1228486744629007,0.9063727165981555,ssm_yield
wheat,IN,IN-03-0518,2017,-0.9804816878023915,1.042289483171453,ssm_yield
wheat,IN,IN-03-1001,2003,-1.8718275816999355,-0.15624927661125834,ssm_yield
wheat,IN,IN-03-1001,2004,-1.2624617042373139,-0.3707153433470455,ssm_yield
wheat,IN,IN-03-1001,2005,-1.4484089934501907,-0.11829849113949381,ssm_yield
wheat,IN,IN-03-1001,2006,-1.0653709222829686,-0.6451966057126001,ssm_yield
wheat,IN,IN-03-1001,2007,-0.5917874051148128,0.10852364528477493,ssm_yield
wheat,IN,IN-03-1001,2008,-0.6262188860107722,-0.029158274101162576,ssm_yield
wheat,IN,IN-03-1001,2009,-0.7831397637430666,-0.07946512926140888,ssm_yield
wheat,IN,IN-03-1001,2010,-1.2373982157569623,0.30886848951944007,ssm_yield
wheat,IN,IN-03-1001,2011,-0.8382108020998805,0.2232585781063893,ssm_yield
wheat,IN,IN-03-1001,2012,-0.7892479762434629,0.4562587493748989,ssm_yield
wheat,IN,IN-03-1001,2013,-1.07013463696558,0.2620919399844742,ssm_yield
wheat,IN,IN-03-1001,2014,-0.49236890080943474,0.47302770109498116,ssm_yield
wheat,IN,IN-03-1001,2015,-0.7965341925667071,0.6504255587653233,ssm_yield
wheat,IN,IN-03-1001,2016,-1.1791701167000248,0.7792817140880598,ssm_yield
wheat,IN,IN-03-1001,2017,-0.8659994078329047,0.630126301419961,ssm_yield
wheat,IN,IN-03-1002,2003,-1.0716333222042318,-0.25068495208751046,ssm_yield
wheat,IN,IN-03-1002,2004,-0.6269242246210048,-0.2833402791213545,ssm_yield
wheat,IN,IN-03-1002,2005,-0.6732059993364532,-0.145658359735417,ssm_yield
wheat,IN,IN-03-1002,2006,-0.486302154167751,-0.23656372958638863,ssm_yield
wheat,IN,IN-03-1002,2007,0.6518540337477556,-0.05475298988444573,ssm_yield
wheat,IN,IN-03-1002,2008,0.4676592212504035,-0.5772382224259516,ssm_yield
wheat,IN,IN-03-1002,2009,0.07218142611492302,-0.40337067038088953,ssm_yield
wheat,IN,IN-03-1002,2010,-0.6646965409883633,-0.2904008903719154,ssm_yield
wheat,IN,IN-03-1002,2011,-0.2835237236748943,0.06527740137508953,ssm_yield
wheat,IN,IN-03-1002,2012,0.3541058039552714,0.7077930251761309,ssm_yield
wheat,IN,IN-03-1002,2013,0.11585806104731104,-0.3724804961596857,ssm_yield
wheat,IN,IN-03-1002,2014,1.2773054494355078,-0.3583592736585639,ssm_yield
wheat,IN,IN-03-1002,2015,0.540992180885356,-0.7060943777486879,ssm_yield
wheat,IN,IN-03-1002,2016,-0.4220801749123394,-0.5048669571077024,ssm_yield
wheat,IN,IN-03-1002,2017,0.3271676773578813,0.12529259700485715,ssm_yield
wheat,IN,IN-03-1003,2003,-1.1785698480928704,0.5030352989098648,ssm_yield
wheat,IN,IN-03-1003,2004,-0.4404203697679322,0.3680011087428877,ssm_yield
wheat,IN,IN-03-1003,2005,-0.4140979545875132,-0.12977198442165516,ssm_yield
wheat,IN,IN-03-1003,2006,0.03660103803321386,0.520686827036267,ssm_yield
wheat,IN,IN-03-1003,2007,0.8822938583532435,0.7810468669006998,ssm_yield
wheat,IN,IN-03-1003,2008,0.921772828937473,0.19501613310414573,ssm_yield
wheat,IN,IN-03-1003,2009,0.5542834738015203,0.37241399077448817,ssm_yield
wheat,IN,IN-03-1003,2010,0.184351031599945,0.878130271595912,ssm_yield
wheat,IN,IN-03-1003,2011,0.39661421477749054,0.7775165612754193,ssm_yield
wheat,IN,IN-03-1003,2012,0.3915599875923107,0.6133573496998787,ssm_yield
wheat,IN,IN-03-1003,2013,-0.022680222359337494,0.8269408400293456,ssm_yield
wheat,IN,IN-03-1003,2014,1.445947879000339,-0.4422040322589745,ssm_yield
wheat,IN,IN-03-1003,2015,0.6455708001474291,-0.4872154289813003,ssm_yield
wheat,IN,IN-03-1003,2016,-0.43759172557622583,-0.3724804961596857,ssm_yield
wheat,IN,IN-03-1003,2017,0.5096721078139513,0.45802390218753897,ssm_yield
wheat,IN,IN-03-1004,2003,-0.7857523003670163,0.6133573496998787,ssm_yield
wheat,IN,IN-03-1004,2004,0.14256657182979082,0.6133573496998787,ssm_yield
wheat,IN,IN-03-1004,2005,0.22586174407821213,0.43684206843585627,ssm_yield
wheat,IN,IN-03-1004,2006,0.3194334713794277,0.6133573496998787,ssm_yield
wheat,IN,IN-03-1004,2007,0.5317070441130337,0.6133573496998787,ssm_yield
wheat,IN,IN-03-1004,2008,0.4844667833052286,-0.2692190566202327,ssm_yield
wheat,IN,IN-03-1004,2009,0.3007346635586515,0.23473207138855107,ssm_yield
wheat,IN,IN-03-1004,2010,0.35706210872274413,0.7607476095553372,ssm_yield
wheat,IN,IN-03-1004,2011,0.5988074666577287,0.9072552930044759,ssm_yield
wheat,IN,IN-03-1004,2012,0.20569351449345213,0.43684206843585627,ssm_yield
wheat,IN,IN-03-1004,2013,0.09410723086457966,0.9072552930044759,ssm_yield
wheat,IN,IN-03-1004,2014,0.8662537846246653,0.4421375268737771,ssm_yield
wheat,IN,IN-03-1004,2015,0.4710481463299421,0.19766386232310615,ssm_yield
wheat,IN,IN-03-1004,2016,0.1249066612474352,0.3741791435871286,ssm_yield
wheat,IN,IN-03-1004,2017,0.3531363741049871,0.6830808857991677,ssm_yield
wheat,IN,IN-03-1005,2003,-2.170871844911601,0.3688836851492077,ssm_yield
wheat,IN,IN-03-1005,2004,-0.7751750287499052,0.25679648154655377,ssm_yield
wheat,IN,IN-03-1005,2005,-1.3975147657191642,0.21266766123054798,ssm_yield
wheat,IN,IN-03-1005,2006,-1.2894735375871893,-0.07681740004244844,ssm_yield
wheat,IN,IN-03-1005,2007,-0.23211254576969448,0.17736460497774348,ssm_yield
wheat,IN,IN-03-1005,2008,-0.42402524171600753,0.24267525904543197,ssm_yield
wheat,IN,IN-03-1005,2009,-0.9183484205949873,0.694554379081329,ssm_yield
wheat,IN,IN-03-1005,2010,-1.4721129710606935,0.8234105344040652,ssm_yield
wheat,IN,IN-03-1005,2011,-0.8326692560813017,0.7378006229910145,ssm_yield
wheat,IN,IN-03-1005,2012,-0.43515315668337534,0.978743981916405,ssm_yield
wheat,IN,IN-03-1005,2013,-1.1453645794119722,0.7828120197133402,ssm_yield
wheat,IN,IN-03-1005,2014,-0.5963865282741924,0.5092133337541057,ssm_yield
wheat,IN,IN-03-1005,2015,-1.0337742842097515,0.2806260445171969,ssm_yield
wheat,IN,IN-03-1005,2016,-1.1571727449115188,0.33622835811536367,ssm_yield
wheat,IN,IN-03-1005,2017,-1.2165229938589428,0.34417154577224457,ssm_yield
wheat,IN,IN-03-1006,2003,-1.3383214424308538,0.7369180465846944,ssm_yield
wheat,IN,IN-03-1006,2004,-0.7158261489239415,0.8834257300338328,ssm_yield
wheat,IN,IN-03-1006,2005,-0.8417013503445675,0.28592150295511737,ssm_yield
wheat,IN,IN-03-1006,2006,-0.6558837802997243,0.6274785722010005,ssm_yield
wheat,IN,IN-03-1006,2007,-0.39376405719565166,0.7395657758036545,ssm_yield
wheat,IN,IN-03-1006,2008,-0.30045817624200183,0.345054122178565,ssm_yield
wheat,IN,IN-03-1006,2009,-0.33802347162008617,0.3326980524900832,ssm_yield
wheat,IN,IN-03-1006,2010,-0.8251899483850574,0.9037249873791955,ssm_yield
wheat,IN,IN-03-1006,2011,-0.10032431160161388,0.5259822854741875,ssm_yield
wheat,IN,IN-03-1006,2012,-0.4712817872774256,0.06174709574980908,ssm_yield
wheat,IN,IN-03-1006,2013,-0.7364128676758794,0.9690356414468836,ssm_yield
wheat,IN,IN-03-1006,2014,-0.39053358975967745,0.9672704886342431,ssm_yield
wheat,IN,IN-03-1006,2015,-0.5176143786870158,0.47302770109498116,ssm_yield
wheat,IN,IN-03-1006,2016,-0.7361261635007755,0.45008071453065807,ssm_yield
wheat,IN,IN-03-1006,2017,-0.6404617933557483,0.9831568639480054,ssm_yield
wheat,IN,IN-03-2001,2008,0.4380674928559271,0.16324338247662207,ssm_yield
wheat,IN,IN-03-2001,2009,0.06249016810130257,0.39271324811985087,ssm_yield
wheat,IN,IN-03-2001,2010,-0.08625832250649622,0.8798954244085524,ssm_yield
wheat,IN,IN-03-2001,2011,0.05127552719018797,0.7113233308014113,ssm_yield
wheat,IN,IN-03-2001,2012,-0.06803007985995257,0.560402765320672,ssm_yield
wheat,IN,IN-03-2001,2013,-0.38837377611574875,0.8251756872167056,ssm_yield
wheat,IN,IN-03-2001,2014,0.9877793129439085,0.23296691857591065,ssm_yield
wheat,IN,IN-03-2001,2015,0.3098523745319129,-0.9117346804212738,ssm_yield
wheat,IN,IN-03-2001,2016,-0.620333627240333,0.24885329388967287,ssm_yield
wheat,IN,IN-03-2001,2017,0.03740695753165836,0.05203875528028774,ssm_yield
wheat,IN,IN-03-2050,2014,0.3940990666848604,-0.06534390676028708,ssm_yield
wheat,IN,IN-03-2050,2015,-0.042216362899284245,-0.07152194160452757,ssm_yield
wheat,IN,IN-03-2050,2016,-0.6987161366377497,0.06792513059404996,ssm_yield
wheat,IN,IN-03-2050,2017,-0.41244830561837986,0.10764106887845491,ssm_yield
wheat,IN,IN-03-2051,2014,-0.11454781018717408,-0.5763556460196315,ssm_yield
wheat,IN,IN-03-2051,2015,-0.36945799323056555,0.08381150590781178,ssm_yield
wheat,IN,IN-03-2051,2016,-1.036154983593677,0.24267525904543197,ssm_yield
wheat,IN,IN-03-2051,2017,-0.9520969603035394,0.6415997947021223,ssm_yield
wheat,IN,IN-03-2052,2014,1.029707789481283,0.7739862556501389,ssm_yield
wheat,IN,IN-03-2052,2015,0.1316979268882337,1.0943614911443393,ssm_yield
wheat,IN,IN-03-2052,2016,-0.9949473641517103,0.8816605772211924,ssm_yield
wheat,IN,IN-03-2052,2017,-0.010590972290691674,0.6830808857991677,ssm_yield
wheat,IN,IN-03-2053,2014,-0.6275042250374901,1.5930171607152026,ssm_yield
wheat,IN,IN-03-2053,2015,-0.6800144953016878,0.3097510659257605,ssm_yield
wheat,IN,IN-03-2053,2016,-0.8318059996474667,0.6098270440745982,ssm_yield
wheat,IN,IN-03-2053,2017,-0.8093785224483685,1.0687667753610561,ssm_yield
wheat,IN,IN-03-2054,2014,-0.6961382312049049,1.4262102199207012,ssm_yield
wheat,IN,IN-03-2054,2015,-0.7555044391709596,1.3873768580426162,ssm_yield
wheat,IN,IN-03-2054,2016,-0.9416281579507032,1.3052972522548458,ssm_yield
wheat,IN,IN-03-2054,2017,-0.7843664812549626,1.3088275578801263,ssm_yield
wheat,IN,IN-03-2055,2014,0.8278606268144014,0.3309328996774432,ssm_yield
wheat,IN,IN-03-2055,2015,0.14516817952715189,-0.23744630599270866,ssm_yield
wheat,IN,IN-03-2055,2016,-0.712098997768161,-0.009741593162119911,ssm_yield
wheat,IN,IN-03-2055,2017,-0.17971795639808075,-0.011506745974760332,ssm_yield
wheat,IN,IN-03-2056,2014,-0.42396475151156837,1.662740696814491,ssm_yield
wheat,IN,IN-03-2056,2015,-0.7223298315904689,1.0890660327064188,ssm_yield
wheat,IN,IN-03-2056,2016,-1.0004523783502612,1.0087515797312885,ssm_yield
wheat,IN,IN-03-2056,2017,-1.1405853816780664,0.878130271595912,ssm_yield
wheat,IN,IN-04-0177,2003,-0.25633458076180826,1.616846723685845,ssm_yield
wheat,IN,IN-04-0177,2004,1.4870840617573118,1.6318505225932871,ssm_yield
wheat,IN,IN-04-0177,2005,0.9824478280309719,1.2320434105302769,ssm_yield
wheat,IN,IN-04-0177,2006,0.3747910956110867,1.841903707297474,ssm_yield
wheat,IN,IN-04-0177,2007,0.3221320215191082,1.424445067108061,ssm_yield
wheat,IN,IN-04-0177,2008,-0.30727709276636317,2.2258244440467223,ssm_yield
wheat,IN,IN-04-0177,2009,0.2605322930336891,1.6141989944668853,ssm_yield
wheat,IN,IN-04-0177,2010,-1.457864330131491,2.04842658637638,ssm_yield
wheat,IN,IN-04-0177,2011,-0.050711885278743915,2.462354920940512,ssm_yield
wheat,IN,IN-04-0177,2012,-0.3962505594462502,1.7271687744758588,ssm_yield
wheat,IN,IN-04-0177,2013,-0.2536056398300449,1.917805278241003,ssm_yield
wheat,IN,IN-04-0177,2014,-0.47754665503185123,1.6530323563449698,ssm_yield
wheat,IN,IN-04-0177,2015,-0.005103458110080788,2.074903878565983,ssm_yield
wheat,IN,IN-04-0177,2016,-1.8500797113045282,2.1578660607600737,ssm_yield
wheat,IN,IN-04-0177,2017,-1.4322390664594444,2.303491167802892,ssm_yield
wheat,IN,IN-04-0178,2003,-0.12277329516341952,1.602725501184724,ssm_yield
wheat,IN,IN-04-0178,2004,0.9310125880103741,1.4191496086701403,ssm_yield
wheat,IN,IN-04-0178,2005,0.7679251974438205,0.9955129336364867,ssm_yield
wheat,IN,IN-04-0178,2006,-0.03990158254243724,2.0078280716856547,ssm_yield
wheat,IN,IN-04-0178,2007,0.35966235778584976,1.7271687744758588,ssm_yield
wheat,IN,IN-04-0178,2008,-0.22647005109532817,2.374097280308501,ssm_yield
wheat,IN,IN-04-0178,2009,-0.11081330890089762,1.5127027077400723,ssm_yield
wheat,IN,IN-04-0178,2010,-1.6490770591235657,2.4941276715680365,ssm_yield
wheat,IN,IN-04-0178,2011,-0.34062810006056954,2.694472515802701,ssm_yield
wheat,IN,IN-04-0178,2012,-0.7702804866006192,2.2443585485794446,ssm_yield
wheat,IN,IN-04-0178,2013,-0.4818340181104877,2.6847641753331803,ssm_yield
wheat,IN,IN-04-0178,2014,-0.9645954198307973,2.119915275288309,ssm_yield
wheat,IN,IN-04-0178,2015,-0.08426247711234978,2.2337676317036035,ssm_yield
wheat,IN,IN-04-0178,2016,-1.8396300391647789,2.4508814276583504,ssm_yield
wheat,IN,IN-04-0178,2017,-1.4342268582744075,2.44293824000147,ssm_yield
wheat,IN,IN-04-0179,2003,-1.4721246500254075,1.0546455528599343,ssm_yield
wheat,IN,IN-04-0179,2004,0.3562719065823535,0.8587135906568697,ssm_yield
wheat,IN,IN-04-0179,2005,-0.17991835325184166,0.8675393547200706,ssm_yield
wheat,IN,IN-04-0179,2006,-0.6884566117420599,1.4571003941419052,ssm_yield
wheat,IN,IN-04-0179,2007,-0.682337919392837,0.9575621481647223,ssm_yield
wheat,IN,IN-04-0179,2008,-1.2147040149630306,1.4535700885166247,ssm_yield
wheat,IN,IN-04-0179,2009,-0.825818806717752,1.1270168181781834,ssm_yield
wheat,IN,IN-04-0179,2010,-1.972644573101581,1.9063317849588417,ssm_yield
wheat,IN,IN-04-0179,2011,-1.0135378864783202,1.7545286430717828,ssm_yield
wheat,IN,IN-04-0179,2012,-1.206997518627421,1.5356496943043951,ssm_yield
wheat,IN,IN-04-0179,2013,-1.1706028269066837,1.6971611766609753,ssm_yield
wheat,IN,IN-04-0179,2014,-1.1995766941387371,1.3626647186656535,ssm_yield
wheat,IN,IN-04-0179,2015,-1.1705245316597517,1.4473920536723839,ssm_yield
wheat,IN,IN-04-0179,2016,-2.301452868910486,1.788949122918267,ssm_yield
wheat,IN,IN-04-0179,2017,-2.107965629197887,1.7695324419792242,ssm_yield
wheat,IN,IN-04-0180,2003,-0.6894223566264693,1.1252516653655433,ssm_yield
wheat,IN,IN-04-0180,2004,1.9665548169736753,1.075827386611617,ssm_yield
wheat,IN,IN-04-0180,2005,0.9722728865053846,1.0740622337989767,ssm_yield
wheat,IN,IN-04-0180,2006,0.3682559798606478,1.4288579491396616,ssm_yield
wheat,IN,IN-04-0180,2007,0.24446331032366994,1.4200321850764606,ssm_yield
wheat,IN,IN-04-0180,2008,-0.4922836328158362,1.709517246349457,ssm_yield
wheat,IN,IN-04-0180,2009,0.3237985380646122,1.8480817421417146,ssm_yield
wheat,IN,IN-04-0180,2010,-1.0983673163385161,2.134919074195751,ssm_yield
wheat,IN,IN-04-0180,2011,0.011530922506731926,2.3114343554597734,ssm_yield
wheat,IN,IN-04-0180,2012,-0.09655343867631279,2.015771259342536,ssm_yield
wheat,IN,IN-04-0180,2013,0.07968947347486559,1.9186878546473236,ssm_yield
wheat,IN,IN-04-0180,2014,0.15012730860030307,0.7572173039300567,ssm_yield
wheat,IN,IN-04-0180,2015,-0.22151633410985697,1.7607066779160234,ssm_yield
wheat,IN,IN-04-0180,2016,-1.8370383118723792,2.119032698881989,ssm_yield
wheat,IN,IN-04-0180,2017,-1.4229885543905725,2.2964305565523313,ssm_yield
wheat,IN,IN-04-0181,2003,-0.3497124549016213,1.4588655469545455,ssm_yield
wheat,IN,IN-04-0181,2004,1.2659648090246902,1.6300853697806472,ssm_yield
wheat,IN,IN-04-0181,2005,0.5702301830222061,1.502994367270551,ssm_yield
wheat,IN,IN-04-0181,2006,0.1815686815149961,1.676861919315613,ssm_yield
wheat,IN,IN-04-0181,2007,0.016814144605033225,1.6592103911892104,ssm_yield
wheat,IN,IN-04-0181,2008,-0.5574016165593672,2.189638811387597,ssm_yield
wheat,IN,IN-04-0181,2009,-0.03865888866916199,1.796009734168828,ssm_yield
wheat,IN,IN-04-0181,2010,-1.1948699812831072,1.9822333559023717,ssm_yield
wheat,IN,IN-04-0181,2011,-0.09058174646623517,2.5947413818885288,ssm_yield
wheat,IN,IN-04-0181,2012,-0.4368594369783655,1.7333468093201,ssm_yield
wheat,IN,IN-04-0181,2013,-0.4399790575846077,1.979585626683411,ssm_yield
wheat,IN,IN-04-0181,2014,-0.474709696715646,1.185266860995311,ssm_yield
wheat,IN,IN-04-0181,2015,-0.47673574468212243,1.8127786858889101,ssm_yield
wheat,IN,IN-04-0181,2016,-1.6482442603260061,2.260244923893206,ssm_yield
wheat,IN,IN-04-0181,2017,-1.3016106601963493,2.4111654893739454,ssm_yield
wheat,IN,IN-04-0182,2003,-1.8659036587547837,1.4544526649229448,ssm_yield
wheat,IN,IN-04-0182,2004,0.4340875404851126,1.3150055927243671,ssm_yield
wheat,IN,IN-04-0182,2005,-0.32329664562443344,1.5833088202456813,ssm_yield
wheat,IN,IN-04-0182,2006,-0.8301735608585641,1.5082898257084718,ssm_yield
wheat,IN,IN-04-0182,2007,-0.81066640714642,1.25852070271988,ssm_yield
wheat,IN,IN-04-0182,2008,-1.4624470686861826,2.12962361575783,ssm_yield
wheat,IN,IN-04-0182,2009,-1.0339543247839214,1.4138541502322197,ssm_yield
wheat,IN,IN-04-0182,2010,-2.090464352102934,2.05195689200166,ssm_yield
wheat,IN,IN-04-0182,2011,-1.1615807382312449,2.034305363875258,ssm_yield
wheat,IN,IN-04-0182,2012,-1.2780778240910764,2.185225929355997,ssm_yield
wheat,IN,IN-04-0182,2013,-1.2509841469561875,2.3979268432791443,ssm_yield
wheat,IN,IN-04-0182,2014,-1.0700296760559154,1.6936308710356953,ssm_yield
wheat,IN,IN-04-0182,2015,-1.4234522554195113,1.5480057639928768,ssm_yield
wheat,IN,IN-04-0182,2016,-2.4576368106320454,2.13138876857047,ssm_yield
wheat,IN,IN-04-0182,2017,-2.184464615036161,1.7227558924442585,ssm_yield
wheat,IN,IN-04-0183,2003,-0.3945972911022984,0.8445923681557479,ssm_yield
wheat,IN,IN-04-0183,2004,0.5999654935811618,0.8278234164356657,ssm_yield
wheat,IN,IN-04-0183,2005,0.10856512761936433,1.3044146758485258,ssm_yield
wheat,IN,IN-04-0183,2006,-0.3162423092980368,1.3361874264760498,ssm_yield
wheat,IN,IN-04-0183,2007,-0.21391600128321087,1.4765170750809478,ssm_yield
wheat,IN,IN-04-0183,2008,-0.675069424952162,1.2276305284986764,ssm_yield
wheat,IN,IN-04-0183,2009,-0.5529470997675237,1.4800473807062282,ssm_yield
wheat,IN,IN-04-0183,2010,-1.1052982940054183,1.1587895688057075,ssm_yield
wheat,IN,IN-04-0183,2011,-0.25582641237733317,2.2567146182679263,ssm_yield
wheat,IN,IN-04-0183,2012,-0.6423202079673505,1.6715664608776921,ssm_yield
wheat,IN,IN-04-0183,2013,-0.7507418700325657,2.05019173918902,ssm_yield
wheat,IN,IN-04-0183,2014,-0.6589189531867582,1.194975201464832,ssm_yield
wheat,IN,IN-04-0183,2015,-0.7703938278896495,1.7739453240108256,ssm_yield
wheat,IN,IN-04-0183,2016,-1.36146447498188,1.955756063712768,ssm_yield
wheat,IN,IN-04-0183,2017,-1.2522566225562541,2.0696084201280627,ssm_yield
wheat,IN,IN-04-0184,2003,-0.4082171514971484,1.6133164180605648,ssm_yield
wheat,IN,IN-04-0184,2004,1.0911590788507533,1.6618581204081708,ssm_yield
wheat,IN,IN-04-0184,2005,0.37822630687273207,1.821604449952111,ssm_yield
wheat,IN,IN-04-0184,2006,0.07917907310835662,1.878089339956598,ssm_yield
wheat,IN,IN-04-0184,2007,-0.12426888693503364,2.059017503252221,ssm_yield
wheat,IN,IN-04-0184,2008,-0.6244686647182088,2.024597023405737,ssm_yield
wheat,IN,IN-04-0184,2009,-0.26557415542115725,1.9460477232432467,ssm_yield
wheat,IN,IN-04-0184,2010,-1.047522317337616,1.8930931388640404,ssm_yield
wheat,IN,IN-04-0184,2011,-0.19295037811362672,2.9742492366061763,ssm_yield
wheat,IN,IN-04-0184,2012,-0.5069727198827658,2.0925554066923855,ssm_yield
wheat,IN,IN-04-0184,2013,-0.5749706566593092,2.301726014990252,ssm_yield
wheat,IN,IN-04-0184,2014,-0.4745608128878073,1.5365322707107154,ssm_yield
wheat,IN,IN-04-0184,2015,-0.6634312043239546,2.3079040498344927,ssm_yield
wheat,IN,IN-04-0184,2016,-1.4707911096463866,1.9778204738707712,ssm_yield
wheat,IN,IN-04-0184,2017,-1.1402319505058245,2.3079040498344927,ssm_yield
wheat,IN,IN-04-0185,2003,-0.3535821678771238,1.5197633189906332,ssm_yield
wheat,IN,IN-04-0185,2004,0.7593406016145852,1.5550663752434377,ssm_yield
wheat,IN,IN-04-0185,2005,0.23293671985433745,1.999002307622454,ssm_yield
wheat,IN,IN-04-0185,2006,-0.16143390318447315,2.0784341841912637,ssm_yield
wheat,IN,IN-04-0185,2007,-0.11418144662067808,2.162278942791674,ssm_yield
wheat,IN,IN-04-0185,2008,-0.6116605806264026,1.830430214015312,ssm_yield
wheat,IN,IN-04-0185,2009,-0.41983372707830224,2.0307750582499775,ssm_yield
wheat,IN,IN-04-0185,2010,-1.011760820316108,1.9072143613651622,ssm_yield
wheat,IN,IN-04-0185,2011,-0.17490656621898376,2.76507862830831,ssm_yield
wheat,IN,IN-04-0185,2012,-0.6086253761030179,2.0863773718481444,ssm_yield
wheat,IN,IN-04-0185,2013,-0.6788568127843385,2.2681881115500877,ssm_yield
wheat,IN,IN-04-0185,2014,-0.6036204430090284,1.5506534932118372,ssm_yield
wheat,IN,IN-04-0185,2015,-0.6990155893340079,1.9504606052748472,ssm_yield
wheat,IN,IN-04-0185,2016,-1.334207490236683,2.2955479801460106,ssm_yield
wheat,IN,IN-04-0185,2017,-1.1526764771479978,2.2337676317036035,ssm_yield
wheat,IN,IN-04-0186,2003,-0.526785891845099,1.330009391631809,ssm_yield
wheat,IN,IN-04-0186,2004,1.6065715440904693,1.1976229306837924,ssm_yield
wheat,IN,IN-04-0186,2005,0.6710941531201241,1.0078690033249686,ssm_yield
wheat,IN,IN-04-0186,2006,0.2424547083221228,1.4694564638303869,ssm_yield
wheat,IN,IN-04-0186,2007,0.011619447428791918,1.0687667753610561,ssm_yield
wheat,IN,IN-04-0186,2008,-0.5421350305440296,1.7968923105751482,ssm_yield
wheat,IN,IN-04-0186,2009,0.08829788255374964,1.5568315280560778,ssm_yield
wheat,IN,IN-04-0186,2010,-1.2286740436117622,1.9963545784034935,ssm_yield
wheat,IN,IN-04-0186,2011,-0.0692446275506033,2.374097280308501,ssm_yield
wheat,IN,IN-04-0186,2012,-0.35130876243916653,1.2655813139704408,ssm_yield
wheat,IN,IN-04-0186,2013,-0.3438227708577522,1.4270927963270215,ssm_yield
wheat,IN,IN-04-0186,2014,-0.3323269306270589,1.025520531451371,ssm_yield
wheat,IN,IN-04-0186,2015,-0.39779953578051236,1.3979677749184576,ssm_yield
wheat,IN,IN-04-0186,2016,-1.9237328090974826,2.0131235301235755,ssm_yield
wheat,IN,IN-04-0186,2017,-1.5470386100703375,2.031657634656298,ssm_yield
wheat,IN,IN-04-0187,2003,-0.6797561409122357,1.3176533219433277,ssm_yield
wheat,IN,IN-04-0187,2004,1.2376387719881259,1.4835776863315087,ssm_yield
wheat,IN,IN-04-0187,2005,0.29248297085572816,1.5144678605527124,ssm_yield
wheat,IN,IN-04-0187,2006,-0.029254373865973668,1.986646237933972,ssm_yield
wheat,IN,IN-04-0187,2007,-0.2840360714265228,1.7501157610401823,ssm_yield
wheat,IN,IN-04-0187,2008,-0.7701490501856206,2.2249418676404016,ssm_yield
wheat,IN,IN-04-0187,2009,-0.27101955439350117,1.773062747604505,ssm_yield
wheat,IN,IN-04-0187,2010,-1.1887717002195606,2.074903878565983,ssm_yield
wheat,IN,IN-04-0187,2011,-0.3540829672826495,2.826858976750718,ssm_yield
wheat,IN,IN-04-0187,2012,-0.5633562481458806,1.961051522150689,ssm_yield
wheat,IN,IN-04-0187,2013,-0.572348403011558,2.0696084201280627,ssm_yield
wheat,IN,IN-04-0187,2014,-0.5374633971141186,1.25587297350092,ssm_yield
wheat,IN,IN-04-0187,2015,-0.7766317739819938,1.8913279860514003,ssm_yield
wheat,IN,IN-04-0187,2016,-1.7872671091106325,2.510014046881798,ssm_yield
wheat,IN,IN-04-0187,2017,-1.5437587970442777,2.4305821703129884,ssm_yield
wheat,IN,IN-04-0188,2003,-0.8287263945738437,1.4579829705482252,ssm_yield
wheat,IN,IN-04-0188,2004,1.4406049715597018,1.384729128823656,ssm_yield
wheat,IN,IN-04-0188,2005,0.2911955276766288,1.2002706599027528,ssm_yield
wheat,IN,IN-04-0188,2006,-0.1084456776052976,1.2417517509997982,ssm_yield
wheat,IN,IN-04-0188,2007,-0.3484420742897507,2.0854947954418246,ssm_yield
wheat,IN,IN-04-0188,2008,-0.8599371533242616,2.12962361575783,ssm_yield
wheat,IN,IN-04-0188,2009,-0.14125750378521193,1.506524672895831,ssm_yield
wheat,IN,IN-04-0188,2010,-1.0594616038080609,2.002532613247734,ssm_yield
wheat,IN,IN-04-0188,2011,-0.35399294010876964,2.3061388970218526,ssm_yield
wheat,IN,IN-04-0188,2012,-0.48997419077218884,1.9725250154328502,ssm_yield
wheat,IN,IN-04-0188,2013,-0.5030927868641378,2.0846122190355043,ssm_yield
wheat,IN,IN-04-0188,2014,-0.29727236781795474,0.8966643761286346,ssm_yield
wheat,IN,IN-04-0188,2015,-0.9082416554716848,1.005221274106008,ssm_yield
wheat,IN,IN-04-0188,2016,-1.9287705805832032,2.113737240444068,ssm_yield
wheat,IN,IN-04-0188,2017,-1.602745925329432,1.9080969377714818,ssm_yield
wheat,IN,IN-04-0523,2003,-0.3903400171318097,0.9610924537900027,ssm_yield
wheat,IN,IN-04-0523,2004,0.470463730101773,0.9584447245710422,ssm_yield
wheat,IN,IN-04-0523,2005,-0.018213268740305835,1.2002706599027528,ssm_yield
wheat,IN,IN-04-0523,2006,-0.3413411764472098,1.616846723685845,ssm_yield
wheat,IN,IN-04-0523,2007,-0.2501236199541348,1.2708767724083618,ssm_yield
wheat,IN,IN-04-0523,2008,-0.6800999850453523,1.5559489516497573,ssm_yield
wheat,IN,IN-04-0523,2009,-0.6003137225074388,1.6177293000921653,ssm_yield
wheat,IN,IN-04-0523,2010,-1.0884537142365938,1.9654644041822893,ssm_yield
wheat,IN,IN-04-0523,2011,-0.31241486677992203,2.7112414675227834,ssm_yield
wheat,IN,IN-04-0523,2012,-0.6375882152460739,1.7924794285435477,ssm_yield
wheat,IN,IN-04-0523,2013,-0.7296901302567151,1.962816674963329,ssm_yield
wheat,IN,IN-04-0523,2014,-0.6446787345858496,1.3556041074150926,ssm_yield
wheat,IN,IN-04-0523,2015,-0.7702705771443126,1.923100736678924,ssm_yield
wheat,IN,IN-04-0523,2016,-1.4140847177971851,1.9222181602726036,ssm_yield
wheat,IN,IN-04-0523,2017,-1.1864233383663052,2.190521387793918,ssm_yield
wheat,IN,IN-04-0524,2003,-0.40563483975649967,1.6362634046248876,ssm_yield
wheat,IN,IN-04-0524,2004,0.9750428052504901,1.5921345843088823,ssm_yield
wheat,IN,IN-04-0524,2005,0.34044239827780653,1.6715664608776921,ssm_yield
wheat,IN,IN-04-0524,2006,-0.025465176154008718,1.8313127904216324,ssm_yield
wheat,IN,IN-04-0524,2007,-0.11605591502681127,1.881619645581879,ssm_yield
wheat,IN,IN-04-0524,2008,-0.6530567538213029,2.2372979373288837,ssm_yield
wheat,IN,IN-04-0524,2009,-0.3049615811312574,1.9336916535547657,ssm_yield
wheat,IN,IN-04-0524,2010,-1.1331739739518318,2.1155023932567083,ssm_yield
wheat,IN,IN-04-0524,2011,-0.23428953600317418,2.7739043923715117,ssm_yield
wheat,IN,IN-04-0524,2012,-0.5946818043309475,2.0943205595050256,ssm_yield
wheat,IN,IN-04-0524,2013,-0.6389197397383737,2.216116103577201,ssm_yield
wheat,IN,IN-04-0524,2014,-0.6181017853699591,1.7174604340063384,ssm_yield
wheat,IN,IN-04-0524,2015,-0.7033815603814146,2.010475800904615,ssm_yield
wheat,IN,IN-04-0524,2016,-1.466592937281776,2.3582109049947393,ssm_yield
wheat,IN,IN-04-0524,2017,-1.2008002299245675,2.2408282429541644,ssm_yield
wheat,IN,IN-04-0525,2003,-0.5619511111052872,1.6892179890040948,ssm_yield
wheat,IN,IN-04-0525,2004,1.262235038904588,1.7765930532297851,ssm_yield
wheat,IN,IN-04-0525,2005,0.3474968805676749,1.841903707297474,ssm_yield
wheat,IN,IN-04-0525,2006,0.08576884528214018,1.9398696883990063,ssm_yield
wheat,IN,IN-04-0525,2007,-0.21428578878278226,1.8366082488595532,ssm_yield
wheat,IN,IN-04-0525,2008,-0.7244201085833847,2.2478888542047253,ssm_yield
wheat,IN,IN-04-0525,2009,-0.24138857509004957,1.905449208552522,ssm_yield
wheat,IN,IN-04-0525,2010,-1.0883950211056896,2.031657634656298,ssm_yield
wheat,IN,IN-04-0525,2011,-0.28258048898595844,2.8771658319109648,ssm_yield
wheat,IN,IN-04-0525,2012,-0.5127978636005134,2.0237144469994166,ssm_yield
wheat,IN,IN-04-0525,2013,-0.5660117300765584,2.2858396396764893,ssm_yield
wheat,IN,IN-04-0525,2014,-0.4837501683236241,1.1278993945845037,ssm_yield
wheat,IN,IN-04-0525,2015,-0.7366608150474804,1.8639681174554763,ssm_yield
wheat,IN,IN-04-0525,2016,-1.626318430628241,2.475593567035314,ssm_yield
wheat,IN,IN-04-0525,2017,-1.3565692446813447,2.5250178457892405,ssm_yield
wheat,IN,IN-04-0526,2003,-1.2774987571309337,1.4853428391441488,ssm_yield
wheat,IN,IN-04-0526,2004,1.4085535160645417,1.6256724877490467,ssm_yield
wheat,IN,IN-04-0526,2005,0.5271091656925596,1.6680361552524121,ssm_yield
wheat,IN,IN-04-0526,2006,-0.08846802401820197,1.4994640616452701,ssm_yield
wheat,IN,IN-04-0526,2007,-0.12558805067298476,1.5206458953969528,ssm_yield
wheat,IN,IN-04-0526,2008,-0.9375886337463546,1.9734075918391707,ssm_yield
wheat,IN,IN-04-0526,2009,-0.2024670602401583,1.961051522150689,ssm_yield
wheat,IN,IN-04-0526,2010,-1.5828593296541182,2.212585797951921,ssm_yield
wheat,IN,IN-04-0526,2011,-0.4810069105398142,2.3511502937441784,ssm_yield
wheat,IN,IN-04-0526,2012,-0.5691467412722586,2.353798022963139,ssm_yield
wheat,IN,IN-04-0526,2013,-0.45974445428569805,2.3193775431166537,ssm_yield
wheat,IN,IN-04-0526,2014,-0.30358748081464193,1.1605547216183478,ssm_yield
wheat,IN,IN-04-0526,2015,-0.650353543770488,1.8763241871439582,ssm_yield
wheat,IN,IN-04-0526,2016,-2.0909059735370064,2.3785101623401017,ssm_yield
wheat,IN,IN-04-0526,2017,-1.7425771852065233,2.2734835699880085,ssm_yield
wheat,IN,IN-04-1007,2003,-0.00500856677434152,1.7439377261959412,ssm_yield
wheat,IN,IN-04-1007,2004,1.1809687712473855,1.5868391258709613,ssm_yield
wheat,IN,IN-04-1007,2005,0.8670894063251029,1.5638921393066387,ssm_yield
wheat,IN,IN-04-1007,2006,0.22688359777521971,2.042248551532139,ssm_yield
wheat,IN,IN-04-1007,2007,0.44328445084062534,2.074021302159663,ssm_yield
wheat,IN,IN-04-1007,2008,-0.17254920067344953,2.4905973659427554,ssm_yield
wheat,IN,IN-04-1007,2009,0.18053567865906617,1.9654644041822893,ssm_yield
wheat,IN,IN-04-1007,2010,-1.4133488125848348,2.458824615315232,ssm_yield
wheat,IN,IN-04-1007,2011,0.017790075538381366,2.786260462059993,ssm_yield
wheat,IN,IN-04-1007,2012,-0.5484353310511775,2.0960857123176657,ssm_yield
wheat,IN,IN-04-1007,2013,-0.2697604586386302,2.658286883143577,ssm_yield
wheat,IN,IN-04-1007,2014,-0.6069681637795316,2.253184312642645,ssm_yield
wheat,IN,IN-04-1007,2015,0.045112816088261294,1.9760553210581304,ssm_yield
wheat,IN,IN-04-1007,2016,-1.6594686172230968,2.6168057920465313,ssm_yield
wheat,IN,IN-04-1007,2017,-1.1290929995897334,2.708593738303823,ssm_yield
wheat,IN,IN-04-1008,2003,-0.7812353222279523,1.3776685175730952,ssm_yield
wheat,IN,IN-04-1008,2004,1.6086279675947133,1.1367251586477047,ssm_yield
wheat,IN,IN-04-1008,2005,0.7474240942479585,1.232925986936597,ssm_yield
wheat,IN,IN-04-1008,2006,0.15511031257140362,1.4112064210132593,ssm_yield
wheat,IN,IN-04-1008,2007,0.03126898333456634,1.431505678358622,ssm_yield
wheat,IN,IN-04-1008,2008,-0.6408853420657787,1.818074144326831,ssm_yield
wheat,IN,IN-04-1008,2009,0.01804972688762303,1.6062558068100041,ssm_yield
wheat,IN,IN-04-1008,2010,-1.2918719003282049,1.9416348412116462,ssm_yield
wheat,IN,IN-04-1008,2011,-0.2508713521523474,2.279661604832249,ssm_yield
wheat,IN,IN-04-1008,2012,-0.3301162374056752,1.4368011367965425,ssm_yield
wheat,IN,IN-04-1008,2013,-0.15056885235019202,1.9460477232432467,ssm_yield
wheat,IN,IN-04-1008,2014,-0.1529315697538421,1.224982799279716,ssm_yield
wheat,IN,IN-04-1008,2015,-0.34460019022034294,1.3970851985121375,ssm_yield
wheat,IN,IN-04-1008,2016,-2.014783648665426,3.1375258717753978,ssm_yield
wheat,IN,IN-04-1008,2017,-1.5416808931999195,2.0625478088775018,ssm_yield
wheat,IN,IN-04-1009,2003,-0.2882439070061774,0.19766386232310615,ssm_yield
wheat,IN,IN-04-1009,2004,0.5288861259773608,-0.06975678879188754,ssm_yield
wheat,IN,IN-04-1009,2005,0.08682625647512046,-0.3733630725660059,ssm_yield
wheat,IN,IN-04-1009,2006,-0.371502997072067,0.05468648449924818,ssm_yield
wheat,IN,IN-04-1009,2007,-0.19683561013937986,0.27003512764135557,ssm_yield
wheat,IN,IN-04-1009,2008,-0.6024488677009431,0.1861903690409448,ssm_yield
wheat,IN,IN-04-1009,2009,-0.5234767210486891,0.10146303403421403,ssm_yield
wheat,IN,IN-04-1009,2010,-1.067229324844107,0.24002752982647155,ssm_yield
wheat,IN,IN-04-1009,2011,-0.21748054190740515,1.1102478664581015,ssm_yield
wheat,IN,IN-04-1009,2012,-0.549822156916497,1.0617061641104952,ssm_yield
wheat,IN,IN-04-1009,2013,-0.7505944579880752,1.0290508370766513,ssm_yield
wheat,IN,IN-04-1009,2014,-0.6116237200413851,0.5639330709459525,ssm_yield
wheat,IN,IN-04-1009,2015,-0.7544304481205716,0.974331099884804,ssm_yield
wheat,IN,IN-04-1009,2016,-1.2550079694118215,1.4456269008597438,ssm_yield
wheat,IN,IN-04-1009,2017,-1.224463182922792,1.232925986936597,ssm_yield
wheat,IN,IN-04-2002,2005,0.387924096127375,0.6751376981422863,ssm_yield
wheat,IN,IN-04-2002,2006,-0.13995253496332685,0.696319531893969,ssm_yield
wheat,IN,IN-04-2002,2007,-0.22138767649594826,1.2135093059975546,ssm_yield
wheat,IN,IN-04-2002,2008,-0.8092877885719452,1.3158881691306872,ssm_yield
wheat,IN,IN-04-2002,2009,-0.15927491243805184,1.5700701741508791,ssm_yield
wheat,IN,IN-04-2002,2010,-1.1737958908458892,1.705986940724177,ssm_yield
wheat,IN,IN-04-2002,2011,-0.343017553424991,1.8224870263584314,ssm_yield
wheat,IN,IN-04-2002,2012,-0.45211351216220436,1.6097861124352841,ssm_yield
wheat,IN,IN-04-2002,2013,-0.37807600710980366,1.758058948697063,ssm_yield
wheat,IN,IN-04-2002,2014,-0.15818111948130034,0.796933242214462,ssm_yield
wheat,IN,IN-04-2002,2015,-0.7148594815631386,1.4809299571125483,ssm_yield
wheat,IN,IN-04-2002,2016,-1.9260358772971107,1.6759793429092926,ssm_yield
wheat,IN,IN-04-2002,2017,-1.6179745791872182,1.7615892543223437,ssm_yield
wheat,IN,IN-04-2003,2008,-0.915580529457458,2.374097280308501,ssm_yield
wheat,IN,IN-04-2003,2009,-0.23277347647685223,1.6265550641553663,ssm_yield
wheat,IN,IN-04-2003,2010,-1.1015307026877748,2.0254795998120567,ssm_yield
wheat,IN,IN-04-2003,2011,-0.42104513180523406,2.4579420389089113,ssm_yield
wheat,IN,IN-04-2003,2012,-0.5495644073015282,2.0272447526246973,ssm_yield
wheat,IN,IN-04-2003,2013,-0.5602213485166172,1.9778204738707712,ssm_yield
wheat,IN,IN-04-2003,2014,-0.31007720186722615,0.9575621481647223,ssm_yield
wheat,IN,IN-04-2003,2015,-0.9409775074220036,1.4800473807062282,ssm_yield
wheat,IN,IN-04-2003,2016,-1.9475996482847457,1.8154264151078705,ssm_yield
wheat,IN,IN-04-2003,2017,-1.5999562886676104,2.0060629188730146,ssm_yield
wheat,IN,IN-04-2057,2016,-2.4935638642008593,1.7757104768234655,ssm_yield
wheat,IN,IN-04-2057,2017,-2.2147606412847103,1.6486194743133693,ssm_yield
wheat,IN,IN-05-0065,2008,1.6259854369017959,-1.1641515326288256,ssm_yield
wheat,IN,IN-05-0066,2008,1.5584741268030087,-1.1517954629403442,ssm_yield
wheat,IN,IN-05-0066,2017,-0.4464715494745051,-1.0414734121503302,ssm_yield
wheat,IN,IN-05-0067,2008,2.003730437182138,-1.4668752399966238,ssm_yield
wheat,IN,IN-05-0068,2008,1.9741988310999028,-1.27800388904412,ssm_yield
wheat,IN,IN-05-0069,2008,1.817791880188639,-0.5189881796088242,ssm_yield
wheat,IN,IN-05-0071,2004,0.19475465776086182,-1.1517954629403442,ssm_yield
wheat,IN,IN-05-0071,2005,0.22855515266180904,-1.1517954629403442,ssm_yield
wheat,IN,IN-05-0071,2006,0.8785872883355378,-1.1517954629403442,ssm_yield
wheat,IN,IN-05-0071,2007,0.8050158733798622,-0.2692190566202327,ssm_yield
wheat,IN,IN-05-0071,2008,1.2574578195273707,-0.176548533956621,ssm_yield
wheat,IN,IN-05-0071,2009,0.8749149636514767,-1.1517954629403442,ssm_yield
wheat,IN,IN-05-0072,2003,-1.1753078742128817,-1.3283107442043662,ssm_yield
wheat,IN,IN-05-0072,2004,-1.510830831420974,-0.7908217127554185,ssm_yield
wheat,IN,IN-05-0072,2005,-1.1486215128355122,-0.7969997475996594,ssm_yield
wheat,IN,IN-05-0072,2006,0.6383464141646074,-1.104136336999058,ssm_yield
wheat,IN,IN-05-0072,2007,-0.1768104502449565,-0.9073217983896733,ssm_yield
wheat,IN,IN-05-0072,2008,0.9875433532846015,-1.6045571593825612,ssm_yield
wheat,IN,IN-05-0072,2009,0.39327417621112154,-0.8172990049450218,ssm_yield
wheat,IN,IN-05-0072,2010,0.6964014884103684,-0.5675298819564304,ssm_yield
wheat,IN,IN-05-0072,2011,0.9021225105510988,-0.652257216963161,ssm_yield
wheat,IN,IN-05-0072,2012,0.10864579194194622,-1.2912425351389216,ssm_yield
wheat,IN,IN-05-0072,2013,-0.9470161193392987,-0.6769693563401241,ssm_yield
wheat,IN,IN-05-0072,2014,-0.18038325281048537,-0.7599315385342147,ssm_yield
wheat,IN,IN-05-0072,2015,-0.3883417277206426,-0.842011144321985,ssm_yield
wheat,IN,IN-05-0072,2016,-0.3177521700556482,-0.9761627580826419,ssm_yield
wheat,IN,IN-05-0072,2017,-0.9957902865048801,-0.8879051174506308,ssm_yield
wheat,IN,IN-05-0073,2003,-1.4959154687727076,-1.4015645859289356,ssm_yield
wheat,IN,IN-05-0073,2004,-1.7006545289782822,-1.2347576451344344,ssm_yield
wheat,IN,IN-05-0073,2005,-1.5178133833137608,-1.0732461627778542,ssm_yield
wheat,IN,IN-05-0073,2006,0.17006146702992475,-1.2409356799786753,ssm_yield
wheat,IN,IN-05-0073,2007,-0.3993988956789511,-1.0988408785611374,ssm_yield
wheat,IN,IN-05-0073,2008,0.6181848136098541,-1.404212315147896,ssm_yield
wheat,IN,IN-05-0073,2009,0.14387716118178773,-1.2427008327913156,ssm_yield
wheat,IN,IN-05-0073,2010,0.41874309947418414,-0.5031018042950621,ssm_yield
wheat,IN,IN-05-0073,2011,0.6465661554127218,-1.1517954629403442,ssm_yield
wheat,IN,IN-05-0073,2012,-0.4275031450296478,-1.4253941488995787,ssm_yield
wheat,IN,IN-05-0073,2013,-1.3271512023412937,-1.0979583021548174,ssm_yield
wheat,IN,IN-05-0073,2014,-0.02418623752362785,-0.8799619297937498,ssm_yield
wheat,IN,IN-05-0073,2015,-0.4614558137963056,-0.3495335095953628,ssm_yield
wheat,IN,IN-05-0073,2016,-1.2761429966734763,-1.919636936438841,ssm_yield
wheat,IN,IN-05-0073,2017,-1.007826897156655,-0.8711361657305486,ssm_yield
wheat,IN,IN-05-0074,2003,-1.1467156785790837,-1.779307287833943,ssm_yield
wheat,IN,IN-05-0074,2004,-0.99998208831012,-1.5542503042223148,ssm_yield
wheat,IN,IN-05-0074,2005,-0.8062688614531298,-1.4783487332787855,ssm_yield
wheat,IN,IN-05-0074,2006,0.21624572901627562,-1.5039434490620684,ssm_yield
wheat,IN,IN-05-0074,2007,0.16293204513880694,-1.4483411354639013,ssm_yield
wheat,IN,IN-05-0074,2008,0.7794874960575388,-1.3971517038973351,ssm_yield
wheat,IN,IN-05-0074,2009,0.32482533178940126,-1.3247804385790858,ssm_yield
wheat,IN,IN-05-0074,2010,0.7164125932481351,-1.1129621010622592,ssm_yield
wheat,IN,IN-05-0074,2011,0.865821308460699,-1.334488779048607,ssm_yield
wheat,IN,IN-05-0074,2012,0.04912638857395171,-1.602792006569921,ssm_yield
wheat,IN,IN-05-0074,2013,-0.5104686490478276,-1.253291749667157,ssm_yield
wheat,IN,IN-05-0074,2014,0.2538800239735157,-0.9470377366740783,ssm_yield
wheat,IN,IN-05-0074,2015,0.1500424715202735,-1.611617770633122,ssm_yield
wheat,IN,IN-05-0074,2016,-0.5607711211079636,-1.6778110011071306,ssm_yield
wheat,IN,IN-05-0074,2017,-0.44866280860250174,-1.4059774679605361,ssm_yield
wheat,IN,IN-05-0075,2003,-1.1863927133803795,-1.4854093445293464,ssm_yield
wheat,IN,IN-05-0075,2004,-0.9761064827023047,-1.1164924066875397,ssm_yield
wheat,IN,IN-05-0075,2005,-0.7167049069308623,-1.1156098302812196,ssm_yield
wheat,IN,IN-05-0075,2006,0.19877375944035808,-0.9373293962045569,ssm_yield
wheat,IN,IN-05-0075,2007,0.16968388368204915,-0.9390945490171971,ssm_yield
wheat,IN,IN-05-0075,2008,0.4816068703853901,-0.9761627580826419,ssm_yield
wheat,IN,IN-05-0075,2009,0.24040872029525687,-1.1226704415317805,ssm_yield
wheat,IN,IN-05-0075,2010,0.6922440770669477,-0.9293862085476761,ssm_yield
wheat,IN,IN-05-0075,2011,0.935853379465357,-1.152678039346664,ssm_yield
wheat,IN,IN-05-0075,2012,-0.029052310781769883,-1.2391705271660352,ssm_yield
wheat,IN,IN-05-0075,2013,-0.6031403824818021,-1.1950417068500294,ssm_yield
wheat,IN,IN-05-0075,2014,0.3751001738676439,-0.6372534180557192,ssm_yield
wheat,IN,IN-05-0075,2015,0.27533381441584764,-1.2365227979470748,ssm_yield
wheat,IN,IN-05-0075,2016,-0.7817009715370509,-0.8243596161955827,ssm_yield
wheat,IN,IN-05-0075,2017,-0.3015705651004717,-0.6981511900918068,ssm_yield
wheat,IN,IN-05-0076,2003,-1.6003418593076568,-1.578079867192958,ssm_yield
wheat,IN,IN-05-0076,2004,-0.9998224794258511,-1.2329924923217943,ssm_yield
wheat,IN,IN-05-0076,2005,-0.7995317563928868,-1.3071289104526838,ssm_yield
wheat,IN,IN-05-0076,2006,0.09435438709336197,-1.4960002614051877,ssm_yield
wheat,IN,IN-05-0076,2007,0.07218612107968342,-1.152678039346664,ssm_yield
wheat,IN,IN-05-0076,2009,0.28679882514341704,-1.19680685966267,ssm_yield
wheat,IN,IN-05-0076,2010,0.47339671035887804,-1.1544431921593046,ssm_yield
wheat,IN,IN-05-0076,2011,1.060848462727992,-1.481879038904066,ssm_yield
wheat,IN,IN-05-0076,2012,-0.3222017793506652,-1.2824167710757206,ssm_yield
wheat,IN,IN-05-0076,2013,-0.8358793264521581,-1.1879810955994685,ssm_yield
wheat,IN,IN-05-0076,2014,0.6738159316662402,-1.127083323563381,ssm_yield
wheat,IN,IN-05-0076,2015,0.12883997800207678,-1.563076068285516,ssm_yield
wheat,IN,IN-05-0076,2016,-1.0146061880972532,-1.2171061170080322,ssm_yield
wheat,IN,IN-05-0076,2017,-0.11246714505159804,-1.1667992618477858,ssm_yield
wheat,IN,IN-05-0077,2003,-1.009709150650221,-1.5171820951568704,ssm_yield
wheat,IN,IN-05-0077,2004,-0.1574514020414736,-1.4898222265609469,ssm_yield
wheat,IN,IN-05-0077,2005,0.2137078014022284,-1.4977654142178276,ssm_yield
wheat,IN,IN-05-0077,2006,0.4595775730053525,-1.380382752177253,ssm_yield
wheat,IN,IN-05-0077,2007,0.5460345173549439,-0.9673369940194407,ssm_yield
wheat,IN,IN-05-0077,2008,0.5352265299428882,-1.1403219696581828,ssm_yield
wheat,IN,IN-05-0077,2009,0.30190299723662106,-0.857897519635747,ssm_yield
wheat,IN,IN-05-0077,2010,0.2841668583853656,-0.977045334488962,ssm_yield
wheat,IN,IN-05-0077,2011,1.0859957263058948,-1.0776590448094547,ssm_yield
wheat,IN,IN-05-0077,2012,-0.33511551944235257,-0.826124769008223,ssm_yield
wheat,IN,IN-05-0077,2013,-0.2913787700468474,-0.9082043747959934,ssm_yield
wheat,IN,IN-05-0077,2014,1.302788374710771,-0.9382119726108772,ssm_yield
wheat,IN,IN-05-0077,2015,0.4676800860909668,-1.0502991762135312,ssm_yield
wheat,IN,IN-05-0077,2016,-1.0902280093405017,-0.8517194847915062,ssm_yield
wheat,IN,IN-05-0077,2017,0.2854716387638796,-0.8526020611978263,ssm_yield
wheat,IN,IN-05-0078,2003,-1.4397834395401752,-1.8322618722131498,ssm_yield
wheat,IN,IN-05-0078,2004,-1.5404803122844906,-1.7907807811161045,ssm_yield
wheat,IN,IN-05-0078,2005,-1.3767034530957694,-1.7104663281409747,ssm_yield
wheat,IN,IN-05-0078,2006,0.2413275297780695,-1.5507199985970344,ssm_yield
wheat,IN,IN-05-0078,2007,-0.2422520210339858,-1.501295719843108,ssm_yield
wheat,IN,IN-05-0078,2008,0.6315484471296398,-1.697227682046173,ssm_yield
wheat,IN,IN-05-0078,2009,0.29010378080819627,-1.5736669851613574,ssm_yield
wheat,IN,IN-05-0078,2010,0.4889769908189666,-1.4448108298386209,ssm_yield
wheat,IN,IN-05-0078,2011,0.8150584355449257,-1.6601594729807283,ssm_yield
wheat,IN,IN-05-0078,2012,-0.5186084539468597,-1.5913185132877596,ssm_yield
wheat,IN,IN-05-0078,2013,-1.170532711790151,-1.1517954629403442,ssm_yield
wheat,IN,IN-05-0078,2014,0.2590468288987094,-1.2453485620102758,ssm_yield
wheat,IN,IN-05-0078,2015,-0.2901416890634086,-1.6769284247008103,ssm_yield
wheat,IN,IN-05-0078,2016,-1.2672214030995153,-1.2021023181005903,ssm_yield
wheat,IN,IN-05-0078,2017,-0.648256513313556,-1.3230152857664457,ssm_yield
wheat,IN,IN-05-0079,2003,-1.2608420541620544,-1.6469208268859266,ssm_yield
wheat,IN,IN-05-0079,2004,-0.7717946171600882,-1.420098690461658,ssm_yield
wheat,IN,IN-05-0079,2005,-0.47197050002466345,-1.3680266824887715,ssm_yield
wheat,IN,IN-05-0079,2006,0.29386137449384836,-1.413038079211097,ssm_yield
wheat,IN,IN-05-0079,2007,0.1879035435564451,-1.184450789974188,ssm_yield
wheat,IN,IN-05-0079,2008,0.5231198500110237,-1.1517954629403442,ssm_yield
wheat,IN,IN-05-0079,2009,0.24665363973962726,-1.0900151144979362,ssm_yield
wheat,IN,IN-05-0079,2010,0.22190643560710419,-0.7669921497847756,ssm_yield
wheat,IN,IN-05-0079,2011,0.9997493651967749,-0.635488265243079,ssm_yield
wheat,IN,IN-05-0079,2012,-0.4796977261760519,-0.8764316241684693,ssm_yield
wheat,IN,IN-05-0079,2013,-0.5799411710990846,-0.494276040231861,ssm_yield
wheat,IN,IN-05-0079,2014,0.7643061116766865,-0.5534086594553086,ssm_yield
wheat,IN,IN-05-0079,2015,0.12118960161373687,-1.1332613584076219,ssm_yield
wheat,IN,IN-05-0079,2016,-1.2035510244112673,-0.2612758689633518,ssm_yield
wheat,IN,IN-05-0079,2017,0.014754535351011806,-0.18978718005142278,ssm_yield
wheat,IN,IN-05-0080,2008,1.5942752605885762,-0.18537429801982194,ssm_yield
wheat,IN,IN-05-0082,2008,1.5734058204865726,-0.1986129441146237,ssm_yield
wheat,IN,IN-05-0549,2010,0.6449844259707668,-1.1517954629403442,ssm_yield
wheat,IN,IN-05-0549,2011,0.9897813674623591,-1.1517954629403442,ssm_yield
wheat,IN,IN-05-1010,2003,-1.403543362459379,-0.977045334488962,ssm_yield
wheat,IN,IN-05-1010,2004,-1.12666690189706,-0.6646132866516425,ssm_yield
wheat,IN,IN-05-1010,2005,-0.9011874039862036,-0.6222496191482771,ssm_yield
wheat,IN,IN-05-1010,2006,0.15680969056994293,-0.8843748118253504,ssm_yield
wheat,IN,IN-05-1010,2007,0.1426755265744618,-0.5781207988322717,ssm_yield
wheat,IN,IN-05-1010,2009,0.39181175632592075,-0.8217118869766223,ssm_yield
wheat,IN,IN-05-1010,2010,0.7657360455319696,-1.0035226266785655,ssm_yield
wheat,IN,IN-05-1010,2011,1.055274121061366,-1.0803067740284151,ssm_yield
wheat,IN,IN-05-1010,2012,-0.03575459797306612,-1.247113714822916,ssm_yield
wheat,IN,IN-05-1010,2013,-0.7200419375006186,-1.0132309671480866,ssm_yield
wheat,IN,IN-05-1010,2014,0.4523876559462378,-0.6646132866516425,ssm_yield
wheat,IN,IN-05-1010,2015,0.18568063795604894,-0.8146512757260617,ssm_yield
wheat,IN,IN-05-1010,2016,-0.7968765899503222,-0.9037914927643929,ssm_yield
wheat,IN,IN-05-1010,2017,-0.29849952935357255,-0.7184504474371693,ssm_yield
wheat,IN,IN-05-1012,2003,-1.2193503571269775,-1.5313033176579922,ssm_yield
wheat,IN,IN-05-1012,2004,-0.9968635972401717,-0.9858710985521631,ssm_yield
wheat,IN,IN-05-1012,2005,-0.7516187758884612,-1.262117513730358,ssm_yield
wheat,IN,IN-05-1012,2006,0.7695667874598067,-1.2427008327913156,ssm_yield
wheat,IN,IN-05-1012,2007,0.2412964732409542,-1.1517954629403442,ssm_yield
wheat,IN,IN-05-1012,2008,1.2397998320968648,-1.6222086875089634,ssm_yield
wheat,IN,IN-05-1012,2009,0.5796159025017626,-1.2727084306061993,ssm_yield
wheat,IN,IN-05-1012,2010,0.9939886416337004,-1.0670681279336134,ssm_yield
wheat,IN,IN-05-1012,2011,1.2321200870473827,-1.2753561598251597,ssm_yield
wheat,IN,IN-05-1012,2012,0.4283700773403649,-0.6434314528999598,ssm_yield
wheat,IN,IN-05-1012,2013,-0.5401264878755463,-1.1517954629403442,ssm_yield
wheat,IN,IN-05-1012,2014,0.19862462864609118,-0.31687818256151873,ssm_yield
wheat,IN,IN-05-1012,2015,0.1772590319087453,-1.2691781249809189,ssm_yield
wheat,IN,IN-05-1012,2016,-0.29156744427643716,-1.1306136291886615,ssm_yield
wheat,IN,IN-05-1012,2017,-0.7002328649715959,-1.0344128008997693,ssm_yield
wheat,IN,IN-05-1013,2003,-1.3848229083803063,-1.8419702126826711,ssm_yield
wheat,IN,IN-05-1013,2004,-1.4692979837789324,-1.4386327949943802,ssm_yield
wheat,IN,IN-05-1013,2005,-1.2402046292211826,-1.2682955485745988,ssm_yield
wheat,IN,IN-05-1013,2006,0.14782315777466748,-1.538363928908553,ssm_yield
wheat,IN,IN-05-1013,2007,-0.05366419948517689,-1.3133069452969246,ssm_yield
wheat,IN,IN-05-1013,2008,0.6674246904002457,-1.3759698701456524,ssm_yield
wheat,IN,IN-05-1013,2009,0.3516630612575595,-1.602792006569921,ssm_yield
wheat,IN,IN-05-1013,2010,0.7081810707962173,-1.2347576451344344,ssm_yield
wheat,IN,IN-05-1013,2011,0.9446884466519625,-1.5524851514096747,ssm_yield
wheat,IN,IN-05-1013,2012,-0.04461767481030264,-1.4615797815587033,ssm_yield
wheat,IN,IN-05-1013,2013,-0.870620893351129,-1.2771213126377998,ssm_yield
wheat,IN,IN-05-1013,2014,0.16835494454544442,-1.0829545032473753,ssm_yield
wheat,IN,IN-05-1013,2015,-0.059594907969197045,-1.443045677025981,ssm_yield
wheat,IN,IN-05-1013,2016,-0.9144382011384449,-1.7890156283034644,ssm_yield
wheat,IN,IN-05-1013,2017,-0.6417873837732282,-1.5595457626602356,ssm_yield
wheat,IN,IN-05-1014,2003,-0.9445728439223923,-1.889629338623957,ssm_yield
wheat,IN,IN-05-1014,2004,-0.5768882409376016,-1.548072269378074,ssm_yield
wheat,IN,IN-05-1014,2005,-0.44871710092727,-1.459814628746063,ssm_yield
wheat,IN,IN-05-1014,2006,0.6251521825812728,-1.3053637576400434,ssm_yield
wheat,IN,IN-05-1014,2007,0.4763368989135643,-1.334488779048607,ssm_yield
wheat,IN,IN-05-1014,2008,1.1779321207712226,-1.4395153714007005,ssm_yield
wheat,IN,IN-05-1014,2009,0.5084955465514344,-1.4068600443668564,ssm_yield
wheat,IN,IN-05-1014,2010,0.9461666150673033,-1.3539054599876497,ssm_yield
wheat,IN,IN-05-1014,2011,1.0747382397258893,-1.0582423638704122,ssm_yield
wheat,IN,IN-05-1014,2012,0.36642968396189124,-1.7122314809536148,ssm_yield
wheat,IN,IN-05-1014,2013,-0.22723071502166922,-1.3997994331162955,ssm_yield
wheat,IN,IN-05-1014,2014,0.39040500541487627,-1.3759698701456524,ssm_yield
wheat,IN,IN-05-1014,2015,0.4790929633328806,-1.6557465909491276,ssm_yield
wheat,IN,IN-05-1014,2016,-0.19450259522058524,-1.135909087626582,ssm_yield
wheat,IN,IN-05-1014,2017,-0.36572556530125166,-1.778424711427623,ssm_yield
wheat,IN,IN-05-1015,2003,-1.4586563833248305,-1.9399361937842035,ssm_yield
wheat,IN,IN-05-1015,2004,-1.6932396135660641,-1.6389776392290456,ssm_yield
wheat,IN,IN-05-1015,2005,-1.4510472898320996,-1.6380950628227253,ssm_yield
wheat,IN,IN-05-1015,2006,0.210351967299698,-1.8984551026871583,ssm_yield
wheat,IN,IN-05-1015,2007,-0.2939235948055306,-1.5771972907866378,ssm_yield
wheat,IN,IN-05-1015,2008,0.6970009120966075,-1.6442730976669664,ssm_yield
wheat,IN,IN-05-1015,2009,0.32686042145223865,-1.617795805477363,ssm_yield
wheat,IN,IN-05-1015,2010,0.6352602724136641,-1.3618486476445306,ssm_yield
wheat,IN,IN-05-1015,2011,0.8848401167457733,-1.5295381648453517,ssm_yield
wheat,IN,IN-05-1015,2012,-0.1996300945380353,-1.501295719843108,ssm_yield
wheat,IN,IN-05-1015,2013,-1.167457903998817,-1.285947076701001,ssm_yield
wheat,IN,IN-05-1015,2014,0.14453405957271045,-0.9020263399517526,ssm_yield
wheat,IN,IN-05-1015,2015,-0.27221377456519147,-1.7078185989220143,ssm_yield
wheat,IN,IN-05-1015,2016,-1.1769755777359971,-1.8040194272109062,ssm_yield
wheat,IN,IN-05-1015,2017,-0.800746678099356,-1.5604283390665556,ssm_yield
wheat,IN,IN-05-1016,2008,1.7118805591856125,-0.4810373941370594,ssm_yield
wheat,IN,IN-05-2004,2008,0.9527219120487507,-0.7105072597802884,ssm_yield
wheat,IN,IN-05-2005,2008,1.1022988839190417,-0.9417422782361576,ssm_yield
wheat,IN,IN-05-2025,2010,0.42186079541649724,-1.2453485620102758,ssm_yield
wheat,IN,IN-05-2025,2011,1.0512879207968047,-1.5092389074999892,ssm_yield
wheat,IN,IN-05-2025,2012,-0.49211195390330054,-1.3362539318612474,ssm_yield
wheat,IN,IN-05-2025,2013,-0.83152094841384,-1.1994545888816301,ssm_yield
wheat,IN,IN-05-2025,2014,0.6275885265610307,-1.1023711841864179,ssm_yield
wheat,IN,IN-05-2025,2015,0.016456338483594225,-1.5092389074999892,ssm_yield
wheat,IN,IN-05-2025,2016,-1.1753401290388756,-1.1120795246559392,ssm_yield
wheat,IN,IN-05-2025,2017,-0.14666903285092778,-1.3283107442043662,ssm_yield
wheat,IN,IN-06-0007,2003,0.1574282885096652,-0.4139615872567309,ssm_yield
wheat,IN,IN-06-0007,2004,0.7857961372601008,-0.4166093164756913,ssm_yield
wheat,IN,IN-06-0007,2005,0.42616559617082617,-0.1333022900469356,ssm_yield
wheat,IN,IN-06-0007,2006,0.5684264358766323,-0.176548533956621,ssm_yield
wheat,IN,IN-06-0007,2007,0.4357086106210558,-0.7272762115003705,ssm_yield
wheat,IN,IN-06-0007,2008,0.15292669982343596,-0.3945449063176884,ssm_yield
wheat,IN,IN-06-0007,2009,0.07394318304371203,-0.5675298819564304,ssm_yield
wheat,IN,IN-06-0007,2010,0.3342419567126335,0.5498118484448307,ssm_yield
wheat,IN,IN-06-0007,2011,0.054901395140751,0.6689596632980459,ssm_yield
wheat,IN,IN-06-0007,2012,0.7943197879485362,0.38477006046296996,ssm_yield
wheat,IN,IN-06-0007,2013,0.9703486639350194,0.418307963903134,ssm_yield
wheat,IN,IN-06-0007,2014,1.626481878036599,0.6336566070452414,ssm_yield
wheat,IN,IN-06-0007,2015,1.3471546035273605,1.0820054214558579,ssm_yield
wheat,IN,IN-06-0007,2016,0.48027341874111096,1.2602858555325205,ssm_yield
wheat,IN,IN-06-0007,2017,0.6391291599463131,1.2973540645979649,ssm_yield
wheat,IN,IN-06-0008,2003,-0.16637290711210892,-1.0926628437168966,ssm_yield
wheat,IN,IN-06-0008,2004,0.7853565569375069,-1.4192161140553379,ssm_yield
wheat,IN,IN-06-0008,2005,0.39633190095124704,-1.191511401224749,ssm_yield
wheat,IN,IN-06-0008,2006,0.5478396421976561,-1.364496376863491,ssm_yield
wheat,IN,IN-06-0008,2007,0.5184079931566967,-1.2418182563849953,ssm_yield
wheat,IN,IN-06-0008,2008,0.5424038243408701,-1.3150720981095647,ssm_yield
wheat,IN,IN-06-0008,2009,0.006630645423358423,-0.8631929780736677,ssm_yield
wheat,IN,IN-06-0008,2010,0.31464575381785564,-0.6955034608728465,ssm_yield
wheat,IN,IN-06-0008,2011,0.2400482583911611,-0.8755490477621493,ssm_yield
wheat,IN,IN-06-0008,2012,0.4622086504760439,-0.8914354230759113,ssm_yield
wheat,IN,IN-06-0008,2013,0.7221371707477073,-0.8834922354190302,ssm_yield
wheat,IN,IN-06-0008,2014,1.3057653027205123,-0.7334542463446113,ssm_yield
wheat,IN,IN-06-0008,2015,1.0537079124233046,-0.842893720728305,ssm_yield
wheat,IN,IN-06-0008,2016,0.3931548799603621,-0.4201396221009718,ssm_yield
wheat,IN,IN-06-0008,2017,0.26586253641354796,0.15971307685134162,ssm_yield
wheat,IN,IN-06-0009,2003,-0.025756683306000314,-0.25068495208751046,ssm_yield
wheat,IN,IN-06-0009,2004,0.3667771504249822,-0.509279839139303,ssm_yield
wheat,IN,IN-06-0009,2005,0.12118586113811955,-0.6946208844665264,ssm_yield
wheat,IN,IN-06-0009,2006,0.2752348004534278,-0.3768933781912864,ssm_yield
wheat,IN,IN-06-0009,2007,0.35361488774358496,-0.25333268130647085,ssm_yield
wheat,IN,IN-06-0009,2008,0.2868935581792424,-0.1668401934870997,ssm_yield
wheat,IN,IN-06-0009,2009,-0.16391786615817613,1.3432480377266107,ssm_yield
wheat,IN,IN-06-0009,2010,0.3476404338410974,0.9637401830089627,ssm_yield
wheat,IN,IN-06-0009,2011,0.22859976955018843,-0.01856735722532123,ssm_yield
wheat,IN,IN-06-0009,2012,0.4712245845986959,0.7598650331490171,ssm_yield
wheat,IN,IN-06-0009,2013,0.7290711266437375,-0.02651054488220214,ssm_yield
wheat,IN,IN-06-0009,2014,1.5128106141842637,0.5559898832890715,ssm_yield
wheat,IN,IN-06-0009,2015,1.2380582721899684,1.3679601771035739,ssm_yield
wheat,IN,IN-06-0009,2016,0.34733050080201294,0.8154673467471842,ssm_yield
wheat,IN,IN-06-0009,2017,0.4381154252410773,0.9849220167606454,ssm_yield
wheat,IN,IN-06-0010,2003,-0.02173329171260415,0.6160050789188392,ssm_yield
wheat,IN,IN-06-0010,2004,0.5272166110750995,0.4845011943771425,ssm_yield
wheat,IN,IN-06-0010,2005,0.1945730784499647,0.5824671754786747,ssm_yield
wheat,IN,IN-06-0010,2006,0.29382271213862193,0.4924443820340234,ssm_yield
wheat,IN,IN-06-0010,2007,0.3326275786009506,0.49332695844034347,ssm_yield
wheat,IN,IN-06-0010,2008,-0.009328265697768725,0.6530732879842837,ssm_yield
wheat,IN,IN-06-0010,2009,-0.05196216834707342,0.2620919399844742,ssm_yield
wheat,IN,IN-06-0010,2010,0.38558981031429407,0.876365118783272,ssm_yield
wheat,IN,IN-06-0010,2011,0.11416833808038311,1.479164804299908,ssm_yield
wheat,IN,IN-06-0010,2012,0.6944940862770935,0.5577550361017115,ssm_yield
wheat,IN,IN-06-0010,2013,0.9506250528728637,-0.15889700583021876,ssm_yield
wheat,IN,IN-06-0010,2014,1.5589304515361808,0.829588569248306,ssm_yield
wheat,IN,IN-06-0010,2015,1.4149252665614585,1.5700701741508791,ssm_yield
wheat,IN,IN-06-0010,2016,0.4422790631002913,1.5312368122727946,ssm_yield
wheat,IN,IN-06-0010,2017,0.7078485684648016,1.042289483171453,ssm_yield
wheat,IN,IN-06-0011,2003,0.06017181343778177,-1.2021023181005903,ssm_yield
wheat,IN,IN-06-0011,2004,0.6855907552759383,-1.2974205699831625,ssm_yield
wheat,IN,IN-06-0011,2005,0.38991474920608526,-1.253291749667157,ssm_yield
wheat,IN,IN-06-0011,2006,0.5263594956315978,-1.1809204843489076,ssm_yield
wheat,IN,IN-06-0011,2007,0.5141104223141352,-1.2885948059199615,ssm_yield
wheat,IN,IN-06-0011,2008,0.4217805221277434,-1.263000090136678,ssm_yield
wheat,IN,IN-06-0011,2009,-0.04561523378837205,-1.3000682992021229,ssm_yield
wheat,IN,IN-06-0011,2010,0.3502138052368585,-1.2276970338838735,ssm_yield
wheat,IN,IN-06-0011,2011,0.21709382155505552,-1.0608900930893725,ssm_yield
wheat,IN,IN-06-0011,2012,0.6159316809508815,0.46596708984442026,ssm_yield
wheat,IN,IN-06-0011,2013,0.8854557506484478,-0.04151434378964395,ssm_yield
wheat,IN,IN-06-0011,2014,1.546680529045542,0.5153913685983461,ssm_yield
wheat,IN,IN-06-0011,2015,1.2841755250213451,0.0917546935646927,ssm_yield
wheat,IN,IN-06-0011,2016,0.4907769416667702,0.5665808001649129,ssm_yield
wheat,IN,IN-06-0011,2017,0.47772230271277205,0.2691525512350351,ssm_yield
wheat,IN,IN-06-0012,2003,0.09369672217348339,-1.2585872081050775,ssm_yield
wheat,IN,IN-06-0012,2004,0.8079656012876293,-1.2382879507597149,ssm_yield
wheat,IN,IN-06-0012,2005,0.5088979346482213,-1.206515200132191,ssm_yield
wheat,IN,IN-06-0012,2006,0.6263115243009227,-1.27800388904412,ssm_yield
wheat,IN,IN-06-0012,2007,0.5978307055157792,-1.2674129721682788,ssm_yield
wheat,IN,IN-06-0012,2008,0.440644754394638,-1.2356402215407547,ssm_yield
wheat,IN,IN-06-0012,2009,0.011290548907437843,-1.3512577307686893,ssm_yield
wheat,IN,IN-06-0012,2010,0.32206436379610665,-1.1923939776310692,ssm_yield
wheat,IN,IN-06-0012,2011,0.14375198306526965,-1.1765076023173073,ssm_yield
wheat,IN,IN-06-0012,2012,0.6852197165490674,-0.5181056032025041,ssm_yield
wheat,IN,IN-06-0012,2013,0.8652088261633436,-0.4801548177307394,ssm_yield
wheat,IN,IN-06-0012,2014,1.4181141615968842,-0.6372534180557192,ssm_yield
wheat,IN,IN-06-0012,2015,1.2590746652364013,0.06439482496876951,ssm_yield
wheat,IN,IN-06-0012,2016,0.5076049066072365,0.8834257300338328,ssm_yield
wheat,IN,IN-06-0012,2017,0.44308002692122506,0.29298211420567827,ssm_yield
wheat,IN,IN-06-0013,2003,-0.040119984404955504,-1.032647648087129,ssm_yield
wheat,IN,IN-06-0013,2004,0.6527262048443537,-1.1014886077800978,ssm_yield
wheat,IN,IN-06-0013,2005,0.251488654203067,-1.0935454201232166,ssm_yield
wheat,IN,IN-06-0013,2006,0.28928518024446787,-1.104136336999058,ssm_yield
wheat,IN,IN-06-0013,2007,0.167110639199757,-1.2012197416942705,ssm_yield
wheat,IN,IN-06-0013,2008,-0.22505701484424884,-0.9276210557350358,ssm_yield
wheat,IN,IN-06-0013,2009,0.1570184261600975,-0.787291407130138,ssm_yield
wheat,IN,IN-06-0013,2010,0.4058791549771849,-1.0803067740284151,ssm_yield
wheat,IN,IN-06-0013,2011,0.13353423188926117,-0.7308065171256509,ssm_yield
wheat,IN,IN-06-0013,2012,0.744891914899454,-0.1747833811439806,ssm_yield
wheat,IN,IN-06-0013,2013,0.9902371329966968,-0.3936623299113684,ssm_yield
wheat,IN,IN-06-0013,2014,1.755067426808776,-0.1544841237986183,ssm_yield
wheat,IN,IN-06-0013,2015,1.5151960848315964,-0.10152953941941158,ssm_yield
wheat,IN,IN-06-0013,2016,0.22931402298451217,0.3988912829640917,ssm_yield
wheat,IN,IN-06-0013,2017,0.7134933063682476,0.8013461242460624,ssm_yield
wheat,IN,IN-06-0014,2003,0.04266809876927109,-0.7290413643130107,ssm_yield
wheat,IN,IN-06-0014,2004,0.7527888591330139,-0.7572838093152542,ssm_yield
wheat,IN,IN-06-0014,2005,0.33090778327899567,-0.7184504474371693,ssm_yield
wheat,IN,IN-06-0014,2006,0.41339899268826413,-0.913499833233914,ssm_yield
wheat,IN,IN-06-0014,2007,0.1585153367957066,-0.6381359944620392,ssm_yield
wheat,IN,IN-06-0014,2008,-0.1730866377518794,-0.2983440780287963,ssm_yield
wheat,IN,IN-06-0014,2009,0.1260625062267596,-0.366302461315445,ssm_yield
wheat,IN,IN-06-0014,2010,0.23833298584164334,0.07233801262565043,ssm_yield
wheat,IN,IN-06-0014,2011,-0.0793813508266674,0.1420615487249394,ssm_yield
wheat,IN,IN-06-0014,2012,0.661820214999773,-0.23568115318006863,ssm_yield
wheat,IN,IN-06-0014,2013,0.8432173508795999,-0.39807521194296885,ssm_yield
wheat,IN,IN-06-0014,2014,1.606753296628782,-0.12712425520269474,ssm_yield
wheat,IN,IN-06-0014,2015,1.259918442925868,-0.25774556333807136,ssm_yield
wheat,IN,IN-06-0014,2016,0.07809760463153277,1.0590584348915348,ssm_yield
wheat,IN,IN-06-0014,2017,0.4791447023089975,1.0546455528599343,ssm_yield
wheat,IN,IN-06-0015,2003,-0.6355805711061496,-0.1977303677083037,ssm_yield
wheat,IN,IN-06-0015,2004,0.3481183054379483,-0.5922420213333935,ssm_yield
wheat,IN,IN-06-0015,2005,-0.10447990609220055,-0.8543672140104666,ssm_yield
wheat,IN,IN-06-0015,2006,-0.2397735035709222,-0.8464240263535855,ssm_yield
wheat,IN,IN-06-0015,2007,-0.4295816181383955,-0.946155160267758,ssm_yield
wheat,IN,IN-06-0015,2008,-0.650326960828295,-0.3151130297488785,ssm_yield
wheat,IN,IN-06-0015,2009,-0.22228098158153226,-0.5639995763311499,ssm_yield
wheat,IN,IN-06-0015,2010,-0.2711201090030805,-0.9143824096402342,ssm_yield
wheat,IN,IN-06-0015,2011,-0.44423472660637553,-0.15183639457965786,ssm_yield
wheat,IN,IN-06-0015,2012,0.022650348082883215,0.22855403654431017,ssm_yield
wheat,IN,IN-06-0015,2013,0.21333979634102548,-0.24538949364958956,ssm_yield
wheat,IN,IN-06-0015,2014,0.8655842210650163,0.13853124309965895,ssm_yield
wheat,IN,IN-06-0015,2015,0.3100852039465568,-0.34423805115744216,ssm_yield
wheat,IN,IN-06-0015,2016,-0.6147956095631417,0.44302010328009717,ssm_yield
wheat,IN,IN-06-0015,2017,-0.31273641559453125,0.17295172294614303,ssm_yield
wheat,IN,IN-06-0016,2003,-0.10951612499983854,-0.5181056032025041,ssm_yield
wheat,IN,IN-06-0016,2004,0.5495904243069916,-0.5339919785162661,ssm_yield
wheat,IN,IN-06-0016,2005,0.16646063224371058,-0.7899391363490985,ssm_yield
wheat,IN,IN-06-0016,2006,0.07581091587736184,-1.000874897459605,ssm_yield
wheat,IN,IN-06-0016,2007,-0.233977240709087,-1.1147272538748993,ssm_yield
wheat,IN,IN-06-0016,2008,-0.5209182445800461,-0.6857951204033252,ssm_yield
wheat,IN,IN-06-0016,2009,-0.01694030834890274,-0.7731701846290162,ssm_yield
wheat,IN,IN-06-0016,2010,-0.08970098025917843,-0.9699847232384011,ssm_yield
wheat,IN,IN-06-0016,2011,-0.3226366695060274,-0.6849125439970052,ssm_yield
wheat,IN,IN-06-0016,2012,0.2945938467014784,0.14912215997550027,ssm_yield
wheat,IN,IN-06-0016,2013,0.4275053899651577,-0.042396920195963965,ssm_yield
wheat,IN,IN-06-0016,2014,1.1072143046046128,-0.08652574051196976,ssm_yield
wheat,IN,IN-06-0016,2015,0.6821701901926568,-0.41925704569465155,ssm_yield
wheat,IN,IN-06-0016,2016,-0.467907131993889,0.4827360415645021,ssm_yield
wheat,IN,IN-06-0016,2017,-0.12042024109762135,0.10058045762789401,ssm_yield
wheat,IN,IN-06-0017,2003,-0.19236487858765325,-1.0467688705882507,ssm_yield
wheat,IN,IN-06-0017,2004,0.3516253426153016,-1.0926628437168966,ssm_yield
wheat,IN,IN-06-0017,2005,-0.07645145113891039,-1.1385568168455424,ssm_yield
wheat,IN,IN-06-0017,2006,0.01604670219349678,-1.2056326237258708,ssm_yield
wheat,IN,IN-06-0017,2007,-0.2735932869100898,-1.157973497784585,ssm_yield
wheat,IN,IN-06-0017,2008,-0.5034436434772277,-0.7502231980646934,ssm_yield
wheat,IN,IN-06-0017,2009,-0.20229923459760168,-0.7793482194732572,ssm_yield
wheat,IN,IN-06-0017,2010,-0.24014408368464465,-0.7819959486922173,ssm_yield
wheat,IN,IN-06-0017,2011,-0.5036269267825714,-0.668143592276923,ssm_yield
wheat,IN,IN-06-0017,2012,0.13922617504991996,-0.36188957928384435,ssm_yield
wheat,IN,IN-06-0017,2013,0.19797430354831527,-0.4651510188232974,ssm_yield
wheat,IN,IN-06-0017,2014,0.90332118336805,-0.31158272412359805,ssm_yield
wheat,IN,IN-06-0017,2015,0.4591471845294022,-0.4845676997623399,ssm_yield
wheat,IN,IN-06-0017,2016,-0.3698301138808178,0.6707248161106859,ssm_yield
wheat,IN,IN-06-0017,2017,-0.07157141368460541,0.3538798862417659,ssm_yield
wheat,IN,IN-06-0018,2003,0.0684181841083389,-0.9761627580826419,ssm_yield
wheat,IN,IN-06-0018,2004,0.6320600489270523,-1.0811893504347352,ssm_yield
wheat,IN,IN-06-0018,2005,0.023148930275610692,-1.1314962055949815,ssm_yield
wheat,IN,IN-06-0018,2006,-0.013952507978532817,-1.2797690418567602,ssm_yield
wheat,IN,IN-06-0018,2007,-0.06862601493820829,-1.43775021858806,ssm_yield
wheat,IN,IN-06-0018,2008,-0.3355047388755877,-1.097075725748497,ssm_yield
wheat,IN,IN-06-0018,2009,-0.11341022387099196,-1.1385568168455424,ssm_yield
wheat,IN,IN-06-0018,2010,-0.25594426830889727,-1.3035986048274033,ssm_yield
wheat,IN,IN-06-0018,2011,-0.5904279606880349,-0.8905528466695911,ssm_yield
wheat,IN,IN-06-0018,2012,0.1652679204559087,0.12441002059853715,ssm_yield
wheat,IN,IN-06-0018,2013,0.1595575302785356,-0.21096901380310548,ssm_yield
wheat,IN,IN-06-0018,2014,0.7331443799106179,0.9946303572301668,ssm_yield
wheat,IN,IN-06-0018,2015,0.29371208503924756,-0.175665957550301,ssm_yield
wheat,IN,IN-06-0018,2016,-0.5471428443349695,0.5003875696909044,ssm_yield
wheat,IN,IN-06-0018,2017,-0.18416412556644862,0.5074481809414653,ssm_yield
wheat,IN,IN-06-0019,2003,0.54765754904365,-1.2885948059199615,ssm_yield
wheat,IN,IN-06-0019,2004,1.2947292277643727,-1.3618486476445306,ssm_yield
wheat,IN,IN-06-0019,2005,0.6246754213568787,-1.3759698701456524,ssm_yield
wheat,IN,IN-06-0019,2006,0.5809127576017428,-1.3609660712382106,ssm_yield
wheat,IN,IN-06-0019,2007,0.6649416072700336,-1.4712881220282246,ssm_yield
wheat,IN,IN-06-0019,2008,0.33735542812773245,-1.2665303957619585,ssm_yield
wheat,IN,IN-06-0019,2009,0.328975042667805,-1.3071289104526838,ssm_yield
wheat,IN,IN-06-0019,2010,0.29244447248590755,-1.4095077735858166,ssm_yield
wheat,IN,IN-06-0019,2011,-0.20988924663806943,-1.0794241976220948,ssm_yield
wheat,IN,IN-06-0019,2012,0.8192465128734192,0.007909934964282333,ssm_yield
wheat,IN,IN-06-0019,2013,0.8259136103346342,0.09351984637733311,ssm_yield
wheat,IN,IN-06-0019,2014,1.5011127754150393,0.05909936653084864,ssm_yield
wheat,IN,IN-06-0019,2015,1.017395403448233,-0.1915523328640628,ssm_yield
wheat,IN,IN-06-0019,2016,0.07151608538965581,0.4995049932845843,ssm_yield
wheat,IN,IN-06-0019,2017,0.4705286191052637,0.2541487523275933,ssm_yield
wheat,IN,IN-06-0020,2003,-0.12633924978126915,-0.9435074310487979,ssm_yield
wheat,IN,IN-06-0020,2004,0.4813608726822582,-1.0600075166830525,ssm_yield
wheat,IN,IN-06-0020,2005,-0.0528463806436145,-1.025587036836568,ssm_yield
wheat,IN,IN-06-0020,2006,0.032741823670810695,-1.2585872081050775,ssm_yield
wheat,IN,IN-06-0020,2007,-0.1654617747727761,-1.4236289960869384,ssm_yield
wheat,IN,IN-06-0020,2008,-0.4718774420931965,-1.088249961685296,ssm_yield
wheat,IN,IN-06-0020,2009,-0.19033580191868435,-0.9673369940194407,ssm_yield
wheat,IN,IN-06-0020,2010,-0.2857732174710605,-1.1959242832563497,ssm_yield
wheat,IN,IN-06-0020,2011,-0.5920979120559826,-0.7140375654055688,ssm_yield
wheat,IN,IN-06-0020,2012,0.14238996215802951,0.7448612342415754,ssm_yield
wheat,IN,IN-06-0020,2013,0.13823765950039085,0.8560658614379093,ssm_yield
wheat,IN,IN-06-0020,2014,0.8210660631430128,1.0625887405168153,ssm_yield
wheat,IN,IN-06-0020,2015,0.36455188030070773,0.5736414114154738,ssm_yield
wheat,IN,IN-06-0020,2016,-0.4465155430464022,1.1499638047425065,ssm_yield
wheat,IN,IN-06-0020,2017,-0.1417987397653703,0.9963955100428072,ssm_yield
wheat,IN,IN-06-0021,2003,0.19387641775935313,-1.3397842374865279,ssm_yield
wheat,IN,IN-06-0021,2004,1.0366794255034542,-1.3547880363939697,ssm_yield
wheat,IN,IN-06-0021,2005,0.4642709945133881,-1.3071289104526838,ssm_yield
wheat,IN,IN-06-0021,2006,0.4795374522490235,-1.3503751543623692,ssm_yield
wheat,IN,IN-06-0021,2007,0.47449716135204156,-1.285064500294681,ssm_yield
wheat,IN,IN-06-0021,2008,0.16754344572570198,-1.2400531035723552,ssm_yield
wheat,IN,IN-06-0021,2009,0.09342063824907904,-1.4156858084300574,ssm_yield
wheat,IN,IN-06-0021,2010,0.08763192459533785,-1.4236289960869384,ssm_yield
wheat,IN,IN-06-0021,2011,-0.368043101653702,-1.261234937324038,ssm_yield
wheat,IN,IN-06-0021,2012,0.6128433277257513,0.1650085352892621,ssm_yield
wheat,IN,IN-06-0021,2013,0.6394844830857138,0.3035730310815196,ssm_yield
wheat,IN,IN-06-0021,2014,1.3414730164596542,-0.3636547320964846,ssm_yield
wheat,IN,IN-06-0021,2015,0.9904265742332088,-0.06975678879188754,ssm_yield
wheat,IN,IN-06-0021,2016,0.01413531915204257,-0.5357571313289063,ssm_yield
wheat,IN,IN-06-0021,2017,0.2799212440758894,-0.10859015066997248,ssm_yield
wheat,IN,IN-06-0022,2003,-1.0122546359541915,0.47214512468866077,ssm_yield
wheat,IN,IN-06-0022,2004,0.27432160573898723,0.23208434216959062,ssm_yield
wheat,IN,IN-06-0022,2005,-0.13493684808375592,0.18972067466622525,ssm_yield
wheat,IN,IN-06-0022,2006,-0.34864949577229293,-0.13683259567221606,ssm_yield
wheat,IN,IN-06-0022,2007,-0.5047605330842886,-0.6072458202408354,ssm_yield
wheat,IN,IN-06-0022,2008,-0.9194618982940844,0.2303191893569502,ssm_yield
wheat,IN,IN-06-0022,2009,-0.373309504301871,-0.02474539206956172,ssm_yield
wheat,IN,IN-06-0022,2010,-0.6014180828324922,0.3556450390544063,ssm_yield
wheat,IN,IN-06-0022,2011,-0.5119016123295318,0.693671802675009,ssm_yield
wheat,IN,IN-06-0022,2012,-0.2817154875282894,1.1843842845889907,ssm_yield
wheat,IN,IN-06-0022,2013,-0.1408123871865171,0.655721017203244,ssm_yield
wheat,IN,IN-06-0022,2014,0.36068063044113274,0.8084067354966233,ssm_yield
wheat,IN,IN-06-0022,2015,-0.19077080117628226,1.3079449814738062,ssm_yield
wheat,IN,IN-06-0022,2016,-1.2361479480157689,1.5082898257084718,ssm_yield
wheat,IN,IN-06-0022,2017,-0.9356253034328922,1.322948780381248,ssm_yield
wheat,IN,IN-06-0023,2003,-0.8035566328802553,-0.11388560910789296,ssm_yield
wheat,IN,IN-06-0023,2004,0.4172938806825547,-0.46073813679169695,ssm_yield
wheat,IN,IN-06-0023,2005,0.14073143794062096,-0.40601839959985,ssm_yield
wheat,IN,IN-06-0023,2006,-0.08461959600559465,-0.4492646435095354,ssm_yield
wheat,IN,IN-06-0023,2007,-0.08724578393789323,-0.9593938063625599,ssm_yield
wheat,IN,IN-06-0023,2008,-0.5540649962232407,-0.3124653005299181,ssm_yield
wheat,IN,IN-06-0023,2009,-0.11739830703858922,-0.45367752554113605,ssm_yield
wheat,IN,IN-06-0023,2010,-0.11219138989044743,-0.24538949364958956,ssm_yield
wheat,IN,IN-06-0023,2011,-0.22756561227211536,-0.11388560910789296,ssm_yield
wheat,IN,IN-06-0023,2012,0.19923125898201915,0.868421931126391,ssm_yield
wheat,IN,IN-06-0023,2013,0.40674700748394027,0.345936698584885,ssm_yield
wheat,IN,IN-06-0023,2014,1.1216336688399566,0.7413309286162949,ssm_yield
wheat,IN,IN-06-0023,2015,0.6781004134748919,0.35652761546072637,ssm_yield
wheat,IN,IN-06-0023,2016,-0.6536566557769057,0.7069104487698104,ssm_yield
wheat,IN,IN-06-0023,2017,-0.4397069204678932,0.45714132578121897,ssm_yield
wheat,IN,IN-06-0024,2003,-0.9953694891905471,-0.7299239407193309,ssm_yield
wheat,IN,IN-06-0024,2004,0.03871353395110876,-0.8781967769811095,ssm_yield
wheat,IN,IN-06-0024,2005,-0.1594421295831967,-0.6090109730534756,ssm_yield
wheat,IN,IN-06-0024,2006,-0.20715977789429846,-0.6699087450895632,ssm_yield
wheat,IN,IN-06-0024,2007,-0.08118203338489302,-0.7052118013423677,ssm_yield
wheat,IN,IN-06-0024,2008,-0.49247626863133365,-0.5366397077352264,ssm_yield
wheat,IN,IN-06-0024,2009,-0.26178669245698444,-0.6160715843040365,ssm_yield
wheat,IN,IN-06-0024,2010,-0.1426536103725114,-0.1686053462997401,ssm_yield
wheat,IN,IN-06-0024,2011,-0.232391715890379,0.040565261998126385,ssm_yield
wheat,IN,IN-06-0024,2012,0.34581799484031384,1.2691116195957213,ssm_yield
wheat,IN,IN-06-0024,2013,0.5585180421809687,1.0211076494197704,ssm_yield
wheat,IN,IN-06-0024,2014,1.3327877003285271,0.909903022223436,ssm_yield
wheat,IN,IN-06-0024,2015,1.0168978724110747,1.2664638903767613,ssm_yield
wheat,IN,IN-06-0024,2016,-0.24776610818981862,1.3467783433518912,ssm_yield
wheat,IN,IN-06-0024,2017,0.09777075481036404,1.2382214453745177,ssm_yield
wheat,IN,IN-06-0025,2003,-1.1949164317448593,0.13764866669333853,ssm_yield
wheat,IN,IN-06-0025,2004,-0.08132573317525361,-0.2409766116179891,ssm_yield
wheat,IN,IN-06-0025,2005,-0.45429790571020684,-0.12888940801533516,ssm_yield
wheat,IN,IN-06-0025,2006,-0.6251501170347852,-0.5031018042950621,ssm_yield
wheat,IN,IN-06-0025,2007,-0.7310052030129363,-0.5207533324214644,ssm_yield
wheat,IN,IN-06-0025,2008,-1.0427267158873887,-0.3124653005299181,ssm_yield
wheat,IN,IN-06-0025,2009,-0.6164024258731365,0.037034956372845936,ssm_yield
wheat,IN,IN-06-0025,2010,-0.7701182344211002,-0.27186678583919294,ssm_yield
wheat,IN,IN-06-0025,2011,-0.7846226767299884,0.43066403359161576,ssm_yield
wheat,IN,IN-06-0025,2012,-0.5437001382822044,0.5983535507924369,ssm_yield
wheat,IN,IN-06-0025,2013,-0.3950247904116905,0.6133573496998787,ssm_yield
wheat,IN,IN-06-0025,2014,0.05571294994574572,0.2894518085803978,ssm_yield
wheat,IN,IN-06-0025,2015,-0.4048555535322164,0.583349751884995,ssm_yield
wheat,IN,IN-06-0025,2016,-1.1853611505348318,0.9522666897268014,ssm_yield
wheat,IN,IN-06-0025,2017,-1.0056300581615236,0.8807780008148723,ssm_yield
wheat,IN,IN-06-0026,2003,-1.111985464932821,0.5480466956321906,ssm_yield
wheat,IN,IN-06-0026,2004,0.4382529846953818,0.663664204860125,ssm_yield
wheat,IN,IN-06-0026,2005,-0.10209247976595275,0.7713385264311785,ssm_yield
wheat,IN,IN-06-0026,2006,-0.3649945378291133,0.5683459529775529,ssm_yield
wheat,IN,IN-06-0026,2007,-0.5377657213224616,-0.23303342396110818,ssm_yield
wheat,IN,IN-06-0026,2008,-0.9437714082118619,-0.005328711130519448,ssm_yield
wheat,IN,IN-06-0026,2009,-0.45670640061428347,-0.08740831691828978,ssm_yield
wheat,IN,IN-06-0026,2010,-0.8550448328720478,0.004379629339001883,ssm_yield
wheat,IN,IN-06-0026,2011,-0.5299514521453838,0.35123215702280547,ssm_yield
wheat,IN,IN-06-0026,2012,-0.4601571694700541,1.3203010511622881,ssm_yield
wheat,IN,IN-06-0026,2013,-0.3785229792200295,0.7598650331490171,ssm_yield
wheat,IN,IN-06-0026,2014,0.0485220795182639,0.6345391834515614,ssm_yield
wheat,IN,IN-06-0026,2015,-0.5846909023048535,1.709517246349457,ssm_yield
wheat,IN,IN-06-0026,2016,-1.7463726873782488,1.4209147614827806,ssm_yield
wheat,IN,IN-06-0026,2017,-1.2577919074504145,1.7289339272884998,ssm_yield
wheat,IN,IN-06-0027,2003,-1.0078422921668329,-0.28510543193399474,ssm_yield
wheat,IN,IN-06-0027,2004,0.4322274002073785,-0.3698327669407255,ssm_yield
wheat,IN,IN-06-0027,2005,-0.1793446474135282,-0.28775316115295496,ssm_yield
wheat,IN,IN-06-0027,2006,-0.43719825707588367,-0.40513582319352975,ssm_yield
wheat,IN,IN-06-0027,2007,-0.6197492107913055,-0.8102383936944609,ssm_yield
wheat,IN,IN-06-0027,2008,-0.9865452187097126,-0.1677227698934197,ssm_yield
wheat,IN,IN-06-0027,2009,-0.46545240841451874,0.2003115915420666,ssm_yield
wheat,IN,IN-06-0027,2010,-0.8203971438327584,-0.21626447224102596,ssm_yield
wheat,IN,IN-06-0027,2011,-0.5931883725587491,-0.17919626317558146,ssm_yield
wheat,IN,IN-06-0027,2012,-0.508536496430866,1.298236641004285,ssm_yield
wheat,IN,IN-06-0027,2013,-0.4085038610615192,1.1023046788012203,ssm_yield
wheat,IN,IN-06-0027,2014,-0.017227424441770695,1.470339040236707,ssm_yield
wheat,IN,IN-06-0027,2015,-0.6112986389474238,1.3308919680381295,ssm_yield
wheat,IN,IN-06-0027,2016,-1.5668709669064231,1.5082898257084718,ssm_yield
wheat,IN,IN-06-0027,2017,-1.2017873660952358,1.6918657182230552,ssm_yield
wheat,IN,IN-06-0028,2003,-0.9731663704319766,0.14912215997550027,ssm_yield
wheat,IN,IN-06-0028,2004,-0.9510608500597991,0.2620919399844742,ssm_yield
wheat,IN,IN-06-0028,2005,-0.7709261884896351,-0.7016814957170873,ssm_yield
wheat,IN,IN-06-0028,2006,-0.7810738790712559,0.18354263982198435,ssm_yield
wheat,IN,IN-06-0028,2007,0.17838004617012815,-0.33276455787528075,ssm_yield
wheat,IN,IN-06-0028,2008,0.10831665483359942,0.014087969808523216,ssm_yield
wheat,IN,IN-06-0028,2009,-0.3476742566580882,-0.12094622035845384,ssm_yield
wheat,IN,IN-06-0028,2010,-0.2636717038831854,0.18442521622830438,ssm_yield
wheat,IN,IN-06-0028,2011,-0.27709315857664923,0.07145543621933041,ssm_yield
wheat,IN,IN-06-0028,2012,0.23411136259600693,2.308786626240813,ssm_yield
wheat,IN,IN-06-0028,2013,0.2512368710765309,0.6089444676682783,ssm_yield
wheat,IN,IN-06-0028,2014,1.281677987359154,1.510054978521112,ssm_yield
wheat,IN,IN-06-0028,2015,0.9463590815669012,1.8657332702681164,ssm_yield
wheat,IN,IN-06-0028,2016,-0.17474352356992148,1.7677672891665843,ssm_yield
wheat,IN,IN-06-0028,2017,0.542545452349545,1.6839225305661738,ssm_yield
wheat,IN,IN-06-0029,2003,-0.9279526362471122,0.6354217598578814,ssm_yield
wheat,IN,IN-06-0029,2004,-0.8619059275438691,0.5162739450046665,ssm_yield
wheat,IN,IN-06-0029,2005,-0.853007187998022,0.5851149046976352,ssm_yield
wheat,IN,IN-06-0029,2006,-0.8547574878394575,0.5674633765712329,ssm_yield
wheat,IN,IN-06-0029,2007,0.1624800978670608,0.5392209315689893,ssm_yield
wheat,IN,IN-06-0029,2008,-0.07218271555225522,0.7086756015824508,ssm_yield
wheat,IN,IN-06-0029,2009,-0.5364138857264245,0.5586376125080319,ssm_yield
wheat,IN,IN-06-0029,2010,-1.0653109260847058,1.5215284718032733,ssm_yield
wheat,IN,IN-06-0029,2011,-0.5727595137380589,1.6062558068100041,ssm_yield
wheat,IN,IN-06-0029,2012,0.21910291533982132,0.5780542934470743,ssm_yield
wheat,IN,IN-06-0029,2013,0.19935396043594455,0.3123987951447205,ssm_yield
wheat,IN,IN-06-0029,2014,1.234168066303468,0.5065656045351452,ssm_yield
wheat,IN,IN-06-0029,2015,0.7846800239977051,0.9663879122279232,ssm_yield
wheat,IN,IN-06-0029,2016,-0.3188238159483884,0.9531492661331215,ssm_yield
wheat,IN,IN-06-0029,2017,0.19151990829891702,1.1252516653655433,ssm_yield
wheat,IN,IN-06-0030,2003,-0.9523382645907911,-0.5295790964846655,ssm_yield
wheat,IN,IN-06-0030,2004,-0.7988189540930501,0.015853122621163243,ssm_yield
wheat,IN,IN-06-0030,2005,-0.7371449859377925,-0.4854502761686601,ssm_yield
wheat,IN,IN-06-0030,2006,-0.7784831047108933,0.6098270440745982,ssm_yield
wheat,IN,IN-06-0030,2007,0.15848733554146102,-0.4580904075727365,ssm_yield
wheat,IN,IN-06-0030,2008,-0.06600423142112233,-0.38836687147344773,ssm_yield
wheat,IN,IN-06-0030,2009,-0.48169421852689476,0.14735700716285985,ssm_yield
wheat,IN,IN-06-0030,2010,-0.7740452257865987,-0.4810373941370594,ssm_yield
wheat,IN,IN-06-0030,2011,-0.4689875544602737,0.3194594063952814,ssm_yield
wheat,IN,IN-06-0030,2012,0.2193753001241032,0.6495429823590032,ssm_yield
wheat,IN,IN-06-0030,2013,0.3426023733758795,0.49420953484666386,ssm_yield
wheat,IN,IN-06-0030,2014,1.2646818056736842,0.6874937678307681,ssm_yield
wheat,IN,IN-06-0030,2015,0.9198891734997102,1.0511152472346539,ssm_yield
wheat,IN,IN-06-0030,2016,-0.1458329038079177,1.3167707455370077,ssm_yield
wheat,IN,IN-06-0030,2017,0.31548652961539564,1.709517246349457,ssm_yield
wheat,IN,IN-06-0031,2003,-0.9819526043723017,0.05380390809292816,ssm_yield
wheat,IN,IN-06-0031,2004,-0.6551990939351127,0.29209953779935827,ssm_yield
wheat,IN,IN-06-0031,2005,-0.528256711910348,-0.22244250708526686,ssm_yield
wheat,IN,IN-06-0031,2006,-0.6296746465890622,0.3971261301514513,ssm_yield
wheat,IN,IN-06-0031,2007,0.13479650284078307,-0.1394803248911765,ssm_yield
wheat,IN,IN-06-0031,2008,-0.23843708693038645,0.2003115915420666,ssm_yield
wheat,IN,IN-06-0031,2009,-0.6564371036944661,0.13941381950597895,ssm_yield
wheat,IN,IN-06-0031,2010,-1.1745704422359442,-0.1474235125480574,ssm_yield
wheat,IN,IN-06-0031,2011,-0.5669729979550191,0.8163499231535043,ssm_yield
wheat,IN,IN-06-0031,2012,0.11131161961114869,1.6133164180605648,ssm_yield
wheat,IN,IN-06-0031,2013,0.16489863853698683,1.4447443244534237,ssm_yield
wheat,IN,IN-06-0031,2014,1.0128188896570436,1.2682290431894014,ssm_yield
wheat,IN,IN-06-0031,2015,0.7255725258098423,0.8437097917494278,ssm_yield
wheat,IN,IN-06-0031,2016,-0.5638372511701859,1.7686498655729046,ssm_yield
wheat,IN,IN-06-0031,2017,-0.3254286179451345,1.7103998227557775,ssm_yield
wheat,IN,IN-06-0032,2003,-0.84231911417337,-0.09182119894989024,ssm_yield
wheat,IN,IN-06-0032,2004,-0.5735068349410118,-0.08652574051196976,ssm_yield
wheat,IN,IN-06-0032,2005,-0.592737921003078,-0.22155993067894683,ssm_yield
wheat,IN,IN-06-0032,2006,-0.6318544855729671,0.24002752982647155,ssm_yield
wheat,IN,IN-06-0032,2007,0.1491858338343664,-0.4360259974147338,ssm_yield
wheat,IN,IN-06-0032,2008,-0.10753431500364981,-0.1959652148956633,ssm_yield
wheat,IN,IN-06-0032,2009,-0.3443291379769848,0.17383429935246303,ssm_yield
wheat,IN,IN-06-0032,2010,0.08903053411458703,-0.4430866086652947,ssm_yield
wheat,IN,IN-06-0032,2011,-0.12474095970433743,0.33005032327112277,ssm_yield
wheat,IN,IN-06-0032,2012,0.41707806951594784,0.8331188748735865,ssm_yield
wheat,IN,IN-06-0032,2013,0.5429433596120148,-0.005328711130519448,ssm_yield
wheat,IN,IN-06-0032,2014,1.465229122179673,0.9116681750360764,ssm_yield
wheat,IN,IN-06-0032,2015,1.2838933768427332,1.580661091026721,ssm_yield
wheat,IN,IN-06-0032,2016,0.07154526681013346,1.224982799279716,ssm_yield
wheat,IN,IN-06-0032,2017,0.7240046524174257,1.584191396652001,ssm_yield
wheat,IN,IN-06-0033,2003,-1.0742293132592982,-0.05563556629076574,ssm_yield
wheat,IN,IN-06-0033,2004,-0.9344232899036544,-0.22862054192950773,ssm_yield
wheat,IN,IN-06-0033,2005,-0.7789022136869641,-0.493393463825541,ssm_yield
wheat,IN,IN-06-0033,2006,-0.7406376056937926,0.011440240589562781,ssm_yield
wheat,IN,IN-06-0033,2007,0.26812179599179226,0.006144782151641912,ssm_yield
wheat,IN,IN-06-0033,2008,0.20193852172337354,-0.1668401934870997,ssm_yield
wheat,IN,IN-06-0033,2009,-0.2754580879819088,-0.06357875394764666,ssm_yield
wheat,IN,IN-06-0033,2010,-0.37586455306349087,0.03968268559180637,ssm_yield
wheat,IN,IN-06-0033,2011,-0.31153824960525117,0.1208797149732567,ssm_yield
wheat,IN,IN-06-0033,2012,0.1911653090455909,0.869304507532711,ssm_yield
wheat,IN,IN-06-0033,2013,0.11362212650502786,0.17295172294614303,ssm_yield
wheat,IN,IN-06-0033,2014,1.3172824839557764,1.4447443244534237,ssm_yield
wheat,IN,IN-06-0033,2015,0.7481383180028958,0.6177702317314792,ssm_yield
wheat,IN,IN-06-0033,2016,-0.3591865905061394,0.9116681750360764,ssm_yield
wheat,IN,IN-06-0033,2017,0.46687908108771226,1.0396417539524927,ssm_yield
wheat,IN,IN-06-0034,2003,-1.0314758639546717,-0.4704464772612181,ssm_yield
wheat,IN,IN-06-0034,2004,-0.883900308968968,-0.6160715843040365,ssm_yield
wheat,IN,IN-06-0034,2005,-0.8048247571237467,-0.4289653861641729,ssm_yield
wheat,IN,IN-06-0034,2006,-0.7382923976144199,-0.4139615872567309,ssm_yield
wheat,IN,IN-06-0034,2007,0.42565326823386535,-0.4554426783537763,ssm_yield
wheat,IN,IN-06-0034,2008,0.2778540136242129,-0.4572078311664165,ssm_yield
wheat,IN,IN-06-0034,2009,-0.21858920745965998,-0.3874842950671275,ssm_yield
wheat,IN,IN-06-0034,2010,-0.9572349805908449,-0.3786585310039266,ssm_yield
wheat,IN,IN-06-0034,2011,-0.500209800894132,-0.2612758689633518,ssm_yield
wheat,IN,IN-06-0034,2012,0.24791478640123893,0.40948219983993306,ssm_yield
wheat,IN,IN-06-0034,2013,0.040631749138959006,0.41654281109049396,ssm_yield
wheat,IN,IN-06-0034,2014,1.2222202373625697,0.6883763442370882,ssm_yield
wheat,IN,IN-06-0034,2015,0.6006388751022639,0.2885692321740778,ssm_yield
wheat,IN,IN-06-0034,2016,-0.46813401399742366,0.7792817140880598,ssm_yield
wheat,IN,IN-06-0034,2017,0.22149859302077754,0.583349751884995,ssm_yield
wheat,IN,IN-06-0035,2003,-1.140883434164541,0.3168116771763214,ssm_yield
wheat,IN,IN-06-0035,2004,-0.9337556150056032,-0.03974919097700392,ssm_yield
wheat,IN,IN-06-0035,2005,-0.981730461008458,-0.18802202723878236,ssm_yield
wheat,IN,IN-06-0035,2006,-0.8364280887222643,0.18089491060302393,ssm_yield
wheat,IN,IN-06-0035,2007,-0.09927327160271372,0.2541487523275933,ssm_yield
wheat,IN,IN-06-0035,2008,-0.10289679891395383,0.015853122621163243,ssm_yield
wheat,IN,IN-06-0035,2009,-0.578109770964155,0.3627056503049672,ssm_yield
wheat,IN,IN-06-0035,2010,-0.306085571271232,0.6195353845441196,ssm_yield
wheat,IN,IN-06-0035,2011,-0.34814213490102724,1.5983126191531227,ssm_yield
wheat,IN,IN-06-0035,2012,-0.14290860816850406,0.48185346515818206,ssm_yield
wheat,IN,IN-06-0035,2013,-0.14513898953615523,0.1429441251312594,ssm_yield
wheat,IN,IN-06-0035,2014,1.057042282550175,0.8269408400293456,ssm_yield
wheat,IN,IN-06-0035,2015,0.7107763434999671,0.9319674323814391,ssm_yield
wheat,IN,IN-06-0035,2016,-0.668869509101135,1.6186118764984858,ssm_yield
wheat,IN,IN-06-0035,2017,0.1499767659147016,1.322948780381248,ssm_yield
wheat,IN,IN-06-0036,2003,-0.8180276176606014,-0.6072458202408354,ssm_yield
wheat,IN,IN-06-0036,2004,-0.6220555461655163,-0.8949657287011917,ssm_yield
wheat,IN,IN-06-0036,2005,-0.8653012830912084,-0.541052589766827,ssm_yield
wheat,IN,IN-06-0036,2006,-0.5860459583827423,-0.4589729839790567,ssm_yield
wheat,IN,IN-06-0036,2007,-0.0918354142134041,-0.5666473055501102,ssm_yield
wheat,IN,IN-06-0036,2008,-0.1694099209719643,-0.4722116300738583,ssm_yield
wheat,IN,IN-06-0036,2009,-0.5505490642326724,-0.5622344235185097,ssm_yield
wheat,IN,IN-06-0036,2010,0.03405322134301282,-0.37601080178496615,ssm_yield
wheat,IN,IN-06-0036,2011,-0.12433927746691838,0.11470168012901581,ssm_yield
wheat,IN,IN-06-0036,2012,0.09157332754643424,1.0025735448870476,ssm_yield
wheat,IN,IN-06-0036,2013,0.07653120000842857,-0.08211285848036891,ssm_yield
wheat,IN,IN-06-0036,2014,1.2622437841785852,0.6133573496998787,ssm_yield
wheat,IN,IN-06-0036,2015,1.063770088388511,-0.009741593162119911,ssm_yield
wheat,IN,IN-06-0036,2016,-0.44480942646202964,1.4562178177355851,ssm_yield
wheat,IN,IN-06-0036,2017,0.4192367412649918,1.2744070780336423,ssm_yield
wheat,IN,IN-06-0037,2003,-0.6322773374000464,-0.08740831691828978,ssm_yield
wheat,IN,IN-06-0037,2004,-0.19017113254388315,-0.1465409361417374,ssm_yield
wheat,IN,IN-06-0037,2005,-0.37759249403873335,-0.38042368381656666,ssm_yield
wheat,IN,IN-06-0037,2006,-0.4208754003214835,-0.05298783707180531,ssm_yield
wheat,IN,IN-06-0037,2007,0.23556114028886538,-1.025587036836568,ssm_yield
wheat,IN,IN-06-0037,2008,-0.10288811830360249,-0.7263936350940504,ssm_yield
wheat,IN,IN-06-0037,2009,-0.19542686514009597,-0.1915523328640628,ssm_yield
wheat,IN,IN-06-0037,2010,0.34393531847632997,-0.6204844663356369,ssm_yield
wheat,IN,IN-06-0037,2011,0.09943578288053094,0.5356906259437089,ssm_yield
wheat,IN,IN-06-0037,2012,0.6165340943927292,-0.1615447350491792,ssm_yield
wheat,IN,IN-06-0037,2013,0.7723296992667561,-0.07858255285508846,ssm_yield
wheat,IN,IN-06-0037,2014,1.5951011828043018,1.0952440675506594,ssm_yield
wheat,IN,IN-06-0037,2015,1.4755890494254467,1.1799714025573902,ssm_yield
wheat,IN,IN-06-0037,2016,0.21514601809310008,0.9557969953520818,ssm_yield
wheat,IN,IN-06-0037,2017,0.8350247043694728,1.0793576922368975,ssm_yield
wheat,IN,IN-06-0038,2003,-0.26147178349795536,-0.6566700989947617,ssm_yield
wheat,IN,IN-06-0038,2004,0.45748610630047387,-0.6557875225884414,ssm_yield
wheat,IN,IN-06-0038,2005,0.1223586803417395,-0.525166214453065,ssm_yield
wheat,IN,IN-06-0038,2006,0.13302267997733,-0.494276040231861,ssm_yield
wheat,IN,IN-06-0038,2007,0.3529102797325143,-0.9629241119878402,ssm_yield
wheat,IN,IN-06-0038,2008,-0.024535308897951285,-0.635488265243079,ssm_yield
wheat,IN,IN-06-0038,2009,0.09615944705856733,-0.2409766116179891,ssm_yield
wheat,IN,IN-06-0038,2010,0.5525417524814221,-0.6866776968096454,ssm_yield
wheat,IN,IN-06-0038,2011,0.3115077925225804,0.522451979848907,ssm_yield
wheat,IN,IN-06-0038,2012,0.860389706963745,0.9584447245710422,ssm_yield
wheat,IN,IN-06-0038,2013,1.068247938367932,-0.1474235125480574,ssm_yield
wheat,IN,IN-06-0038,2014,1.7063171939547208,0.9628576066026427,ssm_yield
wheat,IN,IN-06-0038,2015,1.616071464452199,0.7510392690858162,ssm_yield
wheat,IN,IN-06-0038,2016,0.3924525781717802,0.8490052501873484,ssm_yield
wheat,IN,IN-06-0038,2017,0.9735073432057584,0.8587135906568697,ssm_yield
wheat,IN,IN-06-0039,2003,-0.4301598615057051,-0.6460791821189203,ssm_yield
wheat,IN,IN-06-0039,2004,0.33719178231938973,-0.6549049461821215,ssm_yield
wheat,IN,IN-06-0039,2005,-0.0030949360635108797,-0.6981511900918068,ssm_yield
wheat,IN,IN-06-0039,2006,0.013670565056345943,-0.5639995763311499,ssm_yield
wheat,IN,IN-06-0039,2007,0.116361582708148,-1.0414734121503302,ssm_yield
wheat,IN,IN-06-0039,2008,-0.26223626781103754,-0.7078595305613281,ssm_yield
wheat,IN,IN-06-0039,2009,0.017711828155763623,-0.3839539894418471,ssm_yield
wheat,IN,IN-06-0039,2010,0.3195638558446088,-0.5772382224259516,ssm_yield
wheat,IN,IN-06-0039,2011,0.1751300654005139,-0.3133478769362383,ssm_yield
wheat,IN,IN-06-0039,2012,0.7151023204435318,-0.4863328525749801,ssm_yield
wheat,IN,IN-06-0039,2013,0.9491166864112984,-0.19420006208302326,ssm_yield
wheat,IN,IN-06-0039,2014,1.7127919014237103,0.3741791435871286,ssm_yield
wheat,IN,IN-06-0039,2015,1.5016298961694035,0.07145543621933041,ssm_yield
wheat,IN,IN-06-0039,2016,0.21966136276698567,0.5789368698533942,ssm_yield
wheat,IN,IN-06-0039,2017,0.7309705647356772,1.4076761153879789,ssm_yield
wheat,IN,IN-06-0040,2003,-0.13969959568978924,-0.7740527610353365,ssm_yield
wheat,IN,IN-06-0040,2004,0.24477806594905802,-0.787291407130138,ssm_yield
wheat,IN,IN-06-0040,2005,0.0026965259983143413,-0.6540223697758012,ssm_yield
wheat,IN,IN-06-0040,2006,0.1471536209571421,-0.6699087450895632,ssm_yield
wheat,IN,IN-06-0040,2007,0.36591671562089406,-0.668143592276923,ssm_yield
wheat,IN,IN-06-0040,2008,0.342201706460363,-0.6275450775861978,ssm_yield
wheat,IN,IN-06-0040,2009,-0.06415068618178063,0.7016149903318899,ssm_yield
wheat,IN,IN-06-0040,2010,0.5593784457272517,-0.9902839805837637,ssm_yield
wheat,IN,IN-06-0040,2011,0.4243106585834838,0.5383383551626693,ssm_yield
wheat,IN,IN-06-0040,2012,0.5757440108973085,-0.05828329550972618,ssm_yield
wheat,IN,IN-06-0040,2013,0.7502864623343833,-0.36718503772176503,ssm_yield
wheat,IN,IN-06-0040,2014,1.6540506848299283,0.1420615487249394,ssm_yield
wheat,IN,IN-06-0040,2015,1.4418405097168954,0.1500047363818203,ssm_yield
wheat,IN,IN-06-0040,2016,0.24951705169155483,0.3026904546751996,ssm_yield
wheat,IN,IN-06-0040,2017,0.6430864408935226,0.31504652436368097,ssm_yield
wheat,IN,IN-06-0041,2003,-0.869786688816515,-0.4439691850716147,ssm_yield
wheat,IN,IN-06-0041,2004,-0.3055599318434064,-0.6478443349315606,ssm_yield
wheat,IN,IN-06-0041,2005,-0.3992209010593333,-0.8164164285387019,ssm_yield
wheat,IN,IN-06-0041,2006,-0.46615800065245616,-0.5392874369541868,ssm_yield
wheat,IN,IN-06-0041,2007,0.04413685673112004,-0.7687573025974158,ssm_yield
wheat,IN,IN-06-0041,2008,-0.3428903772539328,-0.6849125439970052,ssm_yield
wheat,IN,IN-06-0041,2009,-0.40089008830443845,-0.3839539894418471,ssm_yield
wheat,IN,IN-06-0041,2010,-0.21612776426566352,-0.7175678710308493,ssm_yield
wheat,IN,IN-06-0041,2011,-0.23482266141084146,-0.07946512926140888,ssm_yield
wheat,IN,IN-06-0041,2012,0.4206857162669002,0.43860722124849666,ssm_yield
wheat,IN,IN-06-0041,2013,0.6756571348003733,0.01497054621484323,ssm_yield
wheat,IN,IN-06-0041,2014,1.474609718536288,0.7554521511174167,ssm_yield
wheat,IN,IN-06-0041,2015,1.2360997591557117,0.2082547791989475,ssm_yield
wheat,IN,IN-06-0041,2016,-0.007147169758492972,1.0961266439569797,ssm_yield
wheat,IN,IN-06-0041,2017,0.38989227843837193,1.0414069067651326,ssm_yield
wheat,IN,IN-06-0042,2003,-0.8288245484904821,-0.3451206275637623,ssm_yield
wheat,IN,IN-06-0042,2004,-0.6857327638992985,-0.17125307551870014,ssm_yield
wheat,IN,IN-06-0042,2005,-0.7333268746689882,-0.4563252547600963,ssm_yield
wheat,IN,IN-06-0042,2006,-0.8246755780052833,-0.027393121288522154,ssm_yield
wheat,IN,IN-06-0042,2007,0.03404070678400993,-0.3707153433470455,ssm_yield
wheat,IN,IN-06-0042,2008,-0.26721022109377274,-0.23215084755478818,ssm_yield
wheat,IN,IN-06-0042,2009,-0.4939398707309799,0.2947472670183183,ssm_yield
wheat,IN,IN-06-0042,2010,-0.09576060822042186,-0.2639235981823122,ssm_yield
wheat,IN,IN-06-0042,2011,-0.2131451631806775,0.6195353845441196,ssm_yield
wheat,IN,IN-06-0042,2012,0.3762423617417049,-0.2118515902094255,ssm_yield
wheat,IN,IN-06-0042,2013,0.5800902131594514,-0.04151434378964395,ssm_yield
wheat,IN,IN-06-0042,2014,1.4794007380589547,0.9610924537900027,ssm_yield
wheat,IN,IN-06-0042,2015,1.2707606368349667,0.6345391834515614,ssm_yield
wheat,IN,IN-06-0042,2016,0.030539565776362236,0.9187287862866373,ssm_yield
wheat,IN,IN-06-0042,2017,0.5941361147182544,1.146433499117226,ssm_yield
wheat,IN,IN-06-0043,2003,-0.3809409224063486,0.13764866669333853,ssm_yield
wheat,IN,IN-06-0043,2004,0.17161160669594966,0.024678886684364562,ssm_yield
wheat,IN,IN-06-0043,2005,-0.1489287894048105,-0.07240451801084798,ssm_yield
wheat,IN,IN-06-0043,2006,-0.10792831076701014,0.36535337952392727,ssm_yield
wheat,IN,IN-06-0043,2007,0.24234833173362705,0.798698395027102,ssm_yield
wheat,IN,IN-06-0043,2008,-0.06073256434000175,0.41389508187153357,ssm_yield
wheat,IN,IN-06-0043,2009,-0.15660871161512327,0.6230656901694,ssm_yield
wheat,IN,IN-06-0043,2010,0.4911049223184386,1.076709963017937,ssm_yield
wheat,IN,IN-06-0043,2011,0.2130576514947072,2.0272447526246973,ssm_yield
wheat,IN,IN-06-0043,2012,0.6564004772773278,1.4129715738258997,ssm_yield
wheat,IN,IN-06-0043,2013,0.8419007592896038,0.7775165612754193,ssm_yield
wheat,IN,IN-06-0043,2014,1.5182800820040112,2.198464575450799,ssm_yield
wheat,IN,IN-06-0043,2015,1.4613520117499013,1.716577857600018,ssm_yield
wheat,IN,IN-06-0043,2016,0.20890099874599533,1.9372219591800457,ssm_yield
wheat,IN,IN-06-0043,2017,0.8379079969640041,1.7677672891665843,ssm_yield
wheat,IN,IN-06-0502,2003,-0.5960970468498711,-0.5790033752385918,ssm_yield
wheat,IN,IN-06-0502,2004,0.03648279073945019,-0.25774556333807136,ssm_yield
wheat,IN,IN-06-0502,2005,-0.24486797675889688,-0.4730942064801785,ssm_yield
wheat,IN,IN-06-0502,2006,-0.32754403700482093,-0.437791150227374,ssm_yield
wheat,IN,IN-06-0502,2007,0.1115176667811743,-0.4801548177307394,ssm_yield
wheat,IN,IN-06-0502,2008,-0.25947392656619755,-0.37512822537864615,ssm_yield
wheat,IN,IN-06-0502,2009,-0.11772708084560789,-0.23126827114846776,ssm_yield
wheat,IN,IN-06-0502,2010,0.29534427620975046,-0.5401700133605069,ssm_yield
wheat,IN,IN-06-0502,2011,0.10652974254286084,1.5356496943043951,ssm_yield
wheat,IN,IN-06-0502,2012,0.6812014547870546,0.62394826657572,ssm_yield
wheat,IN,IN-06-0502,2013,0.8710685774051418,1.2629335847514809,ssm_yield
wheat,IN,IN-06-0502,2014,1.6475430447209318,0.31592910077000097,ssm_yield
wheat,IN,IN-06-0502,2015,1.4524314203489743,0.6133573496998787,ssm_yield
wheat,IN,IN-06-0502,2016,0.24941217072386113,1.0193424966071298,ssm_yield
wheat,IN,IN-06-0502,2017,0.7992391046756261,0.5427512371942698,ssm_yield
wheat,IN,IN-06-1057,2003,0.02232718883605498,-1.4739358512471847,ssm_yield
wheat,IN,IN-06-1057,2004,0.8809911036271392,-1.3971517038973351,ssm_yield
wheat,IN,IN-06-1057,2005,0.4308211860771742,-1.5824927492245584,ssm_yield
wheat,IN,IN-06-1057,2006,0.4780988503093353,-1.5436593873464735,ssm_yield
wheat,IN,IN-06-1057,2007,0.367066626632021,-1.5913185132877596,ssm_yield
wheat,IN,IN-06-1057,2008,0.1974804515556008,-1.474818427653505,ssm_yield
wheat,IN,IN-06-1057,2009,0.0103666273362393,-1.5039434490620684,ssm_yield
wheat,IN,IN-06-1057,2010,0.1201861166435766,-1.5242427064074313,ssm_yield
wheat,IN,IN-06-1057,2011,-0.0774326570717975,-1.4386327949943802,ssm_yield
wheat,IN,IN-06-1057,2012,0.5343849813734812,-0.7131549889992487,ssm_yield
wheat,IN,IN-06-1057,2013,0.6331686114577113,-0.6107761258661158,ssm_yield
wheat,IN,IN-06-1057,2014,1.2173368009269394,-0.9011437635454325,ssm_yield
wheat,IN,IN-06-1057,2015,0.8796655009098586,-0.739632281188852,ssm_yield
wheat,IN,IN-06-1057,2016,0.21215955223372135,-0.08917346973092981,ssm_yield
wheat,IN,IN-06-1057,2017,0.3198065259766393,0.1058759160658145,ssm_yield
wheat,IN,IN-06-1058,2003,-0.6192962675666656,-0.3054046892793572,ssm_yield
wheat,IN,IN-06-1058,2004,-0.16880410513848462,-0.1262416787963747,ssm_yield
wheat,IN,IN-06-1058,2005,-0.4159996545577256,-0.08123028207404889,ssm_yield
wheat,IN,IN-06-1058,2006,-0.2248072484948628,-0.12977198442165516,ssm_yield
wheat,IN,IN-06-1058,2007,0.21754351118199652,0.8604787434695097,ssm_yield
wheat,IN,IN-06-1058,2008,0.000299428325926303,0.7536869983047763,ssm_yield
wheat,IN,IN-06-1058,2009,-0.25880605330959927,-0.6610829810263621,ssm_yield
wheat,IN,IN-06-1058,2010,0.4317431324164556,1.463278428986146,ssm_yield
wheat,IN,IN-06-1058,2011,0.14978385308146738,1.8524946241733151,ssm_yield
wheat,IN,IN-06-1058,2012,0.47713143413679293,1.4209147614827806,ssm_yield
wheat,IN,IN-06-1058,2013,0.5178212485493274,0.766925644399578,ssm_yield
wheat,IN,IN-06-1058,2014,1.4698841583644973,1.6036080775910435,ssm_yield
wheat,IN,IN-06-1058,2015,1.360072874115522,1.3573692602277325,ssm_yield
wheat,IN,IN-06-1058,2016,-0.04804499126360231,1.765119559947624,ssm_yield
wheat,IN,IN-06-1058,2017,0.7561946755321189,1.4800473807062282,ssm_yield
wheat,IN,IN-06-1060,2003,-1.3344536670745502,0.027326615903324605,ssm_yield
wheat,IN,IN-06-1060,2004,-1.094072314484703,-0.4077835524124902,ssm_yield
wheat,IN,IN-06-1060,2005,-1.013433804487577,-0.9920491333964039,ssm_yield
wheat,IN,IN-06-1060,2006,-0.9127781043027445,-0.32129106459311924,ssm_yield
wheat,IN,IN-06-1060,2007,0.10808435153879005,-0.7025640721234074,ssm_yield
wheat,IN,IN-06-1060,2008,0.16424738349570153,0.13235320825541805,ssm_yield
wheat,IN,IN-06-1060,2009,-0.3468610999280054,-0.6760867799338041,ssm_yield
wheat,IN,IN-06-1060,2010,-0.44553386925373695,-0.10947272707629249,ssm_yield
wheat,IN,IN-06-1060,2011,-0.3455143890606328,0.774868832056459,ssm_yield
wheat,IN,IN-06-1060,2012,-0.1563790048760682,0.6292437250136406,ssm_yield
wheat,IN,IN-06-1060,2013,-0.26379386420016415,0.5039178753161848,ssm_yield
wheat,IN,IN-06-1060,2014,1.1529759818442677,0.7210316712709322,ssm_yield
wheat,IN,IN-06-1060,2015,0.47557261542114726,0.8560658614379093,ssm_yield
wheat,IN,IN-06-1060,2016,-0.9091530747229749,1.1261342417718634,ssm_yield
wheat,IN,IN-06-1060,2017,0.006702786292319355,1.0987743731759398,ssm_yield
wheat,IN,IN-06-1061,2003,0.27282762003279315,-0.9876362513648034,ssm_yield
wheat,IN,IN-06-1061,2004,1.006966922787643,-1.0997234549674575,ssm_yield
wheat,IN,IN-06-1061,2005,0.5439811715747471,-1.142087122470823,ssm_yield
wheat,IN,IN-06-1061,2006,0.6781675342318415,-1.3847956342088534,ssm_yield
wheat,IN,IN-06-1061,2007,0.4690220817251497,-1.2559394788861171,ssm_yield
wheat,IN,IN-06-1061,2008,0.19194853909766843,-1.031765071680809,ssm_yield
wheat,IN,IN-06-1061,2009,0.2208788875810592,-1.096193149342177,ssm_yield
wheat,IN,IN-06-1061,2010,0.2996997275816839,-1.2559394788861171,ssm_yield
wheat,IN,IN-06-1061,2011,-0.05053779523125052,-0.8649581308863079,ssm_yield
wheat,IN,IN-06-1061,2012,0.8088801448885296,0.45978905500017936,ssm_yield
wheat,IN,IN-06-1061,2013,0.8851957736359053,-0.12447652598373429,ssm_yield
wheat,IN,IN-06-1061,2014,1.6274396784081138,-0.18537429801982194,ssm_yield
wheat,IN,IN-06-1061,2015,1.308597713023116,-0.023862815663241707,ssm_yield
wheat,IN,IN-06-1061,2016,0.27960683460060626,0.7801642904943799,ssm_yield
wheat,IN,IN-06-1061,2017,0.5542515825063923,0.6274785722010005,ssm_yield
wheat,IN,IN-06-1062,2003,-1.2408958050305463,0.40859962343361267,ssm_yield
wheat,IN,IN-06-1062,2004,-0.8763906466494535,0.4986224168782643,ssm_yield
wheat,IN,IN-06-1062,2005,-0.6957340141133402,0.24091010623279155,ssm_yield
wheat,IN,IN-06-1062,2006,-0.8262408431965199,-0.15007124176701783,ssm_yield
wheat,IN,IN-06-1062,2007,-0.15096269421675873,-0.1677227698934197,ssm_yield
wheat,IN,IN-06-1062,2008,-0.4613441470665704,0.018500851840123678,ssm_yield
wheat,IN,IN-06-1062,2009,-0.8368097925702319,-0.1668401934870997,ssm_yield
wheat,IN,IN-06-1062,2010,-1.334953063784726,0.07675089465725089,ssm_yield
wheat,IN,IN-06-1062,2011,-0.7462979020709505,0.25679648154655377,ssm_yield
wheat,IN,IN-06-1062,2012,-0.25734226414479733,1.3697253299162144,ssm_yield
wheat,IN,IN-06-1062,2013,-0.25634501871066984,1.7077520935368171,ssm_yield
wheat,IN,IN-06-1062,2014,0.41566743876161416,1.1649676036499483,ssm_yield
wheat,IN,IN-06-1062,2015,0.18960096118454992,1.5259413538348736,ssm_yield
wheat,IN,IN-06-1062,2016,-0.8562252161485897,0.8604787434695097,ssm_yield
wheat,IN,IN-06-1062,2017,-0.6504172168668244,1.4200321850764606,ssm_yield
wheat,IN,IN-06-1063,2003,-1.1326171458835308,0.42889888077897537,ssm_yield
wheat,IN,IN-06-1063,2004,0.41678847315832696,-0.04327949660228437,ssm_yield
wheat,IN,IN-06-1063,2005,0.27388049198740483,0.17559945216510345,ssm_yield
wheat,IN,IN-06-1063,2006,-0.05574071369598881,-0.06887421238556753,ssm_yield
wheat,IN,IN-06-1063,2007,0.08835836652143779,-0.09005604613725021,ssm_yield
wheat,IN,IN-06-1063,2008,-0.32859389153585616,0.03615237996652592,ssm_yield
wheat,IN,IN-06-1063,2009,-0.32436276249061563,0.663664204860125,ssm_yield
wheat,IN,IN-06-1063,2010,-0.5697613618686348,0.16236080607030168,ssm_yield
wheat,IN,IN-06-1063,2011,-0.2716255612229169,0.2806260445171969,ssm_yield
wheat,IN,IN-06-1063,2012,0.024855065107662874,1.8357256724532327,ssm_yield
wheat,IN,IN-06-1063,2013,0.11875735734230022,1.7863013936993064,ssm_yield
wheat,IN,IN-06-1063,2014,0.6955699446608102,1.2161570352165145,ssm_yield
wheat,IN,IN-06-1063,2015,0.33050839053133996,1.7757104768234655,ssm_yield
wheat,IN,IN-06-1063,2016,-0.9667526133444656,1.5894868550899217,ssm_yield
wheat,IN,IN-06-1063,2017,-0.5982142040051964,1.4465094772660638,ssm_yield
wheat,IN,IN-06-1064,2003,0.3345670692708366,-1.2788864654504402,ssm_yield
wheat,IN,IN-06-1064,2004,1.0212639903574814,-1.3583183420192502,ssm_yield
wheat,IN,IN-06-1064,2005,0.5510654822325931,-1.3230152857664457,ssm_yield
wheat,IN,IN-06-1064,2006,0.6617014202648317,-1.3389016610802076,ssm_yield
wheat,IN,IN-06-1064,2007,0.5383255724383915,-1.3856782106151737,ssm_yield
wheat,IN,IN-06-1064,2008,0.23805515162480928,-1.261234937324038,ssm_yield
wheat,IN,IN-06-1064,2009,0.18415294580490046,-1.3441971195181284,ssm_yield
wheat,IN,IN-06-1064,2010,0.2729051629696716,-1.3592009184255702,ssm_yield
wheat,IN,IN-06-1064,2011,-0.09226063960066558,-1.2012197416942705,ssm_yield
wheat,IN,IN-06-1064,2012,0.7670827750058035,-0.303639536466717,ssm_yield
wheat,IN,IN-06-1064,2013,0.8267453610592002,-0.1306545608279752,ssm_yield
wheat,IN,IN-06-1064,2014,1.5487271598107073,-0.5869465628954729,ssm_yield
wheat,IN,IN-06-1064,2015,1.269279031650768,-0.5631169999248298,ssm_yield
wheat,IN,IN-06-1064,2016,0.2964243385448207,0.0026144765263614632,ssm_yield
wheat,IN,IN-06-1064,2017,0.5058975190570201,0.06174709574980908,ssm_yield
wheat,IN,IN-06-1071,2003,-0.718821568818186,-1.4095077735858166,ssm_yield
wheat,IN,IN-06-1071,2004,0.023163694233205877,-1.4536365939018223,ssm_yield
wheat,IN,IN-06-1071,2005,-0.41141037927039364,-1.4077426207731765,ssm_yield
wheat,IN,IN-06-1071,2006,-0.4526886929553131,-1.3839130578025334,ssm_yield
wheat,IN,IN-06-1071,2007,-0.4628451490685884,-1.4262767253058988,ssm_yield
wheat,IN,IN-06-1071,2008,-0.5932285731971921,-1.3865607870214938,ssm_yield
wheat,IN,IN-06-1071,2009,-0.7863469275708945,-1.4412805242133404,ssm_yield
wheat,IN,IN-06-1071,2010,-0.7643677828296379,-1.4677578164029441,ssm_yield
wheat,IN,IN-06-1071,2011,-0.8590704004847751,-1.1950417068500294,ssm_yield
wheat,IN,IN-06-1071,2012,-0.37985202208276947,-0.684029967590685,ssm_yield
wheat,IN,IN-06-1071,2013,-0.3692017139767706,-0.9099695276086336,ssm_yield
wheat,IN,IN-06-1071,2014,0.071294769365058,-0.29304861959087564,ssm_yield
wheat,IN,IN-06-1071,2015,-0.24765564129671264,-0.4730942064801785,ssm_yield
wheat,IN,IN-06-1071,2016,-0.7011612258149895,-0.30187438365407676,ssm_yield
wheat,IN,IN-06-1071,2017,-0.5197607907439574,1.1817365553700305,ssm_yield
wheat,IN,IN-06-1081,2003,-0.559032815405095,-1.0891325380916161,ssm_yield
wheat,IN,IN-06-1081,2004,0.5015488259560957,-1.1147272538748993,ssm_yield
wheat,IN,IN-06-1081,2005,0.1648301047114773,-0.9161475624528744,ssm_yield
wheat,IN,IN-06-1081,2006,0.06507197246483766,-0.9311513613603163,ssm_yield
wheat,IN,IN-06-1081,2007,0.08362596939171912,-1.025587036836568,ssm_yield
wheat,IN,IN-06-1081,2008,-0.4025246156027935,-0.793469441974379,ssm_yield
wheat,IN,IN-06-1081,2009,0.05118547825615969,-0.6346056888367587,ssm_yield
wheat,IN,IN-06-1081,2010,0.246910108725841,-0.48986315820026055,ssm_yield
wheat,IN,IN-06-1081,2011,0.08479800302569226,-0.3998403647556091,ssm_yield
wheat,IN,IN-06-1081,2012,0.6395285669960807,0.2523835995149533,ssm_yield
wheat,IN,IN-06-1081,2013,0.9112461290626285,0.18266006341566435,ssm_yield
wheat,IN,IN-06-1081,2014,1.7514874715338478,0.4403723740611367,ssm_yield
wheat,IN,IN-06-1081,2015,1.4261104401657052,0.23914495342015152,ssm_yield
wheat,IN,IN-06-1081,2016,-0.040897800801385706,0.14735700716285985,ssm_yield
wheat,IN,IN-06-1081,2017,0.36611183064122277,0.8534181322189488,ssm_yield
wheat,IN,IN-06-1082,2003,-0.7734485158822355,-0.1739008047376606,ssm_yield
wheat,IN,IN-06-1082,2004,-0.4714930692896122,-0.34776835678272255,ssm_yield
wheat,IN,IN-06-1082,2005,-0.8656056363210848,-0.2568629869317513,ssm_yield
wheat,IN,IN-06-1082,2006,-0.5064614292830594,-0.20832128458414506,ssm_yield
wheat,IN,IN-06-1082,2007,-0.02060775947581465,-0.3460032039700824,ssm_yield
wheat,IN,IN-06-1082,2008,0.02084862006021517,-0.3521812388143232,ssm_yield
wheat,IN,IN-06-1082,2009,-0.517220646399859,-0.4492646435095354,ssm_yield
wheat,IN,IN-06-1082,2010,0.03544844449740148,-0.007976440349479882,ssm_yield
wheat,IN,IN-06-1082,2011,0.09604127684450613,0.6054141620429978,ssm_yield
wheat,IN,IN-06-1082,2012,-0.12018568400300451,0.5012701460972248,ssm_yield
wheat,IN,IN-06-1082,2013,-0.11291346792833784,-0.1668401934870997,ssm_yield
wheat,IN,IN-06-1082,2014,1.324748257746958,0.662781628453805,ssm_yield
wheat,IN,IN-06-1082,2015,0.9017664172721431,1.0546455528599343,ssm_yield
wheat,IN,IN-06-1082,2016,-0.7536328960718345,0.6133573496998787,ssm_yield
wheat,IN,IN-06-1082,2017,0.04424801812508197,1.0546455528599343,ssm_yield
wheat,IN,IN-06-2006,2008,0.42594883449146176,-0.43955630304001425,ssm_yield
wheat,IN,IN-06-2006,2009,-0.02439659196390382,-0.4369085738210538,ssm_yield
wheat,IN,IN-06-2006,2010,-0.5391716409783383,-0.4166093164756913,ssm_yield
wheat,IN,IN-06-2006,2011,-0.3169220515300819,-0.1844917216135019,ssm_yield
wheat,IN,IN-06-2006,2012,0.11072013101586213,0.6504255587653233,ssm_yield
wheat,IN,IN-06-2006,2013,-0.13795473862289734,0.2364972242011911,ssm_yield
wheat,IN,IN-06-2006,2014,1.3765312275039037,0.5807020226660347,ssm_yield
wheat,IN,IN-06-2006,2015,0.42632933739034706,1.4491572064850242,ssm_yield
wheat,IN,IN-06-2006,2016,-0.7531076010509827,0.37241399077448817,ssm_yield
wheat,IN,IN-06-2006,2017,0.26445203219385377,0.045860720436047255,ssm_yield
wheat,IN,IN-06-2007,2008,-0.40699080403948884,-1.2418182563849953,ssm_yield
wheat,IN,IN-06-2007,2009,-0.48950665862252185,-1.0776590448094547,ssm_yield
wheat,IN,IN-06-2007,2010,-0.531073601757975,-1.0282347660555287,ssm_yield
wheat,IN,IN-06-2007,2011,-0.9350889192290902,-0.9143824096402342,ssm_yield
wheat,IN,IN-06-2007,2012,-0.18803925830803425,-0.2983440780287963,ssm_yield
wheat,IN,IN-06-2007,2013,-0.19850437191675746,-0.27274936224551316,ssm_yield
wheat,IN,IN-06-2007,2014,0.27749379143563135,-0.1324197136406156,ssm_yield
wheat,IN,IN-06-2007,2015,-0.11603510263682862,-0.11829849113949381,ssm_yield
wheat,IN,IN-06-2007,2016,-0.7048785418835835,0.2823911973298369,ssm_yield
wheat,IN,IN-06-2007,2017,-0.37735676990906397,0.3035730310815196,ssm_yield
wheat,IN,IN-06-2058,2013,0.45355977928811075,-0.037101461758043484,ssm_yield
wheat,IN,IN-06-2058,2014,1.363814582032926,0.2373798006075111,ssm_yield
wheat,IN,IN-06-2058,2015,1.0391271238452136,1.3194184747559676,ssm_yield
wheat,IN,IN-06-2058,2016,-0.19642284537367274,1.1605547216183478,ssm_yield
wheat,IN,IN-06-2058,2017,0.23727961704175082,1.4959337560199901,ssm_yield
wheat,IN,IN-07-0096,2003,-0.6585533069891258,-1.1517954629403442,ssm_yield
wheat,IN,IN-07-0096,2004,0.4830292086824811,-1.1517954629403442,ssm_yield
wheat,IN,IN-07-0096,2005,0.45522488023418384,-1.1517954629403442,ssm_yield
wheat,IN,IN-07-0096,2006,0.5095011830400524,-1.1517954629403442,ssm_yield
wheat,IN,IN-07-0096,2007,0.7711086713576856,-1.1517954629403442,ssm_yield
wheat,IN,IN-07-0096,2008,0.5103273194472299,-1.1517954629403442,ssm_yield
wheat,IN,IN-07-0096,2009,0.39341726110114844,-1.3283107442043662,ssm_yield
wheat,IN,IN-07-0096,2010,0.7646348955462782,-0.7105072597802884,ssm_yield
wheat,IN,IN-07-0096,2011,1.0683254875709125,-1.1517954629403442,ssm_yield
wheat,IN,IN-07-0096,2016,0.46872850259960885,-0.2692190566202327,ssm_yield
wheat,IN,IN-07-0096,2017,0.5692312522427175,-0.2692190566202327,ssm_yield
wheat,IN,IN-07-0097,2015,0.9840397613300644,-1.1517954629403442,ssm_yield
wheat,IN,IN-07-0099,2003,-1.171890748324442,-1.0079355087101658,ssm_yield
wheat,IN,IN-07-0099,2004,-0.5530779450375625,-0.7440451632204527,ssm_yield
wheat,IN,IN-07-0099,2005,-0.1369291899795136,-0.5763556460196315,ssm_yield
wheat,IN,IN-07-0099,2006,-0.07225150824757248,-0.5895942921144331,ssm_yield
wheat,IN,IN-07-0099,2007,0.5228047705074388,-0.3698327669407255,ssm_yield
wheat,IN,IN-07-0099,2008,0.43673932235982316,-0.6116587022724358,ssm_yield
wheat,IN,IN-07-0099,2009,0.07293794490586467,-0.6090109730534756,ssm_yield
wheat,IN,IN-07-0099,2010,0.27690656692852456,-0.350416086001683,ssm_yield
wheat,IN,IN-07-0099,2011,0.6301568430926322,-0.30628726568567743,ssm_yield
wheat,IN,IN-07-0099,2012,0.016807707991258605,-0.5860639864891527,ssm_yield
wheat,IN,IN-07-0099,2013,-0.4464739555101712,-0.5357571313289063,ssm_yield
wheat,IN,IN-07-0099,2014,1.0692069333051202,-0.6787345091527643,ssm_yield
wheat,IN,IN-07-0099,2015,0.6301927395925221,-0.8411285679156648,ssm_yield
wheat,IN,IN-07-0099,2016,-0.45008370753958793,-0.05563556629076574,ssm_yield
wheat,IN,IN-07-0099,2017,0.08045863495741001,-0.27980997349607406,ssm_yield
wheat,IN,IN-07-0100,2003,-1.4212994086915245,-0.6222496191482771,ssm_yield
wheat,IN,IN-07-0100,2004,-1.0887947202108441,-0.477507088511779,ssm_yield
wheat,IN,IN-07-0100,2005,-0.8567744747518529,-0.6107761258661158,ssm_yield
wheat,IN,IN-07-0100,2006,-0.8492563171723044,-0.6443140293062801,ssm_yield
wheat,IN,IN-07-0100,2007,0.04056824858551939,0.07851604746989131,ssm_yield
wheat,IN,IN-07-0100,2008,0.135078907377222,-0.5595866942995493,ssm_yield
wheat,IN,IN-07-0100,2009,-0.3381159287508572,-0.22420765989790686,ssm_yield
wheat,IN,IN-07-0100,2010,-0.2546024322964381,-0.1333022900469356,ssm_yield
wheat,IN,IN-07-0100,2011,-0.0793359473120496,-0.01327189878740036,ssm_yield
wheat,IN,IN-07-0100,2012,-0.3854448213324216,-0.09535150457517069,ssm_yield
wheat,IN,IN-07-0100,2013,-0.6746457903688755,-0.5851814100828326,ssm_yield
wheat,IN,IN-07-0100,2014,1.042051407674918,-0.4236699277262522,ssm_yield
wheat,IN,IN-07-0100,2015,0.4417350559041859,-0.6187193135229967,ssm_yield
wheat,IN,IN-07-0100,2016,-1.1667849858968942,-0.12712425520269474,ssm_yield
wheat,IN,IN-07-0100,2017,-0.30356330042291496,-0.08387801129300933,ssm_yield
wheat,IN,IN-07-0101,2003,-1.205685257825447,-0.38924944787976773,ssm_yield
wheat,IN,IN-07-0101,2004,-0.8396468829972041,-0.24891979927487,ssm_yield
wheat,IN,IN-07-0101,2005,-0.8547705091608595,-0.40601839959985,ssm_yield
wheat,IN,IN-07-0101,2006,-0.8362726120071033,-0.09005604613725021,ssm_yield
wheat,IN,IN-07-0101,2007,-0.09938926216798986,0.276213162485596,ssm_yield
wheat,IN,IN-07-0101,2008,-0.00987775003048411,-0.23038569474214776,ssm_yield
wheat,IN,IN-07-0101,2009,-0.5283398003421013,-0.12712425520269474,ssm_yield
wheat,IN,IN-07-0101,2010,-0.2526385995185961,0.16677368810190252,ssm_yield
wheat,IN,IN-07-0101,2011,-0.022218966694297085,0.017618275433803666,ssm_yield
wheat,IN,IN-07-0101,2012,-0.40410747047441464,-0.18625687442614236,ssm_yield
wheat,IN,IN-07-0101,2013,-0.5401264878755372,0.22590630732534975,ssm_yield
wheat,IN,IN-07-0101,2014,1.1183564209609953,-0.5913594449270734,ssm_yield
wheat,IN,IN-07-0101,2015,0.5959259407930101,-0.7096246833739683,ssm_yield
wheat,IN,IN-07-0101,2016,-1.1775693537062544,-0.25774556333807136,ssm_yield
wheat,IN,IN-07-0101,2017,-0.31773199143650416,-0.351298662408003,ssm_yield
wheat,IN,IN-07-0102,2003,-1.4622102507715484,-1.1447348516897833,ssm_yield
wheat,IN,IN-07-0102,2004,-0.8839844017663904,-0.5066321099203426,ssm_yield
wheat,IN,IN-07-0102,2005,-0.3858264656708818,-0.7175678710308493,ssm_yield
wheat,IN,IN-07-0102,2006,-0.4391882870227363,-0.6116587022724358,ssm_yield
wheat,IN,IN-07-0102,2007,0.1851358152392472,-0.20655613177150464,ssm_yield
wheat,IN,IN-07-0102,2008,0.146599400590654,-0.6346056888367587,ssm_yield
wheat,IN,IN-07-0102,2009,-0.28439640391117854,-0.5622344235185097,ssm_yield
wheat,IN,IN-07-0102,2010,0.059969027686286515,-0.39101460069240795,ssm_yield
wheat,IN,IN-07-0102,2011,0.539498480859286,-0.40690097600617,ssm_yield
wheat,IN,IN-07-0102,2012,-0.378509992288683,-0.9885188277711234,ssm_yield
wheat,IN,IN-07-0102,2013,-0.8578054978296681,-0.3221736409994394,ssm_yield
wheat,IN,IN-07-0102,2014,0.7210633219332424,-0.72286332946877,ssm_yield
wheat,IN,IN-07-0102,2015,0.3569650660665522,-0.9585112299562396,ssm_yield
wheat,IN,IN-07-0102,2016,-0.9222216980606514,-0.16330988786181924,ssm_yield
wheat,IN,IN-07-0102,2017,-0.23945375812868364,-0.07152194160452757,ssm_yield
wheat,IN,IN-07-0103,2003,-1.44107074500497,-0.9540983479246392,ssm_yield
wheat,IN,IN-07-0103,2004,-0.6161452810670138,-0.5737079168006711,ssm_yield
wheat,IN,IN-07-0103,2005,-0.3467339237569471,-0.4086661288188102,ssm_yield
wheat,IN,IN-07-0103,2006,-0.0973173736284652,-0.4351434210084136,ssm_yield
wheat,IN,IN-07-0103,2007,0.14510380881903948,-0.17037049911238014,ssm_yield
wheat,IN,IN-07-0103,2008,0.04865950514666069,-0.40690097600617,ssm_yield
wheat,IN,IN-07-0103,2009,-0.14198735370022203,-0.6752042035274839,ssm_yield
wheat,IN,IN-07-0103,2010,0.16129893114594762,-0.3292342522500003,ssm_yield
wheat,IN,IN-07-0103,2011,0.5490845119287662,-0.3495335095953628,ssm_yield
wheat,IN,IN-07-0103,2012,-0.2340500708818997,-0.4722116300738583,ssm_yield
wheat,IN,IN-07-0103,2013,-0.5716096555546426,-0.25156752849383046,ssm_yield
wheat,IN,IN-07-0103,2014,0.3715577686381687,-0.7034466485297275,ssm_yield
wheat,IN,IN-07-0103,2015,0.2506925878950027,-0.18978718005142278,ssm_yield
wheat,IN,IN-07-0103,2016,-0.58285055948465,0.08204635309517176,ssm_yield
wheat,IN,IN-07-0103,2017,-0.10154533130452419,0.12617517341117718,ssm_yield
wheat,IN,IN-07-0104,2003,-1.213264180537945,-0.7590489621278944,ssm_yield
wheat,IN,IN-07-0104,2004,-0.4047832220849285,-0.4519123727284958,ssm_yield
wheat,IN,IN-07-0104,2005,-0.18822903670282354,-0.3795411074102466,ssm_yield
wheat,IN,IN-07-0104,2006,0.24995547480756483,-0.4351434210084136,ssm_yield
wheat,IN,IN-07-0104,2007,0.38218987935416476,-0.11829849113949381,ssm_yield
wheat,IN,IN-07-0104,2008,0.25029626720344034,-0.5172230267961839,ssm_yield
wheat,IN,IN-07-0104,2009,0.19301160482106253,-0.5842988336765125,ssm_yield
wheat,IN,IN-07-0104,2010,0.5357064212758565,-0.28775316115295496,ssm_yield
wheat,IN,IN-07-0104,2011,0.8089106436184406,-0.3989577883492891,ssm_yield
wheat,IN,IN-07-0104,2012,0.0515586608331087,-0.5578215414869091,ssm_yield
wheat,IN,IN-07-0104,2013,-0.2338310597132822,-0.41043128163145043,ssm_yield
wheat,IN,IN-07-0104,2014,0.5635818482691118,-0.619601889929317,ssm_yield
wheat,IN,IN-07-0104,2015,0.5049933759659214,-0.5781207988322717,ssm_yield
wheat,IN,IN-07-0104,2016,-0.43113551571703496,-0.2692190566202327,ssm_yield
wheat,IN,IN-07-0104,2017,0.1575955058365421,-0.25245010490015046,ssm_yield
wheat,IN,IN-07-0105,2003,-1.319155979082583,-0.6125412786787561,ssm_yield
wheat,IN,IN-07-0105,2004,-0.6935696663255718,-0.5278139436720253,ssm_yield
wheat,IN,IN-07-0105,2005,-0.4640720853561651,-0.6187193135229967,ssm_yield
wheat,IN,IN-07-0105,2006,0.2227890036872282,-0.6125412786787561,ssm_yield
wheat,IN,IN-07-0105,2007,0.29056877478846205,-0.3045221128730372,ssm_yield
wheat,IN,IN-07-0105,2008,0.25294924289877996,-0.4095487052251304,ssm_yield
wheat,IN,IN-07-0105,2009,0.1522755274572092,-0.5551738122679488,ssm_yield
wheat,IN,IN-07-0105,2010,0.5959833751928391,-0.39631005913032863,ssm_yield
wheat,IN,IN-07-0105,2011,0.908706502975789,-0.5322268257036259,ssm_yield
wheat,IN,IN-07-0105,2012,-0.05655037919361876,-0.43249569178945335,ssm_yield
wheat,IN,IN-07-0105,2013,-0.440762219315721,-0.29922665443511653,ssm_yield
wheat,IN,IN-07-0105,2014,0.513421425434951,-0.10859015066997248,ssm_yield
wheat,IN,IN-07-0105,2015,0.42674573678913175,-0.5445828953921075,ssm_yield
wheat,IN,IN-07-0105,2016,-0.7344773176056144,0.1579479240387012,ssm_yield
wheat,IN,IN-07-0105,2017,-0.0862357507873618,-0.2833402791213545,ssm_yield
wheat,IN,IN-07-0106,2003,-1.5754334567010617,-1.6530988617301674,ssm_yield
wheat,IN,IN-07-0106,2004,-0.7320773628007841,-1.0441211413692904,ssm_yield
wheat,IN,IN-07-0106,2005,-0.385383011505794,-0.9973445918343246,ssm_yield
wheat,IN,IN-07-0106,2006,0.13562086373606902,-0.9417422782361576,ssm_yield
wheat,IN,IN-07-0106,2007,0.2963004115157198,-0.7361019755635716,ssm_yield
wheat,IN,IN-07-0106,2008,0.24121157416540462,-0.8526020611978263,ssm_yield
wheat,IN,IN-07-0106,2009,0.20191654642910964,-0.8711361657305486,ssm_yield
wheat,IN,IN-07-0106,2010,0.47184987143143575,-0.7987649004122996,ssm_yield
wheat,IN,IN-07-0106,2011,1.0505316271310785,-0.9832233693332028,ssm_yield
wheat,IN,IN-07-0106,2012,-0.26527076035612585,-1.3662615296761311,ssm_yield
wheat,IN,IN-07-0106,2013,-0.6481439428092063,-1.1491477337213838,ssm_yield
wheat,IN,IN-07-0106,2014,0.79787137475335,-0.8923179994822313,ssm_yield
wheat,IN,IN-07-0106,2015,0.33503309995129715,-1.4192161140553379,ssm_yield
wheat,IN,IN-07-0106,2016,-0.9377212313977378,-0.8526020611978263,ssm_yield
wheat,IN,IN-07-0106,2017,-0.008477726204341441,-0.9832233693332028,ssm_yield
wheat,IN,IN-07-0107,2003,-1.1841371273422219,-0.24891979927487,ssm_yield
wheat,IN,IN-07-0107,2004,-0.6245151584494514,-0.17301822833134056,ssm_yield
wheat,IN,IN-07-0107,2005,-0.5397555573766308,-0.24274176443062953,ssm_yield
wheat,IN,IN-07-0107,2006,0.050764097973365015,-0.19331748567670323,ssm_yield
wheat,IN,IN-07-0107,2007,0.12186722731905218,0.07498574184461086,ssm_yield
wheat,IN,IN-07-0107,2008,0.2079887945749018,0.15353504200710075,ssm_yield
wheat,IN,IN-07-0107,2009,0.03770229913907624,-0.02474539206956172,ssm_yield
wheat,IN,IN-07-0107,2010,0.3740070923781329,0.3097510659257605,ssm_yield
wheat,IN,IN-07-0107,2011,0.5914958194716495,0.15618277122606117,ssm_yield
wheat,IN,IN-07-0107,2012,-0.16793425896088382,-0.09888181020045114,ssm_yield
wheat,IN,IN-07-0107,2013,-0.4681929478501175,0.18266006341566435,ssm_yield
wheat,IN,IN-07-0107,2014,0.22064913386296564,-0.07416967082348801,ssm_yield
wheat,IN,IN-07-0107,2015,0.28806221262710624,-0.04857495504020485,ssm_yield
wheat,IN,IN-07-0107,2016,-0.7202661947182757,-0.04327949660228437,ssm_yield
wheat,IN,IN-07-0107,2017,-0.1620066814752781,0.014087969808523216,ssm_yield
wheat,IN,IN-07-0108,2003,-1.10968099569284,-0.9002611871391124,ssm_yield
wheat,IN,IN-07-0108,2004,-0.6501579091308339,-0.8896702702632711,ssm_yield
wheat,IN,IN-07-0108,2005,-0.19648256378951573,-0.5754730696133113,ssm_yield
wheat,IN,IN-07-0108,2006,-0.4620943937547644,-0.2621584453696718,ssm_yield
wheat,IN,IN-07-0108,2007,0.3577052353876486,-0.10417726863837201,ssm_yield
wheat,IN,IN-07-0108,2008,0.31463056611239254,-0.4854502761686601,ssm_yield
wheat,IN,IN-07-0108,2009,-0.2065394169412831,-0.3521812388143232,ssm_yield
wheat,IN,IN-07-0108,2010,0.18689962656255094,-0.17831368676926104,ssm_yield
wheat,IN,IN-07-0108,2011,0.45120775995439755,-0.3918971770987282,ssm_yield
wheat,IN,IN-07-0108,2012,-0.3307604631540697,-1.254174326073477,ssm_yield
wheat,IN,IN-07-0108,2013,-0.6161649218369311,-0.683147391184365,ssm_yield
wheat,IN,IN-07-0108,2014,1.2195981743751279,-1.1888636720057888,ssm_yield
wheat,IN,IN-07-0108,2015,0.5852193998574773,-1.1217878651254602,ssm_yield
wheat,IN,IN-07-0108,2016,-0.9860632226654754,-0.1818439923945415,ssm_yield
wheat,IN,IN-07-0108,2017,-0.1531393349916186,-0.5825336808638722,ssm_yield
wheat,IN,IN-07-0109,2003,-0.785523315250466,-1.0273521896492084,ssm_yield
wheat,IN,IN-07-0109,2004,-0.1176493155339607,-1.3106592160779642,ssm_yield
wheat,IN,IN-07-0109,2005,0.137915319336118,-1.0176438491796873,ssm_yield
wheat,IN,IN-07-0109,2006,0.07894023005540471,-0.7996474768186196,ssm_yield
wheat,IN,IN-07-0109,2007,0.7311120426599905,-0.33276455787528075,ssm_yield
wheat,IN,IN-07-0109,2008,0.40220344573183053,-0.5993026325839544,ssm_yield
wheat,IN,IN-07-0109,2009,0.047355629401684494,-0.8720187421368688,ssm_yield
wheat,IN,IN-07-0109,2010,0.4090864682579852,-0.5225184852341046,ssm_yield
wheat,IN,IN-07-0109,2011,0.9510068800834461,-0.6407837236809997,ssm_yield
wheat,IN,IN-07-0109,2012,-0.2725137035383557,-0.6478443349315606,ssm_yield
wheat,IN,IN-07-0109,2013,-0.2218752991088028,-1.0502991762135312,ssm_yield
wheat,IN,IN-07-0109,2014,1.6213235270445887,-1.2903599587326016,ssm_yield
wheat,IN,IN-07-0109,2015,0.5492583896713278,-1.6522162853238471,ssm_yield
wheat,IN,IN-07-0109,2016,-0.8749410221132133,-0.6337231124304388,ssm_yield
wheat,IN,IN-07-0109,2017,0.35749420919220565,-1.1923939776310692,ssm_yield
wheat,IN,IN-07-0110,2003,-1.1360985682120752,-1.5692541031297567,ssm_yield
wheat,IN,IN-07-0110,2004,-0.18941733929759313,-1.2594697845113976,ssm_yield
wheat,IN,IN-07-0110,2005,0.22738170444518357,-1.104136336999058,ssm_yield
wheat,IN,IN-07-0110,2006,0.06959778994925922,-0.9073217983896733,ssm_yield
wheat,IN,IN-07-0110,2007,0.6812236058836716,-0.7537535036899738,ssm_yield
wheat,IN,IN-07-0110,2008,0.47680469816632537,-0.9470377366740783,ssm_yield
wheat,IN,IN-07-0110,2009,0.15708154322276965,-0.8234770397892626,ssm_yield
wheat,IN,IN-07-0110,2010,0.514742876106281,-0.8887876938569509,ssm_yield
wheat,IN,IN-07-0110,2011,1.1028024388394095,-0.8640755544799877,ssm_yield
wheat,IN,IN-07-0110,2012,-0.13529828276188724,-1.1729772966920269,ssm_yield
wheat,IN,IN-07-0110,2013,-0.29238730665917356,-1.1623863798161855,ssm_yield
wheat,IN,IN-07-0110,2014,1.5100378345188008,-1.4368676421817401,ssm_yield
wheat,IN,IN-07-0110,2015,0.6162864355333074,-1.791663357522425,ssm_yield
wheat,IN,IN-07-0110,2016,-0.7082381248705534,-0.548995777423708,ssm_yield
wheat,IN,IN-07-0110,2017,0.42436346272468056,-1.0917802673105765,ssm_yield
wheat,IN,IN-07-0111,2003,-0.8068461914081424,-0.8155338521323816,ssm_yield
wheat,IN,IN-07-0111,2004,-0.0258250738483344,-0.9593938063625599,ssm_yield
wheat,IN,IN-07-0111,2005,0.11346777516659035,-1.1376742404392224,ssm_yield
wheat,IN,IN-07-0111,2006,0.3718557913208554,-0.936446819798237,ssm_yield
wheat,IN,IN-07-0111,2007,0.5833067195438597,-0.6928557316538861,ssm_yield
wheat,IN,IN-07-0111,2008,0.4787796462750027,-0.8305376510398235,ssm_yield
wheat,IN,IN-07-0111,2009,0.024879378516449606,-1.1209052887191402,ssm_yield
wheat,IN,IN-07-0111,2010,0.09457554212474346,-0.5454654717984275,ssm_yield
wheat,IN,IN-07-0111,2011,0.7461577631370728,-0.5004540750761018,ssm_yield
wheat,IN,IN-07-0111,2012,-0.4230265826804701,-0.7722876082226963,ssm_yield
wheat,IN,IN-07-0111,2013,-0.10320547113542562,-1.0405908357440101,ssm_yield
wheat,IN,IN-07-0111,2014,1.4196534167005215,-1.3821479049898933,ssm_yield
wheat,IN,IN-07-0111,2015,0.5267015840852428,-1.6345647571974449,ssm_yield
wheat,IN,IN-07-0111,2016,-0.890926303280674,-0.9320339377666362,ssm_yield
wheat,IN,IN-07-0111,2017,0.23928286994878595,-1.1535606157529843,ssm_yield
wheat,IN,IN-07-0112,2003,-1.347583894929117,-1.849030823933232,ssm_yield
wheat,IN,IN-07-0112,2004,-0.2910981095058093,-1.3512577307686893,ssm_yield
wheat,IN,IN-07-0112,2005,0.08777279090716142,-1.1394393932518625,ssm_yield
wheat,IN,IN-07-0112,2006,0.2913943942860418,-1.2594697845113976,ssm_yield
wheat,IN,IN-07-0112,2007,0.5374649010644453,-0.9885188277711234,ssm_yield
wheat,IN,IN-07-0112,2008,0.4845247430196948,-1.0917802673105765,ssm_yield
wheat,IN,IN-07-0112,2009,0.2579640126512798,-1.135026511220262,ssm_yield
wheat,IN,IN-07-0112,2010,0.4647960266775487,-1.1209052887191402,ssm_yield
wheat,IN,IN-07-0112,2011,1.1543390724554767,-0.9408597018298374,ssm_yield
wheat,IN,IN-07-0112,2012,-0.17187147475543754,-1.6204435346963233,ssm_yield
wheat,IN,IN-07-0112,2013,-0.3388554447441603,-0.6725564743085237,ssm_yield
wheat,IN,IN-07-0112,2014,1.2081192085977674,-1.7740118293960228,ssm_yield
wheat,IN,IN-07-0112,2015,0.4793556470348467,-1.783720169865544,ssm_yield
wheat,IN,IN-07-0112,2016,-0.8237590921437931,-1.3636138004571707,ssm_yield
wheat,IN,IN-07-0112,2017,0.31630633547538334,-1.469522969215584,ssm_yield
wheat,IN,IN-07-0113,2003,-0.536268810686853,-0.651374640556841,ssm_yield
wheat,IN,IN-07-0113,2004,-0.33875430276606205,-1.4245115724932587,ssm_yield
wheat,IN,IN-07-0113,2005,-0.4826031795930321,-1.1217878651254602,ssm_yield
wheat,IN,IN-07-0113,2006,-0.2761867034495366,-0.7828785250985376,ssm_yield
wheat,IN,IN-07-0113,2007,0.3302774829720195,-0.27098420943287294,ssm_yield
wheat,IN,IN-07-0113,2008,0.26378998586699093,-0.7308065171256509,ssm_yield
wheat,IN,IN-07-0113,2009,-0.36326207808378846,-0.23303342396110818,ssm_yield
wheat,IN,IN-07-0113,2010,0.18016549971221582,-0.5128101447645834,ssm_yield
wheat,IN,IN-07-0113,2011,0.40240073056052167,-0.5772382224259516,ssm_yield
wheat,IN,IN-07-0113,2012,-0.25931534849901655,-0.72374590587509,ssm_yield
wheat,IN,IN-07-0113,2013,-0.20725049070768878,-0.928503632141356,ssm_yield
wheat,IN,IN-07-0113,2014,1.4723030892230546,-0.8879051174506308,ssm_yield
wheat,IN,IN-07-0113,2015,0.8093449912671615,-1.3177198273285249,ssm_yield
wheat,IN,IN-07-0113,2016,-0.8319147769198761,-0.6549049461821215,ssm_yield
wheat,IN,IN-07-0113,2017,0.008834032828247728,-0.651374640556841,ssm_yield
wheat,IN,IN-07-0114,2003,-0.5449153285235651,-0.7864088307238181,ssm_yield
wheat,IN,IN-07-0114,2004,-0.3672185928703934,-1.0476514469945708,ssm_yield
wheat,IN,IN-07-0114,2005,-0.6752983478791493,-0.6866776968096454,ssm_yield
wheat,IN,IN-07-0114,2006,-0.19923954995810944,-0.28687058474663496,ssm_yield
wheat,IN,IN-07-0114,2007,0.1400551009395965,0.35652761546072637,ssm_yield
wheat,IN,IN-07-0114,2008,0.09806938729686225,-0.7025640721234074,ssm_yield
wheat,IN,IN-07-0114,2009,-0.5125651552563644,0.171186570133503,ssm_yield
wheat,IN,IN-07-0114,2010,0.0064043186388446785,0.06439482496876951,ssm_yield
wheat,IN,IN-07-0114,2011,0.1557970294300205,-0.10064696301309156,ssm_yield
wheat,IN,IN-07-0114,2012,-0.27116025957159445,-0.5286965200783454,ssm_yield
wheat,IN,IN-07-0114,2013,-0.12205431220152956,-0.9170301388591945,ssm_yield
wheat,IN,IN-07-0114,2014,1.4298510129231494,-0.7899391363490985,ssm_yield
wheat,IN,IN-07-0114,2015,0.7625958996408385,-0.9788104873016023,ssm_yield
wheat,IN,IN-07-0114,2016,-0.7718549129228366,-0.580768528051232,ssm_yield
wheat,IN,IN-07-0114,2017,-0.0448337616279781,-0.6478443349315606,ssm_yield
wheat,IN,IN-07-0115,2003,-0.4700524176238901,-0.9390945490171971,ssm_yield
wheat,IN,IN-07-0115,2004,-0.1489838664225593,-1.0061703558975257,ssm_yield
wheat,IN,IN-07-0115,2005,-0.39398580619209167,-0.8243596161955827,ssm_yield
wheat,IN,IN-07-0115,2006,-0.026792180780883024,-0.5578215414869091,ssm_yield
wheat,IN,IN-07-0115,2007,0.06638795364586844,-0.366302461315445,ssm_yield
wheat,IN,IN-07-0115,2008,0.12352082287832919,-0.809355817288141,ssm_yield
wheat,IN,IN-07-0115,2009,-0.45147350514671003,-0.29304861959087564,ssm_yield
wheat,IN,IN-07-0115,2010,0.075807195218247,-0.334529710687921,ssm_yield
wheat,IN,IN-07-0115,2011,0.16961192874317038,-0.4360259974147338,ssm_yield
wheat,IN,IN-07-0115,2012,-0.028163427076865845,-0.28598800834031474,ssm_yield
wheat,IN,IN-07-0115,2013,0.24122762854035912,-0.668143592276923,ssm_yield
wheat,IN,IN-07-0115,2014,1.4845294370871993,-0.8755490477621493,ssm_yield
wheat,IN,IN-07-0115,2015,0.8993375165032608,-1.135026511220262,ssm_yield
wheat,IN,IN-07-0115,2016,-0.4295437302998222,-0.6928557316538861,ssm_yield
wheat,IN,IN-07-0115,2017,0.1386229111420448,-0.47574193569913875,ssm_yield
wheat,IN,IN-07-0116,2003,-0.47952923506013534,-0.9911665569900838,ssm_yield
wheat,IN,IN-07-0116,2004,0.026133044319918856,-1.1694469910667464,ssm_yield
wheat,IN,IN-07-0116,2005,-0.06402129550028024,-1.1570909213782647,ssm_yield
wheat,IN,IN-07-0116,2006,0.35247829075170944,-1.031765071680809,ssm_yield
wheat,IN,IN-07-0116,2007,0.3662591006473064,-0.4430866086652947,ssm_yield
wheat,IN,IN-07-0116,2008,0.24848480956546803,-1.0776590448094547,ssm_yield
wheat,IN,IN-07-0116,2009,-0.2744342705118175,-1.055594634651452,ssm_yield
wheat,IN,IN-07-0116,2010,-0.016420102515303327,-0.7352193991572515,ssm_yield
wheat,IN,IN-07-0116,2011,0.40782230816702364,-0.5216359088277845,ssm_yield
wheat,IN,IN-07-0116,2012,-0.32390664889359716,-0.4554426783537763,ssm_yield
wheat,IN,IN-07-0116,2013,0.05969992290833845,-1.2488788676355562,ssm_yield
wheat,IN,IN-07-0116,2014,1.3652859166232825,-1.221518999039633,ssm_yield
wheat,IN,IN-07-0116,2015,0.5642896949401868,-1.1023711841864179,ssm_yield
wheat,IN,IN-07-0116,2016,-0.6034897259329258,-0.8923179994822313,ssm_yield
wheat,IN,IN-07-0116,2017,0.08438623077880442,-1.1376742404392224,ssm_yield
wheat,IN,IN-07-0117,2003,-0.4664914848343325,-0.9682195704257609,ssm_yield
wheat,IN,IN-07-0117,2004,0.18780651483141472,-1.0035226266785655,ssm_yield
wheat,IN,IN-07-0117,2005,0.02300253221595429,-0.9196778680781549,ssm_yield
wheat,IN,IN-07-0117,2006,0.35703628472235255,-0.7263936350940504,ssm_yield
wheat,IN,IN-07-0117,2007,0.22014690642616866,-0.5207533324214644,ssm_yield
wheat,IN,IN-07-0117,2008,0.29214896743102386,-0.8852573882316704,ssm_yield
wheat,IN,IN-07-0117,2009,-0.28610621687759785,-0.8164164285387019,ssm_yield
wheat,IN,IN-07-0117,2010,0.024281359269349403,-0.5684124583627505,ssm_yield
wheat,IN,IN-07-0117,2011,0.29344514696642293,-0.7193330238434895,ssm_yield
wheat,IN,IN-07-0117,2012,-0.07324546797106468,-0.6919731552475661,ssm_yield
wheat,IN,IN-07-0117,2013,0.3269465156960695,-0.8773142005747895,ssm_yield
wheat,IN,IN-07-0117,2014,1.359759348933889,-0.7519883508773336,ssm_yield
wheat,IN,IN-07-0117,2015,0.6637536696181102,-0.9911665569900838,ssm_yield
wheat,IN,IN-07-0117,2016,-0.2941942256975372,-0.6955034608728465,ssm_yield
wheat,IN,IN-07-0117,2017,0.1324729541235027,-0.7299239407193309,ssm_yield
wheat,IN,IN-07-0118,2003,-0.23944082158546184,-0.9452725838614381,ssm_yield
wheat,IN,IN-07-0118,2004,0.44664907579691526,-1.071481009965214,ssm_yield
wheat,IN,IN-07-0118,2005,0.18402725065127631,-1.0529469054324916,ssm_yield
wheat,IN,IN-07-0118,2006,0.47336291966626753,-1.0097006615228061,ssm_yield
wheat,IN,IN-07-0118,2007,0.3344386052398104,-0.7502231980646934,ssm_yield
wheat,IN,IN-07-0118,2008,0.5461908431603921,-1.0370605301187297,ssm_yield
wheat,IN,IN-07-0118,2009,-0.10902256744813972,-0.8464240263535855,ssm_yield
wheat,IN,IN-07-0118,2010,0.1756004589825297,-0.6760867799338041,ssm_yield
wheat,IN,IN-07-0118,2011,0.3378694270235995,-0.7334542463446113,ssm_yield
wheat,IN,IN-07-0118,2012,0.21868089778850666,-0.6610829810263621,ssm_yield
wheat,IN,IN-07-0118,2013,0.5371304333715295,-1.1835682135678682,ssm_yield
wheat,IN,IN-07-0118,2014,1.341696380399899,-0.9311513613603163,ssm_yield
wheat,IN,IN-07-0118,2015,0.8573684333340299,-1.1394393932518625,ssm_yield
wheat,IN,IN-07-0118,2016,0.07255254241086521,-0.5234010616404248,ssm_yield
wheat,IN,IN-07-0118,2017,0.2822519119876579,-0.438673726633694,ssm_yield
wheat,IN,IN-07-0119,2003,-0.2592826427991077,-1.1870985191931487,ssm_yield
wheat,IN,IN-07-0119,2004,0.7263124107829592,-1.380382752177253,ssm_yield
wheat,IN,IN-07-0119,2005,0.35936921217067935,-1.2285796102901938,ssm_yield
wheat,IN,IN-07-0119,2006,0.6713370868703326,-1.2056326237258708,ssm_yield
wheat,IN,IN-07-0119,2007,0.525421017870529,-1.0450037177756106,ssm_yield
wheat,IN,IN-07-0119,2008,0.7738645594189033,-1.2965379935768424,ssm_yield
wheat,IN,IN-07-0119,2009,0.04139286454435941,-1.0908976909042565,ssm_yield
wheat,IN,IN-07-0119,2010,0.20135559017777294,-1.0767764684031347,ssm_yield
wheat,IN,IN-07-0119,2011,0.4396367773805581,-1.071481009965214,ssm_yield
wheat,IN,IN-07-0119,2012,0.2997126625939539,-0.9337990905792765,ssm_yield
wheat,IN,IN-07-0119,2013,0.6634008382623141,-1.025587036836568,ssm_yield
wheat,IN,IN-07-0119,2014,1.31133258042125,-0.9585112299562396,ssm_yield
wheat,IN,IN-07-0119,2015,0.8783231532110402,-1.0626552459020129,ssm_yield
wheat,IN,IN-07-0119,2016,0.1903988739022129,-0.9170301388591945,ssm_yield
wheat,IN,IN-07-0119,2017,0.34671566855587294,-0.9320339377666362,ssm_yield
wheat,IN,IN-07-0120,2003,-0.4974915358275919,-1.4854093445293464,ssm_yield
wheat,IN,IN-07-0120,2004,0.269383308306978,-1.5374813525022328,ssm_yield
wheat,IN,IN-07-0120,2005,-0.09085768210346278,-1.373322140926692,ssm_yield
wheat,IN,IN-07-0120,2006,0.4179987044095124,-1.3900910926467742,ssm_yield
wheat,IN,IN-07-0120,2007,0.30125767286313515,-1.1835682135678682,ssm_yield
wheat,IN,IN-07-0120,2008,0.4592974925891576,-1.2250493046649134,ssm_yield
wheat,IN,IN-07-0120,2009,-0.3087256483362097,-1.4606972051523832,ssm_yield
wheat,IN,IN-07-0120,2010,-0.19563301441658415,-1.087367385278976,ssm_yield
wheat,IN,IN-07-0120,2011,0.3572687359891072,-0.9505680422993588,ssm_yield
wheat,IN,IN-07-0120,2012,-0.2757406152162609,-0.9823407929268827,ssm_yield
wheat,IN,IN-07-0120,2013,0.17523567800876422,-1.048534023400891,ssm_yield
wheat,IN,IN-07-0120,2014,1.100733938497638,-1.3847956342088534,ssm_yield
wheat,IN,IN-07-0120,2015,0.5413662838161598,-1.3468448487370888,ssm_yield
wheat,IN,IN-07-0120,2016,-0.4001791518528532,-0.9258559029223956,ssm_yield
wheat,IN,IN-07-0120,2017,-0.0014822552043602312,-1.0458862941819307,ssm_yield
wheat,IN,IN-07-0514,2003,-0.769252081301994,-0.8834922354190302,ssm_yield
wheat,IN,IN-07-0514,2004,-0.5194109026791435,-0.7943520183806989,ssm_yield
wheat,IN,IN-07-0514,2005,-0.1919331523328345,-0.771405031816376,ssm_yield
wheat,IN,IN-07-0514,2006,-0.35342480342303784,-0.6160715843040365,ssm_yield
wheat,IN,IN-07-0514,2007,0.3930074712166338,-0.3574766972522439,ssm_yield
wheat,IN,IN-07-0514,2008,0.30442220273355697,-0.56488215273747,ssm_yield
wheat,IN,IN-07-0514,2009,-0.2910644742027627,-0.39013202428608795,ssm_yield
wheat,IN,IN-07-0514,2010,0.19653441762136045,-0.5595866942995493,ssm_yield
wheat,IN,IN-07-0514,2011,0.4574504632276569,-0.7978823240059794,ssm_yield
wheat,IN,IN-07-0514,2012,-0.38629984364091685,-1.6380950628227253,ssm_yield
wheat,IN,IN-07-0514,2013,-0.4849110005067505,-0.8005300532249399,ssm_yield
wheat,IN,IN-07-0514,2014,1.3368948821058457,-1.3380190846738875,ssm_yield
wheat,IN,IN-07-0514,2015,0.5630914693178704,-1.4024471623352557,ssm_yield
wheat,IN,IN-07-0514,2016,-1.0023836082914082,-0.6125412786787561,ssm_yield
wheat,IN,IN-07-0514,2017,-0.07856510901488453,-1.0079355087101658,ssm_yield
wheat,IN,IN-07-0515,2003,-1.1362104507893538,-1.4245115724932587,ssm_yield
wheat,IN,IN-07-0515,2004,-0.13866026652600486,-1.135026511220262,ssm_yield
wheat,IN,IN-07-0515,2005,0.24047161953536836,-0.9973445918343246,ssm_yield
wheat,IN,IN-07-0515,2006,0.2921764126691157,-1.1067840662180184,ssm_yield
wheat,IN,IN-07-0515,2007,0.6253697092139877,-0.7246284822814102,ssm_yield
wheat,IN,IN-07-0515,2008,0.47356685488840694,-1.000874897459605,ssm_yield
wheat,IN,IN-07-0515,2009,0.28287974451101333,-1.0838370796536956,ssm_yield
wheat,IN,IN-07-0515,2010,0.4232578227334997,-0.8217118869766223,ssm_yield
wheat,IN,IN-07-0515,2011,1.1590174662051707,-0.7210981766561297,ssm_yield
wheat,IN,IN-07-0515,2012,-0.22165460859481861,-0.6884428496222856,ssm_yield
wheat,IN,IN-07-0515,2013,-0.2748944294533313,-0.9082043747959934,ssm_yield
wheat,IN,IN-07-0515,2014,1.4500730580736032,-1.8322618722131498,ssm_yield
wheat,IN,IN-07-0515,2015,0.5592608472224805,-1.7634209125201814,ssm_yield
wheat,IN,IN-07-0515,2016,-0.9001281076978902,-0.7811133722858974,ssm_yield
wheat,IN,IN-07-0515,2017,0.40258021305998964,-1.4253941488995787,ssm_yield
wheat,IN,IN-07-0516,2003,-0.4064134616276478,-1.4456934062449411,ssm_yield
wheat,IN,IN-07-0516,2004,0.5391842084601515,-1.5930836661003998,ssm_yield
wheat,IN,IN-07-0516,2005,0.12233323807733111,-1.3283107442043662,ssm_yield
wheat,IN,IN-07-0516,2006,0.5753290149707004,-1.1517954629403442,ssm_yield
wheat,IN,IN-07-0516,2007,0.501084905004962,-1.27800388904412,ssm_yield
wheat,IN,IN-07-0516,2008,0.7044663764536623,-1.2497614440418765,ssm_yield
wheat,IN,IN-07-0516,2009,-0.1046230790063758,-1.3124243688906043,ssm_yield
wheat,IN,IN-07-0516,2010,-0.23515133620145026,-1.2003371652879504,ssm_yield
wheat,IN,IN-07-0516,2011,0.5180060292380461,-1.0891325380916161,ssm_yield
wheat,IN,IN-07-0516,2012,-0.2824073239726499,-0.9576286535499197,ssm_yield
wheat,IN,IN-07-0516,2013,0.20292591656636913,-0.7987649004122996,ssm_yield
wheat,IN,IN-07-0516,2014,0.9013150087997159,-1.1517954629403442,ssm_yield
wheat,IN,IN-07-0516,2015,0.39159291520874945,-1.4165683848363775,ssm_yield
wheat,IN,IN-07-0516,2016,-0.33944918343244795,-0.7599315385342147,ssm_yield
wheat,IN,IN-07-0516,2017,0.02194947977469016,-1.0405908357440101,ssm_yield
wheat,IN,IN-07-1072,2003,-0.30267245559159056,-1.342431966705488,ssm_yield
wheat,IN,IN-07-1072,2004,0.7154749762005761,-1.420098690461658,ssm_yield
wheat,IN,IN-07-1072,2005,0.32497474155680206,-1.4456934062449411,ssm_yield
wheat,IN,IN-07-1072,2006,0.530320273208655,-1.5101214839063095,ssm_yield
wheat,IN,IN-07-1072,2007,0.4466521547191274,-1.404212315147896,ssm_yield
wheat,IN,IN-07-1072,2008,0.6084606646353242,-1.404212315147896,ssm_yield
wheat,IN,IN-07-1072,2009,-0.001384748606155896,-1.3945039746783747,ssm_yield
wheat,IN,IN-07-1072,2010,0.2175102703306148,-1.3936213982720547,ssm_yield
wheat,IN,IN-07-1072,2011,0.30803801516281865,-1.374204717333012,ssm_yield
wheat,IN,IN-07-1072,2012,0.25115970498542434,-1.184450789974188,ssm_yield
wheat,IN,IN-07-1072,2013,0.5771230227958435,-1.4633449343713434,ssm_yield
wheat,IN,IN-07-1072,2014,1.1691074490470545,-1.482761615310386,ssm_yield
wheat,IN,IN-07-1072,2015,0.7792198137531802,-1.4730532748408645,ssm_yield
wheat,IN,IN-07-1072,2016,0.2075037731506557,-1.1076666426243384,ssm_yield
wheat,IN,IN-07-1072,2017,0.23421204310911206,-1.3318410498296467,ssm_yield
wheat,IN,IN-07-1073,2003,-0.5685006477850603,-0.6557875225884414,ssm_yield
wheat,IN,IN-07-1073,2004,-0.1567471995363787,-0.827007345414543,ssm_yield
wheat,IN,IN-07-1073,2005,-0.05214228900654157,-0.6734390507148437,ssm_yield
wheat,IN,IN-07-1073,2006,0.13677643721262445,-0.5587041178932293,ssm_yield
wheat,IN,IN-07-1073,2007,0.6214758436839406,-0.33806001631320143,ssm_yield
wheat,IN,IN-07-1073,2008,0.2993055159165023,-0.8296550746335034,ssm_yield
wheat,IN,IN-07-1073,2009,-0.12644086448866731,-0.8781967769811095,ssm_yield
wheat,IN,IN-07-1073,2010,0.2541062775612408,-0.5666473055501102,ssm_yield
wheat,IN,IN-07-1073,2011,0.7077633248162675,-0.46073813679169695,ssm_yield
wheat,IN,IN-07-1073,2012,-0.3631293102970186,-0.8075906644755008,ssm_yield
wheat,IN,IN-07-1073,2013,-0.19573546788546317,-1.1862159427868286,ssm_yield
wheat,IN,IN-07-1073,2014,1.4805146908233588,-1.4456934062449411,ssm_yield
wheat,IN,IN-07-1073,2015,0.5430050442847812,-1.491587379373587,ssm_yield
wheat,IN,IN-07-1073,2016,-0.9007433095009648,-0.6496094877442008,ssm_yield
wheat,IN,IN-07-1073,2017,0.11613332319998741,-1.008818085116486,ssm_yield
wheat,IN,IN-07-1074,2003,-1.5000946190604576,-0.5763556460196315,ssm_yield
wheat,IN,IN-07-1074,2004,-1.1554615597504214,-0.8040603588502203,ssm_yield
wheat,IN,IN-07-1074,2005,-0.9605646548196696,-0.24715464646222998,ssm_yield
wheat,IN,IN-07-1074,2006,-0.8167167921950267,-0.07063936519820756,ssm_yield
wheat,IN,IN-07-1074,2007,0.2256874235547565,0.23208434216959062,ssm_yield
wheat,IN,IN-07-1074,2008,0.23469275771677964,-0.16595761708077966,ssm_yield
wheat,IN,IN-07-1074,2009,-0.22617334592735383,0.04497814402972685,ssm_yield
wheat,IN,IN-07-1074,2010,-0.3598505867546101,0.07586831825093088,ssm_yield
wheat,IN,IN-07-1074,2011,-0.29398804474609774,0.3238722884268823,ssm_yield
wheat,IN,IN-07-1074,2012,-0.3036040347377319,-0.16330988786181924,ssm_yield
wheat,IN,IN-07-1074,2013,-0.6147163546273036,-0.1544841237986183,ssm_yield
wheat,IN,IN-07-1074,2014,1.0276771749153346,-0.4589729839790567,ssm_yield
wheat,IN,IN-07-1074,2015,0.25393209499920877,-0.5587041178932293,ssm_yield
wheat,IN,IN-07-1074,2016,-1.0983247745361537,-0.2259728127105473,ssm_yield
wheat,IN,IN-07-1074,2017,-0.23786312938815285,-0.37512822537864615,ssm_yield
wheat,IN,IN-07-1075,2003,-0.4814179512266483,-0.9885188277711234,ssm_yield
wheat,IN,IN-07-1075,2004,-0.21612433521926658,-1.3874433634278138,ssm_yield
wheat,IN,IN-07-1075,2005,-0.354562323619704,-0.9020263399517526,ssm_yield
wheat,IN,IN-07-1075,2006,0.030391919936229708,-0.7290413643130107,ssm_yield
wheat,IN,IN-07-1075,2007,0.39510265624271457,-0.23568115318006863,ssm_yield
wheat,IN,IN-07-1075,2008,0.20699282070154243,-0.9699847232384011,ssm_yield
wheat,IN,IN-07-1075,2009,-0.37554639184388416,-0.20832128458414506,ssm_yield
wheat,IN,IN-07-1075,2010,0.04597456182332502,-0.6169541607103565,ssm_yield
wheat,IN,IN-07-1075,2011,0.3856519406192375,-0.9540983479246392,ssm_yield
wheat,IN,IN-07-1075,2012,-0.36536302842962737,-0.6213670427419572,ssm_yield
wheat,IN,IN-07-1075,2013,-0.15095327375963638,-0.6001852089902745,ssm_yield
wheat,IN,IN-07-1075,2014,1.455769218805942,-0.8693710129179084,ssm_yield
wheat,IN,IN-07-1075,2015,0.6356436661773333,-1.4103903499921369,ssm_yield
wheat,IN,IN-07-1075,2016,-0.8747829514381646,-0.6151890078977162,ssm_yield
wheat,IN,IN-07-1075,2017,-0.0670664582627833,-0.9196778680781549,ssm_yield
wheat,IN,IN-07-2059,2015,0.44038766027769055,-1.1517954629403442,ssm_yield
wheat,IN,IN-07-2059,2016,0.3290166611471445,0.48714892359610296,ssm_yield
wheat,IN,IN-07-2059,2017,0.34667195150819385,-0.7987649004122996,ssm_yield
wheat,IN,IN-08-0701,2003,0.8035365152724289,-1.0450037177756106,ssm_yield
wheat,IN,IN-08-0701,2004,1.2362557668836776,-0.9788104873016023,ssm_yield
wheat,IN,IN-08-0701,2005,0.851184141112294,-0.936446819798237,ssm_yield
wheat,IN,IN-08-0701,2006,0.7607462944675748,-0.897613457920152,ssm_yield
wheat,IN,IN-08-0701,2007,0.6732457420399587,-0.8896702702632711,ssm_yield
wheat,IN,IN-08-0701,2008,0.9602678575666895,-0.842893720728305,ssm_yield
wheat,IN,IN-08-0701,2009,0.43345576026423493,-1.3133069452969246,ssm_yield
wheat,IN,IN-08-0701,2010,0.32823352367274944,-1.1288484763760211,ssm_yield
wheat,IN,IN-08-0701,2011,0.43885671204308896,-0.9708672996447212,ssm_yield
wheat,IN,IN-08-0701,2012,0.46882789635519306,-0.34247289834480193,ssm_yield
wheat,IN,IN-08-0701,2013,0.40307171417942117,-0.3645373085028048,ssm_yield
wheat,IN,IN-08-0701,2014,0.9649142501320077,-0.3636547320964846,ssm_yield
wheat,IN,IN-08-0701,2015,0.7714837562781914,-0.42455250413257223,ssm_yield
wheat,IN,IN-08-0701,2016,0.625063822497035,-0.3795411074102466,ssm_yield
wheat,IN,IN-08-0701,2017,0.59400738212385,-0.3795411074102466,ssm_yield
wheat,IN,IN-08-0702,2003,-0.3066042638866557,-0.8852573882316704,ssm_yield
wheat,IN,IN-08-0702,2004,0.7708377665477792,-0.8879051174506308,ssm_yield
wheat,IN,IN-08-0702,2005,0.09013822885637673,-0.6937383080602063,ssm_yield
wheat,IN,IN-08-0702,2006,0.2371703565035168,-0.6893254260286057,ssm_yield
wheat,IN,IN-08-0702,2007,0.2256931962048638,-0.667261015870603,ssm_yield
wheat,IN,IN-08-0702,2008,0.42246212461861277,-0.6425488764936399,ssm_yield
wheat,IN,IN-08-0702,2009,-0.2245014431980513,-0.6275450775861978,ssm_yield
wheat,IN,IN-08-0702,2010,-0.28479391096891404,-0.7078595305613281,ssm_yield
wheat,IN,IN-08-0702,2011,0.2790592524145195,-0.674321627121164,ssm_yield
wheat,IN,IN-08-0702,2012,-0.1878749075638966,-0.4457343378842549,ssm_yield
wheat,IN,IN-08-0702,2013,0.06977159608862017,-0.421904774913612,ssm_yield
wheat,IN,IN-08-0702,2014,0.4391642689911737,-0.4095487052251304,ssm_yield
wheat,IN,IN-08-0702,2015,0.18765969483331657,-0.42455250413257223,ssm_yield
wheat,IN,IN-08-0702,2016,-0.13474852952276833,-0.4298479625704929,ssm_yield
wheat,IN,IN-08-0702,2017,-0.13667416195331136,-0.4457343378842549,ssm_yield
wheat,IN,IN-08-0703,2003,-0.08727271536235173,-0.7528709272836538,ssm_yield
wheat,IN,IN-08-0703,2004,0.1476831627439911,-0.7767004902542967,ssm_yield
wheat,IN,IN-08-0703,2005,-0.23208277830645996,-0.683147391184365,ssm_yield
wheat,IN,IN-08-0703,2006,-0.25441581962120596,-0.6125412786787561,ssm_yield
wheat,IN,IN-08-0703,2007,-0.2847689010730719,-0.5940071741460338,ssm_yield
wheat,IN,IN-08-0703,2008,-0.05643569768004477,-0.5781207988322717,ssm_yield
wheat,IN,IN-08-0703,2009,-0.37791218534778714,-0.42455250413257223,ssm_yield
wheat,IN,IN-08-0703,2010,-0.4500348882997289,-0.3954274827240086,ssm_yield
wheat,IN,IN-08-0703,2011,-0.2594862782672127,-0.5048669571077024,ssm_yield
wheat,IN,IN-08-0703,2012,-0.47567360438454387,-0.510162415545623,ssm_yield
wheat,IN,IN-08-0703,2013,-0.35912519511321744,-0.5445828953921075,ssm_yield
wheat,IN,IN-08-0703,2014,-0.1268647553309033,-0.5286965200783454,ssm_yield
wheat,IN,IN-08-0703,2015,-0.15225575435209288,-0.48986315820026055,ssm_yield
wheat,IN,IN-08-0703,2016,-0.2983701160975299,-0.48986315820026055,ssm_yield
wheat,IN,IN-08-0703,2017,-0.3210600515007094,-0.34247289834480193,ssm_yield
wheat,IN,IN-08-0704,2003,-0.16209290467525447,-0.3918971770987282,ssm_yield
wheat,IN,IN-08-0704,2004,0.23427041371070179,-0.6107761258661158,ssm_yield
wheat,IN,IN-08-0704,2005,-0.12679892500887735,-0.6125412786787561,ssm_yield
wheat,IN,IN-08-0704,2006,-0.21247121383638407,-0.580768528051232,ssm_yield
wheat,IN,IN-08-0704,2007,-0.23190797197938345,-0.5631169999248298,ssm_yield
wheat,IN,IN-08-0704,2008,-0.07407527835651061,-0.580768528051232,ssm_yield
wheat,IN,IN-08-0704,2009,-0.4450187396694003,-0.5145752975772236,ssm_yield
wheat,IN,IN-08-0704,2010,-0.546308662857413,-0.5842988336765125,ssm_yield
wheat,IN,IN-08-0704,2011,-0.3299325384919275,-0.48986315820026055,ssm_yield
wheat,IN,IN-08-0704,2012,-0.3711941406566462,-0.48986315820026055,ssm_yield
wheat,IN,IN-08-0704,2013,-0.3323726965036751,-0.5048669571077024,ssm_yield
wheat,IN,IN-08-0704,2014,-0.10302198795733651,-0.510162415545623,ssm_yield
wheat,IN,IN-08-0704,2015,-0.17034763984562531,-0.4651510188232974,ssm_yield
wheat,IN,IN-08-0704,2016,-0.34228275777000017,-0.2692190566202327,ssm_yield
wheat,IN,IN-08-0705,2003,-0.3720414451887035,-0.541052589766827,ssm_yield
wheat,IN,IN-08-0705,2004,-0.2322379455690386,-0.40513582319352975,ssm_yield
wheat,IN,IN-08-0705,2005,-0.5588972963786324,-0.3574766972522439,ssm_yield
wheat,IN,IN-08-0705,2006,-0.5512683127366143,-0.5631169999248298,ssm_yield
wheat,IN,IN-08-0705,2007,-0.5683009775835501,-0.5216359088277845,ssm_yield
wheat,IN,IN-08-0705,2008,-0.3453671111060399,-0.5631169999248298,ssm_yield
wheat,IN,IN-08-0705,2009,-0.6813630197962498,-0.3733630725660059,ssm_yield
wheat,IN,IN-08-0705,2010,-0.7199953234293259,-0.3954274827240086,ssm_yield
wheat,IN,IN-08-0705,2011,-0.4351763398395514,-0.48986315820026055,ssm_yield
wheat,IN,IN-08-0705,2012,-0.8142835379372025,-0.5339919785162661,ssm_yield
wheat,IN,IN-08-0705,2013,-0.6602665633278864,-0.5631169999248298,ssm_yield
wheat,IN,IN-08-0705,2014,-0.38914850155577707,-0.5631169999248298,ssm_yield
wheat,IN,IN-08-0705,2015,-0.3607514535484256,-0.2692190566202327,ssm_yield
wheat,IN,IN-08-0705,2016,-0.5941942447232347,-0.7105072597802884,ssm_yield
wheat,IN,IN-08-0705,2017,-0.6674367361347657,-0.36718503772176503,ssm_yield
wheat,IN,IN-08-0706,2003,-0.2631384177801113,-1.1103143718432988,ssm_yield
wheat,IN,IN-08-0706,2004,0.694687198247757,-0.9293862085476761,ssm_yield
wheat,IN,IN-08-0706,2005,0.05737943232452688,-0.9196778680781549,ssm_yield
wheat,IN,IN-08-0706,2006,0.2751999447621049,-0.9011437635454325,ssm_yield
wheat,IN,IN-08-0706,2007,0.2590686514861011,-0.739632281188852,ssm_yield
wheat,IN,IN-08-0706,2008,0.5142108245544446,-0.7255110586877302,ssm_yield
wheat,IN,IN-08-0706,2009,-0.20261516603244756,-0.6619655574326824,ssm_yield
wheat,IN,IN-08-0706,2010,-0.23272829546871324,-0.6407837236809997,ssm_yield
wheat,IN,IN-08-0706,2011,0.36142538873781904,-0.770522455410056,ssm_yield
wheat,IN,IN-08-0706,2012,-0.2171257873249879,-0.5286965200783454,ssm_yield
wheat,IN,IN-08-0706,2013,0.07550962930718057,-0.4510297963221756,ssm_yield
wheat,IN,IN-08-0706,2014,0.4913927420739885,-0.4360259974147338,ssm_yield
wheat,IN,IN-08-0706,2015,0.2458289427309393,-0.4342608446020936,ssm_yield
wheat,IN,IN-08-0706,2016,-0.10395238205085347,-0.2692190566202327,ssm_yield
wheat,IN,IN-08-0706,2017,-0.13509695718865167,-0.2692190566202327,ssm_yield
wheat,IN,IN-08-0707,2003,0.7124316208513635,-0.8640755544799877,ssm_yield
wheat,IN,IN-08-0707,2004,1.2162117611168912,-0.9576286535499197,ssm_yield
wheat,IN,IN-08-0707,2005,0.7868256753702051,-0.9452725838614381,ssm_yield
wheat,IN,IN-08-0707,2006,0.603830236112686,-0.912617256827594,ssm_yield
wheat,IN,IN-08-0707,2007,0.6231256873989657,-0.8799619297937498,ssm_yield
wheat,IN,IN-08-0707,2008,0.8518167043283261,-0.8473066027599057,ssm_yield
wheat,IN,IN-08-0707,2009,0.3182055183223761,-0.7140375654055688,ssm_yield
wheat,IN,IN-08-0707,2010,0.1944995988844653,-0.619601889929317,ssm_yield
wheat,IN,IN-08-0707,2011,0.400963047250449,-0.5428177425794672,ssm_yield
wheat,IN,IN-08-0707,2012,0.4202655638795591,-0.5428177425794672,ssm_yield
wheat,IN,IN-08-0707,2013,0.43113194989673537,-0.509279839139303,ssm_yield
wheat,IN,IN-08-0707,2014,0.8220362842728007,-0.5075146863266627,ssm_yield
wheat,IN,IN-08-0707,2015,0.7224997343932641,-0.510162415545623,ssm_yield
wheat,IN,IN-08-0707,2016,0.4822144898693227,-0.6346056888367587,ssm_yield
wheat,IN,IN-08-0707,2017,0.43120204699889214,-0.38307141303552705,ssm_yield
wheat,IN,IN-08-0708,2003,-0.6798062478464172,-1.184450789974188,ssm_yield
wheat,IN,IN-08-0708,2004,-0.12976768967021013,-0.4519123727284958,ssm_yield
wheat,IN,IN-08-0708,2005,-0.6135098833840839,-0.438673726633694,ssm_yield
wheat,IN,IN-08-0708,2006,-0.39434757632042733,-0.39101460069240795,ssm_yield
wheat,IN,IN-08-0708,2007,-0.3459524354014752,-0.40337067038088953,ssm_yield
wheat,IN,IN-08-0708,2008,-0.12831622250056146,-0.3795411074102466,ssm_yield
wheat,IN,IN-08-0708,2009,-0.6303666731360896,-0.5216359088277845,ssm_yield
wheat,IN,IN-08-0708,2010,-0.6438902630929979,-0.5286965200783454,ssm_yield
wheat,IN,IN-08-0708,2011,-0.09443575327816948,-0.5825336808638722,ssm_yield
wheat,IN,IN-08-0708,2012,-0.7404934669401427,-0.4298479625704929,ssm_yield
wheat,IN,IN-08-0708,2013,-0.48253672592643626,-0.4713290536675383,ssm_yield
wheat,IN,IN-08-0708,2014,-0.13060631514601437,-0.4651510188232974,ssm_yield
wheat,IN,IN-08-0708,2015,-0.34482351649174114,-0.4730942064801785,ssm_yield
wheat,IN,IN-08-0708,2016,-0.6044813166955194,-0.4166093164756913,ssm_yield
wheat,IN,IN-08-0708,2017,-0.676037557528787,-0.4298479625704929,ssm_yield
wheat,IN,IN-08-0709,2003,0.8567303291191112,-0.7987649004122996,ssm_yield
wheat,IN,IN-08-0709,2004,1.4961814409530312,-0.755518656502614,ssm_yield
wheat,IN,IN-08-0709,2005,1.0837728140120135,-0.7105072597802884,ssm_yield
wheat,IN,IN-08-0709,2006,0.9134663788618318,-0.7016814957170873,ssm_yield
wheat,IN,IN-08-0709,2007,0.9388380249874302,-0.5675298819564304,ssm_yield
wheat,IN,IN-08-0709,2008,1.1972138519297473,-0.3795411074102466,ssm_yield
wheat,IN,IN-08-0709,2009,0.5689117857010232,-0.5507609302363482,ssm_yield
wheat,IN,IN-08-0709,2010,0.5028391372659871,-0.5507609302363482,ssm_yield
wheat,IN,IN-08-0709,2011,0.5797725158403817,-0.6619655574326824,ssm_yield
wheat,IN,IN-08-0709,2012,0.6959551273996796,-0.3636547320964846,ssm_yield
wheat,IN,IN-08-0709,2013,0.700053818474861,-0.39631005913032863,ssm_yield
wheat,IN,IN-08-0709,2014,1.2232890694532776,-0.37601080178496615,ssm_yield
wheat,IN,IN-08-0709,2015,1.0492197621637374,-0.41043128163145043,ssm_yield
wheat,IN,IN-08-0709,2016,0.781245211149565,-0.38307141303552705,ssm_yield
wheat,IN,IN-08-0709,2017,0.6515824013433938,-0.32393879381207963,ssm_yield
wheat,IN,IN-08-0710,2003,-0.4794021104818477,-1.2250493046649134,ssm_yield
wheat,IN,IN-08-0710,2004,0.015886789933965858,-0.9911665569900838,ssm_yield
wheat,IN,IN-08-0710,2005,-0.42188911843109655,-1.1517954629403442,ssm_yield
wheat,IN,IN-08-0710,2006,-0.3675795112615293,-1.071481009965214,ssm_yield
wheat,IN,IN-08-0710,2007,-0.38216614705875895,-1.0344128008997693,ssm_yield
wheat,IN,IN-08-0710,2008,-0.1795754486128517,-1.025587036836568,ssm_yield
wheat,IN,IN-08-0710,2009,-0.6459922342092069,-0.9629241119878402,ssm_yield
wheat,IN,IN-08-0710,2010,-0.6435056422123837,-0.9629241119878402,ssm_yield
wheat,IN,IN-08-0710,2011,-0.29296478068033993,-1.0997234549674575,ssm_yield
wheat,IN,IN-08-0710,2012,-0.6661835086258777,-0.8993786107327922,ssm_yield
wheat,IN,IN-08-0710,2013,-0.4856389795294395,-0.7987649004122996,ssm_yield
wheat,IN,IN-08-0710,2014,-0.21505948442879633,-1.1517954629403442,ssm_yield
wheat,IN,IN-08-0710,2015,-0.2555683920700018,-0.2692190566202327,ssm_yield
wheat,IN,IN-08-0710,2016,-0.5348774091709355,-1.1517954629403442,ssm_yield
wheat,IN,IN-08-0710,2017,-0.6317026822246448,-0.2692190566202327,ssm_yield
wheat,IN,IN-08-0711,2003,-0.395838056470093,-1.3124243688906043,ssm_yield
wheat,IN,IN-08-0711,2004,1.0008353827627634,-1.372439564520372,ssm_yield
wheat,IN,IN-08-0711,2005,0.26169000885633614,-1.372439564520372,ssm_yield
wheat,IN,IN-08-0711,2006,0.446140615682256,-1.4456934062449411,ssm_yield
wheat,IN,IN-08-0711,2007,0.2955401836203108,-1.4456934062449411,ssm_yield
wheat,IN,IN-08-0711,2008,0.5193940902102954,-1.4456934062449411,ssm_yield
wheat,IN,IN-08-0711,2009,0.31875947152791445,-1.2321099159154743,ssm_yield
wheat,IN,IN-08-0711,2010,0.21391692733466927,-1.2250493046649134,ssm_yield
wheat,IN,IN-08-0711,2011,0.5190761497826584,-0.7361019755635716,ssm_yield
wheat,IN,IN-08-0711,2012,-0.1213274080786563,-0.6875602732159655,ssm_yield
wheat,IN,IN-08-0711,2013,0.2406237825747489,-0.7105072597802884,ssm_yield
wheat,IN,IN-08-0711,2014,0.37148025476190255,-0.739632281188852,ssm_yield
wheat,IN,IN-08-0711,2015,0.34972518100069855,-0.7987649004122996,ssm_yield
wheat,IN,IN-08-0711,2016,0.26004213487440775,-0.7987649004122996,ssm_yield
wheat,IN,IN-08-0711,2017,0.5435788056332388,-0.6222496191482771,ssm_yield
wheat,IN,IN-08-0712,2003,-0.3186524469096215,-0.6531397933694812,ssm_yield
wheat,IN,IN-08-0712,2004,0.46235890477539016,-0.9311513613603163,ssm_yield
wheat,IN,IN-08-0712,2005,-0.11181475276848137,-0.8940831522948716,ssm_yield
wheat,IN,IN-08-0712,2006,-0.08251211925469279,-0.8490717555725459,ssm_yield
wheat,IN,IN-08-0712,2007,-0.16659429969649525,-0.827007345414543,ssm_yield
wheat,IN,IN-08-0712,2008,-0.08008985683388746,-0.8323028038524637,ssm_yield
wheat,IN,IN-08-0712,2009,-0.4987101003539193,-0.8455414499472654,ssm_yield
wheat,IN,IN-08-0712,2010,-0.5944721191115213,-0.7352193991572515,ssm_yield
wheat,IN,IN-08-0712,2011,-0.32454513242400784,-0.31599560615519856,ssm_yield
wheat,IN,IN-08-0712,2012,-0.3036902120944644,-0.6107761258661158,ssm_yield
wheat,IN,IN-08-0712,2013,-0.24254207383127682,-0.5940071741460338,ssm_yield
wheat,IN,IN-08-0712,2014,0.023563651885405,-0.5975374797713142,ssm_yield
wheat,IN,IN-08-0712,2015,-0.22469409263310172,-0.6478443349315606,ssm_yield
wheat,IN,IN-08-0712,2016,-0.4394059179848525,-0.6222496191482771,ssm_yield
wheat,IN,IN-08-0712,2017,-0.45098675302616775,-0.4651510188232974,ssm_yield
wheat,IN,IN-08-0713,2003,-0.29041044162048585,-0.652257216963161,ssm_yield
wheat,IN,IN-08-0713,2004,0.6312165296910497,-0.755518656502614,ssm_yield
wheat,IN,IN-08-0713,2005,0.12265212758087851,-0.6628481338390023,ssm_yield
wheat,IN,IN-08-0713,2006,0.07705655782603567,-0.6372534180557192,ssm_yield
wheat,IN,IN-08-0713,2007,0.06873865375271918,-0.5975374797713142,ssm_yield
wheat,IN,IN-08-0713,2008,0.1473374107069565,-0.5913594449270734,ssm_yield
wheat,IN,IN-08-0713,2009,-0.33882587821130333,-0.2056735553651846,ssm_yield
wheat,IN,IN-08-0713,2010,-0.42879297281576106,-0.1836091452071819,ssm_yield
wheat,IN,IN-08-0713,2011,-0.3157809264601489,-0.17919626317558146,ssm_yield
wheat,IN,IN-08-0713,2012,-0.044565606553190015,-0.4272002333515327,ssm_yield
wheat,IN,IN-08-0713,2013,-0.019394020929850146,-0.4660335952296176,ssm_yield
wheat,IN,IN-08-0713,2014,0.3431547357663149,-0.46073813679169695,ssm_yield
wheat,IN,IN-08-0713,2015,-0.05784435210814257,-0.43249569178945335,ssm_yield
wheat,IN,IN-08-0713,2016,-0.3212582391097311,-0.4166093164756913,ssm_yield
wheat,IN,IN-08-0713,2017,-0.20846741251175704,-0.3795411074102466,ssm_yield
wheat,IN,IN-08-0714,2003,0.3243631166414187,-0.88172708260639,ssm_yield
wheat,IN,IN-08-0714,2004,0.8443763548336646,-0.754636080096294,ssm_yield
wheat,IN,IN-08-0714,2005,0.46438851014145455,-0.6787345091527643,ssm_yield
wheat,IN,IN-08-0714,2006,0.48111555731430494,-0.6549049461821215,ssm_yield
wheat,IN,IN-08-0714,2007,0.3391119490845742,-0.6451966057126001,ssm_yield
wheat,IN,IN-08-0714,2008,0.6558675730787673,-0.6849125439970052,ssm_yield
wheat,IN,IN-08-0714,2009,0.17845013374945115,-0.6143064314913963,ssm_yield
wheat,IN,IN-08-0714,2010,0.039377279471229806,-0.6716738979022034,ssm_yield
wheat,IN,IN-08-0714,2011,0.3771637116499121,-0.36100700287752435,ssm_yield
wheat,IN,IN-08-0714,2012,0.13224305873736547,-0.6107761258661158,ssm_yield
wheat,IN,IN-08-0714,2013,0.14164879869126698,-0.5940071741460338,ssm_yield
wheat,IN,IN-08-0714,2014,0.5760433297128561,-0.6222496191482771,ssm_yield
wheat,IN,IN-08-0714,2015,0.46727509418565977,-0.2692190566202327,ssm_yield
wheat,IN,IN-08-0714,2016,0.20970095574099337,-0.2692190566202327,ssm_yield
wheat,IN,IN-08-0714,2017,0.37319241785295454,-0.34247289834480193,ssm_yield
wheat,IN,IN-08-0716,2003,0.5946336667967953,-0.3495335095953628,ssm_yield
wheat,IN,IN-08-0716,2004,1.4137897058710063,-0.40513582319352975,ssm_yield
wheat,IN,IN-08-0716,2005,0.8936943280062988,-0.3574766972522439,ssm_yield
wheat,IN,IN-08-0716,2006,1.1433935117075769,-0.3795411074102466,ssm_yield
wheat,IN,IN-08-0716,2007,0.9480844412294067,-0.3574766972522439,ssm_yield
wheat,IN,IN-08-0716,2008,1.053301912131769,-0.3318819814689606,ssm_yield
wheat,IN,IN-08-0716,2009,0.8815197875230776,-0.4298479625704929,ssm_yield
wheat,IN,IN-08-0716,2010,0.7141554360426687,-0.4166093164756913,ssm_yield
wheat,IN,IN-08-0716,2011,1.0746027646365748,-0.7105072597802884,ssm_yield
wheat,IN,IN-08-0716,2012,0.5646771891719203,-0.5631169999248298,ssm_yield
wheat,IN,IN-08-0716,2013,0.8296777389832153,-0.5631169999248298,ssm_yield
wheat,IN,IN-08-0716,2014,1.1893214516637955,-0.2692190566202327,ssm_yield
wheat,IN,IN-08-0716,2015,1.100516643709673,-0.2692190566202327,ssm_yield
wheat,IN,IN-08-0716,2016,0.9012743611048564,-0.2692190566202327,ssm_yield
wheat,IN,IN-08-0716,2017,1.0842122523665285,-0.36718503772176503,ssm_yield
wheat,IN,IN-08-0717,2003,0.2588959596327688,-0.3927797535050482,ssm_yield
wheat,IN,IN-08-0717,2004,0.8133918065935576,-0.7855262543174978,ssm_yield
wheat,IN,IN-08-0717,2005,0.3931832520737565,-0.7316890935319711,ssm_yield
wheat,IN,IN-08-0717,2006,0.3850425566427294,-0.7105072597802884,ssm_yield
wheat,IN,IN-08-0717,2007,0.35282385605546734,-0.6981511900918068,ssm_yield
wheat,IN,IN-08-0717,2008,0.6015937171972604,-0.5781207988322717,ssm_yield
wheat,IN,IN-08-0717,2009,0.12233747619213955,-0.8790793533874297,ssm_yield
wheat,IN,IN-08-0717,2010,0.00019861599040007084,-0.8120035465071012,ssm_yield
wheat,IN,IN-08-0717,2011,0.2542556882088593,-0.6663784394642828,ssm_yield
wheat,IN,IN-08-0717,2012,0.06865367829053258,-0.5216359088277845,ssm_yield
wheat,IN,IN-08-0717,2013,0.13498492713436627,-0.5057495335140225,ssm_yield
wheat,IN,IN-08-0717,2014,0.5547364863816201,-0.48191997054337965,ssm_yield
wheat,IN,IN-08-0717,2015,0.4006564728091132,-0.476624512105459,ssm_yield
wheat,IN,IN-08-0717,2016,0.1802656977684435,-0.5216359088277845,ssm_yield
wheat,IN,IN-08-0717,2017,0.3053801657691663,-0.4298479625704929,ssm_yield
wheat,IN,IN-08-0718,2003,1.1000985038745326,-0.9788104873016023,ssm_yield
wheat,IN,IN-08-0718,2004,1.6051283083818166,-1.031765071680809,ssm_yield
wheat,IN,IN-08-0718,2005,1.1877933217650596,-0.7334542463446113,ssm_yield
wheat,IN,IN-08-0718,2006,1.2794564466196063,-0.7361019755635716,ssm_yield
wheat,IN,IN-08-0718,2007,1.1095063245835015,-0.7193330238434895,ssm_yield
wheat,IN,IN-08-0718,2008,1.4011881619384887,-0.6187193135229967,ssm_yield
wheat,IN,IN-08-0718,2009,0.9426976657453439,-0.5216359088277845,ssm_yield
wheat,IN,IN-08-0718,2010,0.7681863120499266,-0.5269313672657052,ssm_yield
wheat,IN,IN-08-0718,2011,1.1286540127514844,-1.2894773823262815,ssm_yield
wheat,IN,IN-08-0718,2012,0.8501568360267939,-0.6301928068051583,ssm_yield
wheat,IN,IN-08-0718,2013,0.8501438485398262,-0.5763556460196315,ssm_yield
wheat,IN,IN-08-0718,2014,1.3995304863295632,-0.5631169999248298,ssm_yield
wheat,IN,IN-08-0718,2015,1.24446874707738,-0.5216359088277845,ssm_yield
wheat,IN,IN-08-0718,2016,0.954874353081783,-0.7105072597802884,ssm_yield
wheat,IN,IN-08-0718,2017,1.131381450607411,-0.4166093164756913,ssm_yield
wheat,IN,IN-08-0719,2003,-0.2543502182674165,-0.7952345947870192,ssm_yield
wheat,IN,IN-08-0719,2004,0.1474302849082142,-0.7431625868141325,ssm_yield
wheat,IN,IN-08-0719,2005,-0.27842596668392006,-0.5931245977397136,ssm_yield
wheat,IN,IN-08-0719,2006,-0.30352228696938066,-0.5525260830489884,ssm_yield
wheat,IN,IN-08-0719,2007,-0.3561802871292449,-0.5428177425794672,ssm_yield
wheat,IN,IN-08-0719,2008,-0.1452303460621344,-0.5445828953921075,ssm_yield
wheat,IN,IN-08-0719,2009,-0.5585480063223067,-0.5551738122679488,ssm_yield
wheat,IN,IN-08-0719,2010,-0.6434995189152571,-0.37601080178496615,ssm_yield
wheat,IN,IN-08-0719,2011,-0.33249019259871654,-0.36718503772176503,ssm_yield
wheat,IN,IN-08-0719,2012,-0.5020584206728894,-0.5339919785162661,ssm_yield
wheat,IN,IN-08-0719,2013,-0.42393353134068024,-0.5445828953921075,ssm_yield
wheat,IN,IN-08-0719,2014,-0.17583034588669014,-0.541052589766827,ssm_yield
wheat,IN,IN-08-0719,2015,-0.2537328160010941,-0.48986315820026055,ssm_yield
wheat,IN,IN-08-0719,2016,-0.45161893816365933,-0.48986315820026055,ssm_yield
wheat,IN,IN-08-0719,2017,-0.5169804247434127,-0.4457343378842549,ssm_yield
wheat,IN,IN-08-0720,2003,-0.37468007211455495,-0.2692190566202327,ssm_yield
wheat,IN,IN-08-0720,2004,-0.045218939419865725,-0.2692190566202327,ssm_yield
wheat,IN,IN-08-0720,2005,-0.4319494584973834,-0.2692190566202327,ssm_yield
wheat,IN,IN-08-0720,2006,-0.38751705433237,-0.48986315820026055,ssm_yield
wheat,IN,IN-08-0720,2007,-0.3534259535951327,-0.2692190566202327,ssm_yield
wheat,IN,IN-08-0720,2008,-0.13399382198744386,-0.2692190566202327,ssm_yield
wheat,IN,IN-08-0720,2009,-0.552733559540107,-0.2692190566202327,ssm_yield
wheat,IN,IN-08-0720,2010,-0.5685449398666236,-0.2692190566202327,ssm_yield
wheat,IN,IN-08-0720,2013,-0.503524207567492,-0.2692190566202327,ssm_yield
wheat,IN,IN-08-0721,2003,-0.4281400296340768,-0.873783894949509,ssm_yield
wheat,IN,IN-08-0721,2004,0.8210745760955587,-1.1720947202857068,ssm_yield
wheat,IN,IN-08-0721,2005,0.01831679684684002,-1.015878696367047,ssm_yield
wheat,IN,IN-08-0721,2006,0.2144531129163257,-0.9602763827688798,ssm_yield
wheat,IN,IN-08-0721,2007,0.22937314526327054,-0.8729013185431889,ssm_yield
wheat,IN,IN-08-0721,2008,0.48282046625026986,-0.88172708260639,ssm_yield
wheat,IN,IN-08-0721,2009,-0.30804269331611794,-0.8852573882316704,ssm_yield
wheat,IN,IN-08-0721,2010,-0.3877033822108921,-1.2524091732608367,ssm_yield
wheat,IN,IN-08-0721,2011,0.3074031201693258,-0.865840707292628,ssm_yield
wheat,IN,IN-08-0721,2012,-0.24449315498433571,-0.6090109730534756,ssm_yield
wheat,IN,IN-08-0721,2013,0.08851510843482563,-0.525166214453065,ssm_yield
wheat,IN,IN-08-0721,2014,0.5484768898158772,-0.48986315820026055,ssm_yield
wheat,IN,IN-08-0721,2015,0.18533765663891466,-0.5216359088277845,ssm_yield
wheat,IN,IN-08-0721,2016,-0.16440667238198475,-0.4457343378842549,ssm_yield
wheat,IN,IN-08-0721,2017,-0.21113053785877967,-0.6222496191482771,ssm_yield
wheat,IN,IN-08-0722,2003,-0.835429557066714,-0.2692190566202327,ssm_yield
wheat,IN,IN-08-0722,2004,-0.26659731786562924,-1.1517954629403442,ssm_yield
wheat,IN,IN-08-0722,2007,-0.45983816304331354,-1.1517954629403442,ssm_yield
wheat,IN,IN-08-0722,2008,-0.22416063762917257,-1.1517954629403442,ssm_yield
wheat,IN,IN-08-0722,2009,-0.6171582335750175,-1.1517954629403442,ssm_yield
wheat,IN,IN-08-0722,2010,-0.6498393626004237,-1.1517954629403442,ssm_yield
wheat,IN,IN-08-0722,2011,-0.19156337694281161,-1.1517954629403442,ssm_yield
wheat,IN,IN-08-0722,2012,-0.8052419501477199,-1.1517954629403442,ssm_yield
wheat,IN,IN-08-0722,2013,-0.5961912487171002,-1.1517954629403442,ssm_yield
wheat,IN,IN-08-0722,2014,-0.27173791256935576,-1.1517954629403442,ssm_yield
wheat,IN,IN-08-0722,2015,-0.46586229746174457,-0.2692190566202327,ssm_yield
wheat,IN,IN-08-0722,2016,-0.7123163300021743,-1.1517954629403442,ssm_yield
wheat,IN,IN-08-0723,2003,-0.6643555631272411,-0.8870225410443107,ssm_yield
wheat,IN,IN-08-0723,2004,0.30410909648784995,-0.6549049461821215,ssm_yield
wheat,IN,IN-08-0723,2005,-0.34071425166030944,-0.5904768685207533,ssm_yield
wheat,IN,IN-08-0723,2006,-0.09260023541346496,-0.5286965200783454,ssm_yield
wheat,IN,IN-08-0723,2007,-0.11552541361691572,-0.5339919785162661,ssm_yield
wheat,IN,IN-08-0723,2008,0.10469686027263052,-0.5136927211709035,ssm_yield
wheat,IN,IN-08-0723,2009,-0.4757705999418799,-0.5145752975772236,ssm_yield
wheat,IN,IN-08-0723,2010,-0.5121477302433,-0.6637307102453226,ssm_yield
wheat,IN,IN-08-0723,2011,0.07883993665221045,-0.7837611015048576,ssm_yield
wheat,IN,IN-08-0723,2012,-0.519423545924222,-0.5013366514824219,ssm_yield
wheat,IN,IN-08-0723,2013,-0.2118164569159197,-0.5013366514824219,ssm_yield
wheat,IN,IN-08-0723,2014,0.20040027573333036,-0.4457343378842549,ssm_yield
wheat,IN,IN-08-0723,2015,-0.11815595231296551,-0.4342608446020936,ssm_yield
wheat,IN,IN-08-0723,2016,-0.40975752557814793,-0.48986315820026055,ssm_yield
wheat,IN,IN-08-0723,2017,-0.4494555723682995,-0.34247289834480193,ssm_yield
wheat,IN,IN-08-0724,2003,-0.645678113122644,-1.063537822308333,ssm_yield
wheat,IN,IN-08-0724,2004,-0.23092527494748194,-0.857897519635747,ssm_yield
wheat,IN,IN-08-0724,2005,-0.6737191084823418,-0.8870225410443107,ssm_yield
wheat,IN,IN-08-0724,2006,-0.5432552059968031,-0.7987649004122996,ssm_yield
wheat,IN,IN-08-0724,2007,-0.49275705042314827,-0.7987649004122996,ssm_yield
wheat,IN,IN-08-0724,2008,-0.2747724854015134,-0.8208293105703023,ssm_yield
wheat,IN,IN-08-0724,2009,-0.7654579597010895,-0.8208293105703023,ssm_yield
wheat,IN,IN-08-0724,2010,-0.7580529942103899,-0.8208293105703023,ssm_yield
wheat,IN,IN-08-0724,2011,-0.30516943341672115,-0.31864333537415895,ssm_yield
wheat,IN,IN-08-0724,2012,-0.8124733366247174,-0.8993786107327922,ssm_yield
wheat,IN,IN-08-0724,2013,-0.6063047585850744,-0.8799619297937498,ssm_yield
wheat,IN,IN-08-0724,2014,-0.320942043326992,-0.7731701846290162,ssm_yield
wheat,IN,IN-08-0724,2015,-0.43980752807406964,-0.7105072597802884,ssm_yield
wheat,IN,IN-08-0724,2016,-0.6530635356052218,-0.7502231980646934,ssm_yield
wheat,IN,IN-08-0724,2017,-0.774238605122824,-0.4298479625704929,ssm_yield
wheat,IN,IN-08-0725,2003,-0.09565990072178407,-1.1517954629403442,ssm_yield
wheat,IN,IN-08-0725,2004,0.46991926569225,-1.2991857227958028,ssm_yield
wheat,IN,IN-08-0725,2005,-0.004110720918823196,-0.9311513613603163,ssm_yield
wheat,IN,IN-08-0725,2006,0.06900956234899268,-1.1517954629403442,ssm_yield
wheat,IN,IN-08-0725,2007,-0.009186596881160516,-1.1517954629403442,ssm_yield
wheat,IN,IN-08-0725,2008,0.1804892149950495,-1.1517954629403442,ssm_yield
wheat,IN,IN-08-0725,2009,-0.029037250445726318,-1.1517954629403442,ssm_yield
wheat,IN,IN-08-0725,2010,-0.09604448451834573,-0.9752801816763218,ssm_yield
wheat,IN,IN-08-0725,2011,0.08946888565115643,-0.9752801816763218,ssm_yield
wheat,IN,IN-08-0725,2012,-0.29570534441933155,-0.857897519635747,ssm_yield
wheat,IN,IN-08-0725,2013,-0.06641114771469733,-1.1517954629403442,ssm_yield
wheat,IN,IN-08-0726,2003,-0.2158590457264533,-1.2877122295136412,ssm_yield
wheat,IN,IN-08-0726,2004,0.02018628656135738,-1.0414734121503302,ssm_yield
wheat,IN,IN-08-0726,2005,-0.3440176789795539,-0.3954274827240086,ssm_yield
wheat,IN,IN-08-0726,2006,-0.35991361428401053,-1.1517954629403442,ssm_yield
wheat,IN,IN-08-0726,2007,-0.40503360017169426,-1.063537822308333,ssm_yield
wheat,IN,IN-08-0726,2008,-0.14266703968108418,-1.071481009965214,ssm_yield
wheat,IN,IN-08-0726,2009,-0.48276162638756503,-1.1023711841864179,ssm_yield
wheat,IN,IN-08-0726,2010,-0.5448224679917665,-0.9655718412068005,ssm_yield
wheat,IN,IN-08-0726,2011,-0.3143856048475264,-1.0344128008997693,ssm_yield
wheat,IN,IN-08-0726,2012,-0.5641405283751167,-0.8084732408818207,ssm_yield
wheat,IN,IN-08-0726,2013,-0.454678815524458,-0.7361019755635716,ssm_yield
wheat,IN,IN-08-0726,2014,-0.20638548078423138,-0.7599315385342147,ssm_yield
wheat,IN,IN-08-0726,2015,-0.20885587790698718,-0.7837611015048576,ssm_yield
wheat,IN,IN-08-0726,2016,-0.3826442352573506,-0.857897519635747,ssm_yield
wheat,IN,IN-08-0726,2017,-0.4497862115883966,-0.3574766972522439,ssm_yield
wheat,IN,IN-08-0728,2003,-0.3617281513320244,-0.9788104873016023,ssm_yield
wheat,IN,IN-08-0728,2004,0.25611575262003,-0.9443900074551178,ssm_yield
wheat,IN,IN-08-0728,2005,-0.2508883732055444,-0.9311513613603163,ssm_yield
wheat,IN,IN-08-0728,2006,-0.19488589912001192,-0.9090869512023135,ssm_yield
wheat,IN,IN-08-0728,2007,-0.2258605778505527,-0.8870225410443107,ssm_yield
wheat,IN,IN-08-0728,2008,-0.0739093237007296,-0.8914354230759113,ssm_yield
wheat,IN,IN-08-0728,2009,-0.6271805038747998,-0.9099695276086336,ssm_yield
wheat,IN,IN-08-0728,2010,-0.6518337649647569,-0.8870225410443107,ssm_yield
wheat,IN,IN-08-0728,2011,-0.20852481535787618,-0.05563556629076574,ssm_yield
wheat,IN,IN-08-0728,2012,-0.5128690424195976,-0.43161311538313313,ssm_yield
wheat,IN,IN-08-0728,2013,-0.3358247132655607,-0.49780634585714145,ssm_yield
wheat,IN,IN-08-0728,2014,-0.07375981888895218,-0.48986315820026055,ssm_yield
wheat,IN,IN-08-0728,2015,-0.20863354613007618,-0.48986315820026055,ssm_yield
wheat,IN,IN-08-0728,2016,-0.4778033683850216,-0.4166093164756913,ssm_yield
wheat,IN,IN-08-0728,2017,-0.5327550872335199,-0.3795411074102466,ssm_yield
wheat,IN,IN-08-0729,2003,-0.2717543965192527,-0.72374590587509,ssm_yield
wheat,IN,IN-08-0729,2004,0.5717159172706199,-0.7855262543174978,ssm_yield
wheat,IN,IN-08-0729,2005,0.009380898703201848,-0.7731701846290162,ssm_yield
wheat,IN,IN-08-0729,2006,0.01971983379512107,-0.770522455410056,ssm_yield
wheat,IN,IN-08-0729,2007,-0.006538366878294891,-0.7484580452520532,ssm_yield
wheat,IN,IN-08-0729,2008,0.04086471155790577,-0.7431625868141325,ssm_yield
wheat,IN,IN-08-0729,2009,-0.39004922418121335,-0.7987649004122996,ssm_yield
wheat,IN,IN-08-0729,2010,-0.4271257302002986,-0.7502231980646934,ssm_yield
wheat,IN,IN-08-0729,2011,-0.1256309682513703,-0.6072458202408354,ssm_yield
wheat,IN,IN-08-0729,2012,-0.17494694446708658,-0.4369085738210538,ssm_yield
wheat,IN,IN-08-0729,2013,-0.08310849291082027,-0.5278139436720253,ssm_yield
wheat,IN,IN-08-0729,2014,0.17141262771061028,-0.5339919785162661,ssm_yield
wheat,IN,IN-08-0729,2015,-0.1381678060063429,-0.5216359088277845,ssm_yield
wheat,IN,IN-08-0729,2016,-0.3357333601344235,-0.7105072597802884,ssm_yield
wheat,IN,IN-08-0729,2017,-0.29023365117228295,-0.4166093164756913,ssm_yield
wheat,IN,IN-08-0730,2003,0.10678005848564306,-1.1712121438793865,ssm_yield
wheat,IN,IN-08-0730,2004,0.8958196595135817,-0.9885188277711234,ssm_yield
wheat,IN,IN-08-0730,2005,0.3265534854620079,-0.9293862085476761,ssm_yield
wheat,IN,IN-08-0730,2006,0.3124665371367521,-0.9249733265160756,ssm_yield
wheat,IN,IN-08-0730,2007,0.24426632828048875,-0.9073217983896733,ssm_yield
wheat,IN,IN-08-0730,2008,0.4073389671804163,-0.8993786107327922,ssm_yield
wheat,IN,IN-08-0730,2009,-0.029063622248641344,-1.0917802673105765,ssm_yield
wheat,IN,IN-08-0730,2010,-0.1950637546311763,-0.6478443349315606,ssm_yield
wheat,IN,IN-08-0730,2011,0.09421334989240002,-0.6222496191482771,ssm_yield
wheat,IN,IN-08-0730,2012,0.14567995661647515,-0.5242836380467448,ssm_yield
wheat,IN,IN-08-0730,2013,0.16660825433104126,-0.5216359088277845,ssm_yield
wheat,IN,IN-08-0730,2014,0.47477413188266354,-0.5904768685207533,ssm_yield
wheat,IN,IN-08-0730,2015,0.24828628756245963,-0.5631169999248298,ssm_yield
wheat,IN,IN-08-0730,2016,0.020108391156586383,-0.6222496191482771,ssm_yield
wheat,IN,IN-08-0730,2017,-0.006483443784625868,-0.34247289834480193,ssm_yield
wheat,IN,IN-08-0731,2003,-0.36597762618082097,-1.0361779537124094,ssm_yield
wheat,IN,IN-08-0731,2004,0.46710172154221236,-1.159738650597225,ssm_yield
wheat,IN,IN-08-0731,2005,-0.08344386732498715,-1.142969698877143,ssm_yield
wheat,IN,IN-08-0731,2006,-0.06588654600909759,-1.0838370796536956,ssm_yield
wheat,IN,IN-08-0731,2007,-0.120169575021342,-1.0591249402767324,ssm_yield
wheat,IN,IN-08-0731,2008,-0.06992085676869936,-1.0423559885566502,ssm_yield
wheat,IN,IN-08-0731,2009,-0.4580708200909727,-1.0370605301187297,ssm_yield
wheat,IN,IN-08-0731,2010,-0.5376960099398151,-0.8067080880691805,ssm_yield
wheat,IN,IN-08-0731,2011,-0.32705694395751056,-0.8631929780736677,ssm_yield
wheat,IN,IN-08-0731,2012,-0.22282900643458112,-0.48986315820026055,ssm_yield
wheat,IN,IN-08-0731,2013,-0.1739322164990031,-0.5631169999248298,ssm_yield
wheat,IN,IN-08-0731,2014,0.07965951642123094,-0.4457343378842549,ssm_yield
wheat,IN,IN-08-0731,2015,-0.22273009163487212,-0.5631169999248298,ssm_yield
wheat,IN,IN-08-0731,2016,-0.4034898227619419,-0.5631169999248298,ssm_yield
wheat,IN,IN-08-0731,2017,-0.38787558199130473,-0.3795411074102466,ssm_yield
wheat,IN,IN-08-0732,2003,-0.12650333372225037,-0.32305621740575946,ssm_yield
wheat,IN,IN-08-0732,2004,0.6493432979332434,-0.2983440780287963,ssm_yield
wheat,IN,IN-08-0732,2005,0.08980666321673206,-0.29481377240351586,ssm_yield
wheat,IN,IN-08-0732,2006,0.20147254028411496,-0.2956963488098361,ssm_yield
wheat,IN,IN-08-0732,2007,0.17221307886679274,-0.29481377240351586,ssm_yield
wheat,IN,IN-08-0732,2008,0.3077719480098855,-0.29481377240351586,ssm_yield
wheat,IN,IN-08-0732,2009,-0.38554335902652626,-0.2692190566202327,ssm_yield
wheat,IN,IN-08-0732,2010,-0.4097977387670986,-0.2127341666157455,ssm_yield
wheat,IN,IN-08-0732,2011,0.11994665325443798,-0.21361674302206554,ssm_yield
wheat,IN,IN-08-0732,2012,-0.2112687808024053,-0.29481377240351586,ssm_yield
wheat,IN,IN-08-0732,2013,-0.03538496805336067,-0.48986315820026055,ssm_yield
wheat,IN,IN-08-0732,2014,0.3136419231551802,-0.510162415545623,ssm_yield
wheat,IN,IN-08-0732,2015,0.08938661677530459,-0.4166093164756913,ssm_yield
wheat,IN,IN-08-0732,2016,-0.21858538489344967,-0.6769693563401241,ssm_yield
wheat,IN,IN-08-0732,2017,-0.23312025336188077,-0.5339919785162661,ssm_yield
wheat,IN,IN-09-0165,2003,0.2726882153837543,1.8021877690130692,ssm_yield
wheat,IN,IN-09-0165,2004,0.1822920451829091,1.114660748489702,ssm_yield
wheat,IN,IN-09-0165,2005,0.4556929029443706,1.4800473807062282,ssm_yield
wheat,IN,IN-09-0165,2006,-0.21198995529164022,1.4729867694556673,ssm_yield
wheat,IN,IN-09-0165,2007,0.23055866302597608,1.694513447442015,ssm_yield
wheat,IN,IN-09-0165,2008,-0.18106576492847812,1.5074072493021515,ssm_yield
wheat,IN,IN-09-0165,2009,-0.2802634483649738,1.5727179033698395,ssm_yield
wheat,IN,IN-09-0165,2010,-0.7819731731663301,1.5541837988371172,ssm_yield
wheat,IN,IN-09-0165,2011,-0.176603185695411,2.159631213572714,ssm_yield
wheat,IN,IN-09-0165,2012,-0.4432622680518992,1.923100736678924,ssm_yield
wheat,IN,IN-09-0165,2013,-0.3008862390586368,1.9080969377714818,ssm_yield
wheat,IN,IN-09-0165,2014,-0.20898256493892517,0.9249068211308782,ssm_yield
wheat,IN,IN-09-0165,2015,-0.061580491294249536,2.071373572940703,ssm_yield
wheat,IN,IN-09-0165,2016,-0.5620113873113664,2.033422787468938,ssm_yield
wheat,IN,IN-09-0165,2017,-0.6446013073780851,2.144627414665272,ssm_yield
wheat,IN,IN-09-0166,2003,0.09208052119015289,1.7571763722907432,ssm_yield
wheat,IN,IN-09-0166,2004,-0.022093855426662805,1.740407420570661,ssm_yield
wheat,IN,IN-09-0166,2005,0.24518889507186595,1.8727938815186773,ssm_yield
wheat,IN,IN-09-0166,2006,-0.4303547997494462,1.6247899113427262,ssm_yield
wheat,IN,IN-09-0166,2007,-0.03490134369310759,1.850729471360675,ssm_yield
wheat,IN,IN-09-0166,2008,-0.415766845088222,1.5382974235233555,ssm_yield
wheat,IN,IN-09-0166,2009,-0.5001544277543487,1.557714104462398,ssm_yield
wheat,IN,IN-09-0166,2010,-0.9741151716028751,1.7430551497896214,ssm_yield
wheat,IN,IN-09-0166,2011,-0.46185718516106933,2.355563175775779,ssm_yield
wheat,IN,IN-09-0166,2012,-0.6715367775861856,2.0722561493470226,ssm_yield
wheat,IN,IN-09-0166,2013,-0.481972446424888,2.350267717337858,ssm_yield
wheat,IN,IN-09-0166,2014,-0.4244139768788705,1.4209147614827806,ssm_yield
wheat,IN,IN-09-0166,2015,-0.244509717462433,1.9186878546473236,ssm_yield
wheat,IN,IN-09-0166,2016,-0.6854006759135267,2.331733612805136,ssm_yield
wheat,IN,IN-09-0166,2017,-0.9337628463079677,2.262010076705847,ssm_yield
wheat,IN,IN-09-0167,2003,-0.014941268074462284,1.874559034331318,ssm_yield
wheat,IN,IN-09-0167,2004,0.17673379432228567,1.4959337560199901,ssm_yield
wheat,IN,IN-09-0167,2005,0.3286514919848437,1.8057180746383492,ssm_yield
wheat,IN,IN-09-0167,2006,-0.33340591831688415,1.5603618336813585,ssm_yield
wheat,IN,IN-09-0167,2007,0.07511487785811713,1.9892939671529326,ssm_yield
wheat,IN,IN-09-0167,2008,-0.39950573322304805,1.718343010412658,ssm_yield
wheat,IN,IN-09-0167,2009,-0.47710514716370583,1.5991951955594432,ssm_yield
wheat,IN,IN-09-0167,2010,-0.9425720439872687,1.8877976804261196,ssm_yield
wheat,IN,IN-09-0167,2011,-0.3705972146645723,2.314082084678733,ssm_yield
wheat,IN,IN-09-0167,2012,-0.5954893686104848,2.057252350439581,ssm_yield
wheat,IN,IN-09-0167,2013,-0.4820342907063003,2.322907848741935,ssm_yield
wheat,IN,IN-09-0167,2014,-0.42526836014478897,1.4076761153879789,ssm_yield
wheat,IN,IN-09-0167,2015,-0.2742775917605463,1.7289339272884998,ssm_yield
wheat,IN,IN-09-0167,2016,-0.7474064607271546,2.3123169318660928,ssm_yield
wheat,IN,IN-09-0167,2017,-0.9110131721785246,2.239945666547844,ssm_yield
wheat,IN,IN-09-0168,2003,-0.003266412449872296,1.866615846674437,ssm_yield
wheat,IN,IN-09-0168,2004,0.4068152139928255,1.7536460666654625,ssm_yield
wheat,IN,IN-09-0168,2005,0.42053834755080743,1.931926500742125,ssm_yield
wheat,IN,IN-09-0168,2006,-0.21000592490492967,1.6671535788460916,ssm_yield
wheat,IN,IN-09-0168,2007,0.1621830301817424,1.881619645581879,ssm_yield
wheat,IN,IN-09-0168,2008,-0.36997498222852077,1.6194944529048054,ssm_yield
wheat,IN,IN-09-0168,2009,-0.40942993295446173,1.7818885116677061,ssm_yield
wheat,IN,IN-09-0168,2010,-0.9563202547338905,2.1066766291935073,ssm_yield
wheat,IN,IN-09-0168,2011,-0.28336243998032007,2.4349950523445885,ssm_yield
wheat,IN,IN-09-0168,2012,-0.5428231796778555,2.002532613247734,ssm_yield
wheat,IN,IN-09-0168,2013,-0.49567933765805494,2.3370290712430566,ssm_yield
wheat,IN,IN-09-0168,2014,-0.4596611033261065,1.5859565494646417,ssm_yield
wheat,IN,IN-09-0168,2015,-0.3559911731717181,1.8983885973019612,ssm_yield
wheat,IN,IN-09-0168,2016,-0.8209463262578853,2.2408282429541644,ssm_yield
wheat,IN,IN-09-0168,2017,-0.9452793571657014,2.435877628750909,ssm_yield
wheat,IN,IN-09-0169,2003,0.021462287477612824,0.9822742875416854,ssm_yield
wheat,IN,IN-09-0169,2004,0.25280478806672046,0.9663879122279232,ssm_yield
wheat,IN,IN-09-0169,2005,0.43537189290686595,1.0943614911443393,ssm_yield
wheat,IN,IN-09-0169,2006,-0.21431247818130436,1.1790888261510701,ssm_yield
wheat,IN,IN-09-0169,2007,0.1841944588411647,1.3255965096002085,ssm_yield
wheat,IN,IN-09-0169,2008,-0.2549967023295099,1.0890660327064188,ssm_yield
wheat,IN,IN-09-0169,2009,-0.3506195045781058,1.3635472950719734,ssm_yield
wheat,IN,IN-09-0169,2010,-0.8732097903026008,1.7536460666654625,ssm_yield
wheat,IN,IN-09-0169,2011,-0.18110734694618907,1.9425174176179667,ssm_yield
wheat,IN,IN-09-0169,2012,-0.4425240418458389,1.6909831418167347,ssm_yield
wheat,IN,IN-09-0169,2013,-0.4290051010469737,1.9672295569949294,ssm_yield
wheat,IN,IN-09-0169,2014,-0.31573101938198506,1.1429031934919456,ssm_yield
wheat,IN,IN-09-0169,2015,-0.2237081240926067,1.5630095629003182,ssm_yield
wheat,IN,IN-09-0169,2016,-0.7439048359505767,1.6036080775910435,ssm_yield
wheat,IN,IN-09-0169,2017,-0.7738746804508402,1.7924794285435477,ssm_yield
wheat,IN,IN-09-0170,2003,-0.23721204482421,1.0802402686432175,ssm_yield
wheat,IN,IN-09-0170,2004,0.24923916134079024,1.059941011297855,ssm_yield
wheat,IN,IN-09-0170,2005,0.18803155641283595,1.1367251586477047,ssm_yield
wheat,IN,IN-09-0170,2006,-0.3669613920230758,1.3097101342864468,ssm_yield
wheat,IN,IN-09-0170,2007,-0.05661195001131911,1.6097861124352841,ssm_yield
wheat,IN,IN-09-0170,2008,-0.42852897666108153,0.8896037648780737,ssm_yield
wheat,IN,IN-09-0170,2009,-0.5083592190423833,1.7271687744758588,ssm_yield
wheat,IN,IN-09-0170,2010,-0.9418044230049145,1.4147367266385398,ssm_yield
wheat,IN,IN-09-0170,2011,-0.25414939048635,2.0616652324711815,ssm_yield
wheat,IN,IN-09-0170,2012,-0.5429799505744587,1.9442825704306066,ssm_yield
wheat,IN,IN-09-0170,2013,-0.6258934282871872,2.009593224498295,ssm_yield
wheat,IN,IN-09-0170,2014,-0.5254464834947498,1.5224110482095936,ssm_yield
wheat,IN,IN-09-0170,2015,-0.5049888067070605,1.7439377261959412,ssm_yield
wheat,IN,IN-09-0170,2016,-1.0191662774164671,2.223176714827762,ssm_yield
wheat,IN,IN-09-0170,2017,-1.1092959112669898,2.260244923893206,ssm_yield
wheat,IN,IN-09-0171,2003,-0.23547367174723774,2.1552183315411133,ssm_yield
wheat,IN,IN-09-0171,2004,0.2297213576684251,2.2275895968593624,ssm_yield
wheat,IN,IN-09-0171,2005,0.13126445934653014,2.182578200137036,ssm_yield
wheat,IN,IN-09-0171,2006,-0.38911303663594654,1.9425174176179667,ssm_yield
wheat,IN,IN-09-0171,2007,-0.06840482835809274,2.200229728263439,ssm_yield
wheat,IN,IN-09-0171,2008,-0.5264400019248389,1.8401385544848332,ssm_yield
wheat,IN,IN-09-0171,2009,-0.5606692933243888,2.0546046212206206,ssm_yield
wheat,IN,IN-09-0171,2010,-1.1133483232419061,2.3476199881188973,ssm_yield
wheat,IN,IN-09-0171,2011,-0.417199554229919,2.708593738303823,ssm_yield
wheat,IN,IN-09-0171,2012,-0.7153936969890511,2.2478888542047253,ssm_yield
wheat,IN,IN-09-0171,2013,-0.6606586674493525,2.5762072773558065,ssm_yield
wheat,IN,IN-09-0171,2014,-0.6562713396051815,1.9036840557398813,ssm_yield
wheat,IN,IN-09-0171,2015,-0.5596776398517928,2.0863773718481444,ssm_yield
wheat,IN,IN-09-0171,2016,-1.02925186661829,2.4597071917215514,ssm_yield
wheat,IN,IN-09-0171,2017,-1.1193715549769168,2.504718588443877,ssm_yield
wheat,IN,IN-09-0172,2003,-0.26475144174129717,1.6203770293111257,ssm_yield
wheat,IN,IN-09-0172,2004,0.04749256141591001,1.6212596057174462,ssm_yield
wheat,IN,IN-09-0172,2005,0.07375391542427039,1.5533012224307976,ssm_yield
wheat,IN,IN-09-0172,2006,-0.5503967391527428,1.5665398685255991,ssm_yield
wheat,IN,IN-09-0172,2007,-0.1978137293086321,1.953990910900128,ssm_yield
wheat,IN,IN-09-0172,2008,-0.668385207314058,2.096968288723986,ssm_yield
wheat,IN,IN-09-0172,2009,-0.6873954683436753,1.6212596057174462,ssm_yield
wheat,IN,IN-09-0172,2010,-1.4406516495469652,2.0784341841912637,ssm_yield
wheat,IN,IN-09-0172,2011,-0.7105952886732032,2.375862433121141,ssm_yield
wheat,IN,IN-09-0172,2012,-0.9068012378441753,2.3114343554597734,ssm_yield
wheat,IN,IN-09-0172,2013,-0.738799256192943,2.6397527786108546,ssm_yield
wheat,IN,IN-09-0172,2014,-0.7825449489597804,2.082847066222864,ssm_yield
wheat,IN,IN-09-0172,2015,-0.5789493404836492,2.012240953717255,ssm_yield
wheat,IN,IN-09-0172,2016,-1.071631895058378,2.565616360479965,ssm_yield
wheat,IN,IN-09-0172,2017,-1.4332744810564026,2.5770898537621263,ssm_yield
wheat,IN,IN-09-0173,2003,0.26677099075824523,1.5347671178980746,ssm_yield
wheat,IN,IN-09-0173,2004,0.7728090469420998,1.7359945385390607,ssm_yield
wheat,IN,IN-09-0173,2005,0.6398140271785973,1.6406762866564881,ssm_yield
wheat,IN,IN-09-0173,2006,0.02953977061324502,1.616846723685845,ssm_yield
wheat,IN,IN-09-0173,2007,0.38548970693553314,1.8048354982320287,ssm_yield
wheat,IN,IN-09-0173,2008,-0.25707759720048984,2.0793167605975835,ssm_yield
wheat,IN,IN-09-0173,2009,-0.19120744115756552,1.5938997371215222,ssm_yield
wheat,IN,IN-09-0173,2010,-1.5526837620655598,2.212585797951921,ssm_yield
wheat,IN,IN-09-0173,2011,-0.2721285737156778,2.612392910014931,ssm_yield
wheat,IN,IN-09-0173,2012,-0.749165313581185,2.136684227008391,ssm_yield
wheat,IN,IN-09-0173,2013,-0.2842255888578981,2.5382564918840416,ssm_yield
wheat,IN,IN-09-0173,2014,-0.5488552998194381,2.21082064513928,ssm_yield
wheat,IN,IN-09-0173,2015,0.006846368428944406,2.114619816850388,ssm_yield
wheat,IN,IN-09-0173,2016,-0.9656655005768138,2.5594383256357243,ssm_yield
wheat,IN,IN-09-0173,2017,-1.2154095133272218,2.675055834863659,ssm_yield
wheat,IN,IN-09-0174,2003,0.2839623829478401,1.401498080543738,ssm_yield
wheat,IN,IN-09-0174,2004,0.9102746324474613,1.6018429247784036,ssm_yield
wheat,IN,IN-09-0174,2005,0.7361163124726587,1.430623101952302,ssm_yield
wheat,IN,IN-09-0174,2006,0.06892881742316599,1.7262861980695392,ssm_yield
wheat,IN,IN-09-0174,2007,0.4606238799253681,1.8136612622952304,ssm_yield
wheat,IN,IN-09-0174,2008,-0.15693390684331032,2.0493091627827,ssm_yield
wheat,IN,IN-09-0174,2009,-0.04470049210147848,1.5277065066475137,ssm_yield
wheat,IN,IN-09-0174,2010,-1.478326657036156,2.033422787468938,ssm_yield
wheat,IN,IN-09-0174,2011,-0.1639878732802525,2.3785101623401017,ssm_yield
wheat,IN,IN-09-0174,2012,-0.6660793966078801,2.190521387793918,ssm_yield
wheat,IN,IN-09-0174,2013,-0.22469217890138818,2.3405593768683364,ssm_yield
wheat,IN,IN-09-0174,2014,-0.5787610997724154,2.1975819990444787,ssm_yield
wheat,IN,IN-09-0174,2015,0.07641281176053548,2.0960857123176657,ssm_yield
wheat,IN,IN-09-0174,2016,-1.2793369043722256,2.6415179314234947,ssm_yield
wheat,IN,IN-09-0174,2017,-1.0652294172129968,2.6388702022045343,ssm_yield
wheat,IN,IN-09-0175,2003,-0.3187509269190095,1.7898316993245873,ssm_yield
wheat,IN,IN-09-0175,2004,0.6952908596270478,1.9275136187105244,ssm_yield
wheat,IN,IN-09-0175,2005,0.2576645950589021,1.7033392115052166,ssm_yield
wheat,IN,IN-09-0175,2006,-0.21537997955666302,1.8763241871439582,ssm_yield
wheat,IN,IN-09-0175,2007,-0.05682793823178702,2.104028899974547,ssm_yield
wheat,IN,IN-09-0175,2008,-0.5989573223945498,2.1613963663853535,ssm_yield
wheat,IN,IN-09-0175,2009,-0.4050579132632199,1.9698772862138898,ssm_yield
wheat,IN,IN-09-0175,2010,-1.2641501295727002,2.4923625187553955,ssm_yield
wheat,IN,IN-09-0175,2011,-0.3401710585229238,2.8153854834685568,ssm_yield
wheat,IN,IN-09-0175,2012,-0.7137370500647401,2.52678299860188,ssm_yield
wheat,IN,IN-09-0175,2013,-0.6922665932142675,2.818033212687517,ssm_yield
wheat,IN,IN-09-0175,2014,-0.7546349667007385,2.21082064513928,ssm_yield
wheat,IN,IN-09-0175,2015,-0.696219071383903,2.2028774574823995,ssm_yield
wheat,IN,IN-09-0175,2016,-1.364580505196831,2.8692226442540836,ssm_yield
wheat,IN,IN-09-0175,2017,-1.2163072274758457,2.8656923386288025,ssm_yield
wheat,IN,IN-09-0176,2003,-0.35419170614230683,1.5991951955594432,ssm_yield
wheat,IN,IN-09-0176,2004,0.8572057945768071,1.9372219591800457,ssm_yield
wheat,IN,IN-09-0176,2005,0.297479435379827,1.7042217879115362,ssm_yield
wheat,IN,IN-09-0176,2006,-0.20174050361159673,2.0387182459068587,ssm_yield
wheat,IN,IN-09-0176,2007,-0.0840071632568472,2.1322713449767905,ssm_yield
wheat,IN,IN-09-0176,2008,-0.6088483177458871,2.111972087631428,ssm_yield
wheat,IN,IN-09-0176,2009,-0.41619774555988714,1.9575212165254081,ssm_yield
wheat,IN,IN-09-0176,2010,-1.0736752358265422,2.232885055297283,ssm_yield
wheat,IN,IN-09-0176,2011,-0.2183558716472476,2.795968802529514,ssm_yield
wheat,IN,IN-09-0176,2012,-0.6473161287987061,2.2011123046697594,ssm_yield
wheat,IN,IN-09-0176,2013,-0.71736570654649,2.352032870150498,ssm_yield
wheat,IN,IN-09-0176,2014,-0.6775562377225274,1.8445514365164337,ssm_yield
wheat,IN,IN-09-0176,2015,-0.7626778322760354,2.012240953717255,ssm_yield
wheat,IN,IN-09-0176,2016,-1.2369008835572617,2.5241352693829198,ssm_yield
wheat,IN,IN-09-0176,2017,-1.2559843950972371,2.618570944859172,ssm_yield
wheat,IN,IN-09-0545,2003,0.20998662257771267,1.6397937102501685,ssm_yield
wheat,IN,IN-09-0545,2004,1.3154010222216224,1.7077520935368171,ssm_yield
wheat,IN,IN-09-0545,2005,0.9113459300239825,1.2797025364715626,ssm_yield
wheat,IN,IN-09-0545,2006,0.27190314709704455,1.8066006510446695,ssm_yield
wheat,IN,IN-09-0545,2007,0.5320338526726793,1.7624718307286633,ssm_yield
wheat,IN,IN-09-0545,2008,-0.14519773678750467,2.04842658637638,ssm_yield
wheat,IN,IN-09-0545,2009,0.17036259148164404,1.7554112194781024,ssm_yield
wheat,IN,IN-09-0545,2010,-1.3867002144391367,2.274366146394328,ssm_yield
wheat,IN,IN-09-0545,2011,0.07235395192837703,2.331733612805136,ssm_yield
wheat,IN,IN-09-0545,2012,-0.47232419708975354,1.883384798394519,ssm_yield
wheat,IN,IN-09-0545,2013,-0.20951047593319994,2.399691996091784,ssm_yield
wheat,IN,IN-09-0545,2014,-0.5221392119898302,1.9107446669904422,ssm_yield
wheat,IN,IN-09-0545,2015,0.021907404076307282,2.0616652324711815,ssm_yield
wheat,IN,IN-09-0545,2016,-1.5682469160605976,2.4870670603174756,ssm_yield
wheat,IN,IN-09-0545,2017,-1.0175027234519192,2.5320784570398014,ssm_yield
wheat,IN,IN-09-0546,2003,-0.2658508764257347,1.7765930532297851,ssm_yield
wheat,IN,IN-09-0546,2004,0.3866527753260964,2.2955479801460106,ssm_yield
wheat,IN,IN-09-0546,2005,0.15542919504475303,1.8427862837037936,ssm_yield
wheat,IN,IN-09-0546,2006,-0.37939289102748197,1.5788959382140808,ssm_yield
wheat,IN,IN-09-0546,2007,-0.07242852621123126,2.4199912534371464,ssm_yield
wheat,IN,IN-09-0546,2008,-0.5264474568798309,1.8701461522997176,ssm_yield
wheat,IN,IN-09-0546,2009,-0.5242803369620058,2.315847237491374,ssm_yield
wheat,IN,IN-09-0546,2010,-0.9562772899984728,2.2955479801460106,ssm_yield
wheat,IN,IN-09-0546,2011,-0.2449078864397708,2.627396708922373,ssm_yield
wheat,IN,IN-09-0546,2012,-0.6322456932113711,2.533843609852441,ssm_yield
wheat,IN,IN-09-0546,2013,-0.6684519546992274,2.451764004064671,ssm_yield
wheat,IN,IN-09-0546,2014,-0.6307043939442509,1.5382974235233555,ssm_yield
wheat,IN,IN-09-0546,2015,-0.6070932836194616,2.104911476380867,ssm_yield
wheat,IN,IN-09-0546,2016,-1.0053131946994531,2.546199679540923,ssm_yield
wheat,IN,IN-09-0546,2017,-1.117525145382335,2.6794687168952596,ssm_yield
wheat,IN,IN-09-1017,2003,-0.012615965592664553,1.6256724877490467,ssm_yield
wheat,IN,IN-09-1017,2004,0.5349053289465999,1.588604278683602,ssm_yield
wheat,IN,IN-09-1017,2005,0.5184292632971913,1.6795096485345735,ssm_yield
wheat,IN,IN-09-1017,2006,-0.12712097676554804,1.6433240158754485,ssm_yield
wheat,IN,IN-09-1017,2007,0.2279629532833186,1.986646237933972,ssm_yield
wheat,IN,IN-09-1017,2008,-0.2791565068351955,1.4147367266385398,ssm_yield
wheat,IN,IN-09-1017,2009,-0.30710327940363213,1.7342293857264197,ssm_yield
wheat,IN,IN-09-1017,2010,-0.8717070076637531,2.1163849696630286,ssm_yield
wheat,IN,IN-09-1017,2011,-0.1042632990353929,2.5197223873513193,ssm_yield
wheat,IN,IN-09-1017,2012,-0.414722722753148,2.1799304709180767,ssm_yield
wheat,IN,IN-09-1017,2013,-0.4682541643520406,2.331733612805136,ssm_yield
wheat,IN,IN-09-1017,2014,-0.40094291593721576,1.2408691745934777,ssm_yield
wheat,IN,IN-09-1017,2015,-0.3479803099404138,2.12962361575783,ssm_yield
wheat,IN,IN-09-1017,2016,-0.8565103508294446,2.308786626240813,ssm_yield
wheat,IN,IN-09-1017,2017,-0.9047485743867111,2.3785101623401017,ssm_yield
wheat,IN,IN-09-1018,2003,0.16584080200422122,1.611551265247925,ssm_yield
wheat,IN,IN-09-1018,2004,0.61530643092105,1.4915208739883896,ssm_yield
wheat,IN,IN-09-1018,2005,0.6170208779211441,1.4385662896091829,ssm_yield
wheat,IN,IN-09-1018,2006,-0.2134109044336235,1.6971611766609753,ssm_yield
wheat,IN,IN-09-1018,2007,0.3922469078407171,2.172869859667516,ssm_yield
wheat,IN,IN-09-1018,2008,-0.23342244899678996,2.2346502081099233,ssm_yield
wheat,IN,IN-09-1018,2009,-0.2827674891202427,2.055487197626941,ssm_yield
wheat,IN,IN-09-1018,2010,-1.6573990744042033,2.36438893983898,ssm_yield
wheat,IN,IN-09-1018,2011,-0.415389106923683,2.4041048781233845,ssm_yield
wheat,IN,IN-09-1018,2012,-0.8158219838704345,2.1719872832611955,ssm_yield
wheat,IN,IN-09-1018,2013,-0.35433481958036733,2.433229899531949,ssm_yield
wheat,IN,IN-09-1018,2014,-0.7016177822624736,1.81454383870155,ssm_yield
wheat,IN,IN-09-1018,2015,0.0265106827384398,2.057252350439581,ssm_yield
wheat,IN,IN-09-1018,2016,-1.1200947135966428,2.4941276715680365,ssm_yield
wheat,IN,IN-09-1018,2017,-1.3557062130538704,2.6000368403264495,ssm_yield
wheat,IN,IN-09-1019,2003,-0.2020721447616138,1.8004226162004282,ssm_yield
wheat,IN,IN-09-1019,2004,0.2039637117765773,1.8374908252658728,ssm_yield
wheat,IN,IN-09-1019,2005,0.12170445998365112,1.8560249297985958,ssm_yield
wheat,IN,IN-09-1019,2006,-0.41089068322037825,1.6221421821237658,ssm_yield
wheat,IN,IN-09-1019,2007,-0.12459023940628969,2.0907902538797454,ssm_yield
wheat,IN,IN-09-1019,2008,-0.589480147818619,2.3184949667103343,ssm_yield
wheat,IN,IN-09-1019,2009,-0.5952778703138107,1.8498468949543545,ssm_yield
wheat,IN,IN-09-1019,2010,-1.3428707511995628,2.388218502809623,ssm_yield
wheat,IN,IN-09-1019,2011,-0.6060471704919871,2.784495309247353,ssm_yield
wheat,IN,IN-09-1019,2012,-0.8399541336889824,2.3334987656177755,ssm_yield
wheat,IN,IN-09-1019,2013,-0.672785592886519,2.589445923450608,ssm_yield
wheat,IN,IN-09-1019,2014,-0.7550635225330493,1.9698772862138898,ssm_yield
wheat,IN,IN-09-1019,2015,-0.547016748069971,2.0254795998120567,ssm_yield
wheat,IN,IN-09-1019,2016,-1.1131254472586494,2.622101250484452,ssm_yield
wheat,IN,IN-09-1019,2017,-1.2628020030563105,2.5453171031346025,ssm_yield
wheat,IN,IN-09-2009,2005,0.09335593228932056,1.8754416107376377,ssm_yield
wheat,IN,IN-09-2009,2006,-0.5378282972099432,1.6212596057174462,ssm_yield
wheat,IN,IN-09-2009,2007,-0.1637346292771763,1.8727938815186773,ssm_yield
wheat,IN,IN-09-2009,2008,-0.5866837899858214,2.0272447526246973,ssm_yield
wheat,IN,IN-09-2009,2009,-0.6466159321773446,1.623907334936406,ssm_yield
wheat,IN,IN-09-2009,2010,-1.137207787477806,1.999002307622454,ssm_yield
wheat,IN,IN-09-2009,2011,-0.6229434300752349,2.269070687956408,ssm_yield
wheat,IN,IN-09-2009,2012,-0.7743398970270181,1.8357256724532327,ssm_yield
wheat,IN,IN-09-2009,2013,-0.605702820584648,2.455294309689951,ssm_yield
wheat,IN,IN-09-2009,2014,-0.5903204873028176,1.6133164180605648,ssm_yield
wheat,IN,IN-09-2009,2015,-0.38861006042198676,1.961051522150689,ssm_yield
wheat,IN,IN-09-2009,2016,-0.8037175925408686,2.192286540606558,ssm_yield
wheat,IN,IN-09-2009,2017,-1.151628925011902,2.098733441536626,ssm_yield
wheat,IN,IN-09-2010,2006,-0.3405510422407909,1.8798544927692382,ssm_yield
wheat,IN,IN-09-2010,2007,-0.09575175017866247,2.181695623730717,ssm_yield
wheat,IN,IN-09-2010,2008,-0.5925760604217332,2.254949465455286,ssm_yield
wheat,IN,IN-09-2010,2009,-0.5051940315019497,1.9910591199655725,ssm_yield
wheat,IN,IN-09-2010,2010,-1.3351937564640197,2.355563175775779,ssm_yield
wheat,IN,IN-09-2010,2011,-0.4941385246203988,2.6856467517395,ssm_yield
wheat,IN,IN-09-2010,2012,-0.7938503677415033,2.355563175775779,ssm_yield
wheat,IN,IN-09-2010,2013,-0.6892589416861481,2.5797375829810867,ssm_yield
wheat,IN,IN-09-2010,2014,-0.7880712705684475,2.0457788571574196,ssm_yield
wheat,IN,IN-09-2010,2015,-0.6168200778306349,2.301726014990252,ssm_yield
wheat,IN,IN-09-2010,2016,-1.3092805518100128,2.811855177843276,ssm_yield
wheat,IN,IN-09-2010,2017,-1.241674391213305,2.6803512933015794,ssm_yield
wheat,IN,IN-09-2011,2005,0.10196783175989466,1.3123578635054067,ssm_yield
wheat,IN,IN-09-2011,2006,-0.36783587674242185,1.3723730591351744,ssm_yield
wheat,IN,IN-09-2011,2007,-0.18389296670375085,1.4773996514872678,ssm_yield
wheat,IN,IN-09-2011,2008,-0.6135951166107824,1.7121649755684174,ssm_yield
wheat,IN,IN-09-2011,2009,-0.54227031475905,1.9292787715231645,ssm_yield
wheat,IN,IN-09-2011,2010,-1.068449403087888,1.745702879008582,ssm_yield
wheat,IN,IN-09-2011,2011,-0.2361789233312463,2.191403964200238,ssm_yield
wheat,IN,IN-09-2011,2012,-0.608625664173302,1.7739453240108256,ssm_yield
wheat,IN,IN-09-2011,2013,-0.7491435530095395,1.9116272433967627,ssm_yield
wheat,IN,IN-09-2011,2014,-0.6473020283585128,1.4606306997671856,ssm_yield
wheat,IN,IN-09-2011,2015,-0.7306973669934093,2.060782656064861,ssm_yield
wheat,IN,IN-09-2011,2016,-1.2325023084013285,2.113737240444068,ssm_yield
wheat,IN,IN-09-2011,2017,-1.2533607351962388,2.343207106087297,ssm_yield
wheat,IN,IN-09-2030,2012,-0.06790848614638544,1.6009603483720831,ssm_yield
wheat,IN,IN-09-2030,2013,-0.012906872787643775,1.4747519222683074,ssm_yield
wheat,IN,IN-09-2030,2014,0.1529707657780405,0.3821223312440095,ssm_yield
wheat,IN,IN-09-2030,2015,0.2561702040273079,1.5391799999296758,ssm_yield
wheat,IN,IN-09-2030,2016,-0.2219244636820839,1.5824262438393608,ssm_yield
wheat,IN,IN-09-2030,2017,-0.22610372618508146,1.5171155897716728,ssm_yield
wheat,IN,IN-09-2043,2012,-0.8976691547642469,2.089907677473425,ssm_yield
wheat,IN,IN-09-2043,2013,-0.5367479799215128,2.3114343554597734,ssm_yield
wheat,IN,IN-09-2043,2014,-0.8806811510223274,1.8772067635502785,ssm_yield
wheat,IN,IN-09-2043,2015,-0.17330626675619673,1.9310439243358053,ssm_yield
wheat,IN,IN-09-2043,2016,-1.1372890308450394,2.3273207307735353,ssm_yield
wheat,IN,IN-09-2043,2017,-1.5569406301429376,2.1975819990444787,ssm_yield
wheat,IN,IN-10-0139,2003,-1.7345738572004374,-0.30893499490463766,ssm_yield
wheat,IN,IN-10-0139,2004,-0.17118752003632354,-0.21361674302206554,ssm_yield
wheat,IN,IN-10-0139,2005,-0.001964956536204124,-0.8605452488547073,ssm_yield
wheat,IN,IN-10-0139,2006,-0.57537219939472,0.43772464484217666,ssm_yield
wheat,IN,IN-10-0139,2007,-0.07813307391764988,0.07498574184461086,ssm_yield
wheat,IN,IN-10-0139,2008,-0.5151309966220776,-0.04151434378964395,ssm_yield
wheat,IN,IN-10-0139,2009,-0.9495777300118998,0.14647443075653985,ssm_yield
wheat,IN,IN-10-0139,2010,-1.4857861056742494,0.8181150759661447,ssm_yield
wheat,IN,IN-10-0139,2011,-0.508379016667233,0.7475089634605357,ssm_yield
wheat,IN,IN-10-0139,2012,-0.5791839020990305,0.8931340705033541,ssm_yield
wheat,IN,IN-10-0139,2013,-0.4369590434899634,1.0087515797312885,ssm_yield
wheat,IN,IN-10-0139,2014,-0.211931361936559,-0.1686053462997401,ssm_yield
wheat,IN,IN-10-0139,2015,-0.554608450452794,0.4033041649956922,ssm_yield
wheat,IN,IN-10-0139,2016,-1.7938130612188534,0.909903022223436,ssm_yield
wheat,IN,IN-10-0139,2017,-1.2130618548112682,0.766925644399578,ssm_yield
wheat,IN,IN-10-0140,2003,-1.2131647661685385,1.0096341561376085,ssm_yield
wheat,IN,IN-10-0140,2004,1.5744130058883246,0.8348840276862266,ssm_yield
wheat,IN,IN-10-0140,2005,0.7520892354766698,0.6919066498623686,ssm_yield
wheat,IN,IN-10-0140,2006,0.15720757647071465,1.1040698316138606,ssm_yield
wheat,IN,IN-10-0140,2007,0.149130019370877,1.0502326708283338,ssm_yield
wheat,IN,IN-10-0140,2008,-0.6403890017315286,1.533884541491755,ssm_yield
wheat,IN,IN-10-0140,2009,-0.03745013981970638,1.2744070780336423,ssm_yield
wheat,IN,IN-10-0140,2010,-1.3081751789232512,1.678627072128253,ssm_yield
wheat,IN,IN-10-0140,2011,-0.12066955192911966,1.432388254764942,ssm_yield
wheat,IN,IN-10-0140,2012,-0.29135213003153726,1.57183532696352,ssm_yield
wheat,IN,IN-10-0140,2013,-0.25795505456577705,1.464161005392466,ssm_yield
wheat,IN,IN-10-0140,2014,0.08505941248816928,1.0193424966071298,ssm_yield
wheat,IN,IN-10-0140,2015,-0.4965050612034561,1.1826191317763506,ssm_yield
wheat,IN,IN-10-0140,2016,-1.9765046601986862,1.818074144326831,ssm_yield
wheat,IN,IN-10-0140,2017,-1.7065724043994939,1.7554112194781024,ssm_yield
wheat,IN,IN-10-0141,2003,-1.0100524801501287,-0.24891979927487,ssm_yield
wheat,IN,IN-10-0141,2004,-0.9155621063018596,-0.2056735553651846,ssm_yield
wheat,IN,IN-10-0141,2005,-0.9089306904541846,-0.29393119599719586,ssm_yield
wheat,IN,IN-10-0141,2006,-0.8059757485413965,-0.38924944787976773,ssm_yield
wheat,IN,IN-10-0141,2007,0.39511069531825416,-0.25156752849383046,ssm_yield
wheat,IN,IN-10-0141,2008,0.25642315387041537,-0.6602004046200421,ssm_yield
wheat,IN,IN-10-0141,2009,-0.31416120584043367,-0.26039329255703175,ssm_yield
wheat,IN,IN-10-0141,2010,-1.2007064971020431,-0.2259728127105473,ssm_yield
wheat,IN,IN-10-0141,2011,-0.5634816209252319,0.028209192309645012,ssm_yield
wheat,IN,IN-10-0141,2012,0.24302244657334904,-0.1606621586428588,ssm_yield
wheat,IN,IN-10-0141,2013,-0.06603380262821078,-0.042396920195963965,ssm_yield
wheat,IN,IN-10-0141,2014,1.0758895562582513,-0.07769997644876846,ssm_yield
wheat,IN,IN-10-0141,2015,0.4795075001071353,-0.24980237568119043,ssm_yield
wheat,IN,IN-10-0141,2016,-0.619566312360765,-0.23126827114846776,ssm_yield
wheat,IN,IN-10-0141,2017,0.045359136251144634,0.045860720436047255,ssm_yield
wheat,IN,IN-10-0142,2003,-2.7367933882338598,-0.6796170855590845,ssm_yield
wheat,IN,IN-10-0142,2004,-1.8717702761305235,-0.3627721556901646,ssm_yield
wheat,IN,IN-10-0142,2005,-2.3877923973925936,-1.2435834091976357,ssm_yield
wheat,IN,IN-10-0142,2006,-2.4591791113679626,-0.6240147719609174,ssm_yield
wheat,IN,IN-10-0142,2007,-1.6043706009146674,-0.6248973483672376,ssm_yield
wheat,IN,IN-10-0142,2008,-2.0381581578826,-1.2656478193556384,ssm_yield
wheat,IN,IN-10-0142,2009,-2.261006170920273,-0.6910905788412459,ssm_yield
wheat,IN,IN-10-0142,2010,-2.7425502295769784,-0.7405148575951722,ssm_yield
wheat,IN,IN-10-0142,2011,-2.1542313781822133,-0.9435074310487979,ssm_yield
wheat,IN,IN-10-0142,2012,-1.9609386709090453,-0.8349505330714241,ssm_yield
wheat,IN,IN-10-0142,2013,-2.012362729722949,-0.7537535036899738,ssm_yield
wheat,IN,IN-10-0142,2014,-2.143311184294234,-1.1156098302812196,ssm_yield
wheat,IN,IN-10-0142,2015,-2.221150537345974,-0.7978823240059794,ssm_yield
wheat,IN,IN-10-0142,2016,-2.4178656966891108,-0.9496854658930385,ssm_yield
wheat,IN,IN-10-0142,2017,-2.4925518980618637,-0.7007989193107672,ssm_yield
wheat,IN,IN-10-0143,2003,-1.170918529975758,1.2876457241284436,ssm_yield
wheat,IN,IN-10-0143,2004,0.7369602431157968,0.5383383551626693,ssm_yield
wheat,IN,IN-10-0143,2005,-0.0282490928593199,1.2744070780336423,ssm_yield
wheat,IN,IN-10-0143,2006,-0.4176991906618318,0.8984295289412746,ssm_yield
wheat,IN,IN-10-0143,2007,-0.548907424413427,0.8957817997223142,ssm_yield
wheat,IN,IN-10-0143,2008,-1.013494502205579,1.6062558068100041,ssm_yield
wheat,IN,IN-10-0143,2009,-0.5358694328865242,1.4262102199207012,ssm_yield
wheat,IN,IN-10-0143,2010,-1.1351529616579084,1.9222181602726036,ssm_yield
wheat,IN,IN-10-0143,2011,-0.5896018722395449,1.7677672891665843,ssm_yield
wheat,IN,IN-10-0143,2012,-0.6653593684992105,1.8171915679205106,ssm_yield
wheat,IN,IN-10-0143,2013,-0.633754923703232,1.7668847127602647,ssm_yield
wheat,IN,IN-10-0143,2014,-0.2698665263680716,1.1826191317763506,ssm_yield
wheat,IN,IN-10-0143,2015,-0.9354911903797786,1.330009391631809,ssm_yield
wheat,IN,IN-10-0143,2016,-2.0131117316287757,1.8913279860514003,ssm_yield
wheat,IN,IN-10-0143,2017,-1.61533407932402,1.6971611766609753,ssm_yield
wheat,IN,IN-10-0144,2003,-1.7965043181121683,-0.5728253403943511,ssm_yield
wheat,IN,IN-10-0144,2004,-0.6492842307809702,0.24708814107703245,ssm_yield
wheat,IN,IN-10-0144,2005,-0.3193674626665762,-0.1686053462997401,ssm_yield
wheat,IN,IN-10-0144,2006,-0.7437625964954055,0.7430960814289349,ssm_yield
wheat,IN,IN-10-0144,2007,-0.24442385099800323,0.06174709574980908,ssm_yield
wheat,IN,IN-10-0144,2008,-0.5938056555649366,0.2894518085803978,ssm_yield
wheat,IN,IN-10-0144,2009,-1.0162445172821555,0.34240639295960457,ssm_yield
wheat,IN,IN-10-0144,2010,-1.5299332154495489,0.2541487523275933,ssm_yield
wheat,IN,IN-10-0144,2011,-0.7206986116013376,0.528630014693148,ssm_yield
wheat,IN,IN-10-0144,2012,-0.5603366755694676,0.9646227594152832,ssm_yield
wheat,IN,IN-10-0144,2013,-0.4896903887699232,1.1446683463045857,ssm_yield
wheat,IN,IN-10-0144,2014,-0.08754708322825233,-0.22155993067894683,ssm_yield
wheat,IN,IN-10-0144,2015,-0.299978190741475,0.6663119340790854,ssm_yield
wheat,IN,IN-10-0144,2016,-1.520702570523427,1.1420206170856255,ssm_yield
wheat,IN,IN-10-0144,2017,-1.0276984331387096,0.8940166469096742,ssm_yield
wheat,IN,IN-10-0145,2003,-2.762048522357553,0.0034970529326818693,ssm_yield
wheat,IN,IN-10-0145,2004,-2.055524413246839,-0.175665957550301,ssm_yield
wheat,IN,IN-10-0145,2005,-2.049974185623287,-0.38924944787976773,ssm_yield
wheat,IN,IN-10-0145,2006,-2.362587331413975,0.2682699748287151,ssm_yield
wheat,IN,IN-10-0145,2007,-2.165606352758515,-0.7952345947870192,ssm_yield
wheat,IN,IN-10-0145,2008,-2.3391527099351053,0.07939862387621133,ssm_yield
wheat,IN,IN-10-0145,2009,-2.394079803852559,-0.477507088511779,ssm_yield
wheat,IN,IN-10-0145,2010,-2.809355466178314,0.5692285293838732,ssm_yield
wheat,IN,IN-10-0145,2011,-2.5072839934558595,0.16589111169558213,ssm_yield
wheat,IN,IN-10-0145,2012,-2.5101327396875055,0.11205395091005538,ssm_yield
wheat,IN,IN-10-0145,2013,-2.3659886782335726,0.14470927794389943,ssm_yield
wheat,IN,IN-10-0145,2014,-2.6160090947839234,-0.2568629869317513,ssm_yield
wheat,IN,IN-10-0145,2015,-2.522252190250588,0.14029639591229898,ssm_yield
wheat,IN,IN-10-0145,2016,-2.7809293992547763,0.16942141732086258,ssm_yield
wheat,IN,IN-10-0145,2017,-2.9019883304014833,0.17736460497774348,ssm_yield
wheat,IN,IN-10-0146,2003,-1.4212213878652433,0.22855403654431017,ssm_yield
wheat,IN,IN-10-0146,2004,0.04063859370195376,0.8569484378442292,ssm_yield
wheat,IN,IN-10-0146,2005,0.24827039054107478,0.6433649475147624,ssm_yield
wheat,IN,IN-10-0146,2006,-0.22045591534821768,1.1729107913068293,ssm_yield
wheat,IN,IN-10-0146,2007,0.07480689663772776,1.0793576922368975,ssm_yield
wheat,IN,IN-10-0146,2008,-0.2925968271136428,1.185266860995311,ssm_yield
wheat,IN,IN-10-0146,2009,-0.6498095766024716,0.9610924537900027,ssm_yield
wheat,IN,IN-10-0146,2010,-0.9965663404766133,1.3194184747559676,ssm_yield
wheat,IN,IN-10-0146,2011,-0.2750035134932991,1.9698772862138898,ssm_yield
wheat,IN,IN-10-0146,2012,-0.04866652647357159,1.848964318548035,ssm_yield
wheat,IN,IN-10-0146,2013,-0.0160207693381814,1.3132404399117272,ssm_yield
wheat,IN,IN-10-0146,2014,0.6645831876305258,-0.1527189709859779,ssm_yield
wheat,IN,IN-10-0146,2015,0.27343777709697065,1.6468543215007294,ssm_yield
wheat,IN,IN-10-0146,2016,-1.2002632242389817,1.8057180746383492,ssm_yield
wheat,IN,IN-10-0146,2017,-0.6625526289422407,1.6071383832163244,ssm_yield
wheat,IN,IN-10-0147,2003,-1.6676550980245057,0.6354217598578814,ssm_yield
wheat,IN,IN-10-0147,2004,-0.9652386434897778,0.40683447062097267,ssm_yield
wheat,IN,IN-10-0147,2005,-0.7117493583103948,0.6248308429820401,ssm_yield
wheat,IN,IN-10-0147,2006,-0.8639326860129473,1.3414828849139708,ssm_yield
wheat,IN,IN-10-0147,2007,-0.2634058847218012,0.35211473342912586,ssm_yield
wheat,IN,IN-10-0147,2008,-0.513425942919061,1.1508463811488265,ssm_yield
wheat,IN,IN-10-0147,2009,-0.8682190507234867,0.8737173895643116,ssm_yield
wheat,IN,IN-10-0147,2010,-1.42530857951455,1.532119388679115,ssm_yield
wheat,IN,IN-10-0147,2011,-0.7868178480303865,1.2541078206882796,ssm_yield
wheat,IN,IN-10-0147,2012,-0.4489356438299139,1.6662710024397713,ssm_yield
wheat,IN,IN-10-0147,2013,-0.46090213786326145,1.5206458953969528,ssm_yield
wheat,IN,IN-10-0147,2014,0.03134516616167296,0.48008831234554206,ssm_yield
wheat,IN,IN-10-0147,2015,-0.140411782247692,1.0378766011398521,ssm_yield
wheat,IN,IN-10-0147,2016,-1.0191687125490227,1.5268239302411941,ssm_yield
wheat,IN,IN-10-0147,2017,-0.7337233878085465,1.5630095629003182,ssm_yield
wheat,IN,IN-10-0148,2003,-2.639216346358213,0.43066403359161576,ssm_yield
wheat,IN,IN-10-0148,2004,-1.50681464326575,0.4712625482823407,ssm_yield
wheat,IN,IN-10-0148,2005,-1.6886439637544324,0.40242158858937216,ssm_yield
wheat,IN,IN-10-0148,2006,-2.051124239544573,-0.5304616728909857,ssm_yield
wheat,IN,IN-10-0148,2007,-1.914794916844355,-0.9029089163580727,ssm_yield
wheat,IN,IN-10-0148,2008,-2.2224632191671274,-0.6160715843040365,ssm_yield
wheat,IN,IN-10-0148,2009,-2.1775968729964554,-0.3786585310039266,ssm_yield
wheat,IN,IN-10-0148,2010,-2.6542263199009914,0.044095567623406835,ssm_yield
wheat,IN,IN-10-0148,2011,-2.295202690003818,-1.0926628437168966,ssm_yield
wheat,IN,IN-10-0148,2012,-2.329340660253707,-0.18625687442614236,ssm_yield
wheat,IN,IN-10-0148,2013,-2.271378335686963,-0.18537429801982194,ssm_yield
wheat,IN,IN-10-0148,2014,-2.4121447119608863,-0.6045980910218749,ssm_yield
wheat,IN,IN-10-0148,2015,-2.453552919989459,-0.042396920195963965,ssm_yield
wheat,IN,IN-10-0148,2016,-2.8129351160355753,-0.23303342396110818,ssm_yield
wheat,IN,IN-10-0148,2017,-2.8654340180745552,-0.10329469223205161,ssm_yield
wheat,IN,IN-10-0149,2003,-1.2651578390636917,-0.12977198442165516,ssm_yield
wheat,IN,IN-10-0149,2004,-0.7922097393558621,-0.1474235125480574,ssm_yield
wheat,IN,IN-10-0149,2005,-0.8797570962109236,-0.6116587022724358,ssm_yield
wheat,IN,IN-10-0149,2006,-0.727390053013612,-0.493393463825541,ssm_yield
wheat,IN,IN-10-0149,2007,0.3025629019871235,-0.4148441636630511,ssm_yield
wheat,IN,IN-10-0149,2008,0.07977702422841264,-0.8517194847915062,ssm_yield
wheat,IN,IN-10-0149,2009,-0.45307629693976714,-0.4642684424169774,ssm_yield
wheat,IN,IN-10-0149,2010,-1.2837456404858751,-0.6610829810263621,ssm_yield
wheat,IN,IN-10-0149,2011,-0.6445448177948996,-0.2568629869317513,ssm_yield
wheat,IN,IN-10-0149,2012,-0.005966488993836252,-0.5189881796088242,ssm_yield
wheat,IN,IN-10-0149,2013,-0.2863170171810224,-0.3521812388143232,ssm_yield
wheat,IN,IN-10-0149,2014,0.5194585149811562,-0.3768933781912864,ssm_yield
wheat,IN,IN-10-0149,2015,0.12432215151131631,-0.4422040322589745,ssm_yield
wheat,IN,IN-10-0149,2016,-0.7389162302008618,-0.1977303677083037,ssm_yield
wheat,IN,IN-10-0149,2017,-0.38843473715918475,0.010557664183242768,ssm_yield
wheat,IN,IN-10-0150,2003,-1.712630376327195,0.41654281109049396,ssm_yield
wheat,IN,IN-10-0150,2004,-1.0870422720427129,0.7713385264311785,ssm_yield
wheat,IN,IN-10-0150,2005,-0.9035776790915503,0.7325051645530936,ssm_yield
wheat,IN,IN-10-0150,2006,-1.5964935095136445,1.1093652900517812,ssm_yield
wheat,IN,IN-10-0150,2007,-1.1791304404230543,0.7801642904943799,ssm_yield
wheat,IN,IN-10-0150,2008,-1.4758771047772736,1.3105927106927668,ssm_yield
wheat,IN,IN-10-0150,2009,-1.483915305116996,0.4783231595329016,ssm_yield
wheat,IN,IN-10-0150,2010,-2.4230512484332953,1.88868025683244,ssm_yield
wheat,IN,IN-10-0150,2011,-1.7685055911344123,1.462395852579826,ssm_yield
wheat,IN,IN-10-0150,2012,-1.9040588857017917,1.3679601771035739,ssm_yield
wheat,IN,IN-10-0150,2013,-1.6323886675452348,1.6450891686880886,ssm_yield
wheat,IN,IN-10-0150,2014,-2.0567372768907126,1.1879145902142711,ssm_yield
wheat,IN,IN-10-0150,2015,-1.6339716475564112,1.3008843702232453,ssm_yield
wheat,IN,IN-10-0150,2016,-2.1462974548173883,1.464161005392466,ssm_yield
wheat,IN,IN-10-0150,2017,-2.4187950461936585,1.532119388679115,ssm_yield
wheat,IN,IN-10-0151,2003,-1.5821290965716117,0.5965883979797965,ssm_yield
wheat,IN,IN-10-0151,2004,0.5997857751422543,0.6027664328240373,ssm_yield
wheat,IN,IN-10-0151,2005,0.31922246551213057,0.41477765827785357,ssm_yield
wheat,IN,IN-10-0151,2006,-0.21249559424476247,0.2515010231086329,ssm_yield
wheat,IN,IN-10-0151,2007,-0.052034195039255125,-0.10241211582573159,ssm_yield
wheat,IN,IN-10-0151,2008,-0.6414876874205534,0.7086756015824508,ssm_yield
wheat,IN,IN-10-0151,2009,-0.6369564679608246,0.8022287006523825,ssm_yield
wheat,IN,IN-10-0151,2010,-1.5414382190068234,1.248812362250359,ssm_yield
wheat,IN,IN-10-0151,2011,-0.3033119188742183,0.7157362128330117,ssm_yield
wheat,IN,IN-10-0151,2012,-0.591170704024448,0.9460886548825606,ssm_yield
wheat,IN,IN-10-0151,2013,-0.4704206059792573,0.6892589206434081,ssm_yield
wheat,IN,IN-10-0151,2014,-0.2770375010554946,0.7810468669006998,ssm_yield
wheat,IN,IN-10-0151,2015,-0.7171888554380019,0.766043067993258,ssm_yield
wheat,IN,IN-10-0151,2016,-2.0568456248080755,1.1614372980246679,ssm_yield
wheat,IN,IN-10-0151,2017,-1.669384186060523,1.1773236733384298,ssm_yield
wheat,IN,IN-10-0152,2003,-2.6537438868003003,0.42978145718529537,ssm_yield
wheat,IN,IN-10-0152,2004,-2.315593384625546,0.47214512468866077,ssm_yield
wheat,IN,IN-10-0152,2005,-2.511474251107561,0.40153901218305177,ssm_yield
wheat,IN,IN-10-0152,2006,-2.7202172747694253,-0.7334542463446113,ssm_yield
wheat,IN,IN-10-0152,2007,-2.147487682518515,-1.2162235406017121,ssm_yield
wheat,IN,IN-10-0152,2008,-2.3276824934074885,-1.3035986048274033,ssm_yield
wheat,IN,IN-10-0152,2009,-2.3683452475445463,-0.9911665569900838,ssm_yield
wheat,IN,IN-10-0152,2010,-2.8844588487225735,0.9955129336364867,ssm_yield
wheat,IN,IN-10-0152,2011,-2.406210092768507,-0.8808445062000699,ssm_yield
wheat,IN,IN-10-0152,2012,-2.2878090775157154,-0.8852573882316704,ssm_yield
wheat,IN,IN-10-0152,2013,-2.239242220256954,-0.8676058601052682,ssm_yield
wheat,IN,IN-10-0152,2014,-2.4618367656749505,-1.1773901787236272,ssm_yield
wheat,IN,IN-10-0152,2015,-2.4030749236820528,-0.8049429352565403,ssm_yield
wheat,IN,IN-10-0152,2016,-2.4768030049354115,-0.8128861229134214,ssm_yield
wheat,IN,IN-10-0152,2017,-2.723336942975479,-0.4510297963221756,ssm_yield
wheat,IN,IN-10-0153,2003,-2.1585704407294855,-0.4210221985072918,ssm_yield
wheat,IN,IN-10-0153,2004,-0.9840692976136923,-0.5384048605478666,ssm_yield
wheat,IN,IN-10-0153,2005,-1.5769732378761847,-0.7440451632204527,ssm_yield
wheat,IN,IN-10-0153,2006,-1.672905368473695,-0.4510297963221756,ssm_yield
wheat,IN,IN-10-0153,2007,-0.2778901652045397,-0.5225184852341046,ssm_yield
wheat,IN,IN-10-0153,2008,-1.0530458846114183,-0.6469617585252403,ssm_yield
wheat,IN,IN-10-0153,2009,-1.3785886973373584,-0.27892739708975384,ssm_yield
wheat,IN,IN-10-0153,2010,-2.078976998562898,-0.45456010194745605,ssm_yield
wheat,IN,IN-10-0153,2011,-1.1642788740452317,-0.4360259974147338,ssm_yield
wheat,IN,IN-10-0153,2012,-0.8701722029076937,-0.4651510188232974,ssm_yield
wheat,IN,IN-10-0153,2013,-1.086009629515925,-0.09093862254357023,ssm_yield
wheat,IN,IN-10-0153,2014,-1.1045607123003467,-0.35306381522064323,ssm_yield
wheat,IN,IN-10-0153,2015,-1.3809616342898146,-0.25862813974439136,ssm_yield
wheat,IN,IN-10-0153,2016,-1.6798491874133323,-0.30981757131095783,ssm_yield
wheat,IN,IN-10-0153,2017,-1.6155871028129507,-0.14124547770381654,ssm_yield
wheat,IN,IN-10-0154,2003,-1.0699886623736803,0.41566023468417357,ssm_yield
wheat,IN,IN-10-0154,2004,-0.42144221660539594,0.8437097917494278,ssm_yield
wheat,IN,IN-10-0154,2005,-0.4562102954268889,0.4103647762462531,ssm_yield
wheat,IN,IN-10-0154,2006,-0.5708799983308126,0.8304711456546261,ssm_yield
wheat,IN,IN-10-0154,2007,-0.024910769077308968,0.49509211125298386,ssm_yield
wheat,IN,IN-10-0154,2008,-0.3893398679722681,0.42183826952841447,ssm_yield
wheat,IN,IN-10-0154,2009,-0.5581988911308117,0.909903022223436,ssm_yield
wheat,IN,IN-10-0154,2010,-0.7459591938173995,0.7483915398668558,ssm_yield
wheat,IN,IN-10-0154,2011,-0.4952371533162674,1.2991192174106054,ssm_yield
wheat,IN,IN-10-0154,2012,0.2747808414711252,0.8269408400293456,ssm_yield
wheat,IN,IN-10-0154,2013,0.4563858276202511,0.6919066498623686,ssm_yield
wheat,IN,IN-10-0154,2014,1.3099399568809942,0.7325051645530936,ssm_yield
wheat,IN,IN-10-0154,2015,1.0529323304710265,1.0299334134829712,ssm_yield
wheat,IN,IN-10-0154,2016,-0.3934201034603,1.3450131905392513,ssm_yield
wheat,IN,IN-10-0154,2017,-0.058918630531789425,1.5347671178980746,ssm_yield
wheat,IN,IN-10-0155,2003,-2.4117292833893043,0.4041867414020122,ssm_yield
wheat,IN,IN-10-0155,2004,-0.9817067119378574,0.3115162187384005,ssm_yield
wheat,IN,IN-10-0155,2005,-1.3094099201730551,0.6495429823590032,ssm_yield
wheat,IN,IN-10-0155,2006,-1.6853163334579864,1.0899486091127388,ssm_yield
wheat,IN,IN-10-0155,2007,-1.5625255476111701,0.42889888077897537,ssm_yield
wheat,IN,IN-10-0155,2008,-2.004682888366971,1.076709963017937,ssm_yield
wheat,IN,IN-10-0155,2009,-1.8990186837892526,0.8287059928419861,ssm_yield
wheat,IN,IN-10-0155,2010,-2.505000084839108,0.8481226737810283,ssm_yield
wheat,IN,IN-10-0155,2011,-1.8978549046802418,0.9610924537900027,ssm_yield
wheat,IN,IN-10-0155,2012,-2.0145122907740043,1.2629335847514809,ssm_yield
wheat,IN,IN-10-0155,2013,-1.981432326911957,1.4915208739883896,ssm_yield
wheat,IN,IN-10-0155,2014,-1.9723459349142072,1.5241762010222337,ssm_yield
wheat,IN,IN-10-0155,2015,-2.146936013770501,1.0740622337989767,ssm_yield
wheat,IN,IN-10-0155,2016,-2.721025914379408,1.5356496943043951,ssm_yield
wheat,IN,IN-10-0155,2017,-2.660411967063333,1.4571003941419052,ssm_yield
wheat,IN,IN-10-0156,2003,-2.7720258978448267,0.19589870951046612,ssm_yield
wheat,IN,IN-10-0156,2004,-1.9507074401042643,-0.08123028207404889,ssm_yield
wheat,IN,IN-10-0156,2005,-2.165717924530111,-0.17919626317558146,ssm_yield
wheat,IN,IN-10-0156,2006,-2.3734133856994695,-0.24891979927487,ssm_yield
wheat,IN,IN-10-0156,2007,-2.02715137770618,-0.2118515902094255,ssm_yield
wheat,IN,IN-10-0156,2008,-2.214390642591886,-0.2974615016224763,ssm_yield
wheat,IN,IN-10-0156,2009,-2.3909084961373757,0.171186570133503,ssm_yield
wheat,IN,IN-10-0156,2010,-2.7358286105497323,0.18442521622830438,ssm_yield
wheat,IN,IN-10-0156,2011,-2.3321788161508237,0.36535337952392727,ssm_yield
wheat,IN,IN-10-0156,2012,-2.2883638605227863,-0.10682499785733206,ssm_yield
wheat,IN,IN-10-0156,2013,-2.134309984961781,-0.05210526066548529,ssm_yield
wheat,IN,IN-10-0156,2014,-2.3303209381736623,-0.33099940506264053,ssm_yield
wheat,IN,IN-10-0156,2015,-2.303239786270471,-0.2974615016224763,ssm_yield
wheat,IN,IN-10-0156,2016,-2.5868693731517745,0.011440240589562781,ssm_yield
wheat,IN,IN-10-0156,2017,-2.658087332795603,-0.017684780819000823,ssm_yield
wheat,IN,IN-10-0157,2003,-1.1221335605380534,0.49509211125298386,ssm_yield
wheat,IN,IN-10-0157,2004,0.1297739931599938,0.9584447245710422,ssm_yield
wheat,IN,IN-10-0157,2005,0.18965371574439555,0.8207628051851048,ssm_yield
wheat,IN,IN-10-0157,2006,-0.08794781538363566,1.1729107913068293,ssm_yield
wheat,IN,IN-10-0157,2007,0.2530580039357749,1.1632024508373082,ssm_yield
wheat,IN,IN-10-0157,2008,-0.23718810304151766,1.2293956813113165,ssm_yield
wheat,IN,IN-10-0157,2009,-0.44501001647446803,1.0855357270811383,ssm_yield
wheat,IN,IN-10-0157,2010,-0.776656133596848,1.115543324896022,ssm_yield
wheat,IN,IN-10-0157,2011,-0.22559514088147634,1.6583278147828908,ssm_yield
wheat,IN,IN-10-0157,2012,0.28365146568188054,1.6980437530672956,ssm_yield
wheat,IN,IN-10-0157,2013,0.41008204973799695,1.5056420964895114,ssm_yield
wheat,IN,IN-10-0157,2014,1.2044714812860784,-0.2197947778663064,ssm_yield
wheat,IN,IN-10-0157,2015,0.898603299138253,1.4112064210132593,ssm_yield
wheat,IN,IN-10-0157,2016,-0.7307227580240868,1.847199165735394,ssm_yield
wheat,IN,IN-10-0157,2017,-0.30700408791916944,1.6468543215007294,ssm_yield
wheat,IN,IN-10-0158,2003,-2.1542745479746497,0.34858442780384546,ssm_yield
wheat,IN,IN-10-0158,2004,-0.5582696912082564,-0.24274176443062953,ssm_yield
wheat,IN,IN-10-0158,2005,-0.8302989323756629,-0.011506745974760332,ssm_yield
wheat,IN,IN-10-0158,2006,-1.375008495830088,-0.1262416787963747,ssm_yield
wheat,IN,IN-10-0158,2007,-0.9707924702323433,-0.24538949364958956,ssm_yield
wheat,IN,IN-10-0158,2008,-1.3032569539700716,0.244440411858072,ssm_yield
wheat,IN,IN-10-0158,2009,-1.5629546284201756,0.1861903690409448,ssm_yield
wheat,IN,IN-10-0158,2010,-2.193157881222428,0.19060325107254525,ssm_yield
wheat,IN,IN-10-0158,2011,-1.2839163242943898,0.18001233419670393,ssm_yield
wheat,IN,IN-10-0158,2012,-1.4649032410228058,0.20295932076102702,ssm_yield
wheat,IN,IN-10-0158,2013,-1.1218596426311571,0.18001233419670393,ssm_yield
wheat,IN,IN-10-0158,2014,-1.4059033493282196,-0.0450446494149244,ssm_yield
wheat,IN,IN-10-0158,2015,-1.3991889848605825,0.3115162187384005,ssm_yield
wheat,IN,IN-10-0158,2016,-2.1614480255013317,0.21090250841790795,ssm_yield
wheat,IN,IN-10-0158,2017,-2.018947013099768,0.30886848951944007,ssm_yield
wheat,IN,IN-10-0159,2003,-1.9697975768733063,-0.22155993067894683,ssm_yield
wheat,IN,IN-10-0159,2004,-0.10139097677087983,-0.5269313672657052,ssm_yield
wheat,IN,IN-10-0159,2005,-0.5043429839196049,-0.8932005758885515,ssm_yield
wheat,IN,IN-10-0159,2006,-1.0594768387379563,-0.33717743990688126,ssm_yield
wheat,IN,IN-10-0159,2007,0.3450317304834974,-0.3574766972522439,ssm_yield
wheat,IN,IN-10-0159,2008,-0.5310617045882551,-0.541052589766827,ssm_yield
wheat,IN,IN-10-0159,2009,-0.9668965415457861,-0.28687058474663496,ssm_yield
wheat,IN,IN-10-0159,2010,-1.7058836108307083,-0.4351434210084136,ssm_yield
wheat,IN,IN-10-0159,2011,-0.5067135017370314,-0.08387801129300933,ssm_yield
wheat,IN,IN-10-0159,2012,-0.5026977052699748,0.19942901513574657,ssm_yield
wheat,IN,IN-10-0159,2013,-0.30051183654342406,0.37947460202504907,ssm_yield
wheat,IN,IN-10-0159,2014,-0.45040787651527775,-0.2639235981823122,ssm_yield
wheat,IN,IN-10-0159,2015,-0.5009367330328041,0.2373798006075111,ssm_yield
wheat,IN,IN-10-0159,2016,-1.3643784598175674,0.5012701460972248,ssm_yield
wheat,IN,IN-10-0159,2017,-0.9851463220922687,0.29386469061199827,ssm_yield
wheat,IN,IN-10-0160,2003,-1.4572244440317432,-0.1483060889543774,ssm_yield
wheat,IN,IN-10-0160,2004,0.5428552884133456,-0.4660335952296176,ssm_yield
wheat,IN,IN-10-0160,2005,0.3094289006404541,-0.24715464646222998,ssm_yield
wheat,IN,IN-10-0160,2006,-0.10172591315525589,0.43595949202953627,ssm_yield
wheat,IN,IN-10-0160,2007,0.028437962801269374,0.24885329388967287,ssm_yield
wheat,IN,IN-10-0160,2008,-0.34453047191088976,0.6804331565802072,ssm_yield
wheat,IN,IN-10-0160,2009,-0.41025640989725615,1.0405243303588125,ssm_yield
wheat,IN,IN-10-0160,2010,-0.803956260087159,1.02022507301345,ssm_yield
wheat,IN,IN-10-0160,2011,-0.11555725687646744,0.8648916255011105,ssm_yield
wheat,IN,IN-10-0160,2012,-0.1159238234871552,0.8640090490947901,ssm_yield
wheat,IN,IN-10-0160,2013,-0.07125950716289564,0.4624367842191398,ssm_yield
wheat,IN,IN-10-0160,2014,0.5095239101699107,0.876365118783272,ssm_yield
wheat,IN,IN-10-0160,2015,-0.03868954778128672,0.900194681753915,ssm_yield
wheat,IN,IN-10-0160,2016,-1.3446289191898853,1.5859565494646417,ssm_yield
wheat,IN,IN-10-0160,2017,-0.66884641055501,1.4217973378891007,ssm_yield
wheat,IN,IN-10-0161,2003,-2.1585117440351556,0.2956298434246387,ssm_yield
wheat,IN,IN-10-0161,2004,-0.7020330775349973,0.6821983093928472,ssm_yield
wheat,IN,IN-10-0161,2005,-0.9505542719127902,0.21178508482422795,ssm_yield
wheat,IN,IN-10-0161,2006,-1.3342754748234296,0.766043067993258,ssm_yield
wheat,IN,IN-10-0161,2007,-1.2147830092806882,-0.2639235981823122,ssm_yield
wheat,IN,IN-10-0161,2008,-1.6194244849324397,0.5462815428195502,ssm_yield
wheat,IN,IN-10-0161,2009,-1.599340480549014,0.8984295289412746,ssm_yield
wheat,IN,IN-10-0161,2010,-2.226764742644578,0.9849220167606454,ssm_yield
wheat,IN,IN-10-0161,2011,-1.4866212038424311,0.5453989664132302,ssm_yield
wheat,IN,IN-10-0161,2012,-1.656003313364899,0.8507704029999887,ssm_yield
wheat,IN,IN-10-0161,2013,-1.5782413481700697,0.8507704029999887,ssm_yield
wheat,IN,IN-10-0161,2014,-1.639405951972473,1.0458197887967335,ssm_yield
wheat,IN,IN-10-0161,2015,-1.8419583943291824,1.0546455528599343,ssm_yield
wheat,IN,IN-10-0161,2016,-2.5725471699785256,1.1649676036499483,ssm_yield
wheat,IN,IN-10-0161,2017,-2.5303427247739663,0.8957817997223142,ssm_yield
wheat,IN,IN-10-0162,2003,-1.5633605249549256,0.2982775726435988,ssm_yield
wheat,IN,IN-10-0162,2004,-0.2696340765887541,-0.39631005913032863,ssm_yield
wheat,IN,IN-10-0162,2005,-0.8513742695128099,0.052921331686608154,ssm_yield
wheat,IN,IN-10-0162,2006,-1.058149888276448,0.052921331686608154,ssm_yield
wheat,IN,IN-10-0162,2007,0.5981982158263492,0.04497814402972685,ssm_yield
wheat,IN,IN-10-0162,2008,0.1625906265437573,-0.1553667002049383,ssm_yield
wheat,IN,IN-10-0162,2009,-0.4288277007048682,0.12617517341117718,ssm_yield
wheat,IN,IN-10-0162,2010,-1.3931413432940964,0.5506944248511506,ssm_yield
wheat,IN,IN-10-0162,2011,-0.2879926634149161,0.3618230738986468,ssm_yield
wheat,IN,IN-10-0162,2012,0.1397083362108539,0.39977385937041177,ssm_yield
wheat,IN,IN-10-0162,2013,-0.23118283921974503,0.4050693178083322,ssm_yield
wheat,IN,IN-10-0162,2014,-0.023362602590937104,0.015853122621163243,ssm_yield
wheat,IN,IN-10-0162,2015,-0.2799014327986426,0.32740259405216277,ssm_yield
wheat,IN,IN-10-0162,2016,-0.8472701296148497,0.522451979848907,ssm_yield
wheat,IN,IN-10-0162,2017,-0.5464628535746089,0.6001187036050769,ssm_yield
wheat,IN,IN-10-0163,2003,-1.576167165380233,0.29386469061199827,ssm_yield
wheat,IN,IN-10-0163,2004,0.2889111828875679,0.42978145718529537,ssm_yield
wheat,IN,IN-10-0163,2005,0.3815446589988203,0.20472447357366705,ssm_yield
wheat,IN,IN-10-0163,2006,-0.14804601225696362,0.23826237701383152,ssm_yield
wheat,IN,IN-10-0163,2007,0.11400918009974517,0.17383429935246303,ssm_yield
wheat,IN,IN-10-0163,2008,-0.2986235137233152,0.26562224560975467,ssm_yield
wheat,IN,IN-10-0163,2009,-0.5844219482542197,0.3247548648332023,ssm_yield
wheat,IN,IN-10-0163,2010,-1.0077679078308153,0.798698395027102,ssm_yield
wheat,IN,IN-10-0163,2011,-0.16069500912634985,1.02022507301345,ssm_yield
wheat,IN,IN-10-0163,2012,-0.20288821994937506,0.9831568639480054,ssm_yield
wheat,IN,IN-10-0163,2013,-0.10947617863840972,0.9875697459796059,ssm_yield
wheat,IN,IN-10-0163,2014,0.3149392959392965,-0.18978718005142278,ssm_yield
wheat,IN,IN-10-0163,2015,-0.13186170081952955,0.7254445533025327,ssm_yield
wheat,IN,IN-10-0163,2016,-1.5078612098808466,1.1658501800562684,ssm_yield
wheat,IN,IN-10-0163,2017,-0.8606422329784942,0.9072552930044759,ssm_yield
wheat,IN,IN-10-0164,2003,-1.5688733764587661,0.12264486778589671,ssm_yield
wheat,IN,IN-10-0164,2004,-0.9401292101260721,0.8816605772211924,ssm_yield
wheat,IN,IN-10-0164,2005,-0.8854654898847387,-0.10594242145101204,ssm_yield
wheat,IN,IN-10-0164,2006,-0.9271553704405836,0.12176229137957671,ssm_yield
wheat,IN,IN-10-0164,2007,-0.0089780148184156,0.019383428246443693,ssm_yield
wheat,IN,IN-10-0164,2008,-0.29241255486960566,-0.1747833811439806,ssm_yield
wheat,IN,IN-10-0164,2009,-0.7544062682924242,0.03173949793492546,ssm_yield
wheat,IN,IN-10-0164,2010,-1.4830143605575983,0.07851604746989131,ssm_yield
wheat,IN,IN-10-0164,2011,-0.7602824667564095,0.43684206843585627,ssm_yield
wheat,IN,IN-10-0164,2012,-0.2814417398782434,0.13323578466173808,ssm_yield
wheat,IN,IN-10-0164,2013,-0.41451263430813245,0.4712625482823407,ssm_yield
wheat,IN,IN-10-0164,2014,0.0880246745353638,0.1861903690409448,ssm_yield
wheat,IN,IN-10-0164,2015,-0.029977044945073313,0.45272844374961846,ssm_yield
wheat,IN,IN-10-0164,2016,-0.9092197898461288,0.7201490948646122,ssm_yield
wheat,IN,IN-10-0164,2017,-0.6018384928069844,0.47214512468866077,ssm_yield
wheat,IN,IN-10-0519,2003,-1.1001584000079094,1.0334637191082516,ssm_yield
wheat,IN,IN-10-0519,2004,0.42786489789035664,0.9602098773836822,ssm_yield
wheat,IN,IN-10-0519,2005,-0.13598054685472372,0.7739862556501389,ssm_yield
wheat,IN,IN-10-0519,2006,-0.40897438810375286,0.9125507514423964,ssm_yield
wheat,IN,IN-10-0519,2007,-0.5651935805388778,0.5639330709459525,ssm_yield
wheat,IN,IN-10-0519,2008,-0.9378733095933725,1.1843842845889907,ssm_yield
wheat,IN,IN-10-0519,2009,-0.49004754875672407,1.4173844558575002,ssm_yield
wheat,IN,IN-10-0519,2010,-0.8970698391325724,1.043172059577773,ssm_yield
wheat,IN,IN-10-0519,2011,-0.5005010703676855,1.6812748013472134,ssm_yield
wheat,IN,IN-10-0519,2012,-0.5200928941929376,1.580661091026721,ssm_yield
wheat,IN,IN-10-0519,2013,-0.41770613617184943,1.4544526649229448,ssm_yield
wheat,IN,IN-10-0519,2014,-0.026127258847493708,0.978743981916405,ssm_yield
wheat,IN,IN-10-0519,2015,-0.6873094786830246,0.9734485234784841,ssm_yield
wheat,IN,IN-10-0519,2016,-1.7450470803180815,1.9910591199655725,ssm_yield
wheat,IN,IN-10-0519,2017,-1.2272802197589856,1.7483506082275415,ssm_yield
wheat,IN,IN-10-0536,2003,-1.0833171104826453,0.07939862387621133,ssm_yield
wheat,IN,IN-10-0536,2004,0.23454784617274446,0.46420193703177987,ssm_yield
wheat,IN,IN-10-0536,2005,0.14804995703580678,0.6724899689233264,ssm_yield
wheat,IN,IN-10-0536,2006,-0.020777629158521105,1.1614372980246679,ssm_yield
wheat,IN,IN-10-0536,2007,0.18938334862519138,0.8613613198758301,ssm_yield
wheat,IN,IN-10-0536,2008,-0.2604350002157332,1.154376686774107,ssm_yield
wheat,IN,IN-10-0536,2009,-0.2907237301274987,1.2849979949094836,ssm_yield
wheat,IN,IN-10-0536,2010,-0.4522439854932585,1.0325811427019318,ssm_yield
wheat,IN,IN-10-0536,2011,-0.2514271591221472,1.3282442388191689,ssm_yield
wheat,IN,IN-10-0536,2012,0.3267760054222875,1.8251347555773918,ssm_yield
wheat,IN,IN-10-0536,2013,0.5169207007070421,0.9540318425394418,ssm_yield
wheat,IN,IN-10-0536,2014,1.243670038493518,1.3467783433518912,ssm_yield
wheat,IN,IN-10-0536,2015,1.014550390765406,1.6795096485345735,ssm_yield
wheat,IN,IN-10-0536,2016,-0.5136502931531789,1.9663469805886098,ssm_yield
wheat,IN,IN-10-0536,2017,-0.25173020691537185,2.0457788571574196,ssm_yield
wheat,IN,IN-10-0537,2003,-1.410874706157087,0.7572173039300567,ssm_yield
wheat,IN,IN-10-0537,2004,1.0851877429147792,0.16589111169558213,ssm_yield
wheat,IN,IN-10-0537,2005,0.5950553344588758,0.9822742875416854,ssm_yield
wheat,IN,IN-10-0537,2006,0.06943811565865844,0.24797071748335245,ssm_yield
wheat,IN,IN-10-0537,2007,0.12132322874999193,0.5171565214109866,ssm_yield
wheat,IN,IN-10-0537,2008,-0.45651552793811806,0.7695733736185385,ssm_yield
wheat,IN,IN-10-0537,2009,-0.28709531404489114,1.0325811427019318,ssm_yield
wheat,IN,IN-10-0537,2010,-1.083207444074269,1.0970092203632997,ssm_yield
wheat,IN,IN-10-0537,2011,-0.005354374852446106,1.2929411825663646,ssm_yield
wheat,IN,IN-10-0537,2012,-0.22678375529006467,1.2408691745934777,ssm_yield
wheat,IN,IN-10-0537,2013,-0.21098357794578299,1.2435169038124383,ssm_yield
wheat,IN,IN-10-0537,2014,0.27959120892935085,1.1429031934919456,ssm_yield
wheat,IN,IN-10-0537,2015,-0.4284151235335691,1.3317745444444493,ssm_yield
wheat,IN,IN-10-0537,2016,-1.8227202905665392,1.5709527505571996,ssm_yield
wheat,IN,IN-10-0537,2017,-1.298156853174934,1.7677672891665843,ssm_yield
wheat,IN,IN-10-0538,2003,-1.8970513473316815,0.42978145718529537,ssm_yield
wheat,IN,IN-10-0538,2004,-0.8321484118534828,0.47391027750130116,ssm_yield
wheat,IN,IN-10-0538,2005,-0.7227189989996688,0.4033041649956922,ssm_yield
wheat,IN,IN-10-0538,2006,-1.0754046330401392,0.7792817140880598,ssm_yield
wheat,IN,IN-10-0538,2007,-0.15824188142969892,0.7113233308014113,ssm_yield
wheat,IN,IN-10-0538,2008,-0.5247636064120198,-0.06269617754132664,ssm_yield
wheat,IN,IN-10-0538,2009,-1.0690702224691058,0.2620919399844742,ssm_yield
wheat,IN,IN-10-0538,2010,-1.806044453371838,0.8560658614379093,ssm_yield
wheat,IN,IN-10-0538,2011,-0.8072727527949989,0.7236794004898927,ssm_yield
wheat,IN,IN-10-0538,2012,-0.5295963009121325,0.8728348131579915,ssm_yield
wheat,IN,IN-10-0538,2013,-0.5448807119722386,0.5524595776637911,ssm_yield
wheat,IN,IN-10-0538,2014,-0.2695464663375852,0.044095567623406835,ssm_yield
wheat,IN,IN-10-0538,2015,-0.27878581516477546,0.38565263686928997,ssm_yield
wheat,IN,IN-10-0538,2016,-1.3164543476589727,0.8357666040925466,ssm_yield
wheat,IN,IN-10-0538,2017,-1.0047524523853797,0.8551832850315892,ssm_yield
wheat,IN,IN-10-0539,2003,-1.3205312859870175,0.20648962638630747,ssm_yield
wheat,IN,IN-10-0539,2004,-0.3496233793074691,0.9143159042550368,ssm_yield
wheat,IN,IN-10-0539,2005,-0.38795730883995927,0.5418686607879497,ssm_yield
wheat,IN,IN-10-0539,2006,-1.1229845879281553,0.9637401830089627,ssm_yield
wheat,IN,IN-10-0539,2007,-0.7118531512192819,0.43595949202953627,ssm_yield
wheat,IN,IN-10-0539,2008,-1.1755763033067532,0.8587135906568697,ssm_yield
wheat,IN,IN-10-0539,2009,-1.1382283127034394,0.6336566070452414,ssm_yield
wheat,IN,IN-10-0539,2010,-2.192120679626526,1.3388351556950102,ssm_yield
wheat,IN,IN-10-0539,2011,-1.3526647528546234,1.1570244159930674,ssm_yield
wheat,IN,IN-10-0539,2012,-1.5678905207517264,1.2991192174106054,ssm_yield
wheat,IN,IN-10-0539,2013,-1.400004082072151,1.1199562069276225,ssm_yield
wheat,IN,IN-10-0539,2014,-1.6773892040306237,1.0343462955145717,ssm_yield
wheat,IN,IN-10-0539,2015,-1.2096294220252173,1.4924034503947097,ssm_yield
wheat,IN,IN-10-0539,2016,-2.2081924468923693,1.5259413538348736,ssm_yield
wheat,IN,IN-10-0539,2017,-2.178499524807413,1.861320388236516,ssm_yield
wheat,IN,IN-10-1020,2003,-1.3529440815023648,1.1773236733384298,ssm_yield
wheat,IN,IN-10-1020,2004,0.6112592363009897,0.8587135906568697,ssm_yield
wheat,IN,IN-10-1020,2005,0.197714381446887,0.8622438962821501,ssm_yield
wheat,IN,IN-10-1020,2006,-0.1962019112282071,0.6680770868917255,ssm_yield
wheat,IN,IN-10-1020,2007,-0.1827305882853643,0.9425583492572804,ssm_yield
wheat,IN,IN-10-1020,2008,-0.6405657392045355,1.1737933677131493,ssm_yield
wheat,IN,IN-10-1020,2009,-0.37857840378577123,1.4129715738258997,ssm_yield
wheat,IN,IN-10-1020,2010,-0.8503138446747506,1.713047551974738,ssm_yield
wheat,IN,IN-10-1020,2011,-0.27288633701804416,1.4456269008597438,ssm_yield
wheat,IN,IN-10-1020,2012,-0.29308022976764775,1.4191496086701403,ssm_yield
wheat,IN,IN-10-1020,2013,-0.2424636973206983,1.2788199600652428,ssm_yield
wheat,IN,IN-10-1020,2014,0.2717465506466038,1.1676153328689087,ssm_yield
wheat,IN,IN-10-1020,2015,-0.3875693195052639,1.0873008798937784,ssm_yield
wheat,IN,IN-10-1020,2016,-1.7047937058572353,1.5347671178980746,ssm_yield
wheat,IN,IN-10-1020,2017,-1.0458374264655466,1.7051043643178565,ssm_yield
wheat,IN,IN-10-2012,2008,0.0404583580428016,0.27268285686031557,ssm_yield
wheat,IN,IN-10-2012,2009,-0.5121006279577238,0.8904863412843937,ssm_yield
wheat,IN,IN-10-2012,2010,-1.250346560515221,0.16942141732086258,ssm_yield
wheat,IN,IN-10-2012,2011,-0.5599308547517928,1.0334637191082516,ssm_yield
wheat,IN,IN-10-2012,2012,0.1572117775272872,0.7607476095553372,ssm_yield
wheat,IN,IN-10-2012,2013,0.04949144455541337,1.4368011367965425,ssm_yield
wheat,IN,IN-10-2012,2014,0.9031607616263766,1.116425901302342,ssm_yield
wheat,IN,IN-10-2012,2015,0.5949009082019825,0.41654281109049396,ssm_yield
wheat,IN,IN-10-2012,2016,-0.587461648557628,1.3158881691306872,ssm_yield
wheat,IN,IN-10-2012,2017,-0.2582522803021359,0.978743981916405,ssm_yield
wheat,IN,IN-12-0189,2003,-0.37418701988215985,0.5259822854741875,ssm_yield
wheat,IN,IN-12-0189,2004,0.7882728949489585,0.3176942535826414,ssm_yield
wheat,IN,IN-12-0189,2005,0.1950490331921014,0.35123215702280547,ssm_yield
wheat,IN,IN-12-0189,2006,-0.009448587431739425,0.559520188914352,ssm_yield
wheat,IN,IN-12-0189,2007,-0.14469809023512684,0.5136262157857061,ssm_yield
wheat,IN,IN-12-0189,2008,-0.5989873880229302,0.5877626339165956,ssm_yield
wheat,IN,IN-12-0189,2009,-0.34704407152704386,0.6407172182958023,ssm_yield
wheat,IN,IN-12-0189,2010,-1.0124116848905724,0.6168876553251591,ssm_yield
wheat,IN,IN-12-0189,2011,-0.17886326205494027,1.0484675180156935,ssm_yield
wheat,IN,IN-12-0189,2012,-0.4905503902609261,0.9566795717584018,ssm_yield
wheat,IN,IN-12-0189,2013,-0.5926240631921826,1.0237553786387303,ssm_yield
wheat,IN,IN-12-0189,2014,-0.4535562551694066,-0.22067735427262644,ssm_yield
wheat,IN,IN-12-0189,2015,-0.6980340741324785,0.9266719739435182,ssm_yield
wheat,IN,IN-12-0189,2016,-1.5374514417509069,1.2814676892842032,ssm_yield
wheat,IN,IN-12-0189,2017,-1.1606910306116354,1.4023806569500583,ssm_yield
wheat,IN,IN-12-0190,2003,-0.4789821166219369,1.0246379550450508,ssm_yield
wheat,IN,IN-12-0190,2004,0.9164105494989956,0.876365118783272,ssm_yield
wheat,IN,IN-12-0190,2005,0.09870350573292183,0.9337325851940791,ssm_yield
wheat,IN,IN-12-0190,2006,0.03556217688512215,0.8225279579977451,ssm_yield
wheat,IN,IN-12-0190,2007,-0.15731262165156773,0.8728348131579915,ssm_yield
wheat,IN,IN-12-0190,2008,-0.6086200786884219,0.8595961670631898,ssm_yield
wheat,IN,IN-12-0190,2009,-0.2721190861250998,1.0025735448870476,ssm_yield
wheat,IN,IN-12-0190,2010,-0.931883460112978,0.9460886548825606,ssm_yield
wheat,IN,IN-12-0190,2011,-0.2264925754639646,1.408558691794299,ssm_yield
wheat,IN,IN-12-0190,2012,-0.5233207878973387,1.185266860995311,ssm_yield
wheat,IN,IN-12-0190,2013,-0.6364605105385022,1.2399865981871578,ssm_yield
wheat,IN,IN-12-0190,2014,-0.45709015628087646,0.44478525609273756,ssm_yield
wheat,IN,IN-12-0190,2015,-0.7749985471745731,1.1120130192707416,ssm_yield
wheat,IN,IN-12-0190,2016,-1.589949276161841,1.6468543215007294,ssm_yield
wheat,IN,IN-12-0190,2017,-1.2075788276182478,1.4826951099251884,ssm_yield
wheat,IN,IN-12-0191,2003,-0.5870503925379387,1.291176029753724,ssm_yield
wheat,IN,IN-12-0191,2004,1.4101595637294244,1.1587895688057075,ssm_yield
wheat,IN,IN-12-0191,2005,0.4788481257517228,1.1508463811488265,ssm_yield
wheat,IN,IN-12-0191,2006,0.16884448633162524,1.2496949386566791,ssm_yield
wheat,IN,IN-12-0191,2007,-0.21638090656630063,1.2338085633429168,ssm_yield
wheat,IN,IN-12-0191,2008,-0.720598245373899,1.1287819709908238,ssm_yield
wheat,IN,IN-12-0191,2009,-0.07093554869758771,1.2020358127153927,ssm_yield
wheat,IN,IN-12-0191,2010,-0.8191608742883151,1.5603618336813585,ssm_yield
wheat,IN,IN-12-0191,2011,-0.22119277048666997,1.740407420570661,ssm_yield
wheat,IN,IN-12-0191,2012,-0.3823940490311952,1.8895628332387595,ssm_yield
wheat,IN,IN-12-0191,2013,-0.45244232234805964,1.7536460666654625,ssm_yield
wheat,IN,IN-12-0191,2014,-0.17735645993935262,0.8101718883092635,ssm_yield
wheat,IN,IN-12-0191,2015,-0.7881255031655301,1.57360047977616,ssm_yield
wheat,IN,IN-12-0191,2016,-1.7008447632131427,1.816308991514191,ssm_yield
wheat,IN,IN-12-0191,2017,-1.235436659190406,1.818074144326831,ssm_yield
wheat,IN,IN-12-0192,2003,-0.6574837814486342,1.107600137239141,ssm_yield
wheat,IN,IN-12-0192,2004,1.314298932710744,1.0043386976996882,ssm_yield
wheat,IN,IN-12-0192,2005,0.34326879762702717,1.005221274106008,ssm_yield
wheat,IN,IN-12-0192,2006,-0.0931133054124884,1.2938237589726844,ssm_yield
wheat,IN,IN-12-0192,2007,-0.32271605875657383,1.1190736305213025,ssm_yield
wheat,IN,IN-12-0192,2008,-0.8265416015295453,1.4597481233608656,ssm_yield
wheat,IN,IN-12-0192,2009,-0.10621454838936126,1.2399865981871578,ssm_yield
wheat,IN,IN-12-0192,2010,-0.8198300173370554,1.4482746300787042,ssm_yield
wheat,IN,IN-12-0192,2011,-0.30386633844663125,1.6892179890040948,ssm_yield
wheat,IN,IN-12-0192,2012,-0.4141313963911097,1.8286650612026718,ssm_yield
wheat,IN,IN-12-0192,2013,-0.4770734193432033,1.602725501184724,ssm_yield
wheat,IN,IN-12-0192,2014,-0.1790246795396793,0.3759442963997686,ssm_yield
wheat,IN,IN-12-0192,2015,-0.8600917813337695,1.3785510939794152,ssm_yield
wheat,IN,IN-12-0192,2016,-1.854373886602411,1.7351119621327402,ssm_yield
wheat,IN,IN-12-0192,2017,-1.340476830025087,1.9734075918391707,ssm_yield
wheat,IN,IN-12-0193,2003,-0.6524272166281879,1.0864183034874584,ssm_yield
wheat,IN,IN-12-0193,2004,1.5245565316176444,0.9937477808238467,ssm_yield
wheat,IN,IN-12-0193,2005,0.4947849529378828,1.0625887405168153,ssm_yield
wheat,IN,IN-12-0193,2006,0.1397020286004426,1.4994640616452701,ssm_yield
wheat,IN,IN-12-0193,2007,-0.22150041479251065,1.1358425822413847,ssm_yield
wheat,IN,IN-12-0193,2008,-0.7567240953795025,1.5144678605527124,ssm_yield
wheat,IN,IN-12-0193,2009,-0.06485707683132536,1.0722970809863366,ssm_yield
wheat,IN,IN-12-0193,2010,-0.8799168875817189,1.6362634046248876,ssm_yield
wheat,IN,IN-12-0193,2011,-0.22499941831616402,1.6406762866564881,ssm_yield
wheat,IN,IN-12-0193,2012,-0.36293911696209685,1.8286650612026718,ssm_yield
wheat,IN,IN-12-0193,2013,-0.3883800998412234,1.5930171607152026,ssm_yield
wheat,IN,IN-12-0193,2014,-0.16961917228030826,0.838414333311507,ssm_yield
wheat,IN,IN-12-0193,2015,-0.8346078884137196,1.1517289575551466,ssm_yield
wheat,IN,IN-12-0193,2016,-1.7825127146774857,1.6406762866564881,ssm_yield
wheat,IN,IN-12-0193,2017,-1.3512977680278353,1.5241762010222337,ssm_yield
wheat,IN,IN-12-0194,2003,-0.7242205735563786,0.8701870839390311,ssm_yield
wheat,IN,IN-12-0194,2004,1.1692582100655704,0.5189216742236266,ssm_yield
wheat,IN,IN-12-0194,2005,0.16219960572252526,0.631891454232601,ssm_yield
wheat,IN,IN-12-0194,2006,-0.243313609269017,0.48714892359610296,ssm_yield
wheat,IN,IN-12-0194,2007,-0.43841163845073716,0.8119370411219038,ssm_yield
wheat,IN,IN-12-0194,2008,-0.9311595176211551,0.9557969953520818,ssm_yield
wheat,IN,IN-12-0194,2009,-0.18960848292715543,0.7854597489323003,ssm_yield
wheat,IN,IN-12-0194,2010,-0.8700377802311622,1.0925963383316992,ssm_yield
wheat,IN,IN-12-0194,2011,-0.4010294529911315,1.2849979949094836,ssm_yield
wheat,IN,IN-12-0194,2012,-0.4650045019112202,1.130547123803464,ssm_yield
wheat,IN,IN-12-0194,2013,-0.5196511243355806,1.1437857698982656,ssm_yield
wheat,IN,IN-12-0194,2014,-0.19529427842521818,0.12617517341117718,ssm_yield
wheat,IN,IN-12-0194,2015,-0.895938240093674,0.8587135906568697,ssm_yield
wheat,IN,IN-12-0194,2016,-1.9863217302807636,1.4782822278935879,ssm_yield
wheat,IN,IN-12-0194,2017,-1.4721025690035594,1.7607066779160234,ssm_yield
wheat,IN,IN-12-0195,2003,-0.9109625681153448,0.8816605772211924,ssm_yield
wheat,IN,IN-12-0195,2004,1.0362716097588516,0.7201490948646122,ssm_yield
wheat,IN,IN-12-0195,2005,0.09265407271293417,0.876365118783272,ssm_yield
wheat,IN,IN-12-0195,2006,-0.3163600149031586,0.449198138124338,ssm_yield
wheat,IN,IN-12-0195,2007,-0.48327167407084254,1.194092625058512,ssm_yield
wheat,IN,IN-12-0195,2008,-0.9407384920436114,1.3379525792886904,ssm_yield
wheat,IN,IN-12-0195,2009,-0.4046007505658776,0.8128196175282238,ssm_yield
wheat,IN,IN-12-0195,2010,-1.0281014562159925,1.2744070780336423,ssm_yield
wheat,IN,IN-12-0195,2011,-0.4893196075388208,1.2205699172481155,ssm_yield
wheat,IN,IN-12-0195,2012,-0.5840729203180945,1.2373388689681972,ssm_yield
wheat,IN,IN-12-0195,2013,-0.5515943737883651,1.042289483171453,ssm_yield
wheat,IN,IN-12-0195,2014,-0.251874630835116,-0.1809614159882215,ssm_yield
wheat,IN,IN-12-0195,2015,-0.9183554859378179,1.013164461762889,ssm_yield
wheat,IN,IN-12-0195,2016,-1.9602886593680935,1.5877217022772818,ssm_yield
wheat,IN,IN-12-0195,2017,-1.529736346992432,1.067884198954736,ssm_yield
wheat,IN,IN-12-0196,2003,-0.9489295443543515,0.8401794861241474,ssm_yield
wheat,IN,IN-12-0196,2004,0.6092604412216006,0.8198802287787847,ssm_yield
wheat,IN,IN-12-0196,2005,-0.08723563896851622,0.8913689176907137,ssm_yield
wheat,IN,IN-12-0196,2006,-0.4047083226572677,0.39977385937041177,ssm_yield
wheat,IN,IN-12-0196,2007,-0.5804677476126269,0.7475089634605357,ssm_yield
wheat,IN,IN-12-0196,2008,-0.970636414185386,0.871069660345351,ssm_yield
wheat,IN,IN-12-0196,2009,-0.4753773130302992,0.773103679243819,ssm_yield
wheat,IN,IN-12-0196,2010,-0.9321920359535127,1.2338085633429168,ssm_yield
wheat,IN,IN-12-0196,2011,-0.5034968157768025,1.4606306997671856,ssm_yield
wheat,IN,IN-12-0196,2012,-0.5505079765466335,1.3679601771035739,ssm_yield
wheat,IN,IN-12-0196,2013,-0.4768315871084778,1.2364562925618774,ssm_yield
wheat,IN,IN-12-0196,2014,-0.12430540932262246,0.09351984637733311,ssm_yield
wheat,IN,IN-12-0196,2015,-0.7983557466475245,0.8128196175282238,ssm_yield
wheat,IN,IN-12-0196,2016,-1.857548356953766,1.5665398685255991,ssm_yield
wheat,IN,IN-12-0196,2017,-1.351489101380211,1.5285890830538342,ssm_yield
wheat,IN,IN-12-0197,2003,-0.7219207219424344,0.6892589206434081,ssm_yield
wheat,IN,IN-12-0197,2004,0.5805358007810021,0.3406412401469641,ssm_yield
wheat,IN,IN-12-0197,2005,-0.15628176617596257,0.803993853465023,ssm_yield
wheat,IN,IN-12-0197,2006,-0.4394453524565038,0.5895277867292356,ssm_yield
wheat,IN,IN-12-0197,2007,-0.6179512392187508,0.7404483522099748,ssm_yield
wheat,IN,IN-12-0197,2008,-0.9629236685499872,0.9240242447245578,ssm_yield
wheat,IN,IN-12-0197,2009,-0.40934632438188495,0.8419446389367875,ssm_yield
wheat,IN,IN-12-0197,2010,-0.7783415869484127,1.042289483171453,ssm_yield
wheat,IN,IN-12-0197,2011,-0.5117308750159544,1.25675554990724,ssm_yield
wheat,IN,IN-12-0197,2012,-0.5190647008801577,1.1402554642729852,ssm_yield
wheat,IN,IN-12-0197,2013,-0.5192655902737209,1.3088275578801263,ssm_yield
wheat,IN,IN-12-0197,2014,-0.19396708094778484,0.022913733871724143,ssm_yield
wheat,IN,IN-12-0197,2015,-0.7563189133272754,0.9063727165981555,ssm_yield
wheat,IN,IN-12-0197,2016,-1.8280183761273974,1.5091724021147914,ssm_yield
wheat,IN,IN-12-0197,2017,-1.3255364786999015,1.8648506938617968,ssm_yield
wheat,IN,IN-12-0198,2003,-0.7100704963873534,0.7060278723634904,ssm_yield
wheat,IN,IN-12-0198,2004,0.9457019065410688,0.18883809825990522,ssm_yield
wheat,IN,IN-12-0198,2005,0.017347673065290916,0.4059518942146526,ssm_yield
wheat,IN,IN-12-0198,2006,-0.31015444321222835,0.46684966625074026,ssm_yield
wheat,IN,IN-12-0198,2007,-0.5126970896051589,0.448315561718018,ssm_yield
wheat,IN,IN-12-0198,2008,-0.9632426514052576,0.7872249017449408,ssm_yield
wheat,IN,IN-12-0198,2009,-0.2819371476277958,0.6451301003274027,ssm_yield
wheat,IN,IN-12-0198,2010,-0.8607052998502015,0.8242931108103853,ssm_yield
wheat,IN,IN-12-0198,2011,-0.4821299841636495,1.0643538933294556,ssm_yield
wheat,IN,IN-12-0198,2012,-0.4850122965650305,0.9663879122279232,ssm_yield
wheat,IN,IN-12-0198,2013,-0.590811878780568,1.1570244159930674,ssm_yield
wheat,IN,IN-12-0198,2014,-0.22377993208518673,-0.28687058474663496,ssm_yield
wheat,IN,IN-12-0198,2015,-0.9031883955485718,0.5259822854741875,ssm_yield
wheat,IN,IN-12-0198,2016,-2.003334202686359,1.3909071636678967,ssm_yield
wheat,IN,IN-12-0198,2017,-1.58038931086402,1.4156193030448598,ssm_yield
wheat,IN,IN-12-0199,2003,-0.4227983177580628,0.4041867414020122,ssm_yield
wheat,IN,IN-12-0199,2004,0.4779814004344004,0.13323578466173808,ssm_yield
wheat,IN,IN-12-0199,2005,0.01727819144988286,0.20648962638630747,ssm_yield
wheat,IN,IN-12-0199,2006,-0.2621943549443015,0.4756754303139412,ssm_yield
wheat,IN,IN-12-0199,2007,-0.4322421827083315,0.45978905500017936,ssm_yield
wheat,IN,IN-12-0199,2008,-0.6629587385213057,0.5957058215734764,ssm_yield
wheat,IN,IN-12-0199,2009,-0.25581238190928235,0.42801630437265537,ssm_yield
wheat,IN,IN-12-0199,2010,-0.7993371495363076,0.5312777439121084,ssm_yield
wheat,IN,IN-12-0199,2011,-0.41131505903835414,0.8428272153431074,ssm_yield
wheat,IN,IN-12-0199,2012,-0.5298157272610051,0.8993121053475946,ssm_yield
wheat,IN,IN-12-0199,2013,-0.5978729479462,0.7466263870542154,ssm_yield
wheat,IN,IN-12-0199,2014,-0.33463542049903555,-0.3945449063176884,ssm_yield
wheat,IN,IN-12-0199,2015,-0.71781437666194,0.551577001257471,ssm_yield
wheat,IN,IN-12-0199,2016,-1.7373306936125248,1.1923274722458719,ssm_yield
wheat,IN,IN-12-0199,2017,-1.3862502789143047,1.2055661183406732,ssm_yield
wheat,IN,IN-12-0200,2003,-0.5150727821775845,0.561285341726992,ssm_yield
wheat,IN,IN-12-0200,2004,0.8121085509852887,0.16942141732086258,ssm_yield
wheat,IN,IN-12-0200,2005,0.11706826650944599,0.36358822671128727,ssm_yield
wheat,IN,IN-12-0200,2006,-0.23679047135522985,0.6177702317314792,ssm_yield
wheat,IN,IN-12-0200,2007,-0.4191350399582142,0.48008831234554206,ssm_yield
wheat,IN,IN-12-0200,2008,-0.7639325730979261,0.7872249017449408,ssm_yield
wheat,IN,IN-12-0200,2009,-0.17629614153759185,1.0264031078576907,ssm_yield
wheat,IN,IN-12-0200,2010,-0.7565407187622208,0.9619750301963227,ssm_yield
wheat,IN,IN-12-0200,2011,-0.37344856414792416,1.115543324896022,ssm_yield
wheat,IN,IN-12-0200,2012,-0.4644712600842861,-0.06534390676028708,ssm_yield
wheat,IN,IN-12-0200,2013,-0.5743823718043528,1.1826191317763506,ssm_yield
wheat,IN,IN-12-0200,2014,-0.24378828804618874,-0.176548533956621,ssm_yield
wheat,IN,IN-12-0200,2015,-0.7933905355394049,0.46420193703177987,ssm_yield
wheat,IN,IN-12-0200,2016,-1.8225730816557801,1.0625887405168153,ssm_yield
wheat,IN,IN-12-0200,2017,-1.4288904386058463,1.224100222873396,ssm_yield
wheat,IN,IN-12-0201,2003,-0.3726908537665388,0.7616301859616575,ssm_yield
wheat,IN,IN-12-0201,2004,1.0267512680909716,0.2373798006075111,ssm_yield
wheat,IN,IN-12-0201,2005,0.3288301360962662,0.43860722124849666,ssm_yield
wheat,IN,IN-12-0201,2006,0.06241924868355717,0.6398346418894819,ssm_yield
wheat,IN,IN-12-0201,2007,-0.19325722179692995,0.560402765320672,ssm_yield
wheat,IN,IN-12-0201,2008,-0.561507046515361,0.8163499231535043,ssm_yield
wheat,IN,IN-12-0201,2009,-0.004807010455349793,0.6115921968872386,ssm_yield
wheat,IN,IN-12-0201,2010,-0.7325589965851859,0.7227968240835726,ssm_yield
wheat,IN,IN-12-0201,2011,-0.15636865123955515,0.7095581779887709,ssm_yield
wheat,IN,IN-12-0201,2012,-0.39747222870731447,0.6716073925170059,ssm_yield
wheat,IN,IN-12-0201,2013,-0.5789258180617649,0.8181150759661447,ssm_yield
wheat,IN,IN-12-0201,2014,-0.2638100729278538,-0.6125412786787561,ssm_yield
wheat,IN,IN-12-0201,2015,-0.7803547940483856,0.6874937678307681,ssm_yield
wheat,IN,IN-12-0201,2016,-1.7955647628292886,1.0661190461420957,ssm_yield
wheat,IN,IN-12-0201,2017,-1.2655404273782827,1.2320434105302769,ssm_yield
wheat,IN,IN-12-0202,2003,-0.5030790909687977,0.7934029365891816,ssm_yield
wheat,IN,IN-12-0202,2004,0.36279253257667216,0.6998498375192495,ssm_yield
wheat,IN,IN-12-0202,2005,-0.1653708020372783,1.0634713169231353,ssm_yield
wheat,IN,IN-12-0202,2006,-0.38548119899080285,1.01757734379449,ssm_yield
wheat,IN,IN-12-0202,2007,-0.5465152202332774,1.154376686774107,ssm_yield
wheat,IN,IN-12-0202,2008,-0.7683796613532493,1.146433499117226,ssm_yield
wheat,IN,IN-12-0202,2009,-0.4070008855768755,1.1252516653655433,ssm_yield
wheat,IN,IN-12-0202,2010,-0.8190574952811122,1.1393728878666651,ssm_yield
wheat,IN,IN-12-0202,2011,-0.5433797665454124,1.3732556355414949,ssm_yield
wheat,IN,IN-12-0202,2012,-0.6028224699681576,1.1526115339614669,ssm_yield
wheat,IN,IN-12-0202,2013,-0.6305988733299394,1.1976229306837924,ssm_yield
wheat,IN,IN-12-0202,2014,-0.43721291192438827,-0.2824577027150343,ssm_yield
wheat,IN,IN-12-0202,2015,-0.7236388973521032,1.0625887405168153,ssm_yield
wheat,IN,IN-12-0202,2016,-1.868164589242866,1.6777444957219334,ssm_yield
wheat,IN,IN-12-0202,2017,-1.3463983484513162,1.4924034503947097,ssm_yield
wheat,IN,IN-12-0203,2003,-0.3771614460946067,0.6707248161106859,ssm_yield
wheat,IN,IN-12-0203,2004,0.180962402009885,0.6998498375192495,ssm_yield
wheat,IN,IN-12-0203,2005,-0.10813922770348249,0.8701870839390311,ssm_yield
wheat,IN,IN-12-0203,2006,-0.3383919041888623,0.9107855986297564,ssm_yield
wheat,IN,IN-12-0203,2007,-0.43654979064884447,1.2267479520923559,ssm_yield
wheat,IN,IN-12-0203,2008,-0.6049199823290171,1.1746759441194696,ssm_yield
wheat,IN,IN-12-0203,2009,-0.34330809658795625,0.949618960507841,ssm_yield
wheat,IN,IN-12-0203,2010,-0.7387259024757581,1.3105927106927668,ssm_yield
wheat,IN,IN-12-0203,2011,-0.49953056388154243,1.3988503513247779,ssm_yield
wheat,IN,IN-12-0203,2012,-0.5757487177015167,0.7836945961196603,ssm_yield
wheat,IN,IN-12-0203,2013,-0.5466335161384739,1.1967403542774724,ssm_yield
wheat,IN,IN-12-0203,2014,-0.43718843620349546,0.2294366129506302,ssm_yield
wheat,IN,IN-12-0203,2015,-0.6300142369510796,1.3873768580426162,ssm_yield
wheat,IN,IN-12-0203,2016,-1.7096800273936754,1.6724490372840126,ssm_yield
wheat,IN,IN-12-0203,2017,-1.133937648755784,1.7051043643178565,ssm_yield
wheat,IN,IN-12-0204,2003,-0.4255374968269595,1.0537629764536143,ssm_yield
wheat,IN,IN-12-0204,2004,0.33236274328408755,0.5965883979797965,ssm_yield
wheat,IN,IN-12-0204,2005,-0.011629175347147375,0.6504255587653233,ssm_yield
wheat,IN,IN-12-0204,2006,-0.29861701212922076,0.8128196175282238,ssm_yield
wheat,IN,IN-12-0204,2007,-0.39709568749497776,0.9469712312888809,ssm_yield
wheat,IN,IN-12-0204,2008,-0.6330074848031717,1.0272856842640108,ssm_yield
wheat,IN,IN-12-0204,2009,-0.28374602051008063,0.8507704029999887,ssm_yield
wheat,IN,IN-12-0204,2010,-0.8348071645932185,0.9760962526974445,ssm_yield
wheat,IN,IN-12-0204,2011,-0.39373033624121306,1.0590584348915348,ssm_yield
wheat,IN,IN-12-0204,2012,-0.5562316157192192,1.0299334134829712,ssm_yield
wheat,IN,IN-12-0204,2013,-0.6333064603631993,1.010516732543929,ssm_yield
wheat,IN,IN-12-0204,2014,-0.4040691808745252,-0.45456010194745605,ssm_yield
wheat,IN,IN-12-0204,2015,-0.7274463898262289,0.9866871695732858,ssm_yield
wheat,IN,IN-12-0204,2016,-1.720461056368784,1.4253276435143811,ssm_yield
wheat,IN,IN-12-0204,2017,-1.3728091211209348,1.502994367270551,ssm_yield
wheat,IN,IN-12-0205,2003,0.0076142155182182475,0.40065643577673177,ssm_yield
wheat,IN,IN-12-0205,2004,0.8901793963272598,0.3168116771763214,ssm_yield
wheat,IN,IN-12-0205,2005,0.3956790727674654,0.38477006046296996,ssm_yield
wheat,IN,IN-12-0205,2006,0.25888960082421897,0.5709936821965134,ssm_yield
wheat,IN,IN-12-0205,2007,0.18452969360799287,0.5480466956321906,ssm_yield
wheat,IN,IN-12-0205,2008,-0.185311329438887,0.6045315856366777,ssm_yield
wheat,IN,IN-12-0205,2009,0.16185711367441424,0.49509211125298386,ssm_yield
wheat,IN,IN-12-0205,2010,-0.5535753679646765,0.6566035936095641,ssm_yield
wheat,IN,IN-12-0205,2011,0.13744271627464352,0.7934029365891816,ssm_yield
wheat,IN,IN-12-0205,2012,-0.10131782726519617,1.6106686888416044,ssm_yield
wheat,IN,IN-12-0205,2013,-0.22882267205651532,0.8816605772211924,ssm_yield
wheat,IN,IN-12-0205,2014,-0.06189321423794593,0.35123215702280547,ssm_yield
wheat,IN,IN-12-0205,2015,-0.2916496848670521,0.7016149903318899,ssm_yield
wheat,IN,IN-12-0205,2016,-1.4598391217156466,1.0166947673881694,ssm_yield
wheat,IN,IN-12-0205,2017,-0.866179131702377,1.1605547216183478,ssm_yield
wheat,IN,IN-12-0206,2003,-0.6348233833650064,0.8790128480022323,ssm_yield
wheat,IN,IN-12-0206,2004,0.503750086306064,0.5418686607879497,ssm_yield
wheat,IN,IN-12-0206,2005,-0.18529437261607784,0.726327129708853,ssm_yield
wheat,IN,IN-12-0206,2006,-0.4056129313173249,0.8437097917494278,ssm_yield
wheat,IN,IN-12-0206,2007,-0.5878660925447081,0.7625127623679776,ssm_yield
wheat,IN,IN-12-0206,2008,-0.9375918256534921,0.9981606628554472,ssm_yield
wheat,IN,IN-12-0206,2009,-0.4386196708004828,1.01845992020081,ssm_yield
wheat,IN,IN-12-0206,2010,-0.7643565228454684,1.1340774294287443,ssm_yield
wheat,IN,IN-12-0206,2011,-0.5433136586356604,1.3123578635054067,ssm_yield
wheat,IN,IN-12-0206,2012,-0.54139048310237,1.155259263180427,ssm_yield
wheat,IN,IN-12-0206,2013,-0.529221131207517,1.0396417539524927,ssm_yield
wheat,IN,IN-12-0206,2014,-0.26487453805065236,0.030856921528605055,ssm_yield
wheat,IN,IN-12-0206,2015,-0.701231513909975,0.7642779151806176,ssm_yield
wheat,IN,IN-12-0206,2016,-1.8300200255066932,1.4262102199207012,ssm_yield
wheat,IN,IN-12-0206,2017,-1.3005677316001094,1.9354568063674058,ssm_yield
wheat,IN,IN-12-0207,2003,-0.8026896415305765,0.7227968240835726,ssm_yield
wheat,IN,IN-12-0207,2004,0.4836071839595886,0.45978905500017936,ssm_yield
wheat,IN,IN-12-0207,2005,-0.1921343310160168,0.655721017203244,ssm_yield
wheat,IN,IN-12-0207,2006,-0.4614823210736085,0.8578310142505496,ssm_yield
wheat,IN,IN-12-0207,2007,-0.6426689303562311,0.4130125054652135,ssm_yield
wheat,IN,IN-12-0207,2008,-0.9802536400453398,1.1261342417718634,ssm_yield
wheat,IN,IN-12-0207,2009,-0.4472957092308412,0.5356906259437089,ssm_yield
wheat,IN,IN-12-0207,2010,-0.8014409859557495,1.0625887405168153,ssm_yield
wheat,IN,IN-12-0207,2011,-0.5793864619836654,1.2594032791262004,ssm_yield
wheat,IN,IN-12-0207,2012,-0.5207483885091119,1.4191496086701403,ssm_yield
wheat,IN,IN-12-0207,2013,-0.46767520150338854,1.2611684319388405,ssm_yield
wheat,IN,IN-12-0207,2014,-0.11894267002228423,-0.5286965200783454,ssm_yield
wheat,IN,IN-12-0207,2015,-0.6964831820867933,0.9010772581602351,ssm_yield
wheat,IN,IN-12-0207,2016,-1.6823439873539239,1.6194944529048054,ssm_yield
wheat,IN,IN-12-0207,2017,-1.2277768492774863,1.2788199600652428,ssm_yield
wheat,IN,IN-12-0209,2003,-0.4296827878178802,0.2832737737361569,ssm_yield
wheat,IN,IN-12-0209,2004,-0.030774000031702328,0.07675089465725089,ssm_yield
wheat,IN,IN-12-0209,2005,-0.3686358293086703,-0.1333022900469356,ssm_yield
wheat,IN,IN-12-0209,2006,-0.5055882217955698,0.16942141732086258,ssm_yield
wheat,IN,IN-12-0209,2007,-0.633183676790149,0.2515010231086329,ssm_yield
wheat,IN,IN-12-0209,2008,-0.8556932915095193,0.5392209315689893,ssm_yield
wheat,IN,IN-12-0209,2009,-0.5298577514591387,0.38035717843136946,ssm_yield
wheat,IN,IN-12-0209,2010,-0.6874461721497755,0.8560658614379093,ssm_yield
wheat,IN,IN-12-0209,2011,-0.8182826323786005,0.8560658614379093,ssm_yield
wheat,IN,IN-12-0209,2012,-0.41894349388090385,0.8640090490947901,ssm_yield
wheat,IN,IN-12-0209,2013,-0.4358173810651503,0.980509134729045,ssm_yield
wheat,IN,IN-12-0209,2014,-0.09871687585434506,-0.3054046892793572,ssm_yield
wheat,IN,IN-12-0209,2015,-0.49133058074363,0.15883050044502123,ssm_yield
wheat,IN,IN-12-0209,2016,-1.1712809599840657,1.0502326708283338,ssm_yield
wheat,IN,IN-12-0209,2017,-0.7948643019471329,1.0334637191082516,ssm_yield
wheat,IN,IN-12-0210,2003,-0.0474404718072897,0.19236840388518567,ssm_yield
wheat,IN,IN-12-0210,2004,0.4529765794460501,-0.4501472199158556,ssm_yield
wheat,IN,IN-12-0210,2005,-0.09956978593998797,-0.32129106459311924,ssm_yield
wheat,IN,IN-12-0210,2006,-0.276172344849577,0.023796310278044155,ssm_yield
wheat,IN,IN-12-0210,2007,-0.29968819715600653,-0.07593482363612843,ssm_yield
wheat,IN,IN-12-0210,2008,-0.49633386251165745,0.14735700716285985,ssm_yield
wheat,IN,IN-12-0210,2009,-0.26547935297101866,-0.1394803248911765,ssm_yield
wheat,IN,IN-12-0210,2010,-0.5215822455791567,0.12705774981749718,ssm_yield
wheat,IN,IN-12-0210,2011,-0.7350670142608077,0.28503892654879737,ssm_yield
wheat,IN,IN-12-0210,2012,-0.08034843321459642,0.1650085352892621,ssm_yield
wheat,IN,IN-12-0210,2013,-0.11269223100989736,0.11558425653533583,ssm_yield
wheat,IN,IN-12-0210,2014,0.3392869521917527,-0.8305376510398235,ssm_yield
wheat,IN,IN-12-0210,2015,-0.11766974802823219,-0.34688578037640255,ssm_yield
wheat,IN,IN-12-0210,2016,-1.0127033567358752,0.6115921968872386,ssm_yield
wheat,IN,IN-12-0210,2017,-0.4021743206464991,1.2849979949094836,ssm_yield
wheat,IN,IN-12-0211,2003,-1.080275480391562,0.28592150295511737,ssm_yield
wheat,IN,IN-12-0211,2004,-0.19159058426452352,-0.022980239256921692,ssm_yield
wheat,IN,IN-12-0211,2005,-0.4898410298401448,-0.1315371372342952,ssm_yield
wheat,IN,IN-12-0211,2006,-0.6598340324252253,0.0564516373118886,ssm_yield
wheat,IN,IN-12-0211,2007,-0.7823083448977218,-0.32835167584368014,ssm_yield
wheat,IN,IN-12-0211,2008,-1.0499867368753506,0.3600579210860068,ssm_yield
wheat,IN,IN-12-0211,2009,-0.6314199022678303,0.18883809825990522,ssm_yield
wheat,IN,IN-12-0211,2010,-0.7447776503890794,0.39271324811985087,ssm_yield
wheat,IN,IN-12-0211,2011,-0.8543403792217429,0.728092282521493,ssm_yield
wheat,IN,IN-12-0211,2012,-0.531153705792504,0.42272084593473447,ssm_yield
wheat,IN,IN-12-0211,2013,-0.3925639765996921,-0.6796170855590845,ssm_yield
wheat,IN,IN-12-0211,2014,0.05490794308169416,-0.9894014041774436,ssm_yield
wheat,IN,IN-12-0211,2015,-0.36181085707182636,-0.1668401934870997,ssm_yield
wheat,IN,IN-12-0211,2016,-1.0989431581763953,0.6760202745486068,ssm_yield
wheat,IN,IN-12-0211,2017,-0.93080532654988,0.2894518085803978,ssm_yield
wheat,IN,IN-12-0212,2003,-0.7055199461745275,-0.25156752849383046,ssm_yield
wheat,IN,IN-12-0212,2004,0.4821688768471883,-0.2753970914644734,ssm_yield
wheat,IN,IN-12-0212,2005,-0.001204002775625878,-0.6010677853965944,ssm_yield
wheat,IN,IN-12-0212,2006,-0.11741627325924446,-0.3945449063176884,ssm_yield
wheat,IN,IN-12-0212,2007,-0.28805303053533077,-0.6557875225884414,ssm_yield
wheat,IN,IN-12-0212,2008,-0.48215659672788896,-0.1377151720785361,ssm_yield
wheat,IN,IN-12-0212,2009,-0.07118153053246375,0.06086451934348906,ssm_yield
wheat,IN,IN-12-0212,2010,-0.057633186555150484,0.047625873248687285,ssm_yield
wheat,IN,IN-12-0212,2011,-0.23058062264504509,0.3026904546751996,ssm_yield
wheat,IN,IN-12-0212,2012,0.2567238654406569,0.3318154760837632,ssm_yield
wheat,IN,IN-12-0212,2013,0.43525069188900484,-0.1915523328640628,ssm_yield
wheat,IN,IN-12-0212,2014,1.1888176606043717,-0.1615447350491792,ssm_yield
wheat,IN,IN-12-0212,2015,0.542377442652984,-0.5004540750761018,ssm_yield
wheat,IN,IN-12-0212,2016,-0.40211415895084884,0.6707248161106859,ssm_yield
wheat,IN,IN-12-0212,2017,-0.03957500299886887,0.419190540309454,ssm_yield
wheat,IN,IN-12-0213,2003,-0.9203490725993573,0.5983535507924369,ssm_yield
wheat,IN,IN-12-0213,2004,0.011973210896349623,0.7713385264311785,ssm_yield
wheat,IN,IN-12-0213,2005,-0.35208647874576154,0.6777854273612468,ssm_yield
wheat,IN,IN-12-0213,2006,-0.5893860581310906,0.4544935965622585,ssm_yield
wheat,IN,IN-12-0213,2007,-0.7470450085505731,-0.4660335952296176,ssm_yield
wheat,IN,IN-12-0213,2008,-1.073221056721342,0.7254445533025327,ssm_yield
wheat,IN,IN-12-0213,2009,-0.5720142393970731,0.40153901218305177,ssm_yield
wheat,IN,IN-12-0213,2010,-0.7933843441510471,0.7872249017449408,ssm_yield
wheat,IN,IN-12-0213,2011,-0.8166652911009625,0.9328500087877591,ssm_yield
wheat,IN,IN-12-0213,2012,-0.5478823073982559,0.8004635478397425,ssm_yield
wheat,IN,IN-12-0213,2013,-0.45485151844139415,0.5957058215734764,ssm_yield
wheat,IN,IN-12-0213,2014,-0.09337105079473682,-0.8614278252610275,ssm_yield
wheat,IN,IN-12-0213,2015,-0.5272383390860611,-0.37512822537864615,ssm_yield
wheat,IN,IN-12-0213,2016,-1.3718808060637122,1.2452820566250786,ssm_yield
wheat,IN,IN-12-0213,2017,-1.0682489653734466,1.1640850272436283,ssm_yield
wheat,IN,IN-12-0214,2003,-0.7281489758300554,0.007027358557962318,ssm_yield
wheat,IN,IN-12-0214,2004,-0.14399310205703814,-0.5039843807013823,ssm_yield
wheat,IN,IN-12-0214,2005,-0.3924556841631313,-0.006211287536839463,ssm_yield
wheat,IN,IN-12-0214,2006,-0.5679207915192296,-0.23038569474214776,ssm_yield
wheat,IN,IN-12-0214,2007,-0.7094678699041457,-0.3318819814689606,ssm_yield
wheat,IN,IN-12-0214,2008,-0.9672889178106859,0.14735700716285985,ssm_yield
wheat,IN,IN-12-0214,2009,-0.5740160470943462,0.19148582747886528,ssm_yield
wheat,IN,IN-12-0214,2010,-0.7044526630364094,0.3176942535826414,ssm_yield
wheat,IN,IN-12-0214,2011,-0.8321229766192637,0.5436338136005897,ssm_yield
wheat,IN,IN-12-0214,2012,-0.4590744928735323,0.47920573593922167,ssm_yield
wheat,IN,IN-12-0214,2013,-0.38523939991156586,0.3335806288964032,ssm_yield
wheat,IN,IN-12-0214,2014,-0.003961458809666206,-0.6946208844665264,ssm_yield
wheat,IN,IN-12-0214,2015,-0.3886849092204032,-0.4880980053876203,ssm_yield
wheat,IN,IN-12-0214,2016,-1.0700938629260026,0.6451301003274027,ssm_yield
wheat,IN,IN-12-0214,2017,-0.8271862288882902,0.728092282521493,ssm_yield
wheat,IN,IN-12-0215,2003,-0.5096490925296238,-0.43955630304001425,ssm_yield
wheat,IN,IN-12-0215,2004,-0.25042693669454413,-0.6619655574326824,ssm_yield
wheat,IN,IN-12-0215,2005,-0.5252555469646053,-0.7890565599427782,ssm_yield
wheat,IN,IN-12-0215,2006,-0.6124460427352227,-0.7413974340014923,ssm_yield
wheat,IN,IN-12-0215,2007,-0.7661913546263477,-0.8367156858840643,ssm_yield
wheat,IN,IN-12-0215,2008,-1.0015798850933293,-0.4280828097578527,ssm_yield
wheat,IN,IN-12-0215,2009,-0.6508998232325166,-0.5542912358616287,ssm_yield
wheat,IN,IN-12-0215,2010,-0.782895119505612,-0.4422040322589745,ssm_yield
wheat,IN,IN-12-0215,2011,-0.957856523322314,-0.1809614159882215,ssm_yield
wheat,IN,IN-12-0215,2012,-0.5161173742390777,-0.06534390676028708,ssm_yield
wheat,IN,IN-12-0215,2013,-0.48686086823174035,-0.3565941208459237,ssm_yield
wheat,IN,IN-12-0215,2014,-0.10614799765809377,-1.231227339509154,ssm_yield
wheat,IN,IN-12-0215,2015,-0.467834115708915,-0.9752801816763218,ssm_yield
wheat,IN,IN-12-0215,2016,-1.1227331480174436,0.035269803560205905,ssm_yield
wheat,IN,IN-12-0215,2017,-0.8618648584411454,-0.01503705160004078,ssm_yield
wheat,IN,IN-12-0216,2003,0.09919695569965391,0.2603267871718342,ssm_yield
wheat,IN,IN-12-0216,2004,0.655668982596279,-0.3565941208459237,ssm_yield
wheat,IN,IN-12-0216,2005,0.06294874013305103,-0.1403629012974965,ssm_yield
wheat,IN,IN-12-0216,2006,-0.25454652610069334,0.2011941679483866,ssm_yield
wheat,IN,IN-12-0216,2007,-0.11280085723327991,0.2082547791989475,ssm_yield
wheat,IN,IN-12-0216,2008,-0.256628302193049,0.45714132578121897,ssm_yield
wheat,IN,IN-12-0216,2009,-0.15767958800774556,0.18177748700934435,ssm_yield
wheat,IN,IN-12-0216,2010,-0.5207331000677975,0.4200731167157744,ssm_yield
wheat,IN,IN-12-0216,2011,-0.7319238062792554,0.630126301419961,ssm_yield
wheat,IN,IN-12-0216,2012,0.0229186176825753,0.6830808857991677,ssm_yield
wheat,IN,IN-12-0216,2013,-0.10614799765809377,0.3688836851492077,ssm_yield
wheat,IN,IN-12-0216,2014,0.4407666887464749,-0.4007229411619293,ssm_yield
wheat,IN,IN-12-0216,2015,-0.08553917755014437,0.0917546935646927,ssm_yield
wheat,IN,IN-12-0216,2016,-1.0744581488440108,0.94167577285096,ssm_yield
wheat,IN,IN-12-0216,2017,-0.29806460626477216,0.949618960507841,ssm_yield
wheat,IN,IN-12-0217,2003,0.30565602452093216,-0.1544841237986183,ssm_yield
wheat,IN,IN-12-0217,2004,0.9251036462698076,-0.755518656502614,ssm_yield
wheat,IN,IN-12-0217,2005,0.3025855299547169,-0.613423855085076,ssm_yield
wheat,IN,IN-12-0217,2006,0.008993444811921983,-0.23921145880534908,ssm_yield
wheat,IN,IN-12-0217,2007,0.19845916575406017,-0.3724804961596857,ssm_yield
wheat,IN,IN-12-0217,2008,0.014455326684622983,-0.34776835678272255,ssm_yield
wheat,IN,IN-12-0217,2009,0.031270354221982585,-0.2833402791213545,ssm_yield
wheat,IN,IN-12-0217,2010,-0.16200495739640555,0.008792511370602347,ssm_yield
wheat,IN,IN-12-0217,2011,-0.5463514267745784,0.13764866669333853,ssm_yield
wheat,IN,IN-12-0217,2012,0.3075428531063584,0.2815086209235169,ssm_yield
wheat,IN,IN-12-0217,2013,0.24584312891812696,0.21355023763686837,ssm_yield
wheat,IN,IN-12-0217,2014,0.7955178214468043,-0.4660335952296176,ssm_yield
wheat,IN,IN-12-0217,2015,0.2935802482209838,-0.4704464772612181,ssm_yield
wheat,IN,IN-12-0217,2016,-0.6306826151498347,0.43154660999793576,ssm_yield
wheat,IN,IN-12-0217,2017,-0.027890292216473645,0.5674633765712329,ssm_yield
wheat,IN,IN-12-0218,2003,-0.07440914068349892,0.047625873248687285,ssm_yield
wheat,IN,IN-12-0218,2004,0.4244480294435596,-0.1889046036451024,ssm_yield
wheat,IN,IN-12-0218,2005,-0.10149975714653532,0.06969028340668999,ssm_yield
wheat,IN,IN-12-0218,2006,-0.36210724018834484,0.3247548648332023,ssm_yield
wheat,IN,IN-12-0218,2007,-0.2916076189027826,0.3053381838941596,ssm_yield
wheat,IN,IN-12-0218,2008,-0.41079614813787546,0.4827360415645021,ssm_yield
wheat,IN,IN-12-0218,2009,-0.2764679566365031,0.36623595593024766,ssm_yield
wheat,IN,IN-12-0218,2010,-0.6307111396837494,0.48714892359610296,ssm_yield
wheat,IN,IN-12-0218,2011,-0.749303897471368,0.7792817140880598,ssm_yield
wheat,IN,IN-12-0218,2012,-0.16035985381689377,0.7130884836140513,ssm_yield
wheat,IN,IN-12-0218,2013,-0.3014284645297183,0.4915618056277034,ssm_yield
wheat,IN,IN-12-0218,2014,0.2027594194505764,-0.32570394662471985,ssm_yield
wheat,IN,IN-12-0218,2015,-0.2290721607600069,0.31416394795736097,ssm_yield
wheat,IN,IN-12-0218,2016,-1.1686242772847908,0.8163499231535043,ssm_yield
wheat,IN,IN-12-0218,2017,-0.47642384671273164,1.0899486091127388,ssm_yield
wheat,IN,IN-12-0219,2003,-0.41342899379707876,-0.032688579726443026,ssm_yield
wheat,IN,IN-12-0219,2004,0.22658685337609272,-0.43337826819577335,ssm_yield
wheat,IN,IN-12-0219,2005,-0.2821106833484431,-0.09976438660677116,ssm_yield
wheat,IN,IN-12-0219,2006,-0.5580702507604265,0.10322818684685445,ssm_yield
wheat,IN,IN-12-0219,2007,-0.4183384135045533,0.10322818684685445,ssm_yield
wheat,IN,IN-12-0219,2008,-0.4351415651052784,0.3115162187384005,ssm_yield
wheat,IN,IN-12-0219,2009,-0.443498230279832,0.4033041649956922,ssm_yield
wheat,IN,IN-12-0219,2010,-0.7807189644168802,0.34946700421016547,ssm_yield
wheat,IN,IN-12-0219,2011,-0.8935907969202608,0.4465504089053776,ssm_yield
wheat,IN,IN-12-0219,2012,-0.4363865005922525,0.5012701460972248,ssm_yield
wheat,IN,IN-12-0219,2013,-0.6272382216014841,0.2832737737361569,ssm_yield
wheat,IN,IN-12-0219,2014,-0.10610302941392671,-0.47574193569913875,ssm_yield
wheat,IN,IN-12-0219,2015,-0.48177448376540327,0.07145543621933041,ssm_yield
wheat,IN,IN-12-0219,2016,-1.1845092689015237,0.797815818620782,ssm_yield
wheat,IN,IN-12-0219,2017,-0.6613224213061876,0.5895277867292356,ssm_yield
wheat,IN,IN-12-0220,2003,-0.4148669154541283,0.03791753277916595,ssm_yield
wheat,IN,IN-12-0220,2004,0.36464011972839083,-0.422787351319932,ssm_yield
wheat,IN,IN-12-0220,2005,-0.21958645913362773,-0.17037049911238014,ssm_yield
wheat,IN,IN-12-0220,2006,-0.45363256087203624,0.14823958356917988,ssm_yield
wheat,IN,IN-12-0220,2007,-0.3221253346576802,0.2620919399844742,ssm_yield
wheat,IN,IN-12-0220,2008,-0.32819446415416803,0.34417154577224457,ssm_yield
wheat,IN,IN-12-0220,2009,-0.3480604279663284,0.20913735560526753,ssm_yield
wheat,IN,IN-12-0220,2010,-0.6937623678535793,0.5559898832890715,ssm_yield
wheat,IN,IN-12-0220,2011,-0.7756991487275849,0.8340014512799065,ssm_yield
wheat,IN,IN-12-0220,2012,-0.4049947407860944,0.9469712312888809,ssm_yield
wheat,IN,IN-12-0220,2013,-0.6364469159489934,0.5003875696909044,ssm_yield
wheat,IN,IN-12-0220,2014,-0.10562909946398481,-0.031806003320122615,ssm_yield
wheat,IN,IN-12-0220,2015,-0.4436421661013346,0.3547624626480859,ssm_yield
wheat,IN,IN-12-0220,2016,-1.0188317264146027,1.4429791716407834,ssm_yield
wheat,IN,IN-12-0220,2017,-0.5741866698134562,1.1570244159930674,ssm_yield
wheat,IN,IN-12-0221,2003,-0.19119216754878238,0.052921331686608154,ssm_yield
wheat,IN,IN-12-0221,2004,0.4290972424250846,0.08116377668885134,ssm_yield
wheat,IN,IN-12-0221,2005,-0.14744252159400753,-0.09799923379413113,ssm_yield
wheat,IN,IN-12-0221,2006,-0.3270498786146713,0.19678128591678615,ssm_yield
wheat,IN,IN-12-0221,2007,-0.20142808298305537,0.49597468765930386,ssm_yield
wheat,IN,IN-12-0221,2008,-0.2926911164011399,0.35917534467968676,ssm_yield
wheat,IN,IN-12-0221,2009,-0.23980947310581974,0.2982775726435988,ssm_yield
wheat,IN,IN-12-0221,2010,-0.5565816713415713,0.5551073068827515,ssm_yield
wheat,IN,IN-12-0221,2011,-0.5574648391961301,0.6654293576727655,ssm_yield
wheat,IN,IN-12-0221,2012,-0.3013037693187378,0.7139710600203713,ssm_yield
wheat,IN,IN-12-0221,2013,-0.4897126520044793,0.8313537220609462,ssm_yield
wheat,IN,IN-12-0221,2014,-0.00719474306692577,-0.49692376945082145,ssm_yield
wheat,IN,IN-12-0221,2015,-0.23611185096705356,-0.06799163597924712,ssm_yield
wheat,IN,IN-12-0221,2016,-1.0187398769577334,1.1826191317763506,ssm_yield
wheat,IN,IN-12-0221,2017,-0.549379305360222,1.7042217879115362,ssm_yield
wheat,IN,IN-12-0222,2003,-0.23393642195653225,0.22855403654431017,ssm_yield
wheat,IN,IN-12-0222,2004,0.46911078596488837,0.05556906090556819,ssm_yield
wheat,IN,IN-12-0222,2005,-0.12502143073122368,-0.10594242145101204,ssm_yield
wheat,IN,IN-12-0222,2006,-0.3049039033653248,0.18089491060302393,ssm_yield
wheat,IN,IN-12-0222,2007,-0.18755106590946052,0.39271324811985087,ssm_yield
wheat,IN,IN-12-0222,2008,-0.25198528322050495,0.35829276827336637,ssm_yield
wheat,IN,IN-12-0222,2009,-0.20512105289954244,0.20472447357366705,ssm_yield
wheat,IN,IN-12-0222,2010,-0.5484616551510977,0.5815845990723547,ssm_yield
wheat,IN,IN-12-0222,2011,-0.5771357792670161,0.6998498375192495,ssm_yield
wheat,IN,IN-12-0222,2012,-0.2893104638110508,0.7077930251761309,ssm_yield
wheat,IN,IN-12-0222,2013,-0.5092389568589143,0.6345391834515614,ssm_yield
wheat,IN,IN-12-0222,2014,-0.008090104335725278,-0.3777759545976064,ssm_yield
wheat,IN,IN-12-0222,2015,-0.28591465492101065,0.21178508482422795,ssm_yield
wheat,IN,IN-12-0222,2016,-0.941564225498332,0.9169636334739969,ssm_yield
wheat,IN,IN-12-0222,2017,-0.5114681007851775,0.7395657758036545,ssm_yield
wheat,IN,IN-12-0223,2003,-0.2815808163981064,0.05556906090556819,ssm_yield
wheat,IN,IN-12-0223,2004,0.23636550865366665,0.035269803560205905,ssm_yield
wheat,IN,IN-12-0223,2005,-0.21466689235552325,-0.017684780819000823,ssm_yield
wheat,IN,IN-12-0223,2006,-0.39340492903079494,0.0626296721561291,ssm_yield
wheat,IN,IN-12-0223,2007,-0.3117538529577349,0.08645923512677221,ssm_yield
wheat,IN,IN-12-0223,2008,-0.46223803805081826,0.41389508187153357,ssm_yield
wheat,IN,IN-12-0223,2009,-0.3751089978292159,0.14029639591229898,ssm_yield
wheat,IN,IN-12-0223,2010,-0.6744404215316646,0.4103647762462531,ssm_yield
wheat,IN,IN-12-0223,2011,-0.6163318405614416,0.7448612342415754,ssm_yield
wheat,IN,IN-12-0223,2012,-0.35799033964715626,0.5365732023500288,ssm_yield
wheat,IN,IN-12-0223,2013,-0.52504083074769,0.805759006277663,ssm_yield
wheat,IN,IN-12-0223,2014,-0.10612389425449043,-0.1615447350491792,ssm_yield
wheat,IN,IN-12-0223,2015,-0.305403986479481,0.273565433266636,ssm_yield
wheat,IN,IN-12-0223,2016,-1.2438349655713024,0.7713385264311785,ssm_yield
wheat,IN,IN-12-0223,2017,-0.7519398795613764,1.4465094772660638,ssm_yield
wheat,IN,IN-12-0224,2003,-0.37012904022405396,0.16236080607030168,ssm_yield
wheat,IN,IN-12-0224,2004,0.17192097109889912,-0.16507504067445966,ssm_yield
wheat,IN,IN-12-0224,2005,-0.30284138509230524,0.08204635309517176,ssm_yield
wheat,IN,IN-12-0224,2006,-0.5295619236033925,0.13323578466173808,ssm_yield
wheat,IN,IN-12-0224,2007,-0.42860391506194995,0.2550313287339134,ssm_yield
wheat,IN,IN-12-0224,2008,-0.5160275970243319,0.3697662615555281,ssm_yield
wheat,IN,IN-12-0224,2009,-0.44622413813230694,0.24620556467071242,ssm_yield
wheat,IN,IN-12-0224,2010,-0.7508822424106255,0.43772464484217666,ssm_yield
wheat,IN,IN-12-0224,2011,-0.7857752107801868,0.5162739450046665,ssm_yield
wheat,IN,IN-12-0224,2012,-0.4121554657508096,0.5630504945396324,ssm_yield
wheat,IN,IN-12-0224,2013,-0.5885993404217719,0.6972021083002895,ssm_yield
wheat,IN,IN-12-0224,2014,-0.11419858755268658,-0.16507504067445966,ssm_yield
wheat,IN,IN-12-0224,2015,-0.45007383600211476,0.37241399077448817,ssm_yield
wheat,IN,IN-12-0224,2016,-1.1881397511596274,0.9257893975371982,ssm_yield
wheat,IN,IN-12-0224,2017,-0.6741307376965301,1.0016909684807276,ssm_yield
wheat,IN,IN-12-0225,2003,-0.45254509514645314,0.017618275433803666,ssm_yield
wheat,IN,IN-12-0225,2004,0.06222256665957561,0.10146303403421403,ssm_yield
wheat,IN,IN-12-0225,2005,-0.35735172097152107,0.05468648449924818,ssm_yield
wheat,IN,IN-12-0225,2006,-0.5295433424767236,0.32828517045848277,ssm_yield
wheat,IN,IN-12-0225,2007,-0.6178092996447572,0.2373798006075111,ssm_yield
wheat,IN,IN-12-0225,2008,-0.8223968467612259,0.3741791435871286,ssm_yield
wheat,IN,IN-12-0225,2009,-0.5682512625930687,0.3759442963997686,ssm_yield
wheat,IN,IN-12-0225,2010,-0.8206628850857136,0.4633193606254598,ssm_yield
wheat,IN,IN-12-0225,2011,-0.7785761141494261,0.36358822671128727,ssm_yield
wheat,IN,IN-12-0225,2012,-0.5203553386559042,0.5003875696909044,ssm_yield
wheat,IN,IN-12-0225,2013,-0.5920501634032759,0.5886452103229156,ssm_yield
wheat,IN,IN-12-0225,2014,-0.341179298852983,-0.42631765694521245,ssm_yield
wheat,IN,IN-12-0225,2015,-0.5857011127568194,-0.05475298988444573,ssm_yield
wheat,IN,IN-12-0225,2016,-1.622869292434749,0.47391027750130116,ssm_yield
wheat,IN,IN-12-0225,2017,-1.0206875564663067,0.845474944562068,ssm_yield
wheat,IN,IN-12-0226,2003,-0.4932190533719233,0.24885329388967287,ssm_yield
wheat,IN,IN-12-0226,2004,0.10418815558840692,0.1058759160658145,ssm_yield
wheat,IN,IN-12-0226,2005,-0.3493907035691973,0.0626296721561291,ssm_yield
wheat,IN,IN-12-0226,2006,-0.5078505143581598,0.4915618056277034,ssm_yield
wheat,IN,IN-12-0226,2007,-0.6425568534368166,0.30180787826887917,ssm_yield
wheat,IN,IN-12-0226,2008,-0.8842384328213249,0.5736414114154738,ssm_yield
wheat,IN,IN-12-0226,2009,-0.5431559381591937,0.3980087065577713,ssm_yield
wheat,IN,IN-12-0226,2010,-0.7670757118656546,0.5815845990723547,ssm_yield
wheat,IN,IN-12-0226,2011,-0.7719150998484612,0.6310088778262809,ssm_yield
wheat,IN,IN-12-0226,2012,-0.5003270398178151,0.48714892359610296,ssm_yield
wheat,IN,IN-12-0226,2013,-0.5256502331209741,0.655721017203244,ssm_yield
wheat,IN,IN-12-0226,2014,-0.26932156531929485,-0.2630410217759918,ssm_yield
wheat,IN,IN-12-0226,2015,-0.5886810112880407,-0.07328709441716799,ssm_yield
wheat,IN,IN-12-0226,2016,-1.5253402045954438,0.7819294433070199,ssm_yield
wheat,IN,IN-12-0226,2017,-1.0056918759849114,0.8490052501873484,ssm_yield
wheat,IN,IN-12-0227,2003,-0.4473960776579218,-0.0070938639431594765,ssm_yield
wheat,IN,IN-12-0227,2004,0.015006371538401701,-0.13683259567221606,ssm_yield
wheat,IN,IN-12-0227,2005,-0.38844444693573105,-0.21802962505366638,ssm_yield
wheat,IN,IN-12-0227,2006,-0.5644043203438801,0.03173949793492546,ssm_yield
wheat,IN,IN-12-0227,2007,-0.6085157203261533,0.022031157465404128,ssm_yield
wheat,IN,IN-12-0227,2008,-0.8345314369749925,0.21355023763686837,ssm_yield
wheat,IN,IN-12-0227,2009,-0.5624371013916518,0.17648202857142348,ssm_yield
wheat,IN,IN-12-0227,2010,-0.7661905117521496,0.347701851397525,ssm_yield
wheat,IN,IN-12-0227,2011,-0.8567113555518104,0.5003875696909044,ssm_yield
wheat,IN,IN-12-0227,2012,-0.464187525828464,0.4686148190633803,ssm_yield
wheat,IN,IN-12-0227,2013,-0.5257663416068871,0.5877626339165956,ssm_yield
wheat,IN,IN-12-0227,2014,-0.22060178033812222,-0.6098935494597956,ssm_yield
wheat,IN,IN-12-0227,2015,-0.5328942057758175,-0.2965789252161561,ssm_yield
wheat,IN,IN-12-0227,2016,-1.3084529454829055,0.8578310142505496,ssm_yield
wheat,IN,IN-12-0227,2017,-0.8785041262032522,0.9337325851940791,ssm_yield
wheat,IN,IN-12-0228,2003,-0.40450678495679127,0.18442521622830438,ssm_yield
wheat,IN,IN-12-0228,2004,0.08100193156015519,-0.030923426913802603,ssm_yield
wheat,IN,IN-12-0228,2005,-0.27421825141275663,0.0776334710635709,ssm_yield
wheat,IN,IN-12-0228,2006,-0.45280097002019526,0.38035717843136946,ssm_yield
wheat,IN,IN-12-0228,2007,-0.5566848253469804,0.4103647762462531,ssm_yield
wheat,IN,IN-12-0228,2008,-0.714504094818472,0.5489292720385106,ssm_yield
wheat,IN,IN-12-0228,2009,-0.5339769337318773,0.3026904546751996,ssm_yield
wheat,IN,IN-12-0228,2010,-0.8038644314107091,0.6689596632980459,ssm_yield
wheat,IN,IN-12-0228,2011,-0.6463376671326532,0.7545695747110966,ssm_yield
wheat,IN,IN-12-0228,2012,-0.5382442805439189,0.7739862556501389,ssm_yield
wheat,IN,IN-12-0228,2013,-0.6132392568526266,0.6919066498623686,ssm_yield
wheat,IN,IN-12-0228,2014,-0.4100252648856342,-0.4589729839790567,ssm_yield
wheat,IN,IN-12-0228,2015,-0.559673465366794,0.15883050044502123,ssm_yield
wheat,IN,IN-12-0228,2016,-1.7076482498260985,0.94167577285096,ssm_yield
wheat,IN,IN-12-0228,2017,-1.0668667374628056,0.8357666040925466,ssm_yield
wheat,IN,IN-12-0229,2003,-0.5288007433087518,0.4624367842191398,ssm_yield
wheat,IN,IN-12-0229,2004,0.316539681306418,0.2832737737361569,ssm_yield
wheat,IN,IN-12-0229,2005,-0.2800809234497985,0.3168116771763214,ssm_yield
wheat,IN,IN-12-0229,2006,-0.45571143409955717,0.6168876553251591,ssm_yield
wheat,IN,IN-12-0229,2007,-0.6262500038906347,0.5974709743861168,ssm_yield
wheat,IN,IN-12-0229,2008,-0.8478918867112594,0.70073241392557,ssm_yield
wheat,IN,IN-12-0229,2009,-0.49891583869420525,0.6980846847066094,ssm_yield
wheat,IN,IN-12-0229,2010,-0.7882593541508427,0.909903022223436,ssm_yield
wheat,IN,IN-12-0229,2011,-0.6329071153740536,1.186149437401631,ssm_yield
wheat,IN,IN-12-0229,2012,-0.5639795008997073,0.7704559500248584,ssm_yield
wheat,IN,IN-12-0229,2013,-0.5851190036326566,1.1014221023949002,ssm_yield
wheat,IN,IN-12-0229,2014,-0.3579428823627363,-0.08829089332460979,ssm_yield
wheat,IN,IN-12-0229,2015,-0.6655119062284408,0.6142399261061987,ssm_yield
wheat,IN,IN-12-0229,2016,-1.7502545114151005,1.1746759441194696,ssm_yield
wheat,IN,IN-12-0229,2017,-1.1687091018628928,1.2082138475596338,ssm_yield
wheat,IN,IN-12-0230,2003,-0.42309747907990036,0.4853837707834625,ssm_yield
wheat,IN,IN-12-0230,2004,0.013829124894239878,0.4253685751536949,ssm_yield
wheat,IN,IN-12-0230,2005,-0.2732218576810916,0.40683447062097267,ssm_yield
wheat,IN,IN-12-0230,2006,-0.4662947734906095,0.62394826657572,ssm_yield
wheat,IN,IN-12-0230,2007,-0.545250132177065,0.7695733736185385,ssm_yield
wheat,IN,IN-12-0230,2008,-0.7090210177198333,0.939028043632,ssm_yield
wheat,IN,IN-12-0230,2009,-0.5092671899688936,0.5807020226660347,ssm_yield
wheat,IN,IN-12-0230,2010,-0.7879187354078869,0.980509134729045,ssm_yield
wheat,IN,IN-12-0230,2011,-0.628989693730063,1.0193424966071298,ssm_yield
wheat,IN,IN-12-0230,2012,-0.6414145311612494,1.0387591775461726,ssm_yield
wheat,IN,IN-12-0230,2013,-0.5999501587401057,1.1490812283361864,ssm_yield
wheat,IN,IN-12-0230,2014,-0.521534063616391,0.3318154760837632,ssm_yield
wheat,IN,IN-12-0230,2015,-0.6291049757268401,0.9602098773836822,ssm_yield
wheat,IN,IN-12-0230,2016,-1.7731955345905293,1.303532099442206,ssm_yield
wheat,IN,IN-12-0230,2017,-1.0829461799837303,1.5947823135278427,ssm_yield
wheat,IN,IN-12-0231,2003,-0.4376878484259402,0.29386469061199827,ssm_yield
wheat,IN,IN-12-0231,2004,0.08134530722200098,0.06351224856244911,ssm_yield
wheat,IN,IN-12-0231,2005,-0.32186305403009746,0.2665048220160751,ssm_yield
wheat,IN,IN-12-0231,2006,-0.5271496270366711,0.3335806288964032,ssm_yield
wheat,IN,IN-12-0231,2007,-0.4817751257605009,0.3988912829640917,ssm_yield
wheat,IN,IN-12-0231,2008,-0.6807627892200536,0.4465504089053776,ssm_yield
wheat,IN,IN-12-0231,2009,-0.5334803194247997,0.26473966920343467,ssm_yield
wheat,IN,IN-12-0231,2010,-0.794007299875657,0.449198138124338,ssm_yield
wheat,IN,IN-12-0231,2011,-0.7733949773822523,0.5745239878217938,ssm_yield
wheat,IN,IN-12-0231,2012,-0.4695378432702362,0.5771717170407542,ssm_yield
wheat,IN,IN-12-0231,2013,-0.613288706219778,0.1429441251312594,ssm_yield
wheat,IN,IN-12-0231,2014,-0.256094162274615,-0.21626447224102596,ssm_yield
wheat,IN,IN-12-0231,2015,-0.49216346237926734,0.3838874840566499,ssm_yield
wheat,IN,IN-12-0231,2016,-1.4940592945119995,0.868421931126391,ssm_yield
wheat,IN,IN-12-0231,2017,-0.9014728222632264,1.3008843702232453,ssm_yield
wheat,IN,IN-12-0232,2003,-0.3666392859896974,0.37064883796184817,ssm_yield
wheat,IN,IN-12-0232,2004,0.2600980171518653,0.05115617887396773,ssm_yield
wheat,IN,IN-12-0232,2005,-0.15841202773127275,0.15971307685134162,ssm_yield
wheat,IN,IN-12-0232,2006,-0.36468259125720065,0.3821223312440095,ssm_yield
wheat,IN,IN-12-0232,2007,-0.35256590583013764,0.417425387496814,ssm_yield
wheat,IN,IN-12-0232,2008,-0.5307212760802199,0.5356906259437089,ssm_yield
wheat,IN,IN-12-0232,2009,-0.3909517295948089,0.3609404974923268,ssm_yield
wheat,IN,IN-12-0232,2010,-0.6745245179882928,0.5524595776637911,ssm_yield
wheat,IN,IN-12-0232,2011,-0.6176039587414703,0.6221831137630797,ssm_yield
wheat,IN,IN-12-0232,2012,-0.3464565955671348,0.5374557787563492,ssm_yield
wheat,IN,IN-12-0232,2013,-0.5133857709994161,0.5965883979797965,ssm_yield
wheat,IN,IN-12-0232,2014,-0.13992928944605712,0.2541487523275933,ssm_yield
wheat,IN,IN-12-0232,2015,-0.34138702331329834,0.40683447062097267,ssm_yield
wheat,IN,IN-12-0232,2016,-1.3038990015228173,0.6980846847066094,ssm_yield
wheat,IN,IN-12-0232,2017,-0.7808671258604866,0.6168876553251591,ssm_yield
wheat,IN,IN-12-0233,2003,-0.3029661927905261,0.37153141436816817,ssm_yield
wheat,IN,IN-12-0233,2004,-0.057129157465450706,0.13411836106805808,ssm_yield
wheat,IN,IN-12-0233,2005,-0.24490046702157967,0.0926372699710131,ssm_yield
wheat,IN,IN-12-0233,2006,-0.41644298592941464,0.29916014904991917,ssm_yield
wheat,IN,IN-12-0233,2007,-0.398396126185277,0.3900655189008904,ssm_yield
wheat,IN,IN-12-0233,2008,-0.5681753794256407,0.46773224265706026,ssm_yield
wheat,IN,IN-12-0233,2009,-0.5129711263288984,0.2594442107655142,ssm_yield
wheat,IN,IN-12-0233,2010,-0.7390216033364002,0.528630014693148,ssm_yield
wheat,IN,IN-12-0233,2011,-0.5844614102720007,0.6742551217359664,ssm_yield
wheat,IN,IN-12-0233,2012,-0.48040885949477663,0.4765580067202616,ssm_yield
wheat,IN,IN-12-0233,2013,-0.5129841224339643,0.8198802287787847,ssm_yield
wheat,IN,IN-12-0233,2014,-0.3865939904875394,0.0626296721561291,ssm_yield
wheat,IN,IN-12-0233,2015,-0.41985336457529493,0.31416394795736097,ssm_yield
wheat,IN,IN-12-0233,2016,-1.6870675918974543,0.7563347275237366,ssm_yield
wheat,IN,IN-12-0233,2017,-0.9125883611687035,1.2761722308462822,ssm_yield
wheat,IN,IN-12-0234,2003,-0.4093750543209435,0.40771704702729267,ssm_yield
wheat,IN,IN-12-0234,2004,0.12066117969369158,0.19766386232310615,ssm_yield
wheat,IN,IN-12-0234,2005,-0.30657723251426483,0.243557835451752,ssm_yield
wheat,IN,IN-12-0234,2006,-0.5132055599451883,0.37153141436816817,ssm_yield
wheat,IN,IN-12-0234,2007,-0.4651950765790007,0.43154660999793576,ssm_yield
wheat,IN,IN-12-0234,2008,-0.6371688074235259,0.45802390218753897,ssm_yield
wheat,IN,IN-12-0234,2009,-0.4868289111426012,0.376826872806089,ssm_yield
wheat,IN,IN-12-0234,2010,-0.7298151692448651,0.7580998803363771,ssm_yield
wheat,IN,IN-12-0234,2011,-0.7641961133486951,0.7792817140880598,ssm_yield
wheat,IN,IN-12-0234,2012,-0.3972061040155826,0.7139710600203713,ssm_yield
wheat,IN,IN-12-0234,2013,-0.519116984417147,0.1350009374743785,ssm_yield
wheat,IN,IN-12-0234,2014,-0.11249020459933985,-0.01327189878740036,ssm_yield
wheat,IN,IN-12-0234,2015,-0.4105803050740342,0.4703799718760207,ssm_yield
wheat,IN,IN-12-0234,2016,-1.1909352623949694,0.9549144189457618,ssm_yield
wheat,IN,IN-12-0234,2017,-0.7288285339314116,1.5224110482095936,ssm_yield
wheat,IN,IN-12-0235,2003,-0.39496611004239496,0.3247548648332023,ssm_yield
wheat,IN,IN-12-0235,2004,0.05972376844040585,-0.20655613177150464,ssm_yield
wheat,IN,IN-12-0235,2005,-0.36007854896166697,-0.2259728127105473,ssm_yield
wheat,IN,IN-12-0235,2006,-0.5482359559080154,0.12264486778589671,ssm_yield
wheat,IN,IN-12-0235,2007,-0.5951401174954611,0.010557664183242768,ssm_yield
wheat,IN,IN-12-0235,2008,-0.7695006351404026,0.36535337952392727,ssm_yield
wheat,IN,IN-12-0235,2009,-0.5178637569082681,0.06792513059404996,ssm_yield
wheat,IN,IN-12-0235,2010,-0.7640340469126833,0.448315561718018,ssm_yield
wheat,IN,IN-12-0235,2011,-0.8664804140810116,0.5542247304764311,ssm_yield
wheat,IN,IN-12-0235,2012,-0.41905477303057725,0.45096329093697807,ssm_yield
wheat,IN,IN-12-0235,2013,-0.4858636690300133,0.4474329853116976,ssm_yield
wheat,IN,IN-12-0235,2014,-0.09989226187276445,-0.8120035465071012,ssm_yield
wheat,IN,IN-12-0235,2015,-0.47344245743358687,-0.10329469223205161,ssm_yield
wheat,IN,IN-12-0235,2016,-1.2130175960585488,0.6839634622054876,ssm_yield
wheat,IN,IN-12-0235,2017,-0.7431203599779423,0.7607476095553372,ssm_yield
wheat,IN,IN-12-0236,2003,-0.43109764989526395,0.6389520654831619,ssm_yield
wheat,IN,IN-12-0236,2004,0.07397255774181084,0.2912169613930379,ssm_yield
wheat,IN,IN-12-0236,2005,-0.3233045031910653,0.5242171326615475,ssm_yield
wheat,IN,IN-12-0236,2006,-0.5285939214548157,0.6054141620429978,ssm_yield
wheat,IN,IN-12-0236,2007,-0.5315950864005583,0.6001187036050769,ssm_yield
wheat,IN,IN-12-0236,2008,-0.7296517402470319,0.6742551217359664,ssm_yield
wheat,IN,IN-12-0236,2009,-0.5602738707638254,0.6786680037675668,ssm_yield
wheat,IN,IN-12-0236,2010,-0.8089634251053619,0.8278234164356657,ssm_yield
wheat,IN,IN-12-0236,2011,-0.7603782739387527,1.0581758584852148,ssm_yield
wheat,IN,IN-12-0236,2012,-0.4980292483444489,1.2452820566250786,ssm_yield
wheat,IN,IN-12-0236,2013,-0.6195178860276866,1.0961266439569797,ssm_yield
wheat,IN,IN-12-0236,2014,-0.3320142454131011,0.05733421371820861,ssm_yield
wheat,IN,IN-12-0236,2015,-0.536336252595748,0.5895277867292356,ssm_yield
wheat,IN,IN-12-0236,2016,-1.6149144689510213,1.1737933677131493,ssm_yield
wheat,IN,IN-12-0236,2017,-0.9757048737410754,1.5153504369590327,ssm_yield
wheat,IN,IN-12-0528,2003,-0.797992584519359,0.7545695747110966,ssm_yield
wheat,IN,IN-12-0528,2004,0.7439743635012557,0.4421375268737771,ssm_yield
wheat,IN,IN-12-0528,2005,-0.0647631564981017,0.6989672611129295,ssm_yield
wheat,IN,IN-12-0528,2006,-0.3957805163180376,0.5533421540701111,ssm_yield
wheat,IN,IN-12-0528,2007,-0.5791685549802471,0.8648916255011105,ssm_yield
wheat,IN,IN-12-0528,2008,-1.0016803523268407,1.0043386976996882,ssm_yield
wheat,IN,IN-12-0528,2009,-0.4155644936693884,0.9346151616003991,ssm_yield
wheat,IN,IN-12-0528,2010,-0.9179058475197075,1.1887971666205914,ssm_yield
wheat,IN,IN-12-0528,2011,-0.5189033284497737,1.1570244159930674,ssm_yield
wheat,IN,IN-12-0528,2012,-0.5349702571962577,1.2373388689681972,ssm_yield
wheat,IN,IN-12-0528,2013,-0.550081555932059,1.1517289575551466,ssm_yield
wheat,IN,IN-12-0528,2014,-0.2004918402731085,-0.3362948635005612,ssm_yield
wheat,IN,IN-12-0528,2015,-0.8702676886610053,0.8666567783137507,ssm_yield
wheat,IN,IN-12-0528,2016,-1.9473430295185055,1.3150055927243671,ssm_yield
wheat,IN,IN-12-0528,2017,-1.493615699679455,0.9619750301963227,ssm_yield
wheat,IN,IN-12-0529,2003,-0.13524111271765119,-0.7661095733784553,ssm_yield
wheat,IN,IN-12-0529,2004,0.3740566399361718,-1.1306136291886615,ssm_yield
wheat,IN,IN-12-0529,2005,-0.11503024464212375,-1.1606212270035452,ssm_yield
wheat,IN,IN-12-0529,2006,-0.34439476801369645,-0.8490717555725459,ssm_yield
wheat,IN,IN-12-0529,2007,-0.17717044106228652,-0.6275450775861978,ssm_yield
wheat,IN,IN-12-0529,2008,-0.2708641633218634,-0.72374590587509,ssm_yield
wheat,IN,IN-12-0529,2009,-0.34680740332244614,-0.3733630725660059,ssm_yield
wheat,IN,IN-12-0529,2010,-0.4401944897029171,-0.5083972627329828,ssm_yield
wheat,IN,IN-12-0529,2011,-0.734071097811282,-0.3636547320964846,ssm_yield
wheat,IN,IN-12-0529,2012,-0.16435506913867315,-0.1465409361417374,ssm_yield
wheat,IN,IN-12-0529,2013,-0.21776974994084455,0.038800109185486355,ssm_yield
wheat,IN,IN-12-0529,2014,0.2274538342138441,-0.23832888239902866,ssm_yield
wheat,IN,IN-12-0529,2015,-0.13499730421880135,-0.6310753832114783,ssm_yield
wheat,IN,IN-12-0529,2016,-0.6606800072772483,0.09087211715837268,ssm_yield
wheat,IN,IN-12-0529,2017,-0.3166977382907441,0.045860720436047255,ssm_yield
wheat,IN,IN-12-0530,2003,-0.38798316157170104,0.1932509802915057,ssm_yield
wheat,IN,IN-12-0530,2004,0.29871852392283477,-0.13418486645325564,ssm_yield
wheat,IN,IN-12-0530,2005,-0.25586390003414,0.06351224856244911,ssm_yield
wheat,IN,IN-12-0530,2006,-0.4876517972010752,0.11117137450373536,ssm_yield
wheat,IN,IN-12-0530,2007,-0.3557010121014078,0.23473207138855107,ssm_yield
wheat,IN,IN-12-0530,2008,-0.4037946338910796,0.38477006046296996,ssm_yield
wheat,IN,IN-12-0530,2009,-0.37031450547350714,0.08381150590781178,ssm_yield
wheat,IN,IN-12-0530,2010,-0.710939106410861,0.449198138124338,ssm_yield
wheat,IN,IN-12-0530,2011,-0.7865878990583088,0.6054141620429978,ssm_yield
wheat,IN,IN-12-0530,2012,-0.3903920679587254,0.8975469525349546,ssm_yield
wheat,IN,IN-12-0530,2013,-0.5898474029391066,0.6601338992348446,ssm_yield
wheat,IN,IN-12-0530,2014,-0.07705802131852256,-0.19243490927038284,ssm_yield
wheat,IN,IN-12-0530,2015,-0.42068102580061767,0.17471687575878345,ssm_yield
wheat,IN,IN-12-0530,2016,-1.072282658318153,0.9054901401918355,ssm_yield
wheat,IN,IN-12-0530,2017,-0.5705752452049968,1.2320434105302769,ssm_yield
wheat,IN,IN-12-0531,2003,0.06301260084343445,0.21266766123054798,ssm_yield
wheat,IN,IN-12-0531,2004,0.6444939051505825,0.171186570133503,ssm_yield
wheat,IN,IN-12-0531,2005,0.062240902806033484,-0.7864088307238181,ssm_yield
wheat,IN,IN-12-0531,2006,-0.0973072651740948,0.419190540309454,ssm_yield
wheat,IN,IN-12-0531,2007,-0.014853004915895134,0.5815845990723547,ssm_yield
wheat,IN,IN-12-0531,2008,-0.010918748527432038,0.449198138124338,ssm_yield
wheat,IN,IN-12-0531,2009,0.009204369838362092,0.5092133337541057,ssm_yield
wheat,IN,IN-12-0531,2010,-0.3740477414625624,0.7642779151806176,ssm_yield
wheat,IN,IN-12-0531,2011,-0.44327055185956893,0.6160050789188392,ssm_yield
wheat,IN,IN-12-0531,2012,-0.144898844734538,0.8869560356591133,ssm_yield
wheat,IN,IN-12-0531,2013,-0.3410774668048441,0.9310848559751187,ssm_yield
wheat,IN,IN-12-0531,2014,0.2262422469770974,0.05998194293716905,ssm_yield
wheat,IN,IN-12-0531,2015,0.016678480591640208,0.6098270440745982,ssm_yield
wheat,IN,IN-12-0531,2016,-0.7881282263482863,1.0793576922368975,ssm_yield
wheat,IN,IN-12-0531,2017,-0.4343454184289469,1.0952440675506594,ssm_yield
wheat,IN,IN-12-0532,2003,-0.10064396777253146,0.1288229026301376,ssm_yield
wheat,IN,IN-12-0532,2004,0.615996756477011,-0.49692376945082145,ssm_yield
wheat,IN,IN-12-0532,2005,0.05423385102087667,0.30798591311312007,ssm_yield
wheat,IN,IN-12-0532,2006,-0.13434971809404345,0.17648202857142348,ssm_yield
wheat,IN,IN-12-0532,2007,-0.08367001392837622,-0.05210526066548529,ssm_yield
wheat,IN,IN-12-0532,2008,-0.16711171282654352,0.17295172294614303,ssm_yield
wheat,IN,IN-12-0532,2009,-0.05066646235654385,0.024678886684364562,ssm_yield
wheat,IN,IN-12-0532,2010,-0.4354393030682517,0.7457438106478953,ssm_yield
wheat,IN,IN-12-0532,2011,-0.4199944636278258,0.9752136762911245,ssm_yield
wheat,IN,IN-12-0532,2012,-0.10767804888654117,1.0961266439569797,ssm_yield
wheat,IN,IN-12-0532,2013,-0.28733530836803184,1.3008843702232453,ssm_yield
wheat,IN,IN-12-0532,2014,0.2033100814014903,0.19589870951046612,ssm_yield
wheat,IN,IN-12-0532,2015,-0.005915916013531444,0.9151984806613569,ssm_yield
wheat,IN,IN-12-0532,2016,-0.8403470356808657,1.4579829705482252,ssm_yield
wheat,IN,IN-12-0532,2017,-0.5502134608758813,1.4773996514872678,ssm_yield
wheat,IN,IN-12-0533,2003,-0.6061397523319568,-0.7696398790037358,ssm_yield
wheat,IN,IN-12-0533,2004,-0.10166670756728237,-0.5534086594553086,ssm_yield
wheat,IN,IN-12-0533,2005,-0.3399295275826118,-1.0097006615228061,ssm_yield
wheat,IN,IN-12-0533,2006,-0.4809924155623868,-0.873783894949509,ssm_yield
wheat,IN,IN-12-0533,2008,-0.9361872512752921,-0.22950311833582773,ssm_yield
wheat,IN,IN-12-0533,2009,-0.5049326021387456,-0.6381359944620392,ssm_yield
wheat,IN,IN-12-0533,2010,-0.6143280892310798,-0.9735150288636816,ssm_yield
wheat,IN,IN-12-0533,2011,-0.7803499370128787,-0.39719263553664885,ssm_yield
wheat,IN,IN-12-0533,2012,-0.34232862977200107,-0.2886357375592752,ssm_yield
wheat,IN,IN-12-0533,2013,-0.24214895090935742,-0.5119275683582633,ssm_yield
wheat,IN,IN-12-0533,2014,0.2173025183510723,-1.1729772966920269,ssm_yield
wheat,IN,IN-12-0533,2015,-0.1642487726374965,-1.3397842374865279,ssm_yield
wheat,IN,IN-12-0533,2016,-0.9250526927766071,0.19766386232310615,ssm_yield
wheat,IN,IN-12-0533,2017,-0.705136156751654,-0.45367752554113605,ssm_yield
wheat,IN,IN-12-0547,2003,-0.5519323496624567,0.8719522367516714,ssm_yield
wheat,IN,IN-12-0547,2004,0.07056663758591919,0.24091010623279155,ssm_yield
wheat,IN,IN-12-0547,2005,-0.3216931621985315,0.42889888077897537,ssm_yield
wheat,IN,IN-12-0547,2006,-0.49943598280717094,0.6133573496998787,ssm_yield
wheat,IN,IN-12-0547,2007,-0.6533846944264898,0.3185768299889614,ssm_yield
wheat,IN,IN-12-0547,2008,-0.9121549410645718,0.5736414114154738,ssm_yield
wheat,IN,IN-12-0547,2009,-0.5311833818620749,0.5815845990723547,ssm_yield
wheat,IN,IN-12-0547,2010,-0.7259729397520865,1.0343462955145717,ssm_yield
wheat,IN,IN-12-0547,2011,-0.7738880296146561,1.0228728022324103,ssm_yield
wheat,IN,IN-12-0547,2012,-0.4891640612988332,1.1058349844265007,ssm_yield
wheat,IN,IN-12-0547,2013,-0.4971574458366656,1.359134413040373,ssm_yield
wheat,IN,IN-12-0547,2014,-0.21213033821891883,-0.7016814957170873,ssm_yield
wheat,IN,IN-12-0547,2015,-0.5845011887915685,-0.1597795822365388,ssm_yield
wheat,IN,IN-12-0547,2016,-1.451848545060401,1.5533012224307976,ssm_yield
wheat,IN,IN-12-0547,2017,-1.0205262221492186,1.3670776006972538,ssm_yield
wheat,IN,IN-12-0548,2003,-0.6614584247320436,1.2841154185031631,ssm_yield
wheat,IN,IN-12-0548,2004,0.20644361529823285,0.8207628051851048,ssm_yield
wheat,IN,IN-12-0548,2005,-0.2830801467209297,0.6901414970497286,ssm_yield
wheat,IN,IN-12-0548,2006,-0.4961558158721796,1.0590584348915348,ssm_yield
wheat,IN,IN-12-0548,2007,-0.6573701999717316,0.8772476951895919,ssm_yield
wheat,IN,IN-12-0548,2008,-0.9340957654063902,1.2285131049049964,ssm_yield
wheat,IN,IN-12-0548,2009,-0.5032667560996598,1.01845992020081,ssm_yield
wheat,IN,IN-12-0548,2010,-0.7081271881182681,1.4200321850764606,ssm_yield
wheat,IN,IN-12-0548,2011,-0.7351286457898568,1.4782822278935879,ssm_yield
wheat,IN,IN-12-0548,2012,-0.4887463364908279,1.1570244159930674,ssm_yield
wheat,IN,IN-12-0548,2013,-0.45061387966169586,1.1323122766161042,ssm_yield
wheat,IN,IN-12-0548,2014,-0.13739868527191726,-0.5631169999248298,ssm_yield
wheat,IN,IN-12-0548,2015,-0.5690796106337126,0.62394826657572,ssm_yield
wheat,IN,IN-12-0548,2016,-1.4057344654356299,2.0148886829362156,ssm_yield
wheat,IN,IN-12-0548,2017,-1.0033059861020082,1.7448203026022615,ssm_yield
wheat,IN,IN-12-1028,2003,-0.35002460718301287,0.630126301419961,ssm_yield
wheat,IN,IN-12-1028,2004,0.17119744096874637,0.36535337952392727,ssm_yield
wheat,IN,IN-12-1028,2005,-0.2773364959538625,0.5974709743861168,ssm_yield
wheat,IN,IN-12-1028,2006,-0.47531889131209853,0.5798194462597146,ssm_yield
wheat,IN,IN-12-1028,2007,-0.3992557106793437,0.8304711456546261,ssm_yield
wheat,IN,IN-12-1028,2008,-0.5425970575241065,0.8887211884717533,ssm_yield
wheat,IN,IN-12-1028,2009,-0.4352501692753946,0.7227968240835726,ssm_yield
wheat,IN,IN-12-1028,2010,-0.7051577799869353,0.9249068211308782,ssm_yield
wheat,IN,IN-12-1028,2011,-0.6942679506421295,0.9310848559751187,ssm_yield
wheat,IN,IN-12-1028,2012,-0.373666682028794,0.9151984806613569,ssm_yield
wheat,IN,IN-12-1028,2013,-0.5310803490005338,1.005221274106008,ssm_yield
wheat,IN,IN-12-1028,2014,-0.09474764994439247,-0.0070938639431594765,ssm_yield
wheat,IN,IN-12-1028,2015,-0.38258971710030776,0.774868832056459,ssm_yield
wheat,IN,IN-12-1028,2016,-1.1681411519222784,1.0978917967696198,ssm_yield
wheat,IN,IN-12-1028,2017,-0.6918153767630225,1.5938997371215222,ssm_yield
wheat,IN,IN-12-1029,2003,-0.00011350320911546626,0.24532298826439242,ssm_yield
wheat,IN,IN-12-1029,2004,0.5741511239568596,0.3044556074878396,ssm_yield
wheat,IN,IN-12-1029,2005,-0.04455859341837939,-0.32835167584368014,ssm_yield
wheat,IN,IN-12-1029,2006,-0.18941050460400838,0.4421375268737771,ssm_yield
wheat,IN,IN-12-1029,2007,-0.09143459779132374,0.6866111914244482,ssm_yield
wheat,IN,IN-12-1029,2008,-0.1235188893972325,0.49509211125298386,ssm_yield
wheat,IN,IN-12-1029,2009,-0.08988926782944824,0.2541487523275933,ssm_yield
wheat,IN,IN-12-1029,2010,-0.4171953343360385,0.522451979848907,ssm_yield
wheat,IN,IN-12-1029,2011,-0.5004680347918384,0.6292437250136406,ssm_yield
wheat,IN,IN-12-1029,2012,-0.20049534377150638,0.5295125910994679,ssm_yield
wheat,IN,IN-12-1029,2013,-0.41836395206940336,0.6486604059526832,ssm_yield
wheat,IN,IN-12-1029,2014,0.0796050449071115,-0.5657647291437902,ssm_yield
wheat,IN,IN-12-1029,2015,-0.14492756193445724,0.027326615903324605,ssm_yield
wheat,IN,IN-12-1029,2016,-0.8571930921457547,0.5974709743861168,ssm_yield
wheat,IN,IN-12-1029,2017,-0.4659949890625262,1.0572932820788947,ssm_yield
wheat,IN,IN-12-1031,2003,-0.7367584573358475,0.7236794004898927,ssm_yield
wheat,IN,IN-12-1031,2004,0.3566101688260908,0.18354263982198435,ssm_yield
wheat,IN,IN-12-1031,2005,-0.2561083769538766,0.5471641192258702,ssm_yield
wheat,IN,IN-12-1031,2006,-0.4833418420939697,0.735152893772054,ssm_yield
wheat,IN,IN-12-1031,2007,-0.6647795225298433,0.663664204860125,ssm_yield
wheat,IN,IN-12-1031,2008,-0.9674724009887746,1.219687340841795,ssm_yield
wheat,IN,IN-12-1031,2009,-0.4725092300192827,0.46596708984442026,ssm_yield
wheat,IN,IN-12-1031,2010,-0.7374932264387518,1.2761722308462822,ssm_yield
wheat,IN,IN-12-1031,2011,-0.6685239384974896,1.3626647186656535,ssm_yield
wheat,IN,IN-12-1031,2012,-0.5121894750933426,1.1676153328689087,ssm_yield
wheat,IN,IN-12-1031,2013,-0.45478549636216725,1.3317745444444493,ssm_yield
wheat,IN,IN-12-1031,2014,-0.12216539953784633,-0.035336308945403065,ssm_yield
wheat,IN,IN-12-1031,2015,-0.6222250165599836,0.6883763442370882,ssm_yield
wheat,IN,IN-12-1031,2016,-1.5060295070430476,1.5109375549274322,ssm_yield
wheat,IN,IN-12-1031,2017,-1.0768966407560199,1.3882594344489365,ssm_yield
wheat,IN,IN-12-1033,2003,-0.6755280854784763,1.1596721452120278,ssm_yield
wheat,IN,IN-12-1033,2004,1.399121587627128,1.1102478664581015,ssm_yield
wheat,IN,IN-12-1033,2005,0.3797166397748627,0.8525355558126289,ssm_yield
wheat,IN,IN-12-1033,2006,0.03493292138548055,1.5197633189906332,ssm_yield
wheat,IN,IN-12-1033,2007,-0.29732709688228093,0.94079319644464,ssm_yield
wheat,IN,IN-12-1033,2008,-0.8148493289646641,1.3158881691306872,ssm_yield
wheat,IN,IN-12-1033,2009,-0.192362695184051,1.1711456384941892,ssm_yield
wheat,IN,IN-12-1033,2010,-0.9704995753713741,1.6009603483720831,ssm_yield
wheat,IN,IN-12-1033,2011,-0.31316387692004966,1.7845362408866665,ssm_yield
wheat,IN,IN-12-1033,2012,-0.4508845143688233,1.8895628332387595,ssm_yield
wheat,IN,IN-12-1033,2013,-0.4281041870110016,1.9389871119926858,ssm_yield
wheat,IN,IN-12-1033,2014,-0.2664969156253198,0.9575621481647223,ssm_yield
wheat,IN,IN-12-1033,2015,-0.8206748900633678,1.6194944529048054,ssm_yield
wheat,IN,IN-12-1033,2016,-1.8052025248078418,2.1463925674779123,ssm_yield
wheat,IN,IN-12-1033,2017,-1.4099307686744262,1.8763241871439582,ssm_yield
wheat,IN,IN-12-1034,2003,-0.25493908007400656,0.023796310278044155,ssm_yield
wheat,IN,IN-12-1034,2004,0.47105224957494607,-0.08476058769932934,ssm_yield
wheat,IN,IN-12-1034,2005,-0.03304131270630364,-0.08123028207404889,ssm_yield
wheat,IN,IN-12-1034,2006,-0.2338301902918583,0.06351224856244911,ssm_yield
wheat,IN,IN-12-1034,2007,-0.17013295356211589,1.1128955956770616,ssm_yield
wheat,IN,IN-12-1034,2008,-0.26259804101694495,0.46684966625074026,ssm_yield
wheat,IN,IN-12-1034,2009,-0.18481911791434338,0.5153913685983461,ssm_yield
wheat,IN,IN-12-1034,2010,-0.5013137224114024,0.4756754303139412,ssm_yield
wheat,IN,IN-12-1034,2011,-0.45188124597054263,0.5118610629730657,ssm_yield
wheat,IN,IN-12-1034,2012,-0.19187006494088693,0.3618230738986468,ssm_yield
wheat,IN,IN-12-1034,2013,-0.3407072967134546,0.40065643577673177,ssm_yield
wheat,IN,IN-12-1034,2014,0.04985979184630356,-0.17919626317558146,ssm_yield
wheat,IN,IN-12-1034,2015,-0.06637522294984963,0.07410316543829046,ssm_yield
wheat,IN,IN-12-1034,2016,-0.9102812455239324,0.49597468765930386,ssm_yield
wheat,IN,IN-12-1034,2017,-0.6341712792435119,1.1835017081826706,ssm_yield
wheat,IN,IN-12-1036,2003,0.21726413350342447,-0.24980237568119043,ssm_yield
wheat,IN,IN-12-1036,2004,0.8764519907154151,-0.857897519635747,ssm_yield
wheat,IN,IN-12-1036,2005,0.28803317656862326,-0.509279839139303,ssm_yield
wheat,IN,IN-12-1036,2006,-0.05785114778140871,-0.029158274101162576,ssm_yield
wheat,IN,IN-12-1036,2007,0.13965829992031803,-0.03445373253908305,ssm_yield
wheat,IN,IN-12-1036,2008,0.06565341809153026,0.01497054621484323,ssm_yield
wheat,IN,IN-12-1036,2009,0.019897635191288406,-0.20920386099046506,ssm_yield
wheat,IN,IN-12-1036,2010,-0.26087188649902854,0.20913735560526753,ssm_yield
wheat,IN,IN-12-1036,2011,-0.5587058585752577,0.21178508482422795,ssm_yield
wheat,IN,IN-12-1036,2012,0.1537525262667712,0.6045315856366777,ssm_yield
wheat,IN,IN-12-1036,2013,0.027734385004670455,0.2823911973298369,ssm_yield
wheat,IN,IN-12-1036,2014,0.6210705895101114,-0.7378671283762118,ssm_yield
wheat,IN,IN-12-1036,2015,0.13185007134169024,-0.3415903219384819,ssm_yield
wheat,IN,IN-12-1036,2016,-0.6902904799573246,0.5030352989098648,ssm_yield
wheat,IN,IN-12-1036,2017,-0.07758289992285218,0.9372628908193595,ssm_yield
wheat,IN,IN-12-1037,2003,-0.3418206843484958,-0.0379840381643635,ssm_yield
wheat,IN,IN-12-1037,2004,-0.013384946847471399,-0.5772382224259516,ssm_yield
wheat,IN,IN-12-1037,2005,-0.432575608058604,-0.6884428496222856,ssm_yield
wheat,IN,IN-12-1037,2006,-0.5013001809257639,-0.9390945490171971,ssm_yield
wheat,IN,IN-12-1037,2007,-0.6377621393801387,-0.9902839805837637,ssm_yield
wheat,IN,IN-12-1037,2008,-0.9034158185102051,-0.5278139436720253,ssm_yield
wheat,IN,IN-12-1037,2009,-0.5360300764710162,-0.36895019053440525,ssm_yield
wheat,IN,IN-12-1037,2010,-0.7370770944161669,-0.477507088511779,ssm_yield
wheat,IN,IN-12-1037,2011,-0.9591767887830477,0.16942141732086258,ssm_yield
wheat,IN,IN-12-1037,2012,-0.3876200992954915,0.08910696434573265,ssm_yield
wheat,IN,IN-12-1037,2013,-0.37047347568733435,-0.3080524184983176,ssm_yield
wheat,IN,IN-12-1037,2014,0.06453743468765626,-1.048534023400891,ssm_yield
wheat,IN,IN-12-1037,2015,-0.34905007159950446,-0.9814582165205625,ssm_yield
wheat,IN,IN-12-1037,2016,-1.118778066178654,0.6980846847066094,ssm_yield
wheat,IN,IN-12-1037,2017,-0.7186751385549582,0.2956298434246387,ssm_yield
wheat,IN,IN-12-1038,2003,-0.741586260444761,0.7801642904943799,ssm_yield
wheat,IN,IN-12-1038,2004,1.6090729623771556,0.7819294433070199,ssm_yield
wheat,IN,IN-12-1038,2005,0.4168665904873291,0.5727588350091537,ssm_yield
wheat,IN,IN-12-1038,2006,0.020582286845707527,0.5100959101604257,ssm_yield
wheat,IN,IN-12-1038,2007,-0.2587283788352198,0.7678082208058981,ssm_yield
wheat,IN,IN-12-1038,2008,-0.8022387691137965,1.0325811427019318,ssm_yield
wheat,IN,IN-12-1038,2009,-0.015231298799400593,1.1049524080201807,ssm_yield
wheat,IN,IN-12-1038,2010,-0.8992972109015924,1.2435169038124383,ssm_yield
wheat,IN,IN-12-1038,2011,-0.2327581276286126,1.327361662412849,ssm_yield
wheat,IN,IN-12-1038,2012,-0.38463498087289927,2.165809248416955,ssm_yield
wheat,IN,IN-12-1038,2013,-0.46594799692383876,1.6530323563449698,ssm_yield
wheat,IN,IN-12-1038,2014,-0.19446275129263763,-0.1403629012974965,ssm_yield
wheat,IN,IN-12-1038,2015,-0.9135255932115924,0.9866871695732858,ssm_yield
wheat,IN,IN-12-1038,2016,-1.857042317234404,1.5674224449319194,ssm_yield
wheat,IN,IN-12-1038,2017,-1.4475252074300025,1.4094412682006192,ssm_yield
wheat,IN,IN-12-1039,2003,-0.7733230739317021,0.7881074781512607,ssm_yield
wheat,IN,IN-12-1039,2004,1.039993655530138,0.6468952531400428,ssm_yield
wheat,IN,IN-12-1039,2005,0.06038284860738017,0.728092282521493,ssm_yield
wheat,IN,IN-12-1039,2006,-0.3029960926660046,0.45802390218753897,ssm_yield
wheat,IN,IN-12-1039,2007,-0.5262111214212651,0.6442475239210828,ssm_yield
wheat,IN,IN-12-1039,2008,-1.003806637833844,0.5339254731310688,ssm_yield
wheat,IN,IN-12-1039,2009,-0.2847164122440343,0.42360342234105486,ssm_yield
wheat,IN,IN-12-1039,2010,-0.9524358041484194,0.630126301419961,ssm_yield
wheat,IN,IN-12-1039,2011,-0.5026272386838654,0.9372628908193595,ssm_yield
wheat,IN,IN-12-1039,2012,-0.5148715936446843,1.130547123803464,ssm_yield
wheat,IN,IN-12-1039,2013,-0.6068143633287648,1.4067935389816588,ssm_yield
wheat,IN,IN-12-1039,2014,-0.24791838632259763,0.028209192309645012,ssm_yield
wheat,IN,IN-12-1039,2015,-0.9724003781488929,1.0502326708283338,ssm_yield
wheat,IN,IN-12-1039,2016,-2.1325128772223,1.5541837988371172,ssm_yield
wheat,IN,IN-12-1039,2017,-1.646671876894033,1.3000017938169255,ssm_yield
wheat,IN,IN-12-1040,2003,-0.4963715262238476,0.7069104487698104,ssm_yield
wheat,IN,IN-12-1040,2004,0.9363823362253995,0.16236080607030168,ssm_yield
wheat,IN,IN-12-1040,2005,0.25022707137625727,0.5321603203184284,ssm_yield
wheat,IN,IN-12-1040,2006,-0.06784636341433517,0.7413309286162949,ssm_yield
wheat,IN,IN-12-1040,2007,-0.31934104609222286,0.6186528081377992,ssm_yield
wheat,IN,IN-12-1040,2008,-0.7165904905580671,0.7642779151806176,ssm_yield
wheat,IN,IN-12-1040,2009,-0.13476106474901578,0.48626634718978257,ssm_yield
wheat,IN,IN-12-1040,2010,-0.819545579394613,0.7810468669006998,ssm_yield
wheat,IN,IN-12-1040,2011,-0.2739315441946134,0.7633953387742975,ssm_yield
wheat,IN,IN-12-1040,2012,-0.484346149669881,0.7995809714334221,ssm_yield
wheat,IN,IN-12-1040,2013,-0.6290366423775291,0.8719522367516714,ssm_yield
wheat,IN,IN-12-1040,2014,-0.3397783654784403,-0.17301822833134056,ssm_yield
wheat,IN,IN-12-1040,2015,-0.8451112507042586,0.5798194462597146,ssm_yield
wheat,IN,IN-12-1040,2016,-1.81177515294646,1.0643538933294556,ssm_yield
wheat,IN,IN-12-1040,2017,-1.2807854194052681,1.2364562925618774,ssm_yield
wheat,IN,IN-12-1041,2003,-0.6415997853152863,0.8490052501873484,ssm_yield
wheat,IN,IN-12-1041,2004,0.5726917827919749,0.7157362128330117,ssm_yield
wheat,IN,IN-12-1041,2005,-0.1564691974573239,0.9116681750360764,ssm_yield
wheat,IN,IN-12-1041,2006,-0.3679701131623428,1.0458197887967335,ssm_yield
wheat,IN,IN-12-1041,2007,-0.5980251131192912,0.9972780864491272,ssm_yield
wheat,IN,IN-12-1041,2008,-0.8997472322074257,1.0802402686432175,ssm_yield
wheat,IN,IN-12-1041,2009,-0.3981077187666386,1.02022507301345,ssm_yield
wheat,IN,IN-12-1041,2010,-0.7285881864146149,1.1111304428644215,ssm_yield
wheat,IN,IN-12-1041,2011,-0.5938550734052006,1.4994640616452701,ssm_yield
wheat,IN,IN-12-1041,2012,-0.5057956151732097,1.3511912253834917,ssm_yield
wheat,IN,IN-12-1041,2013,-0.5206011493148893,1.3458957669455711,ssm_yield
wheat,IN,IN-12-1041,2014,-0.22067333314917587,-0.7908217127554185,ssm_yield
wheat,IN,IN-12-1041,2015,-0.7031663391688574,0.8340014512799065,ssm_yield
wheat,IN,IN-12-1041,2016,-1.8347866027045416,1.6009603483720831,ssm_yield
wheat,IN,IN-12-1041,2017,-1.2574551390316924,1.9663469805886098,ssm_yield
wheat,IN,IN-12-1042,2003,-0.44488523165021937,0.09440242278365313,ssm_yield
wheat,IN,IN-12-1042,2004,-0.04181150068996002,-0.004446134724199434,ssm_yield
wheat,IN,IN-12-1042,2005,-0.4897075441536298,-0.19420006208302326,ssm_yield
wheat,IN,IN-12-1042,2006,-0.6031800360593842,-0.11476818551421336,ssm_yield
wheat,IN,IN-12-1042,2007,-0.7027679200704696,-0.20390840255254458,ssm_yield
wheat,IN,IN-12-1042,2008,-0.8870114171958049,0.26297451639079467,ssm_yield
wheat,IN,IN-12-1042,2009,-0.6014007557795805,0.06880770700036998,ssm_yield
wheat,IN,IN-12-1042,2010,-0.7935647512573349,0.34240639295960457,ssm_yield
wheat,IN,IN-12-1042,2011,-0.9688989614619214,0.5277474382868279,ssm_yield
wheat,IN,IN-12-1042,2012,-0.4783596048597924,0.5277474382868279,ssm_yield
wheat,IN,IN-12-1042,2013,-0.48776835401047364,0.11028879809741535,ssm_yield
wheat,IN,IN-12-1042,2014,-0.11373956106028245,-0.684029967590685,ssm_yield
wheat,IN,IN-12-1042,2015,-0.5045380248205336,-0.11388560910789296,ssm_yield
wheat,IN,IN-12-1042,2016,-1.1716565271142232,0.8648916255011105,ssm_yield
wheat,IN,IN-12-1042,2017,-0.7412363780950928,0.7642779151806176,ssm_yield
wheat,IN,IN-12-1044,2003,0.39482185125703156,-0.09711665738781111,ssm_yield
wheat,IN,IN-12-1044,2004,0.9898419810532443,-0.6549049461821215,ssm_yield
wheat,IN,IN-12-1044,2005,0.3071172804552038,-0.21361674302206554,ssm_yield
wheat,IN,IN-12-1044,2006,-0.00482241833761476,0.12705774981749718,ssm_yield
wheat,IN,IN-12-1044,2007,0.10857274716677727,-0.09358635176253066,ssm_yield
wheat,IN,IN-12-1044,2008,-0.06145494558693028,0.2682699748287151,ssm_yield
wheat,IN,IN-12-1044,2009,0.09134106302383457,-0.04945753144652486,ssm_yield
wheat,IN,IN-12-1044,2010,-0.29181305733295,0.5030352989098648,ssm_yield
wheat,IN,IN-12-1044,2011,-0.5499601407328597,0.7942855129955017,ssm_yield
wheat,IN,IN-12-1044,2012,0.2884888763591769,0.4783231595329016,ssm_yield
wheat,IN,IN-12-1044,2013,0.17428225519282717,0.3750617199934486,ssm_yield
wheat,IN,IN-12-1044,2014,0.7523414598850898,-0.6725564743085237,ssm_yield
wheat,IN,IN-12-1044,2015,0.17682624161585492,-0.07593482363612843,ssm_yield
wheat,IN,IN-12-1044,2016,-0.9967407907119152,0.8940166469096742,ssm_yield
wheat,IN,IN-12-1044,2017,-0.0710075712176381,1.3247139331938886,ssm_yield
wheat,IN,IN-12-1045,2003,-0.21117922395250424,0.2594442107655142,ssm_yield
wheat,IN,IN-12-1045,2004,0.3379518719999081,0.01497054621484323,ssm_yield
wheat,IN,IN-12-1045,2005,-0.18375501104558872,-0.1615447350491792,ssm_yield
wheat,IN,IN-12-1045,2006,-0.3635659069633826,0.13323578466173808,ssm_yield
wheat,IN,IN-12-1045,2007,-0.2480458826092284,0.19766386232310615,ssm_yield
wheat,IN,IN-12-1045,2008,-0.37004287920265566,0.347701851397525,ssm_yield
wheat,IN,IN-12-1045,2009,-0.30127274804785453,0.39977385937041177,ssm_yield
wheat,IN,IN-12-1045,2010,-0.6121582700517146,0.41389508187153357,ssm_yield
wheat,IN,IN-12-1045,2011,-0.5839932544051744,0.5312777439121084,ssm_yield
wheat,IN,IN-12-1045,2012,-0.33544995928834664,0.5992361271987569,ssm_yield
wheat,IN,IN-12-1045,2013,-0.5076329761708239,0.8772476951895919,ssm_yield
wheat,IN,IN-12-1045,2014,-0.0545848903671008,0.1500047363818203,ssm_yield
wheat,IN,IN-12-1045,2015,-0.2513754949616645,0.20913735560526753,ssm_yield
wheat,IN,IN-12-1045,2016,-1.1374589439034055,0.9460886548825606,ssm_yield
wheat,IN,IN-12-1045,2017,-0.6416548020590577,0.7942855129955017,ssm_yield
wheat,IN,IN-12-1046,2003,-0.33387465514378845,0.37329656718080856,ssm_yield
wheat,IN,IN-12-1046,2004,-0.058002565449355385,-0.002680981911559014,ssm_yield
wheat,IN,IN-12-1046,2005,-0.2629563093677481,-0.035336308945403065,ssm_yield
wheat,IN,IN-12-1046,2006,-0.41759742831485713,0.2823911973298369,ssm_yield
wheat,IN,IN-12-1046,2007,-0.36207325407768093,-0.008859016755799897,ssm_yield
wheat,IN,IN-12-1046,2008,-0.522031673848605,0.012322816995882795,ssm_yield
wheat,IN,IN-12-1046,2009,-0.479263338836373,0.3379935109280041,ssm_yield
wheat,IN,IN-12-1046,2010,-0.7246091836545461,0.345054122178565,ssm_yield
wheat,IN,IN-12-1046,2011,-0.5712384895443037,0.5798194462597146,ssm_yield
wheat,IN,IN-12-1046,2012,-0.44193046904349836,0.3388760873343241,ssm_yield
wheat,IN,IN-12-1046,2013,-0.49428602404231947,0.6583687464222046,ssm_yield
wheat,IN,IN-12-1046,2014,-0.34772401379975865,0.32740259405216277,ssm_yield
wheat,IN,IN-12-1046,2015,-0.37369244588360656,0.3097510659257605,ssm_yield
wheat,IN,IN-12-1046,2016,-1.5742279642830594,0.6142399261061987,ssm_yield
wheat,IN,IN-12-1046,2017,-0.9090495982054497,0.8092893119029434,ssm_yield
wheat,IN,IN-12-2013,2008,-0.9302044191416423,0.8172324995598244,ssm_yield
wheat,IN,IN-12-2013,2009,-0.24782099256743326,0.5701111057901933,ssm_yield
wheat,IN,IN-12-2013,2010,-0.8318929997099411,0.9637401830089627,ssm_yield
wheat,IN,IN-12-2013,2011,-0.4706586240392533,1.1746759441194696,ssm_yield
wheat,IN,IN-12-2013,2012,-0.4719791366153868,1.3476609197582112,ssm_yield
wheat,IN,IN-12-2013,2013,-0.584410071471303,1.074944810205297,ssm_yield
wheat,IN,IN-12-2013,2014,-0.22847810129943938,0.018500851840123678,ssm_yield
wheat,IN,IN-12-2013,2015,-0.8693198870501907,0.6874937678307681,ssm_yield
wheat,IN,IN-12-2013,2016,-1.9561610860830525,1.2426343274061182,ssm_yield
wheat,IN,IN-12-2013,2017,-1.5691845629636403,1.4729867694556673,ssm_yield
wheat,IN,IN-12-2026,2010,-0.8166853668319833,0.4324291864042558,ssm_yield
wheat,IN,IN-12-2026,2011,-0.8907058418335198,0.5021527225035448,ssm_yield
wheat,IN,IN-12-2026,2012,-0.48622252272198985,0.6680770868917255,ssm_yield
wheat,IN,IN-12-2026,2013,-0.5631218961588738,0.06615997778140954,ssm_yield
wheat,IN,IN-12-2026,2014,-0.23759212244643843,-0.4280828097578527,ssm_yield
wheat,IN,IN-12-2026,2015,-0.5168286020275868,0.06174709574980908,ssm_yield
wheat,IN,IN-12-2026,2016,-1.3203917317734781,0.6671945104854055,ssm_yield
wheat,IN,IN-12-2026,2017,-0.8671433810150366,1.3864942816362962,ssm_yield
wheat,IN,IN-12-2031,2011,-0.27829048590543687,0.8666567783137507,ssm_yield
wheat,IN,IN-12-2031,2012,-0.43616106438386265,0.796933242214462,ssm_yield
wheat,IN,IN-12-2031,2013,-0.5739325228840951,1.0731796573926566,ssm_yield
wheat,IN,IN-12-2031,2014,-0.24542092741907026,-0.2895183139655952,ssm_yield
wheat,IN,IN-12-2031,2015,-0.8416776346429695,0.6751376981422863,ssm_yield
wheat,IN,IN-12-2031,2016,-1.828969273820176,1.0484675180156935,ssm_yield
wheat,IN,IN-12-2031,2017,-1.2963073051657517,1.1181910541149824,ssm_yield
wheat,IN,IN-12-2032,2011,-0.22969475333587439,1.4818125335188683,ssm_yield
wheat,IN,IN-12-2032,2012,-0.4790490719246483,1.2841154185031631,ssm_yield
wheat,IN,IN-12-2032,2013,-0.55659212337767,1.2699941960020418,ssm_yield
wheat,IN,IN-12-2032,2014,-0.4135872574766169,0.6398346418894819,ssm_yield
wheat,IN,IN-12-2032,2015,-0.7161478468293585,1.5585966808687177,ssm_yield
wheat,IN,IN-12-2032,2016,-1.5477146765108067,1.7121649755684174,ssm_yield
wheat,IN,IN-12-2032,2017,-1.1714857573034305,2.0201841413741364,ssm_yield
wheat,IN,IN-12-2033,2011,-0.24457680750049668,1.9072143613651622,ssm_yield
wheat,IN,IN-12-2033,2012,-0.40051469905016474,2.165809248416955,ssm_yield
wheat,IN,IN-12-2033,2013,-0.4800510958999826,2.0696084201280627,ssm_yield
wheat,IN,IN-12-2033,2014,-0.2137282919213969,0.6698422397043658,ssm_yield
wheat,IN,IN-12-2033,2015,-0.8445785002244811,1.3547215310087721,ssm_yield
wheat,IN,IN-12-2033,2016,-1.7911131414800936,1.8692635758933973,ssm_yield
wheat,IN,IN-12-2033,2017,-1.3234703061852964,1.6318505225932871,ssm_yield
wheat,IN,IN-13-0801,2003,1.5622639410768924,-0.16595761708077966,ssm_yield
wheat,IN,IN-13-0801,2004,1.7385629623367964,-0.33011682865632036,ssm_yield
wheat,IN,IN-13-0801,2005,1.5048113475979965,-0.6707913214958835,ssm_yield
wheat,IN,IN-13-0801,2006,1.407323375646329,-0.21361674302206554,ssm_yield
wheat,IN,IN-13-0801,2007,1.6036440747579024,-0.2692190566202327,ssm_yield
wheat,IN,IN-13-0801,2008,1.8434809911636756,-0.7105072597802884,ssm_yield
wheat,IN,IN-13-0801,2009,1.0789510543711458,-0.18537429801982194,ssm_yield
wheat,IN,IN-13-0801,2010,0.709081106817549,0.2223760017000693,ssm_yield
wheat,IN,IN-13-0801,2011,1.0386778086073747,0.6671945104854055,ssm_yield
wheat,IN,IN-13-0801,2012,1.0964215710016818,0.5401035079753093,ssm_yield
wheat,IN,IN-13-0801,2013,1.0951917951343288,0.4712625482823407,ssm_yield
wheat,IN,IN-13-0801,2014,1.4623074151287292,0.561285341726992,ssm_yield
wheat,IN,IN-13-0801,2015,1.518901967395497,-0.2692190566202327,ssm_yield
wheat,IN,IN-13-0801,2016,1.4858338506270088,0.6857286150181277,ssm_yield
wheat,IN,IN-13-0801,2017,1.440674456791477,-0.27274936224551316,ssm_yield
wheat,IN,IN-13-0802,2003,1.4329951272104546,0.044095567623406835,ssm_yield
wheat,IN,IN-13-0802,2004,1.611759161296458,-0.1385977484848561,ssm_yield
wheat,IN,IN-13-0802,2005,1.4455516234626646,-0.10241211582573159,ssm_yield
wheat,IN,IN-13-0802,2006,1.314848934414197,0.09616757559629355,ssm_yield
wheat,IN,IN-13-0802,2007,1.660835448246659,0.2550313287339134,ssm_yield
wheat,IN,IN-13-0802,2008,1.8228142512893,-0.08476058769932934,ssm_yield
wheat,IN,IN-13-0802,2009,1.088464394820494,0.45802390218753897,ssm_yield
wheat,IN,IN-13-0802,2010,0.7665089237045422,0.33005032327112277,ssm_yield
wheat,IN,IN-13-0802,2011,0.8329273024509534,0.46684966625074026,ssm_yield
wheat,IN,IN-13-0802,2012,0.944485740970864,0.3971261301514513,ssm_yield
wheat,IN,IN-13-0802,2013,1.0345404635727995,0.46420193703177987,ssm_yield
wheat,IN,IN-13-0802,2014,1.3073430466715017,0.5718762586028333,ssm_yield
wheat,IN,IN-13-0802,2015,1.2544439936383929,-0.07769997644876846,ssm_yield
wheat,IN,IN-13-0802,2016,1.4039158930353604,0.6892589206434081,ssm_yield
wheat,IN,IN-13-0802,2017,1.2782655697202205,-0.2692190566202327,ssm_yield
wheat,IN,IN-13-0803,2003,0.4829068934672936,-0.011506745974760332,ssm_yield
wheat,IN,IN-13-0803,2004,0.6155588410931311,-0.3733630725660059,ssm_yield
wheat,IN,IN-13-0803,2005,0.5053379439043678,-0.1527189709859779,ssm_yield
wheat,IN,IN-13-0803,2006,0.07052212592604983,-0.10329469223205161,ssm_yield
wheat,IN,IN-13-0803,2007,0.3901072838542624,0.02026600465276371,ssm_yield
wheat,IN,IN-13-0803,2008,0.5655003436091566,0.03791753277916595,ssm_yield
wheat,IN,IN-13-0803,2009,0.15694306250317167,0.2144328140431884,ssm_yield
wheat,IN,IN-13-0803,2010,-0.19776334400258946,0.20384189716734705,ssm_yield
wheat,IN,IN-13-0803,2011,-0.37170977481172524,0.6821983093928472,ssm_yield
wheat,IN,IN-13-0803,2012,-0.18180762592629957,0.8957817997223142,ssm_yield
wheat,IN,IN-13-0803,2013,-0.21957470952412034,0.9363803144130396,ssm_yield
wheat,IN,IN-13-0803,2014,0.016585978072676526,0.9716833706658441,ssm_yield
wheat,IN,IN-13-0803,2015,0.021071383797992626,0.15265246560078072,ssm_yield
wheat,IN,IN-13-0803,2016,-0.028524877218107925,0.796933242214462,ssm_yield
wheat,IN,IN-13-0804,2003,0.23368089916778945,0.23561464779487107,ssm_yield
wheat,IN,IN-13-0804,2004,0.43754924133221557,-0.33011682865632036,ssm_yield
wheat,IN,IN-13-0804,2005,0.29100511668718615,-0.11388560910789296,ssm_yield
wheat,IN,IN-13-0804,2006,-0.186495910101339,-0.1333022900469356,ssm_yield
wheat,IN,IN-13-0804,2007,0.045597036388145704,0.2214934252937493,ssm_yield
wheat,IN,IN-13-0804,2008,0.2994050169447956,0.20472447357366705,ssm_yield
wheat,IN,IN-13-0804,2009,-0.049261794314995076,0.47479285390762116,ssm_yield
wheat,IN,IN-13-0804,2010,-0.43503737090146827,0.5877626339165956,ssm_yield
wheat,IN,IN-13-0804,2011,-0.5938649572394472,0.4703799718760207,ssm_yield
wheat,IN,IN-13-0804,2012,-0.4183891781166432,0.5030352989098648,ssm_yield
wheat,IN,IN-13-0804,2013,-0.508671581567781,0.4050693178083322,ssm_yield
wheat,IN,IN-13-0804,2014,-0.21536608949331695,0.49332695844034347,ssm_yield
wheat,IN,IN-13-0804,2015,-0.2208988472154118,-0.4016055175682493,ssm_yield
wheat,IN,IN-13-0804,2016,-0.31022168466562305,0.29209953779935827,ssm_yield
wheat,IN,IN-13-0804,2017,-0.29942556568139583,0.655721017203244,ssm_yield
wheat,IN,IN-13-0805,2003,0.41077391281792935,0.12441002059853715,ssm_yield
wheat,IN,IN-13-0805,2004,0.8152621150844261,-0.2189122014599864,ssm_yield
wheat,IN,IN-13-0805,2005,0.4926542404444184,-0.10859015066997248,ssm_yield
wheat,IN,IN-13-0805,2006,0.1969437998899409,-0.06534390676028708,ssm_yield
wheat,IN,IN-13-0805,2007,0.377224582295882,0.37241399077448817,ssm_yield
wheat,IN,IN-13-0805,2008,0.5735124423856616,0.03968268559180637,ssm_yield
wheat,IN,IN-13-0805,2009,0.08615680569361356,0.11734940934797625,ssm_yield
wheat,IN,IN-13-0805,2010,-0.17862333025871707,-0.10241211582573159,ssm_yield
wheat,IN,IN-13-0805,2011,-0.37355872068323265,0.09440242278365313,ssm_yield
wheat,IN,IN-13-0805,2012,-0.10926218027365696,0.4906792292213834,ssm_yield
wheat,IN,IN-13-0805,2013,-0.09255114987376056,0.3397586637406441,ssm_yield
wheat,IN,IN-13-0805,2014,0.09698944367920531,0.4986224168782643,ssm_yield
wheat,IN,IN-13-0805,2015,-0.02103493445161115,-0.037101461758043484,ssm_yield
wheat,IN,IN-13-0805,2016,-0.016977525455819566,0.015853122621163243,ssm_yield
wheat,IN,IN-13-0805,2017,-0.10921970669345246,0.32034198280160187,ssm_yield
wheat,IN,IN-13-0806,2003,0.6466757596805512,0.28680407936143737,ssm_yield
wheat,IN,IN-13-0806,2004,1.0640737338201802,0.23208434216959062,ssm_yield
wheat,IN,IN-13-0806,2005,0.8047480156036493,0.1853077926346248,ssm_yield
wheat,IN,IN-13-0806,2006,0.438128516905751,0.29916014904991917,ssm_yield
wheat,IN,IN-13-0806,2007,0.5266987715353052,0.5745239878217938,ssm_yield
wheat,IN,IN-13-0806,2008,0.8164935228176264,0.4465504089053776,ssm_yield
wheat,IN,IN-13-0806,2009,0.4774888384394417,0.30180787826887917,ssm_yield
wheat,IN,IN-13-0806,2010,0.13003629401279368,0.3238722884268823,ssm_yield
wheat,IN,IN-13-0806,2011,-0.27063223289796995,0.27091770404767557,ssm_yield
wheat,IN,IN-13-0806,2012,-0.007457043919725645,0.46508451343809987,ssm_yield
wheat,IN,IN-13-0806,2013,0.044126469218233114,0.5039178753161848,ssm_yield
wheat,IN,IN-13-0806,2014,0.3610359117139617,0.48803150000242296,ssm_yield
wheat,IN,IN-13-0806,2015,0.23955882282375957,0.38035717843136946,ssm_yield
wheat,IN,IN-13-0806,2016,0.010951706840575925,0.40242158858937216,ssm_yield
wheat,IN,IN-13-0806,2017,0.1452349015659757,0.4712625482823407,ssm_yield
wheat,IN,IN-13-0807,2003,0.5340793789325857,-0.2056735553651846,ssm_yield
wheat,IN,IN-13-0807,2004,1.1549471903780393,-0.5348745549225862,ssm_yield
wheat,IN,IN-13-0807,2005,0.8756282496658954,-0.41219643444409065,ssm_yield
wheat,IN,IN-13-0807,2006,0.6098303095626685,-0.15183639457965786,ssm_yield
wheat,IN,IN-13-0807,2007,0.8167901750601152,-0.09270377535621026,ssm_yield
wheat,IN,IN-13-0807,2008,0.9959128355330992,-0.2692190566202327,ssm_yield
wheat,IN,IN-13-0807,2009,0.3518948503327629,0.09705015200261356,ssm_yield
wheat,IN,IN-13-0807,2010,0.33026612094944574,-0.029158274101162576,ssm_yield
wheat,IN,IN-13-0807,2011,0.03182898855155927,0.06351224856244911,ssm_yield
wheat,IN,IN-13-0807,2012,0.3600618390081566,-0.030040850507482588,ssm_yield
wheat,IN,IN-13-0807,2013,0.40664419197221136,-0.2612758689633518,ssm_yield
wheat,IN,IN-13-0807,2014,0.7481028780128443,0.3176942535826414,ssm_yield
wheat,IN,IN-13-0807,2015,0.49780026753988965,-0.2815751263087143,ssm_yield
wheat,IN,IN-13-0807,2016,0.37531966189558463,0.3106336423320805,ssm_yield
wheat,IN,IN-13-0807,2017,0.3091866801304214,0.24620556467071242,ssm_yield
wheat,IN,IN-13-0810,2003,0.6075154494409892,0.1350009374743785,ssm_yield
wheat,IN,IN-13-0810,2004,1.0421774211382318,-0.009741593162119911,ssm_yield
wheat,IN,IN-13-0810,2005,0.7169675709523401,-0.48986315820026055,ssm_yield
wheat,IN,IN-13-0810,2006,0.45832996253881175,-0.04857495504020485,ssm_yield
wheat,IN,IN-13-0810,2007,0.6442431819051652,-0.2692190566202327,ssm_yield
wheat,IN,IN-13-0810,2008,0.8645502184552787,-0.04857495504020485,ssm_yield
wheat,IN,IN-13-0810,2009,0.2789728378367501,0.172069146539823,ssm_yield
wheat,IN,IN-13-0810,2010,0.09550001506050151,0.32740259405216277,ssm_yield
wheat,IN,IN-13-0810,2011,-0.13935035035850363,0.06174709574980908,ssm_yield
wheat,IN,IN-13-0810,2012,0.1704336824638313,0.172069146539823,ssm_yield
wheat,IN,IN-13-0810,2013,0.21312101646414344,0.06174709574980908,ssm_yield
wheat,IN,IN-13-0810,2014,0.4692096394030667,0.1279403262238176,ssm_yield
wheat,IN,IN-13-0810,2015,0.2411473021141641,-1.1517954629403442,ssm_yield
wheat,IN,IN-13-0810,2016,0.26258993826281507,0.34858442780384546,ssm_yield
wheat,IN,IN-13-0810,2017,0.16982176942540808,0.0988153048152536,ssm_yield
wheat,IN,IN-13-0814,2003,0.4852468065539409,0.11117137450373536,ssm_yield
wheat,IN,IN-13-0814,2004,0.9824150705323638,0.11823198575429626,ssm_yield
wheat,IN,IN-13-0814,2005,0.7966749497286455,-0.07681740004244844,ssm_yield
wheat,IN,IN-13-0814,2006,0.24491351769871048,0.2515010231086329,ssm_yield
wheat,IN,IN-13-0814,2007,0.3074240742135796,0.560402765320672,ssm_yield
wheat,IN,IN-13-0814,2008,0.6400232897873298,0.35123215702280547,ssm_yield
wheat,IN,IN-13-0814,2009,0.40559791215114327,0.5551073068827515,ssm_yield
wheat,IN,IN-13-0814,2010,-0.056050047251450096,0.6371869126705219,ssm_yield
wheat,IN,IN-13-0814,2011,-0.25661958662328455,0.6398346418894819,ssm_yield
wheat,IN,IN-13-0814,2012,-0.07177480272896829,0.42272084593473447,ssm_yield
wheat,IN,IN-13-0814,2013,-0.1571257100257104,0.5639330709459525,ssm_yield
wheat,IN,IN-13-0814,2014,0.04783207385482761,0.4694973954697007,ssm_yield
wheat,IN,IN-13-0814,2015,0.04931309817412392,0.44566783249905756,ssm_yield
wheat,IN,IN-13-0814,2016,-0.09060728136829203,0.6927892262686886,ssm_yield
wheat,IN,IN-13-0814,2017,-0.018578156107674434,0.8331188748735865,ssm_yield
wheat,IN,IN-13-0816,2003,1.2340214225023005,-0.4695639008548981,ssm_yield
wheat,IN,IN-13-0816,2004,1.4826568566231964,-0.3574766972522439,ssm_yield
wheat,IN,IN-13-0816,2005,1.1902624193123161,-0.5463480482047477,ssm_yield
wheat,IN,IN-13-0816,2006,0.9206481125017857,-0.3107001477172779,ssm_yield
wheat,IN,IN-13-0816,2007,0.8545143480245359,-0.10417726863837201,ssm_yield
wheat,IN,IN-13-0816,2008,0.8753442959736254,-0.5984200561776343,ssm_yield
wheat,IN,IN-13-0816,2009,0.7484748439187737,-0.2762796678707936,ssm_yield
wheat,IN,IN-13-0816,2010,0.4524005393732147,-0.23921145880534908,ssm_yield
wheat,IN,IN-13-0816,2011,0.2272318952267378,-0.08034770566772889,ssm_yield
wheat,IN,IN-13-0816,2012,0.34192863505649573,0.12264486778589671,ssm_yield
wheat,IN,IN-13-0816,2013,0.07069318075341334,-0.21626447224102596,ssm_yield
wheat,IN,IN-13-0816,2014,0.2705062818388239,0.018500851840123678,ssm_yield
wheat,IN,IN-13-0816,2015,0.5282665142287049,0.11734940934797625,ssm_yield
wheat,IN,IN-13-0816,2016,0.42562564430935945,-0.7043292249360477,ssm_yield
wheat,IN,IN-13-0816,2017,0.5513293359288274,0.6230656901694,ssm_yield
wheat,IN,IN-13-0817,2003,-0.003608549257085717,-0.027393121288522154,ssm_yield
wheat,IN,IN-13-0817,2004,0.7633586120162988,-0.27980997349607406,ssm_yield
wheat,IN,IN-13-0817,2005,0.35173296228390427,-0.07593482363612843,ssm_yield
wheat,IN,IN-13-0817,2006,0.11839172585051026,-0.2197947778663064,ssm_yield
wheat,IN,IN-13-0817,2007,0.19517787179676632,0.06174709574980908,ssm_yield
wheat,IN,IN-13-0817,2008,0.3262329160695973,-0.36718503772176503,ssm_yield
wheat,IN,IN-13-0817,2009,-0.13489514030796462,-0.6001852089902745,ssm_yield
wheat,IN,IN-13-0817,2010,-0.19723126933821586,0.22678888373166975,ssm_yield
wheat,IN,IN-13-0817,2011,-0.4997339228797069,-0.05828329550972618,ssm_yield
wheat,IN,IN-13-0817,2012,-0.11689832128808075,-0.2639235981823122,ssm_yield
wheat,IN,IN-13-0817,2013,-0.16055067969730133,-0.04680980222756482,ssm_yield
wheat,IN,IN-13-0817,2014,0.3513007524532199,-0.040631767383323934,ssm_yield
wheat,IN,IN-13-0817,2015,-0.005216447072729142,-0.7616966913468549,ssm_yield
wheat,IN,IN-13-0817,2016,-0.29406179291140394,-0.4739767828864985,ssm_yield
wheat,IN,IN-13-0817,2017,-0.10719977524587553,-0.2347985767737482,ssm_yield
wheat,IN,IN-13-0819,2003,1.1745008031477777,-0.25245010490015046,ssm_yield
wheat,IN,IN-13-0819,2004,1.4626736429215588,-0.008859016755799897,ssm_yield
wheat,IN,IN-13-0819,2005,1.32495180320873,-0.23921145880534908,ssm_yield
wheat,IN,IN-13-0819,2006,0.8778706334256693,0.12970547903645763,ssm_yield
wheat,IN,IN-13-0819,2007,0.9160463993677801,0.3397586637406441,ssm_yield
wheat,IN,IN-13-0819,2008,1.1168781966274903,0.16059565325766165,ssm_yield
wheat,IN,IN-13-0819,2009,0.9084736885336123,0.34152381655328456,ssm_yield
wheat,IN,IN-13-0819,2010,0.5144068652050318,0.3759442963997686,ssm_yield
wheat,IN,IN-13-0819,2011,0.38128091166028655,0.09616757559629355,ssm_yield
wheat,IN,IN-13-0819,2012,0.5499680723872397,0.06880770700036998,ssm_yield
wheat,IN,IN-13-0819,2013,0.21743016906008225,0.21266766123054798,ssm_yield
wheat,IN,IN-13-0819,2014,0.4821339067699442,0.019383428246443693,ssm_yield
wheat,IN,IN-13-0819,2015,0.6206253198557147,0.08822438793941224,ssm_yield
wheat,IN,IN-13-0819,2016,0.46772175311490927,0.0626296721561291,ssm_yield
wheat,IN,IN-13-0819,2017,0.7176696893967093,0.5215694034425871,ssm_yield
wheat,IN,IN-13-0820,2003,1.1738522046753954,-0.1606621586428588,ssm_yield
wheat,IN,IN-13-0820,2004,1.3572598978367791,0.047625873248687285,ssm_yield
wheat,IN,IN-13-0820,2005,1.2249813792185857,-0.3362948635005612,ssm_yield
wheat,IN,IN-13-0820,2006,0.8308973803366857,0.13764866669333853,ssm_yield
wheat,IN,IN-13-0820,2007,0.8748182490842582,0.5780542934470743,ssm_yield
wheat,IN,IN-13-0820,2008,1.0941150577175358,0.5259822854741875,ssm_yield
wheat,IN,IN-13-0820,2009,0.8062830521653322,0.6062967384493178,ssm_yield
wheat,IN,IN-13-0820,2010,0.46811925937143445,0.6310088778262809,ssm_yield
wheat,IN,IN-13-0820,2011,0.29684648522277846,0.735152893772054,ssm_yield
wheat,IN,IN-13-0820,2012,0.4692199113245764,0.9116681750360764,ssm_yield
wheat,IN,IN-13-0820,2013,0.28410915112362123,0.7060278723634904,ssm_yield
wheat,IN,IN-13-0820,2014,0.5306540949735125,0.7528044218984562,ssm_yield
wheat,IN,IN-13-0820,2015,0.6086951742682888,0.6654293576727655,ssm_yield
wheat,IN,IN-13-0820,2016,0.42846341694227424,0.7881074781512607,ssm_yield
wheat,IN,IN-13-0820,2017,0.6321662709461922,1.25852070271988,ssm_yield
wheat,IN,IN-13-0824,2003,1.409771828209499,-0.42455250413257223,ssm_yield
wheat,IN,IN-13-0824,2004,2.0406280386768088,-0.176548533956621,ssm_yield
wheat,IN,IN-13-0824,2005,1.740814954161962,-0.09270377535621026,ssm_yield
wheat,IN,IN-13-0824,2006,1.529610548865619,-0.1324197136406156,ssm_yield
wheat,IN,IN-13-0824,2007,1.7226414674712416,0.21972827248110888,ssm_yield
wheat,IN,IN-13-0824,2008,1.9258037125533478,-0.3795411074102466,ssm_yield
wheat,IN,IN-13-0824,2009,1.222129171672473,-0.3107001477172779,ssm_yield
wheat,IN,IN-13-0824,2010,1.1948907448170867,0.07939862387621133,ssm_yield
wheat,IN,IN-13-0824,2011,0.8937083099834892,-0.2895183139655952,ssm_yield
wheat,IN,IN-13-0824,2012,1.267456567659163,-0.37601080178496615,ssm_yield
wheat,IN,IN-13-0824,2013,1.3361102571908599,0.04674329684236727,ssm_yield
wheat,IN,IN-13-0824,2014,1.8344957235467672,-0.15889700583021876,ssm_yield
wheat,IN,IN-13-0824,2015,1.3647913566303673,-0.4077835524124902,ssm_yield
wheat,IN,IN-13-0824,2016,1.2758153059107542,-0.39719263553664885,ssm_yield
wheat,IN,IN-13-0824,2017,1.2077683045672163,0.34858442780384546,ssm_yield
wheat,IN,IN-13-2061,2016,0.9682951151128116,0.006144782151641912,ssm_yield
wheat,IN,IN-13-2061,2017,0.8532516754584087,0.12970547903645763,ssm_yield
wheat,IN,IN-13-2063,2016,-0.05953299266999248,0.38565263686928997,ssm_yield
wheat,IN,IN-13-2063,2017,-0.050388774410044815,0.2806260445171969,ssm_yield
wheat,IN,IN-14-0001,2003,-0.2398126775447786,-1.3547880363939697,ssm_yield
wheat,IN,IN-14-0001,2004,1.3505956388854663,-1.500413143436788,ssm_yield
wheat,IN,IN-14-0001,2005,0.5060157531535487,-1.500413143436788,ssm_yield
wheat,IN,IN-14-0001,2006,0.7877159085675941,-1.3689092588950915,ssm_yield
wheat,IN,IN-14-0001,2007,0.9003549420231116,-1.184450789974188,ssm_yield
wheat,IN,IN-14-0001,2008,1.0103653341477556,-1.1906288248184291,ssm_yield
wheat,IN,IN-14-0001,2009,0.2535720471719592,-1.2021023181005903,ssm_yield
wheat,IN,IN-14-0001,2010,0.3215771889361167,-1.165034109035146,ssm_yield
wheat,IN,IN-14-0001,2011,0.6693779807067508,-1.0679507043399334,ssm_yield
wheat,IN,IN-14-0001,2012,0.6040755203376197,-1.0414734121503302,ssm_yield
wheat,IN,IN-14-0001,2013,0.9889603077904404,-1.0344128008997693,ssm_yield
wheat,IN,IN-14-0001,2014,1.5437762427189687,-1.0114658143354462,ssm_yield
wheat,IN,IN-14-0001,2015,0.9180895088687435,-0.8684884365115884,ssm_yield
wheat,IN,IN-14-0001,2016,0.34285165944065377,-0.7731701846290162,ssm_yield
wheat,IN,IN-14-0001,2017,0.5564043431151507,-1.1314962055949815,ssm_yield
wheat,IN,IN-14-0002,2003,-0.7093527905424444,-0.6875602732159655,ssm_yield
wheat,IN,IN-14-0002,2004,0.02722649165168841,-0.6707913214958835,ssm_yield
wheat,IN,IN-14-0002,2005,-0.487117751442927,-0.6707913214958835,ssm_yield
wheat,IN,IN-14-0002,2006,-0.19792887897828032,-0.5666473055501102,ssm_yield
wheat,IN,IN-14-0002,2007,-0.25122238813327197,-0.18802202723878236,ssm_yield
wheat,IN,IN-14-0002,2008,-0.0574326773752364,-0.31864333537415895,ssm_yield
wheat,IN,IN-14-0002,2009,-0.5518456771307252,-0.25862813974439136,ssm_yield
wheat,IN,IN-14-0002,2010,-0.5718268218818326,-0.2692190566202327,ssm_yield
wheat,IN,IN-14-0002,2011,0.01624918004478078,-0.2692190566202327,ssm_yield
wheat,IN,IN-14-0002,2012,-0.6502342780789683,-0.09270377535621026,ssm_yield
wheat,IN,IN-14-0002,2013,-0.3593227828982803,-0.14301063051645696,ssm_yield
wheat,IN,IN-14-0002,2014,0.03799630529529198,-0.007976440349479882,ssm_yield
wheat,IN,IN-14-0002,2015,-0.2898504767207484,0.1429441251312594,ssm_yield
wheat,IN,IN-14-0002,2016,-0.5448654736180344,0.15441761841342075,ssm_yield
wheat,IN,IN-14-0002,2017,-0.5365921292112759,-0.31423045334255834,ssm_yield
wheat,IN,IN-14-0003,2003,0.09805288967065921,-0.9373293962045569,ssm_yield
wheat,IN,IN-14-0003,2004,2.0257962178927498,-1.1156098302812196,ssm_yield
wheat,IN,IN-14-0003,2005,1.0272632976424085,-1.1156098302812196,ssm_yield
wheat,IN,IN-14-0003,2006,1.3417339071531478,-1.2126932349764317,ssm_yield
wheat,IN,IN-14-0003,2007,1.4804251174408396,-1.0414734121503302,ssm_yield
wheat,IN,IN-14-0003,2008,1.582545547979764,-1.1482651573150637,ssm_yield
wheat,IN,IN-14-0003,2009,0.7209877510262719,-0.7943520183806989,ssm_yield
wheat,IN,IN-14-0003,2010,0.6766727337786252,-0.8437762971346252,ssm_yield
wheat,IN,IN-14-0003,2011,1.1972170108217406,-0.49692376945082145,ssm_yield
wheat,IN,IN-14-0003,2012,1.0631692568916327,-0.4130790108504109,ssm_yield
wheat,IN,IN-14-0003,2013,1.4508164700003507,-0.4580904075727365,ssm_yield
wheat,IN,IN-14-0003,2014,2.014166211402046,-0.23215084755478818,ssm_yield
wheat,IN,IN-14-0003,2015,1.325738197062455,-0.334529710687921,ssm_yield
wheat,IN,IN-14-0003,2016,0.7397012441537957,-0.1836091452071819,ssm_yield
wheat,IN,IN-14-0003,2017,0.97921190101189,-0.5119275683582633,ssm_yield
wheat,IN,IN-14-0004,2003,-0.7395758171406593,-1.1376742404392224,ssm_yield
wheat,IN,IN-14-0004,2004,-0.02323483764131113,-1.2903599587326016,ssm_yield
wheat,IN,IN-14-0004,2005,-0.5447501796759385,-1.2903599587326016,ssm_yield
wheat,IN,IN-14-0004,2006,-0.5594960148656116,-1.2400531035723552,ssm_yield
wheat,IN,IN-14-0004,2007,-0.5278162319428868,-1.0670681279336134,ssm_yield
wheat,IN,IN-14-0004,2008,-0.5701718582874389,-1.1217878651254602,ssm_yield
wheat,IN,IN-14-0004,2009,-0.8480919659119754,-1.0229393076176079,ssm_yield
wheat,IN,IN-14-0004,2010,-0.854594409906492,-0.9814582165205625,ssm_yield
wheat,IN,IN-14-0004,2011,-0.8024462183906652,-0.7696398790037358,ssm_yield
wheat,IN,IN-14-0004,2012,-0.5213968159960867,-0.7043292249360477,ssm_yield
wheat,IN,IN-14-0004,2013,-0.4630005482319477,-0.7572838093152542,ssm_yield
wheat,IN,IN-14-0004,2014,-0.18594581930479828,-0.6204844663356369,ssm_yield
wheat,IN,IN-14-0004,2015,-0.47767802006804105,-0.72286332946877,ssm_yield
wheat,IN,IN-14-0004,2016,-0.7391631569606255,-0.6178367371166767,ssm_yield
wheat,IN,IN-14-0004,2017,-0.6699004047507925,-0.7413974340014923,ssm_yield
wheat,IN,IN-14-0005,2003,0.006370398820375412,-0.787291407130138,ssm_yield
wheat,IN,IN-14-0005,2004,0.9288918227965987,-0.9982271682406447,ssm_yield
wheat,IN,IN-14-0005,2005,0.3186101118442492,-0.9982271682406447,ssm_yield
wheat,IN,IN-14-0005,2006,0.3349801637682284,-0.9655718412068005,ssm_yield
wheat,IN,IN-14-0005,2007,0.34702056776292056,-0.6884428496222856,ssm_yield
wheat,IN,IN-14-0005,2008,0.34409763543149463,-0.7855262543174978,ssm_yield
wheat,IN,IN-14-0005,2009,-0.07492446249593426,-0.9779279108952821,ssm_yield
wheat,IN,IN-14-0005,2010,-0.12872747153195593,-0.5216359088277845,ssm_yield
wheat,IN,IN-14-0005,2011,0.18306928724370064,-0.494276040231861,ssm_yield
wheat,IN,IN-14-0005,2012,0.206015047906413,-0.421904774913612,ssm_yield
wheat,IN,IN-14-0005,2013,0.29849525596274334,-0.5057495335140225,ssm_yield
wheat,IN,IN-14-0005,2014,0.5381907282923207,-0.11829849113949381,ssm_yield
wheat,IN,IN-14-0005,2015,0.21602275276706892,-0.3654198849091248,ssm_yield
wheat,IN,IN-14-0005,2016,-0.02476307129683212,-0.33806001631320143,ssm_yield
wheat,IN,IN-14-0005,2017,0.06178887034612851,-0.4801548177307394,ssm_yield
wheat,IN,IN-14-0006,2003,-0.45635441712373287,-0.9973445918343246,ssm_yield
wheat,IN,IN-14-0006,2004,0.43425048037388936,-1.103253760592738,ssm_yield
wheat,IN,IN-14-0006,2005,-0.09173462823819938,-1.103253760592738,ssm_yield
wheat,IN,IN-14-0006,2006,-0.1964630062697913,-1.1314962055949815,ssm_yield
wheat,IN,IN-14-0006,2007,-0.10356416005500291,-0.8923179994822313,ssm_yield
wheat,IN,IN-14-0006,2008,-0.1784173769452653,-0.9752801816763218,ssm_yield
wheat,IN,IN-14-0006,2009,-0.41181996741895893,-1.0423559885566502,ssm_yield
wheat,IN,IN-14-0006,2010,-0.4487269817826628,-0.9920491333964039,ssm_yield
wheat,IN,IN-14-0006,2011,-0.5393433504011421,-0.9514506187056787,ssm_yield
wheat,IN,IN-14-0006,2012,-0.13181735047741155,-0.6549049461821215,ssm_yield
wheat,IN,IN-14-0006,2013,-0.11405689348617126,-0.6222496191482771,ssm_yield
wheat,IN,IN-14-0006,2014,0.1703666189161435,-0.41925704569465155,ssm_yield
wheat,IN,IN-14-0006,2015,-0.15302230363026545,-0.7722876082226963,ssm_yield
wheat,IN,IN-14-0006,2016,-0.4201993585700831,-0.7846436779111778,ssm_yield
wheat,IN,IN-14-0006,2017,-0.21457352241529432,-0.6963860372791666,ssm_yield
wheat,IN,IN-14-0501,2003,-0.3747562675886524,-1.340666813892848,ssm_yield
wheat,IN,IN-14-0501,2004,0.9584489559392976,-1.443045677025981,ssm_yield
wheat,IN,IN-14-0501,2005,0.27342933698523636,-1.443045677025981,ssm_yield
wheat,IN,IN-14-0501,2006,0.49442185674691363,-1.4139206556174173,ssm_yield
wheat,IN,IN-14-0501,2007,0.5345310352574276,-1.254174326073477,ssm_yield
wheat,IN,IN-14-0501,2008,0.6535162660459978,-1.3989168567099752,ssm_yield
wheat,IN,IN-14-0501,2009,-0.0007624878107019365,-1.3027160284210832,ssm_yield
wheat,IN,IN-14-0501,2010,0.10546645390315089,-1.1641515326288256,ssm_yield
wheat,IN,IN-14-0501,2011,0.33342179200967653,-1.0335302244934492,ssm_yield
wheat,IN,IN-14-0501,2012,0.267029869335619,-1.0026400502722452,ssm_yield
wheat,IN,IN-14-0501,2013,0.6373276837413726,-1.03882568293137,ssm_yield
wheat,IN,IN-14-0501,2014,1.169156025846404,-0.9629241119878402,ssm_yield
wheat,IN,IN-14-0501,2015,0.623025779035419,-1.0247044604302482,ssm_yield
wheat,IN,IN-14-0501,2016,0.10934731424801082,-0.8984960343264722,ssm_yield
wheat,IN,IN-14-0501,2017,0.22779280881209013,-0.8190641577576621,ssm_yield
wheat,IN,IN-14-1055,2003,-0.8230544677818631,-0.7105072597802884,ssm_yield
wheat,IN,IN-14-1055,2004,-0.2239170152974735,-1.1517954629403442,ssm_yield
wheat,IN,IN-14-1055,2005,-0.5888060577146053,-1.1517954629403442,ssm_yield
wheat,IN,IN-14-1055,2006,-0.3382949919788615,-1.1517954629403442,ssm_yield
wheat,IN,IN-14-1055,2008,-0.16224628044015865,-1.1517954629403442,ssm_yield
wheat,IN,IN-14-1055,2009,-0.5601162696714672,-1.1517954629403442,ssm_yield
wheat,IN,IN-14-1055,2011,-0.16143759532191468,-1.1517954629403442,ssm_yield
wheat,IN,IN-14-1055,2012,-0.8226022383784893,-1.1517954629403442,ssm_yield
wheat,IN,IN-14-1055,2013,-0.5661658088991777,-1.1517954629403442,ssm_yield
wheat,IN,IN-14-1055,2014,-0.1399224937727914,-1.1517954629403442,ssm_yield
wheat,IN,IN-14-1055,2015,-0.506216078295594,-0.2692190566202327,ssm_yield
wheat,IN,IN-14-1055,2016,-0.7791371121914428,-0.2692190566202327,ssm_yield
wheat,IN,IN-14-1055,2017,-0.6424021427119855,-1.063537822308333,ssm_yield
wheat,IN,IN-14-1056,2003,-0.8227628104295744,-1.0397082593376898,ssm_yield
wheat,IN,IN-14-1056,2004,0.07180719453155242,-1.1667992618477858,ssm_yield
wheat,IN,IN-14-1056,2005,-0.46821929234577847,-1.1667992618477858,ssm_yield
wheat,IN,IN-14-1056,2006,-0.3967568848345553,-1.2100455057574713,ssm_yield
wheat,IN,IN-14-1056,2007,-0.3732813653222924,-0.9805756401142425,ssm_yield
wheat,IN,IN-14-1056,2008,-0.31002574033613106,-1.057359787464092,ssm_yield
wheat,IN,IN-14-1056,2009,-0.704666620561777,-0.7881739835364583,ssm_yield
wheat,IN,IN-14-1056,2010,-0.7117802716367374,-0.8120035465071012,ssm_yield
wheat,IN,IN-14-1056,2011,-0.3771507253613363,-0.6787345091527643,ssm_yield
wheat,IN,IN-14-1056,2012,-0.6093053179939381,-0.770522455410056,ssm_yield
wheat,IN,IN-14-1056,2013,-0.41921473680823335,-0.7299239407193309,ssm_yield
wheat,IN,IN-14-1056,2014,-0.14332782169741648,-0.493393463825541,ssm_yield
wheat,IN,IN-14-1056,2015,-0.41891457882626454,-0.6804996619654046,ssm_yield
wheat,IN,IN-14-1056,2016,-0.6173174167704427,-0.7263936350940504,ssm_yield
wheat,IN,IN-14-1056,2017,-0.6012882905149314,-0.6725564743085237,ssm_yield
wheat,IN,IN-14-1059,2003,-1.0065699775164059,-0.984988522145843,ssm_yield
wheat,IN,IN-14-1059,2004,0.15378202811815875,-1.2197538462269926,ssm_yield
wheat,IN,IN-14-1059,2005,-0.5985944807844042,-1.2197538462269926,ssm_yield
wheat,IN,IN-14-1059,2006,-0.5068699191444925,-1.1244355943444206,ssm_yield
wheat,IN,IN-14-1059,2007,-0.4311577053093731,-0.8720187421368688,ssm_yield
wheat,IN,IN-14-1059,2008,-0.4405970033388402,-0.9558635007372794,ssm_yield
wheat,IN,IN-14-1059,2009,-0.8287793448463926,-0.7149201418118889,ssm_yield
wheat,IN,IN-14-1059,2010,-0.8376904667743676,-0.6937383080602063,ssm_yield
wheat,IN,IN-14-1059,2011,-0.6975069995568846,-0.6090109730534756,ssm_yield
wheat,IN,IN-14-1059,2012,-0.4908033295344637,-0.5931245977397136,ssm_yield
wheat,IN,IN-14-1059,2013,-0.34303446574169555,-0.4510297963221756,ssm_yield
wheat,IN,IN-14-1059,2014,-0.003330000535401431,-0.525166214453065,ssm_yield
wheat,IN,IN-14-1059,2015,-0.4275897071769848,-0.41837446928833155,ssm_yield
wheat,IN,IN-14-1059,2016,-0.7753600122714388,-0.36718503772176503,ssm_yield
wheat,IN,IN-14-1059,2017,-0.6169248729983654,-0.43955630304001425,ssm_yield
wheat,IN,IN-14-1065,2003,0.1288381069781164,-1.1006060313737775,ssm_yield
wheat,IN,IN-14-1065,2004,1.139632276448598,-1.3230152857664457,ssm_yield
wheat,IN,IN-14-1065,2005,0.47486931819910433,-1.3230152857664457,ssm_yield
wheat,IN,IN-14-1065,2006,0.36836303589268415,-1.3300758970170066,ssm_yield
wheat,IN,IN-14-1065,2007,0.4142624122169072,-1.1209052887191402,ssm_yield
wheat,IN,IN-14-1065,2008,0.25369969090246614,-0.9938142862090441,ssm_yield
wheat,IN,IN-14-1065,2009,0.04338563372426769,-1.1870985191931487,ssm_yield
wheat,IN,IN-14-1065,2010,0.05776983748878897,-1.2082803529448312,ssm_yield
wheat,IN,IN-14-1065,2011,-0.2325509181774959,-0.7846436779111778,ssm_yield
wheat,IN,IN-14-1065,2012,0.4771351317825341,-0.8693710129179084,ssm_yield
wheat,IN,IN-14-1065,2013,0.49802187938376274,-0.9373293962045569,ssm_yield
wheat,IN,IN-14-1065,2014,1.0093374838453968,-0.6160715843040365,ssm_yield
wheat,IN,IN-14-1065,2015,0.5524972994409515,-1.207397776538511,ssm_yield
wheat,IN,IN-14-1065,2016,0.03848581543357644,-0.8561323668231068,ssm_yield
wheat,IN,IN-14-1065,2017,0.3389495533100937,-0.9435074310487979,ssm_yield
wheat,IN,IN-14-1066,2003,0.2502416211924321,-0.9991097446469648,ssm_yield
wheat,IN,IN-14-1066,2004,1.2092207333098612,-1.0282347660555287,ssm_yield
wheat,IN,IN-14-1066,2005,0.6833184149106454,-1.0282347660555287,ssm_yield
wheat,IN,IN-14-1066,2006,0.5503766886638081,-1.1332613584076219,ssm_yield
wheat,IN,IN-14-1066,2007,0.6476330409654657,-0.809355817288141,ssm_yield
wheat,IN,IN-14-1066,2008,0.5643410035630021,-0.8534846376041464,ssm_yield
wheat,IN,IN-14-1066,2009,0.1979155385514663,-0.7043292249360477,ssm_yield
wheat,IN,IN-14-1066,2010,0.13524860242130685,-0.7440451632204527,ssm_yield
wheat,IN,IN-14-1066,2011,0.14226649915985762,-0.541052589766827,ssm_yield
wheat,IN,IN-14-1066,2012,0.5563808892067885,-0.5904768685207533,ssm_yield
wheat,IN,IN-14-1066,2013,0.5981656742907919,-0.5454654717984275,ssm_yield
wheat,IN,IN-14-1066,2014,0.9319683257696133,-0.39101460069240795,ssm_yield
wheat,IN,IN-14-1066,2015,0.5797543841776581,-0.8843748118253504,ssm_yield
wheat,IN,IN-14-1066,2016,0.2096902922701663,-0.5948897505523538,ssm_yield
wheat,IN,IN-14-1066,2017,0.40021135621041876,-0.603715514615555,ssm_yield
wheat,IN,IN-14-1067,2003,-0.6647713304853642,-1.3212501329538053,ssm_yield
wheat,IN,IN-14-1067,2004,0.08339424551804017,-1.462462357965023,ssm_yield
wheat,IN,IN-14-1067,2005,-0.4218158869318557,-1.462462357965023,ssm_yield
wheat,IN,IN-14-1067,2006,-0.4472408178077696,-1.3600834948318903,ssm_yield
wheat,IN,IN-14-1067,2007,-0.4147438012479521,-1.2965379935768424,ssm_yield
wheat,IN,IN-14-1067,2008,-0.44011895222865427,-1.3389016610802076,ssm_yield
wheat,IN,IN-14-1067,2009,-0.6997772929229895,-1.2126932349764317,ssm_yield
wheat,IN,IN-14-1067,2010,-0.7440669968900862,-1.262117513730358,ssm_yield
wheat,IN,IN-14-1067,2011,-0.6810917603125594,-1.0626552459020129,ssm_yield
wheat,IN,IN-14-1067,2012,-0.40131319647473696,-1.0432385649629703,ssm_yield
wheat,IN,IN-14-1067,2013,-0.35652284586082583,-1.0988408785611374,ssm_yield
wheat,IN,IN-14-1067,2014,-0.16254844710876654,-0.7828785250985376,ssm_yield
wheat,IN,IN-14-1067,2015,-0.4202253946366011,-1.2453485620102758,ssm_yield
wheat,IN,IN-14-1067,2016,-0.6353183526042651,-0.9946968626153643,ssm_yield
wheat,IN,IN-14-1067,2017,-0.5509692500218663,-1.0211741548049678,ssm_yield
wheat,IN,IN-14-1068,2003,-0.8877930388943756,-1.3318410498296467,ssm_yield
wheat,IN,IN-14-1068,2004,-0.07954722333694583,-1.4368676421817401,ssm_yield
wheat,IN,IN-14-1068,2005,-0.6622515320761866,-1.4368676421817401,ssm_yield
wheat,IN,IN-14-1068,2006,-0.5800911104906518,-1.4686403928092642,ssm_yield
wheat,IN,IN-14-1068,2007,-0.5464608394723512,-1.3035986048274033,ssm_yield
wheat,IN,IN-14-1068,2008,-0.532374611110579,-1.3371365082675675,ssm_yield
wheat,IN,IN-14-1068,2009,-0.9312718495193546,-1.2771213126377998,ssm_yield
wheat,IN,IN-14-1068,2010,-0.8705057233220965,-1.0758938919968144,ssm_yield
wheat,IN,IN-14-1068,2011,-0.779900527670874,-0.952333195111999,ssm_yield
wheat,IN,IN-14-1068,2012,-0.6045519795758497,-0.9602763827688798,ssm_yield
wheat,IN,IN-14-1068,2013,-0.43914278319457656,-1.127965899969701,ssm_yield
wheat,IN,IN-14-1068,2014,-0.03565187875797768,-0.7749353374416564,ssm_yield
wheat,IN,IN-14-1068,2015,-0.4159868924734234,-0.857897519635747,ssm_yield
wheat,IN,IN-14-1068,2016,-0.7599729999446917,-0.9955794390216843,ssm_yield
wheat,IN,IN-14-1068,2017,-0.7367864764194513,-1.1712121438793865,ssm_yield
wheat,IN,IN-14-1069,2003,0.13863585998854777,-0.809355817288141,ssm_yield
wheat,IN,IN-14-1069,2004,1.084916962317731,-1.0441211413692904,ssm_yield
wheat,IN,IN-14-1069,2005,0.4354961265290399,-1.0441211413692904,ssm_yield
wheat,IN,IN-14-1069,2006,0.4542345644118258,-1.2338750687281144,ssm_yield
wheat,IN,IN-14-1069,2007,0.48301631869436007,-0.9540983479246392,ssm_yield
wheat,IN,IN-14-1069,2008,0.5464215227861143,-1.1173749830938597,ssm_yield
wheat,IN,IN-14-1069,2009,0.00292305952542317,-0.6716738979022034,ssm_yield
wheat,IN,IN-14-1069,2010,-0.03538633685319769,-0.8993786107327922,ssm_yield
wheat,IN,IN-14-1069,2011,0.41861052191793635,-0.4369085738210538,ssm_yield
wheat,IN,IN-14-1069,2012,0.2727447089308103,-0.41749189288201133,ssm_yield
wheat,IN,IN-14-1069,2013,0.41281707097586956,-0.5057495335140225,ssm_yield
wheat,IN,IN-14-1069,2014,0.6928170613121789,-0.28687058474663496,ssm_yield
wheat,IN,IN-14-1069,2015,0.37309091206465306,-0.5198707560151443,ssm_yield
wheat,IN,IN-14-1069,2016,0.06802050272785409,-0.49780634585714145,ssm_yield
wheat,IN,IN-14-1069,2017,0.15094257107496672,-0.5145752975772236,ssm_yield
wheat,IN,IN-14-1070,2003,-0.9644514559733232,-0.5895942921144331,ssm_yield
wheat,IN,IN-14-1070,2004,-0.3410784379683402,-0.7855262543174978,ssm_yield
wheat,IN,IN-14-1070,2005,-0.5993236487605951,-0.7855262543174978,ssm_yield
wheat,IN,IN-14-1070,2006,-0.5134532129083028,-0.5542912358616287,ssm_yield
wheat,IN,IN-14-1070,2007,-0.4643824799976579,-0.4236699277262522,ssm_yield
wheat,IN,IN-14-1070,2008,-0.43020292057061543,-1.096193149342177,ssm_yield
wheat,IN,IN-14-1070,2009,-0.7836822424124488,-0.6328405360241185,ssm_yield
wheat,IN,IN-14-1070,2010,-0.8163213373656018,-0.2692190566202327,ssm_yield
wheat,IN,IN-14-1070,2011,-0.434937342574912,-0.4289653861641729,ssm_yield
wheat,IN,IN-14-1070,2012,-0.8820299892001888,-0.3989577883492891,ssm_yield
wheat,IN,IN-14-1070,2013,-0.5946984522237774,-0.6725564743085237,ssm_yield
wheat,IN,IN-14-1070,2014,-0.15765667835167393,0.05556906090556819,ssm_yield
wheat,IN,IN-14-1070,2015,-0.5159215867737938,-0.4016055175682493,ssm_yield
wheat,IN,IN-14-1070,2016,-0.8246369247321264,-0.11918106754581383,ssm_yield
wheat,IN,IN-14-1070,2017,-0.7777250428208943,-0.6460791821189203,ssm_yield
wheat,IN,IN-14-2015,2007,0.5516140058101694,-0.2692190566202327,ssm_yield
wheat,IN,IN-14-2015,2008,0.6618824395980925,-1.1517954629403442,ssm_yield
wheat,IN,IN-14-2015,2009,0.11024201106801133,-0.2692190566202327,ssm_yield
wheat,IN,IN-14-2015,2010,-0.016970574531492737,-0.2692190566202327,ssm_yield
wheat,IN,IN-14-2015,2011,0.7182951116852934,-1.1517954629403442,ssm_yield
wheat,IN,IN-14-2015,2012,-0.14318288408016974,-0.2692190566202327,ssm_yield
wheat,IN,IN-14-2015,2013,0.298599411160434,-0.7105072597802884,ssm_yield
wheat,IN,IN-14-2015,2014,0.9645215658143647,-0.2692190566202327,ssm_yield
wheat,IN,IN-14-2015,2016,-0.0330684003940538,-0.7987649004122996,ssm_yield
wheat,IN,IN-14-2015,2017,0.10222991229150634,0.024678886684364562,ssm_yield
wheat,IN,IN-14-2034,2011,-0.3389898629472609,-1.103253760592738,ssm_yield
wheat,IN,IN-14-2034,2012,-0.5357454189907466,-1.2259318810712334,ssm_yield
wheat,IN,IN-14-2034,2013,-0.31377774249242485,-1.2656478193556384,ssm_yield
wheat,IN,IN-14-2034,2014,-0.014958998517950546,-0.9390945490171971,ssm_yield
wheat,IN,IN-14-2034,2015,-0.3171966738867594,-1.2118106585701116,ssm_yield
wheat,IN,IN-14-2034,2016,-0.5442271683517024,-1.1182575595001798,ssm_yield
wheat,IN,IN-14-2034,2017,-0.5099072437922797,-1.0511817526198513,ssm_yield
wheat,IN,IN-14-2035,2011,0.8764858046702725,-0.5339919785162661,ssm_yield
wheat,IN,IN-14-2035,2012,0.9376677990908552,-0.37601080178496615,ssm_yield
wheat,IN,IN-14-2035,2013,1.2305900729254755,-0.4739767828864985,ssm_yield
wheat,IN,IN-14-2035,2014,1.6844155071010412,-0.12094622035845384,ssm_yield
wheat,IN,IN-14-2035,2015,1.0913909702400664,-0.5234010616404248,ssm_yield
wheat,IN,IN-14-2035,2016,0.5767643891491983,-0.09005604613725021,ssm_yield
wheat,IN,IN-14-2035,2017,0.8198222319188425,-0.6531397933694812,ssm_yield
wheat,IN,IN-14-2036,2011,-0.7993610857888716,-0.9399771254235174,ssm_yield
wheat,IN,IN-14-2036,2012,-0.3239569208859247,-0.2127341666157455,ssm_yield
wheat,IN,IN-14-2036,2013,-0.35937665854281287,-0.6019503618029147,ssm_yield
wheat,IN,IN-14-2036,2014,0.011615173703542502,-0.7564012329089342,ssm_yield
wheat,IN,IN-14-2036,2015,-0.30309535323827863,-0.674321627121164,ssm_yield
wheat,IN,IN-14-2036,2016,-0.6067630610330766,-0.4360259974147338,ssm_yield
wheat,IN,IN-14-2036,2017,-0.3439957681908401,-0.4024880939745695,ssm_yield
wheat,IN,IN-14-2037,2011,-0.4812041781233257,-1.0732461627778542,ssm_yield
wheat,IN,IN-14-2037,2012,-0.3522385985983894,-1.152678039346664,ssm_yield
wheat,IN,IN-14-2037,2013,-0.15674652626491373,-1.1853333663805083,ssm_yield
wheat,IN,IN-14-2037,2014,0.2595602564137651,-1.158856074190905,ssm_yield
wheat,IN,IN-14-2037,2015,-0.20662983125038412,-1.165916685441466,ssm_yield
wheat,IN,IN-14-2037,2016,-0.5963015936201799,-0.9549809243309592,ssm_yield
wheat,IN,IN-14-2037,2017,-0.4657885653772543,-1.0705984335588938,ssm_yield
wheat,IN,IN-14-2038,2011,0.0448457461290443,-0.510162415545623,ssm_yield
wheat,IN,IN-14-2038,2012,-0.5622932944905423,-0.351298662408003,ssm_yield
wheat,IN,IN-14-2038,2013,-0.2301554433524652,-0.8746664713558291,ssm_yield
wheat,IN,IN-14-2038,2014,0.17215594130340034,-0.6187193135229967,ssm_yield
wheat,IN,IN-14-2038,2015,-0.14250040628772648,-0.32835167584368014,ssm_yield
wheat,IN,IN-14-2038,2016,-0.449165198945359,-0.3407077455321617,ssm_yield
wheat,IN,IN-14-2038,2017,-0.461500548228246,-0.5269313672657052,ssm_yield
wheat,IN,IN-14-2039,2011,-0.2862605218077867,-0.3795411074102466,ssm_yield
wheat,IN,IN-14-2039,2012,-0.7499768782219923,-0.2692190566202327,ssm_yield
wheat,IN,IN-14-2039,2013,-0.5065066962923096,-0.33717743990688126,ssm_yield
wheat,IN,IN-14-2039,2014,-0.14601141701600567,-0.06534390676028708,ssm_yield
wheat,IN,IN-14-2039,2015,-0.40253449132941077,-0.33717743990688126,ssm_yield
wheat,IN,IN-14-2039,2016,-0.6297614182081104,-0.17037049911238014,ssm_yield
wheat,IN,IN-14-2039,2017,-0.6517158703301266,-0.3433554747511221,ssm_yield
wheat,IN,IN-14-2040,2011,-0.876641646198952,-0.9029089163580727,ssm_yield
wheat,IN,IN-14-2040,2012,-0.6344070902762323,-0.7590489621278944,ssm_yield
wheat,IN,IN-14-2040,2013,-0.52019361019024,-0.912617256827594,ssm_yield
wheat,IN,IN-14-2040,2014,-0.17949792641024384,-0.7140375654055688,ssm_yield
wheat,IN,IN-14-2040,2015,-0.5418438668783769,-0.6169541607103565,ssm_yield
wheat,IN,IN-14-2040,2016,-0.8213700811484348,-0.6487269113378805,ssm_yield
wheat,IN,IN-14-2040,2017,-0.7757531323626923,-0.8684884365115884,ssm_yield
wheat,IN,IN-14-2041,2016,-0.8577672135301112,-0.7105072597802884,ssm_yield
wheat,IN,IN-14-2041,2017,-0.7722102824349565,-1.1517954629403442,ssm_yield
wheat,IN,IN-14-2042,2011,-0.7965605031024997,-0.9373293962045569,ssm_yield
wheat,IN,IN-14-2042,2012,-0.23824372520291118,-0.8040603588502203,ssm_yield
wheat,IN,IN-14-2042,2013,-0.24009132623001841,-0.6602004046200421,ssm_yield
wheat,IN,IN-14-2042,2014,0.08191224520560772,-0.3433554747511221,ssm_yield
wheat,IN,IN-14-2042,2015,-0.33092837997171975,-0.7731701846290162,ssm_yield
wheat,IN,IN-14-2042,2016,-0.639919621258091,-0.6549049461821215,ssm_yield
wheat,IN,IN-14-2042,2017,-0.29011047356692116,-0.7131549889992487,ssm_yield
wheat,IN,IN-15-0910,2003,0.7837615557921898,-0.7361019755635716,ssm_yield
wheat,IN,IN-15-0910,2004,1.7314040254632437,-0.5022192278887421,ssm_yield
wheat,IN,IN-15-0910,2005,1.2535865768804382,-0.8305376510398235,ssm_yield
wheat,IN,IN-15-0910,2006,0.8931561392213848,-0.6540223697758012,ssm_yield
wheat,IN,IN-15-0910,2007,1.0026620018002619,-0.5498783538300281,ssm_yield
wheat,IN,IN-15-0910,2008,1.3507288233795705,-0.5904768685207533,ssm_yield
wheat,IN,IN-15-0910,2009,0.8323353497413482,-0.7678747261910955,ssm_yield
wheat,IN,IN-15-0910,2010,0.4827873524247855,-0.8720187421368688,ssm_yield
wheat,IN,IN-15-0910,2011,-0.07934465662677724,-0.619601889929317,ssm_yield
wheat,IN,IN-15-0910,2012,0.5272200399944871,0.03615237996652592,ssm_yield
wheat,IN,IN-15-0910,2013,0.39393467028774876,-0.5842988336765125,ssm_yield
wheat,IN,IN-15-0910,2014,0.8544166365349947,-0.754636080096294,ssm_yield
wheat,IN,IN-15-0910,2015,0.7635051609015864,-0.21626447224102596,ssm_yield
wheat,IN,IN-15-0910,2016,0.2109503380219395,0.0414478384044464,ssm_yield
wheat,IN,IN-15-0913,2003,-0.046900203471918166,-0.5842988336765125,ssm_yield
wheat,IN,IN-15-0913,2004,0.4377529497756025,-0.8172990049450218,ssm_yield
wheat,IN,IN-15-0913,2005,0.0983570425311924,-0.9558635007372794,ssm_yield
wheat,IN,IN-15-0913,2006,-0.14673382893852768,-0.8111209701007812,ssm_yield
wheat,IN,IN-15-0913,2007,-0.002759474101354177,-0.6019503618029147,ssm_yield
wheat,IN,IN-15-0913,2008,0.1422650777108643,-0.5772382224259516,ssm_yield
wheat,IN,IN-15-0913,2009,-0.16325419994815601,-1.1941591304437096,ssm_yield
wheat,IN,IN-15-0913,2010,-0.2864726211412466,-0.40690097600617,ssm_yield
wheat,IN,IN-15-0913,2011,-0.5714654784023865,-0.41749189288201133,ssm_yield
wheat,IN,IN-15-0913,2012,-0.1526316238712413,-0.48986315820026055,ssm_yield
wheat,IN,IN-15-0913,2013,-0.2619044600774689,-0.2197947778663064,ssm_yield
wheat,IN,IN-15-0913,2014,0.1894057074913669,-0.32129106459311924,ssm_yield
wheat,IN,IN-15-0913,2015,-0.053787919173589695,-0.4801548177307394,ssm_yield
wheat,IN,IN-15-0913,2016,-0.380433953146957,-0.2550978341191109,ssm_yield
wheat,IN,IN-15-0914,2003,0.8764941805202473,-0.603715514615555,ssm_yield
wheat,IN,IN-15-0914,2004,1.6653273438570098,-1.2250493046649134,ssm_yield
wheat,IN,IN-15-0914,2005,1.2468869762447132,-1.1517954629403442,ssm_yield
wheat,IN,IN-15-0914,2006,0.9995530230379581,-0.8799619297937498,ssm_yield
wheat,IN,IN-15-0914,2007,1.0299693239487566,-0.48986315820026055,ssm_yield
wheat,IN,IN-15-0914,2008,1.2600663441025792,-0.6478443349315606,ssm_yield
wheat,IN,IN-15-0914,2009,0.7497022500680492,-0.7105072597802884,ssm_yield
wheat,IN,IN-15-0914,2010,0.655414304161422,-0.7105072597802884,ssm_yield
wheat,IN,IN-15-0914,2011,0.1764476479374089,-0.4457343378842549,ssm_yield
wheat,IN,IN-15-0914,2012,0.671904814341627,-0.5357571313289063,ssm_yield
wheat,IN,IN-15-0914,2013,0.6104333275032238,-0.1986129441146237,ssm_yield
wheat,IN,IN-15-0914,2014,1.1503839619099343,-0.4792722413244192,ssm_yield
wheat,IN,IN-15-0914,2015,0.8323728808424965,-0.4457343378842549,ssm_yield
wheat,IN,IN-15-0914,2016,0.475502414174722,-0.6813822383717247,ssm_yield
wheat,IN,IN-15-0915,2003,-0.4955893927718568,-1.1826856371615482,ssm_yield
wheat,IN,IN-15-0915,2004,0.5780133629924084,-1.3671441060824512,ssm_yield
wheat,IN,IN-15-0915,2005,0.0073324233562538366,-1.4474585590575815,ssm_yield
wheat,IN,IN-15-0915,2006,-0.30636376914541635,-0.8517194847915062,ssm_yield
wheat,IN,IN-15-0915,2007,-0.10536580504733864,-1.9222846656578012,ssm_yield
wheat,IN,IN-15-0915,2008,-0.07039633226238572,-1.2691781249809189,ssm_yield
wheat,IN,IN-15-0915,2009,-0.3169746997299309,-1.3945039746783747,ssm_yield
wheat,IN,IN-15-0915,2010,-0.4384799395954884,-1.285947076701001,ssm_yield
wheat,IN,IN-15-0915,2011,-0.7539911036546338,-0.7961171711933391,ssm_yield
wheat,IN,IN-15-0915,2012,-0.11608337815028458,-0.35482896803328345,ssm_yield
wheat,IN,IN-15-0915,2013,-0.22238914776543514,-0.6407837236809997,ssm_yield
wheat,IN,IN-15-0915,2014,0.26250219893327165,-0.8623104016673475,ssm_yield
wheat,IN,IN-15-0915,2015,-0.1816893918297713,-0.7952345947870192,ssm_yield
wheat,IN,IN-15-0915,2016,-0.5993617702362151,-0.4457343378842549,ssm_yield
wheat,IN,IN-15-0916,2003,0.6148940195066146,-0.5472306246110678,ssm_yield
wheat,IN,IN-15-0916,2004,1.6716478508144217,-0.7352193991572515,ssm_yield
wheat,IN,IN-15-0916,2005,1.1226630365647854,-1.0520643290261715,ssm_yield
wheat,IN,IN-15-0916,2006,0.8877272389448316,-1.689284494389292,ssm_yield
wheat,IN,IN-15-0916,2007,0.9988992928955133,-0.541052589766827,ssm_yield
wheat,IN,IN-15-0916,2008,1.1427020749459895,-0.3733630725660059,ssm_yield
wheat,IN,IN-15-0916,2009,0.589765458488691,-0.7219807530624498,ssm_yield
wheat,IN,IN-15-0916,2010,0.44546206387484116,-0.7308065171256509,ssm_yield
wheat,IN,IN-15-0916,2011,0.1586061698348408,-0.23832888239902866,ssm_yield
wheat,IN,IN-15-0916,2012,0.8590858265265633,-0.2127341666157455,ssm_yield
wheat,IN,IN-15-0916,2013,0.7217591388299736,0.0026144765263614632,ssm_yield
wheat,IN,IN-15-0916,2014,1.3461973356003778,-0.1906697564577428,ssm_yield
wheat,IN,IN-15-0916,2015,0.7462872562829094,-0.4951586166381812,ssm_yield
wheat,IN,IN-15-0916,2016,0.23244867083934956,-0.05916587191604619,ssm_yield
wheat,IN,IN-15-0933,2003,0.5771161748481729,-0.8278899218208632,ssm_yield
wheat,IN,IN-15-0933,2004,1.3487661045191837,-0.8481891791662257,ssm_yield
wheat,IN,IN-15-0933,2005,0.8839545201796171,-1.0035226266785655,ssm_yield
wheat,IN,IN-15-0933,2006,0.6176883775764347,-0.9214430208907951,ssm_yield
wheat,IN,IN-15-0933,2007,0.7569783292719122,-0.826124769008223,ssm_yield
wheat,IN,IN-15-0933,2008,0.9717348211492294,-0.7184504474371693,ssm_yield
wheat,IN,IN-15-0933,2009,0.5315056333756749,-1.134143934813942,ssm_yield
wheat,IN,IN-15-0933,2010,0.3046347193448573,-1.5577806098475953,ssm_yield
wheat,IN,IN-15-0933,2011,-0.20044995024485993,-0.7219807530624498,ssm_yield
wheat,IN,IN-15-0933,2012,0.43029078467085907,-0.25333268130647085,ssm_yield
wheat,IN,IN-15-0933,2013,0.2438351215755032,-0.10064696301309156,ssm_yield
wheat,IN,IN-15-0933,2014,0.8551002528707814,-0.9629241119878402,ssm_yield
wheat,IN,IN-15-0933,2015,0.6121787453469248,-0.016802204412680807,ssm_yield
wheat,IN,IN-15-0933,2016,0.07150577699227488,0.27974346811087647,ssm_yield
wheat,IN,IN-15-0937,2003,0.1839841794827113,-0.6646132866516425,ssm_yield
wheat,IN,IN-15-0937,2004,1.048606836724071,-0.2904008903719154,ssm_yield
wheat,IN,IN-15-0937,2005,0.630939386790333,-0.8437762971346252,ssm_yield
wheat,IN,IN-15-0937,2006,0.23128590950133485,-0.5454654717984275,ssm_yield
wheat,IN,IN-15-0937,2007,0.305747040678097,-0.6390185708683594,ssm_yield
wheat,IN,IN-15-0937,2008,0.6529307499916963,-0.5392874369541868,ssm_yield
wheat,IN,IN-15-0937,2009,0.29069082288810105,-1.0017574738659252,ssm_yield
wheat,IN,IN-15-0937,2010,-0.09709433764301714,-0.8305376510398235,ssm_yield
wheat,IN,IN-15-0937,2011,-0.4297375713992502,-0.2692190566202327,ssm_yield
wheat,IN,IN-15-0937,2012,-0.05197471363874266,-0.24891979927487,ssm_yield
wheat,IN,IN-15-0937,2013,-0.13815748205430797,-0.8234770397892626,ssm_yield
wheat,IN,IN-15-0937,2014,0.1433627153396521,-1.0149961199607267,ssm_yield
wheat,IN,IN-15-0937,2015,0.10605253540028366,-0.8923179994822313,ssm_yield
wheat,IN,IN-15-0937,2016,-0.2514448512001455,-0.5622344235185097,ssm_yield
wheat,IN,IN-15-0938,2003,0.32751870301294633,-0.9761627580826419,ssm_yield
wheat,IN,IN-15-0938,2004,0.8913843905480108,-0.9920491333964039,ssm_yield
wheat,IN,IN-15-0938,2005,0.6903018416348391,-1.270060701387239,ssm_yield
wheat,IN,IN-15-0938,2006,0.12261238502741757,-1.1209052887191402,ssm_yield
wheat,IN,IN-15-0938,2007,0.18817964971728965,-0.88172708260639,ssm_yield
wheat,IN,IN-15-0938,2008,0.5033857896786702,-1.1147272538748993,ssm_yield
wheat,IN,IN-15-0938,2009,0.2900592986244731,-1.0220567312112876,ssm_yield
wheat,IN,IN-15-0938,2010,-0.16604572922609853,-0.8481891791662257,ssm_yield
wheat,IN,IN-15-0938,2011,-0.38552795493604064,-0.857897519635747,ssm_yield
wheat,IN,IN-15-0938,2012,-0.16537805432805647,-0.7369845519698918,ssm_yield
wheat,IN,IN-15-0938,2013,-0.254999763274504,-0.5825336808638722,ssm_yield
wheat,IN,IN-15-0938,2014,-0.05927338511420628,-0.9620415355815201,ssm_yield
wheat,IN,IN-15-0938,2015,-0.04782752971919321,-0.9355642433919167,ssm_yield
wheat,IN,IN-15-0938,2016,-0.2496481646737898,-0.32393879381207963,ssm_yield
wheat,IN,IN-15-0940,2003,1.029008437323008,-0.42543508053889245,ssm_yield
wheat,IN,IN-15-0940,2004,1.911575737734899,-0.5975374797713142,ssm_yield
wheat,IN,IN-15-0940,2005,1.4281650921320148,-1.1050189134053783,ssm_yield
wheat,IN,IN-15-0940,2006,1.0924622813369325,-0.6902080024349259,ssm_yield
wheat,IN,IN-15-0940,2007,1.2128486579267521,-0.4633858660106572,ssm_yield
wheat,IN,IN-15-0940,2008,1.5345761093261545,-0.2815751263087143,ssm_yield
wheat,IN,IN-15-0940,2009,0.9177320136477441,-0.5128101447645834,ssm_yield
wheat,IN,IN-15-0940,2010,0.6164348077328662,-0.556938965080589,ssm_yield
wheat,IN,IN-15-0940,2011,-0.07280351664595558,-0.4272002333515327,ssm_yield
wheat,IN,IN-15-0940,2012,0.5953376940233067,-0.46162071319801695,ssm_yield
wheat,IN,IN-15-0940,2013,0.4455228849694966,-0.7961171711933391,ssm_yield
wheat,IN,IN-15-0940,2014,1.0477245304966947,-0.809355817288141,ssm_yield
wheat,IN,IN-15-0940,2015,0.9485836398159941,-0.7210981766561297,ssm_yield
wheat,IN,IN-15-0940,2016,0.2688482015521604,-0.2886357375592752,ssm_yield
wheat,IN,IN-15-0941,2003,0.5120735118639093,-0.5719427639880309,ssm_yield
wheat,IN,IN-15-0941,2004,1.5099496490655997,-0.8561323668231068,ssm_yield
wheat,IN,IN-15-0941,2005,0.9688447739096545,-0.8561323668231068,ssm_yield
wheat,IN,IN-15-0941,2006,0.7351391132171212,-0.3954274827240086,ssm_yield
wheat,IN,IN-15-0941,2007,0.8700879926096244,-0.33717743990688126,ssm_yield
wheat,IN,IN-15-0941,2008,0.9709919980343098,-0.23568115318006863,ssm_yield
wheat,IN,IN-15-0941,2009,0.44998177698740804,-0.48898058179394055,ssm_yield
wheat,IN,IN-15-0941,2010,0.30342837914192533,-1.1306136291886615,ssm_yield
wheat,IN,IN-15-0941,2011,0.04829147226952422,-0.4995714986697817,ssm_yield
wheat,IN,IN-15-0941,2012,0.7351260215524563,-0.30893499490463766,ssm_yield
wheat,IN,IN-15-0941,2013,0.6111659701351827,-0.3292342522500003,ssm_yield
wheat,IN,IN-15-0941,2014,1.1873252108322734,-0.41043128163145043,ssm_yield
wheat,IN,IN-15-0941,2015,0.6424697648682877,-0.4563252547600963,ssm_yield
wheat,IN,IN-15-0941,2016,0.13983493745695633,-0.033571156132763035,ssm_yield
wheat,IN,IN-15-0942,2003,0.4270339856832856,-1.0044052030848853,ssm_yield
wheat,IN,IN-15-0942,2004,1.5263970786435272,-1.1729772966920269,ssm_yield
wheat,IN,IN-15-0942,2005,0.9922681835507478,-0.9664544176131207,ssm_yield
wheat,IN,IN-15-0942,2006,0.7745619257915564,-0.8340679566651039,ssm_yield
wheat,IN,IN-15-0942,2007,0.894052480181447,-0.9946968626153643,ssm_yield
wheat,IN,IN-15-0942,2008,0.9918519047991267,-0.8667232836989481,ssm_yield
wheat,IN,IN-15-0942,2009,0.4528330261726284,-0.8649581308863079,ssm_yield
wheat,IN,IN-15-0942,2010,0.3048576176674563,-0.928503632141356,ssm_yield
wheat,IN,IN-15-0942,2011,0.10923219430679224,-0.7052118013423677,ssm_yield
wheat,IN,IN-15-0942,2012,0.7842681250556243,-0.7961171711933391,ssm_yield
wheat,IN,IN-15-0942,2013,0.6628884948366401,-0.7837611015048576,ssm_yield
wheat,IN,IN-15-0942,2014,1.2441067891638775,-0.8720187421368688,ssm_yield
wheat,IN,IN-15-0942,2015,0.6609043919039544,-0.7731701846290162,ssm_yield
wheat,IN,IN-15-0942,2016,0.18516111380652125,-0.42455250413257223,ssm_yield
wheat,IN,IN-15-0943,2003,1.0525134198712185,-0.8305376510398235,ssm_yield
wheat,IN,IN-15-0943,2004,1.7414670109337338,-0.946155160267758,ssm_yield
wheat,IN,IN-15-0943,2005,1.408137828662455,-1.2991857227958028,ssm_yield
wheat,IN,IN-15-0943,2006,1.115447607919525,-0.8755490477621493,ssm_yield
wheat,IN,IN-15-0943,2007,1.2480404240607026,-0.8481891791662257,ssm_yield
wheat,IN,IN-15-0943,2008,1.4856214086140012,-1.0538294818388116,ssm_yield
wheat,IN,IN-15-0943,2009,0.7938180640705451,-1.1182575595001798,ssm_yield
wheat,IN,IN-15-0943,2010,0.7454889469144204,-1.4589320523397427,ssm_yield
wheat,IN,IN-15-0943,2011,0.5408465906645298,-0.857897519635747,ssm_yield
wheat,IN,IN-15-0943,2012,0.8704702692179187,-1.0247044604302482,ssm_yield
wheat,IN,IN-15-0943,2013,0.8607326998577924,-1.0282347660555287,ssm_yield
wheat,IN,IN-15-0943,2014,1.3193629403915448,-0.8932005758885515,ssm_yield
wheat,IN,IN-15-0943,2015,1.0587991021256484,-1.262117513730358,ssm_yield
wheat,IN,IN-15-0943,2016,0.9042175260089523,-0.7449277396267727,ssm_yield
wheat,IN,IN-15-0944,2003,0.5433661947699232,-0.8755490477621493,ssm_yield
wheat,IN,IN-15-0944,2004,1.4156818684226775,-1.025587036836568,ssm_yield
wheat,IN,IN-15-0944,2005,0.9259459602161378,-1.1517954629403442,ssm_yield
wheat,IN,IN-15-0944,2006,0.7315274627190215,-1.025587036836568,ssm_yield
wheat,IN,IN-15-0944,2007,0.8139385923735356,-1.0538294818388116,ssm_yield
wheat,IN,IN-15-0944,2008,0.9994332897471335,-0.9805756401142425,ssm_yield
wheat,IN,IN-15-0944,2009,0.3068629575315917,-1.096193149342177,ssm_yield
wheat,IN,IN-15-0944,2010,0.22883792014429283,-1.5930836661003998,ssm_yield
wheat,IN,IN-15-0944,2011,0.18174390443507432,-1.0688332807462535,ssm_yield
wheat,IN,IN-15-0944,2012,0.5359343948773283,-0.9355642433919167,ssm_yield
wheat,IN,IN-15-0944,2013,0.5713971009740286,-1.0185264255860071,ssm_yield
wheat,IN,IN-15-0944,2014,1.0839035084001931,-0.9973445918343246,ssm_yield
wheat,IN,IN-15-0944,2015,0.6767135621835866,-1.2056326237258708,ssm_yield
wheat,IN,IN-15-0944,2016,0.2532887525428276,-0.548995777423708,ssm_yield
wheat,IN,IN-15-0952,2003,-0.45467681854326325,-1.1023711841864179,ssm_yield
wheat,IN,IN-15-0952,2004,0.24504517280148763,-1.2276970338838735,ssm_yield
wheat,IN,IN-15-0952,2005,-0.17939425936776054,-1.1694469910667464,ssm_yield
wheat,IN,IN-15-0952,2006,-0.4180383650493102,-0.952333195111999,ssm_yield
wheat,IN,IN-15-0952,2007,-0.26760297411093437,-0.793469441974379,ssm_yield
wheat,IN,IN-15-0952,2008,-0.16156007796835997,-0.9673369940194407,ssm_yield
wheat,IN,IN-15-0952,2009,-0.43935626289916885,-0.7758179138479767,ssm_yield
wheat,IN,IN-15-0952,2010,-0.5765980101276424,-1.2912425351389216,ssm_yield
wheat,IN,IN-15-0952,2011,-0.8806371810218824,-0.9037914927643929,ssm_yield
wheat,IN,IN-15-0952,2012,-0.38174909526281353,-0.11212045629525293,ssm_yield
wheat,IN,IN-15-0952,2013,-0.48271340159077486,0.13235320825541805,ssm_yield
wheat,IN,IN-15-0952,2014,-0.031333681581741164,0.347701851397525,ssm_yield
wheat,IN,IN-15-0952,2015,-0.3308936476481649,-0.21626447224102596,ssm_yield
wheat,IN,IN-15-0952,2016,-0.6980622687446797,0.2673873984223951,ssm_yield
wheat,IN,IN-15-0953,2003,0.09376766937909219,-1.420098690461658,ssm_yield
wheat,IN,IN-15-0953,2004,1.004476416822854,-1.000874897459605,ssm_yield
wheat,IN,IN-15-0953,2005,0.5854569751129437,-1.617795805477363,ssm_yield
wheat,IN,IN-15-0953,2006,0.40027721606441813,-1.27800388904412,ssm_yield
wheat,IN,IN-15-0953,2007,0.5214800505276019,-1.1138446774685793,ssm_yield
wheat,IN,IN-15-0953,2008,0.7140809676279182,-0.9752801816763218,ssm_yield
wheat,IN,IN-15-0953,2009,0.16180184442299358,-0.8490717555725459,ssm_yield
wheat,IN,IN-15-0953,2010,0.10144180407563516,-0.9638066883941603,ssm_yield
wheat,IN,IN-15-0953,2011,-0.24326477119258927,-0.5048669571077024,ssm_yield
wheat,IN,IN-15-0953,2012,0.21888357580565324,-0.22155993067894683,ssm_yield
wheat,IN,IN-15-0953,2013,0.14368217488227938,-0.319525911780479,ssm_yield
wheat,IN,IN-15-0953,2014,0.6857108228646045,-1.3936213982720547,ssm_yield
wheat,IN,IN-15-0953,2015,0.26274653861656383,-0.969102146832081,ssm_yield
wheat,IN,IN-15-0953,2016,-0.1109857795060775,-0.06887421238556753,ssm_yield
wheat,IN,IN-15-0954,2003,-0.5774297317161481,-0.9373293962045569,ssm_yield
wheat,IN,IN-15-0954,2004,0.11713064305508185,-1.3671441060824512,ssm_yield
wheat,IN,IN-15-0954,2005,-0.33117122155193646,-1.4854093445293464,ssm_yield
wheat,IN,IN-15-0954,2006,-0.5530314714010552,-1.3918562454594143,ssm_yield
wheat,IN,IN-15-0954,2007,-0.38536182499503446,-1.0361779537124094,ssm_yield
wheat,IN,IN-15-0954,2008,-0.42670670112417053,-1.3486100015497289,ssm_yield
wheat,IN,IN-15-0954,2009,-0.5944307129162911,-1.2983031463894825,ssm_yield
wheat,IN,IN-15-0954,2010,-0.6616603085023518,-1.2506440204481966,ssm_yield
wheat,IN,IN-15-0954,2011,-0.9245781113557827,-0.7193330238434895,ssm_yield
wheat,IN,IN-15-0954,2012,-0.4072438929003352,-0.4660335952296176,ssm_yield
wheat,IN,IN-15-0954,2013,-0.48129016655717255,-1.8922770678429175,ssm_yield
wheat,IN,IN-15-0954,2014,-0.0721152659594278,-0.6063632438345151,ssm_yield
wheat,IN,IN-15-0954,2015,-0.40259565238876766,-0.4792722413244192,ssm_yield
wheat,IN,IN-15-0954,2016,-0.7615702968078435,-0.48986315820026055,ssm_yield
wheat,IN,IN-15-0955,2003,0.2564190693604398,-0.6469617585252403,ssm_yield
wheat,IN,IN-15-0955,2004,0.9482102336654527,-0.7908217127554185,ssm_yield
wheat,IN,IN-15-0955,2005,0.5621839039513362,-0.9841059457395229,ssm_yield
wheat,IN,IN-15-0955,2006,0.30968171070013356,-0.667261015870603,ssm_yield
wheat,IN,IN-15-0955,2007,0.4708419582684774,-0.5419351661731471,ssm_yield
wheat,IN,IN-15-0955,2008,0.6444093929185514,-0.5631169999248298,ssm_yield
wheat,IN,IN-15-0955,2009,0.266014447094847,-0.5163404503898639,ssm_yield
wheat,IN,IN-15-0955,2010,0.08277038130885041,-1.0732461627778542,ssm_yield
wheat,IN,IN-15-0955,2011,-0.3048876227480551,-0.8022952060375801,ssm_yield
wheat,IN,IN-15-0955,2012,0.20553844602599802,-0.6460791821189203,ssm_yield
wheat,IN,IN-15-0955,2013,0.04280933769001642,-0.6160715843040365,ssm_yield
wheat,IN,IN-15-0955,2014,0.5983555968016324,-0.8905528466695911,ssm_yield
wheat,IN,IN-15-0955,2015,0.357501953791397,-0.4369085738210538,ssm_yield
wheat,IN,IN-15-0955,2016,-0.07184980662828153,-0.30187438365407676,ssm_yield
wheat,IN,IN-15-0957,2003,0.5216559753570745,-0.8861399646379906,ssm_yield
wheat,IN,IN-15-0957,2004,0.9368097774429361,-0.8331853802587839,ssm_yield
wheat,IN,IN-15-0957,2005,0.6755728428541875,-1.207397776538511,ssm_yield
wheat,IN,IN-15-0957,2006,0.3128666004513976,-0.826124769008223,ssm_yield
wheat,IN,IN-15-0957,2007,0.39016720339639677,-0.6928557316538861,ssm_yield
wheat,IN,IN-15-0957,2008,0.6696767928670035,-0.683147391184365,ssm_yield
wheat,IN,IN-15-0957,2009,0.3481075893513129,-0.7025640721234074,ssm_yield
wheat,IN,IN-15-0957,2010,0.005161040950193353,-0.9232081737034353,ssm_yield
wheat,IN,IN-15-0957,2011,-0.3481985130542929,-0.857897519635747,ssm_yield
wheat,IN,IN-15-0957,2012,-0.09116534227529756,-0.72286332946877,ssm_yield
wheat,IN,IN-15-0957,2013,-0.06353155568367391,-0.6010677853965944,ssm_yield
wheat,IN,IN-15-0957,2014,0.23422670862536207,-0.7775830666606169,ssm_yield
wheat,IN,IN-15-0957,2015,0.13696282318315345,-0.5428177425794672,ssm_yield
wheat,IN,IN-15-0957,2016,-0.08050617841629316,-0.020332510037961257,ssm_yield
wheat,IN,IN-15-0962,2003,0.631754237337948,-0.6813822383717247,ssm_yield
wheat,IN,IN-15-0962,2004,1.4239772108607711,-0.5437003189857873,ssm_yield
wheat,IN,IN-15-0962,2005,0.9789222219555944,-0.72374590587509,ssm_yield
wheat,IN,IN-15-0962,2006,0.766080634258839,-0.619601889929317,ssm_yield
wheat,IN,IN-15-0962,2007,0.8452401701707053,-0.10770757426365246,ssm_yield
wheat,IN,IN-15-0962,2008,1.1032012633118395,-0.1315371372342952,ssm_yield
wheat,IN,IN-15-0962,2009,0.548868934188149,-0.6884428496222856,ssm_yield
wheat,IN,IN-15-0962,2010,0.39664097920780345,-0.8217118869766223,ssm_yield
wheat,IN,IN-15-0962,2011,-0.17101443864115035,-0.6531397933694812,ssm_yield
wheat,IN,IN-15-0962,2012,0.33794968497032346,-0.6054806674281952,ssm_yield
wheat,IN,IN-15-0962,2013,0.3018504179410976,-0.9179127152655147,ssm_yield
wheat,IN,IN-15-0962,2014,0.8077577916278215,-0.8702535893242286,ssm_yield
wheat,IN,IN-15-0962,2015,0.589401392972138,-0.8781967769811095,ssm_yield
wheat,IN,IN-15-0962,2016,0.1292220485776127,-0.29304861959087564,ssm_yield
wheat,IN,IN-15-0963,2003,-0.17577184484800806,-1.0988408785611374,ssm_yield
wheat,IN,IN-15-0963,2004,0.7083109202179908,-1.0061703558975257,ssm_yield
wheat,IN,IN-15-0963,2005,0.176879377570725,-1.1932765540373895,ssm_yield
wheat,IN,IN-15-0963,2006,-0.09993314853003712,-1.294772840764202,ssm_yield
wheat,IN,IN-15-0963,2007,0.045815560778924014,-1.1156098302812196,ssm_yield
wheat,IN,IN-15-0963,2008,0.11474119166770838,-1.0794241976220948,ssm_yield
wheat,IN,IN-15-0963,2009,-0.20859829038157446,-0.6240147719609174,ssm_yield
wheat,IN,IN-15-0963,2010,-0.2971535227062391,-1.541011658127513,ssm_yield
wheat,IN,IN-15-0963,2011,-0.5606827817061661,-1.0997234549674575,ssm_yield
wheat,IN,IN-15-0963,2012,-0.0013465661100439219,-1.055594634651452,ssm_yield
wheat,IN,IN-15-0963,2013,-0.11371147980870339,-1.135909087626582,ssm_yield
wheat,IN,IN-15-0963,2014,0.3739069591622539,-1.2012197416942705,ssm_yield
wheat,IN,IN-15-0963,2015,-0.026954258916775966,-1.4721706984345446,ssm_yield
wheat,IN,IN-15-0963,2016,-0.40101406240166443,0.19148582747886528,ssm_yield
wheat,IN,IN-15-0964,2003,0.6272972145536484,-0.8402459915093448,ssm_yield
wheat,IN,IN-15-0964,2004,1.656796517468074,-0.8923179994822313,ssm_yield
wheat,IN,IN-15-0964,2005,1.1412911917722022,-1.1959242832563497,ssm_yield
wheat,IN,IN-15-0964,2006,0.8721008106808051,-0.9752801816763218,ssm_yield
wheat,IN,IN-15-0964,2007,0.9565349437820415,-0.7105072597802884,ssm_yield
wheat,IN,IN-15-0964,2008,1.1541115053421924,-0.9858710985521631,ssm_yield
wheat,IN,IN-15-0964,2009,0.5768970405226567,-0.9311513613603163,ssm_yield
wheat,IN,IN-15-0964,2010,0.45953638246738726,-1.3283107442043662,ssm_yield
wheat,IN,IN-15-0964,2011,0.10464388317321587,-1.0926628437168966,ssm_yield
wheat,IN,IN-15-0964,2012,0.6799484606954505,-0.8596626724483872,ssm_yield
wheat,IN,IN-15-0964,2013,0.6061103852923782,-0.7943520183806989,ssm_yield
wheat,IN,IN-15-0964,2014,1.3712179889845952,-0.8367156858840643,ssm_yield
wheat,IN,IN-15-0964,2015,0.7513465433325917,-1.2427008327913156,ssm_yield
wheat,IN,IN-15-0964,2016,0.3089972586855827,0.4774405831265816,ssm_yield
wheat,IN,IN-15-0965,2003,-0.4526019151651148,-0.9276210557350358,ssm_yield
wheat,IN,IN-15-0965,2004,0.3290918107027631,-1.2435834091976357,ssm_yield
wheat,IN,IN-15-0965,2005,-0.11339019263971983,-1.316837250922205,ssm_yield
wheat,IN,IN-15-0965,2006,-0.1715497115836598,-0.5613518471121896,ssm_yield
wheat,IN,IN-15-0965,2007,-0.16790110431253635,-0.48986315820026055,ssm_yield
wheat,IN,IN-15-0965,2008,-0.14601620487671663,-0.6769693563401241,ssm_yield
wheat,IN,IN-15-0965,2009,-0.5235400377768158,-0.8022952060375801,ssm_yield
wheat,IN,IN-15-0965,2010,-0.5927581535757483,-1.3636138004571707,ssm_yield
wheat,IN,IN-15-0965,2011,-0.5207976367867653,-1.0202915783986475,ssm_yield
wheat,IN,IN-15-0965,2012,-0.2837123502638324,-1.1076666426243384,ssm_yield
wheat,IN,IN-15-0965,2013,-0.249649419701797,-0.8208293105703023,ssm_yield
wheat,IN,IN-15-0965,2014,0.0950144333164663,-1.2321099159154743,ssm_yield
wheat,IN,IN-15-0965,2015,-0.2742165294916758,-1.1517954629403442,ssm_yield
wheat,IN,IN-15-0965,2016,-0.506567394010312,1.1737933677131493,ssm_yield
wheat,IN,IN-15-2023,2008,1.1870278501588531,-0.8773142005747895,ssm_yield
wheat,IN,IN-15-2023,2009,0.5927289767569264,-1.1103143718432988,ssm_yield
wheat,IN,IN-15-2023,2010,0.44307151974507236,-1.174742449504667,ssm_yield
wheat,IN,IN-15-2023,2011,0.19572260433606173,-1.0794241976220948,ssm_yield
wheat,IN,IN-15-2023,2012,0.901745486598487,-0.8826096590127102,ssm_yield
wheat,IN,IN-15-2023,2013,0.7548728141178122,-0.9796930637079223,ssm_yield
wheat,IN,IN-15-2023,2014,1.4402686142864582,-0.9885188277711234,ssm_yield
wheat,IN,IN-15-2023,2015,0.7737897547386007,-1.214458387789072,ssm_yield
wheat,IN,IN-15-2023,2016,0.26478703170300116,0.18883809825990522,ssm_yield
wheat,IN,IN-15-2024,2008,1.0414138749727804,-0.8631929780736677,ssm_yield
wheat,IN,IN-15-2024,2009,0.48117485972798546,-0.6028329382092347,ssm_yield
wheat,IN,IN-15-2024,2010,0.37997745726011856,-0.8887876938569509,ssm_yield
wheat,IN,IN-15-2024,2011,0.03933314825289989,-0.7361019755635716,ssm_yield
wheat,IN,IN-15-2024,2012,0.5744112355176363,-0.5825336808638722,ssm_yield
wheat,IN,IN-15-2024,2013,0.47039692193364396,-0.9152649860465543,ssm_yield
wheat,IN,IN-15-2024,2014,1.0768930918625879,-0.4651510188232974,ssm_yield
wheat,IN,IN-15-2024,2015,0.5997144021665145,-0.6637307102453226,ssm_yield
wheat,IN,IN-15-2024,2016,0.15147513933327678,-0.4589729839790567,ssm_yield
wheat,IN,IN-16-0237,2003,-0.39495386300125385,0.1288229026301376,ssm_yield
wheat,IN,IN-16-0237,2004,-0.11564202334675204,0.16059565325766165,ssm_yield
wheat,IN,IN-16-0237,2005,-0.22212406185308134,0.12176229137957671,ssm_yield
wheat,IN,IN-16-0237,2006,-0.2615786792584158,-0.022980239256921692,ssm_yield
wheat,IN,IN-16-0237,2007,-0.23830384025497106,0.0846940823141318,ssm_yield
wheat,IN,IN-16-0237,2008,-0.4739449743531651,0.15618277122606117,ssm_yield
wheat,IN,IN-16-0237,2009,-0.36915720231690086,0.18883809825990522,ssm_yield
wheat,IN,IN-16-0237,2010,-0.7750136771640997,0.4403723740611367,ssm_yield
wheat,IN,IN-16-0237,2011,-0.4650781496503342,0.3697662615555281,ssm_yield
wheat,IN,IN-16-0237,2012,-0.6371283126854269,0.7325051645530936,ssm_yield
wheat,IN,IN-16-0237,2013,-0.6106607768961968,0.5656982237585928,ssm_yield
wheat,IN,IN-16-0237,2014,-0.4470495276654705,0.0343872271538855,ssm_yield
wheat,IN,IN-16-0237,2015,-0.6291274118107743,0.6221831137630797,ssm_yield
wheat,IN,IN-16-0237,2016,-1.3036946184439415,0.5153913685983461,ssm_yield
wheat,IN,IN-16-0237,2017,-1.026026894925645,0.5780542934470743,ssm_yield
wheat,IN,IN-16-0238,2003,1.9424039530738666,-1.1800379079425878,ssm_yield
wheat,IN,IN-16-0238,2004,2.422154267706135,-1.4386327949943802,ssm_yield
wheat,IN,IN-16-0238,2005,2.369358547075212,-0.9858710985521631,ssm_yield
wheat,IN,IN-16-0238,2006,2.303394536251154,-1.5048260254683885,ssm_yield
wheat,IN,IN-16-0238,2007,2.053910527259918,-1.4024471623352557,ssm_yield
wheat,IN,IN-16-0238,2008,2.17766472844767,-1.3821479049898933,ssm_yield
wheat,IN,IN-16-0238,2009,2.119816831782962,-1.207397776538511,ssm_yield
wheat,IN,IN-16-0238,2010,1.4855299503953932,-0.9002611871391124,ssm_yield
wheat,IN,IN-16-0238,2011,1.7343116832942553,-1.1376742404392224,ssm_yield
wheat,IN,IN-16-0238,2012,1.8788746188641832,-0.873783894949509,ssm_yield
wheat,IN,IN-16-0238,2013,1.5602883537029728,-0.8923179994822313,ssm_yield
wheat,IN,IN-16-0238,2014,1.8902221019042316,-1.0220567312112876,ssm_yield
wheat,IN,IN-16-0238,2015,1.632823390090913,-1.5992617009446406,ssm_yield
wheat,IN,IN-16-0238,2016,1.2758723432558947,-1.221518999039633,ssm_yield
wheat,IN,IN-16-0238,2017,1.1409322386223764,-0.9743976052700016,ssm_yield
wheat,IN,IN-16-0239,2003,1.8176845471080993,-0.9488028894867185,ssm_yield
wheat,IN,IN-16-0239,2004,2.0585750546152863,-0.9479203130803983,ssm_yield
wheat,IN,IN-16-0239,2005,1.982227419911743,-0.5657647291437902,ssm_yield
wheat,IN,IN-16-0239,2006,2.058772829479241,-0.9611589591752,ssm_yield
wheat,IN,IN-16-0239,2007,2.1334048937015306,-0.7564012329089342,ssm_yield
wheat,IN,IN-16-0239,2008,2.36715427541724,-1.1050189134053783,ssm_yield
wheat,IN,IN-16-0239,2009,2.2474174832117573,-0.8517194847915062,ssm_yield
wheat,IN,IN-16-0239,2010,1.6869843153329367,-0.8217118869766223,ssm_yield
wheat,IN,IN-16-0239,2011,1.8862948106113169,-0.8225944633829425,ssm_yield
wheat,IN,IN-16-0239,2012,2.0119550417079677,-0.6637307102453226,ssm_yield
wheat,IN,IN-16-0239,2013,1.7274294776422014,-0.6266625011798779,ssm_yield
wheat,IN,IN-16-0239,2014,1.9950355239107211,-0.7793482194732572,ssm_yield
wheat,IN,IN-16-0239,2015,1.7994623123790918,-1.0767764684031347,ssm_yield
wheat,IN,IN-16-0239,2016,1.4582418627077163,-0.6275450775861978,ssm_yield
wheat,IN,IN-16-0239,2017,1.32585306760917,-0.4492646435095354,ssm_yield
wheat,IN,IN-16-0240,2003,1.8097553157834854,-0.8676058601052682,ssm_yield
wheat,IN,IN-16-0240,2004,1.7599615035853915,-1.1923939776310692,ssm_yield
wheat,IN,IN-16-0240,2005,1.5799766379577773,-0.9073217983896733,ssm_yield
wheat,IN,IN-16-0240,2006,1.575151155073181,-1.2832993474820407,ssm_yield
wheat,IN,IN-16-0240,2007,1.5548412180086015,-0.9020263399517526,ssm_yield
wheat,IN,IN-16-0240,2008,1.72984001289585,-1.2506440204481966,ssm_yield
wheat,IN,IN-16-0240,2009,1.5019320327292658,-0.8896702702632711,ssm_yield
wheat,IN,IN-16-0240,2010,0.8887080264999507,-0.7687573025974158,ssm_yield
wheat,IN,IN-16-0240,2011,1.1634353555563883,-0.7378671283762118,ssm_yield
wheat,IN,IN-16-0240,2012,1.2700996181953188,-0.7678747261910955,ssm_yield
wheat,IN,IN-16-0240,2013,0.8654904528002255,-0.8102383936944609,ssm_yield
wheat,IN,IN-16-0240,2014,1.0688966830198277,-1.0291173424618485,ssm_yield
wheat,IN,IN-16-0240,2015,0.9673094782901378,-1.0044052030848853,ssm_yield
wheat,IN,IN-16-0240,2016,0.7156992200969525,-0.8146512757260617,ssm_yield
wheat,IN,IN-16-0240,2017,0.623871290461729,-0.7811133722858974,ssm_yield
wheat,IN,IN-16-0241,2003,2.0215617749539696,-0.6443140293062801,ssm_yield
wheat,IN,IN-16-0241,2004,2.2936808504342996,-0.9964620154280045,ssm_yield
wheat,IN,IN-16-0241,2005,2.0446860658755845,-0.6778519327464443,ssm_yield
wheat,IN,IN-16-0241,2006,2.100838290279313,-1.0423559885566502,ssm_yield
wheat,IN,IN-16-0241,2007,1.9717596027607134,-0.5145752975772236,ssm_yield
wheat,IN,IN-16-0241,2008,1.9612456141884733,-1.1182575595001798,ssm_yield
wheat,IN,IN-16-0241,2009,1.9539839867291537,-0.7987649004122996,ssm_yield
wheat,IN,IN-16-0241,2010,1.4178038793556118,-0.5437003189857873,ssm_yield
wheat,IN,IN-16-0241,2011,1.7620028909658343,-0.5834162572701924,ssm_yield
wheat,IN,IN-16-0241,2012,1.8864663772058363,-0.5004540750761018,ssm_yield
wheat,IN,IN-16-0241,2013,1.5123334355470428,-0.46073813679169695,ssm_yield
wheat,IN,IN-16-0241,2014,1.7116491825323124,-0.826124769008223,ssm_yield
wheat,IN,IN-16-0241,2015,1.5376777948313467,-0.6010677853965944,ssm_yield
wheat,IN,IN-16-0241,2016,1.3037839733506327,-0.5339919785162661,ssm_yield
wheat,IN,IN-16-0241,2017,1.1587658948390458,-0.5692950347690706,ssm_yield
wheat,IN,IN-16-0242,2003,1.7507073018066368,-0.8614278252610275,ssm_yield
wheat,IN,IN-16-0242,2004,2.12763177380852,-0.8411285679156648,ssm_yield
wheat,IN,IN-16-0242,2005,1.9593447642844661,-0.6001852089902745,ssm_yield
wheat,IN,IN-16-0242,2006,2.00023339546953,-1.1129621010622592,ssm_yield
wheat,IN,IN-16-0242,2007,1.9155484674545287,-0.9673369940194407,ssm_yield
wheat,IN,IN-16-0242,2008,1.9393167737550805,-1.3283107442043662,ssm_yield
wheat,IN,IN-16-0242,2009,1.9131784992303833,-1.1509128865340241,ssm_yield
wheat,IN,IN-16-0242,2010,1.3247753645788976,-0.6663784394642828,ssm_yield
wheat,IN,IN-16-0242,2011,1.625166701112981,-0.8075906644755008,ssm_yield
wheat,IN,IN-16-0242,2012,1.7971064433788315,-0.7131549889992487,ssm_yield
wheat,IN,IN-16-0242,2013,1.4212755407037205,-0.7431625868141325,ssm_yield
wheat,IN,IN-16-0242,2014,1.6523333375914728,-1.0679507043399334,ssm_yield
wheat,IN,IN-16-0242,2015,1.4312786950842402,-0.9558635007372794,ssm_yield
wheat,IN,IN-16-0242,2016,1.149107236829932,-0.7819959486922173,ssm_yield
wheat,IN,IN-16-0242,2017,1.1121650861825974,-0.6372534180557192,ssm_yield
wheat,IN,IN-16-0243,2003,0.9706242079035583,-0.9549809243309592,ssm_yield
wheat,IN,IN-16-0243,2004,1.1921736054866314,-1.2135758113827517,ssm_yield
wheat,IN,IN-16-0243,2005,1.1278446870449343,-1.0441211413692904,ssm_yield
wheat,IN,IN-16-0243,2006,0.9842865835041544,-1.7016405640777734,ssm_yield
wheat,IN,IN-16-0243,2007,1.1669073817133537,-1.204750047319551,ssm_yield
wheat,IN,IN-16-0243,2008,0.7379438301133898,-1.404212315147896,ssm_yield
wheat,IN,IN-16-0243,2009,0.7950545711973085,-1.2268144574775535,ssm_yield
wheat,IN,IN-16-0243,2010,0.1956805337535646,-1.0061703558975257,ssm_yield
wheat,IN,IN-16-0243,2011,0.8295382838895212,-0.9055566455770331,ssm_yield
wheat,IN,IN-16-0243,2012,0.7078457485253317,-0.8296550746335034,ssm_yield
wheat,IN,IN-16-0243,2013,0.4769154827420052,-0.827007345414543,ssm_yield
wheat,IN,IN-16-0243,2014,0.7758490225706537,-0.9699847232384011,ssm_yield
wheat,IN,IN-16-0243,2015,0.6646518680598963,-1.0626552459020129,ssm_yield
wheat,IN,IN-16-0243,2016,-0.5310074543996482,-0.9488028894867185,ssm_yield
wheat,IN,IN-16-0243,2017,0.07746261040751115,-0.6425488764936399,ssm_yield
wheat,IN,IN-16-0244,2003,-0.19986125339539235,-0.5048669571077024,ssm_yield
wheat,IN,IN-16-0244,2004,0.050006226953904304,-0.6346056888367587,ssm_yield
wheat,IN,IN-16-0244,2005,-0.01946561311006,-0.2983440780287963,ssm_yield
wheat,IN,IN-16-0244,2006,-0.10239020955919348,-0.6955034608728465,ssm_yield
wheat,IN,IN-16-0244,2007,0.06063159092274706,-0.07240451801084798,ssm_yield
wheat,IN,IN-16-0244,2008,-0.2960934664311597,-0.32835167584368014,ssm_yield
wheat,IN,IN-16-0244,2009,-0.34394420031238043,-0.1668401934870997,ssm_yield
wheat,IN,IN-16-0244,2010,-0.647373742681041,0.015853122621163243,ssm_yield
wheat,IN,IN-16-0244,2011,-0.16202434690431464,0.11911456216061628,ssm_yield
wheat,IN,IN-16-0244,2012,-0.3225534944335655,-0.029158274101162576,ssm_yield
wheat,IN,IN-16-0244,2013,-0.4264847962549484,0.1508873127881403,ssm_yield
wheat,IN,IN-16-0244,2014,-0.283745070467376,-0.6549049461821215,ssm_yield
wheat,IN,IN-16-0244,2015,-0.3763120926759251,-0.3733630725660059,ssm_yield
wheat,IN,IN-16-0244,2016,-1.028422268363628,0.11117137450373536,ssm_yield
wheat,IN,IN-16-0244,2017,-0.6717326288896109,0.030856921528605055,ssm_yield
wheat,IN,IN-16-0527,2003,-0.44273868538612776,0.025561463090684577,ssm_yield
wheat,IN,IN-16-0527,2004,0.6809087106187968,-0.02651054488220214,ssm_yield
wheat,IN,IN-16-0527,2005,0.03805234590206828,-0.14389320692277696,ssm_yield
wheat,IN,IN-16-0527,2006,0.0350692546127088,0.09616757559629355,ssm_yield
wheat,IN,IN-16-0527,2007,-0.1334197423432019,0.25591390514023377,ssm_yield
wheat,IN,IN-16-0527,2008,-0.5820910916524779,0.4121299290588931,ssm_yield
wheat,IN,IN-16-0527,2009,-0.29532463767203565,0.37770944921240907,ssm_yield
wheat,IN,IN-16-0527,2010,-0.9689839663679299,0.2214934252937493,ssm_yield
wheat,IN,IN-16-0527,2011,-0.20954704506996102,0.42889888077897537,ssm_yield
wheat,IN,IN-16-0527,2012,-0.4715228921017159,0.522451979848907,ssm_yield
wheat,IN,IN-16-0527,2013,-0.6253678514104045,0.35123215702280547,ssm_yield
wheat,IN,IN-16-0527,2014,-0.46315222717626936,-0.21096901380310548,ssm_yield
wheat,IN,IN-16-0527,2015,-0.7798279584476229,0.5506944248511506,ssm_yield
wheat,IN,IN-16-0527,2016,-1.536897106727537,0.8119370411219038,ssm_yield
wheat,IN,IN-16-0527,2017,-1.235509126743934,0.9893348987922463,ssm_yield
wheat,IN,IN-16-1030,2003,-0.25210254512016317,0.7077930251761309,ssm_yield
wheat,IN,IN-16-1030,2004,0.10424561583767113,1.02022507301345,ssm_yield
wheat,IN,IN-16-1030,2005,-0.0476283166960069,0.8145847703408643,ssm_yield
wheat,IN,IN-16-1030,2006,-0.28019720198144205,0.6283611486073205,ssm_yield
wheat,IN,IN-16-1030,2007,-0.2293097170292563,1.3317745444444493,ssm_yield
wheat,IN,IN-16-1030,2008,-0.47179795535196595,1.2620510083451604,ssm_yield
wheat,IN,IN-16-1030,2009,-0.2533033123278297,1.327361662412849,ssm_yield
wheat,IN,IN-16-1030,2010,-0.7174082791134153,1.4809299571125483,ssm_yield
wheat,IN,IN-16-1030,2011,-0.34344137448330686,1.6036080775910435,ssm_yield
wheat,IN,IN-16-1030,2012,-0.4667010568345234,1.3088275578801263,ssm_yield
wheat,IN,IN-16-1030,2013,-0.4850005091141223,1.3406003085076503,ssm_yield
wheat,IN,IN-16-1030,2014,-0.3582054532146562,0.5974709743861168,ssm_yield
wheat,IN,IN-16-1030,2015,-0.5006678417884337,1.431505678358622,ssm_yield
wheat,IN,IN-16-1030,2016,-1.649846053156522,1.7271687744758588,ssm_yield
wheat,IN,IN-16-1030,2017,-1.1120234996110512,1.7810059352613865,ssm_yield
wheat,IN,IN-16-1032,2003,2.0516572621485953,-0.8949657287011917,ssm_yield
wheat,IN,IN-16-1032,2004,2.431663186048808,-1.1756250259109873,ssm_yield
wheat,IN,IN-16-1032,2005,2.3876656037510773,-0.5948897505523538,ssm_yield
wheat,IN,IN-16-1032,2006,2.3622515768780357,-1.1623863798161855,ssm_yield
wheat,IN,IN-16-1032,2007,2.191148413282686,-1.0097006615228061,ssm_yield
wheat,IN,IN-16-1032,2008,2.404658376080443,-1.1332613584076219,ssm_yield
wheat,IN,IN-16-1032,2009,2.292619560215184,-0.9973445918343246,ssm_yield
wheat,IN,IN-16-1032,2010,1.6613601742744277,-0.9117346804212738,ssm_yield
wheat,IN,IN-16-1032,2011,1.8233980537691952,-0.7793482194732572,ssm_yield
wheat,IN,IN-16-1032,2012,1.9510273052492653,-0.6399011472746794,ssm_yield
wheat,IN,IN-16-1032,2013,1.6324414067065252,-0.5057495335140225,ssm_yield
wheat,IN,IN-16-1032,2014,1.9511765350915993,-1.223284151852273,ssm_yield
wheat,IN,IN-16-1032,2015,1.7149405488155711,-1.0529469054324916,ssm_yield
wheat,IN,IN-16-1032,2016,1.3639656819234085,-0.746692892439413,ssm_yield
wheat,IN,IN-16-1032,2017,1.2165672565591468,-0.5895942921144331,ssm_yield
wheat,IN,IN-16-1043,2003,1.5747747492541406,-0.9708672996447212,ssm_yield
wheat,IN,IN-16-1043,2004,1.459773662283327,-1.063537822308333,ssm_yield
wheat,IN,IN-16-1043,2005,1.2227843688796118,-0.7802307958795771,ssm_yield
wheat,IN,IN-16-1043,2006,1.2932023032753224,-1.134143934813942,ssm_yield
wheat,IN,IN-16-1043,2007,1.2813430006418656,-0.8773142005747895,ssm_yield
wheat,IN,IN-16-1043,2008,1.3155042721115469,-0.9258559029223956,ssm_yield
wheat,IN,IN-16-1043,2009,1.2158532573092,-0.8543672140104666,ssm_yield
wheat,IN,IN-16-1043,2010,0.8358947464422479,-0.6663784394642828,ssm_yield
wheat,IN,IN-16-1043,2011,1.0083992478775576,-0.7193330238434895,ssm_yield
wheat,IN,IN-16-1043,2012,0.99101526275442,-0.6557875225884414,ssm_yield
wheat,IN,IN-16-1043,2013,0.7411699512312772,-0.5816511044575522,ssm_yield
wheat,IN,IN-16-1043,2014,0.8074840885584994,-0.9717498760510414,ssm_yield
wheat,IN,IN-16-1043,2015,0.6972575087240929,-1.1147272538748993,ssm_yield
wheat,IN,IN-16-1043,2016,0.5549860248942384,-0.9488028894867185,ssm_yield
wheat,IN,IN-16-1043,2017,0.36202120038851865,-0.8605452488547073,ssm_yield
wheat,IN,IN-17-0601,2003,2.270642774392577,-1.1517954629403442,ssm_yield
wheat,IN,IN-17-0601,2004,3.008630083788394,-1.0414734121503302,ssm_yield
wheat,IN,IN-17-0601,2005,3.0678458529016592,-1.1517954629403442,ssm_yield
wheat,IN,IN-17-0601,2006,2.9768577747120206,-0.9558635007372794,ssm_yield
wheat,IN,IN-17-0601,2007,2.7880186839246615,-0.9479203130803983,ssm_yield
wheat,IN,IN-17-0601,2008,3.0417351451806436,-1.0785416212157748,ssm_yield
wheat,IN,IN-17-0601,2009,2.9144113541853374,-1.0344128008997693,ssm_yield
wheat,IN,IN-17-0601,2010,2.8601981968411847,-0.9311513613603163,ssm_yield
wheat,IN,IN-17-0601,2011,3.0447329450708063,-0.8993786107327922,ssm_yield
wheat,IN,IN-17-0601,2012,2.8153538611004563,-1.025587036836568,ssm_yield
wheat,IN,IN-17-0601,2013,2.833603242838571,-1.025587036836568,ssm_yield
wheat,IN,IN-17-0601,2014,2.759559099474504,-1.025587036836568,ssm_yield
wheat,IN,IN-17-0601,2015,2.5727142053902767,-1.0044052030848853,ssm_yield
wheat,IN,IN-17-0601,2016,2.882799712318117,-0.857897519635747,ssm_yield
wheat,IN,IN-17-0601,2017,3.1259372783363104,-0.809355817288141,ssm_yield
wheat,IN,IN-17-0602,2003,2.3543246949471817,-1.2321099159154743,ssm_yield
wheat,IN,IN-17-0602,2004,2.980433547353432,-1.2603523609177179,ssm_yield
wheat,IN,IN-17-0602,2005,3.040309003024907,-0.7599315385342147,ssm_yield
wheat,IN,IN-17-0602,2006,2.8077358691333183,-0.9496854658930385,ssm_yield
wheat,IN,IN-17-0602,2007,2.5369140817609,-1.1076666426243384,ssm_yield
wheat,IN,IN-17-0602,2008,2.67132277477541,-1.2762387362314798,ssm_yield
wheat,IN,IN-17-0602,2009,2.650625311819191,-1.174742449504667,ssm_yield
wheat,IN,IN-17-0602,2010,2.392879857020391,-0.4501472199158556,ssm_yield
wheat,IN,IN-17-0602,2011,2.551642393463691,-0.9902839805837637,ssm_yield
wheat,IN,IN-17-0602,2012,2.3599504063788106,-1.025587036836568,ssm_yield
wheat,IN,IN-17-0602,2013,2.2948357832554334,-1.1456174280961033,ssm_yield
wheat,IN,IN-17-0602,2014,2.2132418109814016,-0.9620415355815201,ssm_yield
wheat,IN,IN-17-0602,2015,2.259510075324897,-1.1006060313737775,ssm_yield
wheat,IN,IN-17-0602,2016,2.5052566550487847,-0.7590489621278944,ssm_yield
wheat,IN,IN-17-0602,2017,2.6098061501095766,-1.1667992618477858,ssm_yield
wheat,IN,IN-17-0603,2003,3.1267006261618113,-1.1729772966920269,ssm_yield
wheat,IN,IN-17-0603,2004,3.5846741713138206,-1.476583580466145,ssm_yield
wheat,IN,IN-17-0603,2005,3.7632767486609997,-1.1517954629403442,ssm_yield
wheat,IN,IN-17-0603,2006,3.61522797904077,-1.3477274251434088,ssm_yield
wheat,IN,IN-17-0603,2007,3.2778295972301836,-0.9479203130803983,ssm_yield
wheat,IN,IN-17-0603,2008,3.308421062628281,-1.096193149342177,ssm_yield
wheat,IN,IN-17-0603,2009,3.2680565780971618,-1.0679507043399334,ssm_yield
wheat,IN,IN-17-0603,2010,3.2357931765702146,-0.9311513613603163,ssm_yield
wheat,IN,IN-17-0603,2011,3.422047375207268,-1.1517954629403442,ssm_yield
wheat,IN,IN-17-0603,2012,3.226857083257503,-1.1517954629403442,ssm_yield
wheat,IN,IN-17-0603,2013,3.233469180229786,-1.1517954629403442,ssm_yield
wheat,IN,IN-17-0603,2014,3.016701633646232,-0.857897519635747,ssm_yield
wheat,IN,IN-17-0603,2016,3.24474348518349,-0.857897519635747,ssm_yield
wheat,IN,IN-17-0603,2017,3.1783828977387336,-0.7105072597802884,ssm_yield
wheat,IN,IN-17-0604,2003,1.9482464975196643,-0.7564012329089342,ssm_yield
wheat,IN,IN-17-0604,2004,2.677781163770631,-0.8014126296312598,ssm_yield
wheat,IN,IN-17-0604,2005,2.686056081914382,-0.8605452488547073,ssm_yield
wheat,IN,IN-17-0604,2006,2.5179431174434157,-0.56488215273747,ssm_yield
wheat,IN,IN-17-0604,2007,2.1883874454288645,-0.6337231124304388,ssm_yield
wheat,IN,IN-17-0604,2008,2.350383537956773,-0.533109402109946,ssm_yield
wheat,IN,IN-17-0604,2009,2.3337570684731794,-0.5498783538300281,ssm_yield
wheat,IN,IN-17-0604,2010,2.0316631143933104,-0.8711361657305486,ssm_yield
wheat,IN,IN-17-0604,2011,2.031138008553841,-0.7087421069676482,ssm_yield
wheat,IN,IN-17-0604,2012,1.905667826515855,-0.6257799247735576,ssm_yield
wheat,IN,IN-17-0604,2013,1.7716814129653822,-0.8473066027599057,ssm_yield
wheat,IN,IN-17-0604,2014,1.7602210373804343,-1.3380190846738875,ssm_yield
wheat,IN,IN-17-0604,2015,1.8654981708459157,-0.826124769008223,ssm_yield
wheat,IN,IN-17-0604,2016,2.2292308928211404,-0.8075906644755008,ssm_yield
wheat,IN,IN-17-0604,2017,2.2306172856398203,-0.7590489621278944,ssm_yield
wheat,IN,IN-17-0605,2003,2.5576080776004244,-1.3062463340463637,ssm_yield
wheat,IN,IN-17-0605,2004,3.174215981991791,-0.9417422782361576,ssm_yield
wheat,IN,IN-17-0605,2005,3.225292128339715,-1.0282347660555287,ssm_yield
wheat,IN,IN-17-0605,2006,3.0757249912166835,-0.38307141303552705,ssm_yield
wheat,IN,IN-17-0605,2007,2.8237075613020863,-0.7811133722858974,ssm_yield
wheat,IN,IN-17-0605,2008,2.9275816735064146,-1.0935454201232166,ssm_yield
wheat,IN,IN-17-0605,2009,2.930461513122089,-0.8834922354190302,ssm_yield
wheat,IN,IN-17-0605,2010,2.7090377521323252,-0.8755490477621493,ssm_yield
wheat,IN,IN-17-0605,2011,2.8063470885546584,-1.1332613584076219,ssm_yield
wheat,IN,IN-17-0605,2012,2.705258425335917,-1.056477211057772,ssm_yield
wheat,IN,IN-17-0605,2013,2.6070399484074946,-0.9938142862090441,ssm_yield
wheat,IN,IN-17-0605,2014,2.60758078037662,-1.1191401359065,ssm_yield
wheat,IN,IN-17-0605,2015,2.632455487596816,-1.165916685441466,ssm_yield
wheat,IN,IN-17-0605,2016,2.8625372754002743,-0.9055566455770331,ssm_yield
wheat,IN,IN-17-0605,2017,2.9241716728011595,-0.8826096590127102,ssm_yield
wheat,IN,IN-17-0606,2003,3.2758544939000265,-0.8552497904167866,ssm_yield
wheat,IN,IN-17-0606,2004,3.633985428606098,-0.7475754688457331,ssm_yield
wheat,IN,IN-17-0606,2005,3.583497019181434,-0.9020263399517526,ssm_yield
wheat,IN,IN-17-0606,2006,3.2923150870197717,-0.912617256827594,ssm_yield
wheat,IN,IN-17-0606,2007,3.0231085681292136,-0.8058255116628605,ssm_yield
wheat,IN,IN-17-0606,2008,3.183602398647559,-0.842893720728305,ssm_yield
wheat,IN,IN-17-0606,2009,3.058605074391851,-0.6646132866516425,ssm_yield
wheat,IN,IN-17-0606,2010,2.948373050498865,-0.9240907501097554,ssm_yield
wheat,IN,IN-17-0606,2011,3.1656375472882803,-0.7352193991572515,ssm_yield
wheat,IN,IN-17-0606,2012,2.9867376942113113,-0.8949657287011917,ssm_yield
wheat,IN,IN-17-0606,2013,2.9119761729783193,-0.8949657287011917,ssm_yield
wheat,IN,IN-17-0606,2014,2.9118082643993595,-0.9646892648004805,ssm_yield
wheat,IN,IN-17-0606,2015,2.864597699529484,-0.999992321053285,ssm_yield
wheat,IN,IN-17-0606,2016,3.1334974846055004,-0.6663784394642828,ssm_yield
wheat,IN,IN-17-0606,2017,3.220811440244203,-0.8111209701007812,ssm_yield
wheat,IN,IN-17-0607,2003,2.019718271376645,-1.4236289960869384,ssm_yield
wheat,IN,IN-17-0607,2004,2.4432656287884407,-1.4351024893690998,ssm_yield
wheat,IN,IN-17-0607,2005,2.633152702083775,-1.2356402215407547,ssm_yield
wheat,IN,IN-17-0607,2006,2.3345683928944756,-1.3927388218657346,ssm_yield
wheat,IN,IN-17-0607,2007,1.9351504316657655,-1.4271593017122188,ssm_yield
wheat,IN,IN-17-0607,2008,2.036107638814156,-1.3627312240508507,ssm_yield
wheat,IN,IN-17-0607,2009,1.9573861122894458,-1.7819550170529035,ssm_yield
wheat,IN,IN-17-0607,2010,1.912561222220895,-1.482761615310386,ssm_yield
wheat,IN,IN-17-0607,2011,2.1775832787326066,-1.1517954629403442,ssm_yield
wheat,IN,IN-17-0607,2012,1.87431782984415,-0.2692190566202327,ssm_yield
wheat,IN,IN-17-0607,2013,1.9063111143088551,-1.1517954629403442,ssm_yield
wheat,IN,IN-17-0607,2014,1.6410327699949194,-1.1517954629403442,ssm_yield
wheat,IN,IN-17-0607,2015,1.6887609926105134,-1.1517954629403442,ssm_yield
wheat,IN,IN-17-0607,2016,1.8933186301662113,-0.857897519635747,ssm_yield
wheat,IN,IN-17-0607,2017,1.880530911469468,-0.9311513613603163,ssm_yield
wheat,IN,IN-17-0608,2003,2.378691522559685,-1.1517954629403442,ssm_yield
wheat,IN,IN-17-0608,2004,3.076758206233149,-1.1517954629403442,ssm_yield
wheat,IN,IN-17-0608,2005,3.106572583498061,-1.1517954629403442,ssm_yield
wheat,IN,IN-17-0608,2006,2.8131723946901808,-1.1517954629403442,ssm_yield
wheat,IN,IN-17-0608,2007,2.51526669202656,-0.9311513613603163,ssm_yield
wheat,IN,IN-17-0608,2008,2.690187663638348,-1.1517954629403442,ssm_yield
wheat,IN,IN-17-0608,2009,2.5688454755281906,-0.9311513613603163,ssm_yield
wheat,IN,IN-17-0608,2010,2.3490528100978754,-0.9311513613603163,ssm_yield
wheat,IN,IN-17-0608,2011,2.588796013460833,-1.1517954629403442,ssm_yield
wheat,IN,IN-17-0608,2014,2.200333712150891,-1.1517954629403442,ssm_yield
wheat,IN,IN-17-0609,2003,2.357269784990066,-1.3291933206106865,ssm_yield
wheat,IN,IN-17-0609,2004,3.06500563183736,-1.2832993474820407,ssm_yield
wheat,IN,IN-17-0609,2005,3.096771080242468,-1.0767764684031347,ssm_yield
wheat,IN,IN-17-0609,2006,2.799745456968589,-1.095310572935857,ssm_yield
wheat,IN,IN-17-0609,2007,2.498723042507264,-1.2171061170080322,ssm_yield
wheat,IN,IN-17-0609,2008,2.675931393984382,-1.3759698701456524,ssm_yield
wheat,IN,IN-17-0609,2009,2.5535073128134163,-1.158856074190905,ssm_yield
wheat,IN,IN-17-0609,2010,2.3314344323724794,-1.1244355943444206,ssm_yield
wheat,IN,IN-17-0609,2011,2.5753565372435046,-1.135026511220262,ssm_yield
wheat,IN,IN-17-0609,2012,2.333227437263002,-1.0520643290261715,ssm_yield
wheat,IN,IN-17-0609,2013,2.2048199830484587,-1.0467688705882507,ssm_yield
wheat,IN,IN-17-0609,2014,2.1809438240991064,-1.1473825809087437,ssm_yield
wheat,IN,IN-17-0609,2015,2.1244005819623024,-1.254174326073477,ssm_yield
wheat,IN,IN-17-0609,2016,2.4131048199679968,-1.1791553315362677,ssm_yield
wheat,IN,IN-17-0609,2017,2.586551263042294,-1.1147272538748993,ssm_yield
wheat,IN,IN-17-0610,2003,2.474136558993604,-1.3124243688906043,ssm_yield
wheat,IN,IN-17-0610,2004,3.0292804918428478,-1.0926628437168966,ssm_yield
wheat,IN,IN-17-0610,2005,3.2468416183946642,-1.1517954629403442,ssm_yield
wheat,IN,IN-17-0610,2006,3.03320558664697,-1.2321099159154743,ssm_yield
wheat,IN,IN-17-0610,2007,2.6872722997057648,-0.9311513613603163,ssm_yield
wheat,IN,IN-17-0610,2008,2.785146767579735,-1.1517954629403442,ssm_yield
wheat,IN,IN-17-0610,2009,2.6955147257571634,-1.0414734121503302,ssm_yield
wheat,IN,IN-17-0610,2010,2.6983901607047898,-1.025587036836568,ssm_yield
wheat,IN,IN-17-0610,2011,2.9350989635038682,-1.1517954629403442,ssm_yield
wheat,IN,IN-17-0610,2012,2.673929769710401,-1.1517954629403442,ssm_yield
wheat,IN,IN-17-0610,2013,2.7074186767240582,-1.1517954629403442,ssm_yield
wheat,IN,IN-17-0610,2014,2.5193509203517896,-1.1517954629403442,ssm_yield
wheat,IN,IN-17-0610,2015,2.4879825391049675,-1.1517954629403442,ssm_yield
wheat,IN,IN-17-0610,2016,2.700649561591797,-1.1517954629403442,ssm_yield
wheat,IN,IN-17-0610,2017,2.6974601049524387,-0.7105072597802884,ssm_yield
wheat,IN,IN-17-0615,2003,1.9627181000400986,-1.2268144574775535,ssm_yield
wheat,IN,IN-17-0615,2004,2.6709919241273945,-1.0264696132428883,ssm_yield
wheat,IN,IN-17-0615,2005,2.743012826569907,-1.1209052887191402,ssm_yield
wheat,IN,IN-17-0615,2006,2.5625680365883725,-1.0803067740284151,ssm_yield
wheat,IN,IN-17-0615,2007,2.3061678931727636,-0.897613457920152,ssm_yield
wheat,IN,IN-17-0615,2008,2.418242688766607,-1.2956554171705223,ssm_yield
wheat,IN,IN-17-0615,2009,2.4189307648420915,-1.292125111545242,ssm_yield
wheat,IN,IN-17-0615,2010,2.1816131409430173,-0.7016814957170873,ssm_yield
wheat,IN,IN-17-0615,2011,2.2672072082195176,-1.0608900930893725,ssm_yield
wheat,IN,IN-17-0615,2012,2.141172443299112,-0.7819959486922173,ssm_yield
wheat,IN,IN-17-0615,2013,2.1123834746379204,-0.7263936350940504,ssm_yield
wheat,IN,IN-17-0615,2014,2.0830661806445017,-0.9938142862090441,ssm_yield
wheat,IN,IN-17-0615,2015,2.1472816686161966,-1.1800379079425878,ssm_yield
wheat,IN,IN-17-0615,2016,2.395328457196305,-0.809355817288141,ssm_yield
wheat,IN,IN-17-0615,2017,2.410731897546808,-0.6981511900918068,ssm_yield
wheat,IN,IN-17-0616,2003,1.7130092230571912,-0.8411285679156648,ssm_yield
wheat,IN,IN-17-0616,2004,2.57082442852436,-1.2868296531073211,ssm_yield
wheat,IN,IN-17-0616,2005,2.5916016862718285,-1.2382879507597149,ssm_yield
wheat,IN,IN-17-0616,2006,2.4266121888401373,-0.9302687849539962,ssm_yield
wheat,IN,IN-17-0616,2007,2.107646319653397,-0.8296550746335034,ssm_yield
wheat,IN,IN-17-0616,2008,2.2542068165709814,-0.9329165141729565,ssm_yield
wheat,IN,IN-17-0616,2009,2.224128179550127,-1.0476514469945708,ssm_yield
wheat,IN,IN-17-0616,2010,1.9623377717376114,-1.087367385278976,ssm_yield
wheat,IN,IN-17-0616,2011,1.9564622326348502,-0.9311513613603163,ssm_yield
wheat,IN,IN-17-0616,2012,1.8115228972240922,-0.8243596161955827,ssm_yield
wheat,IN,IN-17-0616,2013,1.7114883456703862,-0.9991097446469648,ssm_yield
wheat,IN,IN-17-0616,2014,1.7102218560617855,-0.7255110586877302,ssm_yield
wheat,IN,IN-17-0616,2015,1.8338818067922054,-0.7917042891617387,ssm_yield
wheat,IN,IN-17-0616,2016,2.1553609448583155,-0.8508369083851861,ssm_yield
wheat,IN,IN-17-0616,2017,2.130245812676001,-0.8111209701007812,ssm_yield
wheat,IN,IN-17-0617,2003,3.0833989047675137,-0.8534846376041464,ssm_yield
wheat,IN,IN-17-0617,2004,3.479670618027965,-1.134143934813942,ssm_yield
wheat,IN,IN-17-0617,2005,3.499237959952058,-1.1985720124753099,ssm_yield
wheat,IN,IN-17-0617,2006,3.2762871407811023,-0.9011437635454325,ssm_yield
wheat,IN,IN-17-0617,2007,3.015727682176515,-1.2674129721682788,ssm_yield
wheat,IN,IN-17-0617,2008,3.1119407969353325,-1.6204435346963233,ssm_yield
wheat,IN,IN-17-0617,2009,3.000640195859311,-1.4156858084300574,ssm_yield
wheat,IN,IN-17-0617,2010,2.95955539751473,-1.4209812668679782,ssm_yield
wheat,IN,IN-17-0617,2011,3.125685782989006,-0.9629241119878402,ssm_yield
wheat,IN,IN-17-0617,2012,2.913885361918533,-1.4880570737483065,ssm_yield
wheat,IN,IN-17-0617,2013,2.929444112761243,-1.262117513730358,ssm_yield
wheat,IN,IN-17-0617,2014,2.8535354166497293,-1.6266215695405641,ssm_yield
wheat,IN,IN-17-0617,2015,2.8675842975699752,-1.3556706128002898,ssm_yield
wheat,IN,IN-17-0617,2016,3.094783250291669,-0.8481891791662257,ssm_yield
wheat,IN,IN-17-0617,2017,3.167685859079039,-0.8111209701007812,ssm_yield
wheat,IN,IN-17-0618,2003,2.656552551750268,-0.9170301388591945,ssm_yield
wheat,IN,IN-17-0618,2004,3.148167994002065,-0.9991097446469648,ssm_yield
wheat,IN,IN-17-0618,2005,3.2438069868514665,-1.0838370796536956,ssm_yield
wheat,IN,IN-17-0618,2006,3.0197318194008247,-0.8146512757260617,ssm_yield
wheat,IN,IN-17-0618,2007,2.756045840883098,-0.8146512757260617,ssm_yield
wheat,IN,IN-17-0618,2008,2.892056325509661,-1.000874897459605,ssm_yield
wheat,IN,IN-17-0618,2009,2.807942058094845,-0.8940831522948716,ssm_yield
wheat,IN,IN-17-0618,2010,2.7881361937012876,-1.2991857227958028,ssm_yield
wheat,IN,IN-17-0618,2011,3.042011364564177,-1.1517954629403442,ssm_yield
wheat,IN,IN-17-0618,2012,2.8099797435077223,-0.9311513613603163,ssm_yield
wheat,IN,IN-17-0618,2013,2.808069695790612,-0.9311513613603163,ssm_yield
wheat,IN,IN-17-0618,2014,2.66803133048464,-0.2692190566202327,ssm_yield
wheat,IN,IN-17-0618,2015,2.6537492901109436,-1.1517954629403442,ssm_yield
wheat,IN,IN-17-0618,2016,2.902286710286211,-0.9311513613603163,ssm_yield
wheat,IN,IN-17-0618,2017,2.990643963002454,-0.7105072597802884,ssm_yield
wheat,IN,IN-17-0619,2004,3.153016740065259,-1.1517954629403442,ssm_yield
wheat,IN,IN-17-0619,2006,3.1935153302020143,-1.0044052030848853,ssm_yield
wheat,IN,IN-17-0619,2007,3.030771231153303,-0.9311513613603163,ssm_yield
wheat,IN,IN-17-0619,2008,3.246821357593785,-1.1517954629403442,ssm_yield
wheat,IN,IN-17-0619,2009,3.1113032414796975,-1.1517954629403442,ssm_yield
wheat,IN,IN-17-0619,2010,3.026083301018112,-1.1517954629403442,ssm_yield
wheat,IN,IN-17-0619,2011,3.1455582784473353,-1.1517954629403442,ssm_yield
wheat,IN,IN-17-0619,2012,2.898361354777342,-1.1517954629403442,ssm_yield
wheat,IN,IN-17-0619,2013,2.942565955172682,-1.1517954629403442,ssm_yield
wheat,IN,IN-17-0619,2014,2.8884702957203823,-1.1517954629403442,ssm_yield
wheat,IN,IN-17-0619,2015,2.692937203309949,-1.1517954629403442,ssm_yield
wheat,IN,IN-17-0619,2016,3.034292387565959,-0.857897519635747,ssm_yield
wheat,IN,IN-17-0619,2017,3.2304571647131635,-0.7987649004122996,ssm_yield
wheat,IN,IN-17-0620,2003,2.0384877736660294,-0.897613457920152,ssm_yield
wheat,IN,IN-17-0620,2004,2.759827411710571,-1.0017574738659252,ssm_yield
wheat,IN,IN-17-0620,2005,2.8204652860898,-0.9982271682406447,ssm_yield
wheat,IN,IN-17-0620,2006,2.6452088226744372,-0.9046740691707129,ssm_yield
wheat,IN,IN-17-0620,2007,2.4332082476101817,-0.8993786107327922,ssm_yield
wheat,IN,IN-17-0620,2008,2.536992148772774,-0.9408597018298374,ssm_yield
wheat,IN,IN-17-0620,2009,2.530214236929019,-0.9823407929268827,ssm_yield
wheat,IN,IN-17-0620,2010,2.3654493617452435,-0.6504920641505207,ssm_yield
wheat,IN,IN-17-0620,2011,2.336242723436676,-0.5534086594553086,ssm_yield
wheat,IN,IN-17-0620,2012,2.1940353274528697,0.35652761546072637,ssm_yield
wheat,IN,IN-17-0620,2013,2.1240275958764228,-0.10241211582573159,ssm_yield
wheat,IN,IN-17-0620,2014,2.1152754400309344,0.12529259700485715,ssm_yield
wheat,IN,IN-17-0620,2015,2.237634682227495,-0.5975374797713142,ssm_yield
wheat,IN,IN-17-0620,2016,2.4594406977365613,-0.5781207988322717,ssm_yield
wheat,IN,IN-17-0620,2017,2.4359065712059627,-0.5048669571077024,ssm_yield
wheat,IN,IN-17-0621,2003,2.543061155910047,-0.8526020611978263,ssm_yield
wheat,IN,IN-17-0621,2004,3.1692615112441174,-0.7864088307238181,ssm_yield
wheat,IN,IN-17-0621,2005,3.2231427966330375,-0.5375222841415466,ssm_yield
wheat,IN,IN-17-0621,2006,3.0633761403897606,-1.1147272538748993,ssm_yield
wheat,IN,IN-17-0621,2007,2.802400569270072,-0.946155160267758,ssm_yield
wheat,IN,IN-17-0621,2008,2.9107067109949694,-1.2056326237258708,ssm_yield
wheat,IN,IN-17-0621,2009,2.922543103215257,-1.063537822308333,ssm_yield
wheat,IN,IN-17-0621,2010,2.697981779173778,-0.9540983479246392,ssm_yield
wheat,IN,IN-17-0621,2011,2.817914737387074,-1.2135758113827517,ssm_yield
wheat,IN,IN-17-0621,2012,2.705448610116881,-1.3380190846738875,ssm_yield
wheat,IN,IN-17-0621,2013,2.61020150845875,-1.2276970338838735,ssm_yield
wheat,IN,IN-17-0621,2014,2.6057758757541696,-0.9708672996447212,ssm_yield
wheat,IN,IN-17-0621,2015,2.629710166196486,-1.1517954629403442,ssm_yield
wheat,IN,IN-17-0621,2016,2.855211799052707,-1.1456174280961033,ssm_yield
wheat,IN,IN-17-0621,2017,2.9118887685570067,-1.3274281677980462,ssm_yield
wheat,IN,IN-17-0622,2003,2.441005513251439,-1.0997234549674575,ssm_yield
wheat,IN,IN-17-0622,2004,3.0273602921900364,-1.2797690418567602,ssm_yield
wheat,IN,IN-17-0622,2005,3.140691644531355,-1.1959242832563497,ssm_yield
wheat,IN,IN-17-0622,2006,2.8717787157142127,-1.2268144574775535,ssm_yield
wheat,IN,IN-17-0622,2007,2.582578542289894,-0.7969997475996594,ssm_yield
wheat,IN,IN-17-0622,2008,2.7332027223561637,-0.873783894949509,ssm_yield
wheat,IN,IN-17-0622,2009,2.649555391639498,-1.0361779537124094,ssm_yield
wheat,IN,IN-17-0622,2010,2.573370363327939,-1.1606212270035452,ssm_yield
wheat,IN,IN-17-0622,2011,2.790445263103645,-1.127965899969701,ssm_yield
wheat,IN,IN-17-0622,2012,2.5094283171277185,-0.9920491333964039,ssm_yield
wheat,IN,IN-17-0622,2013,2.5731770652078216,-0.7952345947870192,ssm_yield
wheat,IN,IN-17-0622,2014,2.3887607572312652,-0.9973445918343246,ssm_yield
wheat,IN,IN-17-0622,2015,2.4387139447633084,-0.8649581308863079,ssm_yield
wheat,IN,IN-17-0622,2016,2.683910382780471,-0.9320339377666362,ssm_yield
wheat,IN,IN-17-0622,2017,2.7450974468457114,-0.9761627580826419,ssm_yield
wheat,IN,IN-17-1047,2003,1.952761813821017,-1.1535606157529843,ssm_yield
wheat,IN,IN-17-1047,2004,2.657959461589509,-0.7696398790037358,ssm_yield
wheat,IN,IN-17-1047,2005,2.6993876983044878,-0.9311513613603163,ssm_yield
wheat,IN,IN-17-1047,2006,2.535805401091854,-0.9788104873016023,ssm_yield
wheat,IN,IN-17-1047,2007,2.301152912827473,-0.7616966913468549,ssm_yield
wheat,IN,IN-17-1047,2008,2.417033455340156,-0.9452725838614381,ssm_yield
wheat,IN,IN-17-1047,2009,2.4062245406018494,-1.0264696132428883,ssm_yield
wheat,IN,IN-17-1047,2010,2.199488281685593,-0.9311513613603163,ssm_yield
wheat,IN,IN-17-1047,2011,2.238026105870088,-0.8852573882316704,ssm_yield
wheat,IN,IN-17-1047,2012,2.119912561753947,-0.9841059457395229,ssm_yield
wheat,IN,IN-17-1047,2013,2.0665873618807464,-0.9187952916718347,ssm_yield
wheat,IN,IN-17-1047,2014,2.0358467281329773,-0.9355642433919167,ssm_yield
wheat,IN,IN-17-1047,2015,2.1371997776557525,-1.2418182563849953,ssm_yield
wheat,IN,IN-17-1047,2016,2.3914040125178078,-1.1632689562225054,ssm_yield
wheat,IN,IN-17-1047,2017,2.3933751263927183,-0.7775830666606169,ssm_yield
wheat,IN,IN-17-1048,2003,2.6318915303699497,-1.0476514469945708,ssm_yield
wheat,IN,IN-17-1048,2004,3.093062014099856,-1.1729772966920269,ssm_yield
wheat,IN,IN-17-1048,2005,3.3304250739416985,-1.7404739259558584,ssm_yield
wheat,IN,IN-17-1048,2006,3.0990274015258876,-1.7192920922041757,ssm_yield
wheat,IN,IN-17-1048,2007,2.764846163261964,-1.411272926398457,ssm_yield
wheat,IN,IN-17-1048,2008,2.862601729770419,-1.5418942345338333,ssm_yield
wheat,IN,IN-17-1048,2009,2.8183361506221796,-1.0132309671480866,ssm_yield
wheat,IN,IN-17-1048,2010,2.7926514753438414,-1.0785416212157748,ssm_yield
wheat,IN,IN-17-1048,2011,3.015734505640876,-1.5930836661003998,ssm_yield
wheat,IN,IN-17-1048,2012,2.7746640602722037,-0.8870225410443107,ssm_yield
wheat,IN,IN-17-1048,2013,2.8210419448309887,-1.6557465909491276,ssm_yield
wheat,IN,IN-17-1048,2014,2.5486570119934986,-1.642507944854326,ssm_yield
wheat,IN,IN-17-1048,2015,2.588190965509277,-1.7404739259558584,ssm_yield
wheat,IN,IN-17-1048,2016,2.7656441161888967,-1.681341306732411,ssm_yield
wheat,IN,IN-17-1048,2017,2.6655039398469387,-1.1517954629403442,ssm_yield
wheat,IN,IN-17-1049,2004,2.9079988213776153,-1.9081634431566796,ssm_yield
wheat,IN,IN-17-1049,2006,2.8812066084164782,-1.1517954629403442,ssm_yield
wheat,IN,IN-17-1049,2007,2.687057875980815,-0.8993786107327922,ssm_yield
wheat,IN,IN-17-1049,2009,2.8122153902712905,-1.1517954629403442,ssm_yield
wheat,IN,IN-17-1049,2010,2.7588681659177303,-0.9752801816763218,ssm_yield
wheat,IN,IN-17-1050,2003,2.736350611786849,-1.2682955485745988,ssm_yield
wheat,IN,IN-17-1050,2004,3.2846393958685907,-1.3300758970170066,ssm_yield
wheat,IN,IN-17-1050,2005,3.287733316950559,-1.2577046316987575,ssm_yield
wheat,IN,IN-17-1050,2006,3.082210635075149,-1.2029848945069106,ssm_yield
wheat,IN,IN-17-1050,2007,2.780236644732172,-1.1615038034098655,ssm_yield
wheat,IN,IN-17-1050,2008,2.9322235657862663,-0.9814582165205625,ssm_yield
wheat,IN,IN-17-1050,2009,2.8834746859935794,-1.1756250259109873,ssm_yield
wheat,IN,IN-17-1050,2010,2.6722555280239786,-1.2506440204481966,ssm_yield
wheat,IN,IN-17-1050,2011,2.8631860719838254,-0.9540983479246392,ssm_yield
wheat,IN,IN-17-1050,2012,2.7145678948823755,-1.0405908357440101,ssm_yield
wheat,IN,IN-17-1050,2013,2.6067392998719505,-0.9276210557350358,ssm_yield
wheat,IN,IN-17-1050,2014,2.5757332174410332,-0.9841059457395229,ssm_yield
wheat,IN,IN-17-1050,2015,2.5376054905410337,-1.0352953773060896,ssm_yield
wheat,IN,IN-17-1050,2016,2.743639176118508,-0.9037914927643929,ssm_yield
wheat,IN,IN-17-1050,2017,2.9066320846998406,-0.8384808386967045,ssm_yield
wheat,IN,IN-17-1051,2003,3.2516423339051794,-1.1517954629403442,ssm_yield
wheat,IN,IN-17-1051,2004,3.7092460255921016,-1.0785416212157748,ssm_yield
wheat,IN,IN-17-1051,2005,3.8534385738037726,-1.071481009965214,ssm_yield
wheat,IN,IN-17-1051,2006,3.7252597360905595,-1.025587036836568,ssm_yield
wheat,IN,IN-17-1051,2007,3.380028723673004,-0.9240907501097554,ssm_yield
wheat,IN,IN-17-1051,2008,3.393587892156131,-1.1517954629403442,ssm_yield
wheat,IN,IN-17-1051,2009,3.3559515583543824,-1.063537822308333,ssm_yield
wheat,IN,IN-17-1051,2010,3.320777574038369,-0.7987649004122996,ssm_yield
wheat,IN,IN-17-1051,2011,3.504879931553582,-0.857897519635747,ssm_yield
wheat,IN,IN-17-1051,2012,3.3120298334580327,-0.9311513613603163,ssm_yield
wheat,IN,IN-17-1051,2013,3.3089244238866065,-0.857897519635747,ssm_yield
wheat,IN,IN-17-1051,2014,3.0983401047457573,-1.1517954629403442,ssm_yield
wheat,IN,IN-17-1051,2015,3.1459258233606993,-1.1517954629403442,ssm_yield
wheat,IN,IN-17-1051,2016,3.329441799727932,-0.857897519635747,ssm_yield
wheat,IN,IN-17-1051,2017,3.2783958093586003,-0.7837611015048576,ssm_yield
wheat,IN,IN-17-2017,2005,3.0425850251188478,-1.2197538462269926,ssm_yield
wheat,IN,IN-17-2017,2006,2.8123103896935087,-1.5048260254683885,ssm_yield
wheat,IN,IN-17-2017,2007,2.5933093596246115,-1.1491477337213838,ssm_yield
wheat,IN,IN-17-2017,2009,2.6875202110816763,-1.0732461627778542,ssm_yield
wheat,IN,IN-17-2017,2010,2.4795610034692874,-1.3133069452969246,ssm_yield
wheat,IN,IN-17-2017,2011,2.5495926816639236,-1.1703295674730663,ssm_yield
wheat,IN,IN-17-2017,2012,2.338220913461546,-1.253291749667157,ssm_yield
wheat,IN,IN-17-2017,2013,2.3050716069407327,-0.7819959486922173,ssm_yield
wheat,IN,IN-17-2017,2014,2.212778629873844,-0.7308065171256509,ssm_yield
wheat,IN,IN-17-2017,2015,2.3032655222973895,-0.8402459915093448,ssm_yield
wheat,IN,IN-17-2017,2016,2.526356862509838,-1.016761272773367,ssm_yield
wheat,IN,IN-17-2017,2017,2.557513956207846,-1.1694469910667464,ssm_yield
wheat,IN,IN-17-2018,2005,2.7807480862657363,-1.0291173424618485,ssm_yield
wheat,IN,IN-17-2018,2006,2.5902388155958733,-1.0344128008997693,ssm_yield
wheat,IN,IN-17-2018,2007,2.378096799896974,-0.8234770397892626,ssm_yield
wheat,IN,IN-17-2018,2008,2.5049430003466253,-1.0997234549674575,ssm_yield
wheat,IN,IN-17-2018,2009,2.5138953038305565,-1.072363586371534,ssm_yield
wheat,IN,IN-17-2018,2010,2.3205425759069214,-0.7361019755635716,ssm_yield
wheat,IN,IN-17-2018,2011,2.4372501122083357,-0.6875602732159655,ssm_yield
wheat,IN,IN-17-2018,2012,2.287648366723544,-1.1517954629403442,ssm_yield
wheat,IN,IN-17-2018,2013,2.284672101369433,-0.72286332946877,ssm_yield
wheat,IN,IN-17-2018,2014,2.2214657286664847,-0.525166214453065,ssm_yield
wheat,IN,IN-17-2018,2015,2.2915720556600676,-0.33011682865632036,ssm_yield
wheat,IN,IN-17-2018,2016,2.516330952245871,-0.4801548177307394,ssm_yield
wheat,IN,IN-17-2018,2017,2.524135596682973,-0.43337826819577335,ssm_yield
wheat,IN,IN-17-2019,2005,3.0771514140322247,-1.0176438491796873,ssm_yield
wheat,IN,IN-17-2019,2006,2.9325973324771573,-1.0344128008997693,ssm_yield
wheat,IN,IN-17-2019,2007,2.777905896154897,-0.5631169999248298,ssm_yield
wheat,IN,IN-17-2019,2008,2.901813031495491,-1.3397842374865279,ssm_yield
wheat,IN,IN-17-2019,2009,2.902260924289189,-0.8084732408818207,ssm_yield
wheat,IN,IN-17-2019,2010,2.7795234924428787,-0.5692950347690706,ssm_yield
wheat,IN,IN-17-2019,2011,2.835502688468329,-1.1332613584076219,ssm_yield
wheat,IN,IN-17-2019,2012,2.7182417639631242,-1.1376742404392224,ssm_yield
wheat,IN,IN-17-2019,2013,2.686985475272645,-1.1791553315362677,ssm_yield
wheat,IN,IN-17-2019,2014,2.660024954765861,-1.0829545032473753,ssm_yield
wheat,IN,IN-17-2019,2015,2.731571201567286,-0.8834922354190302,ssm_yield
wheat,IN,IN-17-2019,2016,2.9020055143489842,-0.8358331094777441,ssm_yield
wheat,IN,IN-17-2019,2017,2.8936248536069282,-0.8437762971346252,ssm_yield
wheat,IN,IN-17-2028,2009,2.942252269097824,-1.097075725748497,ssm_yield
wheat,IN,IN-17-2028,2010,2.740502266030916,-0.9311513613603163,ssm_yield
wheat,IN,IN-17-2028,2011,2.926933744201282,-0.9629241119878402,ssm_yield
wheat,IN,IN-17-2028,2012,2.7903263744116407,-0.8799619297937498,ssm_yield
wheat,IN,IN-17-2028,2013,2.674483918935408,-0.9479203130803983,ssm_yield
wheat,IN,IN-17-2028,2014,2.6470422556415705,-0.9311513613603163,ssm_yield
wheat,IN,IN-17-2028,2015,2.605152441103436,-1.0044052030848853,ssm_yield
wheat,IN,IN-17-2028,2016,2.8034518858219273,-0.9311513613603163,ssm_yield
wheat,IN,IN-17-2028,2017,2.965068313641898,-0.7987649004122996,ssm_yield
wheat,IN,IN-18-0626,2003,-0.013998668218395384,-0.9743976052700016,ssm_yield
wheat,IN,IN-18-0626,2004,0.5206458358332017,0.07939862387621133,ssm_yield
wheat,IN,IN-18-0626,2005,0.3893497459166649,-1.5648412210981562,ssm_yield
wheat,IN,IN-18-0626,2006,0.3333940649548769,-0.3045221128730372,ssm_yield
wheat,IN,IN-18-0626,2007,0.17584483288659913,-0.6663784394642828,ssm_yield
wheat,IN,IN-18-0626,2008,0.21736172692222672,-1.4518714410891818,ssm_yield
wheat,IN,IN-18-0626,2009,0.14426444609006975,-1.5127692131252697,ssm_yield
wheat,IN,IN-18-0626,2010,-0.44166669624427723,-1.1085492190306587,ssm_yield
wheat,IN,IN-18-0626,2011,-0.05934290808771212,-0.683147391184365,ssm_yield
wheat,IN,IN-18-0626,2012,0.006083297032423862,-0.977045334488962,ssm_yield
wheat,IN,IN-18-0626,2013,-0.22586739936288144,-1.4651100871839837,ssm_yield
wheat,IN,IN-18-0626,2014,-0.041836684221335886,-0.9452725838614381,ssm_yield
wheat,IN,IN-18-0626,2015,-0.19408860484457324,-0.668143592276923,ssm_yield
wheat,IN,IN-18-0626,2016,-0.23028294312701197,-1.4615797815587033,ssm_yield
wheat,IN,IN-18-0626,2017,-0.5966799903294745,-0.6310753832114783,ssm_yield
wheat,IN,IN-18-0627,2003,2.295677594942316,-1.0997234549674575,ssm_yield
wheat,IN,IN-18-0627,2004,2.0819628806046517,-0.6778519327464443,ssm_yield
wheat,IN,IN-18-0627,2005,1.8862032306487608,-1.2118106585701116,ssm_yield
wheat,IN,IN-18-0627,2006,1.957767799027345,-0.7105072597802884,ssm_yield
wheat,IN,IN-18-0627,2007,1.9147450369279226,-1.19680685966267,ssm_yield
wheat,IN,IN-18-0627,2008,1.9256414222536522,-0.842893720728305,ssm_yield
wheat,IN,IN-18-0627,2009,1.7491996178924554,-0.952333195111999,ssm_yield
wheat,IN,IN-18-0627,2010,1.3325049217051033,-0.11212045629525293,ssm_yield
wheat,IN,IN-18-0627,2011,1.6587150045136108,-0.7087421069676482,ssm_yield
wheat,IN,IN-18-0627,2012,1.709641174127062,0.16059565325766165,ssm_yield
wheat,IN,IN-18-0627,2013,1.5235149939637802,-1.43775021858806,ssm_yield
wheat,IN,IN-18-0627,2014,1.7422330255454417,-0.08387801129300933,ssm_yield
wheat,IN,IN-18-0627,2015,1.6727793088258618,0.34152381655328456,ssm_yield
wheat,IN,IN-18-0627,2016,1.7271922251290823,-0.8446588735409453,ssm_yield
wheat,IN,IN-18-0627,2017,1.4131811789619955,0.34152381655328456,ssm_yield
wheat,IN,IN-18-0628,2003,0.20800956834031914,-0.8455414499472654,ssm_yield
wheat,IN,IN-18-0628,2004,0.6147050274932223,-0.217147048647346,ssm_yield
wheat,IN,IN-18-0628,2005,0.8252329593872424,-1.2983031463894825,ssm_yield
wheat,IN,IN-18-0628,2006,0.18783544464563065,-0.5481132010173879,ssm_yield
wheat,IN,IN-18-0628,2007,0.5342743933986455,-1.0511817526198513,ssm_yield
wheat,IN,IN-18-0628,2008,0.18267610091485958,-1.51365178953159,ssm_yield
wheat,IN,IN-18-0628,2009,-0.0784911176292777,-1.5692541031297567,ssm_yield
wheat,IN,IN-18-0628,2010,-0.4558639804530731,-1.2082803529448312,ssm_yield
wheat,IN,IN-18-0628,2011,0.27280018570827486,-0.9805756401142425,ssm_yield
wheat,IN,IN-18-0628,2012,0.03849744343386372,-1.0908976909042565,ssm_yield
wheat,IN,IN-18-0628,2013,-0.014042630351600877,-1.5286555884390316,ssm_yield
wheat,IN,IN-18-0628,2014,0.19756165703200773,-1.0626552459020129,ssm_yield
wheat,IN,IN-18-0628,2015,0.19206543468291473,-1.0450037177756106,ssm_yield
wheat,IN,IN-18-0628,2016,-0.32920757287914504,-1.523360130001111,ssm_yield
wheat,IN,IN-18-0628,2017,-0.4434207853591243,-1.0450037177756106,ssm_yield
wheat,IN,IN-18-0629,2003,0.3701647762425536,-0.7016814957170873,ssm_yield
wheat,IN,IN-18-0629,2004,0.0846224781798999,-0.4430866086652947,ssm_yield
wheat,IN,IN-18-0629,2005,0.5044266989917621,-1.0776590448094547,ssm_yield
wheat,IN,IN-18-0629,2006,-0.08938472816483653,-0.6531397933694812,ssm_yield
wheat,IN,IN-18-0629,2007,0.22076138989067529,-0.8278899218208632,ssm_yield
wheat,IN,IN-18-0629,2008,-0.07426017704546155,-0.9249733265160756,ssm_yield
wheat,IN,IN-18-0629,2009,-0.30024458227091355,-1.1394393932518625,ssm_yield
wheat,IN,IN-18-0629,2010,-0.6581714098493731,-0.4448517614779349,ssm_yield
wheat,IN,IN-18-0629,2011,-0.02171031329078176,-0.7537535036899738,ssm_yield
wheat,IN,IN-18-0629,2012,-0.2853584386551391,-0.22067735427262644,ssm_yield
wheat,IN,IN-18-0629,2013,-0.25985232446390016,-1.3097766396716441,ssm_yield
wheat,IN,IN-18-0629,2014,-0.0669119038882289,-0.16595761708077966,ssm_yield
wheat,IN,IN-18-0629,2015,0.0025819250829730005,-0.09535150457517069,ssm_yield
wheat,IN,IN-18-0629,2016,-0.42146396662101243,-1.0511817526198513,ssm_yield
wheat,IN,IN-18-0629,2017,-0.3557818632310311,-0.09270377535621026,ssm_yield
wheat,IN,IN-18-0631,2003,2.45127530607224,-0.596654903364994,ssm_yield
wheat,IN,IN-18-0631,2004,2.4244132712558577,-0.437791150227374,ssm_yield
wheat,IN,IN-18-0631,2005,2.1890060486504743,-0.7210981766561297,ssm_yield
wheat,IN,IN-18-0631,2006,2.202214928132308,-0.4783896649180992,ssm_yield
wheat,IN,IN-18-0631,2007,2.1214741133087176,-0.5339919785162661,ssm_yield
wheat,IN,IN-18-0631,2008,2.143199988991632,-0.8914354230759113,ssm_yield
wheat,IN,IN-18-0631,2009,1.9837232561718479,-0.9885188277711234,ssm_yield
wheat,IN,IN-18-0631,2010,1.649367821365349,-0.17743111036294104,ssm_yield
wheat,IN,IN-18-0631,2011,2.056818951978792,-0.7308065171256509,ssm_yield
wheat,IN,IN-18-0631,2012,2.0074628081022263,0.0855766587204522,ssm_yield
wheat,IN,IN-18-0631,2013,1.7772556705823326,-1.3592009184255702,ssm_yield
wheat,IN,IN-18-0631,2014,1.9115353524024723,-0.5145752975772236,ssm_yield
wheat,IN,IN-18-0631,2015,1.8362202191961134,-0.6390185708683594,ssm_yield
wheat,IN,IN-18-0631,2016,1.6698256260651274,-0.8852573882316704,ssm_yield
wheat,IN,IN-18-0631,2017,1.230682278653652,-0.6390185708683594,ssm_yield
wheat,IN,IN-18-0633,2003,-0.1984108689661097,-0.6884428496222856,ssm_yield
wheat,IN,IN-18-0633,2004,0.26394687872194583,-0.33717743990688126,ssm_yield
wheat,IN,IN-18-0633,2005,0.20900474772764302,-0.6416663000873196,ssm_yield
wheat,IN,IN-18-0633,2006,-0.2763055963154349,-0.3768933781912864,ssm_yield
wheat,IN,IN-18-0633,2007,-0.011900666415630324,-1.2453485620102758,ssm_yield
wheat,IN,IN-18-0633,2008,-0.3373687893261702,-0.7608141149405346,ssm_yield
wheat,IN,IN-18-0633,2009,-0.427821879708672,-0.897613457920152,ssm_yield
wheat,IN,IN-18-0633,2010,-0.9329858308559743,-1.2771213126377998,ssm_yield
wheat,IN,IN-18-0633,2011,-0.1929185300682437,-0.6054806674281952,ssm_yield
wheat,IN,IN-18-0633,2012,-0.45185731473057045,0.2691525512350351,ssm_yield
wheat,IN,IN-18-0633,2013,-0.5974451101353024,-1.300950875608443,ssm_yield
wheat,IN,IN-18-0633,2014,-0.41733100938722817,0.3388760873343241,ssm_yield
wheat,IN,IN-18-0633,2015,-0.4673371658698829,-0.9373293962045569,ssm_yield
wheat,IN,IN-18-0633,2016,-1.072208096432424,-0.7855262543174978,ssm_yield
wheat,IN,IN-18-0633,2017,-1.027591141706822,-0.9373293962045569,ssm_yield
wheat,IN,IN-18-0634,2003,0.8052528419288079,-0.9258559029223956,ssm_yield
wheat,IN,IN-18-0634,2004,1.2015741370955302,-0.422787351319932,ssm_yield
wheat,IN,IN-18-0634,2005,1.0934053827893306,-1.1632689562225054,ssm_yield
wheat,IN,IN-18-0634,2006,1.1376093881058782,-0.7052118013423677,ssm_yield
wheat,IN,IN-18-0634,2007,1.0604085702723867,-0.6557875225884414,ssm_yield
wheat,IN,IN-18-0634,2008,1.0896251385721722,-1.3856782106151737,ssm_yield
wheat,IN,IN-18-0634,2009,0.9004878305217726,-1.4501062882765419,ssm_yield
wheat,IN,IN-18-0634,2010,0.3600530577710703,-0.9973445918343246,ssm_yield
wheat,IN,IN-18-0634,2011,0.8576336105783452,-0.7122724125929286,ssm_yield
wheat,IN,IN-18-0634,2012,0.9010124017148606,-0.8499543319788659,ssm_yield
wheat,IN,IN-18-0634,2013,0.7289231055616145,-1.3141895217032447,ssm_yield
wheat,IN,IN-18-0634,2014,0.9563145081131469,-0.8146512757260617,ssm_yield
wheat,IN,IN-18-0634,2015,0.7341167446672315,-0.29393119599719586,ssm_yield
wheat,IN,IN-18-0634,2016,0.7061094273190365,-1.3927388218657346,ssm_yield
wheat,IN,IN-18-0634,2017,0.39295728291924215,-0.29393119599719586,ssm_yield
wheat,IN,IN-18-0635,2003,2.243253769743338,-1.1535606157529843,ssm_yield
wheat,IN,IN-18-0635,2004,2.2676620753012062,-0.8490717555725459,ssm_yield
wheat,IN,IN-18-0635,2005,2.0347395866897706,-0.9646892648004805,ssm_yield
wheat,IN,IN-18-0635,2006,2.056692375200045,-1.0361779537124094,ssm_yield
wheat,IN,IN-18-0635,2007,1.9944312596430842,-0.27892739708975384,ssm_yield
wheat,IN,IN-18-0635,2008,2.0393129656072975,-1.3389016610802076,ssm_yield
wheat,IN,IN-18-0635,2009,1.8805814753490435,-1.4183335376490178,ssm_yield
wheat,IN,IN-18-0635,2010,1.4340708680816803,-0.9408597018298374,ssm_yield
wheat,IN,IN-18-0635,2011,1.8279887063776852,-0.7616966913468549,ssm_yield
wheat,IN,IN-18-0635,2012,1.8387060099090449,-0.7864088307238181,ssm_yield
wheat,IN,IN-18-0635,2013,1.5756048284980693,-1.3574357656129301,ssm_yield
wheat,IN,IN-18-0635,2014,1.7529192744303814,-0.7475754688457331,ssm_yield
wheat,IN,IN-18-0635,2015,1.6711696429863905,-0.27274936224551316,ssm_yield
wheat,IN,IN-18-0635,2016,1.5011299265106082,-1.3574357656129301,ssm_yield
wheat,IN,IN-18-0635,2017,1.0812430088901368,-0.27186678583919294,ssm_yield
wheat,IN,IN-18-0636,2003,-0.09128298071041036,-0.9549809243309592,ssm_yield
wheat,IN,IN-18-0636,2004,0.22550852251924614,-0.3927797535050482,ssm_yield
wheat,IN,IN-18-0636,2005,0.10750674997913016,-1.3777350229582925,ssm_yield
wheat,IN,IN-18-0636,2006,-0.09921983068849141,-0.6531397933694812,ssm_yield
wheat,IN,IN-18-0636,2007,0.08400164821421917,-1.0441211413692904,ssm_yield
wheat,IN,IN-18-0636,2008,-0.27066725762572247,-0.857897519635747,ssm_yield
wheat,IN,IN-18-0636,2009,-0.31870951314023016,-0.977045334488962,ssm_yield
wheat,IN,IN-18-0636,2010,-0.649045083716141,-0.15624927661125834,ssm_yield
wheat,IN,IN-18-0636,2011,-0.02558893010441645,-0.6169541607103565,ssm_yield
wheat,IN,IN-18-0636,2012,-0.28067233007638337,0.10940622169109494,ssm_yield
wheat,IN,IN-18-0636,2013,-0.4292068554546562,-1.332723626235967,ssm_yield
wheat,IN,IN-18-0636,2014,-0.2965127375499345,0.17383429935246303,ssm_yield
wheat,IN,IN-18-0636,2015,-0.39313462838659474,-0.984988522145843,ssm_yield
wheat,IN,IN-18-0636,2016,-1.1927018822018747,-0.8720187421368688,ssm_yield
wheat,IN,IN-18-0636,2017,-0.7341402586758291,-0.9814582165205625,ssm_yield
wheat,IN,IN-18-0637,2003,0.06795386489537861,-0.6699087450895632,ssm_yield
wheat,IN,IN-18-0637,2004,0.5517417640231972,-0.30628726568567743,ssm_yield
wheat,IN,IN-18-0637,2005,0.7434469058270785,-1.2682955485745988,ssm_yield
wheat,IN,IN-18-0637,2006,0.04195884704607896,-0.29922665443511653,ssm_yield
wheat,IN,IN-18-0637,2007,0.41682443472940317,-0.7078595305613281,ssm_yield
wheat,IN,IN-18-0637,2008,-0.009575322018866978,-0.9858710985521631,ssm_yield
wheat,IN,IN-18-0637,2009,-0.1459235346982032,-1.0750113155904943,ssm_yield
wheat,IN,IN-18-0637,2010,-0.6760833441327474,-0.33099940506264053,ssm_yield
wheat,IN,IN-18-0637,2011,0.14322425559880878,-0.7528709272836538,ssm_yield
wheat,IN,IN-18-0637,2012,-0.1930129524760495,-0.09005604613725021,ssm_yield
wheat,IN,IN-18-0637,2013,-0.21389448789887802,-1.2656478193556384,ssm_yield
wheat,IN,IN-18-0637,2014,-0.05128893333140845,-0.14389320692277696,ssm_yield
wheat,IN,IN-18-0637,2015,0.02090289663825448,-0.8790793533874297,ssm_yield
wheat,IN,IN-18-0637,2016,-0.6016631664702426,-0.9805756401142425,ssm_yield
wheat,IN,IN-18-0637,2017,-0.6090096553402085,-0.8781967769811095,ssm_yield
wheat,IN,IN-19-0654,2016,2.2762183251552464,-1.1517954629403442,ssm_yield
wheat,IN,IN-19-0654,2017,2.040642529689102,-1.1517954629403442,ssm_yield
wheat,IN,IN-20-0056,2003,-0.8249612498522084,-1.6283867223532043,ssm_yield
wheat,IN,IN-20-0056,2004,0.14242433591419637,-1.4183335376490178,ssm_yield
wheat,IN,IN-20-0056,2005,0.10129613767659269,-1.3097766396716441,ssm_yield
wheat,IN,IN-20-0056,2006,0.5476868716127279,-1.0432385649629703,ssm_yield
wheat,IN,IN-20-0056,2007,0.6412065140950043,-0.9302687849539962,ssm_yield
wheat,IN,IN-20-0056,2008,0.7062709490868138,-0.826124769008223,ssm_yield
wheat,IN,IN-20-0056,2009,0.160800861683396,-1.0732461627778542,ssm_yield
wheat,IN,IN-20-0056,2010,0.011643918445532522,-0.8826096590127102,ssm_yield
wheat,IN,IN-20-0056,2011,0.842728215930141,-0.865840707292628,ssm_yield
wheat,IN,IN-20-0056,2012,-0.49224097320726806,-0.7413974340014923,ssm_yield
wheat,IN,IN-20-0056,2013,-0.018814893861829902,-0.7440451632204527,ssm_yield
wheat,IN,IN-20-0056,2014,1.4158642189885566,-0.5851814100828326,ssm_yield
wheat,IN,IN-20-0056,2015,0.4935181168411478,0.024678886684364562,ssm_yield
wheat,IN,IN-20-0056,2016,-0.9550396675109908,-1.2374053743533948,ssm_yield
wheat,IN,IN-20-0056,2017,0.24833192001951462,-0.8049429352565403,ssm_yield
wheat,IN,IN-20-0057,2003,-0.8340677937581804,-1.4924699557799073,ssm_yield
wheat,IN,IN-20-0057,2004,-0.1561110771739255,-1.3945039746783747,ssm_yield
wheat,IN,IN-20-0057,2005,-0.23634408571420074,-0.5189881796088242,ssm_yield
wheat,IN,IN-20-0057,2006,0.28096743053413425,-1.0105832379291264,ssm_yield
wheat,IN,IN-20-0057,2007,0.2759899222917983,-1.1226704415317805,ssm_yield
wheat,IN,IN-20-0057,2008,0.4593844590065504,-0.9258559029223956,ssm_yield
wheat,IN,IN-20-0057,2009,0.010147294519486516,-1.2656478193556384,ssm_yield
wheat,IN,IN-20-0057,2010,-0.1899334406221811,-0.8861399646379906,ssm_yield
wheat,IN,IN-20-0057,2011,0.6691091045959172,-0.8490717555725459,ssm_yield
wheat,IN,IN-20-0057,2012,-0.6929801776725548,-1.2135758113827517,ssm_yield
wheat,IN,IN-20-0057,2013,-0.46005065686688734,-1.3221327093601256,ssm_yield
wheat,IN,IN-20-0057,2014,0.916983816622315,-1.3777350229582925,ssm_yield
wheat,IN,IN-20-0057,2015,0.13617782393391212,-1.3706744117077316,ssm_yield
wheat,IN,IN-20-0057,2016,-1.3179303802924633,-1.0591249402767324,ssm_yield
wheat,IN,IN-20-0057,2017,-0.037118927489731904,-0.8102383936944609,ssm_yield
wheat,IN,IN-20-0058,2003,-0.8774395048589849,-1.4968828378115075,ssm_yield
wheat,IN,IN-20-0058,2004,-0.6734834208444708,-1.563958644691836,ssm_yield
wheat,IN,IN-20-0058,2005,-0.6417959970075351,-1.3071289104526838,ssm_yield
wheat,IN,IN-20-0058,2006,0.47965098858226335,-1.1517954629403442,ssm_yield
wheat,IN,IN-20-0058,2007,0.1642505760561282,-1.1517954629403442,ssm_yield
wheat,IN,IN-20-0058,2008,0.8165950444852131,-0.9311513613603163,ssm_yield
wheat,IN,IN-20-0058,2009,0.24271775696302833,-1.1517954629403442,ssm_yield
wheat,IN,IN-20-0058,2010,0.2608316686639462,-0.857897519635747,ssm_yield
wheat,IN,IN-20-0058,2011,0.8868743507646407,-1.1517954629403442,ssm_yield
wheat,IN,IN-20-0058,2012,-0.5542904050229707,-1.1517954629403442,ssm_yield
wheat,IN,IN-20-0058,2013,-0.6106439325865606,-1.1517954629403442,ssm_yield
wheat,IN,IN-20-0058,2017,-0.1475031603885427,-1.1517954629403442,ssm_yield
wheat,IN,IN-20-0059,2016,-1.0258198103542155,-0.9311513613603163,ssm_yield
wheat,IN,IN-20-0060,2003,-0.8268706007546666,-1.5048260254683885,ssm_yield
wheat,IN,IN-20-0060,2004,0.07391913317084578,-1.681341306732411,ssm_yield
wheat,IN,IN-20-0060,2005,-0.3612242996105616,-1.372439564520372,ssm_yield
wheat,IN,IN-20-0060,2006,0.27276115465833106,-1.3283107442043662,ssm_yield
wheat,IN,IN-20-0060,2007,0.19720770323283288,-1.1517954629403442,ssm_yield
wheat,IN,IN-20-0060,2010,-0.30113669474108373,-0.7105072597802884,ssm_yield
wheat,IN,IN-20-0062,2003,-0.781574803972982,-1.5048260254683885,ssm_yield
wheat,IN,IN-20-0062,2004,0.03975068544589744,-1.6557465909491276,ssm_yield
wheat,IN,IN-20-0062,2005,-0.4639600734295075,-1.3283107442043662,ssm_yield
wheat,IN,IN-20-0062,2006,0.34985671252008405,-1.1517954629403442,ssm_yield
wheat,IN,IN-20-0062,2007,0.2623394722315139,-1.1517954629403442,ssm_yield
wheat,IN,IN-20-0062,2008,0.5758174099780079,-0.2692190566202327,ssm_yield
wheat,IN,IN-20-0062,2010,-0.45732260554302173,-1.1517954629403442,ssm_yield
wheat,IN,IN-20-0062,2011,0.4560688499538231,-1.1517954629403442,ssm_yield
wheat,IN,IN-20-0062,2012,-0.6515641722282091,-1.1517954629403442,ssm_yield
wheat,IN,IN-20-0063,2003,-0.5381405830505999,-1.5057086018747088,ssm_yield
wheat,IN,IN-20-0063,2004,0.17504100240906378,-1.778424711427623,ssm_yield
wheat,IN,IN-20-0063,2005,0.03278208228201358,-1.7325307382989774,ssm_yield
wheat,IN,IN-20-0063,2006,0.46224237143049124,-1.3459622723307685,ssm_yield
wheat,IN,IN-20-0063,2007,0.3959604633703118,-1.1323787820013016,ssm_yield
wheat,IN,IN-20-0063,2008,0.43094258151318693,-1.0079355087101658,ssm_yield
wheat,IN,IN-20-0063,2009,-0.10590687899549375,-0.8446588735409453,ssm_yield
wheat,IN,IN-20-0063,2010,-0.028795423029556618,-0.9011437635454325,ssm_yield
wheat,IN,IN-20-0063,2011,0.46222213885782126,-0.8693710129179084,ssm_yield
wheat,IN,IN-20-0063,2012,-0.330523779226556,-1.03882568293137,ssm_yield
wheat,IN,IN-20-0063,2013,0.07507819938204308,-0.9205604444844749,ssm_yield
wheat,IN,IN-20-0063,2014,1.141146347303251,-0.9867536749584832,ssm_yield
wheat,IN,IN-20-0063,2015,0.426848857643369,2.2752487228006486,ssm_yield
wheat,IN,IN-20-0063,2016,-0.5302529924135903,-0.6478443349315606,ssm_yield
wheat,IN,IN-20-0063,2017,0.06805004256054326,-1.0608900930893725,ssm_yield
wheat,IN,IN-20-0520,2003,-0.8451877502998746,-1.4580494759334228,ssm_yield
wheat,IN,IN-20-0520,2004,-0.4845470639304166,-1.5621934918791958,ssm_yield
wheat,IN,IN-20-0520,2005,-0.7326916956061508,-1.4960002614051877,ssm_yield
wheat,IN,IN-20-0520,2006,0.014061722766885202,-1.5092389074999892,ssm_yield
wheat,IN,IN-20-0520,2007,-0.21037328440199257,-1.4536365939018223,ssm_yield
wheat,IN,IN-20-0520,2008,0.26270144876207285,-1.4739358512471847,ssm_yield
wheat,IN,IN-20-0520,2009,-0.218561112595703,-1.2762387362314798,ssm_yield
wheat,IN,IN-20-0520,2010,-0.30799818165624854,-0.8834922354190302,ssm_yield
wheat,IN,IN-20-0520,2011,0.28239485070972575,-0.865840707292628,ssm_yield
wheat,IN,IN-20-0520,2012,-0.8306673250397535,-1.0379431065250497,ssm_yield
wheat,IN,IN-20-0520,2013,-0.7525755619209972,-1.476583580466145,ssm_yield
wheat,IN,IN-20-0520,2014,0.19740765580490086,-0.9938142862090441,ssm_yield
wheat,IN,IN-20-0520,2015,-0.27794078106601605,1.4076761153879789,ssm_yield
wheat,IN,IN-20-0520,2016,-1.3582267359197255,-0.9240907501097554,ssm_yield
wheat,IN,IN-20-0520,2017,-0.46820878990926085,-0.8120035465071012,ssm_yield
wheat,IN,IN-20-2101,2016,-0.6198726406101123,-0.6487269113378805,ssm_yield
wheat,IN,IN-20-2101,2017,-0.06046352629706724,-0.8111209701007812,ssm_yield
wheat,IN,IN-20-2102,2016,-0.5659894108397021,-0.7105072597802884,ssm_yield
wheat,IN,IN-20-2103,2016,-0.9306399026199194,-0.6478443349315606,ssm_yield
wheat,IN,IN-20-2103,2017,0.10671695334759934,-0.39719263553664885,ssm_yield
wheat,IN,IN-20-2111,2016,-1.162060051415767,-1.0582423638704122,ssm_yield
wheat,IN,IN-20-2111,2017,0.09916268878689874,-1.1200227123128201,ssm_yield
wheat,IN,IN-20-2112,2016,-1.2576485100834254,-1.0414734121503302,ssm_yield
wheat,IN,IN-20-2112,2017,-0.28572613886526904,-0.7731701846290162,ssm_yield
wheat,IN,IN-20-2114,2016,-1.2730652501384088,-1.1517954629403442,ssm_yield
wheat,IN,IN-20-2115,2016,-0.890767900753859,-1.2347576451344344,ssm_yield
wheat,IN,IN-20-2115,2017,0.5736778103973865,-0.3495335095953628,ssm_yield
wheat,IN,IN-20-2116,2016,-1.3663341137087013,-1.1517954629403442,ssm_yield
wheat,IN,IN-20-2117,2016,-1.2218832564944895,-0.9293862085476761,ssm_yield
wheat,IN,IN-20-2117,2017,-0.04597287722463521,-0.8120035465071012,ssm_yield
