crop_name,country_code,adm_id,harvest_year,x,y,pair
wheat,IN,IN-01-0047,2017,1.7320445681855199,-0.561801641244498,tavg_cwb
wheat,IN,IN-01-0049,2010,1.7611701421067916,-0.30356210497934893,tavg_cwb
wheat,IN,IN-01-0051,2003,2.1164923849814032,-0.9778902087017748,tavg_cwb
wheat,IN,IN-01-0051,2004,1.9656842828223084,-0.9301193858077954,tavg_cwb
wheat,IN,IN-01-0051,2005,2.011588985413079,-0.8806134907075208,tavg_cwb
wheat,IN,IN-01-0051,2006,1.8721299192212708,-0.8030117667619071,tavg_cwb
wheat,IN,IN-01-0051,2007,2.0294395912214855,-0.9795511099115122,tavg_cwb
wheat,IN,IN-01-0051,2008,1.6182971196690017,-0.28353615002905624,tavg_cwb
wheat,IN,IN-01-0051,2009,1.9656935974137157,-0.6535532118065599,tavg_cwb
wheat,IN,IN-01-0051,2010,2.040274767236614,-0.6272364971706068,tavg_cwb
wheat,IN,IN-01-0051,2011,1.8756163019065344,-0.7758974807606409,tavg_cwb
wheat,IN,IN-01-0051,2012,1.949798262118027,-0.9652195680342198,tavg_cwb
wheat,IN,IN-01-0051,2013,2.1620514143986864,-0.9784815211269641,tavg_cwb
wheat,IN,IN-01-0051,2014,1.7991921009001115,-0.9014769526899243,tavg_cwb
wheat,IN,IN-01-0051,2015,1.897063822553439,-0.6380190796245961,tavg_cwb
wheat,IN,IN-01-0051,2016,2.404631932927739,-0.7596159287596572,tavg_cwb
wheat,IN,IN-01-0051,2017,2.301042879115705,-0.9847539854904732,tavg_cwb
wheat,IN,IN-01-0052,2003,1.901922407982936,-1.0309657997602866,tavg_cwb
wheat,IN,IN-01-0052,2004,1.6797853569670014,-0.9420218771334823,tavg_cwb
wheat,IN,IN-01-0052,2005,1.768261866939747,-0.8734225131915657,tavg_cwb
wheat,IN,IN-01-0052,2006,1.4511317401931085,-0.6728617499639225,tavg_cwb
wheat,IN,IN-01-0052,2007,1.7591552935714991,-0.9942380989323383,tavg_cwb
wheat,IN,IN-01-0052,2008,1.3957726792251208,-0.242291627041443,tavg_cwb
wheat,IN,IN-01-0052,2009,1.7092554855172948,-0.6564653042502038,tavg_cwb
wheat,IN,IN-01-0052,2010,1.8303130874019933,-0.6827490574459278,tavg_cwb
wheat,IN,IN-01-0052,2011,1.6389151309447871,-0.8526565184864338,tavg_cwb
wheat,IN,IN-01-0052,2012,1.7721860733856174,-1.0339098740860975,tavg_cwb
wheat,IN,IN-01-0052,2013,1.9031779861986544,-0.9895220124374188,tavg_cwb
wheat,IN,IN-01-0052,2015,1.707523679996661,-0.6387373879560523,tavg_cwb
wheat,IN,IN-01-0052,2017,2.1088942869046265,-1.0474722880782834,tavg_cwb
wheat,IN,IN-01-0053,2003,1.551699657353886,-0.40775027280599896,tavg_cwb
wheat,IN,IN-01-0053,2005,1.6797530640858456,-0.5247823565458217,tavg_cwb
wheat,IN,IN-01-0053,2006,1.3171541329952159,0.264344589437307,tavg_cwb
wheat,IN,IN-01-0053,2007,1.529348621522287,-0.311377171934346,tavg_cwb
wheat,IN,IN-01-0053,2008,1.3857533040950225,0.13247089031241485,tavg_cwb
wheat,IN,IN-01-0053,2009,1.5308366509112705,-0.11382763456413135,tavg_cwb
wheat,IN,IN-01-0053,2010,1.7887956384111758,-0.2687719945064605,tavg_cwb
wheat,IN,IN-01-0053,2011,1.5041401092690765,-0.07067715116403632,tavg_cwb
wheat,IN,IN-01-0053,2013,1.7544226944030759,-0.3887430133320461,tavg_cwb
wheat,IN,IN-01-0053,2014,1.6424152134970245,-0.6546239471156741,tavg_cwb
wheat,IN,IN-01-0053,2016,1.9263185443178763,0.037937343091317806,tavg_cwb
wheat,IN,IN-01-0053,2017,2.1399898298050126,-0.7397061246466845,tavg_cwb
wheat,IN,IN-01-0503,2017,1.7113544454899592,-0.5354187708670658,tavg_cwb
wheat,IN,IN-02-0902,2003,-0.7180179412921408,0.29368783029483136,tavg_cwb
wheat,IN,IN-02-0902,2004,-0.4319616346640429,-0.026376388085735492,tavg_cwb
wheat,IN,IN-02-0902,2005,-0.1208023888297385,-0.06591310856625732,tavg_cwb
wheat,IN,IN-02-0902,2006,0.011047858676610895,-0.4136021393211543,tavg_cwb
wheat,IN,IN-02-0902,2007,-0.454743859888826,0.08305100276996323,tavg_cwb
wheat,IN,IN-02-0902,2008,-0.43389883007730845,-0.208142293189771,tavg_cwb
wheat,IN,IN-02-0902,2009,-0.034374599961549034,-0.36190050179807115,tavg_cwb
wheat,IN,IN-02-0902,2010,-0.14197616531527274,-0.4356876622085625,tavg_cwb
wheat,IN,IN-02-0902,2011,-0.5616816590713043,-0.24874111188840428,tavg_cwb
wheat,IN,IN-02-0902,2012,-0.5762913411463974,-0.11463421171459104,tavg_cwb
wheat,IN,IN-02-0902,2013,-0.5224543974884606,-0.15207648599874096,tavg_cwb
wheat,IN,IN-02-0902,2014,-0.578015214445682,-0.05250677117017291,tavg_cwb
wheat,IN,IN-02-0902,2015,-0.4734095448604328,0.06898925146905902,tavg_cwb
wheat,IN,IN-02-0902,2016,-0.09375671936625143,-0.21610744361399672,tavg_cwb
wheat,IN,IN-02-0902,2017,-0.42495968796646794,-0.052232805168274526,tavg_cwb
wheat,IN,IN-02-0903,2003,-0.7151417826497105,0.2946450259430487,tavg_cwb
wheat,IN,IN-02-0903,2004,-0.44816304563699955,0.00877974880140127,tavg_cwb
wheat,IN,IN-02-0903,2005,-0.11119628263778569,-0.06515632238820072,tavg_cwb
wheat,IN,IN-02-0903,2006,0.003699038690800907,-0.4153096565359269,tavg_cwb
wheat,IN,IN-02-0903,2007,-0.42631231160193256,0.06994131776557755,tavg_cwb
wheat,IN,IN-02-0903,2008,-0.41859120416904694,-0.13597923208013163,tavg_cwb
wheat,IN,IN-02-0903,2009,-0.05085669048976273,-0.3307208881859116,tavg_cwb
wheat,IN,IN-02-0903,2010,-0.10930937743241695,-0.4459704002833615,tavg_cwb
wheat,IN,IN-02-0903,2011,-0.510681138488054,-0.2531013832490602,tavg_cwb
wheat,IN,IN-02-0903,2012,-0.5876262635608552,-0.10440259129330003,tavg_cwb
wheat,IN,IN-02-0903,2013,-0.47503247680767674,-0.1905722281632188,tavg_cwb
wheat,IN,IN-02-0903,2014,-0.5366469368178715,-0.08423831837831587,tavg_cwb
wheat,IN,IN-02-0903,2015,-0.44111682018717246,0.19387817904906754,tavg_cwb
wheat,IN,IN-02-0903,2016,-0.12611279494191158,-0.1399771953473365,tavg_cwb
wheat,IN,IN-02-0903,2017,-0.45871136751117386,-0.013263566849166611,tavg_cwb
wheat,IN,IN-02-0904,2003,-0.6377021653857553,0.2983298935825443,tavg_cwb
wheat,IN,IN-02-0904,2004,-0.34314180151192536,-0.030479869445043196,tavg_cwb
wheat,IN,IN-02-0904,2005,-0.04395449251716719,-0.03262097808658206,tavg_cwb
wheat,IN,IN-02-0904,2006,0.061530248672386566,-0.4321594010040872,tavg_cwb
wheat,IN,IN-02-0904,2007,-0.298156780047531,-0.050942318901936096,tavg_cwb
wheat,IN,IN-02-0904,2008,-0.3406136461883448,-0.053331131264675355,tavg_cwb
wheat,IN,IN-02-0904,2009,0.049219256511792646,-0.3380181230445868,tavg_cwb
wheat,IN,IN-02-0904,2010,-0.01563758468743886,-0.491656216891381,tavg_cwb
wheat,IN,IN-02-0904,2011,-0.4293239355522131,-0.24466694111023357,tavg_cwb
wheat,IN,IN-02-0904,2012,-0.5473775465108489,-0.07795201942051148,tavg_cwb
wheat,IN,IN-02-0904,2013,-0.4117165588843594,-0.2213284788109292,tavg_cwb
wheat,IN,IN-02-0904,2014,-0.5028681757059659,-0.059713510307455295,tavg_cwb
wheat,IN,IN-02-0904,2015,-0.3846790763776765,0.26985100018443264,tavg_cwb
wheat,IN,IN-02-0904,2016,-0.09700844023854176,-0.09548707458626009,tavg_cwb
wheat,IN,IN-02-0904,2017,-0.41958636912709957,0.03073583616249824,tavg_cwb
wheat,IN,IN-02-0905,2003,-0.5157680137739069,0.24484736468990828,tavg_cwb
wheat,IN,IN-02-0905,2004,-0.26123360485212394,-0.048120809085148215,tavg_cwb
wheat,IN,IN-02-0905,2005,0.026204235251231917,-0.027993102815793508,tavg_cwb
wheat,IN,IN-02-0905,2006,0.11760408033001085,-0.40574165209707713,tavg_cwb
wheat,IN,IN-02-0905,2007,-0.19348029136411224,-0.09290859833807426,tavg_cwb
wheat,IN,IN-02-0905,2008,-0.24786465031558932,-0.08132359114331984,tavg_cwb
wheat,IN,IN-02-0905,2009,0.1192616595456557,-0.3532331216883285,tavg_cwb
wheat,IN,IN-02-0905,2010,0.036895868606793794,-0.4957185413096696,tavg_cwb
wheat,IN,IN-02-0905,2011,-0.38196527316032736,-0.1597836202623033,tavg_cwb
wheat,IN,IN-02-0905,2012,-0.4719644316749025,-0.08200884810483797,tavg_cwb
wheat,IN,IN-02-0905,2013,-0.30863410258375534,-0.2682688929376894,tavg_cwb
wheat,IN,IN-02-0905,2014,-0.44919729274377423,-0.06571411903090751,tavg_cwb
wheat,IN,IN-02-0905,2015,-0.3500412344418835,0.44474174210030926,tavg_cwb
wheat,IN,IN-02-0905,2016,-0.07358567212561183,-0.04428564167067863,tavg_cwb
wheat,IN,IN-02-0905,2017,-0.3695911468025452,0.06463814414637899,tavg_cwb
wheat,IN,IN-02-0906,2003,-0.6817408438288955,0.19799971572635436,tavg_cwb
wheat,IN,IN-02-0906,2004,-0.3235558103479003,-0.15678681362992122,tavg_cwb
wheat,IN,IN-02-0906,2005,-0.08451454564254972,-0.04519895705270015,tavg_cwb
wheat,IN,IN-02-0906,2006,0.03409446495162979,-0.4468390486659642,tavg_cwb
wheat,IN,IN-02-0906,2007,-0.3909124638568616,0.0026156163457721183,tavg_cwb
wheat,IN,IN-02-0906,2008,-0.4349284955631497,-0.26878793730476536,tavg_cwb
wheat,IN,IN-02-0906,2009,0.020873350784862566,-0.4092234641722765,tavg_cwb
wheat,IN,IN-02-0906,2010,-0.09051563000692374,-0.5065867924383773,tavg_cwb
wheat,IN,IN-02-0906,2011,-0.5090539865883099,-0.30199283949496486,tavg_cwb
wheat,IN,IN-02-0906,2012,-0.5587378830842199,-0.10613988805850547,tavg_cwb
wheat,IN,IN-02-0906,2013,-0.5124351371527486,-0.23817424029678566,tavg_cwb
wheat,IN,IN-02-0906,2014,-0.535408699959191,-0.06389595437234703,tavg_cwb
wheat,IN,IN-02-0906,2015,-0.5231893325292943,0.10120539051515932,tavg_cwb
wheat,IN,IN-02-0906,2016,-0.03683105599297504,-0.25540929840785825,tavg_cwb
wheat,IN,IN-02-0906,2017,-0.32741906486325584,-0.16134108800515037,tavg_cwb
wheat,IN,IN-02-0907,2003,-0.5249518648107131,0.056635888325904604,tavg_cwb
wheat,IN,IN-02-0907,2004,-0.26499429709679456,-0.20005513165597003,tavg_cwb
wheat,IN,IN-02-0907,2005,-0.023306013043683987,-0.01677645153814396,tavg_cwb
wheat,IN,IN-02-0907,2006,0.034567422499521556,-0.39756634364297666,tavg_cwb
wheat,IN,IN-02-0907,2007,-0.24965478067644814,-0.039224367285592296,tavg_cwb
wheat,IN,IN-02-0907,2008,-0.37722497392105736,-0.14761792044111782,tavg_cwb
wheat,IN,IN-02-0907,2009,0.09728140520767119,-0.3824598776541139,tavg_cwb
wheat,IN,IN-02-0907,2010,0.00822328536626748,-0.530853419883651,tavg_cwb
wheat,IN,IN-02-0907,2011,-0.40964590857093436,-0.28531472708926187,tavg_cwb
wheat,IN,IN-02-0907,2012,-0.5002503354095662,-0.05811445526982048,tavg_cwb
wheat,IN,IN-02-0907,2013,-0.4555214028781594,-0.2754456765637716,tavg_cwb
wheat,IN,IN-02-0907,2014,-0.5113031846741498,0.02509712146237413,tavg_cwb
wheat,IN,IN-02-0907,2015,-0.4624051071781289,0.18806965186875432,tavg_cwb
wheat,IN,IN-02-0907,2016,0.03824981427193454,-0.2011224090072424,tavg_cwb
wheat,IN,IN-02-0907,2017,-0.28165293924021506,-0.1983053044323275,tavg_cwb
wheat,IN,IN-02-0908,2003,-0.4737570869423064,0.17879858850757066,tavg_cwb
wheat,IN,IN-02-0908,2004,-0.1956313585321164,-0.13829078175099094,tavg_cwb
wheat,IN,IN-02-0908,2005,0.06981398288536081,-0.03919912761850378,tavg_cwb
wheat,IN,IN-02-0908,2006,0.11609548555826217,-0.39708257854951334,tavg_cwb
wheat,IN,IN-02-0908,2007,-0.23025051652560455,-0.005362137628336458,tavg_cwb
wheat,IN,IN-02-0908,2008,-0.28263966029244514,-0.02757627534577608,tavg_cwb
wheat,IN,IN-02-0908,2009,0.18827181682868893,-0.36621867711599443,tavg_cwb
wheat,IN,IN-02-0908,2010,0.10106220341949064,-0.5433171713278482,tavg_cwb
wheat,IN,IN-02-0908,2011,-0.31938355266472335,-0.24230688242759035,tavg_cwb
wheat,IN,IN-02-0908,2012,-0.4033777628568429,-0.12038354082595408,tavg_cwb
wheat,IN,IN-02-0908,2013,-0.33923789700810136,-0.2825383637092515,tavg_cwb
wheat,IN,IN-02-0908,2014,-0.4371761957269459,0.0016888157701963897,tavg_cwb
wheat,IN,IN-02-0908,2015,-0.35525524586406293,0.22983440686952858,tavg_cwb
wheat,IN,IN-02-0908,2016,0.08406718805891912,-0.08073828326348181,tavg_cwb
wheat,IN,IN-02-0908,2017,-0.2185643866593239,-0.11382561187303995,tavg_cwb
wheat,IN,IN-02-0909,2003,-0.5007666646103099,0.24554523105535922,tavg_cwb
wheat,IN,IN-02-0909,2004,-0.22375686901541617,-0.09948936176977773,tavg_cwb
wheat,IN,IN-02-0909,2005,0.06686892521027817,0.004681836452507232,tavg_cwb
wheat,IN,IN-02-0909,2006,0.10709920190058224,-0.3645046146711999,tavg_cwb
wheat,IN,IN-02-0909,2007,-0.23955004330994942,-0.019988165094448226,tavg_cwb
wheat,IN,IN-02-0909,2008,-0.2625455668244838,-0.03061010168623275,tavg_cwb
wheat,IN,IN-02-0909,2009,0.1659113487659237,-0.34897182741075744,tavg_cwb
wheat,IN,IN-02-0909,2010,0.03725000380478904,-0.4924784876985917,tavg_cwb
wheat,IN,IN-02-0909,2011,-0.3960696767692446,-0.12466436525084063,tavg_cwb
wheat,IN,IN-02-0909,2012,-0.4234403763275932,-0.11422640705884045,tavg_cwb
wheat,IN,IN-02-0909,2013,-0.3657058843180199,-0.23658869268543342,tavg_cwb
wheat,IN,IN-02-0909,2014,-0.45494696141010965,-0.022436204209979396,tavg_cwb
wheat,IN,IN-02-0909,2015,-0.35540801365850094,0.2989778148792269,tavg_cwb
wheat,IN,IN-02-0909,2016,0.0041038355322900654,0.018016515775852476,tavg_cwb
wheat,IN,IN-02-0909,2017,-0.2562297693656908,-0.03025565551187155,tavg_cwb
wheat,IN,IN-02-0912,2003,-0.42358112304415096,-0.13387672454345018,tavg_cwb
wheat,IN,IN-02-0912,2004,-0.2857666180196275,-0.2434962043862546,tavg_cwb
wheat,IN,IN-02-0912,2005,-0.10506835258069619,0.02867999015515059,tavg_cwb
wheat,IN,IN-02-0912,2006,0.12080858389439633,-0.42911232183996056,tavg_cwb
wheat,IN,IN-02-0912,2007,-0.21162798613263314,-0.07317893085640118,tavg_cwb
wheat,IN,IN-02-0912,2008,-0.44364136358570455,-0.06812739177147922,tavg_cwb
wheat,IN,IN-02-0912,2009,0.12336463012038035,-0.4439568233650984,tavg_cwb
wheat,IN,IN-02-0912,2010,0.03128220703534402,-0.4626342054034914,tavg_cwb
wheat,IN,IN-02-0912,2011,-0.23125416970874366,-0.2898001764979971,tavg_cwb
wheat,IN,IN-02-0912,2012,-0.4149141686028181,-0.13024221248235077,tavg_cwb
wheat,IN,IN-02-0912,2013,-0.4919906318836852,-0.25891508578194217,tavg_cwb
wheat,IN,IN-02-0912,2014,-0.6203961686630591,0.1459807041612045,tavg_cwb
wheat,IN,IN-02-0912,2015,-0.49950421134473444,0.11308981227494369,tavg_cwb
wheat,IN,IN-02-0912,2016,0.09210408470055838,-0.21994398932365408,tavg_cwb
wheat,IN,IN-02-0912,2017,-0.26021949176957326,-0.21619883723706926,tavg_cwb
wheat,IN,IN-02-0918,2003,-0.5269490942466152,-0.022191197665917713,tavg_cwb
wheat,IN,IN-02-0918,2004,-0.27235056972080607,-0.24789872346026215,tavg_cwb
wheat,IN,IN-02-0918,2005,-0.07971130356390778,-0.006670647824948835,tavg_cwb
wheat,IN,IN-02-0918,2006,-0.017167628627075993,-0.38144901337203024,tavg_cwb
wheat,IN,IN-02-0918,2007,-0.25513581373064614,-0.07696127525331602,tavg_cwb
wheat,IN,IN-02-0918,2008,-0.4252719593279341,-0.11427271454722407,tavg_cwb
wheat,IN,IN-02-0918,2009,0.06584192940374707,-0.3893389787303902,tavg_cwb
wheat,IN,IN-02-0918,2010,-0.02253801970969058,-0.5189835650174435,tavg_cwb
wheat,IN,IN-02-0918,2011,-0.43689220331866124,-0.2824265880407066,tavg_cwb
wheat,IN,IN-02-0918,2012,-0.5273122268713338,-0.05469628321235785,tavg_cwb
wheat,IN,IN-02-0918,2013,-0.5254988646003989,-0.2712244912959579,tavg_cwb
wheat,IN,IN-02-0918,2014,-0.5853850770885433,0.09689676300272715,tavg_cwb
wheat,IN,IN-02-0918,2015,-0.5238426081211627,0.21220959060790578,tavg_cwb
wheat,IN,IN-02-0918,2016,0.00801902326487938,-0.19234261052631602,tavg_cwb
wheat,IN,IN-02-0918,2017,-0.3202359593225946,-0.19141547152910096,tavg_cwb
wheat,IN,IN-02-0919,2003,-0.39325387493363595,-0.1227171860225159,tavg_cwb
wheat,IN,IN-02-0919,2004,-0.21200814059912793,-0.27220812853559323,tavg_cwb
wheat,IN,IN-02-0919,2005,-0.033168494978952544,-0.027125509995587854,tavg_cwb
wheat,IN,IN-02-0919,2006,0.06164066185579563,-0.3675419568049073,tavg_cwb
wheat,IN,IN-02-0919,2007,-0.20863781592603384,-0.06462268371255998,tavg_cwb
wheat,IN,IN-02-0919,2008,-0.3804449389917459,-0.08640451641206796,tavg_cwb
wheat,IN,IN-02-0919,2009,0.11594243695161441,-0.41333176651955844,tavg_cwb
wheat,IN,IN-02-0919,2010,0.03099567269865517,-0.47986208102644323,tavg_cwb
wheat,IN,IN-02-0919,2011,-0.278989088016266,-0.2696264711588599,tavg_cwb
wheat,IN,IN-02-0919,2012,-0.4265599453562095,-0.10423453837847257,tavg_cwb
wheat,IN,IN-02-0919,2013,-0.4698310085171214,-0.27758846467853354,tavg_cwb
wheat,IN,IN-02-0919,2014,-0.5816459458434938,0.11461500930058685,tavg_cwb
wheat,IN,IN-02-0919,2015,-0.47267495172067314,0.17210015393362763,tavg_cwb
wheat,IN,IN-02-0919,2016,0.09254665258692381,-0.20584583241998283,tavg_cwb
wheat,IN,IN-02-0919,2017,-0.25672934405277525,-0.1959478797785251,tavg_cwb
wheat,IN,IN-02-0920,2003,-0.4257117810238204,-0.07868841846101707,tavg_cwb
wheat,IN,IN-02-0920,2004,-0.2337049971845019,-0.2579534568506233,tavg_cwb
wheat,IN,IN-02-0920,2005,-0.07081479998065654,0.06525703747083376,tavg_cwb
wheat,IN,IN-02-0920,2006,0.14984244437884855,-0.4207868662120038,tavg_cwb
wheat,IN,IN-02-0920,2007,-0.21416201637100638,-0.0013096566802151361,tavg_cwb
wheat,IN,IN-02-0920,2008,-0.41080718400896604,-0.09059507997318338,tavg_cwb
wheat,IN,IN-02-0920,2009,0.20148643999977361,-0.4588446496731189,tavg_cwb
wheat,IN,IN-02-0920,2010,0.05018582477561239,-0.4577680264336901,tavg_cwb
wheat,IN,IN-02-0920,2011,-0.28616563268679646,-0.29013342663960207,tavg_cwb
wheat,IN,IN-02-0920,2012,-0.31271480357824566,-0.18438002919778793,tavg_cwb
wheat,IN,IN-02-0920,2013,-0.390124693019135,-0.2845647484099845,tavg_cwb
wheat,IN,IN-02-0920,2014,-0.6085390260262985,0.21287213908037753,tavg_cwb
wheat,IN,IN-02-0920,2015,-0.510543874355878,0.15991366383809358,tavg_cwb
wheat,IN,IN-02-0920,2016,0.043843078002967495,-0.1796188183977524,tavg_cwb
wheat,IN,IN-02-0920,2017,-0.19534092051968266,-0.24563075908880383,tavg_cwb
wheat,IN,IN-02-0921,2003,-0.5484156248506846,0.075116605376738,tavg_cwb
wheat,IN,IN-02-0921,2004,-0.2513449468089989,-0.20930184978254412,tavg_cwb
wheat,IN,IN-02-0921,2005,-0.012751790515691206,-0.016653175265528557,tavg_cwb
wheat,IN,IN-02-0921,2006,0.11509523173972973,-0.4707255770591997,tavg_cwb
wheat,IN,IN-02-0921,2007,-0.20497946024516592,-0.10960675467350922,tavg_cwb
wheat,IN,IN-02-0921,2008,-0.34858496561599384,-0.26670281487348857,tavg_cwb
wheat,IN,IN-02-0921,2009,0.08845928282872806,-0.43895934133362424,tavg_cwb
wheat,IN,IN-02-0921,2010,-0.0001697112434859202,-0.5207251588288735,tavg_cwb
wheat,IN,IN-02-0921,2011,-0.3929436172426728,-0.3404590842393851,tavg_cwb
wheat,IN,IN-02-0921,2012,-0.47372646371074095,-0.09603457085479815,tavg_cwb
wheat,IN,IN-02-0921,2013,-0.42034684012216833,-0.3032401302083125,tavg_cwb
wheat,IN,IN-02-0921,2014,-0.5085997945263746,0.006075185318450987,tavg_cwb
wheat,IN,IN-02-0921,2015,-0.5257775134907093,0.18093957367540328,tavg_cwb
wheat,IN,IN-02-0921,2016,0.045182506628364406,-0.2573375072199894,tavg_cwb
wheat,IN,IN-02-0921,2017,-0.23878575843754685,-0.23865655456010468,tavg_cwb
wheat,IN,IN-02-0922,2003,-0.4006016366367581,-0.06256384801128519,tavg_cwb
wheat,IN,IN-02-0922,2004,-0.13133879541463875,-0.32904785882445303,tavg_cwb
wheat,IN,IN-02-0922,2005,0.05703212105401255,0.01867077288452545,tavg_cwb
wheat,IN,IN-02-0922,2006,0.22291126485763235,-0.5074310088232353,tavg_cwb
wheat,IN,IN-02-0922,2007,-0.1176532346209047,-0.08523628039242821,tavg_cwb
wheat,IN,IN-02-0922,2008,-0.3083205583824299,-0.23096290684222598,tavg_cwb
wheat,IN,IN-02-0922,2009,0.23032076982935715,-0.5291102929540886,tavg_cwb
wheat,IN,IN-02-0922,2010,0.14610304078431677,-0.552750633918433,tavg_cwb
wheat,IN,IN-02-0922,2011,-0.2619814311011481,-0.3642031094154432,tavg_cwb
wheat,IN,IN-02-0922,2012,-0.3009983294420089,-0.2378172792907867,tavg_cwb
wheat,IN,IN-02-0922,2013,-0.31220861957390617,-0.3523356393996685,tavg_cwb
wheat,IN,IN-02-0922,2014,-0.5372586564199842,0.15857169237286764,tavg_cwb
wheat,IN,IN-02-0922,2015,-0.45547721757232495,0.1821743867696498,tavg_cwb
wheat,IN,IN-02-0922,2016,0.05915547295543238,-0.21504028257454735,tavg_cwb
wheat,IN,IN-02-0922,2017,-0.1341182030526934,-0.32510899442227803,tavg_cwb
wheat,IN,IN-02-0923,2003,-0.7244843226434672,0.17690137321167226,tavg_cwb
wheat,IN,IN-02-0923,2004,-0.3480889142985405,-0.16798474529017315,tavg_cwb
wheat,IN,IN-02-0923,2005,-0.0829854168556786,-0.07564881256458979,tavg_cwb
wheat,IN,IN-02-0923,2006,0.05839307600986408,-0.49303369696253774,tavg_cwb
wheat,IN,IN-02-0923,2007,-0.4639998948826744,0.08598041949121389,tavg_cwb
wheat,IN,IN-02-0923,2008,-0.473891491405028,-0.31725779015158695,tavg_cwb
wheat,IN,IN-02-0923,2009,-0.028084303157411873,-0.427039063471775,tavg_cwb
wheat,IN,IN-02-0923,2010,-0.11662441180772157,-0.503461112065832,tavg_cwb
wheat,IN,IN-02-0923,2011,-0.5651578409311574,-0.3117515043790214,tavg_cwb
wheat,IN,IN-02-0923,2012,-0.564228448369828,-0.1989471535386744,tavg_cwb
wheat,IN,IN-02-0923,2013,-0.5297974157716615,-0.2329027555415026,tavg_cwb
wheat,IN,IN-02-0923,2014,-0.6260830979154669,0.013137528762659483,tavg_cwb
wheat,IN,IN-02-0923,2015,-0.5997884376023966,0.1417592760929019,tavg_cwb
wheat,IN,IN-02-0923,2016,-0.09303213909616058,-0.28363128456229525,tavg_cwb
wheat,IN,IN-02-0923,2017,-0.31894502462884144,-0.21114616250908758,tavg_cwb
wheat,IN,IN-02-0924,2003,-0.8233673555449891,0.22469804994150158,tavg_cwb
wheat,IN,IN-02-0924,2004,-0.4254581929194965,-0.1289157923740331,tavg_cwb
wheat,IN,IN-02-0924,2005,-0.14691403030002617,-0.10179664614549166,tavg_cwb
wheat,IN,IN-02-0924,2006,0.005809935959465818,-0.484171027233287,tavg_cwb
wheat,IN,IN-02-0924,2007,-0.5962456069955522,0.22965153815380565,tavg_cwb
wheat,IN,IN-02-0924,2008,-0.5552906438463028,-0.2999357056683872,tavg_cwb
wheat,IN,IN-02-0924,2009,-0.10759929511953899,-0.41927127468252534,tavg_cwb
wheat,IN,IN-02-0924,2010,-0.20359454620609135,-0.454985016065225,tavg_cwb
wheat,IN,IN-02-0924,2011,-0.6714848931359253,-0.27743250699976385,tavg_cwb
wheat,IN,IN-02-0924,2012,-0.6574978810151086,-0.19484628082109104,tavg_cwb
wheat,IN,IN-02-0924,2013,-0.5879236691805289,-0.18506695197734033,tavg_cwb
wheat,IN,IN-02-0924,2014,-0.7380356272292525,0.10461992666481752,tavg_cwb
wheat,IN,IN-02-0924,2015,-0.6642953613491824,0.18925056587785438,tavg_cwb
wheat,IN,IN-02-0924,2016,-0.18528343718067333,-0.2797956726040088,tavg_cwb
wheat,IN,IN-02-0924,2017,-0.3576773858624174,-0.20614712193171236,tavg_cwb
wheat,IN,IN-02-0925,2003,-0.7682038787039436,0.28995225034572375,tavg_cwb
wheat,IN,IN-02-0925,2004,-0.5498547501451411,0.05760572473244942,tavg_cwb
wheat,IN,IN-02-0925,2005,-0.2351518054159872,-0.08000376010016534,tavg_cwb
wheat,IN,IN-02-0925,2006,-0.043327085696403374,-0.3737377234456487,tavg_cwb
wheat,IN,IN-02-0925,2007,-0.5948073584603698,0.18941957831421513,tavg_cwb
wheat,IN,IN-02-0925,2008,-0.595115412279929,-0.13279986139526845,tavg_cwb
wheat,IN,IN-02-0925,2009,-0.17133966602892564,-0.31816688713615804,tavg_cwb
wheat,IN,IN-02-0925,2010,-0.3036964989480864,-0.3059193535738525,tavg_cwb
wheat,IN,IN-02-0925,2011,-0.7578782634114661,-0.13586555754436433,tavg_cwb
wheat,IN,IN-02-0925,2012,-0.7166746119572999,-0.08911184446570991,tavg_cwb
wheat,IN,IN-02-0925,2013,-0.5650515719256584,-0.12693366432458106,tavg_cwb
wheat,IN,IN-02-0925,2014,-0.7604066296665868,0.08805953768343291,tavg_cwb
wheat,IN,IN-02-0925,2015,-0.5495176346444555,0.20718953514952893,tavg_cwb
wheat,IN,IN-02-0925,2016,-0.19383171974273292,-0.21996535949474214,tavg_cwb
wheat,IN,IN-02-0925,2017,-0.4476090999962255,-0.05777168430706826,tavg_cwb
wheat,IN,IN-02-0926,2003,-0.8469360938275149,0.32474605483307406,tavg_cwb
wheat,IN,IN-02-0926,2004,-0.5724634993411504,0.05272368081751345,tavg_cwb
wheat,IN,IN-02-0926,2005,-0.3235717826478551,-0.026992714543384238,tavg_cwb
wheat,IN,IN-02-0926,2006,-0.062419776437969005,-0.35274412322827403,tavg_cwb
wheat,IN,IN-02-0926,2007,-0.7041079122735925,0.3422408680124273,tavg_cwb
wheat,IN,IN-02-0926,2008,-0.6769498427550151,-0.11785260962379651,tavg_cwb
wheat,IN,IN-02-0926,2009,-0.196429834032471,-0.3018711572131163,tavg_cwb
wheat,IN,IN-02-0926,2010,-0.35346145962081676,-0.2619930382600419,tavg_cwb
wheat,IN,IN-02-0926,2011,-0.8136367670307891,-0.09184871851451791,tavg_cwb
wheat,IN,IN-02-0926,2012,-0.7801469909387184,-0.056069628470419006,tavg_cwb
wheat,IN,IN-02-0926,2013,-0.6525442002885439,-0.02503140772992132,tavg_cwb
wheat,IN,IN-02-0926,2014,-0.8326699766103577,0.15193543320666444,tavg_cwb
wheat,IN,IN-02-0926,2015,-0.6712949636773284,0.38810796335726366,tavg_cwb
wheat,IN,IN-02-0926,2016,-0.2579379530456332,-0.20402703954787937,tavg_cwb
wheat,IN,IN-02-0926,2017,-0.4448694271953401,-0.044552135619059303,tavg_cwb
wheat,IN,IN-02-0927,2003,-0.5750726779415216,0.18861771321130136,tavg_cwb
wheat,IN,IN-02-0927,2004,-0.2756442961058349,-0.13167366217308427,tavg_cwb
wheat,IN,IN-02-0927,2005,0.004688349207505005,-0.044890260876904314,tavg_cwb
wheat,IN,IN-02-0927,2006,0.05741924509351925,-0.39563010061042897,tavg_cwb
wheat,IN,IN-02-0927,2007,-0.2489880918732632,-0.040738747311053446,tavg_cwb
wheat,IN,IN-02-0927,2008,-0.33760947414415327,-0.17755216561100662,tavg_cwb
wheat,IN,IN-02-0927,2009,0.11309684070832585,-0.3699215264984513,tavg_cwb
wheat,IN,IN-02-0927,2010,0.01583488561703253,-0.5161603279699802,tavg_cwb
wheat,IN,IN-02-0927,2011,-0.4276011146786195,-0.2623322073695679,tavg_cwb
wheat,IN,IN-02-0927,2012,-0.45699216149103694,-0.09033108747807837,tavg_cwb
wheat,IN,IN-02-0927,2013,-0.43418365300622863,-0.23275089167280824,tavg_cwb
wheat,IN,IN-02-0927,2014,-0.46027170300794346,-0.044052355033424404,tavg_cwb
wheat,IN,IN-02-0927,2015,-0.42697981745352903,0.1527773859421307,tavg_cwb
wheat,IN,IN-02-0927,2016,0.02398834783120441,-0.20154427201433822,tavg_cwb
wheat,IN,IN-02-0927,2017,-0.29096375266541097,-0.16202457478304824,tavg_cwb
wheat,IN,IN-02-0928,2003,-0.7359398815961499,0.2723753739849373,tavg_cwb
wheat,IN,IN-02-0928,2004,-0.5965367628538208,0.1282332635940357,tavg_cwb
wheat,IN,IN-02-0928,2005,-0.2368763705707888,-0.08747666862476,tavg_cwb
wheat,IN,IN-02-0928,2006,-0.051014462829759015,-0.3518740554447427,tavg_cwb
wheat,IN,IN-02-0928,2007,-0.5714570008070289,0.21350507176946812,tavg_cwb
wheat,IN,IN-02-0928,2008,-0.5465588508302222,-0.11323463146525657,tavg_cwb
wheat,IN,IN-02-0928,2009,-0.12718517097425686,-0.3041517396592625,tavg_cwb
wheat,IN,IN-02-0928,2010,-0.23546602312440262,-0.3107366548176995,tavg_cwb
wheat,IN,IN-02-0928,2011,-0.6888158735296194,-0.14838168207224073,tavg_cwb
wheat,IN,IN-02-0928,2012,-0.680928720775608,-0.09844377945854602,tavg_cwb
wheat,IN,IN-02-0928,2013,-0.49398066907766486,-0.1920270425743457,tavg_cwb
wheat,IN,IN-02-0928,2014,-0.6810670918765583,-0.0019826569337181472,tavg_cwb
wheat,IN,IN-02-0928,2015,-0.46129054260244134,0.12257632143442385,tavg_cwb
wheat,IN,IN-02-0928,2016,-0.15898139707551487,-0.21641154089330247,tavg_cwb
wheat,IN,IN-02-0928,2017,-0.4791818798312637,0.007551283724745212,tavg_cwb
wheat,IN,IN-02-0929,2003,-0.7192901632556904,0.29903483688865456,tavg_cwb
wheat,IN,IN-02-0929,2004,-0.5639816333246079,0.1172722977355012,tavg_cwb
wheat,IN,IN-02-0929,2005,-0.17814579455677848,-0.06694589620323199,tavg_cwb
wheat,IN,IN-02-0929,2006,-0.05381254023487902,-0.36791290076236316,tavg_cwb
wheat,IN,IN-02-0929,2007,-0.48081000820352365,0.15440415723776835,tavg_cwb
wheat,IN,IN-02-0929,2008,-0.4716323293142268,-0.10294810684465343,tavg_cwb
wheat,IN,IN-02-0929,2009,-0.09585823046190858,-0.2981331049284038,tavg_cwb
wheat,IN,IN-02-0929,2010,-0.17438364275503054,-0.3676765097339999,tavg_cwb
wheat,IN,IN-02-0929,2011,-0.5938948216740226,-0.20380212293034417,tavg_cwb
wheat,IN,IN-02-0929,2012,-0.6334448634739984,-0.08975083896425663,tavg_cwb
wheat,IN,IN-02-0929,2013,-0.46372933325662385,-0.21244728479439856,tavg_cwb
wheat,IN,IN-02-0929,2014,-0.6200445223218282,-0.03577981230085748,tavg_cwb
wheat,IN,IN-02-0929,2015,-0.43328834727964755,0.14483032058901746,tavg_cwb
wheat,IN,IN-02-0929,2016,-0.1482949716375137,-0.19084124607831063,tavg_cwb
wheat,IN,IN-02-0929,2017,-0.5178093718770653,0.0793395504333813,tavg_cwb
wheat,IN,IN-02-0930,2003,-0.6525378997160692,0.2415738808268751,tavg_cwb
wheat,IN,IN-02-0930,2004,-0.35918157197711975,-0.08347507084548968,tavg_cwb
wheat,IN,IN-02-0930,2005,-0.05202268665191398,-0.03383389552830664,tavg_cwb
wheat,IN,IN-02-0930,2006,0.004731379351271465,-0.40072435963473035,tavg_cwb
wheat,IN,IN-02-0930,2007,-0.3436278300039842,0.024233694085191448,tavg_cwb
wheat,IN,IN-02-0930,2008,-0.3899115795600058,-0.13469624932256355,tavg_cwb
wheat,IN,IN-02-0930,2009,0.02300675495504797,-0.3435354277346692,tavg_cwb
wheat,IN,IN-02-0930,2010,-0.0392417573136876,-0.5112244298283404,tavg_cwb
wheat,IN,IN-02-0930,2011,-0.463985596535577,-0.2553366081666364,tavg_cwb
wheat,IN,IN-02-0930,2012,-0.5262062837669591,-0.09398971423824576,tavg_cwb
wheat,IN,IN-02-0930,2013,-0.46936704046748395,-0.2178382799549221,tavg_cwb
wheat,IN,IN-02-0930,2014,-0.5033089107243229,-0.04982312367176553,tavg_cwb
wheat,IN,IN-02-0930,2015,-0.447133564645949,0.2081690804733104,tavg_cwb
wheat,IN,IN-02-0930,2016,-0.07329184109274943,-0.12771435165318712,tavg_cwb
wheat,IN,IN-02-0930,2017,-0.37534689737766236,-0.10566598806920142,tavg_cwb
wheat,IN,IN-02-0931,2003,-0.5652056836544839,0.15851039603850417,tavg_cwb
wheat,IN,IN-02-0931,2004,-0.30016142222098696,-0.12766416077234619,tavg_cwb
wheat,IN,IN-02-0931,2005,-0.03788582366716955,-0.013864549158487205,tavg_cwb
wheat,IN,IN-02-0931,2006,0.0052274412124327175,-0.38737312380495204,tavg_cwb
wheat,IN,IN-02-0931,2007,-0.3059885660581274,0.014449587616711732,tavg_cwb
wheat,IN,IN-02-0931,2008,-0.37759661746666406,-0.08824340644298187,tavg_cwb
wheat,IN,IN-02-0931,2009,0.06903372578345891,-0.3455352383877089,tavg_cwb
wheat,IN,IN-02-0931,2010,0.005445888181981198,-0.5411692323904029,tavg_cwb
wheat,IN,IN-02-0931,2011,-0.4151297785987482,-0.25222552353299976,tavg_cwb
wheat,IN,IN-02-0931,2012,-0.496329637852139,-0.10053872998300971,tavg_cwb
wheat,IN,IN-02-0931,2013,-0.446280955334386,-0.2634510713070133,tavg_cwb
wheat,IN,IN-02-0931,2014,-0.512781247935691,0.001151888726499484,tavg_cwb
wheat,IN,IN-02-0931,2015,-0.42593013721023093,0.22056392041501227,tavg_cwb
wheat,IN,IN-02-0931,2016,-0.011902205568772545,-0.1303431711507137,tavg_cwb
wheat,IN,IN-02-0931,2017,-0.32545992235682136,-0.12251714249684553,tavg_cwb
wheat,IN,IN-02-0932,2003,-0.44651922876720856,0.3128712266334488,tavg_cwb
wheat,IN,IN-02-0932,2004,-0.1253672594023717,-0.09832211527907968,tavg_cwb
wheat,IN,IN-02-0932,2005,0.1160878597731549,0.0027539141893276986,tavg_cwb
wheat,IN,IN-02-0932,2006,0.2167607549399547,-0.35786074164215903,tavg_cwb
wheat,IN,IN-02-0932,2007,-0.1105327242882626,-0.03474556971030272,tavg_cwb
wheat,IN,IN-02-0932,2008,-0.13164435703998403,-0.07141967632682522,tavg_cwb
wheat,IN,IN-02-0932,2009,0.21943619038896142,-0.32928749698232657,tavg_cwb
wheat,IN,IN-02-0932,2010,0.11262009972985756,-0.4965557584737467,tavg_cwb
wheat,IN,IN-02-0932,2011,-0.3008178392230904,-0.08813921510789528,tavg_cwb
wheat,IN,IN-02-0932,2012,-0.3250264199992762,-0.09476984971936361,tavg_cwb
wheat,IN,IN-02-0932,2013,-0.245064557342219,-0.27895571777723194,tavg_cwb
wheat,IN,IN-02-0932,2014,-0.36879045566410323,-0.04777576542934797,tavg_cwb
wheat,IN,IN-02-0932,2015,-0.2841220537539993,0.3599671399251742,tavg_cwb
wheat,IN,IN-02-0932,2016,0.030521702448990003,0.043854670111040245,tavg_cwb
wheat,IN,IN-02-0932,2017,-0.2004463819109701,0.03419089030755918,tavg_cwb
wheat,IN,IN-02-0934,2003,-0.4890641483843532,-0.07035929947566685,tavg_cwb
wheat,IN,IN-02-0934,2004,-0.26631065286135264,-0.27213962086777654,tavg_cwb
wheat,IN,IN-02-0934,2005,-0.0636087752671925,0.006550962979993456,tavg_cwb
wheat,IN,IN-02-0934,2006,0.05377089700465868,-0.44145451904744093,tavg_cwb
wheat,IN,IN-02-0934,2007,-0.22123681581929902,-0.07511517388894906,tavg_cwb
wheat,IN,IN-02-0934,2008,-0.41812562275261855,-0.1401974583163748,tavg_cwb
wheat,IN,IN-02-0934,2009,0.08655764488421822,-0.4304955350915592,tavg_cwb
wheat,IN,IN-02-0934,2010,-0.021136554736214654,-0.5031907447519539,tavg_cwb
wheat,IN,IN-02-0934,2011,-0.38910054553853807,-0.3269818117897205,tavg_cwb
wheat,IN,IN-02-0934,2012,-0.4955494701037549,-0.0747690298831321,tavg_cwb
wheat,IN,IN-02-0934,2013,-0.49216232463425913,-0.28407764270888275,tavg_cwb
wheat,IN,IN-02-0934,2014,-0.5862503540458466,0.11559575065040727,tavg_cwb
wheat,IN,IN-02-0934,2015,-0.5183700859878528,0.1554888473210442,tavg_cwb
wheat,IN,IN-02-0934,2016,0.02345499678868568,-0.21028080249454104,tavg_cwb
wheat,IN,IN-02-0934,2017,-0.2824663688290611,-0.2346575795946247,tavg_cwb
wheat,IN,IN-02-0935,2003,-0.5921104344548892,0.2914666303711805,tavg_cwb
wheat,IN,IN-02-0935,2004,-0.3431215755193384,0.006755798365422597,tavg_cwb
wheat,IN,IN-02-0935,2005,-0.03764723793192304,0.002051211795383116,tavg_cwb
wheat,IN,IN-02-0935,2006,0.05902234277824114,-0.40007316144934796,tavg_cwb
wheat,IN,IN-02-0935,2007,-0.25850267867980625,-0.06677658589511049,tavg_cwb
wheat,IN,IN-02-0935,2008,-0.32698071784008825,-0.04248740773069304,tavg_cwb
wheat,IN,IN-02-0935,2009,0.06011482761892462,-0.3185515885135936,tavg_cwb
wheat,IN,IN-02-0935,2010,-0.013602798274113164,-0.46405756432985973,tavg_cwb
wheat,IN,IN-02-0935,2011,-0.41973688538580667,-0.17628842339464176,tavg_cwb
wheat,IN,IN-02-0935,2012,-0.5311157781761159,-0.05186548305907662,tavg_cwb
wheat,IN,IN-02-0935,2013,-0.36409349238043204,-0.22331784657391715,tavg_cwb
wheat,IN,IN-02-0935,2014,-0.49959547886225647,-0.0468310928768822,tavg_cwb
wheat,IN,IN-02-0935,2015,-0.38678675136215307,0.36778399643463233,tavg_cwb
wheat,IN,IN-02-0935,2016,-0.10711456952822038,-0.05395237260635455,tavg_cwb
wheat,IN,IN-02-0935,2017,-0.4423682945478216,0.11360361978358016,tavg_cwb
wheat,IN,IN-02-0936,2003,-0.5357632989672199,0.2446450435185087,tavg_cwb
wheat,IN,IN-02-0936,2004,-0.24395119271488308,-0.09550894027978965,tavg_cwb
wheat,IN,IN-02-0936,2005,0.03461281407758043,-0.02732206141883838,tavg_cwb
wheat,IN,IN-02-0936,2006,0.096924261769384,-0.42097586083918076,tavg_cwb
wheat,IN,IN-02-0936,2007,-0.270231554680856,-0.014099504623224145,tavg_cwb
wheat,IN,IN-02-0936,2008,-0.2950534852428743,-0.03084006717664803,tavg_cwb
wheat,IN,IN-02-0936,2009,0.1336969550979332,-0.3589352303268847,tavg_cwb
wheat,IN,IN-02-0936,2010,0.06575100542646214,-0.5346161494535762,tavg_cwb
wheat,IN,IN-02-0936,2011,-0.3681838113100174,-0.23540130951150606,tavg_cwb
wheat,IN,IN-02-0936,2012,-0.4575313226556034,-0.10165126566304775,tavg_cwb
wheat,IN,IN-02-0936,2013,-0.37055808588927924,-0.2570499056141029,tavg_cwb
wheat,IN,IN-02-0936,2014,-0.45080538018073485,-0.024374270219947626,tavg_cwb
wheat,IN,IN-02-0936,2015,-0.36925904701174583,0.25638451747585983,tavg_cwb
wheat,IN,IN-02-0936,2016,0.010353489430179946,-0.07515930724968954,tavg_cwb
wheat,IN,IN-02-0936,2017,-0.2923086792116631,-0.07202151183694343,tavg_cwb
wheat,IN,IN-02-0945,2003,-0.5446365932062619,0.2839028500803479,tavg_cwb
wheat,IN,IN-02-0945,2004,-0.36186590348414643,0.09804711968321848,tavg_cwb
wheat,IN,IN-02-0945,2005,-0.002876536740373156,-0.07474118940725204,tavg_cwb
wheat,IN,IN-02-0945,2006,0.11400317652205297,-0.37718786027285056,tavg_cwb
wheat,IN,IN-02-0945,2007,-0.20797846574059603,-0.03740979315591349,tavg_cwb
wheat,IN,IN-02-0945,2008,-0.25666670097224525,-0.06103412155305968,tavg_cwb
wheat,IN,IN-02-0945,2009,0.07695687788613405,-0.2792532466649563,tavg_cwb
wheat,IN,IN-02-0945,2010,0.028348987315922513,-0.43629373720035364,tavg_cwb
wheat,IN,IN-02-0945,2011,-0.3845128309330596,-0.11842411830296246,tavg_cwb
wheat,IN,IN-02-0945,2012,-0.4956233955405994,-0.037439830445674914,tavg_cwb
wheat,IN,IN-02-0945,2013,-0.2575599844440618,-0.28136468963487926,tavg_cwb
wheat,IN,IN-02-0945,2014,-0.47720097973423053,-0.060294453292693,tavg_cwb
wheat,IN,IN-02-0945,2015,-0.3514936934302226,0.4374159287271557,tavg_cwb
wheat,IN,IN-02-0945,2016,-0.13923413992058373,0.004886465489004852,tavg_cwb
wheat,IN,IN-02-0945,2017,-0.4359758143282241,0.18770707548014776,tavg_cwb
wheat,IN,IN-02-0946,2003,-0.3775081332373989,0.3871163183815785,tavg_cwb
wheat,IN,IN-02-0946,2004,-0.25523569476777574,0.3946477480081856,tavg_cwb
wheat,IN,IN-02-0946,2005,0.12891054412572908,-0.08118156947811037,tavg_cwb
wheat,IN,IN-02-0946,2006,0.303795779818003,-0.3302415831778543,tavg_cwb
wheat,IN,IN-02-0946,2007,-0.1348584035967173,0.16384056612810993,tavg_cwb
wheat,IN,IN-02-0946,2008,-0.015109746651496668,-0.003339155682331588,tavg_cwb
wheat,IN,IN-02-0946,2009,0.2671584514294851,-0.15904788396659908,tavg_cwb
wheat,IN,IN-02-0946,2010,0.17955423708207358,-0.20011195199025789,tavg_cwb
wheat,IN,IN-02-0946,2011,-0.2143806331676709,0.03685588449338567,tavg_cwb
wheat,IN,IN-02-0946,2012,-0.32637613466065246,0.13017433156215122,tavg_cwb
wheat,IN,IN-02-0946,2013,-0.029706397387841563,-0.2853782422954557,tavg_cwb
wheat,IN,IN-02-0946,2014,-0.1899347737866802,-0.12883556729203893,tavg_cwb
wheat,IN,IN-02-0946,2015,-0.18352516991517662,0.38609411186439424,tavg_cwb
wheat,IN,IN-02-0946,2016,-0.06899356073650714,0.14640430783498956,tavg_cwb
wheat,IN,IN-02-0946,2017,-0.2509733187284128,0.25869967059457366,tavg_cwb
wheat,IN,IN-02-0947,2003,-0.524325425570894,0.018651992187358017,tavg_cwb
wheat,IN,IN-02-0947,2004,-0.21077831253027973,-0.2750442671093102,tavg_cwb
wheat,IN,IN-02-0947,2005,0.009700952771027706,-0.032855418201782734,tavg_cwb
wheat,IN,IN-02-0947,2006,0.13279532941600283,-0.5156354781069894,tavg_cwb
wheat,IN,IN-02-0947,2007,-0.18109807171839026,-0.1501647042599772,tavg_cwb
wheat,IN,IN-02-0947,2008,-0.33559282916996425,-0.3030520158145251,tavg_cwb
wheat,IN,IN-02-0947,2009,0.10332464528999279,-0.4824607605042389,tavg_cwb
wheat,IN,IN-02-0947,2010,0.04846580064326887,-0.5419005066735328,tavg_cwb
wheat,IN,IN-02-0947,2011,-0.38412622257137513,-0.36167626944067643,tavg_cwb
wheat,IN,IN-02-0947,2012,-0.4311348313017244,-0.18313441376735254,tavg_cwb
wheat,IN,IN-02-0947,2013,-0.3916891190360516,-0.3336605966539353,tavg_cwb
wheat,IN,IN-02-0947,2014,-0.5400340588572015,0.06129362099795212,tavg_cwb
wheat,IN,IN-02-0947,2015,-0.5395984060940613,0.20710002282409323,tavg_cwb
wheat,IN,IN-02-0947,2016,0.005877950400390837,-0.2727194571483576,tavg_cwb
wheat,IN,IN-02-0947,2017,-0.2228550123829374,-0.2671652262802751,tavg_cwb
wheat,IN,IN-02-0948,2003,-0.297693831422715,-0.13590705294216826,tavg_cwb
wheat,IN,IN-02-0948,2004,-0.05826354103426067,-0.3812472650509325,tavg_cwb
wheat,IN,IN-02-0948,2005,0.15557457414246834,-0.05948033213774312,tavg_cwb
wheat,IN,IN-02-0948,2006,0.3435954138575374,-0.5749837946828128,tavg_cwb
wheat,IN,IN-02-0948,2007,-0.04267499152240759,-0.10072256264756037,tavg_cwb
wheat,IN,IN-02-0948,2008,-0.24564170416517062,-0.2922336635076589,tavg_cwb
wheat,IN,IN-02-0948,2009,0.2692796855410552,-0.5568626033363938,tavg_cwb
wheat,IN,IN-02-0948,2010,0.2382316760336976,-0.5990837330567091,tavg_cwb
wheat,IN,IN-02-0948,2011,-0.19133032636035185,-0.3896272288949322,tavg_cwb
wheat,IN,IN-02-0948,2012,-0.2757045374677658,-0.26270680233941096,tavg_cwb
wheat,IN,IN-02-0948,2013,-0.27348944969313094,-0.36375801920640993,tavg_cwb
wheat,IN,IN-02-0948,2014,-0.5048048306071098,0.1681603433101026,tavg_cwb
wheat,IN,IN-02-0948,2015,-0.38362075366026005,0.19953995379074704,tavg_cwb
wheat,IN,IN-02-0948,2016,0.11939062901168661,-0.25601986803949756,tavg_cwb
wheat,IN,IN-02-0948,2017,-0.1106656366166233,-0.354227990488065,tavg_cwb
wheat,IN,IN-02-0949,2003,-0.4776004826422318,0.144227109782393,tavg_cwb
wheat,IN,IN-02-0949,2004,-0.20942354414275072,-0.15319591571355506,tavg_cwb
wheat,IN,IN-02-0949,2005,0.05553549460285447,-0.023788508026101884,tavg_cwb
wheat,IN,IN-02-0949,2006,0.060806636999995355,-0.31957297433450726,tavg_cwb
wheat,IN,IN-02-0949,2007,-0.22733937305646537,-0.04164910604635759,tavg_cwb
wheat,IN,IN-02-0949,2008,-0.3170843784514106,0.010415279228891386,tavg_cwb
wheat,IN,IN-02-0949,2009,0.19327056436573112,-0.3521998448803266,tavg_cwb
wheat,IN,IN-02-0949,2010,0.06214210261894264,-0.4732365097657293,tavg_cwb
wheat,IN,IN-02-0949,2011,-0.3267700787755175,-0.17180461746638853,tavg_cwb
wheat,IN,IN-02-0949,2012,-0.40322620037764073,-0.11049766801976368,tavg_cwb
wheat,IN,IN-02-0949,2013,-0.38718275136428404,-0.2485441378044478,tavg_cwb
wheat,IN,IN-02-0949,2014,-0.4801284304091473,0.01025172618614205,tavg_cwb
wheat,IN,IN-02-0949,2015,-0.4040469255010259,0.2950811673903851,tavg_cwb
wheat,IN,IN-02-0949,2016,0.06750398278066912,-0.04861646566748517,tavg_cwb
wheat,IN,IN-02-0949,2017,-0.22862713212686295,-0.10066853398518988,tavg_cwb
wheat,IN,IN-02-0950,2003,-0.4275073381801947,-0.0546812643328376,tavg_cwb
wheat,IN,IN-02-0950,2004,-0.2671969725679663,-0.22325680209587928,tavg_cwb
wheat,IN,IN-02-0950,2005,-0.040035941130308755,-0.012436573382143734,tavg_cwb
wheat,IN,IN-02-0950,2006,0.011260522529077808,-0.31711736061864115,tavg_cwb
wheat,IN,IN-02-0950,2007,-0.26560951828386115,-0.02211016953332264,tavg_cwb
wheat,IN,IN-02-0950,2008,-0.38622789752305187,-0.06026896889921487,tavg_cwb
wheat,IN,IN-02-0950,2009,0.10559495817887599,-0.36675535807293097,tavg_cwb
wheat,IN,IN-02-0950,2010,0.01535300219059532,-0.48223725010311713,tavg_cwb
wheat,IN,IN-02-0950,2011,-0.33997499636943146,-0.18919040607437548,tavg_cwb
wheat,IN,IN-02-0950,2012,-0.44670877989322183,-0.09827036813647849,tavg_cwb
wheat,IN,IN-02-0950,2013,-0.47234869975319643,-0.26106701271809,tavg_cwb
wheat,IN,IN-02-0950,2014,-0.5834325020643308,0.09005888576966466,tavg_cwb
wheat,IN,IN-02-0950,2015,-0.4861164881054362,0.23011995932106863,tavg_cwb
wheat,IN,IN-02-0950,2016,0.05075548443425178,-0.13908708331083333,tavg_cwb
wheat,IN,IN-02-0950,2017,-0.27554814929641885,-0.15965205849759312,tavg_cwb
wheat,IN,IN-02-0951,2003,-0.5990619885724068,0.280954616828612,tavg_cwb
wheat,IN,IN-02-0951,2004,-0.43778418934477015,0.10534932524237976,tavg_cwb
wheat,IN,IN-02-0951,2005,-0.061530666501786964,-0.07926733174907345,tavg_cwb
wheat,IN,IN-02-0951,2006,0.039126715901710456,-0.3763712672460185,tavg_cwb
wheat,IN,IN-02-0951,2007,-0.260199880855633,-0.03635970904231451,tavg_cwb
wheat,IN,IN-02-0951,2008,-0.32165080552756087,-0.08891608314534724,tavg_cwb
wheat,IN,IN-02-0951,2009,0.033587934474748816,-0.27597430558815117,tavg_cwb
wheat,IN,IN-02-0951,2010,-0.02461426924036075,-0.4128419705908323,tavg_cwb
wheat,IN,IN-02-0951,2011,-0.4497343526103842,-0.12264243439524261,tavg_cwb
wheat,IN,IN-02-0951,2012,-0.551098590095919,-0.05646402728272279,tavg_cwb
wheat,IN,IN-02-0951,2013,-0.2964473204045784,-0.280678653860785,tavg_cwb
wheat,IN,IN-02-0951,2014,-0.5212173695957403,-0.05557386731654159,tavg_cwb
wheat,IN,IN-02-0951,2015,-0.35318854185011084,0.32263700362688913,tavg_cwb
wheat,IN,IN-02-0951,2016,-0.11248807436238267,-0.09385813308208699,tavg_cwb
wheat,IN,IN-02-0951,2017,-0.48246708650996534,0.1641167425521069,tavg_cwb
wheat,IN,IN-02-0956,2003,-0.5016943549875195,0.05576692264462911,tavg_cwb
wheat,IN,IN-02-0956,2004,-0.30216999955143115,-0.16345400870734003,tavg_cwb
wheat,IN,IN-02-0956,2005,-0.03703298918477209,-0.015406354963933227,tavg_cwb
wheat,IN,IN-02-0956,2006,-0.0068013269810718755,-0.3472781097975846,tavg_cwb
wheat,IN,IN-02-0956,2007,-0.3101305475587201,0.033195448931848996,tavg_cwb
wheat,IN,IN-02-0956,2008,-0.4048003576099504,-0.07555145956295117,tavg_cwb
wheat,IN,IN-02-0956,2009,0.08531920537181052,-0.33835206888112984,tavg_cwb
wheat,IN,IN-02-0956,2010,-0.005774342526821007,-0.5147108499456159,tavg_cwb
wheat,IN,IN-02-0956,2011,-0.3933049404590014,-0.2256589710863923,tavg_cwb
wheat,IN,IN-02-0956,2012,-0.5022333799773092,-0.09378892186954066,tavg_cwb
wheat,IN,IN-02-0956,2013,-0.4717111848678,-0.2629037481324573,tavg_cwb
wheat,IN,IN-02-0956,2014,-0.5656255557518034,0.05233072225353123,tavg_cwb
wheat,IN,IN-02-0956,2015,-0.46087597839125777,0.20940798756080692,tavg_cwb
wheat,IN,IN-02-0956,2016,0.022975548245112654,-0.1269069707596156,tavg_cwb
wheat,IN,IN-02-0956,2017,-0.30665534421482876,-0.13134943607839528,tavg_cwb
wheat,IN,IN-02-0958,2003,-0.43800713395544705,-0.05032260947216312,tavg_cwb
wheat,IN,IN-02-0958,2004,-0.27013773028897387,-0.24955011882135653,tavg_cwb
wheat,IN,IN-02-0958,2005,-0.03281948020729065,-0.043591709815706856,tavg_cwb
wheat,IN,IN-02-0958,2006,-0.011859650964332037,-0.3560362742781516,tavg_cwb
wheat,IN,IN-02-0958,2007,-0.25918417510143166,-0.03424854720194475,tavg_cwb
wheat,IN,IN-02-0958,2008,-0.39891363732655777,-0.10326461402883416,tavg_cwb
wheat,IN,IN-02-0958,2009,0.07169074146467203,-0.3741677526958215,tavg_cwb
wheat,IN,IN-02-0958,2010,0.001445755362907222,-0.5206205377116271,tavg_cwb
wheat,IN,IN-02-0958,2011,-0.37472560015257184,-0.2613911283537516,tavg_cwb
wheat,IN,IN-02-0958,2012,-0.5031724182490251,-0.08803788343952729,tavg_cwb
wheat,IN,IN-02-0958,2013,-0.5110513418339371,-0.2741256618486692,tavg_cwb
wheat,IN,IN-02-0958,2014,-0.5816544567643819,0.06336766810573839,tavg_cwb
wheat,IN,IN-02-0958,2015,-0.5011212863141404,0.24155611210124364,tavg_cwb
wheat,IN,IN-02-0958,2016,0.03770227836125669,-0.1809991830022867,tavg_cwb
wheat,IN,IN-02-0958,2017,-0.31033970176425185,-0.1832163557377225,tavg_cwb
wheat,IN,IN-02-0960,2003,-0.7436870027960313,0.2636717141583596,tavg_cwb
wheat,IN,IN-02-0960,2004,-0.5343163062409083,0.06646308972310547,tavg_cwb
wheat,IN,IN-02-0960,2005,-0.20784630028314194,-0.09174450883517217,tavg_cwb
wheat,IN,IN-02-0960,2006,-0.027811658643596877,-0.37844116618812984,tavg_cwb
wheat,IN,IN-02-0960,2007,-0.5672911543181706,0.1770249466217542,tavg_cwb
wheat,IN,IN-02-0960,2008,-0.5431727024333701,-0.13917033366977244,tavg_cwb
wheat,IN,IN-02-0960,2009,-0.12122214744811843,-0.3285755164831804,tavg_cwb
wheat,IN,IN-02-0960,2010,-0.26855864807039725,-0.32060154124779855,tavg_cwb
wheat,IN,IN-02-0960,2011,-0.6786352428392227,-0.1761078797467303,tavg_cwb
wheat,IN,IN-02-0960,2012,-0.6657867481370178,-0.09210703699060063,tavg_cwb
wheat,IN,IN-02-0960,2013,-0.5251050613867726,-0.17014612615317437,tavg_cwb
wheat,IN,IN-02-0960,2014,-0.6922215322517182,0.0405780948239554,tavg_cwb
wheat,IN,IN-02-0960,2015,-0.4820472685896907,0.1149220390337485,tavg_cwb
wheat,IN,IN-02-0960,2016,-0.15791231888772297,-0.21750133761059143,tavg_cwb
wheat,IN,IN-02-0960,2017,-0.46713150524660574,-0.022887091344280186,tavg_cwb
wheat,IN,IN-02-0961,2003,-0.472922063471787,-0.06640376769450108,tavg_cwb
wheat,IN,IN-02-0961,2004,-0.2544147231211185,-0.2803020715143281,tavg_cwb
wheat,IN,IN-02-0961,2007,-0.18454156052292034,-0.08040027364179952,tavg_cwb
wheat,IN,IN-02-0961,2008,-0.3964602225308606,-0.1630999610800555,tavg_cwb
wheat,IN,IN-02-0961,2009,0.12161144743182899,-0.4684140891673267,tavg_cwb
wheat,IN,IN-02-0961,2010,0.012180818189331984,-0.5089383217419089,tavg_cwb
wheat,IN,IN-02-0961,2011,-0.3415202536417484,-0.36709421953338206,tavg_cwb
wheat,IN,IN-02-0961,2012,-0.42087893970471657,-0.14164543638338573,tavg_cwb
wheat,IN,IN-02-0961,2013,-0.4298678566094343,-0.30581654810058073,tavg_cwb
wheat,IN,IN-02-0961,2014,-0.5854071600912564,0.13675455298476816,tavg_cwb
wheat,IN,IN-02-0961,2015,-0.527516012361129,0.15711145503898585,tavg_cwb
wheat,IN,IN-02-0961,2016,0.03515254263684213,-0.22406890090499806,tavg_cwb
wheat,IN,IN-02-0961,2017,-0.22650791282483668,-0.2640376877315727,tavg_cwb
wheat,IN,IN-03-0121,2003,1.1007836113727612,-0.9741755525029628,tavg_cwb
wheat,IN,IN-03-0121,2004,0.8626619717864452,-0.9347947882954816,tavg_cwb
wheat,IN,IN-03-0121,2005,0.643023161106985,-0.9016011670460812,tavg_cwb
wheat,IN,IN-03-0121,2006,0.7637840271677151,-0.877668243607862,tavg_cwb
wheat,IN,IN-03-0121,2007,1.0678947050272491,-0.9005560326289865,tavg_cwb
wheat,IN,IN-03-0121,2008,0.4440264081089704,-0.8634365131413404,tavg_cwb
wheat,IN,IN-03-0121,2009,1.296247986062843,-0.9089794998016966,tavg_cwb
wheat,IN,IN-03-0121,2010,1.1475321655302755,-0.9297904506659003,tavg_cwb
wheat,IN,IN-03-0121,2011,0.7618748728677095,-0.8716692336433749,tavg_cwb
wheat,IN,IN-03-0121,2012,0.5348398683228445,-0.8950904974461983,tavg_cwb
wheat,IN,IN-03-0121,2013,0.8867374123276243,-0.9359958117295477,tavg_cwb
wheat,IN,IN-03-0121,2014,0.5738001561444291,-0.8037561730471493,tavg_cwb
wheat,IN,IN-03-0121,2015,0.6820559750056315,-0.6369575385612961,tavg_cwb
wheat,IN,IN-03-0121,2016,0.9283585438690183,-0.90113425045689,tavg_cwb
wheat,IN,IN-03-0121,2017,1.0690440254855496,-0.9728396529805036,tavg_cwb
wheat,IN,IN-03-0122,2003,1.303644118845031,-1.227903042222896,tavg_cwb
wheat,IN,IN-03-0122,2004,1.2358000866775105,-1.2795055415903789,tavg_cwb
wheat,IN,IN-03-0122,2005,0.8731271059922688,-1.1403551336913267,tavg_cwb
wheat,IN,IN-03-0122,2006,1.0644880155103555,-1.1664708397810732,tavg_cwb
wheat,IN,IN-03-0122,2007,1.2984474279206022,-1.1448909244182954,tavg_cwb
wheat,IN,IN-03-0122,2008,0.7123939262439201,-1.1200069071817897,tavg_cwb
wheat,IN,IN-03-0122,2009,1.4175017321762353,-1.1290075311847751,tavg_cwb
wheat,IN,IN-03-0122,2010,1.4896309519295463,-1.226109878601842,tavg_cwb
wheat,IN,IN-03-0122,2011,0.8679480273802354,-1.1164549976675342,tavg_cwb
wheat,IN,IN-03-0122,2012,0.829591628081917,-1.1836900290250907,tavg_cwb
wheat,IN,IN-03-0122,2013,1.2793103576020621,-1.245257262823248,tavg_cwb
wheat,IN,IN-03-0122,2014,0.8010057659671779,-1.0336459444572568,tavg_cwb
wheat,IN,IN-03-0122,2015,0.9181601394806042,-1.024597523805148,tavg_cwb
wheat,IN,IN-03-0122,2016,1.2835993527051024,-1.1581933762328294,tavg_cwb
wheat,IN,IN-03-0122,2017,1.6009506005064567,-1.34600566388534,tavg_cwb
wheat,IN,IN-03-0123,2003,0.7598700486570631,-0.7351447921637425,tavg_cwb
wheat,IN,IN-03-0123,2004,0.5440743791631253,-0.8076383900092934,tavg_cwb
wheat,IN,IN-03-0123,2005,0.3148560671709316,-0.741639975627164,tavg_cwb
wheat,IN,IN-03-0123,2006,0.4723985791305534,-0.7070722549754046,tavg_cwb
wheat,IN,IN-03-0123,2007,0.5347217663039079,-0.6844650474908798,tavg_cwb
wheat,IN,IN-03-0123,2008,0.11311526186591914,-0.7350057856390194,tavg_cwb
wheat,IN,IN-03-0123,2009,0.8363406164111584,-0.755656404085014,tavg_cwb
wheat,IN,IN-03-0123,2010,0.7663043048511349,-0.8067229811879363,tavg_cwb
wheat,IN,IN-03-0123,2011,0.31433782124866444,-0.6993217936212305,tavg_cwb
wheat,IN,IN-03-0123,2012,0.06395669091055035,-0.7258788206497687,tavg_cwb
wheat,IN,IN-03-0123,2013,0.3330017287750127,-0.6854934948610667,tavg_cwb
wheat,IN,IN-03-0123,2014,0.08188030922231998,-0.6611492457705611,tavg_cwb
wheat,IN,IN-03-0123,2015,0.5298987417604364,-0.7043701037508743,tavg_cwb
wheat,IN,IN-03-0123,2016,0.6038259979404881,-0.7873298757872933,tavg_cwb
wheat,IN,IN-03-0123,2017,0.6709140361721705,-0.7984494183155127,tavg_cwb
wheat,IN,IN-03-0124,2003,1.4940601361586117,-0.9750775334303383,tavg_cwb
wheat,IN,IN-03-0124,2004,1.367225065584897,-1.0153519500005164,tavg_cwb
wheat,IN,IN-03-0124,2005,1.1822300294253312,-0.9872955903598872,tavg_cwb
wheat,IN,IN-03-0124,2006,1.3994181760928128,-1.0250000535825599,tavg_cwb
wheat,IN,IN-03-0124,2007,1.5497609299200916,-0.9552090986993858,tavg_cwb
wheat,IN,IN-03-0124,2008,1.0806441678824565,-0.9679229548215155,tavg_cwb
wheat,IN,IN-03-0124,2009,1.7440846618468948,-0.9363917708677821,tavg_cwb
wheat,IN,IN-03-0124,2010,1.7377077908765257,-0.9841117928951915,tavg_cwb
wheat,IN,IN-03-0124,2011,1.1731741201898829,-0.929927044381243,tavg_cwb
wheat,IN,IN-03-0124,2012,1.1786587915003588,-1.008727982408248,tavg_cwb
wheat,IN,IN-03-0124,2013,1.4265476194207771,-0.9949087917605964,tavg_cwb
wheat,IN,IN-03-0124,2014,1.2539188509103105,-0.8233158466042778,tavg_cwb
wheat,IN,IN-03-0124,2015,1.3004648823600744,-0.8556172257427169,tavg_cwb
wheat,IN,IN-03-0124,2016,1.464623004766894,-0.9378480611250911,tavg_cwb
wheat,IN,IN-03-0124,2017,1.5043761223742929,-1.030445095767086,tavg_cwb
wheat,IN,IN-03-0125,2003,1.197190199622207,-0.7970697028445506,tavg_cwb
wheat,IN,IN-03-0125,2004,1.0898174938954186,-0.851387056324603,tavg_cwb
wheat,IN,IN-03-0125,2005,0.8448362590177473,-0.8080078379907858,tavg_cwb
wheat,IN,IN-03-0125,2006,1.0854041458148005,-0.8338977556683901,tavg_cwb
wheat,IN,IN-03-0125,2007,1.2550675443810504,-0.7791117790780984,tavg_cwb
wheat,IN,IN-03-0125,2008,0.7888063264960503,-0.7872107311512556,tavg_cwb
wheat,IN,IN-03-0125,2009,1.4332076568060101,-0.7650396709872023,tavg_cwb
wheat,IN,IN-03-0125,2010,1.4279846613026477,-0.8074330704045961,tavg_cwb
wheat,IN,IN-03-0125,2011,0.9033225765012941,-0.778915028917307,tavg_cwb
wheat,IN,IN-03-0125,2012,0.8750608239008189,-0.8260170174099206,tavg_cwb
wheat,IN,IN-03-0125,2013,1.1657643352184879,-0.8547098982446394,tavg_cwb
wheat,IN,IN-03-0125,2014,0.9416860550337613,-0.6197191079103708,tavg_cwb
wheat,IN,IN-03-0125,2015,1.1098999164434058,-0.7285219468260593,tavg_cwb
wheat,IN,IN-03-0125,2016,1.2835038043673737,-0.7889743280470451,tavg_cwb
wheat,IN,IN-03-0125,2017,1.24279947285454,-0.8623409538416745,tavg_cwb
wheat,IN,IN-03-0126,2003,1.5734739679332104,-1.3252811196326366,tavg_cwb
wheat,IN,IN-03-0126,2004,1.4909091375034678,-1.343078526704553,tavg_cwb
wheat,IN,IN-03-0126,2005,1.214752782923031,-1.2458345490434792,tavg_cwb
wheat,IN,IN-03-0126,2006,1.354064748507268,-1.275158582562758,tavg_cwb
wheat,IN,IN-03-0126,2007,1.5817605100013266,-1.232143306294177,tavg_cwb
wheat,IN,IN-03-0126,2008,1.003663171918164,-1.2142977144032687,tavg_cwb
wheat,IN,IN-03-0126,2009,1.7449016288082426,-1.2017387631442948,tavg_cwb
wheat,IN,IN-03-0126,2010,1.7442796393073015,-1.2811885684823103,tavg_cwb
wheat,IN,IN-03-0126,2011,1.1626185465307879,-1.1851803166410517,tavg_cwb
wheat,IN,IN-03-0126,2012,1.143911542411,-1.2622519346185135,tavg_cwb
wheat,IN,IN-03-0126,2013,1.5237717780883777,-1.322272026854777,tavg_cwb
wheat,IN,IN-03-0126,2014,1.0966024280547522,-1.0831076611523927,tavg_cwb
wheat,IN,IN-03-0126,2015,1.1738351665458786,-1.0663634365527213,tavg_cwb
wheat,IN,IN-03-0126,2016,1.569479638014732,-1.2371029008775538,tavg_cwb
wheat,IN,IN-03-0126,2017,1.712270758109742,-1.352072293039958,tavg_cwb
wheat,IN,IN-03-0127,2003,1.4199554989622776,-0.8339185155959351,tavg_cwb
wheat,IN,IN-03-0127,2004,1.3553756078996604,-0.9102023061406272,tavg_cwb
wheat,IN,IN-03-0127,2005,1.1406428958792683,-0.8686555838144437,tavg_cwb
wheat,IN,IN-03-0127,2006,1.3355249313446524,-0.9022927737453679,tavg_cwb
wheat,IN,IN-03-0127,2007,1.57009400346896,-0.8655752646035223,tavg_cwb
wheat,IN,IN-03-0127,2008,1.063202948901289,-0.8028389688111669,tavg_cwb
wheat,IN,IN-03-0127,2009,1.6615648109735752,-0.8750196735311855,tavg_cwb
wheat,IN,IN-03-0127,2011,1.060920487346121,-0.840800255646051,tavg_cwb
wheat,IN,IN-03-0127,2017,1.5472419698884805,-0.9291901551247654,tavg_cwb
wheat,IN,IN-03-0128,2004,1.2920389623959179,-0.9038380088205249,tavg_cwb
wheat,IN,IN-03-0128,2005,1.031647427070037,-0.8851780021210076,tavg_cwb
wheat,IN,IN-03-0128,2006,1.2634082245164557,-0.8989090624043299,tavg_cwb
wheat,IN,IN-03-0128,2007,1.4770124800809332,-0.8486100115587605,tavg_cwb
wheat,IN,IN-03-0128,2008,1.0418576058128484,-0.7782093687085945,tavg_cwb
wheat,IN,IN-03-0128,2009,1.6703866787767758,-0.8400256288580202,tavg_cwb
wheat,IN,IN-03-0128,2010,1.4845928736217617,-0.7851430658251539,tavg_cwb
wheat,IN,IN-03-0128,2011,0.9623003542915278,-0.8256563371728884,tavg_cwb
wheat,IN,IN-03-0128,2012,1.1080158308771235,-0.8943154429937742,tavg_cwb
wheat,IN,IN-03-0128,2013,1.221289106679812,-0.8748396754905188,tavg_cwb
wheat,IN,IN-03-0128,2014,1.0467173416419546,-0.6959605049925851,tavg_cwb
wheat,IN,IN-03-0128,2015,1.1028326800541208,-0.6922502739302114,tavg_cwb
wheat,IN,IN-03-0128,2016,1.3563928722311382,-0.7656508314974729,tavg_cwb
wheat,IN,IN-03-0128,2017,1.4323783069364913,-0.9590880943398813,tavg_cwb
wheat,IN,IN-03-0129,2003,0.9033781273645602,-1.0088803882375448,tavg_cwb
wheat,IN,IN-03-0129,2004,0.6738758014551854,-0.992528605776608,tavg_cwb
wheat,IN,IN-03-0129,2005,0.536889131426158,-0.9416961781338766,tavg_cwb
wheat,IN,IN-03-0129,2006,0.6922807668475216,-0.9562116596777172,tavg_cwb
wheat,IN,IN-03-0129,2007,0.8508898927271429,-0.9381729283047021,tavg_cwb
wheat,IN,IN-03-0129,2008,0.24429360108716128,-0.906969656152238,tavg_cwb
wheat,IN,IN-03-0129,2009,0.923692416610955,-0.9164817507099993,tavg_cwb
wheat,IN,IN-03-0129,2010,0.9342886044725809,-1.0291801242067107,tavg_cwb
wheat,IN,IN-03-0129,2011,0.5124818230884719,-0.932967687193944,tavg_cwb
wheat,IN,IN-03-0129,2012,0.2540004053282648,-0.9367501154435725,tavg_cwb
wheat,IN,IN-03-0129,2013,0.6720662548264645,-0.9562272369320051,tavg_cwb
wheat,IN,IN-03-0129,2014,0.3060896163257275,-0.9002606004580601,tavg_cwb
wheat,IN,IN-03-0129,2015,0.5592618028766989,-0.869430640590943,tavg_cwb
wheat,IN,IN-03-0129,2016,0.754098950066092,-0.9334360884576285,tavg_cwb
wheat,IN,IN-03-0129,2017,0.9917992933934269,-1.076837121790333,tavg_cwb
wheat,IN,IN-03-0130,2003,1.083825655061436,-1.0511369278505978,tavg_cwb
wheat,IN,IN-03-0130,2004,0.8653854069548444,-1.0569206946401362,tavg_cwb
wheat,IN,IN-03-0130,2005,0.6505340607617777,-0.9604666562228851,tavg_cwb
wheat,IN,IN-03-0130,2006,0.8145767804787389,-1.0021618778272836,tavg_cwb
wheat,IN,IN-03-0130,2007,1.0774216453708356,-1.0065163028543336,tavg_cwb
wheat,IN,IN-03-0130,2008,0.43435073495899285,-0.9512542459099401,tavg_cwb
wheat,IN,IN-03-0130,2009,1.1256430308580403,-0.9831788885588947,tavg_cwb
wheat,IN,IN-03-0130,2010,1.241225709470522,-1.0750687918836819,tavg_cwb
wheat,IN,IN-03-0130,2011,0.7035721127203559,-0.9878964179874681,tavg_cwb
wheat,IN,IN-03-0130,2012,0.5118945208261027,-1.0272365163257346,tavg_cwb
wheat,IN,IN-03-0130,2013,1.0103203126519091,-1.08067952986209,tavg_cwb
wheat,IN,IN-03-0130,2014,0.5781233647108832,-0.9301740759555635,tavg_cwb
wheat,IN,IN-03-0130,2015,0.7406735737573643,-0.9124243771494831,tavg_cwb
wheat,IN,IN-03-0130,2016,1.090185669837881,-1.028068260432025,tavg_cwb
wheat,IN,IN-03-0130,2017,1.1313787418503747,-1.099191958661853,tavg_cwb
wheat,IN,IN-03-0131,2003,1.0026110435451554,-0.8180144316392917,tavg_cwb
wheat,IN,IN-03-0131,2004,0.694550405637971,-0.8007819518572901,tavg_cwb
wheat,IN,IN-03-0131,2005,0.4509111259060946,-0.7534347225287499,tavg_cwb
wheat,IN,IN-03-0131,2006,0.6463869733750196,-0.7624588179515079,tavg_cwb
wheat,IN,IN-03-0131,2007,0.9493167044197331,-0.7615257268742815,tavg_cwb
wheat,IN,IN-03-0131,2008,0.35357882226633464,-0.7407321242170307,tavg_cwb
wheat,IN,IN-03-0131,2009,1.147985562544666,-0.7640954955018642,tavg_cwb
wheat,IN,IN-03-0131,2010,1.0978187874424912,-0.7937191164000975,tavg_cwb
wheat,IN,IN-03-0131,2011,0.5974508804323307,-0.7284272040563257,tavg_cwb
wheat,IN,IN-03-0131,2012,0.46910946681766363,-0.7714612247489983,tavg_cwb
wheat,IN,IN-03-0131,2013,0.767818708655576,-0.8153636174476944,tavg_cwb
wheat,IN,IN-03-0131,2014,0.4813730491362811,-0.5856817428566461,tavg_cwb
wheat,IN,IN-03-0131,2015,0.5619332363046068,-0.5179190612559591,tavg_cwb
wheat,IN,IN-03-0131,2016,0.927676706023418,-0.8033575628082803,tavg_cwb
wheat,IN,IN-03-0131,2017,0.9870636690802047,-0.8489100250498082,tavg_cwb
wheat,IN,IN-03-0132,2003,0.9322179817996473,-1.135466988240732,tavg_cwb
wheat,IN,IN-03-0132,2004,0.7875305348691459,-1.152078484625251,tavg_cwb
wheat,IN,IN-03-0132,2005,0.6853159059904345,-1.1329034866563963,tavg_cwb
wheat,IN,IN-03-0132,2006,0.7608071391558556,-1.130127944677293,tavg_cwb
wheat,IN,IN-03-0132,2007,0.8552326708460299,-1.0857349759310095,tavg_cwb
wheat,IN,IN-03-0132,2008,0.3493533877981032,-1.1051099312040868,tavg_cwb
wheat,IN,IN-03-0132,2009,1.0583026950913095,-1.1417558289992393,tavg_cwb
wheat,IN,IN-03-0132,2010,0.9768653769107243,-1.1989069863598465,tavg_cwb
wheat,IN,IN-03-0132,2011,0.5589504927666559,-1.0532976389646524,tavg_cwb
wheat,IN,IN-03-0132,2012,0.26273819382719715,-1.07886561149974,tavg_cwb
wheat,IN,IN-03-0132,2013,0.6323773429011785,-1.068065418879842,tavg_cwb
wheat,IN,IN-03-0132,2014,0.28165393948045153,-1.0301447040491185,tavg_cwb
wheat,IN,IN-03-0132,2015,0.6963812597790304,-1.091603483187558,tavg_cwb
wheat,IN,IN-03-0132,2016,0.8448233666523559,-1.11305530249555,tavg_cwb
wheat,IN,IN-03-0132,2017,0.95230552681956,-1.189438457382918,tavg_cwb
wheat,IN,IN-03-0133,2003,0.8024518487986536,-0.7519884685859785,tavg_cwb
wheat,IN,IN-03-0133,2004,0.6010915845635642,-0.8252569276358702,tavg_cwb
wheat,IN,IN-03-0133,2005,0.3548281496474504,-0.7501643031318699,tavg_cwb
wheat,IN,IN-03-0133,2006,0.43482455518496643,-0.6870009148571178,tavg_cwb
wheat,IN,IN-03-0133,2007,0.6081974297879985,-0.7103739938409495,tavg_cwb
wheat,IN,IN-03-0133,2008,0.10337099652091974,-0.6991090715152098,tavg_cwb
wheat,IN,IN-03-0133,2009,0.9159253915538474,-0.7608013995212123,tavg_cwb
wheat,IN,IN-03-0133,2010,0.7860385378591711,-0.7738574928627103,tavg_cwb
wheat,IN,IN-03-0133,2011,0.4127704379945018,-0.7106321267998338,tavg_cwb
wheat,IN,IN-03-0133,2012,0.07954583406489497,-0.6995358513405691,tavg_cwb
wheat,IN,IN-03-0133,2013,0.37438624585641933,-0.7253034208191986,tavg_cwb
wheat,IN,IN-03-0133,2014,0.18781790104781576,-0.6503219422859652,tavg_cwb
wheat,IN,IN-03-0133,2015,0.3992492927179708,-0.5286655996499052,tavg_cwb
wheat,IN,IN-03-0133,2016,0.6158340469880196,-0.759470882620857,tavg_cwb
wheat,IN,IN-03-0133,2017,0.6141523256697362,-0.7641933830519219,tavg_cwb
wheat,IN,IN-03-0134,2003,0.9348292737113041,-0.7113276875686309,tavg_cwb
wheat,IN,IN-03-0134,2004,0.7968390536325091,-0.7819948117253586,tavg_cwb
wheat,IN,IN-03-0134,2005,0.5185558496075897,-0.7362884618410738,tavg_cwb
wheat,IN,IN-03-0134,2006,0.7720850402192415,-0.7624486614123906,tavg_cwb
wheat,IN,IN-03-0134,2007,0.9717955277221224,-0.7099966894993758,tavg_cwb
wheat,IN,IN-03-0134,2008,0.5156447435469287,-0.7345899844909409,tavg_cwb
wheat,IN,IN-03-0134,2009,1.2012381905915586,-0.7332209618360206,tavg_cwb
wheat,IN,IN-03-0134,2010,1.1293957074340297,-0.7393212389611025,tavg_cwb
wheat,IN,IN-03-0134,2011,0.7334096869068727,-0.7402440642891159,tavg_cwb
wheat,IN,IN-03-0134,2012,0.5645942411900223,-0.7507429770593576,tavg_cwb
wheat,IN,IN-03-0134,2013,0.9244183113790317,-0.8184911227113492,tavg_cwb
wheat,IN,IN-03-0134,2014,0.5832574938571143,-0.49547529401808316,tavg_cwb
wheat,IN,IN-03-0134,2015,0.7747855288214911,-0.6144097321581029,tavg_cwb
wheat,IN,IN-03-0134,2016,0.9398253172577943,-0.7293866693722185,tavg_cwb
wheat,IN,IN-03-0134,2017,0.9888883392047326,-0.7953704137180168,tavg_cwb
wheat,IN,IN-03-0135,2003,1.0252853913619615,-1.0310431638194213,tavg_cwb
wheat,IN,IN-03-0135,2004,0.8216946630713386,-1.0267606379799896,tavg_cwb
wheat,IN,IN-03-0135,2005,0.6409151059279214,-0.95640896253506,tavg_cwb
wheat,IN,IN-03-0135,2006,0.7996402939720229,-0.9696297710660783,tavg_cwb
wheat,IN,IN-03-0135,2007,1.0355269981204838,-0.9670130632546478,tavg_cwb
wheat,IN,IN-03-0135,2008,0.386517818751621,-0.9191762635202356,tavg_cwb
wheat,IN,IN-03-0135,2009,1.1031421720543355,-0.9461938868094871,tavg_cwb
wheat,IN,IN-03-0135,2010,1.1404147954753678,-1.0395835628002053,tavg_cwb
wheat,IN,IN-03-0135,2011,0.6551272323728905,-0.9542711401567221,tavg_cwb
wheat,IN,IN-03-0135,2012,0.44236450235858543,-0.9873761918760414,tavg_cwb
wheat,IN,IN-03-0135,2013,0.9104059525384212,-1.0136560222205102,tavg_cwb
wheat,IN,IN-03-0135,2014,0.49514646273097596,-0.9126926039228664,tavg_cwb
wheat,IN,IN-03-0135,2015,0.701760349293667,-0.8771046733246026,tavg_cwb
wheat,IN,IN-03-0135,2016,0.9606491036863086,-0.9691578479883785,tavg_cwb
wheat,IN,IN-03-0135,2017,1.223240038630593,-1.1300303026384069,tavg_cwb
wheat,IN,IN-03-0136,2003,0.7866006047759334,-0.6715953069689495,tavg_cwb
wheat,IN,IN-03-0136,2004,0.6886219875850921,-0.8719375366526706,tavg_cwb
wheat,IN,IN-03-0136,2005,0.3375272860476271,-0.7337988021560427,tavg_cwb
wheat,IN,IN-03-0136,2006,0.47451767808964684,-0.7362650272139982,tavg_cwb
wheat,IN,IN-03-0136,2007,0.6347317323857206,-0.7274007802228764,tavg_cwb
wheat,IN,IN-03-0136,2008,0.20291089939110443,-0.7275510795938246,tavg_cwb
wheat,IN,IN-03-0136,2009,0.968628583889022,-0.7995963539935039,tavg_cwb
wheat,IN,IN-03-0136,2010,0.8308152867511485,-0.7878826134501603,tavg_cwb
wheat,IN,IN-03-0136,2011,0.5291228506439148,-0.7678483904817847,tavg_cwb
wheat,IN,IN-03-0136,2012,0.2177575289717557,-0.7525861725410051,tavg_cwb
wheat,IN,IN-03-0136,2013,0.4579054970814702,-0.7859398105400432,tavg_cwb
wheat,IN,IN-03-0136,2014,0.2535356486273413,-0.6362749547962333,tavg_cwb
wheat,IN,IN-03-0136,2015,0.44300218597112584,-0.5272225134892807,tavg_cwb
wheat,IN,IN-03-0136,2016,0.6214950106832028,-0.7636434239900445,tavg_cwb
wheat,IN,IN-03-0136,2017,0.6544197388097801,-0.7985588906626269,tavg_cwb
wheat,IN,IN-03-0137,2003,1.4334254831875446,-0.9412638153559387,tavg_cwb
wheat,IN,IN-03-0137,2004,1.3080636079480517,-0.9914335692462123,tavg_cwb
wheat,IN,IN-03-0137,2005,1.18931735934828,-1.0076301442630369,tavg_cwb
wheat,IN,IN-03-0137,2006,1.3596912530260903,-1.0348383036165096,tavg_cwb
wheat,IN,IN-03-0137,2007,1.5669837741951627,-0.9643628431817538,tavg_cwb
wheat,IN,IN-03-0137,2008,1.0434213102158498,-0.9341332150329419,tavg_cwb
wheat,IN,IN-03-0137,2009,1.7607025857608392,-0.9502950121363941,tavg_cwb
wheat,IN,IN-03-0137,2010,1.6313654331786887,-0.934761446121628,tavg_cwb
wheat,IN,IN-03-0137,2011,1.143021026865833,-0.9428894076645162,tavg_cwb
wheat,IN,IN-03-0137,2012,1.130264220314392,-1.0049920029116415,tavg_cwb
wheat,IN,IN-03-0137,2013,1.33941952290413,-0.9821568635092269,tavg_cwb
wheat,IN,IN-03-0137,2014,1.2385881628108157,-0.8742383019166796,tavg_cwb
wheat,IN,IN-03-0137,2015,1.2427212787688486,-0.8551500149395382,tavg_cwb
wheat,IN,IN-03-0137,2016,1.411899768454983,-0.8935253512721621,tavg_cwb
wheat,IN,IN-03-0137,2017,1.5170460046235101,-1.0474477734905496,tavg_cwb
wheat,IN,IN-03-0138,2003,1.0264386974434068,-1.073927244573009,tavg_cwb
wheat,IN,IN-03-0138,2004,0.8627499100939874,-1.0642791409909655,tavg_cwb
wheat,IN,IN-03-0138,2005,0.6259430867071067,-0.9922345343065507,tavg_cwb
wheat,IN,IN-03-0138,2006,0.7953402981269047,-0.9941760619804089,tavg_cwb
wheat,IN,IN-03-0138,2007,1.0375062729833484,-1.0073095516515786,tavg_cwb
wheat,IN,IN-03-0138,2008,0.4352729909407941,-0.9634561117540585,tavg_cwb
wheat,IN,IN-03-0138,2009,1.1949983450629784,-1.001709734784019,tavg_cwb
wheat,IN,IN-03-0138,2010,1.1374036942153203,-1.0921587616581196,tavg_cwb
wheat,IN,IN-03-0138,2011,0.7157116025139386,-0.9984937790758973,tavg_cwb
wheat,IN,IN-03-0138,2012,0.5241983408596178,-1.0437621816842255,tavg_cwb
wheat,IN,IN-03-0138,2013,0.8902512824367755,-1.0324619746191714,tavg_cwb
wheat,IN,IN-03-0138,2014,0.5215105790482562,-0.9329060957748366,tavg_cwb
wheat,IN,IN-03-0138,2015,0.7339228942184495,-0.8239782433635068,tavg_cwb
wheat,IN,IN-03-0138,2016,0.9554081109345623,-1.0172767154527234,tavg_cwb
wheat,IN,IN-03-0138,2017,1.2729053806047599,-1.1661714055487669,tavg_cwb
wheat,IN,IN-03-0518,2003,0.7655920958250533,-0.7170202410005618,tavg_cwb
wheat,IN,IN-03-0518,2004,0.5933706879841854,-0.770105618976942,tavg_cwb
wheat,IN,IN-03-0518,2005,0.29766061979526853,-0.6940737579305633,tavg_cwb
wheat,IN,IN-03-0518,2006,0.3849913798771156,-0.6605292419898293,tavg_cwb
wheat,IN,IN-03-0518,2007,0.7008866178225269,-0.6939542679868488,tavg_cwb
wheat,IN,IN-03-0518,2008,0.13012880024075607,-0.6738500061374263,tavg_cwb
wheat,IN,IN-03-0518,2009,1.0181240002331058,-0.7481956349767654,tavg_cwb
wheat,IN,IN-03-0518,2010,0.8900613902663737,-0.7545653054790535,tavg_cwb
wheat,IN,IN-03-0518,2011,0.509801760842689,-0.7150538589980391,tavg_cwb
wheat,IN,IN-03-0518,2012,0.2066222285225539,-0.7071709907586495,tavg_cwb
wheat,IN,IN-03-0518,2013,0.4707572763293741,-0.7377223203916088,tavg_cwb
wheat,IN,IN-03-0518,2014,0.2060628466227237,-0.582134065328423,tavg_cwb
wheat,IN,IN-03-0518,2015,0.33463609412416745,-0.43720442884622285,tavg_cwb
wheat,IN,IN-03-0518,2016,0.6523704706085334,-0.7355777543964973,tavg_cwb
wheat,IN,IN-03-0518,2017,0.684726083005361,-0.7639383036959566,tavg_cwb
wheat,IN,IN-03-1001,2003,1.2582434921992036,-0.9104044271770663,tavg_cwb
wheat,IN,IN-03-1001,2004,0.9365334321777645,-0.8743214108012463,tavg_cwb
wheat,IN,IN-03-1001,2005,0.7255649100274276,-0.8334702848818544,tavg_cwb
wheat,IN,IN-03-1001,2006,0.8887907012813039,-0.8342229575425435,tavg_cwb
wheat,IN,IN-03-1001,2007,1.1818188269607321,-0.834659797934499,tavg_cwb
wheat,IN,IN-03-1001,2008,0.5992464228659478,-0.8198421718392496,tavg_cwb
wheat,IN,IN-03-1001,2009,1.3303713488091924,-0.8050184366478295,tavg_cwb
wheat,IN,IN-03-1001,2010,1.2283929429501244,-0.8339923058155857,tavg_cwb
wheat,IN,IN-03-1001,2011,0.7938221797296702,-0.7748441167443274,tavg_cwb
wheat,IN,IN-03-1001,2012,0.6386631162599966,-0.8234906627928922,tavg_cwb
wheat,IN,IN-03-1001,2013,0.9774968742471293,-0.8658236847081887,tavg_cwb
wheat,IN,IN-03-1001,2014,0.7592394275276226,-0.6769709006066826,tavg_cwb
wheat,IN,IN-03-1001,2015,0.8064322219971883,-0.6158097510092815,tavg_cwb
wheat,IN,IN-03-1001,2016,1.0927263761299013,-0.8443926018673483,tavg_cwb
wheat,IN,IN-03-1001,2017,1.1633972160578652,-0.8949587379765982,tavg_cwb
wheat,IN,IN-03-1002,2003,0.8020138265177574,-0.7749848885606404,tavg_cwb
wheat,IN,IN-03-1002,2004,0.6421180918616475,-0.8220880228993617,tavg_cwb
wheat,IN,IN-03-1002,2005,0.26642001612146815,-0.7497347477415383,tavg_cwb
wheat,IN,IN-03-1002,2006,0.5598439504842428,-0.7968913421164077,tavg_cwb
wheat,IN,IN-03-1002,2007,0.6457652874299885,-0.7094252476616489,tavg_cwb
wheat,IN,IN-03-1002,2008,0.2814367010243577,-0.745536112612455,tavg_cwb
wheat,IN,IN-03-1002,2009,1.0220544082774357,-0.7759933930201774,tavg_cwb
wheat,IN,IN-03-1002,2010,0.838519293952213,-0.7298551806925944,tavg_cwb
wheat,IN,IN-03-1002,2011,0.4120878476317551,-0.7388953195789423,tavg_cwb
wheat,IN,IN-03-1002,2012,0.27311461619001165,-0.7623066882850085,tavg_cwb
wheat,IN,IN-03-1002,2013,0.5856139890979113,-0.7859389957920245,tavg_cwb
wheat,IN,IN-03-1002,2014,0.20972434650718597,-0.4294897337369316,tavg_cwb
wheat,IN,IN-03-1002,2015,0.3870601549185307,-0.5215983494572353,tavg_cwb
wheat,IN,IN-03-1002,2016,0.5730922627171384,-0.7013540753697153,tavg_cwb
wheat,IN,IN-03-1002,2017,0.6073607774747638,-0.7782121358481777,tavg_cwb
wheat,IN,IN-03-1003,2003,1.258725662266356,-0.7909575523583874,tavg_cwb
wheat,IN,IN-03-1003,2004,1.1975656356474222,-0.8399135505039627,tavg_cwb
wheat,IN,IN-03-1003,2005,0.9392770650112577,-0.8349395155742773,tavg_cwb
wheat,IN,IN-03-1003,2006,1.1902752082662433,-0.8797612855609336,tavg_cwb
wheat,IN,IN-03-1003,2007,1.398739920037888,-0.803777267783574,tavg_cwb
wheat,IN,IN-03-1003,2008,0.9239857899547989,-0.7607456708504984,tavg_cwb
wheat,IN,IN-03-1003,2009,1.610724585060983,-0.7702197593022799,tavg_cwb
wheat,IN,IN-03-1003,2010,1.4608800752885103,-0.7662780430402774,tavg_cwb
wheat,IN,IN-03-1003,2011,0.9463990255770597,-0.7744593590003938,tavg_cwb
wheat,IN,IN-03-1003,2012,1.0162274251240828,-0.8475526207130266,tavg_cwb
wheat,IN,IN-03-1003,2013,1.1809648856771373,-0.8614096669152684,tavg_cwb
wheat,IN,IN-03-1003,2014,1.0193811331331986,-0.706282947273643,tavg_cwb
wheat,IN,IN-03-1003,2015,1.0187440495225901,-0.6756717090977475,tavg_cwb
wheat,IN,IN-03-1003,2016,1.3061898326227075,-0.7466143069193881,tavg_cwb
wheat,IN,IN-03-1003,2017,1.2856688218058734,-0.8794550192986226,tavg_cwb
wheat,IN,IN-03-1004,2003,1.4712718293422915,-0.8767224276573693,tavg_cwb
wheat,IN,IN-03-1004,2004,1.435560835614759,-0.969354468287768,tavg_cwb
wheat,IN,IN-03-1004,2005,1.2552721502051951,-0.9508541001109052,tavg_cwb
wheat,IN,IN-03-1004,2006,1.442989001302231,-0.9718661229641409,tavg_cwb
wheat,IN,IN-03-1004,2007,1.6650434942004257,-0.9204621551243819,tavg_cwb
wheat,IN,IN-03-1004,2008,1.1597916375517034,-0.8584279782278751,tavg_cwb
wheat,IN,IN-03-1004,2009,1.7702086714572705,-0.9094712233668393,tavg_cwb
wheat,IN,IN-03-1004,2010,1.728496768699701,-0.8748756227482769,tavg_cwb
wheat,IN,IN-03-1004,2011,1.145470041108894,-0.8973549321017805,tavg_cwb
wheat,IN,IN-03-1004,2012,1.20775503602819,-0.9519169363360902,tavg_cwb
wheat,IN,IN-03-1004,2013,1.4039317190546672,-0.918279052998776,tavg_cwb
wheat,IN,IN-03-1004,2014,1.31659103172287,-0.8122024513532192,tavg_cwb
wheat,IN,IN-03-1004,2015,1.4018085991929365,-0.8069833806801154,tavg_cwb
wheat,IN,IN-03-1004,2016,1.5159163838379268,-0.8413450328187396,tavg_cwb
wheat,IN,IN-03-1004,2017,1.645101017081582,-1.001359895234147,tavg_cwb
wheat,IN,IN-03-1005,2003,0.8874024450983222,-0.8220251029906295,tavg_cwb
wheat,IN,IN-03-1005,2004,0.6830389863686143,-0.8869747972188553,tavg_cwb
wheat,IN,IN-03-1005,2005,0.5495759373761208,-0.8505745306093273,tavg_cwb
wheat,IN,IN-03-1005,2006,0.6028274255654306,-0.7666400953322856,tavg_cwb
wheat,IN,IN-03-1005,2007,0.7417001217541415,-0.7926117127688933,tavg_cwb
wheat,IN,IN-03-1005,2008,0.25774440081351646,-0.8126978987429233,tavg_cwb
wheat,IN,IN-03-1005,2009,1.0226496518756696,-0.8456078195784629,tavg_cwb
wheat,IN,IN-03-1005,2010,0.9369944205537418,-0.8985598044136097,tavg_cwb
wheat,IN,IN-03-1005,2011,0.5000418076772912,-0.7830917692452162,tavg_cwb
wheat,IN,IN-03-1005,2012,0.2421651601214019,-0.8226928069109464,tavg_cwb
wheat,IN,IN-03-1005,2013,0.5047323431413132,-0.7888288163081685,tavg_cwb
wheat,IN,IN-03-1005,2014,0.2763241279799939,-0.7603898359544883,tavg_cwb
wheat,IN,IN-03-1005,2015,0.6679390652667112,-0.7458311370733773,tavg_cwb
wheat,IN,IN-03-1005,2016,0.763697370518645,-0.8633401435033569,tavg_cwb
wheat,IN,IN-03-1005,2017,0.8093704537634748,-0.8751348141801025,tavg_cwb
wheat,IN,IN-03-1006,2003,1.0134499572234603,-1.004418409965917,tavg_cwb
wheat,IN,IN-03-1006,2004,0.8244138932994647,-0.9893572122581773,tavg_cwb
wheat,IN,IN-03-1006,2005,0.7355055151746626,-0.9562691473335202,tavg_cwb
wheat,IN,IN-03-1006,2006,0.8047997023846292,-0.9624081313505943,tavg_cwb
wheat,IN,IN-03-1006,2007,1.0164314875558111,-0.9742202955491673,tavg_cwb
wheat,IN,IN-03-1006,2008,0.4248617485612018,-0.9148703656423524,tavg_cwb
wheat,IN,IN-03-1006,2009,1.0933189636412992,-0.9300077481551983,tavg_cwb
wheat,IN,IN-03-1006,2010,1.1050785315427272,-1.0264767317458283,tavg_cwb
wheat,IN,IN-03-1006,2011,0.742482739616133,-0.9708232658102433,tavg_cwb
wheat,IN,IN-03-1006,2012,0.4722764757085295,-0.9562645669291369,tavg_cwb
wheat,IN,IN-03-1006,2013,0.9493007438587566,-1.047309575390308,tavg_cwb
wheat,IN,IN-03-1006,2014,0.5886238591774046,-0.9537383057048483,tavg_cwb
wheat,IN,IN-03-1006,2015,0.7476198540943082,-0.9110259054413604,tavg_cwb
wheat,IN,IN-03-1006,2016,1.0343829540164597,-0.9879805031441258,tavg_cwb
wheat,IN,IN-03-1006,2017,1.044476132473841,-1.051005573557702,tavg_cwb
wheat,IN,IN-03-2001,2008,1.1442696999323874,-0.8250311029311941,tavg_cwb
wheat,IN,IN-03-2001,2009,1.8056196350141203,-0.841841453978305,tavg_cwb
wheat,IN,IN-03-2001,2010,1.638759008288133,-0.8323331014571728,tavg_cwb
wheat,IN,IN-03-2001,2011,1.1295620049941197,-0.8482267640791974,tavg_cwb
wheat,IN,IN-03-2001,2012,1.207020994212177,-0.9168538259909472,tavg_cwb
wheat,IN,IN-03-2001,2013,1.3647758569599184,-0.921640800791808,tavg_cwb
wheat,IN,IN-03-2001,2014,1.2585354020025588,-0.7626142203980409,tavg_cwb
wheat,IN,IN-03-2001,2015,1.2047984084032328,-0.7007835494876435,tavg_cwb
wheat,IN,IN-03-2001,2016,1.4955650979260808,-0.8108337901925244,tavg_cwb
wheat,IN,IN-03-2001,2017,1.537937419324227,-0.9707248861769555,tavg_cwb
wheat,IN,IN-03-2050,2014,0.4124481835807466,-0.6486664495763165,tavg_cwb
wheat,IN,IN-03-2050,2015,0.560809782843523,-0.5706311352190188,tavg_cwb
wheat,IN,IN-03-2050,2016,0.8427255264578546,-0.8604180784087794,tavg_cwb
wheat,IN,IN-03-2050,2017,0.922977809370585,-0.9034662456037481,tavg_cwb
wheat,IN,IN-03-2051,2014,0.9146126329089729,-1.0535049734274677,tavg_cwb
wheat,IN,IN-03-2051,2015,1.0453558522059883,-0.9678874336245261,tavg_cwb
wheat,IN,IN-03-2051,2016,1.3954080941784865,-1.1675549982083882,tavg_cwb
wheat,IN,IN-03-2051,2017,1.6795753835897553,-1.3098381698036479,tavg_cwb
wheat,IN,IN-03-2052,2014,0.8333636541534509,-0.5728582750994348,tavg_cwb
wheat,IN,IN-03-2052,2015,0.9380163289353453,-0.6305749273754889,tavg_cwb
wheat,IN,IN-03-2052,2016,1.1614220939327229,-0.7360996809676374,tavg_cwb
wheat,IN,IN-03-2052,2017,1.1411260105958891,-0.8221324185945212,tavg_cwb
wheat,IN,IN-03-2053,2014,0.4709739179520483,-0.9778961088836888,tavg_cwb
wheat,IN,IN-03-2053,2015,0.6906999757511966,-0.948434533842961,tavg_cwb
wheat,IN,IN-03-2053,2016,0.9309419952196776,-1.0074540535624041,tavg_cwb
wheat,IN,IN-03-2053,2017,1.0112405384488323,-1.1081261663074236,tavg_cwb
wheat,IN,IN-03-2054,2014,1.0275805256632338,-1.1854633459271633,tavg_cwb
wheat,IN,IN-03-2054,2015,1.2215292546469567,-1.2047136584405582,tavg_cwb
wheat,IN,IN-03-2054,2016,1.530853642448916,-1.343922765934073,tavg_cwb
wheat,IN,IN-03-2054,2017,1.567331236009656,-1.3700953955717752,tavg_cwb
wheat,IN,IN-03-2055,2014,0.43713616296095303,-0.5317337018112714,tavg_cwb
wheat,IN,IN-03-2055,2015,0.5873347998605413,-0.5740093675834989,tavg_cwb
wheat,IN,IN-03-2055,2016,0.7915921875188059,-0.7832314522699424,tavg_cwb
wheat,IN,IN-03-2055,2017,0.9535389567814873,-0.8609476122292714,tavg_cwb
wheat,IN,IN-03-2056,2014,0.2774401239698211,-0.8316473465915489,tavg_cwb
wheat,IN,IN-03-2056,2015,0.5974866263000755,-0.8094488652337609,tavg_cwb
wheat,IN,IN-03-2056,2016,0.7454470219423519,-0.8901944432834747,tavg_cwb
wheat,IN,IN-03-2056,2017,1.0348212398641856,-1.0423645592027162,tavg_cwb
wheat,IN,IN-04-0177,2003,-1.3757654539462274,0.1758364611777746,tavg_cwb
wheat,IN,IN-04-0177,2004,-0.9789176899124119,-0.08178865724913484,tavg_cwb
wheat,IN,IN-04-0177,2005,-1.3998631845756542,0.3392192010763839,tavg_cwb
wheat,IN,IN-04-0177,2006,-0.9675304862836159,-0.10017565376624132,tavg_cwb
wheat,IN,IN-04-0177,2007,-1.267498369720651,0.25612646711951714,tavg_cwb
wheat,IN,IN-04-0177,2008,-1.4798488418109483,-0.10704124704965358,tavg_cwb
wheat,IN,IN-04-0177,2009,-1.142186543660674,-0.014128926863717799,tavg_cwb
wheat,IN,IN-04-0177,2010,-0.952920435218944,-0.14039152972230648,tavg_cwb
wheat,IN,IN-04-0177,2011,-1.64352774037987,0.16037524686985316,tavg_cwb
wheat,IN,IN-04-0177,2012,-1.6868545917560378,-0.12267691793650334,tavg_cwb
wheat,IN,IN-04-0177,2013,-1.6379732183607418,0.6074195092517386,tavg_cwb
wheat,IN,IN-04-0177,2014,-1.7207502533864063,0.3494825439209166,tavg_cwb
wheat,IN,IN-04-0177,2015,-1.7175931783471825,0.7987663868657814,tavg_cwb
wheat,IN,IN-04-0177,2016,-1.174413270443698,0.03240044268648626,tavg_cwb
wheat,IN,IN-04-0177,2017,-0.8547954409394155,-0.10647005174938914,tavg_cwb
wheat,IN,IN-04-0178,2003,-1.3273206706593383,0.10892491826944507,tavg_cwb
wheat,IN,IN-04-0178,2004,-0.9284832685649699,-0.11726117254907692,tavg_cwb
wheat,IN,IN-04-0178,2005,-1.5072244571646582,0.4889823858500343,tavg_cwb
wheat,IN,IN-04-0178,2006,-1.0796508136191372,-0.06760538427883209,tavg_cwb
wheat,IN,IN-04-0178,2007,-1.283399377033476,0.3547417708050722,tavg_cwb
wheat,IN,IN-04-0178,2008,-1.4788485571222134,0.01970350928568369,tavg_cwb
wheat,IN,IN-04-0178,2009,-1.1802155396960416,0.13758685624675984,tavg_cwb
wheat,IN,IN-04-0178,2010,-0.9407896483555352,-0.1541778494922604,tavg_cwb
wheat,IN,IN-04-0178,2011,-1.603742889383921,0.08598938852904041,tavg_cwb
wheat,IN,IN-04-0178,2012,-1.7846602211418898,-0.0648831640556501,tavg_cwb
wheat,IN,IN-04-0178,2013,-1.5612493318395029,0.4769812270242839,tavg_cwb
wheat,IN,IN-04-0178,2014,-1.6756785654891557,0.1852203609713958,tavg_cwb
wheat,IN,IN-04-0178,2015,-1.667393595819922,0.6709772945245005,tavg_cwb
wheat,IN,IN-04-0178,2016,-1.1529817316589461,0.04557009713987998,tavg_cwb
wheat,IN,IN-04-0178,2017,-0.8854551142720397,-0.07531559126831687,tavg_cwb
wheat,IN,IN-04-0179,2003,-0.9695230356445981,-0.0265675083862542,tavg_cwb
wheat,IN,IN-04-0179,2004,-0.47128699412910807,-0.35077479928422906,tavg_cwb
wheat,IN,IN-04-0179,2005,-0.964019871373198,0.026355979905759098,tavg_cwb
wheat,IN,IN-04-0179,2006,-0.5231798572067708,-0.3366130857775032,tavg_cwb
wheat,IN,IN-04-0179,2007,-0.7681164117189655,-0.0012276360498182017,tavg_cwb
wheat,IN,IN-04-0179,2008,-1.0343137547331653,-0.3271470804840439,tavg_cwb
wheat,IN,IN-04-0179,2009,-0.6399478343984611,-0.33387800997232076,tavg_cwb
wheat,IN,IN-04-0179,2010,-0.3767098303212398,-0.40316330709029946,tavg_cwb
wheat,IN,IN-04-0179,2011,-1.2548177418815385,-0.005387660582438235,tavg_cwb
wheat,IN,IN-04-0179,2012,-1.2498933484594057,-0.33329049079627465,tavg_cwb
wheat,IN,IN-04-0179,2013,-1.184781054881236,0.29938187205112815,tavg_cwb
wheat,IN,IN-04-0179,2014,-1.3580432716020214,0.22114889947957653,tavg_cwb
wheat,IN,IN-04-0179,2015,-1.2034157175849,0.43123522398146175,tavg_cwb
wheat,IN,IN-04-0179,2016,-0.6940024233939773,-0.24661483702574283,tavg_cwb
wheat,IN,IN-04-0179,2017,-0.3605025274216385,-0.3860601803606613,tavg_cwb
wheat,IN,IN-04-0180,2003,-1.3984203546963185,0.2380710025856687,tavg_cwb
wheat,IN,IN-04-0180,2004,-1.0263174023975878,-0.05687038393707866,tavg_cwb
wheat,IN,IN-04-0180,2005,-1.1335457347683395,0.1784569443738274,tavg_cwb
wheat,IN,IN-04-0180,2006,-0.8232145707877064,-0.1729915787601488,tavg_cwb
wheat,IN,IN-04-0180,2007,-1.1993533468640643,0.3235186742479271,tavg_cwb
wheat,IN,IN-04-0180,2008,-1.299263047210897,-0.19828661028215114,tavg_cwb
wheat,IN,IN-04-0180,2009,-0.9467807249750902,-0.13729855995831072,tavg_cwb
wheat,IN,IN-04-0180,2010,-0.7718039413230547,-0.15451492117534582,tavg_cwb
wheat,IN,IN-04-0180,2011,-1.4900364371801043,0.16937066422107422,tavg_cwb
wheat,IN,IN-04-0180,2012,-1.5397030142265475,-0.08580359134282325,tavg_cwb
wheat,IN,IN-04-0180,2013,-1.5641433172921246,0.7221072584730726,tavg_cwb
wheat,IN,IN-04-0180,2014,-1.646240113762508,0.5056729445520408,tavg_cwb
wheat,IN,IN-04-0180,2015,-1.610329930335311,0.8068904592609355,tavg_cwb
wheat,IN,IN-04-0180,2016,-1.0348502869560565,0.04693303916278787,tavg_cwb
wheat,IN,IN-04-0180,2017,-0.9840193401569564,0.04744732261943794,tavg_cwb
wheat,IN,IN-04-0181,2003,-1.9039676213937748,0.5411914309717181,tavg_cwb
wheat,IN,IN-04-0181,2004,-1.5153514897411908,0.17230020627032286,tavg_cwb
wheat,IN,IN-04-0181,2005,-1.7469439942547902,0.6594318065107283,tavg_cwb
wheat,IN,IN-04-0181,2006,-1.422273564290105,0.11943528838161949,tavg_cwb
wheat,IN,IN-04-0181,2007,-1.7157779538784663,0.5274954302414752,tavg_cwb
wheat,IN,IN-04-0181,2008,-1.8428699214130013,0.062062478917131444,tavg_cwb
wheat,IN,IN-04-0181,2009,-1.466118957887038,0.10262145232973248,tavg_cwb
wheat,IN,IN-04-0181,2010,-1.4638651140273349,0.07580939414822699,tavg_cwb
wheat,IN,IN-04-0181,2011,-1.9550040922205174,0.3507986132710423,tavg_cwb
wheat,IN,IN-04-0181,2012,-2.0657145913988453,0.05643838482258409,tavg_cwb
wheat,IN,IN-04-0181,2013,-2.0895299465594714,1.0767522282442041,tavg_cwb
wheat,IN,IN-04-0181,2014,-2.124125188218113,0.7307500341583663,tavg_cwb
wheat,IN,IN-04-0181,2015,-2.124587419266547,1.2858316719897864,tavg_cwb
wheat,IN,IN-04-0181,2016,-1.579130129802827,0.2163451660107588,tavg_cwb
wheat,IN,IN-04-0181,2017,-1.3029008816022067,0.21949664306373987,tavg_cwb
wheat,IN,IN-04-0182,2003,-0.8270064144991116,-0.08784070347514121,tavg_cwb
wheat,IN,IN-04-0182,2004,-0.39545203250921235,-0.42419556099818306,tavg_cwb
wheat,IN,IN-04-0182,2005,-0.7131955496650039,-0.12770789907742675,tavg_cwb
wheat,IN,IN-04-0182,2006,-0.3229374955482943,-0.42978329167605833,tavg_cwb
wheat,IN,IN-04-0182,2007,-0.5940268508003821,-0.02738709501360501,tavg_cwb
wheat,IN,IN-04-0182,2008,-0.8752581175797759,-0.38297236808620266,tavg_cwb
wheat,IN,IN-04-0182,2009,-0.4747162159211888,-0.4101726951302649,tavg_cwb
wheat,IN,IN-04-0182,2010,-0.21393608161338132,-0.4424642899622279,tavg_cwb
wheat,IN,IN-04-0182,2011,-1.1100875951640037,-0.07991507954628509,tavg_cwb
wheat,IN,IN-04-0182,2012,-1.133987751991937,-0.3226812514960127,tavg_cwb
wheat,IN,IN-04-0182,2013,-1.042733596068366,0.22917221457421857,tavg_cwb
wheat,IN,IN-04-0182,2014,-1.2223035280085157,0.17845362821318433,tavg_cwb
wheat,IN,IN-04-0182,2015,-1.0454110572326587,0.4297158037218014,tavg_cwb
wheat,IN,IN-04-0182,2016,-0.5595073011460546,-0.29359189036465955,tavg_cwb
wheat,IN,IN-04-0182,2017,-0.3233583688245275,-0.37581272920481623,tavg_cwb
wheat,IN,IN-04-0183,2003,-1.1867552183131072,0.3914689943377252,tavg_cwb
wheat,IN,IN-04-0183,2004,-0.8141337015042741,0.07430948572939472,tavg_cwb
wheat,IN,IN-04-0183,2005,-1.118807683289381,0.6267080995853859,tavg_cwb
wheat,IN,IN-04-0183,2006,-0.6063564086934827,-0.22173247673669935,tavg_cwb
wheat,IN,IN-04-0183,2007,-0.8702040105051477,0.3050591145021205,tavg_cwb
wheat,IN,IN-04-0183,2008,-0.8954669588794466,-0.2685848170562403,tavg_cwb
wheat,IN,IN-04-0183,2009,-0.6209482996718992,-0.30412371296414126,tavg_cwb
wheat,IN,IN-04-0183,2010,-0.5251904724013767,-0.28986668954166933,tavg_cwb
wheat,IN,IN-04-0183,2011,-1.2961603901236374,0.3501650846646465,tavg_cwb
wheat,IN,IN-04-0183,2012,-1.342799874442931,-0.03004740845046809,tavg_cwb
wheat,IN,IN-04-0183,2013,-1.3249505783334123,0.8405108310950961,tavg_cwb
wheat,IN,IN-04-0183,2014,-1.4210731841324071,0.7859649909695601,tavg_cwb
wheat,IN,IN-04-0183,2015,-1.3888714811469764,1.1866087260877174,tavg_cwb
wheat,IN,IN-04-0183,2016,-0.7896160924999815,-0.07364222067269745,tavg_cwb
wheat,IN,IN-04-0183,2017,-0.6918509835381625,0.1599548464430704,tavg_cwb
wheat,IN,IN-04-0184,2003,-1.9182213888750332,0.6614684534936813,tavg_cwb
wheat,IN,IN-04-0184,2004,-1.4911893375059162,0.193949052034259,tavg_cwb
wheat,IN,IN-04-0184,2005,-1.686430509871234,0.6589859966502979,tavg_cwb
wheat,IN,IN-04-0184,2006,-1.4077376304332816,0.14369056493937324,tavg_cwb
wheat,IN,IN-04-0184,2007,-1.6905738301420075,0.6966020700843075,tavg_cwb
wheat,IN,IN-04-0184,2008,-1.7061262614333137,-0.00968962998908854,tavg_cwb
wheat,IN,IN-04-0184,2009,-1.3925344845217957,0.09375929656981664,tavg_cwb
wheat,IN,IN-04-0184,2010,-1.3748871779757368,0.004825702554927097,tavg_cwb
wheat,IN,IN-04-0184,2011,-1.9236845489953582,0.34930929884600576,tavg_cwb
wheat,IN,IN-04-0184,2012,-1.9441937406139613,0.07064444441139939,tavg_cwb
wheat,IN,IN-04-0184,2013,-2.020870030173545,1.0761326128695157,tavg_cwb
wheat,IN,IN-04-0184,2014,-2.126044885121244,0.9224074897302992,tavg_cwb
wheat,IN,IN-04-0184,2015,-2.12169878336791,1.588401537326257,tavg_cwb
wheat,IN,IN-04-0184,2016,-1.5586954087420497,0.22987771813825508,tavg_cwb
wheat,IN,IN-04-0184,2017,-1.4212847973228844,0.39136500886209225,tavg_cwb
wheat,IN,IN-04-0185,2003,-1.6460361208025172,0.5738532220444152,tavg_cwb
wheat,IN,IN-04-0185,2004,-1.2124668914101118,0.1520494955204449,tavg_cwb
wheat,IN,IN-04-0185,2005,-1.5457217066909872,0.6943021054206431,tavg_cwb
wheat,IN,IN-04-0185,2006,-1.155636590966325,0.03562348219313715,tavg_cwb
wheat,IN,IN-04-0185,2007,-1.4736509699441813,0.6888733660409961,tavg_cwb
wheat,IN,IN-04-0185,2008,-1.4940627048170891,-0.015299036694408371,tavg_cwb
wheat,IN,IN-04-0185,2009,-1.1765283310969576,0.0006639969474637253,tavg_cwb
wheat,IN,IN-04-0185,2010,-1.0527954480009158,-0.12031711797167192,tavg_cwb
wheat,IN,IN-04-0185,2011,-1.7660268363797,0.5351721404335191,tavg_cwb
wheat,IN,IN-04-0185,2012,-1.8006327768460475,0.13134422405425872,tavg_cwb
wheat,IN,IN-04-0185,2013,-1.806795002940542,1.079265789657853,tavg_cwb
wheat,IN,IN-04-0185,2014,-1.961790347670196,1.034030384473316,tavg_cwb
wheat,IN,IN-04-0185,2015,-1.9455301997991685,1.7908495529599051,tavg_cwb
wheat,IN,IN-04-0185,2016,-1.3823047973622098,0.2283313214957226,tavg_cwb
wheat,IN,IN-04-0185,2017,-1.1966744787463124,0.41944568012818473,tavg_cwb
wheat,IN,IN-04-0186,2003,-1.5517099473284082,0.3445218554795751,tavg_cwb
wheat,IN,IN-04-0186,2004,-1.1224759308114858,-0.01982296000076018,tavg_cwb
wheat,IN,IN-04-0186,2005,-1.3449258413288736,0.3339105365773052,tavg_cwb
wheat,IN,IN-04-0186,2006,-1.0227360971915507,-0.004815579103844436,tavg_cwb
wheat,IN,IN-04-0186,2007,-1.3087650774331452,0.3186559943340032,tavg_cwb
wheat,IN,IN-04-0186,2008,-1.4792285535168714,-0.0927572542020603,tavg_cwb
wheat,IN,IN-04-0186,2009,-1.1333161642577205,-0.009737047462017168,tavg_cwb
wheat,IN,IN-04-0186,2010,-1.0261629737687405,-0.08548072075742101,tavg_cwb
wheat,IN,IN-04-0186,2011,-1.6528234857831623,0.2223076327638871,tavg_cwb
wheat,IN,IN-04-0186,2012,-1.6914053893160537,-0.0895019629241947,tavg_cwb
wheat,IN,IN-04-0186,2013,-1.7493581049810154,0.8795640030617013,tavg_cwb
wheat,IN,IN-04-0186,2014,-1.7856031363335676,0.5777689197973637,tavg_cwb
wheat,IN,IN-04-0186,2015,-1.7448173966571041,0.8287530037191082,tavg_cwb
wheat,IN,IN-04-0186,2016,-1.2386381841664533,0.06342538857227398,tavg_cwb
wheat,IN,IN-04-0186,2017,-1.0554106824980878,0.03845747620063741,tavg_cwb
wheat,IN,IN-04-0187,2003,-1.8284231862964408,0.4938091110597934,tavg_cwb
wheat,IN,IN-04-0187,2004,-1.4112139160714687,0.07693135425683241,tavg_cwb
wheat,IN,IN-04-0187,2005,-1.5774291717741469,0.5060943462545858,tavg_cwb
wheat,IN,IN-04-0187,2006,-1.3379532184087406,0.10407758696959683,tavg_cwb
wheat,IN,IN-04-0187,2007,-1.5896316241537618,0.5236618126898485,tavg_cwb
wheat,IN,IN-04-0187,2008,-1.6267431673586303,-0.06359146302855812,tavg_cwb
wheat,IN,IN-04-0187,2009,-1.2798963210823742,-0.017429395292082185,tavg_cwb
wheat,IN,IN-04-0187,2010,-1.3097537005211402,0.01596396764217288,tavg_cwb
wheat,IN,IN-04-0187,2011,-1.834249457218597,0.28254144843127177,tavg_cwb
wheat,IN,IN-04-0187,2012,-1.9251936662066904,-0.0016805011672684088,tavg_cwb
wheat,IN,IN-04-0187,2013,-1.9925265463056876,1.0445026467294387,tavg_cwb
wheat,IN,IN-04-0187,2014,-2.00145151739571,0.7137087398334262,tavg_cwb
wheat,IN,IN-04-0187,2015,-1.9866307306922497,1.0653128345134362,tavg_cwb
wheat,IN,IN-04-0187,2016,-1.4569166883445166,0.13669888592824248,tavg_cwb
wheat,IN,IN-04-0187,2017,-1.3179686995414661,0.23927341949790126,tavg_cwb
wheat,IN,IN-04-0188,2003,-1.5155768306142177,0.32247066703011895,tavg_cwb
wheat,IN,IN-04-0188,2004,-1.14439053841002,-0.034979012861285644,tavg_cwb
wheat,IN,IN-04-0188,2005,-1.0821046905670089,0.19710653438733902,tavg_cwb
wheat,IN,IN-04-0188,2006,-0.9105825248144109,-0.17805356538414469,tavg_cwb
wheat,IN,IN-04-0188,2007,-1.3360274396300003,0.4370990542512437,tavg_cwb
wheat,IN,IN-04-0188,2008,-1.3513350818171794,-0.17975628847159086,tavg_cwb
wheat,IN,IN-04-0188,2009,-0.9641701364098395,-0.11463995170339612,tavg_cwb
wheat,IN,IN-04-0188,2010,-0.8835057809613235,-0.11256744628326303,tavg_cwb
wheat,IN,IN-04-0188,2011,-1.499773552445683,0.16089522643153756,tavg_cwb
wheat,IN,IN-04-0188,2012,-1.5891682603521309,-0.10126304479910658,tavg_cwb
wheat,IN,IN-04-0188,2013,-1.6232077635545537,0.6971169592929662,tavg_cwb
wheat,IN,IN-04-0188,2014,-1.6554663315283007,0.5607526373887926,tavg_cwb
wheat,IN,IN-04-0188,2015,-1.6384404846057787,0.8721066254464633,tavg_cwb
wheat,IN,IN-04-0188,2016,-1.1026700041992488,0.120339111279167,tavg_cwb
wheat,IN,IN-04-0188,2017,-1.0796322680479784,0.17199811356524708,tavg_cwb
wheat,IN,IN-04-0523,2003,-1.245514197871698,0.6296771376071311,tavg_cwb
wheat,IN,IN-04-0523,2004,-0.8466406601318521,0.15009751223510687,tavg_cwb
wheat,IN,IN-04-0523,2005,-1.1275292102841294,0.6523954109285691,tavg_cwb
wheat,IN,IN-04-0523,2006,-0.6416381086151842,-0.1604741029013752,tavg_cwb
wheat,IN,IN-04-0523,2007,-0.9107314906095807,0.41238386678522027,tavg_cwb
wheat,IN,IN-04-0523,2008,-0.9116603797080224,-0.257121409540189,tavg_cwb
wheat,IN,IN-04-0523,2009,-0.5848044497651581,-0.30942546749225347,tavg_cwb
wheat,IN,IN-04-0523,2010,-0.5240140652176399,-0.25894506435957754,tavg_cwb
wheat,IN,IN-04-0523,2011,-1.2506696582337822,0.33370115981460613,tavg_cwb
wheat,IN,IN-04-0523,2012,-1.355047592048721,0.045035798271742235,tavg_cwb
wheat,IN,IN-04-0523,2013,-1.2860733824321178,0.7202788193284912,tavg_cwb
wheat,IN,IN-04-0523,2014,-1.4147960547898195,0.8303207598674532,tavg_cwb
wheat,IN,IN-04-0523,2015,-1.381542328528591,1.23811557263834,tavg_cwb
wheat,IN,IN-04-0523,2016,-0.8102478425271327,-0.06669025426844581,tavg_cwb
wheat,IN,IN-04-0523,2017,-0.7171491505961085,0.184146989042906,tavg_cwb
wheat,IN,IN-04-0524,2003,-1.99651431036359,0.6854364296658352,tavg_cwb
wheat,IN,IN-04-0524,2004,-1.6071104369203015,0.28276278089653123,tavg_cwb
wheat,IN,IN-04-0524,2005,-1.8124643108181182,0.7508502426911846,tavg_cwb
wheat,IN,IN-04-0524,2006,-1.4447814245255048,0.14090808579387598,tavg_cwb
wheat,IN,IN-04-0524,2007,-1.7965757567774534,0.701516039115634,tavg_cwb
wheat,IN,IN-04-0524,2008,-1.8417469238379143,0.08421979350756062,tavg_cwb
wheat,IN,IN-04-0524,2009,-1.523413530438709,0.16487757568791642,tavg_cwb
wheat,IN,IN-04-0524,2010,-1.4800720671170162,0.0588092732855168,tavg_cwb
wheat,IN,IN-04-0524,2011,-2.0296754769022556,0.43731108703308985,tavg_cwb
wheat,IN,IN-04-0524,2012,-2.0986344496261116,0.11739248211650806,tavg_cwb
wheat,IN,IN-04-0524,2013,-2.141453525125353,1.1802886333511065,tavg_cwb
wheat,IN,IN-04-0524,2014,-2.209642172586885,0.8663582463996015,tavg_cwb
wheat,IN,IN-04-0524,2015,-2.213858351859364,1.6608680191919196,tavg_cwb
wheat,IN,IN-04-0524,2016,-1.6878044419525065,0.2965591712310243,tavg_cwb
wheat,IN,IN-04-0524,2017,-1.454523972948399,0.4033385280356406,tavg_cwb
wheat,IN,IN-04-0525,2003,-1.9932305999252335,0.6805640023146936,tavg_cwb
wheat,IN,IN-04-0525,2004,-1.5638087113177161,0.18994403906693538,tavg_cwb
wheat,IN,IN-04-0525,2005,-1.762507195134481,0.6818951102216879,tavg_cwb
wheat,IN,IN-04-0525,2006,-1.5215700381126864,0.18560847349404874,tavg_cwb
wheat,IN,IN-04-0525,2007,-1.7626204483258316,0.7088450492901234,tavg_cwb
wheat,IN,IN-04-0525,2008,-1.724600403822747,-0.055080038052140935,tavg_cwb
wheat,IN,IN-04-0525,2009,-1.4023843812182384,0.029748708899547734,tavg_cwb
wheat,IN,IN-04-0525,2010,-1.4748015006330601,0.07794780318417373,tavg_cwb
wheat,IN,IN-04-0525,2011,-1.9717830792783284,0.3569553513745422,tavg_cwb
wheat,IN,IN-04-0525,2012,-2.0252169884762248,0.05706110833305172,tavg_cwb
wheat,IN,IN-04-0525,2013,-2.1094101483898773,1.132652266312139,tavg_cwb
wheat,IN,IN-04-0525,2014,-2.16296492244708,0.8681643554684246,tavg_cwb
wheat,IN,IN-04-0525,2015,-2.143169107413222,1.4155069891697447,tavg_cwb
wheat,IN,IN-04-0525,2016,-1.5571279318978235,0.1957835406651016,tavg_cwb
wheat,IN,IN-04-0525,2017,-1.4590553300044982,0.3755632122514628,tavg_cwb
wheat,IN,IN-04-0526,2003,-1.0861242050741065,0.050157980262458844,tavg_cwb
wheat,IN,IN-04-0526,2004,-0.7145404938258902,-0.23959798697223608,tavg_cwb
wheat,IN,IN-04-0526,2005,-0.9083824385891284,0.0060157433696708925,tavg_cwb
wheat,IN,IN-04-0526,2006,-0.6533798557185172,-0.26657804383488437,tavg_cwb
wheat,IN,IN-04-0526,2007,-0.9081639441104623,0.17377957515883044,tavg_cwb
wheat,IN,IN-04-0526,2008,-1.1234678047863318,-0.2352544697173976,tavg_cwb
wheat,IN,IN-04-0526,2009,-0.6987853336206113,-0.27204834056799504,tavg_cwb
wheat,IN,IN-04-0526,2010,-0.45661510190488114,-0.29909935488159983,tavg_cwb
wheat,IN,IN-04-0526,2011,-1.3039438165935058,0.05181691474489476,tavg_cwb
wheat,IN,IN-04-0526,2012,-1.341609670719522,-0.17071434645060488,tavg_cwb
wheat,IN,IN-04-0526,2013,-1.2773254839227977,0.4616414546080944,tavg_cwb
wheat,IN,IN-04-0526,2014,-1.4181518640382749,0.3420822643517882,tavg_cwb
wheat,IN,IN-04-0526,2015,-1.3428797322325663,0.6497388918419523,tavg_cwb
wheat,IN,IN-04-0526,2016,-0.7711381177552467,-0.11854739634635773,tavg_cwb
wheat,IN,IN-04-0526,2017,-0.6426804472165627,-0.1746167733511362,tavg_cwb
wheat,IN,IN-04-1007,2003,-1.5544625022365857,0.24057681301811656,tavg_cwb
wheat,IN,IN-04-1007,2004,-1.2161874404779107,0.04803853658137528,tavg_cwb
wheat,IN,IN-04-1007,2005,-1.6369150975347369,0.5694185532437616,tavg_cwb
wheat,IN,IN-04-1007,2006,-1.172008526767587,0.021673180338146924,tavg_cwb
wheat,IN,IN-04-1007,2007,-1.5201673209577469,0.4573224541618038,tavg_cwb
wheat,IN,IN-04-1007,2008,-1.6419475347197867,-0.02480314264316182,tavg_cwb
wheat,IN,IN-04-1007,2009,-1.373320342057958,0.18768590165293816,tavg_cwb
wheat,IN,IN-04-1007,2010,-1.2015197194132539,-0.0366493803923031,tavg_cwb
wheat,IN,IN-04-1007,2011,-1.8007962133332276,0.2215827015488054,tavg_cwb
wheat,IN,IN-04-1007,2012,-1.8933273708130511,-0.011151006713657098,tavg_cwb
wheat,IN,IN-04-1007,2013,-1.8339398212956535,0.6983761475108274,tavg_cwb
wheat,IN,IN-04-1007,2014,-1.8967947199843012,0.38191390079411996,tavg_cwb
wheat,IN,IN-04-1007,2015,-1.9175213656317092,0.9921484758527082,tavg_cwb
wheat,IN,IN-04-1007,2016,-1.35778278025983,0.1676897023928158,tavg_cwb
wheat,IN,IN-04-1007,2017,-1.0744139868163922,0.05401996221581005,tavg_cwb
wheat,IN,IN-04-1008,2003,-1.2872069617067665,0.19924000738987505,tavg_cwb
wheat,IN,IN-04-1008,2004,-0.9160910932009306,-0.11959828430341732,tavg_cwb
wheat,IN,IN-04-1008,2005,-1.0911504826275973,0.18036363229564384,tavg_cwb
wheat,IN,IN-04-1008,2006,-0.7843136680622066,-0.1680187827840784,tavg_cwb
wheat,IN,IN-04-1008,2007,-1.0733019869374767,0.26910701156440026,tavg_cwb
wheat,IN,IN-04-1008,2008,-1.260763530496508,-0.18944004881085402,tavg_cwb
wheat,IN,IN-04-1008,2009,-0.8954376347717125,-0.13659014490665095,tavg_cwb
wheat,IN,IN-04-1008,2010,-0.7347744345256652,-0.1905253544957663,tavg_cwb
wheat,IN,IN-04-1008,2011,-1.4414163373422069,0.13390532629153756,tavg_cwb
wheat,IN,IN-04-1008,2012,-1.5092966054001993,-0.11065623081975991,tavg_cwb
wheat,IN,IN-04-1008,2013,-1.5065624999867595,0.6913273771373686,tavg_cwb
wheat,IN,IN-04-1008,2014,-1.5485291137369903,0.44633634821045354,tavg_cwb
wheat,IN,IN-04-1008,2015,-1.5207409570258197,0.724012348545102,tavg_cwb
wheat,IN,IN-04-1008,2016,-0.9925759022803866,-0.032744984176670246,tavg_cwb
wheat,IN,IN-04-1008,2017,-0.8800978726292308,-0.0539622319270512,tavg_cwb
wheat,IN,IN-04-1009,2003,-1.0226247216931355,0.3717474659089264,tavg_cwb
wheat,IN,IN-04-1009,2004,-0.5569800812536913,-0.1383266323801624,tavg_cwb
wheat,IN,IN-04-1009,2005,-0.9763920028301332,0.5219428916616461,tavg_cwb
wheat,IN,IN-04-1009,2006,-0.35232647749358403,-0.27326098321995934,tavg_cwb
wheat,IN,IN-04-1009,2007,-0.6269763263581274,0.12640553949879585,tavg_cwb
wheat,IN,IN-04-1009,2008,-0.7364681077831009,-0.17768506018467248,tavg_cwb
wheat,IN,IN-04-1009,2009,-0.4093707604662291,-0.36727240885442886,tavg_cwb
wheat,IN,IN-04-1009,2010,-0.3385096053489411,-0.24508115246051848,tavg_cwb
wheat,IN,IN-04-1009,2011,-1.10179573951876,0.24055888770353073,tavg_cwb
wheat,IN,IN-04-1009,2012,-1.134669779385577,-0.05977048648813459,tavg_cwb
wheat,IN,IN-04-1009,2013,-1.0767750943984433,0.6939007435524119,tavg_cwb
wheat,IN,IN-04-1009,2014,-1.2533801039820403,0.6369030460807142,tavg_cwb
wheat,IN,IN-04-1009,2015,-1.0706409056720068,0.8127380198938043,tavg_cwb
wheat,IN,IN-04-1009,2016,-0.5550639082072292,-0.14477047391706166,tavg_cwb
wheat,IN,IN-04-1009,2017,-0.4105397469519491,-0.08656467623007515,tavg_cwb
wheat,IN,IN-04-2002,2005,-0.9435538244644744,0.014338692071544534,tavg_cwb
wheat,IN,IN-04-2002,2006,-0.661747896301875,-0.2323474828654979,tavg_cwb
wheat,IN,IN-04-2002,2007,-1.0301345961751363,0.206642441180983,tavg_cwb
wheat,IN,IN-04-2002,2008,-1.1734074384648105,-0.23764060162114956,tavg_cwb
wheat,IN,IN-04-2002,2009,-0.7551984331664457,-0.21665315124470666,tavg_cwb
wheat,IN,IN-04-2002,2010,-0.5661844395570232,-0.19210824218904396,tavg_cwb
wheat,IN,IN-04-2002,2011,-1.341418690812838,0.07502478863503846,tavg_cwb
wheat,IN,IN-04-2002,2012,-1.3548347391116595,-0.13356303153817942,tavg_cwb
wheat,IN,IN-04-2002,2013,-1.3529537809178522,0.5281070210234105,tavg_cwb
wheat,IN,IN-04-2002,2014,-1.460639670662774,0.4428208231513523,tavg_cwb
wheat,IN,IN-04-2002,2015,-1.4132196564282575,0.7083745719488812,tavg_cwb
wheat,IN,IN-04-2002,2016,-0.8384204291439301,-0.04677463341252012,tavg_cwb
wheat,IN,IN-04-2002,2017,-0.8602096599138686,-0.010974110432730697,tavg_cwb
wheat,IN,IN-04-2003,2008,-1.3901529157831023,-0.1474671859832988,tavg_cwb
wheat,IN,IN-04-2003,2009,-0.949264878288566,-0.11490533459011731,tavg_cwb
wheat,IN,IN-04-2003,2010,-0.8365424217949907,-0.10498328585447282,tavg_cwb
wheat,IN,IN-04-2003,2011,-1.5130431404544868,0.15658338703050095,tavg_cwb
wheat,IN,IN-04-2003,2012,-1.5488616624020903,-0.06434619063474342,tavg_cwb
wheat,IN,IN-04-2003,2013,-1.5669131146816597,0.6807413818660625,tavg_cwb
wheat,IN,IN-04-2003,2014,-1.6077551591377726,0.5577980599216203,tavg_cwb
wheat,IN,IN-04-2003,2015,-1.57409882626355,0.8180165652229575,tavg_cwb
wheat,IN,IN-04-2003,2016,-1.0595297946562958,0.08971058127216239,tavg_cwb
wheat,IN,IN-04-2003,2017,-1.074888541561539,0.1309921220436398,tavg_cwb
wheat,IN,IN-04-2057,2016,-0.7092050875938278,-0.20548246731934794,tavg_cwb
wheat,IN,IN-04-2057,2017,-0.4274664529969635,-0.32525277440509837,tavg_cwb
wheat,IN,IN-05-0065,2008,0.07865516088377673,0.319617948354712,tavg_cwb
wheat,IN,IN-05-0066,2008,0.7061670270315766,0.020204231713454052,tavg_cwb
wheat,IN,IN-05-0066,2017,1.3696527719678466,-0.8498152787501937,tavg_cwb
wheat,IN,IN-05-0067,2008,0.8282422007436092,-0.09318470794096728,tavg_cwb
wheat,IN,IN-05-0068,2008,0.8667277348886108,-0.0993652803641812,tavg_cwb
wheat,IN,IN-05-0069,2008,0.28314021503407316,0.055962932825230044,tavg_cwb
wheat,IN,IN-05-0071,2004,0.9047072363152561,-0.6186921487269654,tavg_cwb
wheat,IN,IN-05-0071,2005,0.9410112212788131,-0.6314206049005201,tavg_cwb
wheat,IN,IN-05-0071,2006,0.8090538475063123,-0.637617572245122,tavg_cwb
wheat,IN,IN-05-0071,2007,0.8111654069795091,-0.651431963177353,tavg_cwb
wheat,IN,IN-05-0071,2008,0.6480467993547512,0.1666188193748145,tavg_cwb
wheat,IN,IN-05-0071,2009,0.887334110799262,-0.48970041119892643,tavg_cwb
wheat,IN,IN-05-0072,2003,1.5624395435228084,-0.907138491916008,tavg_cwb
wheat,IN,IN-05-0072,2004,1.2913690961822628,-0.8645662406403335,tavg_cwb
wheat,IN,IN-05-0072,2005,1.2630102027524956,-0.7014500012526391,tavg_cwb
wheat,IN,IN-05-0072,2006,1.0273191372668382,-0.6238464493136148,tavg_cwb
wheat,IN,IN-05-0072,2007,1.44683740723599,-0.936911203216517,tavg_cwb
wheat,IN,IN-05-0072,2008,0.9887970071271355,0.05262710805851328,tavg_cwb
wheat,IN,IN-05-0072,2009,1.244273213136555,-0.6454941607623009,tavg_cwb
wheat,IN,IN-05-0072,2010,1.390487621323021,-0.5457680439610464,tavg_cwb
wheat,IN,IN-05-0072,2011,1.0904105938364488,-0.7607433748549763,tavg_cwb
wheat,IN,IN-05-0072,2012,1.3053504965862193,-0.8754152591427108,tavg_cwb
wheat,IN,IN-05-0072,2013,1.4622543553758236,-0.8571864361091167,tavg_cwb
wheat,IN,IN-05-0072,2014,1.325851943266799,-0.8440797076559333,tavg_cwb
wheat,IN,IN-05-0072,2015,1.2928871040325054,-0.5449775375877574,tavg_cwb
wheat,IN,IN-05-0072,2016,1.6550475546182837,-0.507572350958944,tavg_cwb
wheat,IN,IN-05-0072,2017,1.6484832244984104,-0.9536424147240077,tavg_cwb
wheat,IN,IN-05-0073,2003,2.203417699391009,-1.0701664359279148,tavg_cwb
wheat,IN,IN-05-0073,2004,1.8532194574639929,-1.0122188346888636,tavg_cwb
wheat,IN,IN-05-0073,2005,1.8225665815893866,-0.8030017907964297,tavg_cwb
wheat,IN,IN-05-0073,2006,1.879645359559077,-0.9703346936271343,tavg_cwb
wheat,IN,IN-05-0073,2007,1.9350751273236917,-1.023182544912906,tavg_cwb
wheat,IN,IN-05-0073,2008,1.5644733334699912,-0.25234405684183747,tavg_cwb
wheat,IN,IN-05-0073,2009,1.9770051921598877,-0.7681302018023117,tavg_cwb
wheat,IN,IN-05-0073,2010,1.9335553361255116,-0.7330594248568664,tavg_cwb
wheat,IN,IN-05-0073,2011,1.856685149542032,-1.0008910715183,tavg_cwb
wheat,IN,IN-05-0073,2012,1.9103536639555028,-1.0378168716224976,tavg_cwb
wheat,IN,IN-05-0073,2013,2.0963799285148745,-1.0735368156206846,tavg_cwb
wheat,IN,IN-05-0073,2014,1.8179494121970732,-1.0105821007805509,tavg_cwb
wheat,IN,IN-05-0073,2015,1.7370548563972865,-0.6501335793038692,tavg_cwb
wheat,IN,IN-05-0073,2016,2.450932977125917,-0.9572709093810334,tavg_cwb
wheat,IN,IN-05-0073,2017,2.1097352431808725,-1.056308750225802,tavg_cwb
wheat,IN,IN-05-0074,2003,1.6376165940664928,-0.9322288254949851,tavg_cwb
wheat,IN,IN-05-0074,2004,1.3254595106980875,-0.9261979670133167,tavg_cwb
wheat,IN,IN-05-0074,2005,1.4041806217329154,-0.9831413706082324,tavg_cwb
wheat,IN,IN-05-0074,2006,1.2663655497607336,-0.993330860127795,tavg_cwb
wheat,IN,IN-05-0074,2007,1.3263305015600355,-0.9131892293016709,tavg_cwb
wheat,IN,IN-05-0074,2008,1.0210784122215133,-0.3062641078311074,tavg_cwb
wheat,IN,IN-05-0074,2009,1.3120737693696956,-0.6828429885809246,tavg_cwb
wheat,IN,IN-05-0074,2010,1.4197505647909263,-0.6425780504707654,tavg_cwb
wheat,IN,IN-05-0074,2011,0.8611685176705586,-0.805113685794684,tavg_cwb
wheat,IN,IN-05-0074,2012,1.2467179090742542,-0.876226625567619,tavg_cwb
wheat,IN,IN-05-0074,2013,1.4212511483643706,-0.8978987192871153,tavg_cwb
wheat,IN,IN-05-0074,2014,1.1052976904800593,-0.8427513617513483,tavg_cwb
wheat,IN,IN-05-0074,2015,1.020152040437694,-0.6345763650263897,tavg_cwb
wheat,IN,IN-05-0074,2016,1.7220624306417298,-0.7931255549030127,tavg_cwb
wheat,IN,IN-05-0074,2017,1.419691328680937,-1.0321691591806834,tavg_cwb
wheat,IN,IN-05-0075,2003,1.5581093123972425,-0.9165798657189388,tavg_cwb
wheat,IN,IN-05-0075,2004,1.4528605769921168,-1.0092223484342357,tavg_cwb
wheat,IN,IN-05-0075,2005,1.3726849343051115,-0.9991622578558452,tavg_cwb
wheat,IN,IN-05-0075,2006,1.2358159683002068,-0.9764946604103708,tavg_cwb
wheat,IN,IN-05-0075,2007,1.2964226839127204,-0.8760058673526437,tavg_cwb
wheat,IN,IN-05-0075,2008,1.0734706002356014,-0.4527286798159198,tavg_cwb
wheat,IN,IN-05-0075,2009,1.2636867137040593,-0.5788099174908405,tavg_cwb
wheat,IN,IN-05-0075,2010,1.3194612988231373,-0.6297198526860368,tavg_cwb
wheat,IN,IN-05-0075,2011,0.9412915193565636,-0.8127298321836498,tavg_cwb
wheat,IN,IN-05-0075,2012,1.1736396596980354,-0.8182465022763916,tavg_cwb
wheat,IN,IN-05-0075,2013,1.475027487740267,-0.8591250506061711,tavg_cwb
wheat,IN,IN-05-0075,2014,1.058653534906461,-0.7677561613223427,tavg_cwb
wheat,IN,IN-05-0075,2015,1.0687215063780773,-0.6303517932229763,tavg_cwb
wheat,IN,IN-05-0075,2016,1.7259724448588663,-0.8537000743460811,tavg_cwb
wheat,IN,IN-05-0075,2017,1.3909393352736135,-1.012300069643867,tavg_cwb
wheat,IN,IN-05-0076,2003,1.6655178904127206,-0.9415164576998348,tavg_cwb
wheat,IN,IN-05-0076,2004,1.4181799255316925,-0.9075211087185059,tavg_cwb
wheat,IN,IN-05-0076,2005,1.4336456708307181,-0.9656350032008497,tavg_cwb
wheat,IN,IN-05-0076,2006,1.2163241823722255,-0.904039275955055,tavg_cwb
wheat,IN,IN-05-0076,2007,1.5237591549019882,-0.9777908244899666,tavg_cwb
wheat,IN,IN-05-0076,2009,1.512025024739521,-0.7163311149122685,tavg_cwb
wheat,IN,IN-05-0076,2010,1.5960771473346138,-0.7353212042826854,tavg_cwb
wheat,IN,IN-05-0076,2011,1.1441937092457897,-0.8681968798607094,tavg_cwb
wheat,IN,IN-05-0076,2012,1.4911630255035035,-0.9893050778638582,tavg_cwb
wheat,IN,IN-05-0076,2013,1.7257824076855655,-0.9643607078135743,tavg_cwb
wheat,IN,IN-05-0076,2014,1.1786503817605074,-0.7084012373875165,tavg_cwb
wheat,IN,IN-05-0076,2015,1.2073818554577038,-0.7361888695595695,tavg_cwb
wheat,IN,IN-05-0076,2016,1.993029148662773,-0.9736796551093782,tavg_cwb
wheat,IN,IN-05-0076,2017,1.3778356184590208,-0.9861382313016279,tavg_cwb
wheat,IN,IN-05-0077,2003,1.0179272456343922,-0.6078612216573914,tavg_cwb
wheat,IN,IN-05-0077,2004,0.8274045632003012,-0.6035878305230477,tavg_cwb
wheat,IN,IN-05-0077,2005,0.7889082206560901,-0.4109785014886033,tavg_cwb
wheat,IN,IN-05-0077,2006,0.6669670552361481,-0.5133497107560635,tavg_cwb
wheat,IN,IN-05-0077,2007,0.894056643314844,-0.6561924235480077,tavg_cwb
wheat,IN,IN-05-0077,2008,0.9442684169126767,-0.17116962845683883,tavg_cwb
wheat,IN,IN-05-0077,2009,1.087394529318,-0.5422189006716173,tavg_cwb
wheat,IN,IN-05-0077,2010,1.1976088766164557,-0.5329171570381395,tavg_cwb
wheat,IN,IN-05-0077,2011,0.8799733299525595,-0.6640790307743385,tavg_cwb
wheat,IN,IN-05-0077,2012,1.1553393880082157,-0.86207475422782,tavg_cwb
wheat,IN,IN-05-0077,2013,1.1948898353200035,-0.6577977929401819,tavg_cwb
wheat,IN,IN-05-0077,2014,0.729203962155019,-0.3051922607098796,tavg_cwb
wheat,IN,IN-05-0077,2015,0.7309018908728983,-0.4275411525635493,tavg_cwb
wheat,IN,IN-05-0077,2016,1.5079891291865501,-0.7264442763071294,tavg_cwb
wheat,IN,IN-05-0077,2017,0.8136643123174865,-0.6810945926341471,tavg_cwb
wheat,IN,IN-05-0078,2003,2.123134273728746,-0.9977371274812465,tavg_cwb
wheat,IN,IN-05-0078,2004,1.817612383435882,-0.9574183151733121,tavg_cwb
wheat,IN,IN-05-0078,2005,1.747220438803968,-0.8134557911582608,tavg_cwb
wheat,IN,IN-05-0078,2006,1.8114670322003024,-0.9451549487068805,tavg_cwb
wheat,IN,IN-05-0078,2007,1.9217185507220758,-1.0166938462108848,tavg_cwb
wheat,IN,IN-05-0078,2008,1.5037856997601167,-0.2150972323517642,tavg_cwb
wheat,IN,IN-05-0078,2009,1.9527810635619607,-0.7114113020142295,tavg_cwb
wheat,IN,IN-05-0078,2010,1.9305840155922125,-0.6967572091612306,tavg_cwb
wheat,IN,IN-05-0078,2011,1.812008116910673,-0.9799224172502554,tavg_cwb
wheat,IN,IN-05-0078,2012,1.8531305548998724,-0.9924565050774029,tavg_cwb
wheat,IN,IN-05-0078,2013,2.0437433543600068,-0.9793885739477419,tavg_cwb
wheat,IN,IN-05-0078,2014,1.7641111024797014,-0.9483226998012311,tavg_cwb
wheat,IN,IN-05-0078,2015,1.7398210508429572,-0.8041464606514684,tavg_cwb
wheat,IN,IN-05-0078,2016,2.45791391193602,-0.9760389660068886,tavg_cwb
wheat,IN,IN-05-0078,2017,1.963217884266758,-1.026590872169825,tavg_cwb
wheat,IN,IN-05-0079,2003,1.4994968399326292,-0.7525656771722373,tavg_cwb
wheat,IN,IN-05-0079,2004,1.3547986423652012,-0.7210984543274584,tavg_cwb
wheat,IN,IN-05-0079,2005,1.2256813870054901,-0.6071130020860408,tavg_cwb
wheat,IN,IN-05-0079,2006,1.1615989463523746,-0.7029771324438722,tavg_cwb
wheat,IN,IN-05-0079,2007,1.3491841222359533,-0.8002310731314289,tavg_cwb
wheat,IN,IN-05-0079,2008,1.1094341683779896,-0.1804579534493303,tavg_cwb
wheat,IN,IN-05-0079,2009,1.4269893096545094,-0.6139853490523208,tavg_cwb
wheat,IN,IN-05-0079,2010,1.5740310056694715,-0.6506695354592733,tavg_cwb
wheat,IN,IN-05-0079,2011,1.1178653553791558,-0.7270386953746856,tavg_cwb
wheat,IN,IN-05-0079,2012,1.3816376074253445,-0.8565352670253223,tavg_cwb
wheat,IN,IN-05-0079,2013,1.6982817726233557,-0.8324425786650784,tavg_cwb
wheat,IN,IN-05-0079,2014,1.2157257155639132,-0.6082714492728378,tavg_cwb
wheat,IN,IN-05-0079,2015,1.074317212892704,-0.595953732644712,tavg_cwb
wheat,IN,IN-05-0079,2016,1.9078140929701863,-0.8194693926127395,tavg_cwb
wheat,IN,IN-05-0079,2017,1.3390918214311711,-0.8216543161852138,tavg_cwb
wheat,IN,IN-05-0080,2008,2.016566009419401,0.2678041543718341,tavg_cwb
wheat,IN,IN-05-0082,2008,0.18717182758635684,0.112049697613013,tavg_cwb
wheat,IN,IN-05-0549,2010,0.6678696082059247,-0.5175828122191188,tavg_cwb
wheat,IN,IN-05-0549,2011,0.2779039284617028,-0.6264738986577874,tavg_cwb
wheat,IN,IN-05-1010,2003,1.7128154432639482,-0.9332249692530079,tavg_cwb
wheat,IN,IN-05-1010,2004,1.5136037223219438,-1.0455383813872492,tavg_cwb
wheat,IN,IN-05-1010,2005,1.4695482941775384,-0.9943182518606632,tavg_cwb
wheat,IN,IN-05-1010,2006,1.3346544090269912,-1.004751467670817,tavg_cwb
wheat,IN,IN-05-1010,2007,1.4847898032374638,-0.9496641468832137,tavg_cwb
wheat,IN,IN-05-1010,2009,1.4313165878437537,-0.6359234566143526,tavg_cwb
wheat,IN,IN-05-1010,2010,1.4634605189223415,-0.6557928784045095,tavg_cwb
wheat,IN,IN-05-1010,2011,1.241907630639811,-0.8940980490260171,tavg_cwb
wheat,IN,IN-05-1010,2012,1.4043616008115702,-0.9457360780787152,tavg_cwb
wheat,IN,IN-05-1010,2013,1.6232009516364823,-0.9083384589038137,tavg_cwb
wheat,IN,IN-05-1010,2014,1.212571271949808,-0.8216279753615786,tavg_cwb
wheat,IN,IN-05-1010,2015,1.2214444961969406,-0.6960975203282229,tavg_cwb
wheat,IN,IN-05-1010,2016,1.876336290103777,-0.8365120011964086,tavg_cwb
wheat,IN,IN-05-1010,2017,1.4141285557120742,-1.0189066970068412,tavg_cwb
wheat,IN,IN-05-1012,2003,1.7159227673877497,-0.998891748898463,tavg_cwb
wheat,IN,IN-05-1012,2004,1.405755872965757,-1.0274014672577396,tavg_cwb
wheat,IN,IN-05-1012,2005,1.4698083331224225,-0.8724465728424745,tavg_cwb
wheat,IN,IN-05-1012,2006,1.3281468279760174,-0.9424023451888253,tavg_cwb
wheat,IN,IN-05-1012,2007,1.5345339361033246,-1.0363453956880924,tavg_cwb
wheat,IN,IN-05-1012,2008,1.048537884360177,-0.3241506422754621,tavg_cwb
wheat,IN,IN-05-1012,2009,1.4630331891829726,-0.8612361490513689,tavg_cwb
wheat,IN,IN-05-1012,2010,1.3935784473540023,-0.6361886465210995,tavg_cwb
wheat,IN,IN-05-1012,2011,1.039329748829105,-0.7905554600361443,tavg_cwb
wheat,IN,IN-05-1012,2012,1.3760224601755968,-0.9802739608654811,tavg_cwb
wheat,IN,IN-05-1012,2013,1.5911288613380206,-1.0143309435190693,tavg_cwb
wheat,IN,IN-05-1012,2014,1.3280062275628641,-0.9509283047321557,tavg_cwb
wheat,IN,IN-05-1012,2015,1.2234924594505303,-0.7432765156413413,tavg_cwb
wheat,IN,IN-05-1012,2016,1.795323871880454,-0.8503492409613298,tavg_cwb
wheat,IN,IN-05-1012,2017,1.6001008374143595,-1.103123758044868,tavg_cwb
wheat,IN,IN-05-1013,2003,1.697297089312609,-0.9826960730757776,tavg_cwb
wheat,IN,IN-05-1013,2004,1.4153956104811851,-0.9923966369571642,tavg_cwb
wheat,IN,IN-05-1013,2005,1.4614565005887,-0.9918718244053476,tavg_cwb
wheat,IN,IN-05-1013,2006,1.2824360863581425,-0.9896355595727166,tavg_cwb
wheat,IN,IN-05-1013,2007,1.4301546261564086,-0.9705671688296269,tavg_cwb
wheat,IN,IN-05-1013,2008,1.0991881678732374,-0.4065363283477624,tavg_cwb
wheat,IN,IN-05-1013,2009,1.3656900712759248,-0.5977083559749091,tavg_cwb
wheat,IN,IN-05-1013,2010,1.428719756817334,-0.6077270470539,tavg_cwb
wheat,IN,IN-05-1013,2011,1.0712686313128181,-0.8649775547869636,tavg_cwb
wheat,IN,IN-05-1013,2012,1.348143032828292,-0.9521162612095905,tavg_cwb
wheat,IN,IN-05-1013,2013,1.5392575067208818,-0.9561017446012213,tavg_cwb
wheat,IN,IN-05-1013,2014,1.173061283002829,-0.8693543263534982,tavg_cwb
wheat,IN,IN-05-1013,2015,1.1758957792761213,-0.7386430673251404,tavg_cwb
wheat,IN,IN-05-1013,2016,1.8747904265535185,-0.8759546770419233,tavg_cwb
wheat,IN,IN-05-1013,2017,1.4739200597897915,-1.0571627836428086,tavg_cwb
wheat,IN,IN-05-1014,2003,1.635847094300477,-0.9252989371813046,tavg_cwb
wheat,IN,IN-05-1014,2004,1.3165850800497954,-0.9384180320867765,tavg_cwb
wheat,IN,IN-05-1014,2005,1.4704841984751256,-0.9289720813859083,tavg_cwb
wheat,IN,IN-05-1014,2006,1.2813705036269276,-0.9874528275138377,tavg_cwb
wheat,IN,IN-05-1014,2007,1.4812829415106141,-1.011892431732906,tavg_cwb
wheat,IN,IN-05-1014,2008,1.050261226921011,-0.46403330287906697,tavg_cwb
wheat,IN,IN-05-1014,2009,1.428238418860757,-0.8629234782755728,tavg_cwb
wheat,IN,IN-05-1014,2010,1.4366838506311488,-0.701981820249061,tavg_cwb
wheat,IN,IN-05-1014,2011,0.8894219604989346,-0.7719461774252246,tavg_cwb
wheat,IN,IN-05-1014,2012,1.2717460511540013,-0.8727447640649408,tavg_cwb
wheat,IN,IN-05-1014,2013,1.4344392326532271,-0.9199846995205364,tavg_cwb
wheat,IN,IN-05-1014,2014,1.1880395119533944,-0.8971034630497774,tavg_cwb
wheat,IN,IN-05-1014,2015,1.1064899665530634,-0.6449965296883449,tavg_cwb
wheat,IN,IN-05-1014,2016,1.7690641086747712,-0.8553625856631433,tavg_cwb
wheat,IN,IN-05-1014,2017,1.539962493251026,-1.0705326174799517,tavg_cwb
wheat,IN,IN-05-1015,2003,2.043614669236125,-0.9833602673573676,tavg_cwb
wheat,IN,IN-05-1015,2004,1.65376070337947,-0.9716874261211336,tavg_cwb
wheat,IN,IN-05-1015,2005,1.6767745400890317,-0.8214761516280012,tavg_cwb
wheat,IN,IN-05-1015,2006,1.6437304128902672,-0.9464457398567983,tavg_cwb
wheat,IN,IN-05-1015,2007,1.7096457930117557,-0.9504225018036543,tavg_cwb
wheat,IN,IN-05-1015,2008,1.4283687089011439,-0.29098571971792997,tavg_cwb
wheat,IN,IN-05-1015,2009,1.7879607597075595,-0.688106407717064,tavg_cwb
wheat,IN,IN-05-1015,2010,1.7790475867672795,-0.6753838303400043,tavg_cwb
wheat,IN,IN-05-1015,2011,1.6173928575358678,-0.8857736185168438,tavg_cwb
wheat,IN,IN-05-1015,2012,1.7478056983583223,-1.0069906532746142,tavg_cwb
wheat,IN,IN-05-1015,2013,1.8779314517281163,-0.9792585038698666,tavg_cwb
wheat,IN,IN-05-1015,2014,1.5489514360937668,-0.9136170096649179,tavg_cwb
wheat,IN,IN-05-1015,2015,1.5293055071812025,-0.6196849330036557,tavg_cwb
wheat,IN,IN-05-1015,2016,2.239683136874409,-0.8838049244837499,tavg_cwb
wheat,IN,IN-05-1015,2017,1.792920202947681,-0.9759429142247261,tavg_cwb
wheat,IN,IN-05-1016,2008,1.899970149093247,0.08174793158526825,tavg_cwb
wheat,IN,IN-05-2004,2008,0.9532171752904247,-0.010176085940123654,tavg_cwb
wheat,IN,IN-05-2005,2008,0.26868762206843944,0.14407844330273956,tavg_cwb
wheat,IN,IN-05-2025,2010,1.8233415866300822,-0.7889685214546843,tavg_cwb
wheat,IN,IN-05-2025,2011,1.5933713235777072,-0.9488146252722732,tavg_cwb
wheat,IN,IN-05-2025,2012,1.6557659947543628,-0.9588259940927483,tavg_cwb
wheat,IN,IN-05-2025,2013,1.9165669289733231,-0.9558605424216904,tavg_cwb
wheat,IN,IN-05-2025,2014,1.525042320299376,-0.8800025137676549,tavg_cwb
wheat,IN,IN-05-2025,2015,1.4765626347405016,-0.8189598302197333,tavg_cwb
wheat,IN,IN-05-2025,2016,2.2566747537873284,-0.9529067434714995,tavg_cwb
wheat,IN,IN-05-2025,2017,1.5803834719459848,-0.9230616858271453,tavg_cwb
wheat,IN,IN-06-0007,2003,0.2426700240223382,-0.29579602355401813,tavg_cwb
wheat,IN,IN-06-0007,2004,0.4336863378833348,-0.44780813434828265,tavg_cwb
wheat,IN,IN-06-0007,2005,0.22733164803715597,-0.2869423250499568,tavg_cwb
wheat,IN,IN-06-0007,2006,0.24877082995759417,-0.37717925817587533,tavg_cwb
wheat,IN,IN-06-0007,2007,0.284503359692096,-0.47285982242614255,tavg_cwb
wheat,IN,IN-06-0007,2008,0.10917521360777536,-0.5129072631590758,tavg_cwb
wheat,IN,IN-06-0007,2009,0.675012895673555,-0.5991570069652318,tavg_cwb
wheat,IN,IN-06-0007,2010,0.5794707910367303,-0.5662993302655989,tavg_cwb
wheat,IN,IN-06-0007,2011,0.12924091638215324,-0.530859447266841,tavg_cwb
wheat,IN,IN-06-0007,2012,-0.03625711607230038,-0.4294355402633047,tavg_cwb
wheat,IN,IN-06-0007,2013,0.04706126523683943,-0.22937905763781932,tavg_cwb
wheat,IN,IN-06-0007,2014,-0.1313117806508183,0.1668685467760296,tavg_cwb
wheat,IN,IN-06-0007,2015,-0.20828010319126442,0.2807657465713392,tavg_cwb
wheat,IN,IN-06-0007,2016,0.4346920238639101,-0.32926947278837776,tavg_cwb
wheat,IN,IN-06-0007,2017,0.31202552401395744,-0.5542102078096326,tavg_cwb
wheat,IN,IN-06-0008,2003,0.6530043334021058,-0.32836819064636125,tavg_cwb
wheat,IN,IN-06-0008,2004,0.7140810228806667,-0.4910986497001863,tavg_cwb
wheat,IN,IN-06-0008,2005,0.6243412418066321,-0.18191312463168927,tavg_cwb
wheat,IN,IN-06-0008,2006,0.5278585920314663,-0.3590550367985963,tavg_cwb
wheat,IN,IN-06-0008,2007,0.7300529265139594,-0.6047597541563872,tavg_cwb
wheat,IN,IN-06-0008,2008,0.49911566474026964,-0.36354999205597893,tavg_cwb
wheat,IN,IN-06-0008,2009,1.1354937122617488,-0.7039882373029777,tavg_cwb
wheat,IN,IN-06-0008,2010,0.8473751972849769,-0.40096206223036646,tavg_cwb
wheat,IN,IN-06-0008,2011,0.6384866366612028,-0.6135225076673338,tavg_cwb
wheat,IN,IN-06-0008,2012,0.5397982534622947,-0.45322194019980944,tavg_cwb
wheat,IN,IN-06-0008,2013,0.5931052662479502,-0.3217632734037471,tavg_cwb
wheat,IN,IN-06-0008,2014,0.5086478961389058,-0.29366479565387676,tavg_cwb
wheat,IN,IN-06-0008,2015,0.3554849769130999,-0.08935772135565313,tavg_cwb
wheat,IN,IN-06-0008,2016,0.9591812307381029,-0.3783461732592607,tavg_cwb
wheat,IN,IN-06-0008,2017,0.8583852951215782,-0.7553598791139473,tavg_cwb
wheat,IN,IN-06-0009,2003,0.3923584041258539,-0.42455572060780444,tavg_cwb
wheat,IN,IN-06-0009,2004,0.43003454872891705,-0.5696636146471984,tavg_cwb
wheat,IN,IN-06-0009,2005,0.3176822881151276,-0.5236519489880791,tavg_cwb
wheat,IN,IN-06-0009,2006,0.18287437993081831,-0.3173510759611537,tavg_cwb
wheat,IN,IN-06-0009,2007,0.39489503681471144,-0.6116523248197321,tavg_cwb
wheat,IN,IN-06-0009,2008,0.2868418982271855,-0.5642959787791834,tavg_cwb
wheat,IN,IN-06-0009,2009,0.8323018784999553,-0.7441078211941405,tavg_cwb
wheat,IN,IN-06-0009,2010,0.6334126491447168,-0.4995242624458684,tavg_cwb
wheat,IN,IN-06-0009,2011,0.22386827062898415,-0.6617951301071218,tavg_cwb
wheat,IN,IN-06-0009,2012,0.2206326076375816,-0.5529684161887585,tavg_cwb
wheat,IN,IN-06-0009,2013,0.2625074899019386,-0.3580110661299797,tavg_cwb
wheat,IN,IN-06-0009,2014,-0.020117135544955395,-0.11160740570241631,tavg_cwb
wheat,IN,IN-06-0009,2015,-0.1565445495957284,0.19134263574600144,tavg_cwb
wheat,IN,IN-06-0009,2016,0.5632262997882507,-0.42141254073274176,tavg_cwb
wheat,IN,IN-06-0009,2017,0.5049564662539293,-0.793120285312203,tavg_cwb
wheat,IN,IN-06-0010,2003,0.5055435348566774,-0.47851840510335464,tavg_cwb
wheat,IN,IN-06-0010,2004,0.5985654866574229,-0.5656280304632685,tavg_cwb
wheat,IN,IN-06-0010,2005,0.44432760014274947,-0.4505458471336119,tavg_cwb
wheat,IN,IN-06-0010,2006,0.2945015322523588,-0.4033735120789104,tavg_cwb
wheat,IN,IN-06-0010,2007,0.46527341400025374,-0.508191212527554,tavg_cwb
wheat,IN,IN-06-0010,2008,0.2522733914761798,-0.5616816013222979,tavg_cwb
wheat,IN,IN-06-0010,2009,0.811358226620628,-0.5829497754038819,tavg_cwb
wheat,IN,IN-06-0010,2010,0.7747312597918875,-0.6050007809908322,tavg_cwb
wheat,IN,IN-06-0010,2011,0.21828280589373592,-0.5594473257175743,tavg_cwb
wheat,IN,IN-06-0010,2012,0.09876623032863427,-0.44565522841656774,tavg_cwb
wheat,IN,IN-06-0010,2013,0.18782584457397436,-0.2871947217208639,tavg_cwb
wheat,IN,IN-06-0010,2014,0.19132135176709508,-0.049673105117961885,tavg_cwb
wheat,IN,IN-06-0010,2015,-0.04335560518195575,0.2969176266637623,tavg_cwb
wheat,IN,IN-06-0010,2016,0.6617556445036836,-0.4088727458131484,tavg_cwb
wheat,IN,IN-06-0010,2017,0.42506719703341084,-0.5903836986844114,tavg_cwb
wheat,IN,IN-06-0011,2003,0.26353642861820215,-0.21595593215134434,tavg_cwb
wheat,IN,IN-06-0011,2004,0.5001525718152386,-0.5318339714615402,tavg_cwb
wheat,IN,IN-06-0011,2005,0.34924339434131485,-0.3829632857656463,tavg_cwb
wheat,IN,IN-06-0011,2006,0.2595076274340391,-0.27966920185400085,tavg_cwb
wheat,IN,IN-06-0011,2007,0.4301739884714223,-0.5642269017955688,tavg_cwb
wheat,IN,IN-06-0011,2008,0.2661730223217801,-0.46788842091287336,tavg_cwb
wheat,IN,IN-06-0011,2009,0.7440485007768827,-0.6384098125673956,tavg_cwb
wheat,IN,IN-06-0011,2010,0.6323665922642518,-0.41116748785408036,tavg_cwb
wheat,IN,IN-06-0011,2011,0.27217187772075774,-0.6086301182262356,tavg_cwb
wheat,IN,IN-06-0011,2012,0.2109550634633097,-0.45425216889416425,tavg_cwb
wheat,IN,IN-06-0011,2013,0.20503549401159407,-0.27185638767395764,tavg_cwb
wheat,IN,IN-06-0011,2014,0.05032442198676286,-0.0777556605649179,tavg_cwb
wheat,IN,IN-06-0011,2015,-0.11588580004909307,0.1683493116775894,tavg_cwb
wheat,IN,IN-06-0011,2016,0.5649278468917814,-0.3270237513869167,tavg_cwb
wheat,IN,IN-06-0011,2017,0.5008485552125825,-0.7340971576237447,tavg_cwb
wheat,IN,IN-06-0012,2003,0.2845220329065657,-0.2901069272494247,tavg_cwb
wheat,IN,IN-06-0012,2004,0.4860486989253634,-0.5233225813043167,tavg_cwb
wheat,IN,IN-06-0012,2005,0.30995755936886166,-0.2608243175442226,tavg_cwb
wheat,IN,IN-06-0012,2006,0.2052542373813725,-0.28436019409311253,tavg_cwb
wheat,IN,IN-06-0012,2007,0.3532394622429361,-0.5164875287715042,tavg_cwb
wheat,IN,IN-06-0012,2008,0.21916044697493456,-0.43582644999760545,tavg_cwb
wheat,IN,IN-06-0012,2009,0.7208682243850563,-0.6390356809689625,tavg_cwb
wheat,IN,IN-06-0012,2010,0.6559349367858482,-0.4866045163586938,tavg_cwb
wheat,IN,IN-06-0012,2011,0.2792535188173246,-0.5624512228128495,tavg_cwb
wheat,IN,IN-06-0012,2012,0.08787974627888039,-0.38161390535490286,tavg_cwb
wheat,IN,IN-06-0012,2013,0.1788893776377631,-0.24647136019182192,tavg_cwb
wheat,IN,IN-06-0012,2014,0.1307347735416351,-0.19066640602549942,tavg_cwb
wheat,IN,IN-06-0012,2015,-0.06625696895728762,0.1004064759423242,tavg_cwb
wheat,IN,IN-06-0012,2016,0.600259413972216,-0.33095450310028646,tavg_cwb
wheat,IN,IN-06-0012,2017,0.48409289212732837,-0.6750812908638101,tavg_cwb
wheat,IN,IN-06-0013,2003,0.06308438503348084,-0.313985535874723,tavg_cwb
wheat,IN,IN-06-0013,2004,0.40502295363569063,-0.6272248729316029,tavg_cwb
wheat,IN,IN-06-0013,2005,0.07364295162873816,-0.468257362853578,tavg_cwb
wheat,IN,IN-06-0013,2006,0.10783607736838555,-0.3909239521084268,tavg_cwb
wheat,IN,IN-06-0013,2007,0.17448077989596453,-0.48896762727901527,tavg_cwb
wheat,IN,IN-06-0013,2008,-0.09333046237088224,-0.544421059435119,tavg_cwb
wheat,IN,IN-06-0013,2009,0.517723134070093,-0.5391606356455274,tavg_cwb
wheat,IN,IN-06-0013,2010,0.3447538200566236,-0.5200983080113092,tavg_cwb
wheat,IN,IN-06-0013,2011,-0.09961266524694434,-0.5163451318437332,tavg_cwb
wheat,IN,IN-06-0013,2012,-0.24288423724994346,-0.43300224426355965,tavg_cwb
wheat,IN,IN-06-0013,2013,-0.1986319990626963,-0.1824803908938549,tavg_cwb
wheat,IN,IN-06-0013,2014,-0.2824207675369667,0.12991654402050593,tavg_cwb
wheat,IN,IN-06-0013,2015,-0.42733291481329266,0.4204740847259346,tavg_cwb
wheat,IN,IN-06-0013,2016,0.35837459622867274,-0.4870757823815434,tavg_cwb
wheat,IN,IN-06-0013,2017,0.1565786604808764,-0.574270695213536,tavg_cwb
wheat,IN,IN-06-0014,2003,0.04894652878013148,-0.16414966200792025,tavg_cwb
wheat,IN,IN-06-0014,2004,0.41341139630653956,-0.5061336899347575,tavg_cwb
wheat,IN,IN-06-0014,2005,0.18873169859824734,-0.40152833508213115,tavg_cwb
wheat,IN,IN-06-0014,2006,0.12059713479310995,-0.27443018075072323,tavg_cwb
wheat,IN,IN-06-0014,2007,0.2539901218486495,-0.44899108364080453,tavg_cwb
wheat,IN,IN-06-0014,2008,0.01532158252147217,-0.47711143806909034,tavg_cwb
wheat,IN,IN-06-0014,2009,0.5449997232460616,-0.526858871394931,tavg_cwb
wheat,IN,IN-06-0014,2010,0.38300357814491615,-0.48827746679013556,tavg_cwb
wheat,IN,IN-06-0014,2011,0.03497386625497779,-0.49185140365021346,tavg_cwb
wheat,IN,IN-06-0014,2012,-0.21575824147555367,-0.3265450453601583,tavg_cwb
wheat,IN,IN-06-0014,2013,-0.11037184975671666,-0.14432981750839338,tavg_cwb
wheat,IN,IN-06-0014,2014,-0.3317522583865391,0.30324522376051727,tavg_cwb
wheat,IN,IN-06-0014,2015,-0.31156775839997636,0.49397297474459756,tavg_cwb
wheat,IN,IN-06-0014,2016,0.5001229279293685,-0.4051245422367047,tavg_cwb
wheat,IN,IN-06-0014,2017,0.15986428202165018,-0.4797438363675911,tavg_cwb
wheat,IN,IN-06-0015,2003,-0.24510021623705053,-0.18133653655053697,tavg_cwb
wheat,IN,IN-06-0015,2004,-0.047300326611598116,-0.4151159131667111,tavg_cwb
wheat,IN,IN-06-0015,2005,-0.07800184096023192,-0.34152519015015276,tavg_cwb
wheat,IN,IN-06-0015,2006,0.021749209446766837,-0.2656996632242339,tavg_cwb
wheat,IN,IN-06-0015,2007,-0.005128030234956967,-0.2815111171542727,tavg_cwb
wheat,IN,IN-06-0015,2008,-0.07800002587332384,-0.5213458030985175,tavg_cwb
wheat,IN,IN-06-0015,2009,0.13972157696909776,-0.3741238662633804,tavg_cwb
wheat,IN,IN-06-0015,2010,0.19317543256383968,-0.339951816107516,tavg_cwb
wheat,IN,IN-06-0015,2011,-0.2955175448818243,-0.41107682950757185,tavg_cwb
wheat,IN,IN-06-0015,2012,-0.3966209484763422,-0.3988302482651961,tavg_cwb
wheat,IN,IN-06-0015,2013,-0.43621688024789484,-0.09312406827865341,tavg_cwb
wheat,IN,IN-06-0015,2014,-0.5970248071535914,0.1749583948989539,tavg_cwb
wheat,IN,IN-06-0015,2015,-0.6343596700412336,0.6789584374008444,tavg_cwb
wheat,IN,IN-06-0015,2016,0.17365088305036203,-0.363327432456683,tavg_cwb
wheat,IN,IN-06-0015,2017,0.005301572566853063,-0.4555020398488134,tavg_cwb
wheat,IN,IN-06-0016,2003,-0.1368841677175281,-0.17974809560412747,tavg_cwb
wheat,IN,IN-06-0016,2004,0.10978580240870049,-0.4146914446048324,tavg_cwb
wheat,IN,IN-06-0016,2005,0.06716264600760334,-0.3827426638865294,tavg_cwb
wheat,IN,IN-06-0016,2006,0.14009412355644946,-0.2877819769239253,tavg_cwb
wheat,IN,IN-06-0016,2007,0.11897275133786468,-0.30223048883105175,tavg_cwb
wheat,IN,IN-06-0016,2008,0.039202064143483796,-0.5527266312318968,tavg_cwb
wheat,IN,IN-06-0016,2009,0.2869608784343368,-0.43428096670945754,tavg_cwb
wheat,IN,IN-06-0016,2010,0.36735173922856784,-0.4529599383868435,tavg_cwb
wheat,IN,IN-06-0016,2011,-0.13205195260343752,-0.4508939703083194,tavg_cwb
wheat,IN,IN-06-0016,2012,-0.28241681481274516,-0.36760527968188184,tavg_cwb
wheat,IN,IN-06-0016,2013,-0.2878715291068013,-0.15644490612574102,tavg_cwb
wheat,IN,IN-06-0016,2014,-0.4976225937612395,0.28713084469708183,tavg_cwb
wheat,IN,IN-06-0016,2015,-0.5525825177157845,0.7667139964089381,tavg_cwb
wheat,IN,IN-06-0016,2016,0.3296802911628614,-0.3691605590218991,tavg_cwb
wheat,IN,IN-06-0016,2017,0.09865527354687646,-0.490780510181005,tavg_cwb
wheat,IN,IN-06-0017,2003,-0.14610194726577455,-0.09489978536860445,tavg_cwb
wheat,IN,IN-06-0017,2004,0.05776514727544567,-0.3363442966186822,tavg_cwb
wheat,IN,IN-06-0017,2005,0.08877401606204613,-0.3669155182688277,tavg_cwb
wheat,IN,IN-06-0017,2006,0.1403407301386677,-0.279805586477037,tavg_cwb
wheat,IN,IN-06-0017,2007,0.17309288145987928,-0.37993171699848566,tavg_cwb
wheat,IN,IN-06-0017,2008,0.016115954607467613,-0.4925414610974372,tavg_cwb
wheat,IN,IN-06-0017,2009,0.2941301124750264,-0.46885098017223387,tavg_cwb
wheat,IN,IN-06-0017,2010,0.3053578488610667,-0.4697522687437432,tavg_cwb
wheat,IN,IN-06-0017,2011,-0.03542906100608103,-0.49054715622567735,tavg_cwb
wheat,IN,IN-06-0017,2012,-0.2861468976467044,-0.3695125597203852,tavg_cwb
wheat,IN,IN-06-0017,2013,-0.2850103471147964,-0.12341315865708653,tavg_cwb
wheat,IN,IN-06-0017,2014,-0.5447419670543746,0.3433762696903839,tavg_cwb
wheat,IN,IN-06-0017,2015,-0.5633666154984636,0.603203795528905,tavg_cwb
wheat,IN,IN-06-0017,2016,0.3168228102656762,-0.31505500859902413,tavg_cwb
wheat,IN,IN-06-0017,2017,0.011338551614489179,-0.4630742283378969,tavg_cwb
wheat,IN,IN-06-0018,2003,-0.2913117666778872,-0.11487846655740583,tavg_cwb
wheat,IN,IN-06-0018,2004,-0.031476377961657975,-0.4316800373053475,tavg_cwb
wheat,IN,IN-06-0018,2005,-0.00616476016262836,-0.20252877810441686,tavg_cwb
wheat,IN,IN-06-0018,2006,0.19802003648638536,-0.47202312118355094,tavg_cwb
wheat,IN,IN-06-0018,2007,0.08517959946313915,-0.2615444893785492,tavg_cwb
wheat,IN,IN-06-0018,2008,-0.077612377931012,-0.4490718505754966,tavg_cwb
wheat,IN,IN-06-0018,2009,0.2589276463821805,-0.5572344395673374,tavg_cwb
wheat,IN,IN-06-0018,2010,0.20514802729893364,-0.5198506076764654,tavg_cwb
wheat,IN,IN-06-0018,2011,-0.07552852623356476,-0.5382250853186883,tavg_cwb
wheat,IN,IN-06-0018,2012,-0.3208696275397925,-0.34839250119409637,tavg_cwb
wheat,IN,IN-06-0018,2013,-0.3131902236192518,-0.22915625571381473,tavg_cwb
wheat,IN,IN-06-0018,2014,-0.5584207775196602,0.21172955617761097,tavg_cwb
wheat,IN,IN-06-0018,2015,-0.6027747797858778,0.5288003500411885,tavg_cwb
wheat,IN,IN-06-0018,2016,0.2265611259991202,-0.2762777243817837,tavg_cwb
wheat,IN,IN-06-0018,2017,-0.037063908780894626,-0.5281282781809773,tavg_cwb
wheat,IN,IN-06-0019,2003,-0.3032707453200578,-0.034238843716486264,tavg_cwb
wheat,IN,IN-06-0019,2004,0.04975123913178953,-0.44635175680624023,tavg_cwb
wheat,IN,IN-06-0019,2005,0.011007184811332024,-0.08523751737298486,tavg_cwb
wheat,IN,IN-06-0019,2006,0.22966334553872783,-0.3761401993612146,tavg_cwb
wheat,IN,IN-06-0019,2007,0.09263839530768886,-0.2027960216383222,tavg_cwb
wheat,IN,IN-06-0019,2008,-0.0977898299850463,-0.34996703575945876,tavg_cwb
wheat,IN,IN-06-0019,2009,0.35266462320405484,-0.5450099254233371,tavg_cwb
wheat,IN,IN-06-0019,2010,0.28483814375195365,-0.49473285807545075,tavg_cwb
wheat,IN,IN-06-0019,2011,-0.02539393431123012,-0.46742724999877233,tavg_cwb
wheat,IN,IN-06-0019,2012,-0.19362555275802834,-0.3801488523697826,tavg_cwb
wheat,IN,IN-06-0019,2013,-0.19180756304810812,-0.2337285584969911,tavg_cwb
wheat,IN,IN-06-0019,2014,-0.523142000795005,0.22029391960655276,tavg_cwb
wheat,IN,IN-06-0019,2015,-0.5381815489741348,0.39094227818119004,tavg_cwb
wheat,IN,IN-06-0019,2016,0.14148407223198992,-0.12377210866279972,tavg_cwb
wheat,IN,IN-06-0019,2017,-0.009923716725119415,-0.4739114413084014,tavg_cwb
wheat,IN,IN-06-0020,2003,-0.23141241899695295,-0.08168922548851848,tavg_cwb
wheat,IN,IN-06-0020,2004,0.0013270994585324316,-0.3726392115329333,tavg_cwb
wheat,IN,IN-06-0020,2005,-0.003865429313497077,-0.22964213544321074,tavg_cwb
wheat,IN,IN-06-0020,2006,0.1461213465119616,-0.36491255724245425,tavg_cwb
wheat,IN,IN-06-0020,2007,0.13683785764801285,-0.3041041195924758,tavg_cwb
wheat,IN,IN-06-0020,2008,0.020452443295723464,-0.46937161739266964,tavg_cwb
wheat,IN,IN-06-0020,2009,0.2793169613535067,-0.5145233552757966,tavg_cwb
wheat,IN,IN-06-0020,2010,0.3132893757487809,-0.5045229201733747,tavg_cwb
wheat,IN,IN-06-0020,2011,-0.04757690047880721,-0.5112514101113034,tavg_cwb
wheat,IN,IN-06-0020,2012,-0.2707641837654065,-0.38074059197569365,tavg_cwb
wheat,IN,IN-06-0020,2013,-0.3118031285339382,-0.13712997654017148,tavg_cwb
wheat,IN,IN-06-0020,2014,-0.5440765667049876,0.2495421638462053,tavg_cwb
wheat,IN,IN-06-0020,2015,-0.5786639552323734,0.5363403167697277,tavg_cwb
wheat,IN,IN-06-0020,2016,0.3136755354879217,-0.2887403473487934,tavg_cwb
wheat,IN,IN-06-0020,2017,0.00888133990190777,-0.5007721262185388,tavg_cwb
wheat,IN,IN-06-0021,2003,-0.20026219364448414,-0.039420027730059114,tavg_cwb
wheat,IN,IN-06-0021,2004,0.17150008764714583,-0.45079468055740235,tavg_cwb
wheat,IN,IN-06-0021,2005,-0.05387808811412948,-0.08670657653636464,tavg_cwb
wheat,IN,IN-06-0021,2006,0.07908387766358117,-0.24952021299732538,tavg_cwb
wheat,IN,IN-06-0021,2007,0.09520368699293075,-0.29299739541939473,tavg_cwb
wheat,IN,IN-06-0021,2008,-0.1053332594282689,-0.3309994259405962,tavg_cwb
wheat,IN,IN-06-0021,2009,0.398283656171266,-0.537246793365827,tavg_cwb
wheat,IN,IN-06-0021,2010,0.3318045342469769,-0.5061909245916034,tavg_cwb
wheat,IN,IN-06-0021,2011,-0.017987180244686717,-0.45645690293199764,tavg_cwb
wheat,IN,IN-06-0021,2012,-0.13642690762104473,-0.3719845624090014,tavg_cwb
wheat,IN,IN-06-0021,2013,-0.11947827839448616,-0.15328513369940813,tavg_cwb
wheat,IN,IN-06-0021,2014,-0.4337825881781749,0.1084792250209665,tavg_cwb
wheat,IN,IN-06-0021,2015,-0.47330017064461016,0.3437570917261987,tavg_cwb
wheat,IN,IN-06-0021,2016,0.17469618876315943,-0.15349293017713983,tavg_cwb
wheat,IN,IN-06-0021,2017,0.06751696609727478,-0.49818905335156627,tavg_cwb
wheat,IN,IN-06-0022,2003,-0.43721874102452046,-0.22451631195447383,tavg_cwb
wheat,IN,IN-06-0022,2004,-0.38825461714956716,-0.2002056098767226,tavg_cwb
wheat,IN,IN-06-0022,2005,-0.3831295671383231,-0.25058097893868736,tavg_cwb
wheat,IN,IN-06-0022,2006,-0.15098691961413216,-0.31593801776473684,tavg_cwb
wheat,IN,IN-06-0022,2007,-0.28384325194751336,-0.1948061369226437,tavg_cwb
wheat,IN,IN-06-0022,2008,-0.42330099741047233,-0.4090331679772328,tavg_cwb
wheat,IN,IN-06-0022,2009,-0.11377424057585935,-0.37256104488928304,tavg_cwb
wheat,IN,IN-06-0022,2010,0.01061783397963314,-0.3452232948038129,tavg_cwb
wheat,IN,IN-06-0022,2011,-0.6295443677175707,-0.27347763450417545,tavg_cwb
wheat,IN,IN-06-0022,2012,-0.731574389500074,-0.21957115300803232,tavg_cwb
wheat,IN,IN-06-0022,2013,-0.6161058134415823,-0.06635015864160447,tavg_cwb
wheat,IN,IN-06-0022,2014,-0.9037691778689025,0.47095345413987605,tavg_cwb
wheat,IN,IN-06-0022,2015,-0.8408873103798998,0.5686669186889987,tavg_cwb
wheat,IN,IN-06-0022,2016,-0.020748522055157526,-0.3283973342907338,tavg_cwb
wheat,IN,IN-06-0022,2017,-0.10564716221644732,-0.37362219260712,tavg_cwb
wheat,IN,IN-06-0023,2003,-0.1509269635440814,-0.3638382159426444,tavg_cwb
wheat,IN,IN-06-0023,2004,-0.057589396309759344,-0.4835532020551598,tavg_cwb
wheat,IN,IN-06-0023,2005,-0.2603237330837898,-0.3660271164815689,tavg_cwb
wheat,IN,IN-06-0023,2006,-0.010198035508927101,-0.372979662796321,tavg_cwb
wheat,IN,IN-06-0023,2007,-0.06764930480368005,-0.3348854332559228,tavg_cwb
wheat,IN,IN-06-0023,2008,-0.2299176714313907,-0.5150209372841625,tavg_cwb
wheat,IN,IN-06-0023,2009,0.1565440695229777,-0.448119402202038,tavg_cwb
wheat,IN,IN-06-0023,2010,0.23975494469687955,-0.4283313344268306,tavg_cwb
wheat,IN,IN-06-0023,2011,-0.36849929412560206,-0.4382678307938726,tavg_cwb
wheat,IN,IN-06-0023,2012,-0.46660127487506886,-0.4070564584691815,tavg_cwb
wheat,IN,IN-06-0023,2013,-0.45993271483969234,-0.1379485963069368,tavg_cwb
wheat,IN,IN-06-0023,2014,-0.7589284280160974,0.2808009098943174,tavg_cwb
wheat,IN,IN-06-0023,2015,-0.7167840499449292,0.5008641249937802,tavg_cwb
wheat,IN,IN-06-0023,2016,0.06042303277354816,-0.4508782896058643,tavg_cwb
wheat,IN,IN-06-0023,2017,0.0427251703546952,-0.5066614674840555,tavg_cwb
wheat,IN,IN-06-0024,2003,0.39329488981156996,-0.5747359893975129,tavg_cwb
wheat,IN,IN-06-0024,2004,0.3795940466343265,-0.7245534947773963,tavg_cwb
wheat,IN,IN-06-0024,2005,-0.009988851875001988,-0.5665719383246912,tavg_cwb
wheat,IN,IN-06-0024,2006,0.06407022950670356,-0.5030571771706289,tavg_cwb
wheat,IN,IN-06-0024,2007,0.159814362126932,-0.51396402951457,tavg_cwb
wheat,IN,IN-06-0024,2008,-0.18203615613539678,-0.5922254206112326,tavg_cwb
wheat,IN,IN-06-0024,2009,0.46595701602646283,-0.5628913364367312,tavg_cwb
wheat,IN,IN-06-0024,2010,0.4856366420274296,-0.5853278064806812,tavg_cwb
wheat,IN,IN-06-0024,2011,-0.012245893534833059,-0.5949347238538609,tavg_cwb
wheat,IN,IN-06-0024,2012,-0.15232012053350355,-0.5650826457753784,tavg_cwb
wheat,IN,IN-06-0024,2013,-0.17570980307642445,-0.2641963370675748,tavg_cwb
wheat,IN,IN-06-0024,2014,-0.3466132622575651,0.0724989796144733,tavg_cwb
wheat,IN,IN-06-0024,2015,-0.3479752580942654,0.2229498716765364,tavg_cwb
wheat,IN,IN-06-0024,2016,0.2818773683195577,-0.5624330334242671,tavg_cwb
wheat,IN,IN-06-0024,2017,0.21594316423430523,-0.6450826662532232,tavg_cwb
wheat,IN,IN-06-0025,2003,-0.4853040235344134,-0.16982990918118804,tavg_cwb
wheat,IN,IN-06-0025,2004,-0.413270993476017,-0.2020180566222997,tavg_cwb
wheat,IN,IN-06-0025,2005,-0.35993048086356433,-0.23154372605057089,tavg_cwb
wheat,IN,IN-06-0025,2006,-0.1999958268527056,-0.27373801292797856,tavg_cwb
wheat,IN,IN-06-0025,2007,-0.3043584410100238,-0.15959486360912853,tavg_cwb
wheat,IN,IN-06-0025,2008,-0.4279982909868918,-0.37066590645742353,tavg_cwb
wheat,IN,IN-06-0025,2009,-0.1873894870446887,-0.2837447277366235,tavg_cwb
wheat,IN,IN-06-0025,2010,-0.10881833134065799,-0.24127403198223116,tavg_cwb
wheat,IN,IN-06-0025,2011,-0.6145610812997614,-0.26463226217490143,tavg_cwb
wheat,IN,IN-06-0025,2012,-0.7314270893389817,-0.19665715133217807,tavg_cwb
wheat,IN,IN-06-0025,2013,-0.711061379170795,0.048610134488857135,tavg_cwb
wheat,IN,IN-06-0025,2014,-0.8603522211895465,0.36198682305912555,tavg_cwb
wheat,IN,IN-06-0025,2015,-0.8396757899754439,0.5967081551050017,tavg_cwb
wheat,IN,IN-06-0025,2016,-0.018557462008680702,-0.2847032060123113,tavg_cwb
wheat,IN,IN-06-0025,2017,-0.14373136020542107,-0.3480414371153834,tavg_cwb
wheat,IN,IN-06-0026,2003,-0.6885410317950259,-0.11631207964817494,tavg_cwb
wheat,IN,IN-06-0026,2004,-0.5806149896261288,-0.11147952472248952,tavg_cwb
wheat,IN,IN-06-0026,2005,-0.4893910678750617,-0.17102744654543842,tavg_cwb
wheat,IN,IN-06-0026,2006,-0.3301053006282244,-0.29131383539011146,tavg_cwb
wheat,IN,IN-06-0026,2007,-0.5403015943361044,-0.08298562322125858,tavg_cwb
wheat,IN,IN-06-0026,2008,-0.7126681686017684,-0.3462959261810755,tavg_cwb
wheat,IN,IN-06-0026,2009,-0.34238093002912645,-0.28357037976091815,tavg_cwb
wheat,IN,IN-06-0026,2010,-0.15873961065945175,-0.2760455194445473,tavg_cwb
wheat,IN,IN-06-0026,2011,-0.8424097814631928,-0.1598387268687825,tavg_cwb
wheat,IN,IN-06-0026,2012,-0.9383331555959449,-0.1629179662538816,tavg_cwb
wheat,IN,IN-06-0026,2013,-0.8363520250460706,0.012943002194329686,tavg_cwb
wheat,IN,IN-06-0026,2014,-1.0364807170550712,0.45386546109257725,tavg_cwb
wheat,IN,IN-06-0026,2015,-0.9139862478986298,0.44987759369220337,tavg_cwb
wheat,IN,IN-06-0026,2016,-0.26391189709093515,-0.26077383821004113,tavg_cwb
wheat,IN,IN-06-0026,2017,-0.4875512070352643,-0.14991520736699515,tavg_cwb
wheat,IN,IN-06-0027,2003,-0.8847653150582675,-0.05911537759012683,tavg_cwb
wheat,IN,IN-06-0027,2004,-0.7782266235662176,-0.01874584856819683,tavg_cwb
wheat,IN,IN-06-0027,2005,-0.5901604602350276,-0.11794424478672301,tavg_cwb
wheat,IN,IN-06-0027,2006,-0.49254511502903203,-0.24124782901014583,tavg_cwb
wheat,IN,IN-06-0027,2007,-0.6940104262001888,-0.026286104933759966,tavg_cwb
wheat,IN,IN-06-0027,2008,-0.8659747260735929,-0.2711783070655451,tavg_cwb
wheat,IN,IN-06-0027,2009,-0.5405663785416426,-0.229254541946839,tavg_cwb
wheat,IN,IN-06-0027,2010,-0.5033622414249336,-0.15916617136162506,tavg_cwb
wheat,IN,IN-06-0027,2011,-1.0252652485099647,-0.08399754551588187,tavg_cwb
wheat,IN,IN-06-0027,2012,-1.0683817007756373,-0.10264815265031087,tavg_cwb
wheat,IN,IN-06-0027,2013,-1.0468284838067075,0.1628756565563346,tavg_cwb
wheat,IN,IN-06-0027,2014,-1.1677178666773251,0.5455019777083612,tavg_cwb
wheat,IN,IN-06-0027,2015,-1.0625343170370867,0.5476141988035695,tavg_cwb
wheat,IN,IN-06-0027,2016,-0.34158284625676294,-0.17469082689126283,tavg_cwb
wheat,IN,IN-06-0027,2017,-0.6285938876658994,-0.12282727904658969,tavg_cwb
wheat,IN,IN-06-0028,2003,0.5994201985788523,-0.827193121875566,tavg_cwb
wheat,IN,IN-06-0028,2004,0.46883317623802856,-0.861013505100604,tavg_cwb
wheat,IN,IN-06-0028,2005,0.14897676611870134,-0.7723672052467448,tavg_cwb
wheat,IN,IN-06-0028,2006,0.3740384094093254,-0.716295419415857,tavg_cwb
wheat,IN,IN-06-0028,2007,0.3597618918489471,-0.6901047370824394,tavg_cwb
wheat,IN,IN-06-0028,2008,0.036447339827349844,-0.719572722753396,tavg_cwb
wheat,IN,IN-06-0028,2009,0.8168341445254035,-0.7867159559879633,tavg_cwb
wheat,IN,IN-06-0028,2010,0.567418096524558,-0.6892724060760815,tavg_cwb
wheat,IN,IN-06-0028,2011,0.10157303642779796,-0.7195935310285515,tavg_cwb
wheat,IN,IN-06-0028,2012,0.12437671709526263,-0.7910942325206224,tavg_cwb
wheat,IN,IN-06-0028,2013,0.14729237750224825,-0.5912439124291737,tavg_cwb
wheat,IN,IN-06-0028,2014,-0.018317512511493203,-0.3429464104219697,tavg_cwb
wheat,IN,IN-06-0028,2015,-0.10376105119046242,-0.034390902227239985,tavg_cwb
wheat,IN,IN-06-0028,2016,0.43002025846682,-0.6956570785040228,tavg_cwb
wheat,IN,IN-06-0028,2017,0.5005509154906485,-0.8563602282951076,tavg_cwb
wheat,IN,IN-06-0029,2003,0.6568152454690936,-0.8447056664682504,tavg_cwb
wheat,IN,IN-06-0029,2004,0.5611283591999064,-0.930591356329975,tavg_cwb
wheat,IN,IN-06-0029,2005,0.07944702141366564,-0.7666070543135514,tavg_cwb
wheat,IN,IN-06-0029,2006,0.4631713435686646,-0.8211728789532384,tavg_cwb
wheat,IN,IN-06-0029,2007,0.4077785865745353,-0.6977554274157939,tavg_cwb
wheat,IN,IN-06-0029,2008,0.019743854193900626,-0.7500388327275614,tavg_cwb
wheat,IN,IN-06-0029,2009,0.8301420181600119,-0.7910558785023338,tavg_cwb
wheat,IN,IN-06-0029,2010,0.8202378835127446,-0.8170331968388694,tavg_cwb
wheat,IN,IN-06-0029,2011,0.3132521072059786,-0.7953007133391997,tavg_cwb
wheat,IN,IN-06-0029,2012,0.08501474165516425,-0.7846616285931834,tavg_cwb
wheat,IN,IN-06-0029,2013,0.16444275138474232,-0.6668329676584793,tavg_cwb
wheat,IN,IN-06-0029,2014,0.0045785364230580446,-0.3459434749492783,tavg_cwb
wheat,IN,IN-06-0029,2015,-0.00755105019155477,-0.267004720920756,tavg_cwb
wheat,IN,IN-06-0029,2016,0.4455918459240045,-0.7275774125738421,tavg_cwb
wheat,IN,IN-06-0029,2017,0.5158113921062757,-0.8532531487923686,tavg_cwb
wheat,IN,IN-06-0030,2003,0.6254469127219887,-0.8211288037136931,tavg_cwb
wheat,IN,IN-06-0030,2004,0.5170222265660827,-0.8847022511555516,tavg_cwb
wheat,IN,IN-06-0030,2005,0.11271186115282407,-0.7503661698627491,tavg_cwb
wheat,IN,IN-06-0030,2006,0.36527034758093446,-0.7523612588113762,tavg_cwb
wheat,IN,IN-06-0030,2007,0.3765409663288538,-0.668421660295799,tavg_cwb
wheat,IN,IN-06-0030,2008,-0.04889621468240603,-0.6972366957503552,tavg_cwb
wheat,IN,IN-06-0030,2009,0.8246874635263391,-0.7627403373152112,tavg_cwb
wheat,IN,IN-06-0030,2010,0.750653483503468,-0.7608304856104695,tavg_cwb
wheat,IN,IN-06-0030,2011,0.21723443828002367,-0.7464483959060073,tavg_cwb
wheat,IN,IN-06-0030,2012,0.08569231258108836,-0.7652617423864583,tavg_cwb
wheat,IN,IN-06-0030,2013,0.0706641293166453,-0.5209342307169021,tavg_cwb
wheat,IN,IN-06-0030,2014,0.037795517405045616,-0.3358977107356272,tavg_cwb
wheat,IN,IN-06-0030,2015,-0.05857961019835819,-0.07991550025323184,tavg_cwb
wheat,IN,IN-06-0030,2016,0.4379438307878715,-0.6874723349891941,tavg_cwb
wheat,IN,IN-06-0030,2017,0.4862958967172458,-0.8384054939649891,tavg_cwb
wheat,IN,IN-06-0031,2003,0.6549665972342453,-0.7883402158938282,tavg_cwb
wheat,IN,IN-06-0031,2004,0.6952153772741195,-0.9469941262475112,tavg_cwb
wheat,IN,IN-06-0031,2005,0.05197830793331164,-0.7018185115355078,tavg_cwb
wheat,IN,IN-06-0031,2006,0.5836349178687816,-0.818365625234405,tavg_cwb
wheat,IN,IN-06-0031,2007,0.35580036023063416,-0.6458415760356119,tavg_cwb
wheat,IN,IN-06-0031,2008,0.03210818979071602,-0.7120493666411606,tavg_cwb
wheat,IN,IN-06-0031,2009,0.8408843133778671,-0.7496762856289289,tavg_cwb
wheat,IN,IN-06-0031,2010,0.9439559323388699,-0.869706498500473,tavg_cwb
wheat,IN,IN-06-0031,2011,0.3704321575873864,-0.7707440241054843,tavg_cwb
wheat,IN,IN-06-0031,2012,0.07446437546630595,-0.7338971238442639,tavg_cwb
wheat,IN,IN-06-0031,2013,0.10045764812147462,-0.5978176219649366,tavg_cwb
wheat,IN,IN-06-0031,2014,-0.1080556258001199,-0.2124666975860138,tavg_cwb
wheat,IN,IN-06-0031,2015,-0.003520303463007937,-0.2043568535093801,tavg_cwb
wheat,IN,IN-06-0031,2016,0.48614473259989555,-0.7091505720401927,tavg_cwb
wheat,IN,IN-06-0031,2017,0.5317646404886854,-0.7951009558147779,tavg_cwb
wheat,IN,IN-06-0032,2003,0.7426956396229952,-0.7649312945540785,tavg_cwb
wheat,IN,IN-06-0032,2004,0.5962003417896176,-0.7826183284392026,tavg_cwb
wheat,IN,IN-06-0032,2005,0.3682072562059197,-0.7378221318023742,tavg_cwb
wheat,IN,IN-06-0032,2006,0.3861892757503724,-0.5402643476627245,tavg_cwb
wheat,IN,IN-06-0032,2007,0.5116327133050469,-0.6518556592943983,tavg_cwb
wheat,IN,IN-06-0032,2008,0.2024746163872445,-0.667264187049612,tavg_cwb
wheat,IN,IN-06-0032,2009,0.9472280292058484,-0.7266466955690528,tavg_cwb
wheat,IN,IN-06-0032,2010,0.6360610773634157,-0.5912897063983706,tavg_cwb
wheat,IN,IN-06-0032,2011,0.2413039063116121,-0.6788162478086979,tavg_cwb
wheat,IN,IN-06-0032,2012,0.2367579051159734,-0.7090784159815582,tavg_cwb
wheat,IN,IN-06-0032,2013,0.1927302498424398,-0.4622910114886317,tavg_cwb
wheat,IN,IN-06-0032,2014,0.19189547675009777,-0.26542518131724147,tavg_cwb
wheat,IN,IN-06-0032,2015,-0.022574272334555015,0.12208732696818486,tavg_cwb
wheat,IN,IN-06-0032,2016,0.7001444135456732,-0.6943392210772876,tavg_cwb
wheat,IN,IN-06-0032,2017,0.515826857910983,-0.7570341074889819,tavg_cwb
wheat,IN,IN-06-0033,2003,0.7793263710834892,-0.8439838284705699,tavg_cwb
wheat,IN,IN-06-0033,2004,0.6321232121226448,-0.8531020525769851,tavg_cwb
wheat,IN,IN-06-0033,2005,0.2928359352851549,-0.7551689067631249,tavg_cwb
wheat,IN,IN-06-0033,2006,0.5160412992672239,-0.7735403119894763,tavg_cwb
wheat,IN,IN-06-0033,2007,0.5341069257079202,-0.7157572491430956,tavg_cwb
wheat,IN,IN-06-0033,2008,0.26473388579139745,-0.7407161249376768,tavg_cwb
wheat,IN,IN-06-0033,2009,1.035236043383016,-0.8133704051368918,tavg_cwb
wheat,IN,IN-06-0033,2010,0.872762718193405,-0.7560918146336559,tavg_cwb
wheat,IN,IN-06-0033,2011,0.33226285672405553,-0.7404605733083808,tavg_cwb
wheat,IN,IN-06-0033,2012,0.3093184778653342,-0.8199939192704033,tavg_cwb
wheat,IN,IN-06-0033,2013,0.4278139944881816,-0.694544400348622,tavg_cwb
wheat,IN,IN-06-0033,2014,0.16247557022789103,-0.42267147429418095,tavg_cwb
wheat,IN,IN-06-0033,2015,0.21893449274331853,-0.32879884246610247,tavg_cwb
wheat,IN,IN-06-0033,2016,0.7452365423677642,-0.7583882299691311,tavg_cwb
wheat,IN,IN-06-0033,2017,0.6295232154765662,-0.8150679194910114,tavg_cwb
wheat,IN,IN-06-0034,2003,0.6748214363249546,-0.8007470046259345,tavg_cwb
wheat,IN,IN-06-0034,2004,0.4914341360653683,-0.8235535678093334,tavg_cwb
wheat,IN,IN-06-0034,2005,0.17576890588200228,-0.7445808014486103,tavg_cwb
wheat,IN,IN-06-0034,2006,0.4634258738462343,-0.7867716068063797,tavg_cwb
wheat,IN,IN-06-0034,2007,0.5505055573548054,-0.7191417246848444,tavg_cwb
wheat,IN,IN-06-0034,2008,0.13348601519706962,-0.7350462096752888,tavg_cwb
wheat,IN,IN-06-0034,2009,0.917921337569792,-0.7854829343194201,tavg_cwb
wheat,IN,IN-06-0034,2010,0.7104985620164436,-0.7117154380215419,tavg_cwb
wheat,IN,IN-06-0034,2011,0.2778278291507413,-0.7163913775770729,tavg_cwb
wheat,IN,IN-06-0034,2012,0.2183961995017535,-0.7926951625213438,tavg_cwb
wheat,IN,IN-06-0034,2013,0.4275235051090796,-0.726009415869233,tavg_cwb
wheat,IN,IN-06-0034,2014,0.1734608940643505,-0.4445158965142939,tavg_cwb
wheat,IN,IN-06-0034,2015,0.19170503502486913,-0.37489402220542334,tavg_cwb
wheat,IN,IN-06-0034,2016,0.5065161425715546,-0.7022936644477696,tavg_cwb
wheat,IN,IN-06-0034,2017,0.549051269364944,-0.804106340586693,tavg_cwb
wheat,IN,IN-06-0035,2003,1.2647552550584422,-0.8070317727400023,tavg_cwb
wheat,IN,IN-06-0035,2004,1.0776200521223605,-0.7603403604707029,tavg_cwb
wheat,IN,IN-06-0035,2005,0.8782867450056848,-0.759542999766888,tavg_cwb
wheat,IN,IN-06-0035,2006,1.075455751536211,-0.6724731919310725,tavg_cwb
wheat,IN,IN-06-0035,2007,1.083800177537933,-0.7174183347335201,tavg_cwb
wheat,IN,IN-06-0035,2008,0.7971713784967341,-0.700640660404597,tavg_cwb
wheat,IN,IN-06-0035,2009,1.4821258941335558,-0.7524148482051969,tavg_cwb
wheat,IN,IN-06-0035,2010,1.209388257096783,-0.6941524884830252,tavg_cwb
wheat,IN,IN-06-0035,2011,0.8488520838472072,-0.72115222798379,tavg_cwb
wheat,IN,IN-06-0035,2012,0.8312304881073673,-0.7920997490671066,tavg_cwb
wheat,IN,IN-06-0035,2013,0.9444747912811429,-0.6938999083843006,tavg_cwb
wheat,IN,IN-06-0035,2014,0.8396028405681928,-0.43388380202955007,tavg_cwb
wheat,IN,IN-06-0035,2015,0.7132272348606252,-0.21646260542137488,tavg_cwb
wheat,IN,IN-06-0035,2016,1.3156931165948427,-0.7587396134594178,tavg_cwb
wheat,IN,IN-06-0035,2017,1.111621360457022,-0.8181072449839655,tavg_cwb
wheat,IN,IN-06-0036,2003,1.0042258103649897,-0.6649259445018729,tavg_cwb
wheat,IN,IN-06-0036,2004,0.9781424109012755,-0.7235359733011115,tavg_cwb
wheat,IN,IN-06-0036,2005,0.8601307643963523,-0.758170792664034,tavg_cwb
wheat,IN,IN-06-0036,2006,0.7725316254334438,-0.420603619185295,tavg_cwb
wheat,IN,IN-06-0036,2007,0.9600976751838578,-0.7056416363026197,tavg_cwb
wheat,IN,IN-06-0036,2008,0.6283067475742388,-0.6483382005020865,tavg_cwb
wheat,IN,IN-06-0036,2009,1.4156902912045481,-0.7631018470084697,tavg_cwb
wheat,IN,IN-06-0036,2010,1.0569357248023892,-0.6444008124358986,tavg_cwb
wheat,IN,IN-06-0036,2011,0.6331227412285603,-0.6951184560326943,tavg_cwb
wheat,IN,IN-06-0036,2012,0.6628638573917695,-0.7427721214384431,tavg_cwb
wheat,IN,IN-06-0036,2013,0.797861462784838,-0.6021698466107502,tavg_cwb
wheat,IN,IN-06-0036,2014,0.6375535662304171,-0.30150291290403536,tavg_cwb
wheat,IN,IN-06-0036,2015,0.4414473021862072,0.06344506416129991,tavg_cwb
wheat,IN,IN-06-0036,2016,1.3110140275357183,-0.7741373970354877,tavg_cwb
wheat,IN,IN-06-0036,2017,0.8820842265559594,-0.7654048695548776,tavg_cwb
wheat,IN,IN-06-0037,2003,0.6315361055625024,-0.6669872648914825,tavg_cwb
wheat,IN,IN-06-0037,2004,0.6227286462692676,-0.75814041747648,tavg_cwb
wheat,IN,IN-06-0037,2005,0.3374099115565087,-0.6823731688139177,tavg_cwb
wheat,IN,IN-06-0037,2006,0.2812319769815151,-0.43050145238962634,tavg_cwb
wheat,IN,IN-06-0037,2007,0.4315500699966543,-0.6012244583122658,tavg_cwb
wheat,IN,IN-06-0037,2008,0.14573363695474736,-0.6445311725139761,tavg_cwb
wheat,IN,IN-06-0037,2009,0.8793786214159532,-0.6861568586088709,tavg_cwb
wheat,IN,IN-06-0037,2010,0.5599637402959413,-0.5457844858013225,tavg_cwb
wheat,IN,IN-06-0037,2011,0.17755552222531623,-0.6400085278063653,tavg_cwb
wheat,IN,IN-06-0037,2012,0.19237527521368641,-0.6513356349441538,tavg_cwb
wheat,IN,IN-06-0037,2013,0.07928740000977746,-0.35780988559652693,tavg_cwb
wheat,IN,IN-06-0037,2014,0.09802231032265848,-0.14103169573390714,tavg_cwb
wheat,IN,IN-06-0037,2015,-0.17701392155200352,0.21477132193166956,tavg_cwb
wheat,IN,IN-06-0037,2016,0.678817406717925,-0.6615628239581877,tavg_cwb
wheat,IN,IN-06-0037,2017,0.4288899893605431,-0.7057974634315833,tavg_cwb
wheat,IN,IN-06-0038,2003,0.4181235474039532,-0.4880556088607016,tavg_cwb
wheat,IN,IN-06-0038,2004,0.5250277003796633,-0.6541378922795575,tavg_cwb
wheat,IN,IN-06-0038,2005,0.32512175081883216,-0.5818392300518813,tavg_cwb
wheat,IN,IN-06-0038,2006,0.20664939326423984,-0.42547893991320895,tavg_cwb
wheat,IN,IN-06-0038,2007,0.3377540322236183,-0.5444820866898767,tavg_cwb
wheat,IN,IN-06-0038,2008,0.06511176260708855,-0.5937615949063689,tavg_cwb
wheat,IN,IN-06-0038,2009,0.7604693501622363,-0.6148358881621406,tavg_cwb
wheat,IN,IN-06-0038,2010,0.5228375990797889,-0.5402576444994556,tavg_cwb
wheat,IN,IN-06-0038,2011,0.08535085951606111,-0.5620748880751821,tavg_cwb
wheat,IN,IN-06-0038,2012,-0.008071232595305814,-0.5283369874035405,tavg_cwb
wheat,IN,IN-06-0038,2013,-0.009769368793354756,-0.25943108792079944,tavg_cwb
wheat,IN,IN-06-0038,2014,0.06963334811658872,-0.07644372753815008,tavg_cwb
wheat,IN,IN-06-0038,2015,-0.2117613238932625,0.30410189070990884,tavg_cwb
wheat,IN,IN-06-0038,2016,0.6126664312021672,-0.5743617086996438,tavg_cwb
wheat,IN,IN-06-0038,2017,0.2875197457933118,-0.6003887027192703,tavg_cwb
wheat,IN,IN-06-0039,2003,0.19894818300442316,-0.36969628964994633,tavg_cwb
wheat,IN,IN-06-0039,2004,0.4075121794324636,-0.6609416334431019,tavg_cwb
wheat,IN,IN-06-0039,2005,0.07428780746937527,-0.5477557064330006,tavg_cwb
wheat,IN,IN-06-0039,2006,0.06851781969783097,-0.4153849123150727,tavg_cwb
wheat,IN,IN-06-0039,2007,0.1759893480962731,-0.4862712596832085,tavg_cwb
wheat,IN,IN-06-0039,2008,-0.18004475138762627,-0.531893071464854,tavg_cwb
wheat,IN,IN-06-0039,2009,0.5479544745250948,-0.5436171379546708,tavg_cwb
wheat,IN,IN-06-0039,2010,0.3004322785556405,-0.5021254823320805,tavg_cwb
wheat,IN,IN-06-0039,2011,-0.14192546315941487,-0.510369945353031,tavg_cwb
wheat,IN,IN-06-0039,2012,-0.24732057718150663,-0.4600713717280585,tavg_cwb
wheat,IN,IN-06-0039,2013,-0.2539010054270752,-0.1638603699793753,tavg_cwb
wheat,IN,IN-06-0039,2014,-0.2404684097395558,0.08648174163646259,tavg_cwb
wheat,IN,IN-06-0039,2015,-0.4270250421508244,0.3112101698408217,tavg_cwb
wheat,IN,IN-06-0039,2016,0.32413757129022164,-0.5372145583337256,tavg_cwb
wheat,IN,IN-06-0039,2017,0.15587709830012686,-0.596984111129189,tavg_cwb
wheat,IN,IN-06-0040,2003,0.45476875807541195,-0.5109628542685729,tavg_cwb
wheat,IN,IN-06-0040,2004,0.4558948872923537,-0.649279266278007,tavg_cwb
wheat,IN,IN-06-0040,2005,0.31320942557284165,-0.5767790660686407,tavg_cwb
wheat,IN,IN-06-0040,2006,0.19374598142042077,-0.26515164897837107,tavg_cwb
wheat,IN,IN-06-0040,2007,0.4155853741767556,-0.62949781952441,tavg_cwb
wheat,IN,IN-06-0040,2008,0.2917622258404698,-0.5516222500047238,tavg_cwb
wheat,IN,IN-06-0040,2009,0.8728536667514785,-0.7160059669912563,tavg_cwb
wheat,IN,IN-06-0040,2010,0.5517905685807609,-0.4933914914468684,tavg_cwb
wheat,IN,IN-06-0040,2011,0.18467244386354004,-0.6252381987159618,tavg_cwb
wheat,IN,IN-06-0040,2012,0.23772683704273437,-0.6157522588722839,tavg_cwb
wheat,IN,IN-06-0040,2013,0.30642037830340463,-0.421142614422398,tavg_cwb
wheat,IN,IN-06-0040,2014,0.08169746816611548,-0.2253018203084577,tavg_cwb
wheat,IN,IN-06-0040,2015,-0.17903235363291573,0.34423715052915893,tavg_cwb
wheat,IN,IN-06-0040,2016,0.6654812416239442,-0.5237314690095385,tavg_cwb
wheat,IN,IN-06-0040,2017,0.4465575178735239,-0.7408813541109293,tavg_cwb
wheat,IN,IN-06-0041,2003,0.6324859044254395,-0.6406308279291107,tavg_cwb
wheat,IN,IN-06-0041,2004,0.5526561143039873,-0.7591764963219685,tavg_cwb
wheat,IN,IN-06-0041,2005,0.16418269824996368,-0.6493299018949578,tavg_cwb
wheat,IN,IN-06-0041,2006,0.2814985529598625,-0.5735976374244444,tavg_cwb
wheat,IN,IN-06-0041,2007,0.32933711537067184,-0.548368066200314,tavg_cwb
wheat,IN,IN-06-0041,2008,-0.042290164914967114,-0.6015295356717818,tavg_cwb
wheat,IN,IN-06-0041,2009,0.6619386498516143,-0.5800236319210313,tavg_cwb
wheat,IN,IN-06-0041,2010,0.5824205068462052,-0.6078192607108487,tavg_cwb
wheat,IN,IN-06-0041,2011,0.053217498015109194,-0.6017550100311292,tavg_cwb
wheat,IN,IN-06-0041,2012,0.08115487953926054,-0.6139878353478826,tavg_cwb
wheat,IN,IN-06-0041,2013,-0.13572250375665817,-0.20597287914760887,tavg_cwb
wheat,IN,IN-06-0041,2014,-0.1337439816586244,0.015438982566678717,tavg_cwb
wheat,IN,IN-06-0041,2015,-0.29118202241716956,0.22379748233604238,tavg_cwb
wheat,IN,IN-06-0041,2016,0.4384970519372612,-0.5617316286027432,tavg_cwb
wheat,IN,IN-06-0041,2017,0.39267501594571785,-0.6985227553984018,tavg_cwb
wheat,IN,IN-06-0042,2003,0.5104892690953964,-0.6415255929630562,tavg_cwb
wheat,IN,IN-06-0042,2004,0.5230750156640726,-0.7562568319067187,tavg_cwb
wheat,IN,IN-06-0042,2005,0.1462997376226777,-0.6507401559212791,tavg_cwb
wheat,IN,IN-06-0042,2006,0.24095208828891326,-0.518345469638556,tavg_cwb
wheat,IN,IN-06-0042,2007,0.3189607756368602,-0.553442921930071,tavg_cwb
wheat,IN,IN-06-0042,2008,-0.08599989188114346,-0.5756636234677983,tavg_cwb
wheat,IN,IN-06-0042,2009,0.6902724094375239,-0.601415115847637,tavg_cwb
wheat,IN,IN-06-0042,2010,0.5568735338974166,-0.5977758321081791,tavg_cwb
wheat,IN,IN-06-0042,2011,0.03322591505828063,-0.6098287149227398,tavg_cwb
wheat,IN,IN-06-0042,2012,0.022200715700856324,-0.6064417022837147,tavg_cwb
wheat,IN,IN-06-0042,2013,-0.1479258237061426,-0.2487059120516097,tavg_cwb
wheat,IN,IN-06-0042,2014,-0.0547889476561405,-0.09105975505251308,tavg_cwb
wheat,IN,IN-06-0042,2015,-0.2930751702065673,0.2383314620967853,tavg_cwb
wheat,IN,IN-06-0042,2016,0.4369674884300584,-0.5731174307832035,tavg_cwb
wheat,IN,IN-06-0042,2017,0.4140971873988232,-0.7106153768389453,tavg_cwb
wheat,IN,IN-06-0043,2003,0.6993134959978007,-0.5985634762675335,tavg_cwb
wheat,IN,IN-06-0043,2004,0.7023908658149348,-0.6734296424734691,tavg_cwb
wheat,IN,IN-06-0043,2005,0.6161476519041653,-0.6843768970117844,tavg_cwb
wheat,IN,IN-06-0043,2006,0.33213893043678655,-0.3774560221294642,tavg_cwb
wheat,IN,IN-06-0043,2007,0.6231667347235927,-0.6327429195789642,tavg_cwb
wheat,IN,IN-06-0043,2008,0.3596202460526456,-0.6295319784723502,tavg_cwb
wheat,IN,IN-06-0043,2009,1.0133109185700742,-0.6658381731777452,tavg_cwb
wheat,IN,IN-06-0043,2010,0.7415903756689456,-0.5544881857371168,tavg_cwb
wheat,IN,IN-06-0043,2011,0.3366165707122027,-0.644906920941344,tavg_cwb
wheat,IN,IN-06-0043,2012,0.2696481657048018,-0.597969110573332,tavg_cwb
wheat,IN,IN-06-0043,2013,0.2776823011977789,-0.34784549105588014,tavg_cwb
wheat,IN,IN-06-0043,2014,0.40832600659939766,-0.24459479410647683,tavg_cwb
wheat,IN,IN-06-0043,2015,0.06416586701575315,0.20893014183347525,tavg_cwb
wheat,IN,IN-06-0043,2016,0.8651393827638924,-0.6066147402976204,tavg_cwb
wheat,IN,IN-06-0043,2017,0.49922131794956065,-0.6502084151537995,tavg_cwb
wheat,IN,IN-06-0502,2003,0.41631197099199435,-0.5620915907960504,tavg_cwb
wheat,IN,IN-06-0502,2004,0.46772293960150046,-0.7397717948565415,tavg_cwb
wheat,IN,IN-06-0502,2005,0.1594282023877925,-0.650589847869767,tavg_cwb
wheat,IN,IN-06-0502,2006,0.1935153367817566,-0.5028971480362321,tavg_cwb
wheat,IN,IN-06-0502,2007,0.28213617669003255,-0.5588913494775448,tavg_cwb
wheat,IN,IN-06-0502,2008,0.000658495180460011,-0.6475794567478843,tavg_cwb
wheat,IN,IN-06-0502,2009,0.714621539776007,-0.6653003364674259,tavg_cwb
wheat,IN,IN-06-0502,2010,0.41613587002590724,-0.5714083684967884,tavg_cwb
wheat,IN,IN-06-0502,2011,0.0047587564805707016,-0.619799491398525,tavg_cwb
wheat,IN,IN-06-0502,2012,-0.024106031723389796,-0.6110238818539394,tavg_cwb
wheat,IN,IN-06-0502,2013,-0.14328972284990796,-0.2884518413731406,tavg_cwb
wheat,IN,IN-06-0502,2014,-0.16389340158674326,0.00699683356495644,tavg_cwb
wheat,IN,IN-06-0502,2015,-0.4146112382273667,0.27325156639387793,tavg_cwb
wheat,IN,IN-06-0502,2016,0.4900956474135601,-0.651624855742359,tavg_cwb
wheat,IN,IN-06-0502,2017,0.2610873629041656,-0.6999276858670612,tavg_cwb
wheat,IN,IN-06-1057,2003,-0.14254088605848234,-0.2687206855669925,tavg_cwb
wheat,IN,IN-06-1057,2004,0.026604907247713337,-0.48522286525038233,tavg_cwb
wheat,IN,IN-06-1057,2005,-0.16716187818090403,-0.20801283812307828,tavg_cwb
wheat,IN,IN-06-1057,2006,-0.13701201790144163,-0.22595547795755713,tavg_cwb
wheat,IN,IN-06-1057,2007,-0.0691287886228063,-0.4590152477149188,tavg_cwb
wheat,IN,IN-06-1057,2008,-0.1588848360988878,-0.4585874629923969,tavg_cwb
wheat,IN,IN-06-1057,2009,0.2961019775119794,-0.609402556001234,tavg_cwb
wheat,IN,IN-06-1057,2010,0.21560400768314109,-0.5573128813965874,tavg_cwb
wheat,IN,IN-06-1057,2011,-0.2292389658705704,-0.479459378058603,tavg_cwb
wheat,IN,IN-06-1057,2012,-0.28987909085288743,-0.3409599289419816,tavg_cwb
wheat,IN,IN-06-1057,2013,-0.2563037834396702,-0.16058640628232188,tavg_cwb
wheat,IN,IN-06-1057,2014,-0.4417703277067738,0.03212140766561671,tavg_cwb
wheat,IN,IN-06-1057,2015,-0.5596925534533507,0.23009951401570553,tavg_cwb
wheat,IN,IN-06-1057,2016,0.13348766099222617,-0.32743662585332617,tavg_cwb
wheat,IN,IN-06-1057,2017,0.030137179808717093,-0.6248196030864973,tavg_cwb
wheat,IN,IN-06-1058,2003,0.8697380908034903,-0.6353893775519365,tavg_cwb
wheat,IN,IN-06-1058,2004,0.8889753707730327,-0.7138712553598398,tavg_cwb
wheat,IN,IN-06-1058,2005,0.7695846066154103,-0.7132478741165358,tavg_cwb
wheat,IN,IN-06-1058,2006,0.5241683252454631,-0.27725121769925143,tavg_cwb
wheat,IN,IN-06-1058,2007,0.8621386830424799,-0.6792601576787552,tavg_cwb
wheat,IN,IN-06-1058,2008,0.5007234019123716,-0.6195716203852623,tavg_cwb
wheat,IN,IN-06-1058,2009,1.3281733665747828,-0.7581285912346536,tavg_cwb
wheat,IN,IN-06-1058,2010,0.8615138125299779,-0.5488408250740783,tavg_cwb
wheat,IN,IN-06-1058,2011,0.41645320087693904,-0.6400955157837254,tavg_cwb
wheat,IN,IN-06-1058,2012,0.5351567687117702,-0.6830264554825289,tavg_cwb
wheat,IN,IN-06-1058,2013,0.5580421861135896,-0.4666827135624619,tavg_cwb
wheat,IN,IN-06-1058,2014,0.5801037865356781,-0.2688966952229263,tavg_cwb
wheat,IN,IN-06-1058,2015,0.3152132630854041,0.07186655487202212,tavg_cwb
wheat,IN,IN-06-1058,2016,1.1959859869339455,-0.7341870680067065,tavg_cwb
wheat,IN,IN-06-1058,2017,0.678649285488738,-0.6903635268681897,tavg_cwb
wheat,IN,IN-06-1060,2003,1.1845423321210053,-0.7988851559281753,tavg_cwb
wheat,IN,IN-06-1060,2004,1.1399114714895062,-0.8318429112982203,tavg_cwb
wheat,IN,IN-06-1060,2005,0.7646370535570939,-0.7395061420579568,tavg_cwb
wheat,IN,IN-06-1060,2006,0.9292825203897999,-0.7329732797001375,tavg_cwb
wheat,IN,IN-06-1060,2007,1.1142059030768707,-0.7330968531102152,tavg_cwb
wheat,IN,IN-06-1060,2008,0.7099458759074494,-0.7057762259469306,tavg_cwb
wheat,IN,IN-06-1060,2009,1.4852794212403413,-0.7788403603858692,tavg_cwb
wheat,IN,IN-06-1060,2010,1.265499573389524,-0.6910346450271071,tavg_cwb
wheat,IN,IN-06-1060,2011,0.7893017023010345,-0.7232836705452422,tavg_cwb
wheat,IN,IN-06-1060,2012,0.7423373514231156,-0.7760277095759213,tavg_cwb
wheat,IN,IN-06-1060,2013,0.8839232838005177,-0.7171834593493596,tavg_cwb
wheat,IN,IN-06-1060,2014,0.685495702370013,-0.4257225335909767,tavg_cwb
wheat,IN,IN-06-1060,2015,0.663793671144765,-0.3364952624909861,tavg_cwb
wheat,IN,IN-06-1060,2016,1.2346551790298905,-0.7460538886080299,tavg_cwb
wheat,IN,IN-06-1060,2017,1.0812035930948385,-0.8053528278315665,tavg_cwb
wheat,IN,IN-06-1061,2003,-0.12430707257398525,-0.027596332467891935,tavg_cwb
wheat,IN,IN-06-1061,2004,0.28339705571341844,-0.46750017284084766,tavg_cwb
wheat,IN,IN-06-1061,2005,0.1199918692504027,-0.2838610071040378,tavg_cwb
wheat,IN,IN-06-1061,2006,0.13417526885204464,-0.2944839375767381,tavg_cwb
wheat,IN,IN-06-1061,2007,0.16929095018777832,-0.4119055994618131,tavg_cwb
wheat,IN,IN-06-1061,2008,0.04504096174875995,-0.482960310256302,tavg_cwb
wheat,IN,IN-06-1061,2009,0.489767100835008,-0.5844799178488862,tavg_cwb
wheat,IN,IN-06-1061,2010,0.37011123517829936,-0.5334194527045671,tavg_cwb
wheat,IN,IN-06-1061,2011,0.03975322116457627,-0.5102292465813875,tavg_cwb
wheat,IN,IN-06-1061,2012,-0.1586336969772441,-0.40839560309169376,tavg_cwb
wheat,IN,IN-06-1061,2013,-0.12207599307051571,-0.15017576981254974,tavg_cwb
wheat,IN,IN-06-1061,2014,-0.35798178178509554,0.19380266196513243,tavg_cwb
wheat,IN,IN-06-1061,2015,-0.44863859807011947,0.36811453347324846,tavg_cwb
wheat,IN,IN-06-1061,2016,0.27251177702458296,-0.289930701633524,tavg_cwb
wheat,IN,IN-06-1061,2017,0.06768462557463967,-0.4738410948124802,tavg_cwb
wheat,IN,IN-06-1062,2003,0.5499261891451167,-0.7362420521586428,tavg_cwb
wheat,IN,IN-06-1062,2004,0.6601055449029298,-0.9773414480784073,tavg_cwb
wheat,IN,IN-06-1062,2005,0.005192437964268553,-0.7179981279316855,tavg_cwb
wheat,IN,IN-06-1062,2006,0.5350506124791575,-0.8405357218674675,tavg_cwb
wheat,IN,IN-06-1062,2007,0.3254977443906845,-0.6821349364934962,tavg_cwb
wheat,IN,IN-06-1062,2008,-0.048544367849288464,-0.7219799576077744,tavg_cwb
wheat,IN,IN-06-1062,2009,0.821039301787693,-0.8031485989219626,tavg_cwb
wheat,IN,IN-06-1062,2010,0.9293937297561483,-0.9214406334053284,tavg_cwb
wheat,IN,IN-06-1062,2011,0.2874085364269989,-0.7781533606854312,tavg_cwb
wheat,IN,IN-06-1062,2012,0.025163611440575172,-0.7754443030843351,tavg_cwb
wheat,IN,IN-06-1062,2013,0.07882104040073265,-0.6857184495802094,tavg_cwb
wheat,IN,IN-06-1062,2014,-0.23013337599308495,-0.2498400144262321,tavg_cwb
wheat,IN,IN-06-1062,2015,-0.013309533621120117,-0.2942180797500444,tavg_cwb
wheat,IN,IN-06-1062,2016,0.4930505417999951,-0.7679363434470065,tavg_cwb
wheat,IN,IN-06-1062,2017,0.46925265247116704,-0.7978471553181339,tavg_cwb
wheat,IN,IN-06-1063,2003,0.07109837541372327,-0.3948873332646091,tavg_cwb
wheat,IN,IN-06-1063,2004,-0.002180653463201995,-0.39838723376788876,tavg_cwb
wheat,IN,IN-06-1063,2005,-0.3338939148123633,-0.2566856802501366,tavg_cwb
wheat,IN,IN-06-1063,2006,0.0387232106051064,-0.3823617278095938,tavg_cwb
wheat,IN,IN-06-1063,2007,-0.08620197755798371,-0.24775353528004665,tavg_cwb
wheat,IN,IN-06-1063,2008,-0.3851433455870703,-0.42919645406359486,tavg_cwb
wheat,IN,IN-06-1063,2009,0.3102203382233918,-0.4845107929036087,tavg_cwb
wheat,IN,IN-06-1063,2010,0.5289552800681312,-0.5093677326113475,tavg_cwb
wheat,IN,IN-06-1063,2011,-0.2877768975342259,-0.4214260018885237,tavg_cwb
wheat,IN,IN-06-1063,2012,-0.43532789605877614,-0.418188593922987,tavg_cwb
wheat,IN,IN-06-1063,2013,-0.1832355957583665,-0.33949777031875455,tavg_cwb
wheat,IN,IN-06-1063,2014,-0.5188726085836032,0.07325128136077683,tavg_cwb
wheat,IN,IN-06-1063,2015,-0.4776933689415448,0.17499069676000079,tavg_cwb
wheat,IN,IN-06-1063,2016,0.1480658482734995,-0.46381518144556677,tavg_cwb
wheat,IN,IN-06-1063,2017,-0.04810570219235298,-0.3380279308822792,tavg_cwb
wheat,IN,IN-06-1064,2003,-0.07167957629556264,-0.08357534061940927,tavg_cwb
wheat,IN,IN-06-1064,2004,0.3283271972597292,-0.5261506760300851,tavg_cwb
wheat,IN,IN-06-1064,2005,0.11042766251566703,-0.18623450581535783,tavg_cwb
wheat,IN,IN-06-1064,2006,0.1300085973368337,-0.24235140520034343,tavg_cwb
wheat,IN,IN-06-1064,2007,0.19764451018079834,-0.3682130880367784,tavg_cwb
wheat,IN,IN-06-1064,2008,0.051793484663969776,-0.4383611751424989,tavg_cwb
wheat,IN,IN-06-1064,2009,0.5351224907609174,-0.5836664100001965,tavg_cwb
wheat,IN,IN-06-1064,2010,0.4439519375511801,-0.5600772426592467,tavg_cwb
wheat,IN,IN-06-1064,2011,0.09689635896553661,-0.5096684310765315,tavg_cwb
wheat,IN,IN-06-1064,2012,-0.08768110885661735,-0.42014184721856873,tavg_cwb
wheat,IN,IN-06-1064,2013,-0.050728798890186236,-0.16660946714967742,tavg_cwb
wheat,IN,IN-06-1064,2014,-0.2693673667876864,0.030991962365395778,tavg_cwb
wheat,IN,IN-06-1064,2015,-0.3719369802343244,0.32754877139489663,tavg_cwb
wheat,IN,IN-06-1064,2016,0.2939034009469328,-0.24461963469435513,tavg_cwb
wheat,IN,IN-06-1064,2017,0.12755436878406284,-0.5061876328144974,tavg_cwb
wheat,IN,IN-06-1071,2003,-0.0943778953502953,-0.15980470551703538,tavg_cwb
wheat,IN,IN-06-1071,2004,0.15059610294864012,-0.40861623831291827,tavg_cwb
wheat,IN,IN-06-1071,2005,-0.014159203111911656,-0.0773909766663394,tavg_cwb
wheat,IN,IN-06-1071,2006,0.02567342733642614,-0.08474340943766936,tavg_cwb
wheat,IN,IN-06-1071,2007,0.09911944420863136,-0.3153260071971808,tavg_cwb
wheat,IN,IN-06-1071,2008,-0.03780810275353165,-0.2966228611893376,tavg_cwb
wheat,IN,IN-06-1071,2009,0.45717855618683906,-0.5444159001261408,tavg_cwb
wheat,IN,IN-06-1071,2010,0.40050668385875926,-0.48658580727329426,tavg_cwb
wheat,IN,IN-06-1071,2011,-0.027115652679172077,-0.3744233059570861,tavg_cwb
wheat,IN,IN-06-1071,2012,-0.0709395646968684,-0.24995453250698912,tavg_cwb
wheat,IN,IN-06-1071,2013,-0.13788653055394662,-0.07974484996677964,tavg_cwb
wheat,IN,IN-06-1071,2014,-0.30541419279104765,0.04460012015276663,tavg_cwb
wheat,IN,IN-06-1071,2015,-0.4473774714866173,0.15468670490853098,tavg_cwb
wheat,IN,IN-06-1071,2016,0.3074134856640014,-0.24565678831795118,tavg_cwb
wheat,IN,IN-06-1071,2017,0.10409486211672689,-0.5365839216901319,tavg_cwb
wheat,IN,IN-06-1081,2003,0.18693239789721403,-0.4585403210253187,tavg_cwb
wheat,IN,IN-06-1081,2004,0.26789550251670097,-0.6947084307365234,tavg_cwb
wheat,IN,IN-06-1081,2005,-0.07127240382724234,-0.5179447724333127,tavg_cwb
wheat,IN,IN-06-1081,2006,0.016545476076907064,-0.3944232139186746,tavg_cwb
wheat,IN,IN-06-1081,2007,0.11314161163313476,-0.5104530504016155,tavg_cwb
wheat,IN,IN-06-1081,2008,-0.14991197193662595,-0.5857874645169745,tavg_cwb
wheat,IN,IN-06-1081,2009,0.3919889355933694,-0.5430001899545168,tavg_cwb
wheat,IN,IN-06-1081,2010,0.33347502578006977,-0.5390944435593635,tavg_cwb
wheat,IN,IN-06-1081,2011,-0.1397436869680818,-0.5467229967523525,tavg_cwb
wheat,IN,IN-06-1081,2012,-0.21384821394181827,-0.5481186232362447,tavg_cwb
wheat,IN,IN-06-1081,2013,-0.30638574236639965,-0.16835014355631314,tavg_cwb
wheat,IN,IN-06-1081,2014,-0.5098162839336299,0.14785448355721223,tavg_cwb
wheat,IN,IN-06-1081,2015,-0.4773801235116536,0.2861162903995037,tavg_cwb
wheat,IN,IN-06-1081,2016,0.1494841010554443,-0.5287857645659191,tavg_cwb
wheat,IN,IN-06-1081,2017,0.18618976188123373,-0.6526975521986267,tavg_cwb
wheat,IN,IN-06-1082,2003,1.1013945840770838,-0.5992813880446521,tavg_cwb
wheat,IN,IN-06-1082,2004,0.9986409424924715,-0.6245921300381488,tavg_cwb
wheat,IN,IN-06-1082,2005,0.9781079713609052,-0.7256603818251972,tavg_cwb
wheat,IN,IN-06-1082,2006,0.8225224819483801,-0.4214120022865127,tavg_cwb
wheat,IN,IN-06-1082,2007,1.0309637859420668,-0.6638266877377214,tavg_cwb
wheat,IN,IN-06-1082,2008,0.8034542062585719,-0.6083131505164889,tavg_cwb
wheat,IN,IN-06-1082,2009,1.4876681530372802,-0.6977453100225888,tavg_cwb
wheat,IN,IN-06-1082,2010,1.141381341571174,-0.5983800290535043,tavg_cwb
wheat,IN,IN-06-1082,2011,0.7057564602077894,-0.6309125465124052,tavg_cwb
wheat,IN,IN-06-1082,2012,0.7972201269238712,-0.6923648764414738,tavg_cwb
wheat,IN,IN-06-1082,2013,0.9982448101905228,-0.6583570066937703,tavg_cwb
wheat,IN,IN-06-1082,2014,0.7124852623520792,-0.2998920915236539,tavg_cwb
wheat,IN,IN-06-1082,2015,0.6106753116759306,-0.15724112763756326,tavg_cwb
wheat,IN,IN-06-1082,2016,1.3908503227277158,-0.7073754112538099,tavg_cwb
wheat,IN,IN-06-1082,2017,1.0378659839146624,-0.7524288516085349,tavg_cwb
wheat,IN,IN-06-2006,2008,0.41630510330868215,-0.7396273971406434,tavg_cwb
wheat,IN,IN-06-2006,2009,1.140514861737074,-0.787272889892963,tavg_cwb
wheat,IN,IN-06-2006,2010,0.9373414839275271,-0.7209125910840938,tavg_cwb
wheat,IN,IN-06-2006,2011,0.5270711696173637,-0.7489848001689184,tavg_cwb
wheat,IN,IN-06-2006,2012,0.37681456764444576,-0.7807831168808955,tavg_cwb
wheat,IN,IN-06-2006,2013,0.6355601549651428,-0.755067478519561,tavg_cwb
wheat,IN,IN-06-2006,2014,0.35511048391452815,-0.49250622374437775,tavg_cwb
wheat,IN,IN-06-2006,2015,0.461321834817001,-0.5077660450492963,tavg_cwb
wheat,IN,IN-06-2006,2016,0.8505597417831098,-0.7440569587151085,tavg_cwb
wheat,IN,IN-06-2006,2017,0.734107222833579,-0.7937168797772874,tavg_cwb
wheat,IN,IN-06-2007,2008,-0.16381192203525646,-0.28790974664268804,tavg_cwb
wheat,IN,IN-06-2007,2009,0.3202819980521437,-0.5202481539267803,tavg_cwb
wheat,IN,IN-06-2007,2010,0.27679795188196504,-0.4868658765461448,tavg_cwb
wheat,IN,IN-06-2007,2011,-0.07778265753844565,-0.4152245661947305,tavg_cwb
wheat,IN,IN-06-2007,2012,-0.19588332484574042,-0.35785406055380825,tavg_cwb
wheat,IN,IN-06-2007,2013,-0.25750690245068636,-0.21617943639175444,tavg_cwb
wheat,IN,IN-06-2007,2014,-0.5289743596572019,0.09881169018197423,tavg_cwb
wheat,IN,IN-06-2007,2015,-0.600077095997903,0.3413151539351476,tavg_cwb
wheat,IN,IN-06-2007,2016,0.07223433859423271,-0.08035839658003585,tavg_cwb
wheat,IN,IN-06-2007,2017,-0.0827017816161375,-0.41271832902421773,tavg_cwb
wheat,IN,IN-06-2058,2013,0.010103140311086719,-0.4235701430005206,tavg_cwb
wheat,IN,IN-06-2058,2014,-0.044786462806832586,-0.10864559718946963,tavg_cwb
wheat,IN,IN-06-2058,2015,-0.18096746827775362,0.06847879557762514,tavg_cwb
wheat,IN,IN-06-2058,2016,0.42203575632621737,-0.6090536891807259,tavg_cwb
wheat,IN,IN-06-2058,2017,0.5088513614240807,-0.7457838769097637,tavg_cwb
wheat,IN,IN-07-0096,2003,1.8314910642531264,-0.8024433432359919,tavg_cwb
wheat,IN,IN-07-0096,2004,1.805796934518134,-0.8778594685038045,tavg_cwb
wheat,IN,IN-07-0096,2005,1.5495283630512506,-0.8177671383735967,tavg_cwb
wheat,IN,IN-07-0096,2006,1.713375278546491,-0.8697145269748761,tavg_cwb
wheat,IN,IN-07-0096,2007,1.9414167567420642,-0.8325807172466281,tavg_cwb
wheat,IN,IN-07-0096,2008,1.6409570101648612,-0.7886067558193816,tavg_cwb
wheat,IN,IN-07-0096,2009,2.1307448246878735,-0.8420945717825632,tavg_cwb
wheat,IN,IN-07-0096,2010,1.9482999810350117,-0.7740505350146831,tavg_cwb
wheat,IN,IN-07-0096,2011,1.5364275138706847,-0.8199471533222464,tavg_cwb
wheat,IN,IN-07-0096,2016,1.8536477829160545,-0.7935097125898093,tavg_cwb
wheat,IN,IN-07-0096,2017,1.8715333810387869,-0.871141822937541,tavg_cwb
wheat,IN,IN-07-0097,2015,1.7710821173573184,-0.608869230861837,tavg_cwb
wheat,IN,IN-07-0099,2003,0.6392065332791769,-0.7582982373254853,tavg_cwb
wheat,IN,IN-07-0099,2004,0.6198172827588959,-0.7961601805103661,tavg_cwb
wheat,IN,IN-07-0099,2005,0.3569568617618811,-0.7386067733948418,tavg_cwb
wheat,IN,IN-07-0099,2006,0.4810166548519197,-0.7465117198854064,tavg_cwb
wheat,IN,IN-07-0099,2007,0.7091588902708184,-0.7383780336196405,tavg_cwb
wheat,IN,IN-07-0099,2008,0.3749984469445028,-0.654150414897248,tavg_cwb
wheat,IN,IN-07-0099,2009,0.9193280111402511,-0.7181917191476465,tavg_cwb
wheat,IN,IN-07-0099,2010,0.7162763537758264,-0.6682964341189249,tavg_cwb
wheat,IN,IN-07-0099,2011,0.423413918619877,-0.7696963895654859,tavg_cwb
wheat,IN,IN-07-0099,2012,0.43508609753105704,-0.8146258466272411,tavg_cwb
wheat,IN,IN-07-0099,2013,0.6657382463500489,-0.7676465247630259,tavg_cwb
wheat,IN,IN-07-0099,2014,0.288542453433573,-0.5317860662918064,tavg_cwb
wheat,IN,IN-07-0099,2015,0.20158774741295082,-0.394722461245707,tavg_cwb
wheat,IN,IN-07-0099,2016,0.7927696280185288,-0.700904455634838,tavg_cwb
wheat,IN,IN-07-0099,2017,0.7160283927629479,-0.8191584642049878,tavg_cwb
wheat,IN,IN-07-0100,2003,1.1990372463316892,-0.7558733273003198,tavg_cwb
wheat,IN,IN-07-0100,2004,1.1871063304745675,-0.7938569574470558,tavg_cwb
wheat,IN,IN-07-0100,2005,0.909779807441697,-0.7441809329414247,tavg_cwb
wheat,IN,IN-07-0100,2006,0.9508730245077192,-0.6549150727014814,tavg_cwb
wheat,IN,IN-07-0100,2007,1.2122163375707236,-0.7230323827646279,tavg_cwb
wheat,IN,IN-07-0100,2008,0.8095362074359242,-0.6599534895238882,tavg_cwb
wheat,IN,IN-07-0100,2009,1.4755380841268009,-0.7063066578656982,tavg_cwb
wheat,IN,IN-07-0100,2010,1.230253350836092,-0.6612642971524771,tavg_cwb
wheat,IN,IN-07-0100,2011,0.840875371484995,-0.7066510112925213,tavg_cwb
wheat,IN,IN-07-0100,2012,0.8091875387259425,-0.7443665216970435,tavg_cwb
wheat,IN,IN-07-0100,2013,1.0364713000001076,-0.7040535558766049,tavg_cwb
wheat,IN,IN-07-0100,2014,0.7754164836745684,-0.4085204773790401,tavg_cwb
wheat,IN,IN-07-0100,2015,0.6790755101239087,-0.25928577364076116,tavg_cwb
wheat,IN,IN-07-0100,2016,1.332067544136524,-0.7319548119638002,tavg_cwb
wheat,IN,IN-07-0100,2017,1.2589849674595663,-0.8226110438208795,tavg_cwb
wheat,IN,IN-07-0101,2003,1.177354806715253,-0.644129859970726,tavg_cwb
wheat,IN,IN-07-0101,2004,1.1760201021373404,-0.6770969361055763,tavg_cwb
wheat,IN,IN-07-0101,2005,0.9479161263278665,-0.6550493411101661,tavg_cwb
wheat,IN,IN-07-0101,2006,0.9687546065739193,-0.5591181832028964,tavg_cwb
wheat,IN,IN-07-0101,2007,1.274900667420898,-0.6646106285408325,tavg_cwb
wheat,IN,IN-07-0101,2008,0.8541631558702946,-0.5692230060501862,tavg_cwb
wheat,IN,IN-07-0101,2009,1.5178882770234992,-0.5968789755722702,tavg_cwb
wheat,IN,IN-07-0101,2010,1.3150254039644829,-0.6233083558948914,tavg_cwb
wheat,IN,IN-07-0101,2011,0.9167270726175814,-0.625744797951981,tavg_cwb
wheat,IN,IN-07-0101,2012,0.8491327898045757,-0.6869416275452683,tavg_cwb
wheat,IN,IN-07-0101,2013,1.1600349651951423,-0.6841545136954502,tavg_cwb
wheat,IN,IN-07-0101,2014,0.8998112055267031,-0.3376620874155024,tavg_cwb
wheat,IN,IN-07-0101,2015,0.744449286475036,-0.2051123118646406,tavg_cwb
wheat,IN,IN-07-0101,2016,1.4898169317742056,-0.6991055187174973,tavg_cwb
wheat,IN,IN-07-0101,2017,1.1940106975692948,-0.7435569788220591,tavg_cwb
wheat,IN,IN-07-0102,2003,1.0176119894220141,-0.801349355105601,tavg_cwb
wheat,IN,IN-07-0102,2004,1.0533406991503378,-0.8618494428746571,tavg_cwb
wheat,IN,IN-07-0102,2005,0.7116111794286039,-0.756294126340182,tavg_cwb
wheat,IN,IN-07-0102,2006,0.7331949882887301,-0.750716967582425,tavg_cwb
wheat,IN,IN-07-0102,2007,1.0259021710694327,-0.7911291071897893,tavg_cwb
wheat,IN,IN-07-0102,2008,0.7488831347245872,-0.5990378757365632,tavg_cwb
wheat,IN,IN-07-0102,2009,1.2000983209772622,-0.6481421528553817,tavg_cwb
wheat,IN,IN-07-0102,2010,1.0314213330492368,-0.6970170518796813,tavg_cwb
wheat,IN,IN-07-0102,2011,0.7165088172254385,-0.7539843939253533,tavg_cwb
wheat,IN,IN-07-0102,2012,0.8576821174622077,-0.8796876280705376,tavg_cwb
wheat,IN,IN-07-0102,2013,1.098432533953122,-0.8377677717098254,tavg_cwb
wheat,IN,IN-07-0102,2014,0.6114216853944062,-0.4370622112216025,tavg_cwb
wheat,IN,IN-07-0102,2015,0.5349684234617386,-0.3925321694490123,tavg_cwb
wheat,IN,IN-07-0102,2016,1.1698779473373968,-0.7469334405268203,tavg_cwb
wheat,IN,IN-07-0102,2017,0.8885078331874758,-0.7925094429489914,tavg_cwb
wheat,IN,IN-07-0103,2003,1.0939451452390943,-0.8552964176284994,tavg_cwb
wheat,IN,IN-07-0103,2004,1.037869887590406,-0.8974567575372527,tavg_cwb
wheat,IN,IN-07-0103,2005,0.7742402092964532,-0.8279423298779817,tavg_cwb
wheat,IN,IN-07-0103,2006,0.7772167393338225,-0.7960902161531854,tavg_cwb
wheat,IN,IN-07-0103,2007,0.9908025886134184,-0.8208921264581324,tavg_cwb
wheat,IN,IN-07-0103,2008,0.7774455128874254,-0.6299966494730082,tavg_cwb
wheat,IN,IN-07-0103,2009,1.1643864969160078,-0.6998438080578675,tavg_cwb
wheat,IN,IN-07-0103,2010,1.0293881080918736,-0.7487361585091213,tavg_cwb
wheat,IN,IN-07-0103,2011,0.6098974815937664,-0.727470628439633,tavg_cwb
wheat,IN,IN-07-0103,2012,0.7731989037993376,-0.8724949287016172,tavg_cwb
wheat,IN,IN-07-0103,2013,1.0613759843909925,-0.8685493485606256,tavg_cwb
wheat,IN,IN-07-0103,2014,0.7135319013596484,-0.6475368046798738,tavg_cwb
wheat,IN,IN-07-0103,2015,0.6045556191180129,-0.44784580850688865,tavg_cwb
wheat,IN,IN-07-0103,2016,1.1635123232093958,-0.7728983946913146,tavg_cwb
wheat,IN,IN-07-0103,2017,0.9069793684959403,-0.8303617322519887,tavg_cwb
wheat,IN,IN-07-0104,2003,1.1595199789467756,-0.8445481716519324,tavg_cwb
wheat,IN,IN-07-0104,2004,1.122548139644158,-0.8993710947923046,tavg_cwb
wheat,IN,IN-07-0104,2005,0.8951150128207409,-0.8631794207184127,tavg_cwb
wheat,IN,IN-07-0104,2006,0.8148125227579971,-0.8273019860026378,tavg_cwb
wheat,IN,IN-07-0104,2007,1.0472863321657608,-0.8578652510008087,tavg_cwb
wheat,IN,IN-07-0104,2008,0.8386170365593287,-0.5137685314818589,tavg_cwb
wheat,IN,IN-07-0104,2009,1.1222342808804833,-0.6841268744990754,tavg_cwb
wheat,IN,IN-07-0104,2010,1.1251955679740098,-0.7345651391936435,tavg_cwb
wheat,IN,IN-07-0104,2011,0.7098257921330305,-0.7757373461357898,tavg_cwb
wheat,IN,IN-07-0104,2012,0.8740333720858973,-0.8925812299750407,tavg_cwb
wheat,IN,IN-07-0104,2013,1.1061985183502896,-0.8677507353068905,tavg_cwb
wheat,IN,IN-07-0104,2014,0.8088250899107368,-0.7012192008986979,tavg_cwb
wheat,IN,IN-07-0104,2015,0.7127804115138152,-0.47970207956542144,tavg_cwb
wheat,IN,IN-07-0104,2016,1.3025983998873758,-0.7803301768067494,tavg_cwb
wheat,IN,IN-07-0104,2017,1.0460817275964798,-0.9083185109191033,tavg_cwb
wheat,IN,IN-07-0105,2003,1.4548205741595153,-0.9288528451442744,tavg_cwb
wheat,IN,IN-07-0105,2004,1.404015318261511,-0.99798551458065,tavg_cwb
wheat,IN,IN-07-0105,2005,1.2606095386820648,-1.0131578144902866,tavg_cwb
wheat,IN,IN-07-0105,2006,1.0222148579713446,-0.9321612769902116,tavg_cwb
wheat,IN,IN-07-0105,2007,1.204054663735635,-0.9153333395944181,tavg_cwb
wheat,IN,IN-07-0105,2008,1.0705928541402385,-0.44353923413087865,tavg_cwb
wheat,IN,IN-07-0105,2009,1.1906563053401185,-0.5556890503838305,tavg_cwb
wheat,IN,IN-07-0105,2010,1.2494605639653984,-0.7137131795920967,tavg_cwb
wheat,IN,IN-07-0105,2011,0.9216017711947232,-0.848593146343424,tavg_cwb
wheat,IN,IN-07-0105,2012,1.0729336319312452,-0.9075806908834403,tavg_cwb
wheat,IN,IN-07-0105,2013,1.3584216715095947,-0.9113514971468354,tavg_cwb
wheat,IN,IN-07-0105,2014,0.9245017988520848,-0.7639881538888771,tavg_cwb
wheat,IN,IN-07-0105,2015,0.994557934169421,-0.6310097110888762,tavg_cwb
wheat,IN,IN-07-0105,2016,1.6769926731187814,-0.9290213809858145,tavg_cwb
wheat,IN,IN-07-0105,2017,1.2887830018038393,-0.9874727177545017,tavg_cwb
wheat,IN,IN-07-0106,2003,1.6636335100965582,-0.9285869385586113,tavg_cwb
wheat,IN,IN-07-0106,2004,1.5112349410704795,-0.9255337944225398,tavg_cwb
wheat,IN,IN-07-0106,2005,1.355324000695642,-0.9377276703902414,tavg_cwb
wheat,IN,IN-07-0106,2006,1.2015484953454596,-0.8768182424001989,tavg_cwb
wheat,IN,IN-07-0106,2007,1.4479768724054187,-0.9357943607814692,tavg_cwb
wheat,IN,IN-07-0106,2008,1.3203671538671689,-0.5863306359405682,tavg_cwb
wheat,IN,IN-07-0106,2009,1.5179436680991991,-0.685820097567213,tavg_cwb
wheat,IN,IN-07-0106,2010,1.5984912100978204,-0.72917774027416,tavg_cwb
wheat,IN,IN-07-0106,2011,1.071851581648228,-0.8083130802146672,tavg_cwb
wheat,IN,IN-07-0106,2012,1.4488614311665662,-0.9819957852869712,tavg_cwb
wheat,IN,IN-07-0106,2013,1.7631242745756377,-0.9889773446635567,tavg_cwb
wheat,IN,IN-07-0106,2014,1.1610890199556434,-0.6521830663357411,tavg_cwb
wheat,IN,IN-07-0106,2015,1.2145381801666548,-0.6978262236284694,tavg_cwb
wheat,IN,IN-07-0106,2016,1.9088592507586464,-0.9495700855215238,tavg_cwb
wheat,IN,IN-07-0106,2017,1.4140793933922204,-0.9351697679942998,tavg_cwb
wheat,IN,IN-07-0107,2003,1.2639304225710646,-0.739711665061416,tavg_cwb
wheat,IN,IN-07-0107,2004,1.3096687611313034,-0.820583026466735,tavg_cwb
wheat,IN,IN-07-0107,2005,1.2629723622041398,-0.8797264237333697,tavg_cwb
wheat,IN,IN-07-0107,2006,0.8262236363815755,-0.7478234243275523,tavg_cwb
wheat,IN,IN-07-0107,2007,1.0751376670344237,-0.7347454233901398,tavg_cwb
wheat,IN,IN-07-0107,2008,0.8962664363161069,-0.3480270976066172,tavg_cwb
wheat,IN,IN-07-0107,2009,1.1035214198795844,-0.4954421669550248,tavg_cwb
wheat,IN,IN-07-0107,2010,1.185726104283495,-0.6063653017510412,tavg_cwb
wheat,IN,IN-07-0107,2011,0.7643150678781633,-0.7028047210211271,tavg_cwb
wheat,IN,IN-07-0107,2012,0.8614210369953845,-0.7275839086895984,tavg_cwb
wheat,IN,IN-07-0107,2013,1.170149550939765,-0.7422035085578476,tavg_cwb
wheat,IN,IN-07-0107,2014,0.7739118783253579,-0.6161105106171574,tavg_cwb
wheat,IN,IN-07-0107,2015,0.8897612341249999,-0.5144170018694297,tavg_cwb
wheat,IN,IN-07-0107,2016,1.6151785965853511,-0.7897763750938872,tavg_cwb
wheat,IN,IN-07-0107,2017,1.1315304736739094,-0.8137028963961811,tavg_cwb
wheat,IN,IN-07-0108,2003,0.793686904029091,-0.6802609210226236,tavg_cwb
wheat,IN,IN-07-0108,2004,0.8423322451498758,-0.7527830302890282,tavg_cwb
wheat,IN,IN-07-0108,2005,0.5154632215622869,-0.6593584242887307,tavg_cwb
wheat,IN,IN-07-0108,2006,0.5600271436585492,-0.6210713181063329,tavg_cwb
wheat,IN,IN-07-0108,2007,0.8132795800426044,-0.697625017031067,tavg_cwb
wheat,IN,IN-07-0108,2008,0.5886238378544234,-0.5668684374471037,tavg_cwb
wheat,IN,IN-07-0108,2009,1.0992099977110608,-0.5794665961800524,tavg_cwb
wheat,IN,IN-07-0108,2010,0.8226635739844628,-0.5853450661829082,tavg_cwb
wheat,IN,IN-07-0108,2011,0.42901994569134133,-0.6399235607854626,tavg_cwb
wheat,IN,IN-07-0108,2012,0.6522796287928037,-0.7987832178812315,tavg_cwb
wheat,IN,IN-07-0108,2013,0.9374431902901461,-0.7659731442997699,tavg_cwb
wheat,IN,IN-07-0108,2014,0.36014019171873435,-0.26147641514783476,tavg_cwb
wheat,IN,IN-07-0108,2015,0.45434603372032845,-0.3215710688037486,tavg_cwb
wheat,IN,IN-07-0108,2016,1.1956111892438874,-0.733057932351135,tavg_cwb
wheat,IN,IN-07-0108,2017,0.8547808711301639,-0.7950740860858577,tavg_cwb
wheat,IN,IN-07-0109,2003,1.0852164576979997,-0.5483900636987828,tavg_cwb
wheat,IN,IN-07-0109,2004,1.0984075547462822,-0.627292956634969,tavg_cwb
wheat,IN,IN-07-0109,2005,0.8230094790381398,-0.28565778883158777,tavg_cwb
wheat,IN,IN-07-0109,2006,0.604338632982278,-0.30889640308731625,tavg_cwb
wheat,IN,IN-07-0109,2007,1.0447771284565839,-0.5776988576061237,tavg_cwb
wheat,IN,IN-07-0109,2008,0.973692256502202,-0.4732952824851524,tavg_cwb
wheat,IN,IN-07-0109,2009,1.2639030476268043,-0.5037651507239748,tavg_cwb
wheat,IN,IN-07-0109,2010,1.133005486087944,-0.42368271540721825,tavg_cwb
wheat,IN,IN-07-0109,2011,0.8032949017474857,-0.49776544753066615,tavg_cwb
wheat,IN,IN-07-0109,2012,1.076111433011464,-0.7023729634093281,tavg_cwb
wheat,IN,IN-07-0109,2013,1.3413187958758281,-0.6311013066549296,tavg_cwb
wheat,IN,IN-07-0109,2014,0.7104282998136233,-0.10824104971411812,tavg_cwb
wheat,IN,IN-07-0109,2015,0.9697340555372873,-0.3852285435900394,tavg_cwb
wheat,IN,IN-07-0109,2016,1.694256296035488,-0.6746191792354443,tavg_cwb
wheat,IN,IN-07-0109,2017,0.8769367329012631,-0.5441514677093553,tavg_cwb
wheat,IN,IN-07-0110,2003,0.9709793601968378,-0.6439967899323584,tavg_cwb
wheat,IN,IN-07-0110,2004,0.9833102547340632,-0.7506915259979974,tavg_cwb
wheat,IN,IN-07-0110,2005,0.7165021219676454,-0.6151070343000297,tavg_cwb
wheat,IN,IN-07-0110,2006,0.5364497322211204,-0.527485236789699,tavg_cwb
wheat,IN,IN-07-0110,2007,0.815836574845385,-0.6496738977717956,tavg_cwb
wheat,IN,IN-07-0110,2008,0.784731950568534,-0.47351273268237276,tavg_cwb
wheat,IN,IN-07-0110,2009,1.0955927233489637,-0.5633188430960919,tavg_cwb
wheat,IN,IN-07-0110,2010,1.0348758137080987,-0.48843240469318144,tavg_cwb
wheat,IN,IN-07-0110,2011,0.5912581563168967,-0.5824572317138279,tavg_cwb
wheat,IN,IN-07-0110,2012,0.9442757671566954,-0.8319628501962412,tavg_cwb
wheat,IN,IN-07-0110,2013,1.1663213129320393,-0.7234681364550134,tavg_cwb
wheat,IN,IN-07-0110,2014,0.5369444550307095,-0.07057982205270434,tavg_cwb
wheat,IN,IN-07-0110,2015,0.7163429563990664,-0.43327868416599774,tavg_cwb
wheat,IN,IN-07-0110,2016,1.3191641297174996,-0.6695873893545637,tavg_cwb
wheat,IN,IN-07-0110,2017,0.8313768582156007,-0.7012896804155071,tavg_cwb
wheat,IN,IN-07-0111,2003,1.19265807393383,-0.5629974949829957,tavg_cwb
wheat,IN,IN-07-0111,2004,1.053375675107104,-0.5376642469725096,tavg_cwb
wheat,IN,IN-07-0111,2005,0.998013910855796,-0.20215762069640167,tavg_cwb
wheat,IN,IN-07-0111,2006,0.8057228040065654,-0.41297602021484814,tavg_cwb
wheat,IN,IN-07-0111,2007,1.1820855461277326,-0.6398953828603343,tavg_cwb
wheat,IN,IN-07-0111,2008,1.0279356160013242,-0.3521748271004175,tavg_cwb
wheat,IN,IN-07-0111,2009,1.334415270641076,-0.5474189262715473,tavg_cwb
wheat,IN,IN-07-0111,2010,1.3624756928610262,-0.5007424970441298,tavg_cwb
wheat,IN,IN-07-0111,2011,1.1048442252954023,-0.6282824178804983,tavg_cwb
wheat,IN,IN-07-0111,2012,1.3223440821121164,-0.7822808875770428,tavg_cwb
wheat,IN,IN-07-0111,2013,1.2721819877665341,-0.5769770811348587,tavg_cwb
wheat,IN,IN-07-0111,2014,0.8660755771705442,-0.1759044868602307,tavg_cwb
wheat,IN,IN-07-0111,2015,0.915259141505309,-0.3027804103008207,tavg_cwb
wheat,IN,IN-07-0111,2016,1.7985780290302342,-0.7040515101850127,tavg_cwb
wheat,IN,IN-07-0111,2017,1.0989127621230423,-0.6436641349734873,tavg_cwb
wheat,IN,IN-07-0112,2003,1.094479165441327,-0.7322741050976721,tavg_cwb
wheat,IN,IN-07-0112,2004,1.0783358703307464,-0.818198073703424,tavg_cwb
wheat,IN,IN-07-0112,2005,0.7640622600037565,-0.6999101234803117,tavg_cwb
wheat,IN,IN-07-0112,2006,0.77568079705148,-0.7040553431071589,tavg_cwb
wheat,IN,IN-07-0112,2007,0.8554200267038825,-0.732101905433489,tavg_cwb
wheat,IN,IN-07-0112,2008,0.8659016376006904,-0.3761835186759877,tavg_cwb
wheat,IN,IN-07-0112,2009,1.1242376234007834,-0.6283211394128366,tavg_cwb
wheat,IN,IN-07-0112,2010,1.244058325565863,-0.5829769962491463,tavg_cwb
wheat,IN,IN-07-0112,2011,0.6222906661883342,-0.6594336471473523,tavg_cwb
wheat,IN,IN-07-0112,2012,1.0968170605011105,-0.9341360773943783,tavg_cwb
wheat,IN,IN-07-0112,2013,1.345550299452068,-0.838279632158432,tavg_cwb
wheat,IN,IN-07-0112,2014,0.7697279569794384,-0.3575529805402106,tavg_cwb
wheat,IN,IN-07-0112,2015,0.8054161700988783,-0.5553041438323237,tavg_cwb
wheat,IN,IN-07-0112,2016,1.343593270847656,-0.7536268634566313,tavg_cwb
wheat,IN,IN-07-0112,2017,0.9207092314698762,-0.7922012882478139,tavg_cwb
wheat,IN,IN-07-0113,2003,0.9183558157849873,-0.5683729991971854,tavg_cwb
wheat,IN,IN-07-0113,2004,0.9269175276561206,-0.6560336197353569,tavg_cwb
wheat,IN,IN-07-0113,2005,0.7731417104109467,-0.5857064854964505,tavg_cwb
wheat,IN,IN-07-0113,2006,0.6467477582808496,-0.2798066640719324,tavg_cwb
wheat,IN,IN-07-0113,2007,0.9691841335331371,-0.6601077905135232,tavg_cwb
wheat,IN,IN-07-0113,2008,0.730992696907873,-0.5492734917632044,tavg_cwb
wheat,IN,IN-07-0113,2009,1.323527985251826,-0.6403840849436303,tavg_cwb
wheat,IN,IN-07-0113,2010,1.0006866208488907,-0.5821013426376511,tavg_cwb
wheat,IN,IN-07-0113,2011,0.6684201319667716,-0.6011971862489892,tavg_cwb
wheat,IN,IN-07-0113,2012,0.8201901678563261,-0.7624933142508464,tavg_cwb
wheat,IN,IN-07-0113,2013,0.9717457516012877,-0.6466027350801711,tavg_cwb
wheat,IN,IN-07-0113,2014,0.6492413208291745,-0.21509256474209784,tavg_cwb
wheat,IN,IN-07-0113,2015,0.6142968523773323,-0.20121400457330027,tavg_cwb
wheat,IN,IN-07-0113,2016,1.4679398841681173,-0.7352308099699582,tavg_cwb
wheat,IN,IN-07-0113,2017,1.0504552927060102,-0.7753117106998846,tavg_cwb
wheat,IN,IN-07-0114,2003,0.9865607688903444,-0.5417785021242247,tavg_cwb
wheat,IN,IN-07-0114,2004,0.998316218892616,-0.5821755127057727,tavg_cwb
wheat,IN,IN-07-0114,2005,0.9913725161163451,-0.5643244751775132,tavg_cwb
wheat,IN,IN-07-0114,2006,0.6177011939489944,-0.22823535187767038,tavg_cwb
wheat,IN,IN-07-0114,2007,1.0173806816898883,-0.5887686062312419,tavg_cwb
wheat,IN,IN-07-0114,2008,0.787979395811276,-0.49413093546956677,tavg_cwb
wheat,IN,IN-07-0114,2009,1.5358483846895028,-0.6933569809918275,tavg_cwb
wheat,IN,IN-07-0114,2010,1.088654454571359,-0.4883541297139176,tavg_cwb
wheat,IN,IN-07-0114,2011,0.7750295107160792,-0.5362750234951215,tavg_cwb
wheat,IN,IN-07-0114,2012,0.78732260181856,-0.6430018791917338,tavg_cwb
wheat,IN,IN-07-0114,2013,1.0117822535061602,-0.5415831280371478,tavg_cwb
wheat,IN,IN-07-0114,2014,0.707179203867387,-0.20056282711978798,tavg_cwb
wheat,IN,IN-07-0114,2015,0.5786103267103183,0.006552649825424324,tavg_cwb
wheat,IN,IN-07-0114,2016,1.507366437260255,-0.6428282795302779,tavg_cwb
wheat,IN,IN-07-0114,2017,0.9321640985670434,-0.6464453958806208,tavg_cwb
wheat,IN,IN-07-0115,2003,0.9553037824693096,-0.523564448282625,tavg_cwb
wheat,IN,IN-07-0115,2004,0.8809437293662258,-0.5028968247577649,tavg_cwb
wheat,IN,IN-07-0115,2005,0.8243355123603991,-0.4638449305998483,tavg_cwb
wheat,IN,IN-07-0115,2006,0.5539785832891707,-0.208142293189771,tavg_cwb
wheat,IN,IN-07-0115,2007,0.9637732469398228,-0.595815030787542,tavg_cwb
wheat,IN,IN-07-0115,2008,0.8174573386126162,-0.4819947165838006,tavg_cwb
wheat,IN,IN-07-0115,2009,1.4542549130988416,-0.6881379389144151,tavg_cwb
wheat,IN,IN-07-0115,2010,1.106626995012054,-0.4970347085301856,tavg_cwb
wheat,IN,IN-07-0115,2011,0.7661706665925815,-0.5791336462974371,tavg_cwb
wheat,IN,IN-07-0115,2012,0.8223435681148313,-0.6130899545456923,tavg_cwb
wheat,IN,IN-07-0115,2013,0.9328885635279349,-0.49426579655125036,tavg_cwb
wheat,IN,IN-07-0115,2014,0.6522047685744563,-0.24385357248365916,tavg_cwb
wheat,IN,IN-07-0115,2015,0.5484033810134648,-0.023416019390806887,tavg_cwb
wheat,IN,IN-07-0115,2016,1.2986889658588094,-0.5693768866011605,tavg_cwb
wheat,IN,IN-07-0115,2017,0.9971024403447686,-0.682340892176957,tavg_cwb
wheat,IN,IN-07-0116,2003,1.0995357989543881,-0.47350182914618955,tavg_cwb
wheat,IN,IN-07-0116,2004,0.9984121689389398,-0.4665053934285685,tavg_cwb
wheat,IN,IN-07-0116,2005,1.008789841175252,-0.140262360317467,tavg_cwb
wheat,IN,IN-07-0116,2006,0.7590864352136749,-0.35932726725881264,tavg_cwb
wheat,IN,IN-07-0116,2007,1.1023868893656807,-0.5742286964074986,tavg_cwb
wheat,IN,IN-07-0116,2008,0.9550424225214786,-0.42072507950696497,tavg_cwb
wheat,IN,IN-07-0116,2009,1.424375271339863,-0.5746875102872095,tavg_cwb
wheat,IN,IN-07-0116,2010,1.3091238303853283,-0.4924667130810065,tavg_cwb
wheat,IN,IN-07-0116,2011,1.0845968859064634,-0.5616787262605223,tavg_cwb
wheat,IN,IN-07-0116,2012,1.1462227618985708,-0.6857755060747007,tavg_cwb
wheat,IN,IN-07-0116,2013,1.1000808156324988,-0.49707192831575536,tavg_cwb
wheat,IN,IN-07-0116,2014,0.754788352076035,-0.13810178712381377,tavg_cwb
wheat,IN,IN-07-0116,2015,0.7949724267600408,-0.12905548660373728,tavg_cwb
wheat,IN,IN-07-0116,2016,1.591473290528321,-0.594930877107521,tavg_cwb
wheat,IN,IN-07-0116,2017,1.0622299134537905,-0.6124136012547512,tavg_cwb
wheat,IN,IN-07-0117,2003,1.169437558246781,-0.5100068682878722,tavg_cwb
wheat,IN,IN-07-0117,2004,1.0743850064090814,-0.4749047508017739,tavg_cwb
wheat,IN,IN-07-0117,2005,0.960127232490519,-0.16055505265860254,tavg_cwb
wheat,IN,IN-07-0117,2006,0.7632472542191745,-0.37065240684119843,tavg_cwb
wheat,IN,IN-07-0117,2007,1.1837387650141376,-0.647863910765373,tavg_cwb
wheat,IN,IN-07-0117,2008,1.038816438168254,-0.4432844958702093,tavg_cwb
wheat,IN,IN-07-0117,2009,1.5981626019996653,-0.6950626939774925,tavg_cwb
wheat,IN,IN-07-0117,2010,1.341818430859507,-0.5697328049879186,tavg_cwb
wheat,IN,IN-07-0117,2011,1.016405208926984,-0.6035046910596545,tavg_cwb
wheat,IN,IN-07-0117,2012,1.1140314632422756,-0.6310361199224825,tavg_cwb
wheat,IN,IN-07-0117,2013,1.1501987917896548,-0.5220844384029069,tavg_cwb
wheat,IN,IN-07-0117,2014,0.8889926379372686,-0.23199577171025584,tavg_cwb
wheat,IN,IN-07-0117,2015,0.8724065553036625,-0.23491065038325767,tavg_cwb
wheat,IN,IN-07-0117,2016,1.5149685545461014,-0.5756679631836938,tavg_cwb
wheat,IN,IN-07-0117,2017,1.1552400939311387,-0.6605492520639544,tavg_cwb
wheat,IN,IN-07-0118,2003,1.1643665944548385,-0.5620923616908597,tavg_cwb
wheat,IN,IN-07-0118,2004,1.0575139467190955,-0.5385204541407467,tavg_cwb
wheat,IN,IN-07-0118,2005,0.9591791635470294,-0.23193773049474173,tavg_cwb
wheat,IN,IN-07-0118,2006,0.8034158206959724,-0.4588582402630938,tavg_cwb
wheat,IN,IN-07-0118,2007,1.172255432497901,-0.7021958121999684,tavg_cwb
wheat,IN,IN-07-0118,2008,0.9501526077885493,-0.3688097092262211,tavg_cwb
wheat,IN,IN-07-0118,2009,1.5405133920737468,-0.7663150448521507,tavg_cwb
wheat,IN,IN-07-0118,2010,1.2885284912254962,-0.5523350946960592,tavg_cwb
wheat,IN,IN-07-0118,2011,0.9497841503825524,-0.6302010208819795,tavg_cwb
wheat,IN,IN-07-0118,2012,1.0629858141661934,-0.6166904212394703,tavg_cwb
wheat,IN,IN-07-0118,2013,1.0341145085858872,-0.46571523385986635,tavg_cwb
wheat,IN,IN-07-0118,2014,0.8850098883467626,-0.3490715129559399,tavg_cwb
wheat,IN,IN-07-0118,2015,0.7746761430291205,-0.18268075502030215,tavg_cwb
wheat,IN,IN-07-0118,2016,1.3819736888747514,-0.5380661401331095,tavg_cwb
wheat,IN,IN-07-0118,2017,1.1716706107908545,-0.7350714197009645,tavg_cwb
wheat,IN,IN-07-0119,2003,1.2145070481723035,-0.5640703749856478,tavg_cwb
wheat,IN,IN-07-0119,2004,1.0420112388463814,-0.45004454851492764,tavg_cwb
wheat,IN,IN-07-0119,2005,0.9803565436667163,-0.16427268772364384,tavg_cwb
wheat,IN,IN-07-0119,2006,0.8466380741637606,-0.43857486718364774,tavg_cwb
wheat,IN,IN-07-0119,2007,1.206087521477343,-0.6763488398885333,tavg_cwb
wheat,IN,IN-07-0119,2008,1.0256451307835186,-0.3747367596643198,tavg_cwb
wheat,IN,IN-07-0119,2009,1.5951363524184836,-0.7267203652705009,tavg_cwb
wheat,IN,IN-07-0119,2010,1.340816446689789,-0.5081722784305667,tavg_cwb
wheat,IN,IN-07-0119,2011,1.0476178407180479,-0.6019881210076953,tavg_cwb
wheat,IN,IN-07-0119,2012,1.1626040482067934,-0.606576692484833,tavg_cwb
wheat,IN,IN-07-0119,2013,1.058410783883582,-0.3899037513640346,tavg_cwb
wheat,IN,IN-07-0119,2014,0.986973601247873,-0.37335284930259083,tavg_cwb
wheat,IN,IN-07-0119,2015,0.904191670915057,-0.26735440187450993,tavg_cwb
wheat,IN,IN-07-0119,2016,1.395584615439161,-0.43388494873557826,tavg_cwb
wheat,IN,IN-07-0119,2017,1.2231583038043878,-0.6833038991513147,tavg_cwb
wheat,IN,IN-07-0120,2003,1.4830591160884288,-0.5756154950396515,tavg_cwb
wheat,IN,IN-07-0120,2004,1.30012896598941,-0.5324351689453327,tavg_cwb
wheat,IN,IN-07-0120,2005,1.2641855552912584,-0.3164944341258588,tavg_cwb
wheat,IN,IN-07-0120,2006,1.0831407981412933,-0.44322907639306514,tavg_cwb
wheat,IN,IN-07-0120,2007,1.4566716777787696,-0.7169242308888616,tavg_cwb
wheat,IN,IN-07-0120,2008,1.3398041915269536,-0.46156901554348057,tavg_cwb
wheat,IN,IN-07-0120,2009,1.7633979391645271,-0.7248413573188918,tavg_cwb
wheat,IN,IN-07-0120,2010,1.6817443245874946,-0.6337232813849176,tavg_cwb
wheat,IN,IN-07-0120,2011,1.3190017090949946,-0.605125410167321,tavg_cwb
wheat,IN,IN-07-0120,2012,1.4983142698718943,-0.7281966837099412,tavg_cwb
wheat,IN,IN-07-0120,2013,1.4746806994710762,-0.5836887074683801,tavg_cwb
wheat,IN,IN-07-0120,2014,1.234332380405853,-0.4122195834507123,tavg_cwb
wheat,IN,IN-07-0120,2015,1.1351577548581178,-0.20424624479660172,tavg_cwb
wheat,IN,IN-07-0120,2016,1.844269765820476,-0.6165242510957832,tavg_cwb
wheat,IN,IN-07-0120,2017,1.4736189938470234,-0.7293031277222571,tavg_cwb
wheat,IN,IN-07-0514,2003,0.6248820585692679,-0.5225279354103622,tavg_cwb
wheat,IN,IN-07-0514,2004,0.7298415719784727,-0.637152080670627,tavg_cwb
wheat,IN,IN-07-0514,2005,0.3629238659864216,-0.48788934563120484,tavg_cwb
wheat,IN,IN-07-0514,2006,0.4414490175656288,-0.4018246360478977,tavg_cwb
wheat,IN,IN-07-0514,2007,0.6796895521377287,-0.5990870570307215,tavg_cwb
wheat,IN,IN-07-0514,2008,0.4934280484244379,-0.4461851537936344,tavg_cwb
wheat,IN,IN-07-0514,2009,0.908324183350333,-0.4879286956633632,tavg_cwb
wheat,IN,IN-07-0514,2010,0.7592411297117782,-0.5027364307443123,tavg_cwb
wheat,IN,IN-07-0514,2011,0.25159023128877045,-0.4940720135986594,tavg_cwb
wheat,IN,IN-07-0514,2012,0.6611385815676174,-0.7285773662075703,tavg_cwb
wheat,IN,IN-07-0514,2013,0.8082498268410383,-0.6447564601895421,tavg_cwb
wheat,IN,IN-07-0514,2014,0.28880281440061206,-0.11930983096523527,tavg_cwb
wheat,IN,IN-07-0514,2015,0.49117549136178223,-0.27597965593233054,tavg_cwb
wheat,IN,IN-07-0514,2016,1.185161654812458,-0.6458020751493778,tavg_cwb
wheat,IN,IN-07-0514,2017,0.795325021747772,-0.7123025790258403,tavg_cwb
wheat,IN,IN-07-0515,2003,0.9042580880339367,-0.600152311690907,tavg_cwb
wheat,IN,IN-07-0515,2004,0.8060761046280923,-0.6552831318372155,tavg_cwb
wheat,IN,IN-07-0515,2005,0.6274392242360811,-0.49075491652138714,tavg_cwb
wheat,IN,IN-07-0515,2006,0.5066012932971891,-0.4886754737680997,tavg_cwb
wheat,IN,IN-07-0515,2007,0.670529517840525,-0.5942092934934378,tavg_cwb
wheat,IN,IN-07-0515,2008,0.7776595928550164,-0.3763158630987467,tavg_cwb
wheat,IN,IN-07-0515,2009,1.03763747026451,-0.5454887629737736,tavg_cwb
wheat,IN,IN-07-0515,2010,1.0124518205764461,-0.42728398497995757,tavg_cwb
wheat,IN,IN-07-0515,2011,0.565631379934032,-0.5854960679323254,tavg_cwb
wheat,IN,IN-07-0515,2012,0.9959767535646199,-0.8359043455565486,tavg_cwb
wheat,IN,IN-07-0515,2013,1.1613556481681417,-0.6814642126951249,tavg_cwb
wheat,IN,IN-07-0515,2014,0.5559073414401986,-0.19091142466485828,tavg_cwb
wheat,IN,IN-07-0515,2015,0.6657285281239159,-0.41613667054865583,tavg_cwb
wheat,IN,IN-07-0515,2016,1.3023711511638771,-0.6663602676819697,tavg_cwb
wheat,IN,IN-07-0515,2017,0.7050567636739755,-0.6689522583718867,tavg_cwb
wheat,IN,IN-07-0516,2003,1.534253649081198,-0.6241826872245317,tavg_cwb
wheat,IN,IN-07-0516,2004,1.2971349136083845,-0.44520687947894677,tavg_cwb
wheat,IN,IN-07-0516,2005,1.3775212968589579,-0.4126496548020143,tavg_cwb
wheat,IN,IN-07-0516,2006,1.1714304038118217,-0.49245212037844144,tavg_cwb
wheat,IN,IN-07-0516,2007,1.4178941304236596,-0.702577472752943,tavg_cwb
wheat,IN,IN-07-0516,2008,1.3141854237567518,-0.289373758964512,tavg_cwb
wheat,IN,IN-07-0516,2009,1.7105954237808212,-0.7310830893193436,tavg_cwb
wheat,IN,IN-07-0516,2010,1.6825936249038296,-0.6325755407340459,tavg_cwb
wheat,IN,IN-07-0516,2011,1.3194612988231373,-0.52861619856534,tavg_cwb
wheat,IN,IN-07-0516,2012,1.5149266915659352,-0.7175117647934769,tavg_cwb
wheat,IN,IN-07-0516,2013,1.5344723322795293,-0.6024206842758179,tavg_cwb
wheat,IN,IN-07-0516,2014,1.2525143950895887,-0.45597377987047405,tavg_cwb
wheat,IN,IN-07-0516,2015,1.1791923636649924,-0.3111090975404297,tavg_cwb
wheat,IN,IN-07-0516,2016,1.8625431609179806,-0.6146660043277025,tavg_cwb
wheat,IN,IN-07-0516,2017,1.602274774105693,-0.7683978652003703,tavg_cwb
wheat,IN,IN-07-1072,2003,1.009557209554231,-0.4984321870518028,tavg_cwb
wheat,IN,IN-07-1072,2004,0.8309470237224917,-0.42550950610497523,tavg_cwb
wheat,IN,IN-07-1072,2005,0.8491265364952146,-0.0869218463797365,tavg_cwb
wheat,IN,IN-07-1072,2006,0.733975966224,-0.4082526174427791,tavg_cwb
wheat,IN,IN-07-1072,2007,1.0127743376512668,-0.6337438032334867,tavg_cwb
wheat,IN,IN-07-1072,2008,0.7556728766458669,-0.3120753985701371,tavg_cwb
wheat,IN,IN-07-1072,2009,1.4208404458419421,-0.7129455805652977,tavg_cwb
wheat,IN,IN-07-1072,2010,1.0582741165946907,-0.41866662147831035,tavg_cwb
wheat,IN,IN-07-1072,2011,0.9066368204241019,-0.6106794432643612,tavg_cwb
wheat,IN,IN-07-1072,2012,0.9034917382620202,-0.5351048363659737,tavg_cwb
wheat,IN,IN-07-1072,2013,0.9016977092193296,-0.39043156126662343,tavg_cwb
wheat,IN,IN-07-1072,2014,0.815864484332173,-0.360849000831927,tavg_cwb
wheat,IN,IN-07-1072,2015,0.7175744320238787,-0.31441388307456747,tavg_cwb
wheat,IN,IN-07-1072,2016,1.2228658260759409,-0.38909042739971195,tavg_cwb
wheat,IN,IN-07-1072,2017,1.0643964011010631,-0.7147104157488143,tavg_cwb
wheat,IN,IN-07-1073,2003,1.1141241118815768,-0.6253131817724167,tavg_cwb
wheat,IN,IN-07-1073,2004,1.091365909417385,-0.6890279511362046,tavg_cwb
wheat,IN,IN-07-1073,2005,0.8516061732340127,-0.3315105291991884,tavg_cwb
wheat,IN,IN-07-1073,2006,0.6813055891899403,-0.40687679073445165,tavg_cwb
wheat,IN,IN-07-1073,2007,1.084402730627395,-0.6541528872328487,tavg_cwb
wheat,IN,IN-07-1073,2008,0.9485132160029242,-0.5696578690319233,tavg_cwb
wheat,IN,IN-07-1073,2009,1.2754541518246616,-0.6066049884689309,tavg_cwb
wheat,IN,IN-07-1073,2010,1.1854734451339173,-0.5254859892161845,tavg_cwb
wheat,IN,IN-07-1073,2011,0.956574926338204,-0.6276216879087865,tavg_cwb
wheat,IN,IN-07-1073,2012,1.1639271147713044,-0.8266186104736148,tavg_cwb
wheat,IN,IN-07-1073,2013,1.2478721790357685,-0.6691867430209861,tavg_cwb
wheat,IN,IN-07-1073,2014,0.7451541025520828,-0.21422918344709357,tavg_cwb
wheat,IN,IN-07-1073,2015,0.9607104035578061,-0.3908945410511449,tavg_cwb
wheat,IN,IN-07-1073,2016,1.7042418896591718,-0.7769026223207729,tavg_cwb
wheat,IN,IN-07-1073,2017,1.091184203600002,-0.7346739089283393,tavg_cwb
wheat,IN,IN-07-1074,2003,1.4430788523344455,-0.8783074746805922,tavg_cwb
wheat,IN,IN-07-1074,2004,1.3682252327543734,-0.890795477898789,tavg_cwb
wheat,IN,IN-07-1074,2005,1.0908034467829635,-0.8501993421647123,tavg_cwb
wheat,IN,IN-07-1074,2006,1.1667603404628757,-0.7400908858446497,tavg_cwb
wheat,IN,IN-07-1074,2007,1.4670019958879725,-0.8200876978010387,tavg_cwb
wheat,IN,IN-07-1074,2008,1.0284267864942795,-0.7839791208469113,tavg_cwb
wheat,IN,IN-07-1074,2009,1.7153247761335975,-0.8038816566975461,tavg_cwb
wheat,IN,IN-07-1074,2010,1.5340594712549234,-0.7885372795681663,tavg_cwb
wheat,IN,IN-07-1074,2011,1.027478487027654,-0.7929414971793941,tavg_cwb
wheat,IN,IN-07-1074,2012,1.0326247103013408,-0.8416394532046628,tavg_cwb
wheat,IN,IN-07-1074,2013,1.2842677009898587,-0.85156973195824,tavg_cwb
wheat,IN,IN-07-1074,2014,1.0708018878936358,-0.5990057358365154,tavg_cwb
wheat,IN,IN-07-1074,2015,0.9898655623890198,-0.4708103377971376,tavg_cwb
wheat,IN,IN-07-1074,2016,1.5054480060393387,-0.8171252700983425,tavg_cwb
wheat,IN,IN-07-1074,2017,1.4937443459529423,-0.9329031109812673,tavg_cwb
wheat,IN,IN-07-1075,2003,0.9701958107758719,-0.6346560939353327,tavg_cwb
wheat,IN,IN-07-1075,2004,0.9516508545898477,-0.6764529826379762,tavg_cwb
wheat,IN,IN-07-1075,2005,0.8468468754229593,-0.5324759699109282,tavg_cwb
wheat,IN,IN-07-1075,2006,0.573911401617715,-0.3770418790446067,tavg_cwb
wheat,IN,IN-07-1075,2007,0.9624318083016915,-0.6608173117511265,tavg_cwb
wheat,IN,IN-07-1075,2008,0.7899136715567898,-0.569416602438603,tavg_cwb
wheat,IN,IN-07-1075,2009,1.3005839269711266,-0.7048665018089675,tavg_cwb
wheat,IN,IN-07-1075,2010,1.0460027874197126,-0.5472424443538355,tavg_cwb
wheat,IN,IN-07-1075,2011,0.841324808382132,-0.640932896264856,tavg_cwb
wheat,IN,IN-07-1075,2012,0.9240922203932841,-0.8101303362452127,tavg_cwb
wheat,IN,IN-07-1075,2013,0.9389095067077036,-0.6072466808345599,tavg_cwb
wheat,IN,IN-07-1075,2014,0.6030199766396945,-0.20196743306145254,tavg_cwb
wheat,IN,IN-07-1075,2015,0.656084002389558,-0.20313411143306087,tavg_cwb
wheat,IN,IN-07-1075,2016,1.4927060281146134,-0.7179736484239758,tavg_cwb
wheat,IN,IN-07-1075,2017,1.0583971620788997,-0.8025512247844672,tavg_cwb
wheat,IN,IN-07-2059,2015,1.5365321868497475,-0.7796876920667807,tavg_cwb
wheat,IN,IN-07-2059,2016,1.6738417105680348,-0.9019161884548837,tavg_cwb
wheat,IN,IN-07-2059,2017,1.7400151257273178,-0.9889941187796346,tavg_cwb
wheat,IN,IN-08-0701,2003,0.5955371499069451,-0.15975592304868022,tavg_cwb
wheat,IN,IN-08-0701,2004,0.6205247657015528,-0.047496525845709466,tavg_cwb
wheat,IN,IN-08-0701,2005,0.9458219779785252,-0.2858519714316269,tavg_cwb
wheat,IN,IN-08-0701,2006,0.9582542326367796,-0.49103452403882103,tavg_cwb
wheat,IN,IN-08-0701,2007,0.7688669812402216,-0.22567130626203752,tavg_cwb
wheat,IN,IN-08-0701,2008,0.472182550162884,0.0429956510965999,tavg_cwb
wheat,IN,IN-08-0701,2009,1.1650280723351998,-0.5059216767311964,tavg_cwb
wheat,IN,IN-08-0701,2010,1.020389330464126,-0.5922269914241706,tavg_cwb
wheat,IN,IN-08-0701,2011,0.587666787798194,-0.412450156349329,tavg_cwb
wheat,IN,IN-08-0701,2012,0.7866176266177108,-0.3076590437982234,tavg_cwb
wheat,IN,IN-08-0701,2013,0.6877212711791632,-0.4792159141952885,tavg_cwb
wheat,IN,IN-08-0701,2014,0.6438850038330558,-0.15360674310320077,tavg_cwb
wheat,IN,IN-08-0701,2015,0.7135204626819698,-0.04022351651291483,tavg_cwb
wheat,IN,IN-08-0701,2016,1.188545417781711,-0.0962197105595279,tavg_cwb
wheat,IN,IN-08-0701,2017,0.9327296653749431,-0.26839841242517254,tavg_cwb
wheat,IN,IN-08-0702,2003,1.5676569737164192,-0.5943032248323533,tavg_cwb
wheat,IN,IN-08-0702,2004,1.0996088305118703,-0.20764705710154363,tavg_cwb
wheat,IN,IN-08-0702,2005,1.4794916485334575,-0.5147742105929897,tavg_cwb
wheat,IN,IN-08-0702,2006,1.2118481055485364,-0.488612313040206,tavg_cwb
wheat,IN,IN-08-0702,2007,1.3492442224311603,-0.6145341770647621,tavg_cwb
wheat,IN,IN-08-0702,2008,1.0823270782982897,-0.23056894614842144,tavg_cwb
wheat,IN,IN-08-0702,2009,1.8176912164747416,-0.7589419793541562,tavg_cwb
wheat,IN,IN-08-0702,2010,1.6942413404473147,-0.7894450700051712,tavg_cwb
wheat,IN,IN-08-0702,2011,1.05770092510423,-0.4491708677310081,tavg_cwb
wheat,IN,IN-08-0702,2012,1.4347015934805294,-0.5718950600864199,tavg_cwb
wheat,IN,IN-08-0702,2013,1.4981722752953686,-0.6164781234782974,tavg_cwb
wheat,IN,IN-08-0702,2014,1.2123925426110842,-0.538073129579383,tavg_cwb
wheat,IN,IN-08-0702,2015,1.1519737770759262,-0.4262699470229471,tavg_cwb
wheat,IN,IN-08-0702,2016,1.8590215417046245,-0.4774711356836852,tavg_cwb
wheat,IN,IN-08-0702,2017,1.5256774926135381,-0.7481424845466541,tavg_cwb
wheat,IN,IN-08-0703,2003,1.0236609362451865,-0.05558192902144754,tavg_cwb
wheat,IN,IN-08-0703,2004,0.8591615612197241,0.010530635481266298,tavg_cwb
wheat,IN,IN-08-0703,2005,1.1922716487773328,-0.0784184619444798,tavg_cwb
wheat,IN,IN-08-0703,2006,1.1776914345258778,-0.2752210236529066,tavg_cwb
wheat,IN,IN-08-0703,2007,1.0704662646366563,-0.2778007371049718,tavg_cwb
wheat,IN,IN-08-0703,2008,0.8511731368628536,0.0843586370006435,tavg_cwb
wheat,IN,IN-08-0703,2009,1.5180027870618649,-0.4873558998190885,tavg_cwb
wheat,IN,IN-08-0703,2010,1.3106940375635971,-0.473835256122226,tavg_cwb
wheat,IN,IN-08-0703,2011,0.6778989283901332,-0.13006177237787162,tavg_cwb
wheat,IN,IN-08-0703,2012,1.1068897497004833,-0.16135808166920404,tavg_cwb
wheat,IN,IN-08-0703,2013,1.0530014338869826,-0.35786465814222257,tavg_cwb
wheat,IN,IN-08-0703,2014,0.9891677280395818,-0.09786473618443264,tavg_cwb
wheat,IN,IN-08-0703,2015,0.9251484330767021,-0.041608810369155605,tavg_cwb
wheat,IN,IN-08-0703,2016,1.3701565114730765,0.014903901624349309,tavg_cwb
wheat,IN,IN-08-0703,2017,1.0951630685839338,-0.21973361732011398,tavg_cwb
wheat,IN,IN-08-0704,2003,1.2684154829743859,-0.3041759697396684,tavg_cwb
wheat,IN,IN-08-0704,2004,1.088000981913629,-0.15533044157077203,tavg_cwb
wheat,IN,IN-08-0704,2005,1.255503812845672,-0.17233428320832914,tavg_cwb
wheat,IN,IN-08-0704,2006,1.1655014275527948,-0.3130278815551404,tavg_cwb
wheat,IN,IN-08-0704,2007,1.2117412607570353,-0.37875558032675183,tavg_cwb
wheat,IN,IN-08-0704,2008,0.9846585434738302,-0.10418405904429112,tavg_cwb
wheat,IN,IN-08-0704,2009,1.7495567392434503,-0.6724159555206651,tavg_cwb
wheat,IN,IN-08-0704,2010,1.5392244748251172,-0.6654890154803312,tavg_cwb
wheat,IN,IN-08-0704,2011,0.8394423742472363,-0.2942459635727373,tavg_cwb
wheat,IN,IN-08-0704,2012,1.19737198931834,-0.17906293996973882,tavg_cwb
wheat,IN,IN-08-0704,2013,1.2010715816395636,-0.45994724552367533,tavg_cwb
wheat,IN,IN-08-0704,2014,1.1698079535239523,-0.24037009133369833,tavg_cwb
wheat,IN,IN-08-0704,2015,1.1504881630999608,-0.20749001644762416,tavg_cwb
wheat,IN,IN-08-0704,2016,1.6009768798411579,-0.21228915886163438,tavg_cwb
wheat,IN,IN-08-0705,2003,1.183595379402146,-0.13753619457893063,tavg_cwb
wheat,IN,IN-08-0705,2004,1.1761027104052815,-0.0850167854304073,tavg_cwb
wheat,IN,IN-08-0705,2005,1.460905595281608,-0.36449055652105233,tavg_cwb
wheat,IN,IN-08-0705,2006,1.2813854614975462,-0.3386908201167704,tavg_cwb
wheat,IN,IN-08-0705,2007,1.2139263067128276,-0.4247620285949547,tavg_cwb
wheat,IN,IN-08-0705,2008,1.056066410930587,0.1433256940019848,tavg_cwb
wheat,IN,IN-08-0705,2009,1.5704458974382953,-0.5939508267040665,tavg_cwb
wheat,IN,IN-08-0705,2010,1.4566686751594797,-0.5141021683312178,tavg_cwb
wheat,IN,IN-08-0705,2011,0.8411192473014669,-0.3241527718723683,tavg_cwb
wheat,IN,IN-08-0705,2012,1.3052374502794404,-0.3628475477416168,tavg_cwb
wheat,IN,IN-08-0705,2013,1.2041837609336623,-0.417416377503807,tavg_cwb
wheat,IN,IN-08-0705,2014,1.055267714198163,-0.23711614612795895,tavg_cwb
wheat,IN,IN-08-0705,2015,1.0954818154111103,-0.0993347753273509,tavg_cwb
wheat,IN,IN-08-0705,2016,1.7366816960219646,-0.13412883952164534,tavg_cwb
wheat,IN,IN-08-0705,2017,1.3924314760689824,-0.40611487633707366,tavg_cwb
wheat,IN,IN-08-0706,2003,1.5837415184636032,-0.5728042136239715,tavg_cwb
wheat,IN,IN-08-0706,2004,1.1343326434748318,-0.1404988161460048,tavg_cwb
wheat,IN,IN-08-0706,2005,1.5086045950017857,-0.543258151191688,tavg_cwb
wheat,IN,IN-08-0706,2006,1.2165992048133336,-0.45940675413871,tavg_cwb
wheat,IN,IN-08-0706,2007,1.3469184255059465,-0.5980579238379807,tavg_cwb
wheat,IN,IN-08-0706,2008,1.1516868591160858,-0.22412333660443864,tavg_cwb
wheat,IN,IN-08-0706,2009,1.8391498351608297,-0.8073332537355046,tavg_cwb
wheat,IN,IN-08-0706,2010,1.6861252091306789,-0.7455084385272859,tavg_cwb
wheat,IN,IN-08-0706,2011,1.0782734472776851,-0.4864982157520375,tavg_cwb
wheat,IN,IN-08-0706,2012,1.4586766715635584,-0.560390851941606,tavg_cwb
wheat,IN,IN-08-0706,2013,1.5025438030975842,-0.6251194326424766,tavg_cwb
wheat,IN,IN-08-0706,2014,1.1853121637292863,-0.5309663341837967,tavg_cwb
wheat,IN,IN-08-0706,2015,1.1848068837942414,-0.4444758779929699,tavg_cwb
wheat,IN,IN-08-0706,2016,1.8683108776232877,-0.515205395603051,tavg_cwb
wheat,IN,IN-08-0706,2017,1.5992737217763546,-0.7504761947199866,tavg_cwb
wheat,IN,IN-08-0707,2003,0.7440661577619977,-0.1179757342761402,tavg_cwb
wheat,IN,IN-08-0707,2004,0.6706878348080297,-0.1376013782727303,tavg_cwb
wheat,IN,IN-08-0707,2005,0.8607005548272811,-0.12006670867612011,tavg_cwb
wheat,IN,IN-08-0707,2006,0.8218871814214406,-0.2703512101710443,tavg_cwb
wheat,IN,IN-08-0707,2007,0.743825015003402,-0.2302489848302236,tavg_cwb
wheat,IN,IN-08-0707,2008,0.5948498557163299,-0.08121956765823689,tavg_cwb
wheat,IN,IN-08-0707,2009,1.2637647673205368,-0.5818643769747903,tavg_cwb
wheat,IN,IN-08-0707,2010,1.1215084774639748,-0.6184675156898578,tavg_cwb
wheat,IN,IN-08-0707,2011,0.549781692621546,-0.22160620168493045,tavg_cwb
wheat,IN,IN-08-0707,2012,0.7457399722040389,-0.14476583805984192,tavg_cwb
wheat,IN,IN-08-0707,2013,0.7712570756780025,-0.30640699732047844,tavg_cwb
wheat,IN,IN-08-0707,2014,0.6616322149793127,-0.08196233500405652,tavg_cwb
wheat,IN,IN-08-0707,2015,0.689698395106284,-0.05028294713816366,tavg_cwb
wheat,IN,IN-08-0707,2016,1.2006174871516575,-0.11205162384321844,tavg_cwb
wheat,IN,IN-08-0707,2017,0.9774459959548654,-0.23758379107688793,tavg_cwb
wheat,IN,IN-08-0708,2003,0.6222856109639281,-0.1708874825859232,tavg_cwb
wheat,IN,IN-08-0708,2004,0.39546253844126783,0.1860946871109163,tavg_cwb
wheat,IN,IN-08-0708,2005,0.6821823947439378,-0.3062045852845599,tavg_cwb
wheat,IN,IN-08-0708,2006,0.5071916876663392,-0.26853536505356074,tavg_cwb
wheat,IN,IN-08-0708,2007,0.5300120568570884,-0.3383219471832557,tavg_cwb
wheat,IN,IN-08-0708,2008,0.47803031237131755,0.21896002579384935,tavg_cwb
wheat,IN,IN-08-0708,2009,0.9722613973159098,-0.5859214708069983,tavg_cwb
wheat,IN,IN-08-0708,2010,0.734369628586181,-0.32348760719474845,tavg_cwb
wheat,IN,IN-08-0708,2011,0.2818528457391909,-0.006952552699597331,tavg_cwb
wheat,IN,IN-08-0708,2012,0.6607253701909698,-0.3143256080407255,tavg_cwb
wheat,IN,IN-08-0708,2013,0.6659398839038948,-0.34903103450810813,tavg_cwb
wheat,IN,IN-08-0708,2014,0.42340389172849785,-0.2524928131751748,tavg_cwb
wheat,IN,IN-08-0708,2015,0.5128851237028056,-0.19006414269091051,tavg_cwb
wheat,IN,IN-08-0708,2016,1.1044895960010082,-0.3744497871819039,tavg_cwb
wheat,IN,IN-08-0708,2017,0.9102641757624691,-0.5493344851847437,tavg_cwb
wheat,IN,IN-08-0709,2003,0.46298805349092015,-0.10107806793831262,tavg_cwb
wheat,IN,IN-08-0709,2004,0.5065345920517071,-0.11550620150344365,tavg_cwb
wheat,IN,IN-08-0709,2005,0.7012839372355557,-0.16228219586630804,tavg_cwb
wheat,IN,IN-08-0709,2006,0.6750446484246762,-0.34275846471085275,tavg_cwb
wheat,IN,IN-08-0709,2007,0.5514936689346603,-0.1941171801152845,tavg_cwb
wheat,IN,IN-08-0709,2008,0.353556691760117,-0.04490433918753136,tavg_cwb
wheat,IN,IN-08-0709,2009,1.0113779100873135,-0.5434189376655592,tavg_cwb
wheat,IN,IN-08-0709,2010,0.9396649653309416,-0.5908505511073142,tavg_cwb
wheat,IN,IN-08-0709,2011,0.402808155503709,-0.2676647558355593,tavg_cwb
wheat,IN,IN-08-0709,2012,0.5503751692019859,-0.1707090172540337,tavg_cwb
wheat,IN,IN-08-0709,2013,0.6027368693671551,-0.42321108575675703,tavg_cwb
wheat,IN,IN-08-0709,2014,0.45898682248851325,-0.1415633081350366,tavg_cwb
wheat,IN,IN-08-0709,2015,0.5288901730485656,-0.00948250188237824,tavg_cwb
wheat,IN,IN-08-0709,2016,1.0675285108004866,-0.11333721849923782,tavg_cwb
wheat,IN,IN-08-0709,2017,0.8455857158173526,-0.3400025666299472,tavg_cwb
wheat,IN,IN-08-0710,2003,0.7840722142420421,-0.2703716422824972,tavg_cwb
wheat,IN,IN-08-0710,2004,0.6067541753332576,-0.015158224525466293,tavg_cwb
wheat,IN,IN-08-0710,2005,0.8931644750808218,-0.3871305896930327,tavg_cwb
wheat,IN,IN-08-0710,2006,0.7545540710109603,-0.3065013844009836,tavg_cwb
wheat,IN,IN-08-0710,2007,0.7847633010184654,-0.48275502763062983,tavg_cwb
wheat,IN,IN-08-0710,2008,0.618190205169555,-0.038122956289298134,tavg_cwb
wheat,IN,IN-08-0710,2009,1.3160512323654134,-0.7648125139833837,tavg_cwb
wheat,IN,IN-08-0710,2010,1.1082025037420047,-0.6422125137334775,tavg_cwb
wheat,IN,IN-08-0710,2011,0.42983331273271114,-0.24250031923617668,tavg_cwb
wheat,IN,IN-08-0710,2012,0.9051845098456714,-0.4371318053969968,tavg_cwb
wheat,IN,IN-08-0710,2013,0.805021998990855,-0.36239720063018244,tavg_cwb
wheat,IN,IN-08-0710,2014,0.6573438456393931,-0.3459829543091469,tavg_cwb
wheat,IN,IN-08-0710,2015,0.6450340279249056,-0.21396939955654623,tavg_cwb
wheat,IN,IN-08-0710,2016,1.2653625210847503,-0.25945464494341686,tavg_cwb
wheat,IN,IN-08-0710,2017,1.0901583751990713,-0.6396690481443117,tavg_cwb
wheat,IN,IN-08-0711,2003,1.0014278946039707,-0.2592340382341536,tavg_cwb
wheat,IN,IN-08-0711,2004,0.8852857403865834,-0.03621859336006323,tavg_cwb
wheat,IN,IN-08-0711,2005,1.2573827686907648,-0.34714013720529585,tavg_cwb
wheat,IN,IN-08-0711,2006,1.1260405428387779,-0.31882218798588197,tavg_cwb
wheat,IN,IN-08-0711,2007,1.124406446027559,-0.3863648892463387,tavg_cwb
wheat,IN,IN-08-0711,2008,0.9263200816004811,0.004762963953874962,tavg_cwb
wheat,IN,IN-08-0711,2009,1.4113588848394603,-0.5067330091802318,tavg_cwb
wheat,IN,IN-08-0711,2010,1.2030824626149201,-0.5028761503299946,tavg_cwb
wheat,IN,IN-08-0711,2011,0.7715596238372971,-0.29281271104863943,tavg_cwb
wheat,IN,IN-08-0711,2012,1.0874413888649959,-0.42416624850681023,tavg_cwb
wheat,IN,IN-08-0711,2013,0.9934106071240809,-0.35503635588671045,tavg_cwb
wheat,IN,IN-08-0711,2014,0.9957308969321367,-0.37110074986473235,tavg_cwb
wheat,IN,IN-08-0711,2015,0.9027916407955472,0.016262787272197148,tavg_cwb
wheat,IN,IN-08-0711,2016,1.4237334060559292,-0.11198356688374171,tavg_cwb
wheat,IN,IN-08-0711,2017,1.065073163574672,-0.17117185856569456,tavg_cwb
wheat,IN,IN-08-0712,2003,1.0842272791759497,-0.45492721855300355,tavg_cwb
wheat,IN,IN-08-0712,2004,0.9120652045258079,-0.2585860873453556,tavg_cwb
wheat,IN,IN-08-0712,2005,1.1626287953460257,-0.42024504433704696,tavg_cwb
wheat,IN,IN-08-0712,2006,0.9968300180385643,-0.4208818424922953,tavg_cwb
wheat,IN,IN-08-0712,2007,1.008202191776933,-0.4754523506189782,tavg_cwb
wheat,IN,IN-08-0712,2008,0.7800465706523407,-0.19677120779456228,tavg_cwb
wheat,IN,IN-08-0712,2009,1.5442489297078212,-0.7280462792345378,tavg_cwb
wheat,IN,IN-08-0712,2010,1.3569682500690927,-0.7078533355025894,tavg_cwb
wheat,IN,IN-08-0712,2011,0.7817091691521006,-0.4163598332999987,tavg_cwb
wheat,IN,IN-08-0712,2012,1.019607617485292,-0.3942146667881845,tavg_cwb
wheat,IN,IN-08-0712,2013,1.0676740222050418,-0.48935319434496866,tavg_cwb
wheat,IN,IN-08-0712,2014,1.0058025079422699,-0.4791432117042797,tavg_cwb
wheat,IN,IN-08-0712,2015,1.0162325425307852,-0.40096598425051755,tavg_cwb
wheat,IN,IN-08-0712,2016,1.5327547894487403,-0.42605890909095473,tavg_cwb
wheat,IN,IN-08-0712,2017,1.255887014610182,-0.6536296447835277,tavg_cwb
wheat,IN,IN-08-0713,2003,0.6083321072853066,-0.20327779950912514,tavg_cwb
wheat,IN,IN-08-0713,2004,0.6501274856248516,-0.31105079264913416,tavg_cwb
wheat,IN,IN-08-0713,2005,0.817757579442134,-0.30085465900201414,tavg_cwb
wheat,IN,IN-08-0713,2006,0.7509008170511496,-0.3548730201339142,tavg_cwb
wheat,IN,IN-08-0713,2007,0.7255867395649858,-0.37621190630943624,tavg_cwb
wheat,IN,IN-08-0713,2008,0.5124840652696516,-0.17641431627890297,tavg_cwb
wheat,IN,IN-08-0713,2009,1.2499197044367232,-0.6684463177724709,tavg_cwb
wheat,IN,IN-08-0713,2010,1.1127335880869809,-0.6693138021527703,tavg_cwb
wheat,IN,IN-08-0713,2011,0.6473305761257374,-0.45050785276452554,tavg_cwb
wheat,IN,IN-08-0713,2012,0.6971674103617359,-0.3064625679765826,tavg_cwb
wheat,IN,IN-08-0713,2013,0.7440100630561298,-0.3845035047718618,tavg_cwb
wheat,IN,IN-08-0713,2014,0.6656455581336029,-0.33862175723476273,tavg_cwb
wheat,IN,IN-08-0713,2015,0.784848476639989,-0.29846872226967913,tavg_cwb
wheat,IN,IN-08-0713,2016,1.2754291314776893,-0.3313007124246683,tavg_cwb
wheat,IN,IN-08-0713,2017,1.0413154859427183,-0.6187574440735206,tavg_cwb
wheat,IN,IN-08-0714,2003,0.9642609212989605,-0.11144975485873983,tavg_cwb
wheat,IN,IN-08-0714,2004,1.0039938281384388,-0.42784645545970357,tavg_cwb
wheat,IN,IN-08-0714,2005,1.304869199682198,-0.3283380313831429,tavg_cwb
wheat,IN,IN-08-0714,2006,1.2731510466499627,-0.5074562484903236,tavg_cwb
wheat,IN,IN-08-0714,2007,1.1076660102055798,-0.26921320628011575,tavg_cwb
wheat,IN,IN-08-0714,2008,0.8369048104490866,0.017334675716495912,tavg_cwb
wheat,IN,IN-08-0714,2009,1.508790287234049,-0.5355129191032256,tavg_cwb
wheat,IN,IN-08-0714,2010,1.3494516706721609,-0.7053663026891637,tavg_cwb
wheat,IN,IN-08-0714,2011,0.8281730420717397,-0.3693292580657245,tavg_cwb
wheat,IN,IN-08-0714,2012,1.1674502102082474,-0.3521429862896237,tavg_cwb
wheat,IN,IN-08-0714,2013,1.0721242196225507,-0.5687894951033107,tavg_cwb
wheat,IN,IN-08-0714,2014,1.0466383428377815,-0.29662348474091016,tavg_cwb
wheat,IN,IN-08-0714,2015,0.9620184027583877,0.16227637625566113,tavg_cwb
wheat,IN,IN-08-0714,2016,1.5834862827226381,-0.2720633471485447,tavg_cwb
wheat,IN,IN-08-0714,2017,1.1756569757170674,-0.2096465718285089,tavg_cwb
wheat,IN,IN-08-0716,2003,0.7699956840944757,-0.17214130544732092,tavg_cwb
wheat,IN,IN-08-0716,2004,0.6902758997747918,-0.08669723099274625,tavg_cwb
wheat,IN,IN-08-0716,2005,1.1112979026677807,-0.3541546034987733,tavg_cwb
wheat,IN,IN-08-0716,2006,0.951942150915721,-0.3323241642855895,tavg_cwb
wheat,IN,IN-08-0716,2007,0.8955676678577625,-0.28371669559573115,tavg_cwb
wheat,IN,IN-08-0716,2008,0.6763220128569278,0.05443335041615165,tavg_cwb
wheat,IN,IN-08-0716,2009,1.2264640037750885,-0.4647943895749429,tavg_cwb
wheat,IN,IN-08-0716,2010,1.0266607633754365,-0.5403710688921384,tavg_cwb
wheat,IN,IN-08-0716,2011,0.5371633497262589,-0.20611573296391242,tavg_cwb
wheat,IN,IN-08-0716,2012,0.8873656160224753,-0.41017706468527737,tavg_cwb
wheat,IN,IN-08-0716,2013,0.7543705827128706,-0.37431632243230534,tavg_cwb
wheat,IN,IN-08-0716,2014,0.750936637337788,-0.31630340032535975,tavg_cwb
wheat,IN,IN-08-0716,2015,0.6863406046985148,0.21800704380233393,tavg_cwb
wheat,IN,IN-08-0716,2016,1.2980726379133696,-0.10911969233332178,tavg_cwb
wheat,IN,IN-08-0716,2017,0.8897765738000198,-0.12899903706505506,tavg_cwb
wheat,IN,IN-08-0717,2003,0.9636358534607601,-0.009170790223843503,tavg_cwb
wheat,IN,IN-08-0717,2004,0.8750140764804949,-0.30652128350083446,tavg_cwb
wheat,IN,IN-08-0717,2005,1.1932053554951436,-0.13769860694103223,tavg_cwb
wheat,IN,IN-08-0717,2006,1.200522164837696,-0.4040684267754719,tavg_cwb
wheat,IN,IN-08-0717,2007,1.082259292656119,-0.2445449517459122,tavg_cwb
wheat,IN,IN-08-0717,2008,0.7924722053531528,0.07250301667960225,tavg_cwb
wheat,IN,IN-08-0717,2009,1.5352933098132808,-0.5075023761577657,tavg_cwb
wheat,IN,IN-08-0717,2010,1.2913943773177174,-0.581527428715237,tavg_cwb
wheat,IN,IN-08-0717,2011,0.7238960893369426,-0.265060192108183,tavg_cwb
wheat,IN,IN-08-0717,2012,1.1153413161698684,-0.26579499563358006,tavg_cwb
wheat,IN,IN-08-0717,2013,1.0591737591536101,-0.46725642148119595,tavg_cwb
wheat,IN,IN-08-0717,2014,0.9590479490441164,-0.11258055947529894,tavg_cwb
wheat,IN,IN-08-0717,2015,0.8948172872111382,0.04707723447825626,tavg_cwb
wheat,IN,IN-08-0717,2016,1.4255874731681892,-0.09689289926374856,tavg_cwb
wheat,IN,IN-08-0717,2017,1.125072498957333,-0.182996846702539,tavg_cwb
wheat,IN,IN-08-0718,2003,0.9950931281403391,-0.1498162581447438,tavg_cwb
wheat,IN,IN-08-0718,2004,1.0636820526459057,-0.5021132720671736,tavg_cwb
wheat,IN,IN-08-0718,2005,1.3358499097149221,-0.37639636485119304,tavg_cwb
wheat,IN,IN-08-0718,2006,1.3088093407061585,-0.5887462535235498,tavg_cwb
wheat,IN,IN-08-0718,2007,1.1428221712168434,-0.3055676327630614,tavg_cwb
wheat,IN,IN-08-0718,2008,0.8952912817047939,-0.02623109856716441,tavg_cwb
wheat,IN,IN-08-0718,2009,1.534257806912993,-0.5567590258832514,tavg_cwb
wheat,IN,IN-08-0718,2010,1.3772780851391535,-0.7711259120895141,tavg_cwb
wheat,IN,IN-08-0718,2011,0.9004713509874928,-0.4095663755113744,tavg_cwb
wheat,IN,IN-08-0718,2012,1.2277617486753718,-0.4041185239197935,tavg_cwb
wheat,IN,IN-08-0718,2013,1.1207361659502313,-0.6241217558361902,tavg_cwb
wheat,IN,IN-08-0718,2014,1.0937917831402932,-0.3524598880513627,tavg_cwb
wheat,IN,IN-08-0718,2015,1.0207808482714529,0.14316536228054344,tavg_cwb
wheat,IN,IN-08-0718,2016,1.629952065450015,-0.33895579582434876,tavg_cwb
wheat,IN,IN-08-0718,2017,1.2203540944706133,-0.24942919030650235,tavg_cwb
wheat,IN,IN-08-0719,2003,1.3031315292913248,-0.39928264100516364,tavg_cwb
wheat,IN,IN-08-0719,2004,1.130269052035078,-0.1798309469826514,tavg_cwb
wheat,IN,IN-08-0719,2005,1.3934490867176872,-0.35190636632158745,tavg_cwb
wheat,IN,IN-08-0719,2006,1.177933046001843,-0.2812655633545245,tavg_cwb
wheat,IN,IN-08-0719,2007,1.301531476163695,-0.4820254810628099,tavg_cwb
wheat,IN,IN-08-0719,2008,0.9647997280600489,-0.05671906224636215,tavg_cwb
wheat,IN,IN-08-0719,2009,1.7277770916363853,-0.6947524646835597,tavg_cwb
wheat,IN,IN-08-0719,2010,1.5685871519012518,-0.6328469145982532,tavg_cwb
wheat,IN,IN-08-0719,2011,0.8661468070315208,-0.28831464180635785,tavg_cwb
wheat,IN,IN-08-0719,2012,1.22374449618784,-0.23301813687677203,tavg_cwb
wheat,IN,IN-08-0719,2013,1.269275823150824,-0.49507966968908734,tavg_cwb
wheat,IN,IN-08-0719,2014,1.1935250530753256,-0.39588249728133623,tavg_cwb
wheat,IN,IN-08-0719,2015,1.2208507830846993,-0.29555121492801045,tavg_cwb
wheat,IN,IN-08-0719,2016,1.7181410538089383,-0.32300476138952866,tavg_cwb
wheat,IN,IN-08-0719,2017,1.4108435325966613,-0.5264702635238795,tavg_cwb
wheat,IN,IN-08-0720,2003,0.7608851229426024,-0.018810423919162468,tavg_cwb
wheat,IN,IN-08-0720,2004,0.7431147159776931,-0.03742321097624508,tavg_cwb
wheat,IN,IN-08-0720,2005,0.9764230708988705,-0.24857725446654116,tavg_cwb
wheat,IN,IN-08-0720,2006,0.829018409462773,-0.19534135130541133,tavg_cwb
wheat,IN,IN-08-0720,2007,0.793943123112853,-0.3199853928426469,tavg_cwb
wheat,IN,IN-08-0720,2008,0.6552657822478624,0.2928947689022777,tavg_cwb
wheat,IN,IN-08-0720,2009,1.21953071743154,-0.5243109098711036,tavg_cwb
wheat,IN,IN-08-0720,2010,1.0337507887232271,-0.3526290869263028,tavg_cwb
wheat,IN,IN-08-0720,2013,0.8980433816629445,-0.36305739494490336,tavg_cwb
wheat,IN,IN-08-0721,2003,1.377066294933711,-0.5002705739664254,tavg_cwb
wheat,IN,IN-08-0721,2004,0.9074376387014794,-0.14310580586914376,tavg_cwb
wheat,IN,IN-08-0721,2005,1.2274855478458186,-0.41146280509710165,tavg_cwb
wheat,IN,IN-08-0721,2006,1.031110028106117,-0.468489724315883,tavg_cwb
wheat,IN,IN-08-0721,2007,1.1860558952912685,-0.5790359443603112,tavg_cwb
wheat,IN,IN-08-0721,2008,0.8467306254802182,-0.037905699495981486,tavg_cwb
wheat,IN,IN-08-0721,2009,1.5829562051112114,-0.7180653499590576,tavg_cwb
wheat,IN,IN-08-0721,2010,1.514870771586334,-0.7046766592631425,tavg_cwb
wheat,IN,IN-08-0721,2011,0.9401658901692627,-0.32452148929099534,tavg_cwb
wheat,IN,IN-08-0721,2012,1.1554086629457003,-0.45533927079248604,tavg_cwb
wheat,IN,IN-08-0721,2013,1.325470470698704,-0.5672890149936041,tavg_cwb
wheat,IN,IN-08-0721,2014,1.0084765205294057,-0.47404362501389996,tavg_cwb
wheat,IN,IN-08-0721,2015,0.9028793478146356,-0.3749256914406614,tavg_cwb
wheat,IN,IN-08-0721,2016,1.5150619704137955,-0.29784022633083246,tavg_cwb
wheat,IN,IN-08-0721,2017,1.3165450024910408,-0.69746395707427,tavg_cwb
wheat,IN,IN-08-0722,2003,1.1133043976676311,-0.2890799920122066,tavg_cwb
wheat,IN,IN-08-0722,2004,0.9266034616703983,0.03323017719559214,tavg_cwb
wheat,IN,IN-08-0722,2007,1.0644938184109514,-0.38290095843152716,tavg_cwb
wheat,IN,IN-08-0722,2008,1.0062307416460914,0.13805374074724358,tavg_cwb
wheat,IN,IN-08-0722,2009,1.3883304204486493,-0.5198474181861958,tavg_cwb
wheat,IN,IN-08-0722,2010,1.2527616597386477,-0.42224865056668087,tavg_cwb
wheat,IN,IN-08-0722,2011,0.8927685196373464,-0.16190964471646527,tavg_cwb
wheat,IN,IN-08-0722,2012,1.1801303567358992,-0.45861085065164514,tavg_cwb
wheat,IN,IN-08-0722,2013,1.1822261492768738,-0.4800101824418692,tavg_cwb
wheat,IN,IN-08-0722,2014,0.9744061687162558,-0.3364277097555318,tavg_cwb
wheat,IN,IN-08-0722,2015,1.0281297890434447,-0.31114325648837476,tavg_cwb
wheat,IN,IN-08-0722,2016,1.5962041943081635,-0.5478169432039127,tavg_cwb
wheat,IN,IN-08-0723,2003,0.8461860098814302,-0.425165824720985,tavg_cwb
wheat,IN,IN-08-0723,2004,0.4335765650552608,0.012195097052499403,tavg_cwb
wheat,IN,IN-08-0723,2005,0.8222225794531798,-0.43037129150291276,tavg_cwb
wheat,IN,IN-08-0723,2006,0.5996067139227407,-0.3869453778679394,tavg_cwb
wheat,IN,IN-08-0723,2007,0.6965022044443467,-0.5506111451456231,tavg_cwb
wheat,IN,IN-08-0723,2008,0.49840828097563117,-0.012778509788381898,tavg_cwb
wheat,IN,IN-08-0723,2009,1.1330942543422218,-0.694365024373721,tavg_cwb
wheat,IN,IN-08-0723,2010,0.9024145286099907,-0.5605787261552921,tavg_cwb
wheat,IN,IN-08-0723,2011,0.44554739926093506,-0.2543745009024599,tavg_cwb
wheat,IN,IN-08-0723,2012,0.7823836674457354,-0.4791198829964217,tavg_cwb
wheat,IN,IN-08-0723,2013,0.8934262139192668,-0.5591286278316212,tavg_cwb
wheat,IN,IN-08-0723,2014,0.514211717241776,-0.4091111191879335,tavg_cwb
wheat,IN,IN-08-0723,2015,0.4953443494546547,-0.3325506691640422,tavg_cwb
wheat,IN,IN-08-0723,2016,1.1064965568407572,-0.35598029155791133,tavg_cwb
wheat,IN,IN-08-0723,2017,0.9470076691075213,-0.6838649461524324,tavg_cwb
wheat,IN,IN-08-0724,2003,1.032448721093816,-0.11044725891769853,tavg_cwb
wheat,IN,IN-08-0724,2004,0.7837740442019202,0.22731874510828104,tavg_cwb
wheat,IN,IN-08-0724,2005,1.0563104761291682,-0.2091121254940785,tavg_cwb
wheat,IN,IN-08-0724,2006,0.8795729697580967,-0.17141751559483498,tavg_cwb
wheat,IN,IN-08-0724,2007,0.9882067340589064,-0.37529257258737714,tavg_cwb
wheat,IN,IN-08-0724,2008,0.8441120328431136,0.16671720704603468,tavg_cwb
wheat,IN,IN-08-0724,2009,1.4363816294826672,-0.523458197426001,tavg_cwb
wheat,IN,IN-08-0724,2010,1.1568158477628905,-0.26871314010002934,tavg_cwb
wheat,IN,IN-08-0724,2011,0.6530011544217853,-0.056548498533351206,tavg_cwb
wheat,IN,IN-08-0724,2012,1.092815202817984,-0.2609634649262687,tavg_cwb
wheat,IN,IN-08-0724,2013,1.0346546522241993,-0.26380303405377,tavg_cwb
wheat,IN,IN-08-0724,2014,0.8610006602124178,-0.24470034030504734,tavg_cwb
wheat,IN,IN-08-0724,2015,0.9171812490180363,-0.11120774106091394,tavg_cwb
wheat,IN,IN-08-0724,2016,1.4384596119486988,-0.22499693932164216,tavg_cwb
wheat,IN,IN-08-0724,2017,1.2658326940171762,-0.37951256281909307,tavg_cwb
wheat,IN,IN-08-0725,2003,1.011325405526287,-0.33671467569207786,tavg_cwb
wheat,IN,IN-08-0725,2004,0.7683694374053909,-0.016022194246896538,tavg_cwb
wheat,IN,IN-08-0725,2005,1.2618333495298197,-0.3428602666399863,tavg_cwb
wheat,IN,IN-08-0725,2006,1.1235062436246162,-0.3816631120152704,tavg_cwb
wheat,IN,IN-08-0725,2007,1.0853579959394533,-0.4351657490228033,tavg_cwb
wheat,IN,IN-08-0725,2008,0.8829236723080617,-0.03769420028689694,tavg_cwb
wheat,IN,IN-08-0725,2009,1.4484650783018909,-0.5748808641654624,tavg_cwb
wheat,IN,IN-08-0725,2010,1.2278229908190808,-0.5714108362861821,tavg_cwb
wheat,IN,IN-08-0725,2011,0.7063294246031797,-0.32912640388883774,tavg_cwb
wheat,IN,IN-08-0725,2012,1.0516989139872701,-0.43748234116985585,tavg_cwb
wheat,IN,IN-08-0725,2013,0.9653277597770038,-0.39790527631534034,tavg_cwb
wheat,IN,IN-08-0726,2003,1.0655308741216003,-0.1429323565290169,tavg_cwb
wheat,IN,IN-08-0726,2004,0.915118220295906,0.03449997915377985,tavg_cwb
wheat,IN,IN-08-0726,2005,1.229885770377893,-0.10576340066863735,tavg_cwb
wheat,IN,IN-08-0726,2006,1.2388476927047662,-0.3071555124397556,tavg_cwb
wheat,IN,IN-08-0726,2007,1.0730375063480175,-0.29336708230795977,tavg_cwb
wheat,IN,IN-08-0726,2008,0.8896731201062139,0.07091324686591965,tavg_cwb
wheat,IN,IN-08-0726,2009,1.5133327763707993,-0.4862532593955942,tavg_cwb
wheat,IN,IN-08-0726,2010,1.3568567174197614,-0.4535771311512359,tavg_cwb
wheat,IN,IN-08-0726,2011,0.6967765024658111,-0.17281864633143074,tavg_cwb
wheat,IN,IN-08-0726,2012,1.110043415930864,-0.12831480333328266,tavg_cwb
wheat,IN,IN-08-0726,2013,1.1133542415297082,-0.3532856869454111,tavg_cwb
wheat,IN,IN-08-0726,2014,1.0166990399598463,-0.12623631674834143,tavg_cwb
wheat,IN,IN-08-0726,2015,0.9541795172741175,-0.0035261032854726824,tavg_cwb
wheat,IN,IN-08-0726,2016,1.4619465897672606,-0.014872595626217391,tavg_cwb
wheat,IN,IN-08-0726,2017,1.166692393772131,-0.274910888636127,tavg_cwb
wheat,IN,IN-08-0728,2003,1.6870005038305278,-0.6172133492005821,tavg_cwb
wheat,IN,IN-08-0728,2004,1.4037758975270302,-0.3233588874056602,tavg_cwb
wheat,IN,IN-08-0728,2005,1.7292744989153102,-0.5775525402899203,tavg_cwb
wheat,IN,IN-08-0728,2006,1.398059287380054,-0.44235100890220747,tavg_cwb
wheat,IN,IN-08-0728,2007,1.5462873047567982,-0.6368078083086057,tavg_cwb
wheat,IN,IN-08-0728,2008,1.2251038613389316,-0.24125636972009895,tavg_cwb
wheat,IN,IN-08-0728,2009,1.9864064408932296,-0.8067195394151494,tavg_cwb
wheat,IN,IN-08-0728,2010,1.8644255276858912,-0.8312403313939871,tavg_cwb
wheat,IN,IN-08-0728,2011,1.1172550310528637,-0.3522060928677083,tavg_cwb
wheat,IN,IN-08-0728,2012,1.6572932319115923,-0.6046312788211275,tavg_cwb
wheat,IN,IN-08-0728,2013,1.533939579811467,-0.5363648453702455,tavg_cwb
wheat,IN,IN-08-0728,2014,1.4771640740917436,-0.6085016180006925,tavg_cwb
wheat,IN,IN-08-0728,2015,1.5264196968903905,-0.5385754093289874,tavg_cwb
wheat,IN,IN-08-0728,2016,2.1130639604271226,-0.5402504754792826,tavg_cwb
wheat,IN,IN-08-0728,2017,1.735012793896495,-0.7725186432492936,tavg_cwb
wheat,IN,IN-08-0729,2003,0.8697919430097885,-0.37264472019647177,tavg_cwb
wheat,IN,IN-08-0729,2004,0.5553848796643014,-0.06603157563707142,tavg_cwb
wheat,IN,IN-08-0729,2005,0.9727952033984288,-0.3271759267000891,tavg_cwb
wheat,IN,IN-08-0729,2006,0.8140342977357198,-0.40391353883783504,tavg_cwb
wheat,IN,IN-08-0729,2007,0.886577729830117,-0.48408306521034766,tavg_cwb
wheat,IN,IN-08-0729,2008,0.5588708403204085,-0.17045996815294084,tavg_cwb
wheat,IN,IN-08-0729,2009,1.3710129600434335,-0.6882289506713541,tavg_cwb
wheat,IN,IN-08-0729,2010,1.086958429273501,-0.6330980597154237,tavg_cwb
wheat,IN,IN-08-0729,2011,0.6477126155840813,-0.3942940967918251,tavg_cwb
wheat,IN,IN-08-0729,2012,0.6877716210898785,-0.17681285493742446,tavg_cwb
wheat,IN,IN-08-0729,2013,0.8580128780784315,-0.47047475725660953,tavg_cwb
wheat,IN,IN-08-0729,2014,0.7757300893737642,-0.4318932742503462,tavg_cwb
wheat,IN,IN-08-0729,2015,0.7401319318262165,-0.4144754008500965,tavg_cwb
wheat,IN,IN-08-0729,2016,1.1772004972075087,-0.29844135050276865,tavg_cwb
wheat,IN,IN-08-0729,2017,0.9245880917586039,-0.5969155590215394,tavg_cwb
wheat,IN,IN-08-0730,2003,1.0394725088884111,-0.33294090845760477,tavg_cwb
wheat,IN,IN-08-0730,2004,0.8768120547738749,-0.1597052984203631,tavg_cwb
wheat,IN,IN-08-0730,2005,1.1139767083316743,-0.2995623933830403,tavg_cwb
wheat,IN,IN-08-0730,2006,0.9271467047920445,-0.15425353032871397,tavg_cwb
wheat,IN,IN-08-0730,2007,1.0434911263637523,-0.37087967742351907,tavg_cwb
wheat,IN,IN-08-0730,2008,0.7771201808086123,0.019936848990207697,tavg_cwb
wheat,IN,IN-08-0730,2009,1.4953103002366412,-0.6060200833255671,tavg_cwb
wheat,IN,IN-08-0730,2010,1.339115037905466,-0.5981999503387269,tavg_cwb
wheat,IN,IN-08-0730,2011,0.7220324474387095,-0.1990318547064733,tavg_cwb
wheat,IN,IN-08-0730,2012,0.898524876782949,-0.09002488749896836,tavg_cwb
wheat,IN,IN-08-0730,2013,1.009546125564246,-0.38745630569782513,tavg_cwb
wheat,IN,IN-08-0730,2014,0.9591979019879834,-0.32383688166393754,tavg_cwb
wheat,IN,IN-08-0730,2015,1.016106440496139,-0.15218427199704834,tavg_cwb
wheat,IN,IN-08-0730,2016,1.45014505429601,-0.17695858272602683,tavg_cwb
wheat,IN,IN-08-0730,2017,1.199137774486879,-0.4478201978753853,tavg_cwb
wheat,IN,IN-08-0731,2003,0.8609835150239482,-0.3682558788169097,tavg_cwb
wheat,IN,IN-08-0731,2004,0.6756326798460551,-0.1588207269627803,tavg_cwb
wheat,IN,IN-08-0731,2005,0.9593816668850945,-0.3849961660904546,tavg_cwb
wheat,IN,IN-08-0731,2006,0.9441493970033058,-0.4835867347557234,tavg_cwb
wheat,IN,IN-08-0731,2007,0.9160633580609401,-0.5286972311807377,tavg_cwb
wheat,IN,IN-08-0731,2008,0.6239004656931115,-0.21339249288018192,tavg_cwb
wheat,IN,IN-08-0731,2009,1.3994892939759973,-0.7521140797423502,tavg_cwb
wheat,IN,IN-08-0731,2010,1.1671525462057901,-0.7065539538373371,tavg_cwb
wheat,IN,IN-08-0731,2011,0.6587356649025193,-0.47338990925097,tavg_cwb
wheat,IN,IN-08-0731,2012,0.7545374274323485,-0.2763257999381475,tavg_cwb
wheat,IN,IN-08-0731,2013,0.8819566802768006,-0.5044628637208443,tavg_cwb
wheat,IN,IN-08-0731,2014,0.8678404802889566,-0.4785640410046233,tavg_cwb
wheat,IN,IN-08-0731,2015,0.8284150577453183,-0.39757716064315884,tavg_cwb
wheat,IN,IN-08-0731,2016,1.1924952316474209,-0.30751481712913226,tavg_cwb
wheat,IN,IN-08-0731,2017,1.092885446323929,-0.6714178956141234,tavg_cwb
wheat,IN,IN-08-0732,2003,1.6907594265535133,-0.6480609126769344,tavg_cwb
wheat,IN,IN-08-0732,2004,1.3189688902561467,-0.32307022677604474,tavg_cwb
wheat,IN,IN-08-0732,2005,1.6699136236839518,-0.5909784156773511,tavg_cwb
wheat,IN,IN-08-0732,2006,1.3974506184774977,-0.5026839795611381,tavg_cwb
wheat,IN,IN-08-0732,2007,1.4865025114968349,-0.6351981473356997,tavg_cwb
wheat,IN,IN-08-0732,2008,1.1902167428726949,-0.2841944351693873,tavg_cwb
wheat,IN,IN-08-0732,2009,1.9254522420995603,-0.7613884303095411,tavg_cwb
wheat,IN,IN-08-0732,2010,1.7653705475330828,-0.8058817904081702,tavg_cwb
wheat,IN,IN-08-0732,2011,1.1780324287343544,-0.495106163886878,tavg_cwb
wheat,IN,IN-08-0732,2012,1.6307761848901172,-0.659237747130452,tavg_cwb
wheat,IN,IN-08-0732,2013,1.6091234805377146,-0.6354906229837823,tavg_cwb
wheat,IN,IN-08-0732,2014,1.4331210847825657,-0.6121665567453933,tavg_cwb
wheat,IN,IN-08-0732,2015,1.4397368629612781,-0.5280190841432985,tavg_cwb
wheat,IN,IN-08-0732,2016,2.0796353705745116,-0.5870195665570247,tavg_cwb
wheat,IN,IN-08-0732,2017,1.645376440824997,-0.778331877524608,tavg_cwb
wheat,IN,IN-09-0165,2003,-1.073585029614301,0.8144761691812623,tavg_cwb
wheat,IN,IN-09-0165,2004,-0.5964808083007095,0.36600708598825066,tavg_cwb
wheat,IN,IN-09-0165,2005,-1.099341465628576,1.104820568265299,tavg_cwb
wheat,IN,IN-09-0165,2006,-0.645024154978567,0.2870292553913288,tavg_cwb
wheat,IN,IN-09-0165,2007,-0.8624942235721352,0.939997887406779,tavg_cwb
wheat,IN,IN-09-0165,2008,-1.0015662717155447,0.4032520978066809,tavg_cwb
wheat,IN,IN-09-0165,2009,-0.6011533559948992,0.20877734037398402,tavg_cwb
wheat,IN,IN-09-0165,2010,-0.33913347455563103,-0.11694035320745193,tavg_cwb
wheat,IN,IN-09-0165,2011,-0.9954298977527039,0.6442161702805776,tavg_cwb
wheat,IN,IN-09-0165,2012,-1.1659628923151588,0.35146030093601416,tavg_cwb
wheat,IN,IN-09-0165,2013,-0.9831787794921679,0.7370490385031144,tavg_cwb
wheat,IN,IN-09-0165,2014,-1.355363289121927,0.9747470844524829,tavg_cwb
wheat,IN,IN-09-0165,2015,-1.1357599254725417,1.4001917667199744,tavg_cwb
wheat,IN,IN-09-0165,2016,-0.602972349539223,0.21772598334166404,tavg_cwb
wheat,IN,IN-09-0165,2017,-0.6912101746432789,0.8035959126027191,tavg_cwb
wheat,IN,IN-09-0166,2003,-1.0743925196010597,0.6697975436337038,tavg_cwb
wheat,IN,IN-09-0166,2004,-0.6321613252667999,0.2188666609731478,tavg_cwb
wheat,IN,IN-09-0166,2005,-1.1996409899901725,0.9536430068888428,tavg_cwb
wheat,IN,IN-09-0166,2006,-0.5639462943204046,0.05885120996314605,tavg_cwb
wheat,IN,IN-09-0166,2007,-0.8469725428926519,0.6670958896682851,tavg_cwb
wheat,IN,IN-09-0166,2008,-1.0232473320317395,0.26528240875343984,tavg_cwb
wheat,IN,IN-09-0166,2009,-0.6424694392685072,0.08513904198387467,tavg_cwb
wheat,IN,IN-09-0166,2010,-0.31426617423837144,-0.20994821579561368,tavg_cwb
wheat,IN,IN-09-0166,2011,-0.9856450622220273,0.36599776672655226,tavg_cwb
wheat,IN,IN-09-0166,2012,-1.2406441674244577,0.22505441775716953,tavg_cwb
wheat,IN,IN-09-0166,2013,-1.079220026658223,0.6809553151391539,tavg_cwb
wheat,IN,IN-09-0166,2014,-1.3859511198072392,0.8053012395516382,tavg_cwb
wheat,IN,IN-09-0166,2015,-1.2387972975909625,1.2335679107511854,tavg_cwb
wheat,IN,IN-09-0166,2016,-0.6865379392802534,0.19714742264802645,tavg_cwb
wheat,IN,IN-09-0166,2017,-0.6245349562198235,0.4586934695351848,tavg_cwb
wheat,IN,IN-09-0167,2003,-1.2133484617970918,0.6386801037997779,tavg_cwb
wheat,IN,IN-09-0167,2004,-0.8902227242130608,0.35034419341205286,tavg_cwb
wheat,IN,IN-09-0167,2005,-1.3506738508002485,1.0893778732979598,tavg_cwb
wheat,IN,IN-09-0167,2006,-0.8189483622434444,0.1447302686852284,tavg_cwb
wheat,IN,IN-09-0167,2007,-1.0570424092987576,0.6926636587883737,tavg_cwb
wheat,IN,IN-09-0167,2008,-1.0808423944850936,0.11988113428100372,tavg_cwb
wheat,IN,IN-09-0167,2009,-0.7940075307973938,0.08216676745308606,tavg_cwb
wheat,IN,IN-09-0167,2010,-0.6148901779084158,-0.07982670834653423,tavg_cwb
wheat,IN,IN-09-0167,2011,-1.2489131849418607,0.45917695575514106,tavg_cwb
wheat,IN,IN-09-0167,2012,-1.446430841584115,0.2923823211673918,tavg_cwb
wheat,IN,IN-09-0167,2013,-1.2889030720959458,0.6680732847657882,tavg_cwb
wheat,IN,IN-09-0167,2014,-1.5045468598054994,0.8179591645298384,tavg_cwb
wheat,IN,IN-09-0167,2015,-1.4017098627217195,1.2331315646579044,tavg_cwb
wheat,IN,IN-09-0167,2016,-0.8647996834101812,0.2173898130148075,tavg_cwb
wheat,IN,IN-09-0167,2017,-0.8031191284950367,0.6765345020221247,tavg_cwb
wheat,IN,IN-09-0168,2003,-1.4621295995147126,0.7252653045734649,tavg_cwb
wheat,IN,IN-09-0168,2004,-1.082842460055121,0.41138075154495807,tavg_cwb
wheat,IN,IN-09-0168,2005,-1.5900339146051736,1.1632582749292173,tavg_cwb
wheat,IN,IN-09-0168,2006,-1.1155668887598982,0.2465344061460045,tavg_cwb
wheat,IN,IN-09-0168,2007,-1.3363876390505445,0.8226277809547385,tavg_cwb
wheat,IN,IN-09-0168,2008,-1.3252542363010962,0.15885511883261957,tavg_cwb
wheat,IN,IN-09-0168,2009,-0.9794867226824363,0.11519865700604741,tavg_cwb
wheat,IN,IN-09-0168,2010,-0.8946809087836305,-0.022174090488015524,tavg_cwb
wheat,IN,IN-09-0168,2011,-1.618239892437486,0.6247856371908803,tavg_cwb
wheat,IN,IN-09-0168,2012,-1.755498806202806,0.3950154987880913,tavg_cwb
wheat,IN,IN-09-0168,2013,-1.5816414065259365,0.7769135933909423,tavg_cwb
wheat,IN,IN-09-0168,2014,-1.7855853464192941,0.8968567207135432,tavg_cwb
wheat,IN,IN-09-0168,2015,-1.712770752904311,1.422604144690514,tavg_cwb
wheat,IN,IN-09-0168,2016,-1.1416848549004874,0.27531204817722743,tavg_cwb
wheat,IN,IN-09-0168,2017,-1.1223510407693331,0.9073708483231748,tavg_cwb
wheat,IN,IN-09-0169,2003,-0.9154506057465809,0.649762874640852,tavg_cwb
wheat,IN,IN-09-0169,2004,-0.4354359684912022,0.283368755500546,tavg_cwb
wheat,IN,IN-09-0169,2005,-0.9789174184248346,1.0687945077336019,tavg_cwb
wheat,IN,IN-09-0169,2006,-0.47001611112229713,0.2663739391511499,tavg_cwb
wheat,IN,IN-09-0169,2007,-0.6932183182962044,0.8197370816129191,tavg_cwb
wheat,IN,IN-09-0169,2008,-0.7437679842624895,0.29097923855841773,tavg_cwb
wheat,IN,IN-09-0169,2009,-0.43048983614464253,0.1127338097373146,tavg_cwb
wheat,IN,IN-09-0169,2010,-0.25555911910817825,-0.07593285642498854,tavg_cwb
wheat,IN,IN-09-0169,2011,-0.9256370396504213,0.7067373236623371,tavg_cwb
wheat,IN,IN-09-0169,2012,-1.0399919411378449,0.36827917541204064,tavg_cwb
wheat,IN,IN-09-0169,2013,-0.8521824804925099,0.6587674896254931,tavg_cwb
wheat,IN,IN-09-0169,2014,-1.2135734195454064,0.9724849746520831,tavg_cwb
wheat,IN,IN-09-0169,2015,-0.9730378817255716,1.265809775277404,tavg_cwb
wheat,IN,IN-09-0169,2016,-0.4138518394325324,0.13284613298286424,tavg_cwb
wheat,IN,IN-09-0169,2017,-0.5113456315454431,0.8360937228596698,tavg_cwb
wheat,IN,IN-09-0170,2003,-1.1080913248711985,0.37766310626570665,tavg_cwb
wheat,IN,IN-09-0170,2004,-0.6831581793213647,0.0928292843912999,tavg_cwb
wheat,IN,IN-09-0170,2005,-1.1490109210575432,0.8644950071698976,tavg_cwb
wheat,IN,IN-09-0170,2006,-0.48670267783733157,-0.0211042443584611,tavg_cwb
wheat,IN,IN-09-0170,2007,-0.695295203422541,0.3321715314612156,tavg_cwb
wheat,IN,IN-09-0170,2008,-0.9273450669868022,0.15111987766260812,tavg_cwb
wheat,IN,IN-09-0170,2009,-0.6618112056081331,-0.06218003427676011,tavg_cwb
wheat,IN,IN-09-0170,2010,-0.5029682312992476,-0.10743293191568454,tavg_cwb
wheat,IN,IN-09-0170,2011,-1.2581150747030896,0.7248522778638555,tavg_cwb
wheat,IN,IN-09-0170,2012,-1.240713228756577,0.26520685021627255,tavg_cwb
wheat,IN,IN-09-0170,2013,-1.1771560885029688,0.8503156278788977,tavg_cwb
wheat,IN,IN-09-0170,2014,-1.4154016273324086,0.9956354612239104,tavg_cwb
wheat,IN,IN-09-0170,2015,-1.1193666605048795,1.0032023468478048,tavg_cwb
wheat,IN,IN-09-0170,2016,-0.5855956331380544,-0.05134771723774143,tavg_cwb
wheat,IN,IN-09-0170,2017,-0.5766466757060471,0.3988889053163275,tavg_cwb
wheat,IN,IN-09-0171,2003,-1.5879294799562969,0.6229321059069217,tavg_cwb
wheat,IN,IN-09-0171,2004,-1.1547714236546454,0.2300198502177421,tavg_cwb
wheat,IN,IN-09-0171,2005,-1.690900958992296,1.070089485635694,tavg_cwb
wheat,IN,IN-09-0171,2006,-1.2489576921240055,0.20881621783075607,tavg_cwb
wheat,IN,IN-09-0171,2007,-1.4597164198244652,0.7691449193572558,tavg_cwb
wheat,IN,IN-09-0171,2008,-1.4439582224026155,0.1305077423158473,tavg_cwb
wheat,IN,IN-09-0171,2009,-1.193608238154451,0.11241276639992548,tavg_cwb
wheat,IN,IN-09-0171,2010,-1.075854916704378,-0.02828714151394178,tavg_cwb
wheat,IN,IN-09-0171,2011,-1.8534639747643964,0.664097810263076,tavg_cwb
wheat,IN,IN-09-0171,2012,-1.9229282919537403,0.3672920414414437,tavg_cwb
wheat,IN,IN-09-0171,2013,-1.7504855292945527,0.8618932080902738,tavg_cwb
wheat,IN,IN-09-0171,2014,-1.9989278269483461,0.9944777310536972,tavg_cwb
wheat,IN,IN-09-0171,2015,-1.9044223014922548,1.5445236766058066,tavg_cwb
wheat,IN,IN-09-0171,2016,-1.381771327295352,0.38857197083734696,tavg_cwb
wheat,IN,IN-09-0171,2017,-1.247985285451145,0.7564510570449688,tavg_cwb
wheat,IN,IN-09-0172,2003,-1.5518927957401114,0.5143242723615181,tavg_cwb
wheat,IN,IN-09-0172,2004,-1.0148707093201164,0.09049362655361769,tavg_cwb
wheat,IN,IN-09-0172,2005,-1.7569946491461161,0.9332996680634066,tavg_cwb
wheat,IN,IN-09-0172,2006,-1.341823340124804,0.17338192448363218,tavg_cwb
wheat,IN,IN-09-0172,2007,-1.5009244194385496,0.6409042808309044,tavg_cwb
wheat,IN,IN-09-0172,2008,-1.6991250844953343,0.2493742528830796,tavg_cwb
wheat,IN,IN-09-0172,2009,-1.241833274855025,0.21634819813984474,tavg_cwb
wheat,IN,IN-09-0172,2010,-1.1015907657027029,0.03374131169712228,tavg_cwb
wheat,IN,IN-09-0172,2011,-1.827290004285174,0.4299806921631413,tavg_cwb
wheat,IN,IN-09-0172,2012,-1.9487445819105833,0.239312859738331,tavg_cwb
wheat,IN,IN-09-0172,2013,-1.7570263591901119,0.7058495584333156,tavg_cwb
wheat,IN,IN-09-0172,2014,-1.9731563940290366,0.5990076646631709,tavg_cwb
wheat,IN,IN-09-0172,2015,-1.9735283835470308,1.3410649579670881,tavg_cwb
wheat,IN,IN-09-0172,2016,-1.375011779933435,0.42578105779985626,tavg_cwb
wheat,IN,IN-09-0172,2017,-1.0586645299754105,0.23179121057687468,tavg_cwb
wheat,IN,IN-09-0173,2003,-1.652665135444566,0.4397645011395216,tavg_cwb
wheat,IN,IN-09-0173,2004,-1.159338838146658,0.06526730445405424,tavg_cwb
wheat,IN,IN-09-0173,2005,-1.8906050526373899,1.0085115429160214,tavg_cwb
wheat,IN,IN-09-0173,2006,-1.2972845652226572,0.10470792050691971,tavg_cwb
wheat,IN,IN-09-0173,2007,-1.6674087912338773,0.5830736197181673,tavg_cwb
wheat,IN,IN-09-0173,2008,-1.740066811391505,0.165297238627175,tavg_cwb
wheat,IN,IN-09-0173,2009,-1.3848400741555051,0.21523729016860513,tavg_cwb
wheat,IN,IN-09-0173,2010,-1.279248048565657,0.049381714661581824,tavg_cwb
wheat,IN,IN-09-0173,2011,-1.8901328110816966,0.3075706752731552,tavg_cwb
wheat,IN,IN-09-0173,2012,-1.9939806155020985,0.1304382638377754,tavg_cwb
wheat,IN,IN-09-0173,2013,-1.883969538196346,0.7013952737531222,tavg_cwb
wheat,IN,IN-09-0173,2014,-2.0172002829821363,0.4151391418780889,tavg_cwb
wheat,IN,IN-09-0173,2015,-2.1405841129183494,1.3782001354578375,tavg_cwb
wheat,IN,IN-09-0173,2016,-1.450888799957407,0.3117172531225249,tavg_cwb
wheat,IN,IN-09-0173,2017,-1.209015462667379,0.14812098551091024,tavg_cwb
wheat,IN,IN-09-0174,2003,-1.6154803450574224,0.3666776976905288,tavg_cwb
wheat,IN,IN-09-0174,2004,-1.2029154743762749,0.045577797377296544,tavg_cwb
wheat,IN,IN-09-0174,2005,-1.8359469173865408,0.9298045044164165,tavg_cwb
wheat,IN,IN-09-0174,2006,-1.180537955305822,0.02764009431303483,tavg_cwb
wheat,IN,IN-09-0174,2007,-1.6449494807711715,0.5416232416993167,tavg_cwb
wheat,IN,IN-09-0174,2008,-1.6757454546265707,0.06977194334334133,tavg_cwb
wheat,IN,IN-09-0174,2009,-1.3992735947028963,0.2085256597028388,tavg_cwb
wheat,IN,IN-09-0174,2010,-1.2464648468084734,-0.019889621147000987,tavg_cwb
wheat,IN,IN-09-0174,2011,-1.8295314480108804,0.2524870269064737,tavg_cwb
wheat,IN,IN-09-0174,2012,-1.9892215681947252,0.07459614208545894,tavg_cwb
wheat,IN,IN-09-0174,2013,-1.8805781865422646,0.7522097228426534,tavg_cwb
wheat,IN,IN-09-0174,2014,-1.999406111191169,0.4132063822862733,tavg_cwb
wheat,IN,IN-09-0174,2015,-2.0468814704536284,1.167055775348989,tavg_cwb
wheat,IN,IN-09-0174,2016,-1.4228646455075966,0.23367919701402406,tavg_cwb
wheat,IN,IN-09-0174,2017,-1.1946149845187486,0.10757632365284826,tavg_cwb
wheat,IN,IN-09-0175,2003,-1.8730535566456255,0.6182059529358936,tavg_cwb
wheat,IN,IN-09-0175,2004,-1.4750263486176476,0.26752559058301234,tavg_cwb
wheat,IN,IN-09-0175,2005,-1.871861000979596,0.8786197321441891,tavg_cwb
wheat,IN,IN-09-0175,2006,-1.3017073590283639,0.10808832473323811,tavg_cwb
wheat,IN,IN-09-0175,2007,-1.8007893468953728,0.7139237541551626,tavg_cwb
wheat,IN,IN-09-0175,2008,-1.803776247369649,0.1117382372691749,tavg_cwb
wheat,IN,IN-09-0175,2009,-1.4732885679157401,0.16867201326815293,tavg_cwb
wheat,IN,IN-09-0175,2010,-1.3635416516053036,0.01321754962990283,tavg_cwb
wheat,IN,IN-09-0175,2011,-1.987691766227661,0.4170565009950667,tavg_cwb
wheat,IN,IN-09-0175,2012,-2.1204149614399315,0.1971531208237194,tavg_cwb
wheat,IN,IN-09-0175,2013,-2.070151439767191,0.9570022606383424,tavg_cwb
wheat,IN,IN-09-0175,2014,-2.1869446857969006,0.7456256316033543,tavg_cwb
wheat,IN,IN-09-0175,2015,-2.193079040219231,1.657849657752217,tavg_cwb
wheat,IN,IN-09-0175,2016,-1.6685932517668027,0.3686335579945937,tavg_cwb
wheat,IN,IN-09-0175,2017,-1.5047719662210928,0.4863787619032073,tavg_cwb
wheat,IN,IN-09-0176,2003,-1.611139437309966,0.5729115321768334,tavg_cwb
wheat,IN,IN-09-0176,2004,-1.1743947496159726,0.16055413301036048,tavg_cwb
wheat,IN,IN-09-0176,2005,-1.5755423807902298,0.717699496927349,tavg_cwb
wheat,IN,IN-09-0176,2006,-1.1093903305927952,0.028025767923064673,tavg_cwb
wheat,IN,IN-09-0176,2007,-1.4264003245711547,0.6289802695100243,tavg_cwb
wheat,IN,IN-09-0176,2008,-1.4784971341633448,0.006839827988785022,tavg_cwb
wheat,IN,IN-09-0176,2009,-1.185003535191589,0.02169043722681174,tavg_cwb
wheat,IN,IN-09-0176,2010,-1.0275267081652357,-0.10939002207451816,tavg_cwb
wheat,IN,IN-09-0176,2011,-1.8016174374093743,0.5675378493052471,tavg_cwb
wheat,IN,IN-09-0176,2012,-1.833978618302127,0.14006386140027552,tavg_cwb
wheat,IN,IN-09-0176,2013,-1.7819900075029333,1.013894620836885,tavg_cwb
wheat,IN,IN-09-0176,2014,-1.9687712588052741,0.9526186613725514,tavg_cwb
wheat,IN,IN-09-0176,2015,-1.9105445914240275,1.5864150966522383,tavg_cwb
wheat,IN,IN-09-0176,2016,-1.3638283001422118,0.265120890658851,tavg_cwb
wheat,IN,IN-09-0176,2017,-1.1694748652038351,0.40796299813900283,tavg_cwb
wheat,IN,IN-09-0545,2003,-1.7071835905940147,0.35219904657663903,tavg_cwb
wheat,IN,IN-09-0545,2004,-1.3553770375325769,0.10298257372041784,tavg_cwb
wheat,IN,IN-09-0545,2005,-1.8024403212954538,0.8181387673647401,tavg_cwb
wheat,IN,IN-09-0545,2006,-1.2690186873039002,0.07451611226751186,tavg_cwb
wheat,IN,IN-09-0545,2007,-1.726929363520069,0.5837283373406486,tavg_cwb
wheat,IN,IN-09-0545,2008,-1.7766955549470471,0.07492382996667554,tavg_cwb
wheat,IN,IN-09-0545,2009,-1.4505131654149768,0.24449418046701887,tavg_cwb
wheat,IN,IN-09-0545,2010,-1.3180394093522558,-0.009291231551623222,tavg_cwb
wheat,IN,IN-09-0545,2011,-1.8768237022634275,0.2645358582311451,tavg_cwb
wheat,IN,IN-09-0545,2012,-2.0388655256352872,0.05851804635754672,tavg_cwb
wheat,IN,IN-09-0545,2013,-1.9845534002121141,0.8563781463804581,tavg_cwb
wheat,IN,IN-09-0545,2014,-2.0483427633912563,0.4563184978654388,tavg_cwb
wheat,IN,IN-09-0545,2015,-2.0840183614815504,1.218692349912396,tavg_cwb
wheat,IN,IN-09-0545,2016,-1.501919819274584,0.2608198026302119,tavg_cwb
wheat,IN,IN-09-0545,2017,-1.2616901630191215,0.19465054366300524,tavg_cwb
wheat,IN,IN-09-0546,2003,-1.5656760787602397,0.5510418962791057,tavg_cwb
wheat,IN,IN-09-0546,2004,-1.1661306434453578,0.2058141065202893,tavg_cwb
wheat,IN,IN-09-0546,2005,-1.5811868411192174,0.9999879164511626,tavg_cwb
wheat,IN,IN-09-0546,2006,-1.1233076274074463,0.10552259413280808,tavg_cwb
wheat,IN,IN-09-0546,2007,-1.3182399811079524,0.6278650388093763,tavg_cwb
wheat,IN,IN-09-0546,2008,-1.4207239174528237,0.1072144052507989,tavg_cwb
wheat,IN,IN-09-0546,2009,-1.192613371680436,0.0829332176568763,tavg_cwb
wheat,IN,IN-09-0546,2010,-1.046333969662871,-0.06011554648754044,tavg_cwb
wheat,IN,IN-09-0546,2011,-1.8360668922292542,0.81118752169716,tavg_cwb
wheat,IN,IN-09-0546,2012,-1.8318627513661114,0.3406673875186397,tavg_cwb
wheat,IN,IN-09-0546,2013,-1.7204951073259973,1.0753569276737394,tavg_cwb
wheat,IN,IN-09-0546,2014,-1.955332713199696,1.1512279948016046,tavg_cwb
wheat,IN,IN-09-0546,2015,-1.810876725877398,1.4942994882256604,tavg_cwb
wheat,IN,IN-09-0546,2016,-1.2934712958832695,0.2638374641822823,tavg_cwb
wheat,IN,IN-09-0546,2017,-1.1597271733551806,0.5812618394120048,tavg_cwb
wheat,IN,IN-09-1017,2003,-1.4963092198212065,0.6376852218403455,tavg_cwb
wheat,IN,IN-09-1017,2004,-1.1768821318016016,0.3809242214535381,tavg_cwb
wheat,IN,IN-09-1017,2005,-1.616932634798514,1.1967589027091763,tavg_cwb
wheat,IN,IN-09-1017,2006,-1.103673587734317,0.2221254788121557,tavg_cwb
wheat,IN,IN-09-1017,2007,-1.3242507648662862,0.8643911110458408,tavg_cwb
wheat,IN,IN-09-1017,2008,-1.2666621580776476,0.18538043389866438,tavg_cwb
wheat,IN,IN-09-1017,2009,-1.0604344664981644,0.15411143220231632,tavg_cwb
wheat,IN,IN-09-1017,2010,-0.938026733141795,0.008137182426089006,tavg_cwb
wheat,IN,IN-09-1017,2011,-1.6867767966647202,0.8107084720729629,tavg_cwb
wheat,IN,IN-09-1017,2012,-1.7665907743209344,0.5185909639509367,tavg_cwb
wheat,IN,IN-09-1017,2013,-1.5919405239095286,0.8833553089231008,tavg_cwb
wheat,IN,IN-09-1017,2014,-1.8109357888415534,1.106962797180023,tavg_cwb
wheat,IN,IN-09-1017,2015,-1.6821550070041864,1.341100879623137,tavg_cwb
wheat,IN,IN-09-1017,2016,-1.0984400906187233,0.2075522372291394,tavg_cwb
wheat,IN,IN-09-1017,2017,-1.1366931509241476,0.8577294572755214,tavg_cwb
wheat,IN,IN-09-1018,2003,-1.4666350303481273,0.3242115677652676,tavg_cwb
wheat,IN,IN-09-1018,2004,-0.9838435305647669,-0.022674357007372345,tavg_cwb
wheat,IN,IN-09-1018,2005,-1.7184258187598762,0.8529618077128566,tavg_cwb
wheat,IN,IN-09-1018,2006,-1.0987229394751632,-0.015962726541601586,tavg_cwb
wheat,IN,IN-09-1018,2007,-1.4957003258354282,0.4581425736638265,tavg_cwb
wheat,IN,IN-09-1018,2008,-1.610177218251915,0.10842386743179866,tavg_cwb
wheat,IN,IN-09-1018,2009,-1.27587112432256,0.18061493591010053,tavg_cwb
wheat,IN,IN-09-1018,2010,-1.0673717107648122,-0.035276798513348716,tavg_cwb
wheat,IN,IN-09-1018,2011,-1.6752016551487674,0.21705454619915482,tavg_cwb
wheat,IN,IN-09-1018,2012,-1.815151233151467,0.009058903761386966,tavg_cwb
wheat,IN,IN-09-1018,2013,-1.6860579355169216,0.600075487261612,tavg_cwb
wheat,IN,IN-09-1018,2014,-1.8937500882280742,0.3778091673721755,tavg_cwb
wheat,IN,IN-09-1018,2015,-1.9372909582248103,1.0604942280251912,tavg_cwb
wheat,IN,IN-09-1018,2016,-1.2659294925968985,0.17624645857196003,tavg_cwb
wheat,IN,IN-09-1018,2017,-1.093424215352888,0.01657729155248339,tavg_cwb
wheat,IN,IN-09-1019,2003,-1.696896053555481,0.5515189232306975,tavg_cwb
wheat,IN,IN-09-1019,2004,-1.2456553312187428,0.19616780345204662,tavg_cwb
wheat,IN,IN-09-1019,2005,-1.935458776593535,1.1499195179630457,tavg_cwb
wheat,IN,IN-09-1019,2006,-1.4083339034750815,0.18899111957530249,tavg_cwb
wheat,IN,IN-09-1019,2007,-1.6638819838333923,0.7174174082147236,tavg_cwb
wheat,IN,IN-09-1019,2008,-1.694562400563667,0.1855745304934772,tavg_cwb
wheat,IN,IN-09-1019,2009,-1.3740122690353909,0.22491421547739235,tavg_cwb
wheat,IN,IN-09-1019,2010,-1.3123402646555995,0.05681529223135851,tavg_cwb
wheat,IN,IN-09-1019,2011,-1.9731825495420185,0.4633450696508539,tavg_cwb
wheat,IN,IN-09-1019,2012,-2.063058704491351,0.27084151314640487,tavg_cwb
wheat,IN,IN-09-1019,2013,-1.9259659425222644,0.7718936253822875,tavg_cwb
wheat,IN,IN-09-1019,2014,-2.083166481639843,0.5941985846798863,tavg_cwb
wheat,IN,IN-09-1019,2015,-2.172138818307191,1.5855967023705688,tavg_cwb
wheat,IN,IN-09-1019,2016,-1.6010215676284336,0.44136070401298394,tavg_cwb
wheat,IN,IN-09-1019,2017,-1.3084445463050123,0.41989919267462067,tavg_cwb
wheat,IN,IN-09-2009,2005,-1.4318533787221628,0.9781135857040929,tavg_cwb
wheat,IN,IN-09-2009,2006,-0.9005803925845043,0.11879359345593543,tavg_cwb
wheat,IN,IN-09-2009,2007,-1.0532279236946025,0.5977791071676877,tavg_cwb
wheat,IN,IN-09-2009,2008,-1.2332248463814013,0.1833706242436604,tavg_cwb
wheat,IN,IN-09-2009,2009,-0.856458187188537,0.12236196200828292,tavg_cwb
wheat,IN,IN-09-2009,2010,-0.6230352784731551,-0.1269258429727017,tavg_cwb
wheat,IN,IN-09-2009,2011,-1.297240371659742,0.3377471684558916,tavg_cwb
wheat,IN,IN-09-2009,2012,-1.5879125852875948,0.24058196835437318,tavg_cwb
wheat,IN,IN-09-2009,2013,-1.335258981742924,0.6639490506339769,tavg_cwb
wheat,IN,IN-09-2009,2014,-1.5388291990884493,0.6400270877928085,tavg_cwb
wheat,IN,IN-09-2009,2015,-1.4862700976639087,1.1694156796710269,tavg_cwb
wheat,IN,IN-09-2009,2016,-0.9685862721770648,0.25729170199698026,tavg_cwb
wheat,IN,IN-09-2009,2017,-0.7254646857914612,0.28435689967522465,tavg_cwb
wheat,IN,IN-09-2010,2006,-1.3243216692283575,0.1085266607482365,tavg_cwb
wheat,IN,IN-09-2010,2007,-1.7884996348290028,0.708645177236766,tavg_cwb
wheat,IN,IN-09-2010,2008,-1.7919282593102064,0.14696919769448688,tavg_cwb
wheat,IN,IN-09-2010,2009,-1.4648799849518441,0.20044424047898798,tavg_cwb
wheat,IN,IN-09-2010,2010,-1.378262183655324,0.01931453344849896,tavg_cwb
wheat,IN,IN-09-2010,2011,-1.972549150202557,0.35469291983650925,tavg_cwb
wheat,IN,IN-09-2010,2012,-2.130679932638801,0.20507974522137604,tavg_cwb
wheat,IN,IN-09-2010,2013,-2.0423884517151367,0.8999451351142577,tavg_cwb
wheat,IN,IN-09-2010,2014,-2.160962640263319,0.5872373305957881,tavg_cwb
wheat,IN,IN-09-2010,2015,-2.2216680601609964,1.6254129851484524,tavg_cwb
wheat,IN,IN-09-2010,2016,-1.675569502156111,0.3479122832725207,tavg_cwb
wheat,IN,IN-09-2010,2017,-1.4427116385421574,0.41236858372757895,tavg_cwb
wheat,IN,IN-09-2011,2005,-1.1370649956936467,0.7024386143252866,tavg_cwb
wheat,IN,IN-09-2011,2006,-0.5728680385293562,-0.2051583354997496,tavg_cwb
wheat,IN,IN-09-2011,2007,-0.7723201871571411,0.16979697257070955,tavg_cwb
wheat,IN,IN-09-2011,2008,-0.9261963544102891,-0.12303952274939747,tavg_cwb
wheat,IN,IN-09-2011,2009,-0.6764539570386936,-0.23066981764681976,tavg_cwb
wheat,IN,IN-09-2011,2010,-0.5860352492644235,-0.17108789666672147,tavg_cwb
wheat,IN,IN-09-2011,2011,-1.3477968293367173,0.49862073842730015,tavg_cwb
wheat,IN,IN-09-2011,2012,-1.3232276661299134,0.044932190485316624,tavg_cwb
wheat,IN,IN-09-2011,2013,-1.2664504467798847,0.8627589193061262,tavg_cwb
wheat,IN,IN-09-2011,2014,-1.4064763644217,0.8058054658653208,tavg_cwb
wheat,IN,IN-09-2011,2015,-1.2817404244219504,1.0264247044097443,tavg_cwb
wheat,IN,IN-09-2011,2016,-0.746370156182671,-0.0915580514119444,tavg_cwb
wheat,IN,IN-09-2011,2017,-0.6361778476878424,0.13129173300950575,tavg_cwb
wheat,IN,IN-09-2030,2012,-0.6082078835471921,0.32579270229370955,tavg_cwb
wheat,IN,IN-09-2030,2013,-0.3699322923286409,0.5626265836245141,tavg_cwb
wheat,IN,IN-09-2030,2014,-0.7860096396273761,0.8776260742920443,tavg_cwb
wheat,IN,IN-09-2030,2015,-0.531175538557057,1.3807328312687042,tavg_cwb
wheat,IN,IN-09-2030,2016,-0.04692536325899599,0.15068340640059785,tavg_cwb
wheat,IN,IN-09-2030,2017,-0.16233872744240252,0.8591879097420543,tavg_cwb
wheat,IN,IN-09-2043,2012,-1.7121586720356579,-0.023566357237244814,tavg_cwb
wheat,IN,IN-09-2043,2013,-1.4863710679995574,0.4774476957935725,tavg_cwb
wheat,IN,IN-09-2043,2014,-1.7239016327204575,0.23852776923490784,tavg_cwb
wheat,IN,IN-09-2043,2015,-1.7404894878764017,0.8723333565013195,tavg_cwb
wheat,IN,IN-09-2043,2016,-1.124898378047112,0.12589919661424812,tavg_cwb
wheat,IN,IN-09-2043,2017,-0.9679534360787718,-0.020633135874695178,tavg_cwb
wheat,IN,IN-10-0139,2003,0.18797565276462833,-0.6544925952907752,tavg_cwb
wheat,IN,IN-10-0139,2004,0.3140830464649984,-0.8607607529414297,tavg_cwb
wheat,IN,IN-10-0139,2005,-0.20254113975502316,-0.5602639860866947,tavg_cwb
wheat,IN,IN-10-0139,2006,0.2759406951924786,-0.7533282877128563,tavg_cwb
wheat,IN,IN-10-0139,2007,0.10240457654979612,-0.5930034339331458,tavg_cwb
wheat,IN,IN-10-0139,2008,-0.13244325721919262,-0.6710974523304821,tavg_cwb
wheat,IN,IN-10-0139,2009,0.46114463755925156,-0.7755325772020576,tavg_cwb
wheat,IN,IN-10-0139,2010,0.7513632535134976,-0.8864838840780844,tavg_cwb
wheat,IN,IN-10-0139,2011,-0.36294368862230636,-0.5047001479416455,tavg_cwb
wheat,IN,IN-10-0139,2012,-0.2703593738485077,-0.7254359671594557,tavg_cwb
wheat,IN,IN-10-0139,2013,-0.12347028041901958,-0.591131922437782,tavg_cwb
wheat,IN,IN-10-0139,2014,-0.526234336721216,-0.31639019117035183,tavg_cwb
wheat,IN,IN-10-0139,2015,-0.26283260310507645,-0.3022968587503331,tavg_cwb
wheat,IN,IN-10-0139,2016,0.35170683092377414,-0.7903068884190052,tavg_cwb
wheat,IN,IN-10-0139,2017,0.2574031902577517,-0.7459640424532338,tavg_cwb
wheat,IN,IN-10-0140,2003,-0.8185999963145454,-0.11256458295968477,tavg_cwb
wheat,IN,IN-10-0140,2004,-0.5163870831402925,-0.2955595928007015,tavg_cwb
wheat,IN,IN-10-0140,2005,-0.7058801065926091,-0.17055238215026863,tavg_cwb
wheat,IN,IN-10-0140,2006,-0.48427888311300166,-0.3238773857620427,tavg_cwb
wheat,IN,IN-10-0140,2007,-0.6648980217569619,0.011302795004990332,tavg_cwb
wheat,IN,IN-10-0140,2008,-0.914327955809745,-0.3115541183048776,tavg_cwb
wheat,IN,IN-10-0140,2009,-0.42693970637380124,-0.38297236808620266,tavg_cwb
wheat,IN,IN-10-0140,2010,-0.15666537685892365,-0.3603594686841649,tavg_cwb
wheat,IN,IN-10-0140,2011,-1.1232494109151976,-0.052471533817113454,tavg_cwb
wheat,IN,IN-10-0140,2012,-1.1008504193768422,-0.2767690318230493,tavg_cwb
wheat,IN,IN-10-0140,2013,-1.0057409715981582,0.1382484966175936,tavg_cwb
wheat,IN,IN-10-0140,2014,-1.2250541679270557,0.25151464545493324,tavg_cwb
wheat,IN,IN-10-0140,2015,-1.0725297043069657,0.42189910103983613,tavg_cwb
wheat,IN,IN-10-0140,2016,-0.4504070450521624,-0.2998054244456055,tavg_cwb
wheat,IN,IN-10-0140,2017,-0.4264230872633467,-0.26077848083493554,tavg_cwb
wheat,IN,IN-10-0141,2003,0.9358733001562768,-0.6653521640386353,tavg_cwb
wheat,IN,IN-10-0141,2004,0.8331635068361094,-0.8029060551692228,tavg_cwb
wheat,IN,IN-10-0141,2005,0.44615481024667414,-0.7072025943043801,tavg_cwb
wheat,IN,IN-10-0141,2006,0.6916044545259505,-0.6990195854227965,tavg_cwb
wheat,IN,IN-10-0141,2007,0.8489377249886675,-0.670287666212516,tavg_cwb
wheat,IN,IN-10-0141,2008,0.4179454647566618,-0.7043233572846882,tavg_cwb
wheat,IN,IN-10-0141,2009,1.176399885726124,-0.7145980065339661,tavg_cwb
wheat,IN,IN-10-0141,2010,1.051494934189157,-0.7105873837536293,tavg_cwb
wheat,IN,IN-10-0141,2011,0.6502286126112966,-0.7094929000079528,tavg_cwb
wheat,IN,IN-10-0141,2012,0.5034674533361967,-0.7424341073344534,tavg_cwb
wheat,IN,IN-10-0141,2013,0.7292701457635168,-0.7393290848444574,tavg_cwb
wheat,IN,IN-10-0141,2014,0.4498296955769223,-0.42162302425951276,tavg_cwb
wheat,IN,IN-10-0141,2015,0.5882447363376894,-0.43660506119319115,tavg_cwb
wheat,IN,IN-10-0141,2016,0.900230337182223,-0.7218867238072165,tavg_cwb
wheat,IN,IN-10-0141,2017,0.8610863926466437,-0.7559371653341787,tavg_cwb
wheat,IN,IN-10-0142,2003,0.7086219548798642,-1.0196431301228694,tavg_cwb
wheat,IN,IN-10-0142,2004,0.7814667376597471,-1.163832300280153,tavg_cwb
wheat,IN,IN-10-0142,2005,0.3604275121691455,-1.0005446946962486,tavg_cwb
wheat,IN,IN-10-0142,2006,0.695395983814273,-1.1293246274333797,tavg_cwb
wheat,IN,IN-10-0142,2007,0.5334433723516663,-0.8498104582011642,tavg_cwb
wheat,IN,IN-10-0142,2008,0.22057965079645875,-1.0345816477517764,tavg_cwb
wheat,IN,IN-10-0142,2009,0.8439219138896664,-1.0628324813610137,tavg_cwb
wheat,IN,IN-10-0142,2010,1.037100001034436,-1.2257603474545522,tavg_cwb
wheat,IN,IN-10-0142,2011,0.35633451296521074,-0.9422212926435586,tavg_cwb
wheat,IN,IN-10-0142,2012,0.13093431017650126,-1.0633851558359892,tavg_cwb
wheat,IN,IN-10-0142,2013,0.3194091289319404,-0.8812805866030783,tavg_cwb
wheat,IN,IN-10-0142,2014,0.13094490154474614,-0.9418813984600664,tavg_cwb
wheat,IN,IN-10-0142,2015,0.4212410652636861,-0.9542387394678086,tavg_cwb
wheat,IN,IN-10-0142,2016,0.603507920973609,-1.0502571636597386,tavg_cwb
wheat,IN,IN-10-0142,2017,0.8099659679047024,-1.1202564357087152,tavg_cwb
wheat,IN,IN-10-0143,2003,-1.0576466637707038,0.04584543896269029,tavg_cwb
wheat,IN,IN-10-0143,2004,-0.9159792906492072,-0.03384192633147354,tavg_cwb
wheat,IN,IN-10-0143,2005,-0.8588703802736745,-0.09309302819117354,tavg_cwb
wheat,IN,IN-10-0143,2006,-0.7778513000385385,-0.1428807299372428,tavg_cwb
wheat,IN,IN-10-0143,2007,-0.905098465149298,0.11439178575137601,tavg_cwb
wheat,IN,IN-10-0143,2008,-1.1758463331136588,-0.1892207587162604,tavg_cwb
wheat,IN,IN-10-0143,2009,-0.7214100490097877,-0.17786870519527684,tavg_cwb
wheat,IN,IN-10-0143,2010,-0.4934523018240428,-0.12408520875763326,tavg_cwb
wheat,IN,IN-10-0143,2011,-1.2622078079811463,-0.011945367872463416,tavg_cwb
wheat,IN,IN-10-0143,2012,-1.2317236236475342,-0.16693872170531307,tavg_cwb
wheat,IN,IN-10-0143,2013,-1.2040464550458723,0.21580292215953828,tavg_cwb
wheat,IN,IN-10-0143,2014,-1.3197613630705978,0.38502870516466403,tavg_cwb
wheat,IN,IN-10-0143,2015,-1.2088110640271428,0.4897067826516688,tavg_cwb
wheat,IN,IN-10-0143,2016,-0.6530278130816529,-0.16064371928130697,tavg_cwb
wheat,IN,IN-10-0143,2017,-0.7860052509180255,-0.0768675279184108,tavg_cwb
wheat,IN,IN-10-0144,2003,0.3883344729208924,-0.6549482707428487,tavg_cwb
wheat,IN,IN-10-0144,2004,0.5658089035221346,-0.9044472130648099,tavg_cwb
wheat,IN,IN-10-0144,2005,-0.11586422306652824,-0.5908182475442979,tavg_cwb
wheat,IN,IN-10-0144,2006,0.32795944878308336,-0.7380200703521274,tavg_cwb
wheat,IN,IN-10-0144,2007,0.15638181877573737,-0.5907707785150299,tavg_cwb
wheat,IN,IN-10-0144,2008,-0.1563108634500947,-0.6461036469771425,tavg_cwb
wheat,IN,IN-10-0144,2009,0.5706427189170279,-0.7488331385527831,tavg_cwb
wheat,IN,IN-10-0144,2010,0.9197208810432478,-0.8926801580584834,tavg_cwb
wheat,IN,IN-10-0144,2011,-0.05409796304322924,-0.626909685675749,tavg_cwb
wheat,IN,IN-10-0144,2012,-0.15976629733207237,-0.728141157249881,tavg_cwb
wheat,IN,IN-10-0144,2013,0.009681809471374458,-0.6060345674057324,tavg_cwb
wheat,IN,IN-10-0144,2014,-0.42711243088048384,-0.2553130482799416,tavg_cwb
wheat,IN,IN-10-0144,2015,-0.16325468839712745,-0.29679739472201216,tavg_cwb
wheat,IN,IN-10-0144,2016,0.4063519113650664,-0.7597852556116366,tavg_cwb
wheat,IN,IN-10-0144,2017,0.294269263012942,-0.7014021162765491,tavg_cwb
wheat,IN,IN-10-0145,2003,-0.002318889079484674,-0.7819848001720612,tavg_cwb
wheat,IN,IN-10-0145,2004,0.3762421764996742,-0.9518324418273558,tavg_cwb
wheat,IN,IN-10-0145,2005,-0.2723726048447514,-0.5400593291434366,tavg_cwb
wheat,IN,IN-10-0145,2006,0.24518796441804974,-0.929238936247538,tavg_cwb
wheat,IN,IN-10-0145,2007,0.012997598941126145,-0.5678086441715708,tavg_cwb
wheat,IN,IN-10-0145,2008,-0.20374315597327655,-0.8088770562241463,tavg_cwb
wheat,IN,IN-10-0145,2009,0.23407778738070092,-0.800001623266723,tavg_cwb
wheat,IN,IN-10-0145,2010,0.5783295908709423,-1.0534609187358226,tavg_cwb
wheat,IN,IN-10-0145,2011,-0.3154921342404374,-0.7800140173389316,tavg_cwb
wheat,IN,IN-10-0145,2012,-0.4742037870275351,-0.8649174723662353,tavg_cwb
wheat,IN,IN-10-0145,2013,-0.3483056419843598,-0.5331574903150809,tavg_cwb
wheat,IN,IN-10-0145,2014,-0.4152305009452946,-0.7033101468494714,tavg_cwb
wheat,IN,IN-10-0145,2015,-0.43599022179215613,-0.4337828787184745,tavg_cwb
wheat,IN,IN-10-0145,2016,-0.017990370545259333,-0.7877874866696125,tavg_cwb
wheat,IN,IN-10-0145,2017,0.34453251871226276,-0.9484751750503668,tavg_cwb
wheat,IN,IN-10-0146,2003,0.428029275078077,-0.5311946093402264,tavg_cwb
wheat,IN,IN-10-0146,2004,0.615610216448182,-0.7455883311458191,tavg_cwb
wheat,IN,IN-10-0146,2005,-0.05462504256322593,-0.4549800960748187,tavg_cwb
wheat,IN,IN-10-0146,2006,0.3835346704938434,-0.5609799586323134,tavg_cwb
wheat,IN,IN-10-0146,2007,0.25370773616071357,-0.44706807522094943,tavg_cwb
wheat,IN,IN-10-0146,2008,-0.06404216834901089,-0.5669317989769733,tavg_cwb
wheat,IN,IN-10-0146,2009,0.7193776784395839,-0.6786713330352699,tavg_cwb
wheat,IN,IN-10-0146,2010,0.9493557538624153,-0.7611134501118444,tavg_cwb
wheat,IN,IN-10-0146,2011,0.033675204497636224,-0.5489520769912627,tavg_cwb
wheat,IN,IN-10-0146,2012,-0.11625428006291978,-0.6097124899551479,tavg_cwb
wheat,IN,IN-10-0146,2013,0.13069430220736714,-0.525570757561515,tavg_cwb
wheat,IN,IN-10-0146,2014,-0.3487181444366625,-0.07957706973374108,tavg_cwb
wheat,IN,IN-10-0146,2015,-0.1583186799695643,-0.12510325543433107,tavg_cwb
wheat,IN,IN-10-0146,2016,0.5775267232515464,-0.687828351699998,tavg_cwb
wheat,IN,IN-10-0146,2017,0.3835018452802206,-0.5962620171498987,tavg_cwb
wheat,IN,IN-10-0147,2003,0.2862226485569632,-0.6032298113322467,tavg_cwb
wheat,IN,IN-10-0147,2004,0.4812448501880862,-0.8694380670248419,tavg_cwb
wheat,IN,IN-10-0147,2005,-0.16288592177639927,-0.6210082396702206,tavg_cwb
wheat,IN,IN-10-0147,2006,0.2956201853814891,-0.7235045066585234,tavg_cwb
wheat,IN,IN-10-0147,2007,0.12223459485710017,-0.6099819709674957,tavg_cwb
wheat,IN,IN-10-0147,2008,-0.30891755631164364,-0.6077959963220559,tavg_cwb
wheat,IN,IN-10-0147,2009,0.6211984013841272,-0.7430487485275841,tavg_cwb
wheat,IN,IN-10-0147,2010,0.7054646910380085,-0.8241910255685422,tavg_cwb
wheat,IN,IN-10-0147,2011,-0.015278204189138936,-0.6455172274779198,tavg_cwb
wheat,IN,IN-10-0147,2012,-0.23450139439558385,-0.6771085116611725,tavg_cwb
wheat,IN,IN-10-0147,2013,-0.11461099880474329,-0.5965864104251323,tavg_cwb
wheat,IN,IN-10-0147,2014,-0.44461715916793215,-0.2588466250211199,tavg_cwb
wheat,IN,IN-10-0147,2015,-0.22547426764987838,-0.2690653980624725,tavg_cwb
wheat,IN,IN-10-0147,2016,0.21922245905786059,-0.6799858337095415,tavg_cwb
wheat,IN,IN-10-0147,2017,0.21587883583505554,-0.6746009503409469,tavg_cwb
wheat,IN,IN-10-0148,2003,-0.22890941100310838,-0.6257703429376228,tavg_cwb
wheat,IN,IN-10-0148,2004,0.13961807368658677,-0.8107928775063536,tavg_cwb
wheat,IN,IN-10-0148,2005,-0.48847501657061826,-0.390055938783385,tavg_cwb
wheat,IN,IN-10-0148,2006,0.06604364493037605,-0.7824897458222195,tavg_cwb
wheat,IN,IN-10-0148,2007,-0.21159748866611097,-0.4033520866152406,tavg_cwb
wheat,IN,IN-10-0148,2008,-0.3720616819134848,-0.705272139315788,tavg_cwb
wheat,IN,IN-10-0148,2009,0.04714846141487658,-0.7321324541340023,tavg_cwb
wheat,IN,IN-10-0148,2010,0.3820693863698342,-0.8988856255706059,tavg_cwb
wheat,IN,IN-10-0148,2011,-0.5559071479586745,-0.6004107874279746,tavg_cwb
wheat,IN,IN-10-0148,2012,-0.6667516085427395,-0.7206494064909593,tavg_cwb
wheat,IN,IN-10-0148,2013,-0.5446058898590547,-0.4122389951563035,tavg_cwb
wheat,IN,IN-10-0148,2014,-0.6412876424783979,-0.5240355548107054,tavg_cwb
wheat,IN,IN-10-0148,2015,-0.68052866173604,-0.2115968708499962,tavg_cwb
wheat,IN,IN-10-0148,2016,-0.14585488023871052,-0.7020383069697556,tavg_cwb
wheat,IN,IN-10-0148,2017,0.1630069818565517,-0.8016957617034239,tavg_cwb
wheat,IN,IN-10-0149,2003,0.7701897575240508,-0.615297944864642,tavg_cwb
wheat,IN,IN-10-0149,2004,0.843382781305672,-0.9105303160382906,tavg_cwb
wheat,IN,IN-10-0149,2005,0.283985844890393,-0.734405684300572,tavg_cwb
wheat,IN,IN-10-0149,2006,0.6231129815390318,-0.7739286832155802,tavg_cwb
wheat,IN,IN-10-0149,2007,0.6637987669466288,-0.6917764134134756,tavg_cwb
wheat,IN,IN-10-0149,2008,0.21139852723609817,-0.7329721046323261,tavg_cwb
wheat,IN,IN-10-0149,2009,1.1689388233636773,-0.813730944275892,tavg_cwb
wheat,IN,IN-10-0149,2010,0.9368004407849886,-0.7940448876590138,tavg_cwb
wheat,IN,IN-10-0149,2011,0.5386936051581449,-0.7656963767613981,tavg_cwb
wheat,IN,IN-10-0149,2012,0.287190517492054,-0.7738057110029863,tavg_cwb
wheat,IN,IN-10-0149,2013,0.5212637138581966,-0.790991511072726,tavg_cwb
wheat,IN,IN-10-0149,2014,0.24003553632037555,-0.504380425000022,tavg_cwb
wheat,IN,IN-10-0149,2015,0.39491189938780713,-0.43683452133820083,tavg_cwb
wheat,IN,IN-10-0149,2016,0.7945856403451157,-0.805597443853222,tavg_cwb
wheat,IN,IN-10-0149,2017,0.7095297299844775,-0.7819526965625664,tavg_cwb
wheat,IN,IN-10-0150,2003,-0.8341064317536571,-0.17807551024576107,tavg_cwb
wheat,IN,IN-10-0150,2004,-0.44723518114327754,-0.3137003796860413,tavg_cwb
wheat,IN,IN-10-0150,2005,-1.0445127653947661,0.1995137102732627,tavg_cwb
wheat,IN,IN-10-0150,2006,-0.6207418030076677,-0.3660435958484183,tavg_cwb
wheat,IN,IN-10-0150,2007,-0.7865371407310617,0.025835182174530652,tavg_cwb
wheat,IN,IN-10-0150,2008,-1.1289689102656864,-0.18777216646983858,tavg_cwb
wheat,IN,IN-10-0150,2009,-0.7629978087824186,-0.06607412846423502,tavg_cwb
wheat,IN,IN-10-0150,2010,-0.38795707191511386,-0.39939926092824357,tavg_cwb
wheat,IN,IN-10-0150,2011,-1.1655251995922173,-0.1694539482382301,tavg_cwb
wheat,IN,IN-10-0150,2012,-1.3216827964854996,-0.29249327925319385,tavg_cwb
wheat,IN,IN-10-0150,2013,-1.0581963918883026,0.14355736833258495,tavg_cwb
wheat,IN,IN-10-0150,2014,-1.2540548891428764,-0.12354395714582841,tavg_cwb
wheat,IN,IN-10-0150,2015,-1.1825986266517468,0.21184035382052652,tavg_cwb
wheat,IN,IN-10-0150,2016,-0.829443096793668,-0.17706977694640888,tavg_cwb
wheat,IN,IN-10-0150,2017,-0.5639204056465008,-0.2895243429933614,tavg_cwb
wheat,IN,IN-10-0151,2003,-0.37407273660117646,-0.4588272307479432,tavg_cwb
wheat,IN,IN-10-0151,2004,-0.11290386106175969,-0.6397657827756016,tavg_cwb
wheat,IN,IN-10-0151,2005,-0.49125776384797526,-0.40728089231211684,tavg_cwb
wheat,IN,IN-10-0151,2006,-0.1107716955702171,-0.5545531117938046,tavg_cwb
wheat,IN,IN-10-0151,2007,-0.22536489215335354,-0.3597131910113276,tavg_cwb
wheat,IN,IN-10-0151,2008,-0.575767536694117,-0.531942991427789,tavg_cwb
wheat,IN,IN-10-0151,2009,-0.005101463962992386,-0.6286843110410982,tavg_cwb
wheat,IN,IN-10-0151,2010,0.2132922859976923,-0.6215676273147444,tavg_cwb
wheat,IN,IN-10-0151,2011,-0.8247198843345491,-0.2899823896278216,tavg_cwb
wheat,IN,IN-10-0151,2012,-0.7856788517391273,-0.5077651677959886,tavg_cwb
wheat,IN,IN-10-0151,2013,-0.5869042070312798,-0.3065883877102916,tavg_cwb
wheat,IN,IN-10-0151,2014,-0.904251922752163,-0.1120672653270485,tavg_cwb
wheat,IN,IN-10-0151,2015,-0.7319090112440584,0.021485055946252937,tavg_cwb
wheat,IN,IN-10-0151,2016,-0.10783147208246402,-0.5803786235518955,tavg_cwb
wheat,IN,IN-10-0151,2017,-0.13999836975671853,-0.52501493773189,tavg_cwb
wheat,IN,IN-10-0152,2003,0.2742244703400008,-0.8617871557657865,tavg_cwb
wheat,IN,IN-10-0152,2004,0.6161958620459336,-1.074745200780583,tavg_cwb
wheat,IN,IN-10-0152,2005,-0.032043187604478524,-0.774527152898494,tavg_cwb
wheat,IN,IN-10-0152,2006,0.35114025271793153,-0.9844354771754398,tavg_cwb
wheat,IN,IN-10-0152,2007,0.12962725475158013,-0.6482760328286473,tavg_cwb
wheat,IN,IN-10-0152,2008,-0.07405425382669639,-0.8813259502246851,tavg_cwb
wheat,IN,IN-10-0152,2009,0.3354191895221763,-0.8057244709049629,tavg_cwb
wheat,IN,IN-10-0152,2010,0.7600159935529714,-1.1250094491038307,tavg_cwb
wheat,IN,IN-10-0152,2011,-0.1059535553685663,-0.8033584238270268,tavg_cwb
wheat,IN,IN-10-0152,2012,-0.2889853496234929,-0.9072745227478627,tavg_cwb
wheat,IN,IN-10-0152,2013,-0.056175505799986564,-0.7153715469687816,tavg_cwb
wheat,IN,IN-10-0152,2014,-0.2597255436781387,-0.8174849557601583,tavg_cwb
wheat,IN,IN-10-0152,2015,-0.11673948241850444,-0.6973090243485864,tavg_cwb
wheat,IN,IN-10-0152,2016,0.16174413983625546,-0.8581164302692945,tavg_cwb
wheat,IN,IN-10-0152,2017,0.48905184311532185,-1.0107181417323856,tavg_cwb
wheat,IN,IN-10-0153,2003,0.6892423988780553,-0.7719343067142158,tavg_cwb
wheat,IN,IN-10-0153,2004,0.6068547933313613,-0.9074410313922071,tavg_cwb
wheat,IN,IN-10-0153,2005,0.23305657460185084,-0.7678557497257175,tavg_cwb
wheat,IN,IN-10-0153,2006,0.4481087185975442,-0.8095582371244879,tavg_cwb
wheat,IN,IN-10-0153,2007,0.367828795326735,-0.6299022867709745,tavg_cwb
wheat,IN,IN-10-0153,2008,0.04933046587814114,-0.7583048864850933,tavg_cwb
wheat,IN,IN-10-0153,2009,0.7797948785044817,-0.8103441310723386,tavg_cwb
wheat,IN,IN-10-0153,2010,0.8046512426948607,-0.9153259033914232,tavg_cwb
wheat,IN,IN-10-0153,2011,0.23709953737871745,-0.7203612536250037,tavg_cwb
wheat,IN,IN-10-0153,2012,-0.010844392667752068,-0.777305307871173,tavg_cwb
wheat,IN,IN-10-0153,2013,0.20115864438485287,-0.690204800405629,tavg_cwb
wheat,IN,IN-10-0153,2014,-0.00547192113778069,-0.6800047085910184,tavg_cwb
wheat,IN,IN-10-0153,2015,0.5083603645629979,-0.7899655248840041,tavg_cwb
wheat,IN,IN-10-0153,2016,0.5102350367380794,-0.8217675054186236,tavg_cwb
wheat,IN,IN-10-0153,2017,0.6403597105733025,-0.8419557005890512,tavg_cwb
wheat,IN,IN-10-0154,2003,0.6961674687040027,-0.6854039322848172,tavg_cwb
wheat,IN,IN-10-0154,2004,0.6593411008659749,-0.8102645653838351,tavg_cwb
wheat,IN,IN-10-0154,2005,0.04091761468548333,-0.588650549574573,tavg_cwb
wheat,IN,IN-10-0154,2006,0.43794690257205515,-0.6541904948964528,tavg_cwb
wheat,IN,IN-10-0154,2007,0.25591648712203197,-0.5378585747589935,tavg_cwb
wheat,IN,IN-10-0154,2008,-0.08829455509852699,-0.5971396692101034,tavg_cwb
wheat,IN,IN-10-0154,2009,0.7033718614334771,-0.6064849362954357,tavg_cwb
wheat,IN,IN-10-0154,2010,0.9039701131940054,-0.7239104862048718,tavg_cwb
wheat,IN,IN-10-0154,2011,0.2681702789057741,-0.6556222723750701,tavg_cwb
wheat,IN,IN-10-0154,2012,0.014753740757112787,-0.5959591411448055,tavg_cwb
wheat,IN,IN-10-0154,2013,0.02472178017191546,-0.4050701156463144,tavg_cwb
wheat,IN,IN-10-0154,2014,-0.1520521846579867,-0.005230469168672236,tavg_cwb
wheat,IN,IN-10-0154,2015,-0.1325733947573043,0.05063982845237467,tavg_cwb
wheat,IN,IN-10-0154,2016,0.47106328262144515,-0.6099878070170047,tavg_cwb
wheat,IN,IN-10-0154,2017,0.41435980156838637,-0.6660034871907359,tavg_cwb
wheat,IN,IN-10-0155,2003,-0.5356201182776728,-0.31205179027206875,tavg_cwb
wheat,IN,IN-10-0155,2004,-0.13734459032918003,-0.5657281993365955,tavg_cwb
wheat,IN,IN-10-0155,2005,-0.6601760963225922,-0.24573542220928377,tavg_cwb
wheat,IN,IN-10-0155,2006,-0.08821004618969813,-0.5735424002679591,tavg_cwb
wheat,IN,IN-10-0155,2007,-0.33749433214544095,-0.24983897002621228,tavg_cwb
wheat,IN,IN-10-0155,2008,-0.5619192160088426,-0.5503849186786626,tavg_cwb
wheat,IN,IN-10-0155,2009,-0.2288360966092001,-0.5583843646980694,tavg_cwb
wheat,IN,IN-10-0155,2010,0.12196086475643894,-0.6248328851301993,tavg_cwb
wheat,IN,IN-10-0155,2011,-0.8422087280767895,-0.27252020520750664,tavg_cwb
wheat,IN,IN-10-0155,2012,-0.8802743793766536,-0.5233172034236289,tavg_cwb
wheat,IN,IN-10-0155,2013,-0.7219087202485176,-0.16369440295338913,tavg_cwb
wheat,IN,IN-10-0155,2014,-0.921330357405801,-0.16343471217367977,tavg_cwb
wheat,IN,IN-10-0155,2015,-0.793113627653445,0.08776333564918466,tavg_cwb
wheat,IN,IN-10-0155,2016,-0.32369889242818184,-0.488889601244869,tavg_cwb
wheat,IN,IN-10-0155,2017,-0.07459267729020741,-0.5708219885920901,tavg_cwb
wheat,IN,IN-10-0156,2003,0.21656224121913623,-0.7917108661529602,tavg_cwb
wheat,IN,IN-10-0156,2004,0.44845449223286205,-1.0554928216743258,tavg_cwb
wheat,IN,IN-10-0156,2005,-0.01825916953885446,-0.861399181740186,tavg_cwb
wheat,IN,IN-10-0156,2006,0.352448344254987,-1.024033222710681,tavg_cwb
wheat,IN,IN-10-0156,2007,0.20758173951831146,-0.7498942246673762,tavg_cwb
wheat,IN,IN-10-0156,2008,-0.11098387965555274,-0.9092267561285049,tavg_cwb
wheat,IN,IN-10-0156,2009,0.4254267701746639,-0.9301607507522442,tavg_cwb
wheat,IN,IN-10-0156,2010,0.7469221267812233,-1.1647553405111266,tavg_cwb
wheat,IN,IN-10-0156,2011,-0.09942345880442906,-0.8390747475144045,tavg_cwb
wheat,IN,IN-10-0156,2012,-0.2502528887257561,-0.9684818128202906,tavg_cwb
wheat,IN,IN-10-0156,2013,-0.1344023799676351,-0.7262750831520798,tavg_cwb
wheat,IN,IN-10-0156,2014,-0.3084901600668724,-0.7942589751523162,tavg_cwb
wheat,IN,IN-10-0156,2015,-0.12591684541995896,-0.7284822079595943,tavg_cwb
wheat,IN,IN-10-0156,2016,0.22557382628323847,-0.9336774092786725,tavg_cwb
wheat,IN,IN-10-0156,2017,0.4574283225643572,-1.0269198290407187,tavg_cwb
wheat,IN,IN-10-0157,2003,0.44448745866681477,-0.5377182326209475,tavg_cwb
wheat,IN,IN-10-0157,2004,0.49869313273959814,-0.6722765485546346,tavg_cwb
wheat,IN,IN-10-0157,2005,-0.1261367314341037,-0.4237143983714394,tavg_cwb
wheat,IN,IN-10-0157,2006,0.21001057187307398,-0.4965214452567519,tavg_cwb
wheat,IN,IN-10-0157,2007,0.13655281365742367,-0.3992880764132124,tavg_cwb
wheat,IN,IN-10-0157,2008,-0.22897802765634584,-0.5068960785654861,tavg_cwb
wheat,IN,IN-10-0157,2009,0.5928424131753829,-0.5907404193126284,tavg_cwb
wheat,IN,IN-10-0157,2010,0.7929936635666008,-0.6559009018614365,tavg_cwb
wheat,IN,IN-10-0157,2011,0.10589406306105179,-0.5677673747828144,tavg_cwb
wheat,IN,IN-10-0157,2012,-0.15605112225274032,-0.5373758019136957,tavg_cwb
wheat,IN,IN-10-0157,2013,0.04773381711885917,-0.42665902619871854,tavg_cwb
wheat,IN,IN-10-0157,2014,-0.2732148727916286,-0.034646838835506816,tavg_cwb
wheat,IN,IN-10-0157,2015,-0.1658812358825718,-0.028727195124051457,tavg_cwb
wheat,IN,IN-10-0157,2016,0.44065944969562476,-0.5900185899479227,tavg_cwb
wheat,IN,IN-10-0157,2017,0.26574124488951906,-0.5308315455055094,tavg_cwb
wheat,IN,IN-10-0158,2003,-0.12114554916012424,-0.6281167876924444,tavg_cwb
wheat,IN,IN-10-0158,2004,0.10888917903645866,-0.840854120860303,tavg_cwb
wheat,IN,IN-10-0158,2005,-0.32768167339437415,-0.6138539768617154,tavg_cwb
wheat,IN,IN-10-0158,2006,0.03832129801597192,-0.7682886560206921,tavg_cwb
wheat,IN,IN-10-0158,2007,-0.06892889179170202,-0.5816903752640875,tavg_cwb
wheat,IN,IN-10-0158,2008,-0.3925322047823598,-0.6985226612985674,tavg_cwb
wheat,IN,IN-10-0158,2009,0.15823465423166733,-0.7437401277305353,tavg_cwb
wheat,IN,IN-10-0158,2010,0.44489781852335036,-0.9149456968382413,tavg_cwb
wheat,IN,IN-10-0158,2011,-0.4768345544236931,-0.5522303514448967,tavg_cwb
wheat,IN,IN-10-0158,2012,-0.48486982272237983,-0.7562717305792412,tavg_cwb
wheat,IN,IN-10-0158,2013,-0.3992833961694293,-0.5435623865192113,tavg_cwb
wheat,IN,IN-10-0158,2014,-0.6035561728937807,-0.5058647275105189,tavg_cwb
wheat,IN,IN-10-0158,2015,-0.4082402480730394,-0.39681336870543454,tavg_cwb
wheat,IN,IN-10-0158,2016,0.03351826170209034,-0.7593079558838043,tavg_cwb
wheat,IN,IN-10-0158,2017,0.16038440571842524,-0.8177234165127206,tavg_cwb
wheat,IN,IN-10-0159,2003,0.5290378656820215,-0.761296554665149,tavg_cwb
wheat,IN,IN-10-0159,2004,0.5240908463211265,-0.9146092933592629,tavg_cwb
wheat,IN,IN-10-0159,2005,0.08595512937635233,-0.7151721243880118,tavg_cwb
wheat,IN,IN-10-0159,2006,0.2758083983652078,-0.7496070884102487,tavg_cwb
wheat,IN,IN-10-0159,2007,0.20963940522585003,-0.5976871371848012,tavg_cwb
wheat,IN,IN-10-0159,2008,-0.09479797452599953,-0.6938193179687546,tavg_cwb
wheat,IN,IN-10-0159,2009,0.6146675966858424,-0.7728107450091418,tavg_cwb
wheat,IN,IN-10-0159,2010,0.7715801012993458,-0.9138465764121377,tavg_cwb
wheat,IN,IN-10-0159,2011,0.06580012077056147,-0.68000087658317,tavg_cwb
wheat,IN,IN-10-0159,2012,-0.11954350808014304,-0.757811269832838,tavg_cwb
wheat,IN,IN-10-0159,2013,0.019535162658001575,-0.6702608802417125,tavg_cwb
wheat,IN,IN-10-0159,2014,-0.24094638985385589,-0.5570608531879699,tavg_cwb
wheat,IN,IN-10-0159,2015,0.1889668132446614,-0.6222897329706589,tavg_cwb
wheat,IN,IN-10-0159,2016,0.4060616438900549,-0.7843836650386676,tavg_cwb
wheat,IN,IN-10-0159,2017,0.40226720471416005,-0.7748354052605695,tavg_cwb
wheat,IN,IN-10-0160,2003,-0.12499874343320647,-0.41009683088794147,tavg_cwb
wheat,IN,IN-10-0160,2004,-0.06831263095869972,-0.46897058140707015,tavg_cwb
wheat,IN,IN-10-0160,2005,-0.37881063510217766,-0.2935786257221015,tavg_cwb
wheat,IN,IN-10-0160,2006,-0.0584509768573348,-0.37794743375924267,tavg_cwb
wheat,IN,IN-10-0160,2007,-0.22332090671254345,-0.19925170426991354,tavg_cwb
wheat,IN,IN-10-0160,2008,-0.548064230056522,-0.41093196693138906,tavg_cwb
wheat,IN,IN-10-0160,2009,0.1915890466084401,-0.5108733677983791,tavg_cwb
wheat,IN,IN-10-0160,2010,0.40506516451551783,-0.5273866773743954,tavg_cwb
wheat,IN,IN-10-0160,2011,-0.5936270695680836,-0.31751364911094326,tavg_cwb
wheat,IN,IN-10-0160,2012,-0.6318698913097909,-0.41100879944738694,tavg_cwb
wheat,IN,IN-10-0160,2013,-0.3339587032383753,-0.33584640923557835,tavg_cwb
wheat,IN,IN-10-0160,2014,-0.7211136555309996,0.048402878599263184,tavg_cwb
wheat,IN,IN-10-0160,2015,-0.6044901336408169,0.1643197614302833,tavg_cwb
wheat,IN,IN-10-0160,2016,0.07186110968099936,-0.4924412447722252,tavg_cwb
wheat,IN,IN-10-0160,2017,-0.12282847505027283,-0.34819910761842177,tavg_cwb
wheat,IN,IN-10-0161,2003,-0.3539368403277132,-0.5352828085836856,tavg_cwb
wheat,IN,IN-10-0161,2004,-0.11011574544843156,-0.6998067141440008,tavg_cwb
wheat,IN,IN-10-0161,2005,-0.5428932913322058,-0.4256261572099241,tavg_cwb
wheat,IN,IN-10-0161,2006,-0.03241989839260919,-0.6568211408460295,tavg_cwb
wheat,IN,IN-10-0161,2007,-0.15787810078860676,-0.47069242600471356,tavg_cwb
wheat,IN,IN-10-0161,2008,-0.46733448488048607,-0.6556137858120367,tavg_cwb
wheat,IN,IN-10-0161,2009,-0.035559728673892364,-0.7004150486865168,tavg_cwb
wheat,IN,IN-10-0161,2010,0.27933058693742197,-0.7698301943759522,tavg_cwb
wheat,IN,IN-10-0161,2011,-0.7349192367687721,-0.384615480256312,tavg_cwb
wheat,IN,IN-10-0161,2012,-0.7402321499884075,-0.6597088353603315,tavg_cwb
wheat,IN,IN-10-0161,2013,-0.5863768020133797,-0.37867419527776264,tavg_cwb
wheat,IN,IN-10-0161,2014,-0.7739654764122732,-0.33449157590683365,tavg_cwb
wheat,IN,IN-10-0161,2015,-0.6712352801995461,-0.11286413367422712,tavg_cwb
wheat,IN,IN-10-0161,2016,-0.169857863177328,-0.6441190190708557,tavg_cwb
wheat,IN,IN-10-0161,2017,-0.044608053427512215,-0.6497574915492057,tavg_cwb
wheat,IN,IN-10-0162,2003,0.5150938269092904,-0.576586014008016,tavg_cwb
wheat,IN,IN-10-0162,2004,0.42380417637310447,-0.7168075084985963,tavg_cwb
wheat,IN,IN-10-0162,2005,0.0752017712915679,-0.6072156614958008,tavg_cwb
wheat,IN,IN-10-0162,2006,0.31690549692162395,-0.6064495881100478,tavg_cwb
wheat,IN,IN-10-0162,2007,0.248575284845837,-0.520617893556027,tavg_cwb
wheat,IN,IN-10-0162,2008,-0.10840413319060951,-0.5627546764421628,tavg_cwb
wheat,IN,IN-10-0162,2009,0.6439395540930237,-0.6382894034005315,tavg_cwb
wheat,IN,IN-10-0162,2010,0.6280851909297098,-0.7036357675660577,tavg_cwb
wheat,IN,IN-10-0162,2011,0.06340109855931086,-0.5715178888561474,tavg_cwb
wheat,IN,IN-10-0162,2012,-0.18713242101710226,-0.5826771869992993,tavg_cwb
wheat,IN,IN-10-0162,2013,0.028209097070247706,-0.5377924724757941,tavg_cwb
wheat,IN,IN-10-0162,2014,-0.19471319282106087,-0.49206341685377936,tavg_cwb
wheat,IN,IN-10-0162,2015,0.18437305853401315,-0.4984574658501607,tavg_cwb
wheat,IN,IN-10-0162,2016,0.34217385365414804,-0.6356636614456055,tavg_cwb
wheat,IN,IN-10-0162,2017,0.3729727347240103,-0.6260930766219726,tavg_cwb
wheat,IN,IN-10-0163,2003,0.052407067854019114,-0.510220990728648,tavg_cwb
wheat,IN,IN-10-0163,2004,0.2226165461581802,-0.6919727413524058,tavg_cwb
wheat,IN,IN-10-0163,2005,-0.28144789306183254,-0.4299571295541607,tavg_cwb
wheat,IN,IN-10-0163,2006,0.07930390459812434,-0.5433989870705739,tavg_cwb
wheat,IN,IN-10-0163,2007,-0.036522993475802595,-0.3929752922972123,tavg_cwb
wheat,IN,IN-10-0163,2008,-0.3749103504065467,-0.5229646620651827,tavg_cwb
wheat,IN,IN-10-0163,2009,0.38005747559538333,-0.6599828018211008,tavg_cwb
wheat,IN,IN-10-0163,2010,0.6292939403525324,-0.7215031518488383,tavg_cwb
wheat,IN,IN-10-0163,2011,-0.5151550192889157,-0.3865299165917383,tavg_cwb
wheat,IN,IN-10-0163,2012,-0.4878081446415327,-0.549318142954254,tavg_cwb
wheat,IN,IN-10-0163,2013,-0.22598307270320603,-0.46510805334508004,tavg_cwb
wheat,IN,IN-10-0163,2014,-0.6608901505910817,-0.0902975729355459,tavg_cwb
wheat,IN,IN-10-0163,2015,-0.5094536819658617,-0.01880358298546627,tavg_cwb
wheat,IN,IN-10-0163,2016,0.2837779830340999,-0.6547124558339401,tavg_cwb
wheat,IN,IN-10-0163,2017,0.06020600429082727,-0.5289910930190131,tavg_cwb
wheat,IN,IN-10-0164,2003,0.35297081902264743,-0.6393450153594562,tavg_cwb
wheat,IN,IN-10-0164,2004,0.4494347228538026,-0.8964132517104123,tavg_cwb
wheat,IN,IN-10-0164,2005,-0.028574188450656877,-0.7200932587170119,tavg_cwb
wheat,IN,IN-10-0164,2006,0.3157162653891608,-0.7693356107947145,tavg_cwb
wheat,IN,IN-10-0164,2007,0.23558769744288707,-0.6727003489348955,tavg_cwb
wheat,IN,IN-10-0164,2008,-0.15457844899206213,-0.694744599937828,tavg_cwb
wheat,IN,IN-10-0164,2009,0.711774916293529,-0.8054247042974965,tavg_cwb
wheat,IN,IN-10-0164,2010,0.6290866203705291,-0.8294921302765869,tavg_cwb
wheat,IN,IN-10-0164,2011,0.06671475607480473,-0.7131376361587974,tavg_cwb
wheat,IN,IN-10-0164,2012,-0.13977282597684978,-0.7337788586087353,tavg_cwb
wheat,IN,IN-10-0164,2013,-0.05474955671463136,-0.6615663395871358,tavg_cwb
wheat,IN,IN-10-0164,2014,-0.21315698975892208,-0.5096851337974037,tavg_cwb
wheat,IN,IN-10-0164,2015,-0.028521697738903482,-0.41871543485635554,tavg_cwb
wheat,IN,IN-10-0164,2016,0.33799698015925805,-0.7712631047829983,tavg_cwb
wheat,IN,IN-10-0164,2017,0.35787517049504874,-0.7712218234597403,tavg_cwb
wheat,IN,IN-10-0519,2003,-0.8635764715835642,-0.04908263966184478,tavg_cwb
wheat,IN,IN-10-0519,2004,-0.7092027007919441,-0.08369931750694257,tavg_cwb
wheat,IN,IN-10-0519,2005,-0.5615559805931268,-0.19468403363035297,tavg_cwb
wheat,IN,IN-10-0519,2006,-0.3775159876897878,-0.30871797118444194,tavg_cwb
wheat,IN,IN-10-0519,2007,-0.6770314198215864,-0.05402543942914804,tavg_cwb
wheat,IN,IN-10-0519,2008,-0.7921223633230872,-0.36974634757880503,tavg_cwb
wheat,IN,IN-10-0519,2009,-0.47376519645261445,-0.27816253733221075,tavg_cwb
wheat,IN,IN-10-0519,2010,-0.2563186824201875,-0.24385354493612044,tavg_cwb
wheat,IN,IN-10-0519,2011,-0.9733324115155828,-0.16058427753628668,tavg_cwb
wheat,IN,IN-10-0519,2012,-1.0082074776702725,-0.2140020403290281,tavg_cwb
wheat,IN,IN-10-0519,2013,-0.985509974853163,0.08587859890705223,tavg_cwb
wheat,IN,IN-10-0519,2014,-1.136441074801219,0.4419146621712055,tavg_cwb
wheat,IN,IN-10-0519,2015,-0.9917751291445353,0.32842838942129554,tavg_cwb
wheat,IN,IN-10-0519,2016,-0.4080934867374007,-0.22643248148535924,tavg_cwb
wheat,IN,IN-10-0519,2017,-0.6282166887330931,-0.11614873756383595,tavg_cwb
wheat,IN,IN-10-0536,2003,0.48010788983430996,-0.5771009032166703,tavg_cwb
wheat,IN,IN-10-0536,2004,0.41570707536836654,-0.6530285524041948,tavg_cwb
wheat,IN,IN-10-0536,2005,-0.1110263145411486,-0.4469998223759608,tavg_cwb
wheat,IN,IN-10-0536,2006,0.09550883132033632,-0.48675635618678587,tavg_cwb
wheat,IN,IN-10-0536,2007,0.12033499842965939,-0.41108446895911893,tavg_cwb
wheat,IN,IN-10-0536,2008,-0.29899580432200146,-0.5143820131400879,tavg_cwb
wheat,IN,IN-10-0536,2009,0.5040023669898789,-0.5501658480955679,tavg_cwb
wheat,IN,IN-10-0536,2010,0.7130412032699618,-0.6074255219042326,tavg_cwb
wheat,IN,IN-10-0536,2011,0.15458483541332343,-0.6062947848185567,tavg_cwb
wheat,IN,IN-10-0536,2012,-0.16977581634542485,-0.5059553296206493,tavg_cwb
wheat,IN,IN-10-0536,2013,0.04361398904470084,-0.41017032285976424,tavg_cwb
wheat,IN,IN-10-0536,2014,-0.24448997561624958,0.017660073270684543,tavg_cwb
wheat,IN,IN-10-0536,2015,-0.22425781447266796,0.10534267674470786,tavg_cwb
wheat,IN,IN-10-0536,2016,0.3155127320006012,-0.5422264138748444,tavg_cwb
wheat,IN,IN-10-0536,2017,0.21727845371420246,-0.5438622412395984,tavg_cwb
wheat,IN,IN-10-0537,2003,-0.495039554930333,-0.3140819903844598,tavg_cwb
wheat,IN,IN-10-0537,2004,-0.3523513759018928,-0.3961877248082092,tavg_cwb
wheat,IN,IN-10-0537,2005,-0.537785496710116,-0.28785226044367024,tavg_cwb
wheat,IN,IN-10-0537,2006,-0.35096557595671346,-0.3355433890495918,tavg_cwb
wheat,IN,IN-10-0537,2007,-0.4671111530444746,-0.08665832399604584,tavg_cwb
wheat,IN,IN-10-0537,2008,-0.780832948110879,-0.34725678933346005,tavg_cwb
wheat,IN,IN-10-0537,2009,-0.1450567058717329,-0.44225038567233493,tavg_cwb
wheat,IN,IN-10-0537,2010,0.046554376168635316,-0.4036279397158933,tavg_cwb
wheat,IN,IN-10-0537,2011,-0.9292404659784933,-0.20798650107915845,tavg_cwb
wheat,IN,IN-10-0537,2012,-0.8862029592697708,-0.3290973975499251,tavg_cwb
wheat,IN,IN-10-0537,2013,-0.681491599979861,-0.18040863186046682,tavg_cwb
wheat,IN,IN-10-0537,2014,-1.006187331719666,0.13552427065208594,tavg_cwb
wheat,IN,IN-10-0537,2015,-0.80851786365126,0.1665591847825071,tavg_cwb
wheat,IN,IN-10-0537,2016,-0.1970019069070457,-0.4173462474682483,tavg_cwb
wheat,IN,IN-10-0537,2017,-0.30184733972320027,-0.32753119607473613,tavg_cwb
wheat,IN,IN-10-0538,2003,0.10977530974784254,-0.7080881650297934,tavg_cwb
wheat,IN,IN-10-0538,2004,0.1896290250135663,-0.8758338770497487,tavg_cwb
wheat,IN,IN-10-0538,2005,-0.37664737816210575,-0.6206620625494466,tavg_cwb
wheat,IN,IN-10-0538,2006,0.0836757197415676,-0.7135918547223172,tavg_cwb
wheat,IN,IN-10-0538,2007,-0.11499981318426414,-0.5995330780048879,tavg_cwb
wheat,IN,IN-10-0538,2008,-0.3779234368289084,-0.6414046040087833,tavg_cwb
wheat,IN,IN-10-0538,2009,0.3525911403439821,-0.7588766275963618,tavg_cwb
wheat,IN,IN-10-0538,2010,0.5163539160302143,-0.857083688934545,tavg_cwb
wheat,IN,IN-10-0538,2011,-0.42423476176863834,-0.5932116230986169,tavg_cwb
wheat,IN,IN-10-0538,2012,-0.45214973120107166,-0.6962630204310025,tavg_cwb
wheat,IN,IN-10-0538,2013,-0.26069640276879297,-0.6130579415705474,tavg_cwb
wheat,IN,IN-10-0538,2014,-0.6141448972681558,-0.42564114648160517,tavg_cwb
wheat,IN,IN-10-0538,2015,-0.37736171605007146,-0.37337556500297264,tavg_cwb
wheat,IN,IN-10-0538,2016,0.028167493686368207,-0.6794469119483113,tavg_cwb
wheat,IN,IN-10-0538,2017,0.09734536330239311,-0.7078194661422977,tavg_cwb
wheat,IN,IN-10-0539,2003,-0.8838723199926203,-0.18279898870684383,tavg_cwb
wheat,IN,IN-10-0539,2004,-0.5040247230902619,-0.3238478818718947,tavg_cwb
wheat,IN,IN-10-0539,2005,-1.086202737662335,0.2081491181911609,tavg_cwb
wheat,IN,IN-10-0539,2006,-0.6220815908750673,-0.34431975658245756,tavg_cwb
wheat,IN,IN-10-0539,2007,-0.82477703314148,0.10012766058375845,tavg_cwb
wheat,IN,IN-10-0539,2008,-1.093250329442801,-0.20211253610022453,tavg_cwb
wheat,IN,IN-10-0539,2009,-0.7530891625643584,-0.12696253080600675,tavg_cwb
wheat,IN,IN-10-0539,2010,-0.41434352543362435,-0.40511460050523684,tavg_cwb
wheat,IN,IN-10-0539,2011,-1.2216216537218623,-0.13161756790750626,tavg_cwb
wheat,IN,IN-10-0539,2012,-1.3685044258468448,-0.2838543770163642,tavg_cwb
wheat,IN,IN-10-0539,2013,-1.1290923629155598,0.15209296483971288,tavg_cwb
wheat,IN,IN-10-0539,2014,-1.3033596284010374,-0.030576051781427548,tavg_cwb
wheat,IN,IN-10-0539,2015,-1.222478463070866,0.35505330760211173,tavg_cwb
wheat,IN,IN-10-0539,2016,-0.7624537034245082,-0.21430618534337928,tavg_cwb
wheat,IN,IN-10-0539,2017,-0.4998757259369808,-0.2946904439438436,tavg_cwb
wheat,IN,IN-10-1020,2003,-0.40243135946785946,-0.3095130458146845,tavg_cwb
wheat,IN,IN-10-1020,2004,-0.3641990512166278,-0.3065466425883442,tavg_cwb
wheat,IN,IN-10-1020,2005,-0.4642954427608966,-0.2617965421513208,tavg_cwb
wheat,IN,IN-10-1020,2006,-0.21659752952936304,-0.3418428323287644,tavg_cwb
wheat,IN,IN-10-1020,2007,-0.390548486815301,-0.10094617032319457,tavg_cwb
wheat,IN,IN-10-1020,2008,-0.6840982838067025,-0.37917675401520234,tavg_cwb
wheat,IN,IN-10-1020,2009,-0.09868305460425811,-0.3939123820365406,tavg_cwb
wheat,IN,IN-10-1020,2010,0.13404577769391307,-0.3815886269086884,tavg_cwb
wheat,IN,IN-10-1020,2011,-0.7694205160664545,-0.23621482555306278,tavg_cwb
wheat,IN,IN-10-1020,2012,-0.8140739386486113,-0.31053191178769335,tavg_cwb
wheat,IN,IN-10-1020,2013,-0.6048497602460554,-0.17414378412305154,tavg_cwb
wheat,IN,IN-10-1020,2014,-0.9328316991129735,0.18174069929667702,tavg_cwb
wheat,IN,IN-10-1020,2015,-0.7880609347463647,0.22596616361367416,tavg_cwb
wheat,IN,IN-10-1020,2016,-0.13647158995568917,-0.3929164122020636,tavg_cwb
wheat,IN,IN-10-1020,2017,-0.2700075194116723,-0.2888298836860646,tavg_cwb
wheat,IN,IN-10-2012,2008,0.21895770921757773,-0.834236101874334,tavg_cwb
wheat,IN,IN-10-2012,2009,0.9870240120869911,-0.8563088311548502,tavg_cwb
wheat,IN,IN-10-2012,2010,0.9860773690322242,-0.9173213188233119,tavg_cwb
wheat,IN,IN-10-2012,2011,0.5015768105778194,-0.8725849506831942,tavg_cwb
wheat,IN,IN-10-2012,2012,0.287360361509602,-0.877796000158856,tavg_cwb
wheat,IN,IN-10-2012,2013,0.41004334121236735,-0.8238640804316492,tavg_cwb
wheat,IN,IN-10-2012,2014,0.15507397483297128,-0.46103409661540046,tavg_cwb
wheat,IN,IN-10-2012,2015,0.31014168319176866,-0.4735039990041353,tavg_cwb
wheat,IN,IN-10-2012,2016,0.7073102850618055,-0.8547412594727759,tavg_cwb
wheat,IN,IN-10-2012,2017,0.6977922808742392,-0.8988696404481127,tavg_cwb
wheat,IN,IN-12-0189,2003,-1.3752985864350864,0.6422879891490176,tavg_cwb
wheat,IN,IN-12-0189,2004,-0.9058573727892613,0.03702731115182093,tavg_cwb
wheat,IN,IN-12-0189,2005,-1.1627564798911585,0.4940481741056672,tavg_cwb
wheat,IN,IN-12-0189,2006,-0.8941300803269004,-0.01616781120910417,tavg_cwb
wheat,IN,IN-12-0189,2007,-1.1137129741203855,0.5345785511605482,tavg_cwb
wheat,IN,IN-12-0189,2008,-1.1630502151344253,-0.16068341439409384,tavg_cwb
wheat,IN,IN-12-0189,2009,-0.7210663448236817,-0.28349688778909093,tavg_cwb
wheat,IN,IN-12-0189,2010,-0.7066813977150016,-0.20538454745667448,tavg_cwb
wheat,IN,IN-12-0189,2011,-1.3978661442713172,0.31205891550868337,tavg_cwb
wheat,IN,IN-12-0189,2012,-1.453576741112184,0.05475901860546256,tavg_cwb
wheat,IN,IN-12-0189,2013,-1.4525003933167244,0.7747206955887307,tavg_cwb
wheat,IN,IN-12-0189,2014,-1.6355020251969739,0.8888189614267605,tavg_cwb
wheat,IN,IN-12-0189,2015,-1.5632344719851137,1.4346991159812705,tavg_cwb
wheat,IN,IN-12-0189,2016,-0.9591875596225122,-0.028491499327384748,tavg_cwb
wheat,IN,IN-12-0189,2017,-0.8926780504704563,0.27392635631698775,tavg_cwb
wheat,IN,IN-12-0190,2003,-1.4411422120581077,0.5358113258621887,tavg_cwb
wheat,IN,IN-12-0190,2004,-0.9356301535334067,0.012112124707191984,tavg_cwb
wheat,IN,IN-12-0190,2005,-1.179540072780615,0.4170612844758852,tavg_cwb
wheat,IN,IN-12-0190,2006,-0.9247235708329303,-0.06588769472619548,tavg_cwb
wheat,IN,IN-12-0190,2007,-1.1361590141975706,0.5303977062749982,tavg_cwb
wheat,IN,IN-12-0190,2008,-1.1549760755691911,-0.1459267251251567,tavg_cwb
wheat,IN,IN-12-0190,2009,-0.7504732149703334,-0.22923136734341923,tavg_cwb
wheat,IN,IN-12-0190,2010,-0.7285442455264216,-0.20168943450532728,tavg_cwb
wheat,IN,IN-12-0190,2011,-1.3500175362307172,0.19220081011632137,tavg_cwb
wheat,IN,IN-12-0190,2012,-1.3470650912765367,-0.05972150918742143,tavg_cwb
wheat,IN,IN-12-0190,2013,-1.353909498848056,0.5430301684117183,tavg_cwb
wheat,IN,IN-12-0190,2014,-1.594622961908825,0.7700882278311277,tavg_cwb
wheat,IN,IN-12-0190,2015,-1.5881859770225544,1.363307876292231,tavg_cwb
wheat,IN,IN-12-0190,2016,-0.9625787176439451,0.0489497078302777,tavg_cwb
wheat,IN,IN-12-0190,2017,-0.9871948080699642,0.33604539488666596,tavg_cwb
wheat,IN,IN-12-0191,2003,-1.8307594679442853,0.5695860564490572,tavg_cwb
wheat,IN,IN-12-0191,2004,-1.4046040120789758,0.1439839107943035,tavg_cwb
wheat,IN,IN-12-0191,2005,-1.4914649167597975,0.5265896140724033,tavg_cwb
wheat,IN,IN-12-0191,2006,-1.2017092341431104,-0.0015884801529019565,tavg_cwb
wheat,IN,IN-12-0191,2007,-1.614888323708989,0.726226476582323,tavg_cwb
wheat,IN,IN-12-0191,2008,-1.4779138563591467,-0.14432140855236922,tavg_cwb
wheat,IN,IN-12-0191,2009,-1.1065613564094978,-0.08568199627171398,tavg_cwb
wheat,IN,IN-12-0191,2010,-1.238986627428428,-0.0019370486587615755,tavg_cwb
wheat,IN,IN-12-0191,2011,-1.6462676488163719,0.19494540965101045,tavg_cwb
wheat,IN,IN-12-0191,2012,-1.669154248794051,-0.09023062614305279,tavg_cwb
wheat,IN,IN-12-0191,2013,-1.7662437076346502,0.6621693396336713,tavg_cwb
wheat,IN,IN-12-0191,2014,-1.9006857809499447,0.7593091526384719,tavg_cwb
wheat,IN,IN-12-0191,2015,-1.8883842719812196,1.2020655685816029,tavg_cwb
wheat,IN,IN-12-0191,2016,-1.359622767986591,0.1990146532194162,tavg_cwb
wheat,IN,IN-12-0191,2017,-1.347384628129105,0.35757703717986533,tavg_cwb
wheat,IN,IN-12-0192,2003,-1.786436735620906,0.5317907750615083,tavg_cwb
wheat,IN,IN-12-0192,2004,-1.3990447793565828,0.06421474895766012,tavg_cwb
wheat,IN,IN-12-0192,2005,-1.3536969659458211,0.42919911158902446,tavg_cwb
wheat,IN,IN-12-0192,2006,-1.1390044706899942,-0.08910240167191226,tavg_cwb
wheat,IN,IN-12-0192,2007,-1.6153974209663047,0.6489761351358506,tavg_cwb
wheat,IN,IN-12-0192,2008,-1.5922869403851985,-0.11569359806676088,tavg_cwb
wheat,IN,IN-12-0192,2009,-1.1400322045816704,-0.06059838664491033,tavg_cwb
wheat,IN,IN-12-0192,2010,-1.2363668894179751,0.027348154877028314,tavg_cwb
wheat,IN,IN-12-0192,2011,-1.6386135849825136,0.20529307527714008,tavg_cwb
wheat,IN,IN-12-0192,2012,-1.699381560148744,-0.04774007419396551,tavg_cwb
wheat,IN,IN-12-0192,2013,-1.7658837995277001,0.6552594953893017,tavg_cwb
wheat,IN,IN-12-0192,2014,-1.8328068969267675,0.6944035853430024,tavg_cwb
wheat,IN,IN-12-0192,2015,-1.8394867116905511,0.8657905818067805,tavg_cwb
wheat,IN,IN-12-0192,2016,-1.3148958983488899,0.17101409576174625,tavg_cwb
wheat,IN,IN-12-0192,2017,-1.3842781721095871,0.23908436539302463,tavg_cwb
wheat,IN,IN-12-0193,2003,-1.8000232737002448,0.46930482150671665,tavg_cwb
wheat,IN,IN-12-0193,2004,-1.410045181613025,0.08286137605373543,tavg_cwb
wheat,IN,IN-12-0193,2005,-1.454879342445953,0.4624580301481394,tavg_cwb
wheat,IN,IN-12-0193,2006,-1.190435003534021,-0.0353511287335228,tavg_cwb
wheat,IN,IN-12-0193,2007,-1.6152544374953244,0.6818526670624457,tavg_cwb
wheat,IN,IN-12-0193,2008,-1.486264696653997,-0.2018868417070534,tavg_cwb
wheat,IN,IN-12-0193,2009,-1.1536187158650142,-0.06616373323846875,tavg_cwb
wheat,IN,IN-12-0193,2010,-1.2433482128053557,-0.0024271901278686563,tavg_cwb
wheat,IN,IN-12-0193,2011,-1.675562378885376,0.1929831409484568,tavg_cwb
wheat,IN,IN-12-0193,2012,-1.7812582473023706,-0.0937087506537002,tavg_cwb
wheat,IN,IN-12-0193,2013,-1.825644111008381,0.7069886282589162,tavg_cwb
wheat,IN,IN-12-0193,2014,-1.9128589906572753,0.691235238959304,tavg_cwb
wheat,IN,IN-12-0193,2015,-1.8676824305004287,0.9333055938982929,tavg_cwb
wheat,IN,IN-12-0193,2016,-1.3758348320130438,0.1845763565288735,tavg_cwb
wheat,IN,IN-12-0193,2017,-1.3528310531150718,0.30615442902053375,tavg_cwb
wheat,IN,IN-12-0194,2003,-1.7390554617319454,0.506731820610367,tavg_cwb
wheat,IN,IN-12-0194,2004,-1.3851835918675006,0.08787372069719364,tavg_cwb
wheat,IN,IN-12-0194,2005,-1.2442807137030207,0.2745328066330136,tavg_cwb
wheat,IN,IN-12-0194,2006,-1.2244677263248074,-0.051775415804281986,tavg_cwb
wheat,IN,IN-12-0194,2007,-1.541619118887948,0.5612223203469182,tavg_cwb
wheat,IN,IN-12-0194,2008,-1.6023351556138656,-0.09560312695131906,tavg_cwb
wheat,IN,IN-12-0194,2009,-1.1314903837247718,-0.05447908762678643,tavg_cwb
wheat,IN,IN-12-0194,2010,-1.1717929822402848,0.03984845876164151,tavg_cwb
wheat,IN,IN-12-0194,2011,-1.647796566899618,0.25089090589919616,tavg_cwb
wheat,IN,IN-12-0194,2012,-1.7041681058534865,-0.025968826960192957,tavg_cwb
wheat,IN,IN-12-0194,2013,-1.7680697606655345,0.7416908102829702,tavg_cwb
wheat,IN,IN-12-0194,2014,-1.7730048704824461,0.7114876491294205,tavg_cwb
wheat,IN,IN-12-0194,2015,-1.7641875564387064,0.8235051747048467,tavg_cwb
wheat,IN,IN-12-0194,2016,-1.2498992308639585,0.1419332045803397,tavg_cwb
wheat,IN,IN-12-0194,2017,-1.374316910212791,0.19103913231415534,tavg_cwb
wheat,IN,IN-12-0195,2003,-1.3895791551649153,0.2783411240529687,tavg_cwb
wheat,IN,IN-12-0195,2004,-1.1170339354523078,0.0246355961212835,tavg_cwb
wheat,IN,IN-12-0195,2005,-0.9810166197151716,0.020248351446478213,tavg_cwb
wheat,IN,IN-12-0195,2006,-1.0252039360052345,-0.03444685887194608,tavg_cwb
wheat,IN,IN-12-0195,2007,-1.1716031232357913,0.2891256732342643,tavg_cwb
wheat,IN,IN-12-0195,2008,-1.3910600554000736,-0.12263786135451718,tavg_cwb
wheat,IN,IN-12-0195,2009,-0.9220725281944956,-0.10938138630751393,tavg_cwb
wheat,IN,IN-12-0195,2010,-0.826059735035641,-0.030029917131027786,tavg_cwb
wheat,IN,IN-12-0195,2011,-1.4572750199369484,0.12824442952970955,tavg_cwb
wheat,IN,IN-12-0195,2012,-1.4518705851707459,-0.09306057719062734,tavg_cwb
wheat,IN,IN-12-0195,2013,-1.5185162559168688,0.5300745226312903,tavg_cwb
wheat,IN,IN-12-0195,2014,-1.4937499899048465,0.5408120277986742,tavg_cwb
wheat,IN,IN-12-0195,2015,-1.43225858646283,0.7244955078865567,tavg_cwb
wheat,IN,IN-12-0195,2016,-0.9416266928494454,-0.014338055533896691,tavg_cwb
wheat,IN,IN-12-0195,2017,-1.0449032107444898,0.038367252617215075,tavg_cwb
wheat,IN,IN-12-0196,2003,-1.187953475183561,0.13719474831094056,tavg_cwb
wheat,IN,IN-12-0196,2004,-1.0189167659824774,0.0447733002649449,tavg_cwb
wheat,IN,IN-12-0196,2005,-0.7636570566821641,-0.0692482311643659,tavg_cwb
wheat,IN,IN-12-0196,2006,-0.761032327660503,-0.15440145540643727,tavg_cwb
wheat,IN,IN-12-0196,2007,-0.9910817337377938,0.13801950297095722,tavg_cwb
wheat,IN,IN-12-0196,2008,-1.12290424493436,-0.2286014170230374,tavg_cwb
wheat,IN,IN-12-0196,2009,-0.7507448852189411,-0.1666482991376267,tavg_cwb
wheat,IN,IN-12-0196,2010,-0.6793722676384979,-0.0679489944761742,tavg_cwb
wheat,IN,IN-12-0196,2011,-1.283851389296561,-0.01629349180779896,tavg_cwb
wheat,IN,IN-12-0196,2012,-1.3026262189090132,-0.08361234357025697,tavg_cwb
wheat,IN,IN-12-0196,2013,-1.2882781466433313,0.2166852138867037,tavg_cwb
wheat,IN,IN-12-0196,2014,-1.3573613914727778,0.5927493826615311,tavg_cwb
wheat,IN,IN-12-0196,2015,-1.221595836095731,0.47458929872130573,tavg_cwb
wheat,IN,IN-12-0196,2016,-0.6704577981593474,-0.09432017525795726,tavg_cwb
wheat,IN,IN-12-0196,2017,-0.9123816960382632,0.022752089405141413,tavg_cwb
wheat,IN,IN-12-0197,2003,-1.426805923144916,0.26768998454057774,tavg_cwb
wheat,IN,IN-12-0197,2004,-1.1520194942641582,0.0636741497775559,tavg_cwb
wheat,IN,IN-12-0197,2005,-0.8938164048645332,0.07903014493859273,tavg_cwb
wheat,IN,IN-12-0197,2006,-0.839958068851688,-0.19981355198524048,tavg_cwb
wheat,IN,IN-12-0197,2007,-1.134878499588411,0.26845078022003704,tavg_cwb
wheat,IN,IN-12-0197,2008,-1.225718395238403,-0.18010137198719375,tavg_cwb
wheat,IN,IN-12-0197,2009,-0.8399921348736202,-0.16793423415798192,tavg_cwb
wheat,IN,IN-12-0197,2010,-0.9271411054918971,-0.060324728973644104,tavg_cwb
wheat,IN,IN-12-0197,2011,-1.3753744281967848,0.1063039474941995,tavg_cwb
wheat,IN,IN-12-0197,2012,-1.4257534059279995,-0.017190137915177223,tavg_cwb
wheat,IN,IN-12-0197,2013,-1.420364295287078,0.2699099963836738,tavg_cwb
wheat,IN,IN-12-0197,2014,-1.4569969965211478,0.6837875305355545,tavg_cwb
wheat,IN,IN-12-0197,2015,-1.3036160171858413,0.543555940178134,tavg_cwb
wheat,IN,IN-12-0197,2016,-0.7711586213373742,-0.056578441243999765,tavg_cwb
wheat,IN,IN-12-0197,2017,-1.0787294972450652,0.043833329811470485,tavg_cwb
wheat,IN,IN-12-0198,2003,-1.6359294346526672,0.42459459160998264,tavg_cwb
wheat,IN,IN-12-0198,2004,-1.2932115326652434,0.10924853591528552,tavg_cwb
wheat,IN,IN-12-0198,2005,-1.0916487646006556,0.16022897992105387,tavg_cwb
wheat,IN,IN-12-0198,2006,-1.1114584451284995,-0.10559357918820617,tavg_cwb
wheat,IN,IN-12-0198,2007,-1.3380315768367745,0.4340197453258032,tavg_cwb
wheat,IN,IN-12-0198,2008,-1.4265494793318145,-0.14347294054630028,tavg_cwb
wheat,IN,IN-12-0198,2009,-1.007523916339696,-0.11053478141121667,tavg_cwb
wheat,IN,IN-12-0198,2010,-1.1012650128429087,-0.0015705669804668718,tavg_cwb
wheat,IN,IN-12-0198,2011,-1.5315309909136057,0.1991096122947864,tavg_cwb
wheat,IN,IN-12-0198,2012,-1.5781822783097788,-0.0018908211169996088,tavg_cwb
wheat,IN,IN-12-0198,2013,-1.6007512939942927,0.43922949114788773,tavg_cwb
wheat,IN,IN-12-0198,2014,-1.5880299718745787,0.6735326005981285,tavg_cwb
wheat,IN,IN-12-0198,2015,-1.5352784470485037,0.6319219061609131,tavg_cwb
wheat,IN,IN-12-0198,2016,-1.0070658613677843,0.027408708490306598,tavg_cwb
wheat,IN,IN-12-0198,2017,-1.244731169759994,0.10980012507329945,tavg_cwb
wheat,IN,IN-12-0199,2003,-1.2535613013063402,0.4165378267940898,tavg_cwb
wheat,IN,IN-12-0199,2004,-0.7695489140308408,-0.07930183730261554,tavg_cwb
wheat,IN,IN-12-0199,2005,-0.856358613409839,0.10818971119257056,tavg_cwb
wheat,IN,IN-12-0199,2006,-0.6492240550383929,-0.217891342453325,tavg_cwb
wheat,IN,IN-12-0199,2007,-1.0042552146026182,0.45583598845472717,tavg_cwb
wheat,IN,IN-12-0199,2008,-1.0595172590953252,-0.09406365214778861,tavg_cwb
wheat,IN,IN-12-0199,2009,-0.5774349313178643,-0.28999127683454534,tavg_cwb
wheat,IN,IN-12-0199,2010,-0.6781702051055044,-0.24096642555765624,tavg_cwb
wheat,IN,IN-12-0199,2011,-1.1142884648070435,0.05279843642557223,tavg_cwb
wheat,IN,IN-12-0199,2012,-1.0544834939882854,-0.1402578935959962,tavg_cwb
wheat,IN,IN-12-0199,2013,-1.1184632027673713,0.462655595818126,tavg_cwb
wheat,IN,IN-12-0199,2014,-1.2153292284317812,0.3829084190197946,tavg_cwb
wheat,IN,IN-12-0199,2015,-1.39685421412589,1.0531436347945093,tavg_cwb
wheat,IN,IN-12-0199,2016,-0.678503655364319,-0.062007391385016764,tavg_cwb
wheat,IN,IN-12-0199,2017,-0.7909013099639017,-0.04848468095237822,tavg_cwb
wheat,IN,IN-12-0200,2003,-1.6745965015894286,0.529671463360025,tavg_cwb
wheat,IN,IN-12-0200,2004,-1.219302556119033,0.0828759801604677,tavg_cwb
wheat,IN,IN-12-0200,2005,-1.1843322779436483,0.25401342681473077,tavg_cwb
wheat,IN,IN-12-0200,2006,-1.0626125958519235,-0.13005950566507268,tavg_cwb
wheat,IN,IN-12-0200,2007,-1.3610085518248978,0.5678748027399596,tavg_cwb
wheat,IN,IN-12-0200,2008,-1.4035285545063265,-0.12877104134833056,tavg_cwb
wheat,IN,IN-12-0200,2009,-0.9329458303179197,-0.16368582669497764,tavg_cwb
wheat,IN,IN-12-0200,2010,-1.1254784432563245,-0.056550009675215694,tavg_cwb
wheat,IN,IN-12-0200,2011,-1.4496641638104153,0.11567223807245634,tavg_cwb
wheat,IN,IN-12-0200,2012,-1.4754920182506597,0.014553856405353807,tavg_cwb
wheat,IN,IN-12-0200,2013,-1.5727154902435003,0.5610705982205368,tavg_cwb
wheat,IN,IN-12-0200,2014,-1.6148745325531089,0.5913278324129136,tavg_cwb
wheat,IN,IN-12-0200,2015,-1.6807348288783848,0.9636940199514158,tavg_cwb
wheat,IN,IN-12-0200,2016,-1.1070136515736724,0.09890730641357462,tavg_cwb
wheat,IN,IN-12-0200,2017,-1.1869594539144759,0.07650223256231209,tavg_cwb
wheat,IN,IN-12-0201,2003,-1.7867167470949377,0.6729643795104688,tavg_cwb
wheat,IN,IN-12-0201,2004,-1.3284306917705906,0.14202783293788726,tavg_cwb
wheat,IN,IN-12-0201,2005,-1.3640561800490496,0.403649040109504,tavg_cwb
wheat,IN,IN-12-0201,2006,-1.109329549475731,0.0007018166797174503,tavg_cwb
wheat,IN,IN-12-0201,2007,-1.5377993457046695,0.7417681361965333,tavg_cwb
wheat,IN,IN-12-0201,2008,-1.4741506741378283,-0.03210805375419527,tavg_cwb
wheat,IN,IN-12-0201,2009,-0.9939285713074202,-0.11875527942258153,tavg_cwb
wheat,IN,IN-12-0201,2010,-1.2828351853421203,0.02442540696088608,tavg_cwb
wheat,IN,IN-12-0201,2011,-1.5551285819248586,0.2137063664958101,tavg_cwb
wheat,IN,IN-12-0201,2012,-1.4955110830061933,-0.030829102556224494,tavg_cwb
wheat,IN,IN-12-0201,2013,-1.6145036447586838,0.6851495711417822,tavg_cwb
wheat,IN,IN-12-0201,2014,-1.7151529190988664,0.6330343777803865,tavg_cwb
wheat,IN,IN-12-0201,2015,-1.8112612416615779,1.3002536733498802,tavg_cwb
wheat,IN,IN-12-0201,2016,-1.2471313715593237,0.18836786171690467,tavg_cwb
wheat,IN,IN-12-0201,2017,-1.267298073708399,0.19235138110740377,tavg_cwb
wheat,IN,IN-12-0202,2003,-1.1746393525436813,0.3146175248981025,tavg_cwb
wheat,IN,IN-12-0202,2004,-0.670677813166603,-0.1385005679251048,tavg_cwb
wheat,IN,IN-12-0202,2005,-0.7105166326497646,-0.0012292198877346418,tavg_cwb
wheat,IN,IN-12-0202,2006,-0.6098756691562011,-0.26888534757287075,tavg_cwb
wheat,IN,IN-12-0202,2007,-0.850592547946178,0.3411982348890627,tavg_cwb
wheat,IN,IN-12-0202,2008,-0.9616123793928092,-0.20062466792534733,tavg_cwb
wheat,IN,IN-12-0202,2009,-0.49448113209956934,-0.31665247145305786,tavg_cwb
wheat,IN,IN-12-0202,2010,-0.6451957405352556,-0.25815551968661193,tavg_cwb
wheat,IN,IN-12-0202,2011,-0.9974791522785463,-0.08645488969722977,tavg_cwb
wheat,IN,IN-12-0202,2012,-1.012650119089082,-0.12757030738841688,tavg_cwb
wheat,IN,IN-12-0202,2013,-1.0721030446070865,0.39641491857803873,tavg_cwb
wheat,IN,IN-12-0202,2014,-1.0947473381339592,0.3643949736319612,tavg_cwb
wheat,IN,IN-12-0202,2015,-1.2511144825366203,0.8109589187861616,tavg_cwb
wheat,IN,IN-12-0202,2016,-0.5747790094505528,-0.10686227405499811,tavg_cwb
wheat,IN,IN-12-0202,2017,-0.7320580840440181,-0.1266862092084582,tavg_cwb
wheat,IN,IN-12-0203,2003,-1.0402003019629844,0.41934542446685286,tavg_cwb
wheat,IN,IN-12-0203,2004,-0.584212543552378,-0.06532202628953389,tavg_cwb
wheat,IN,IN-12-0203,2005,-0.6609878731072312,0.15435542284635245,tavg_cwb
wheat,IN,IN-12-0203,2006,-0.45740019230711465,-0.24809123470987657,tavg_cwb
wheat,IN,IN-12-0203,2007,-0.7938931412391179,0.49955489172829354,tavg_cwb
wheat,IN,IN-12-0203,2008,-0.825595581480358,-0.15827862280874214,tavg_cwb
wheat,IN,IN-12-0203,2009,-0.36354367879271215,-0.37056028895636833,tavg_cwb
wheat,IN,IN-12-0203,2010,-0.5580792058945628,-0.19732329042164112,tavg_cwb
wheat,IN,IN-12-0203,2011,-0.9437693480205699,-0.01057389623873462,tavg_cwb
wheat,IN,IN-12-0203,2012,-0.8517340996987063,-0.2211780679530954,tavg_cwb
wheat,IN,IN-12-0203,2013,-0.9445914731625362,0.5487097868139361,tavg_cwb
wheat,IN,IN-12-0203,2014,-0.9774429915483468,0.30297190377138056,tavg_cwb
wheat,IN,IN-12-0203,2015,-1.1263789265912953,0.9943983178296603,tavg_cwb
wheat,IN,IN-12-0203,2016,-0.4374446730965236,-0.21374114517590076,tavg_cwb
wheat,IN,IN-12-0203,2017,-0.5617558012604399,-0.08718601225014384,tavg_cwb
wheat,IN,IN-12-0204,2003,-1.2952673196045394,0.48052757463371976,tavg_cwb
wheat,IN,IN-12-0204,2004,-0.8423265549731502,-0.044160361141298655,tavg_cwb
wheat,IN,IN-12-0204,2005,-0.8986611751580699,0.18331776266606792,tavg_cwb
wheat,IN,IN-12-0204,2006,-0.6826887592490309,-0.1511926112133347,tavg_cwb
wheat,IN,IN-12-0204,2007,-1.0801773925310876,0.5141709036083851,tavg_cwb
wheat,IN,IN-12-0204,2008,-1.0868391224290028,-0.05887738157052338,tavg_cwb
wheat,IN,IN-12-0204,2009,-0.5864116135996017,-0.30426364437272113,tavg_cwb
wheat,IN,IN-12-0204,2010,-0.7495714442158349,-0.19177799589560982,tavg_cwb
wheat,IN,IN-12-0204,2011,-1.1953061668723304,0.09888659935435988,tavg_cwb
wheat,IN,IN-12-0204,2012,-1.1020338242408532,-0.1299740819929937,tavg_cwb
wheat,IN,IN-12-0204,2013,-1.1391045450971122,0.48920430970302914,tavg_cwb
wheat,IN,IN-12-0204,2014,-1.2903685109113427,0.4081539765079637,tavg_cwb
wheat,IN,IN-12-0204,2015,-1.4504937502865163,1.1665451679390186,tavg_cwb
wheat,IN,IN-12-0204,2016,-0.7429286704599304,-0.04391599527355382,tavg_cwb
wheat,IN,IN-12-0204,2017,-0.8229981925450892,0.017937216201660854,tavg_cwb
wheat,IN,IN-12-0205,2003,-1.2542257247649145,0.4809651714592609,tavg_cwb
wheat,IN,IN-12-0205,2004,-0.8483339497984871,0.09675506030034273,tavg_cwb
wheat,IN,IN-12-0205,2005,-0.9704065227473484,0.28552039008855123,tavg_cwb
wheat,IN,IN-12-0205,2006,-0.7048653563283128,-0.07941168636118051,tavg_cwb
wheat,IN,IN-12-0205,2007,-0.928974074154598,0.39448974520553004,tavg_cwb
wheat,IN,IN-12-0205,2008,-0.9621717721844758,-0.16465721969423247,tavg_cwb
wheat,IN,IN-12-0205,2009,-0.5953385688907326,-0.28070952351539064,tavg_cwb
wheat,IN,IN-12-0205,2010,-0.6304220334733905,-0.16734740763945768,tavg_cwb
wheat,IN,IN-12-0205,2011,-1.1905802072452238,0.1459767379278045,tavg_cwb
wheat,IN,IN-12-0205,2012,-1.16536405082749,-0.08775159350138047,tavg_cwb
wheat,IN,IN-12-0205,2013,-1.1058377284776344,0.46076637988565644,tavg_cwb
wheat,IN,IN-12-0205,2014,-1.3149477409583212,0.443786060134244,tavg_cwb
wheat,IN,IN-12-0205,2015,-1.3073517440625415,1.0187983192007162,tavg_cwb
wheat,IN,IN-12-0205,2016,-0.746164599954937,-0.15222848648529552,tavg_cwb
wheat,IN,IN-12-0205,2017,-0.7789354300312619,0.08729126684124883,tavg_cwb
wheat,IN,IN-12-0206,2003,-1.341981537718626,0.252739018645475,tavg_cwb
wheat,IN,IN-12-0206,2004,-0.9511018382748797,-0.02352204650253891,tavg_cwb
wheat,IN,IN-12-0206,2005,-0.7953234469089758,0.031114651442321905,tavg_cwb
wheat,IN,IN-12-0206,2006,-0.7274991564159966,-0.260219644481638,tavg_cwb
wheat,IN,IN-12-0206,2007,-1.0375222487593652,0.41117669375170396,tavg_cwb
wheat,IN,IN-12-0206,2008,-1.1610692452390088,-0.18473762634248797,tavg_cwb
wheat,IN,IN-12-0206,2009,-0.6755883300651457,-0.22444386139930003,tavg_cwb
wheat,IN,IN-12-0206,2010,-0.8356727010731595,-0.15686840981291358,tavg_cwb
wheat,IN,IN-12-0206,2011,-1.2020132716139122,0.010835883830772474,tavg_cwb
wheat,IN,IN-12-0206,2012,-1.2338980399038575,-0.023053860311464322,tavg_cwb
wheat,IN,IN-12-0206,2013,-1.2866828953052294,0.2744376620328032,tavg_cwb
wheat,IN,IN-12-0206,2014,-1.263272411375101,0.49968469214036176,tavg_cwb
wheat,IN,IN-12-0206,2015,-1.276798538582066,0.6180456292904244,tavg_cwb
wheat,IN,IN-12-0206,2016,-0.706673777589395,-0.04492335750353664,tavg_cwb
wheat,IN,IN-12-0206,2017,-0.9248453490580667,-0.020587659335931215,tavg_cwb
wheat,IN,IN-12-0207,2003,-1.2108818808403519,0.1365086176686353,tavg_cwb
wheat,IN,IN-12-0207,2004,-1.0396425483575644,0.0692807099803327,tavg_cwb
wheat,IN,IN-12-0207,2005,-0.7382677092713131,0.040771842274601,tavg_cwb
wheat,IN,IN-12-0207,2006,-0.6867199938159826,-0.22089563378151159,tavg_cwb
wheat,IN,IN-12-0207,2007,-0.9628249556736486,0.12378782545478735,tavg_cwb
wheat,IN,IN-12-0207,2008,-1.0916375454400662,-0.18141257688520585,tavg_cwb
wheat,IN,IN-12-0207,2009,-0.7256466682752467,-0.17484908047326064,tavg_cwb
wheat,IN,IN-12-0207,2010,-0.7691682534190861,-0.07238073686623892,tavg_cwb
wheat,IN,IN-12-0207,2011,-1.2394896590262454,0.029554647917155768,tavg_cwb
wheat,IN,IN-12-0207,2012,-1.3133699943605714,-0.005512054207231585,tavg_cwb
wheat,IN,IN-12-0207,2013,-1.3058103508204417,0.2647241849779007,tavg_cwb
wheat,IN,IN-12-0207,2014,-1.3705329017798347,0.6977730732435302,tavg_cwb
wheat,IN,IN-12-0207,2015,-1.217238549104458,0.6089740547274811,tavg_cwb
wheat,IN,IN-12-0207,2016,-0.5913117789072453,-0.08785558763801014,tavg_cwb
wheat,IN,IN-12-0207,2017,-0.9529326438076368,0.03659914285060591,tavg_cwb
wheat,IN,IN-12-0209,2003,-0.8949346726451309,0.10515266937588699,tavg_cwb
wheat,IN,IN-12-0209,2004,-0.716758277812599,0.06240101139156839,tavg_cwb
wheat,IN,IN-12-0209,2005,-0.479133487130953,-0.013154390614777323,tavg_cwb
wheat,IN,IN-12-0209,2006,-0.36315624437633814,-0.29740503467271484,tavg_cwb
wheat,IN,IN-12-0209,2007,-0.6059768069086828,0.09161198235138554,tavg_cwb
wheat,IN,IN-12-0209,2008,-0.7258176211691828,-0.24483238560142598,tavg_cwb
wheat,IN,IN-12-0209,2009,-0.3226303193510203,-0.2808967791157658,tavg_cwb
wheat,IN,IN-12-0209,2010,-0.4731390185478317,-0.1417598951186848,tavg_cwb
wheat,IN,IN-12-0209,2011,-0.7854461968010469,-0.23662633883847492,tavg_cwb
wheat,IN,IN-12-0209,2012,-0.929295388014896,-0.03937952363195395,tavg_cwb
wheat,IN,IN-12-0209,2013,-0.9255744362865171,0.018961031366972,tavg_cwb
wheat,IN,IN-12-0209,2014,-0.9544682983157974,0.3933368220017714,tavg_cwb
wheat,IN,IN-12-0209,2015,-0.9714084884517521,0.7288903085802267,tavg_cwb
wheat,IN,IN-12-0209,2016,-0.20302313481719947,-0.13490614239409213,tavg_cwb
wheat,IN,IN-12-0209,2017,-0.5251625265968235,-0.24625269467290173,tavg_cwb
wheat,IN,IN-12-0210,2003,-0.6669079585240961,0.09586615250847788,tavg_cwb
wheat,IN,IN-12-0210,2004,-0.34425475753060525,-0.18743357848481748,tavg_cwb
wheat,IN,IN-12-0210,2005,-0.09048050628099379,-0.12053369333949941,tavg_cwb
wheat,IN,IN-12-0210,2006,-0.07056789598327452,-0.3542122506885166,tavg_cwb
wheat,IN,IN-12-0210,2007,-0.34407877787401875,0.14187418258960605,tavg_cwb
wheat,IN,IN-12-0210,2008,-0.47708365238830064,-0.2566640438024875,tavg_cwb
wheat,IN,IN-12-0210,2009,-0.009138191970021409,-0.3976860462734898,tavg_cwb
wheat,IN,IN-12-0210,2010,-0.17837743310171786,-0.332765134804891,tavg_cwb
wheat,IN,IN-12-0210,2011,-0.4461992226567581,-0.3339218881628014,tavg_cwb
wheat,IN,IN-12-0210,2012,-0.5494387880681356,-0.19824625186658826,tavg_cwb
wheat,IN,IN-12-0210,2013,-0.5497576042661371,-0.16485878747395563,tavg_cwb
wheat,IN,IN-12-0210,2014,-0.6826471390603392,0.3061995591520631,tavg_cwb
wheat,IN,IN-12-0210,2015,-0.7659652574093266,0.5604511514416447,tavg_cwb
wheat,IN,IN-12-0210,2016,-0.04618371481705418,-0.12822597912025238,tavg_cwb
wheat,IN,IN-12-0210,2017,-0.22019434711965474,-0.3735761914559659,tavg_cwb
wheat,IN,IN-12-0211,2003,-0.35775747717934253,-0.15478728289737367,tavg_cwb
wheat,IN,IN-12-0211,2004,-0.24047245629882585,-0.28318491941556506,tavg_cwb
wheat,IN,IN-12-0211,2005,-0.24934044399817185,-0.20060968319862377,tavg_cwb
wheat,IN,IN-12-0211,2006,-0.03144913757217105,-0.29713791580840193,tavg_cwb
wheat,IN,IN-12-0211,2007,-0.15624336232426447,-0.16230144047693376,tavg_cwb
wheat,IN,IN-12-0211,2008,-0.21874462632934205,-0.4548110240273762,tavg_cwb
wheat,IN,IN-12-0211,2009,-0.0468171237372301,-0.2860336970346774,tavg_cwb
wheat,IN,IN-12-0211,2010,0.034850446336451624,-0.23651150913454025,tavg_cwb
wheat,IN,IN-12-0211,2011,-0.42642811792687324,-0.3490114238315222,tavg_cwb
wheat,IN,IN-12-0211,2012,-0.5451121137752288,-0.30793359327046355,tavg_cwb
wheat,IN,IN-12-0211,2013,-0.599785271539809,0.021429797834057452,tavg_cwb
wheat,IN,IN-12-0211,2014,-0.7207863380475865,0.23332434902281549,tavg_cwb
wheat,IN,IN-12-0211,2015,-0.7236048611445797,0.6413538914648907,tavg_cwb
wheat,IN,IN-12-0211,2016,0.12096455621440427,-0.31590206485765654,tavg_cwb
wheat,IN,IN-12-0211,2017,-0.044544707859179876,-0.3979117665154513,tavg_cwb
wheat,IN,IN-12-0212,2003,-0.22006435302606409,-0.22375793632894478,tavg_cwb
wheat,IN,IN-12-0212,2004,-0.04303031464709844,-0.45880530548618303,tavg_cwb
wheat,IN,IN-12-0212,2005,-0.15629913135910964,-0.37466538568378416,tavg_cwb
wheat,IN,IN-12-0212,2006,-0.04773773002439298,-0.274537548314949,tavg_cwb
wheat,IN,IN-12-0212,2007,-0.06937975024580721,-0.3467367295433885,tavg_cwb
wheat,IN,IN-12-0212,2008,-0.1860794949422046,-0.49502348541857505,tavg_cwb
wheat,IN,IN-12-0212,2009,0.1511362047459493,-0.3719892440475526,tavg_cwb
wheat,IN,IN-12-0212,2010,0.08179372984334118,-0.33434331065857137,tavg_cwb
wheat,IN,IN-12-0212,2011,-0.36887755449499005,-0.39896279715664906,tavg_cwb
wheat,IN,IN-12-0212,2012,-0.44305285843817477,-0.3887273698081099,tavg_cwb
wheat,IN,IN-12-0212,2013,-0.4772891961455167,-0.08356285624994234,tavg_cwb
wheat,IN,IN-12-0212,2014,-0.6695844101532354,0.18587629298384667,tavg_cwb
wheat,IN,IN-12-0212,2015,-0.667839170728037,0.5519197613726596,tavg_cwb
wheat,IN,IN-12-0212,2016,0.04023390184472439,-0.3687876616346716,tavg_cwb
wheat,IN,IN-12-0212,2017,-0.07885323016184388,-0.4449945205303093,tavg_cwb
wheat,IN,IN-12-0213,2003,-0.804110972729571,-0.046091195673757655,tavg_cwb
wheat,IN,IN-12-0213,2004,-0.7667186286522258,0.022386315659227704,tavg_cwb
wheat,IN,IN-12-0213,2005,-0.5218137240321316,-0.047641132058667456,tavg_cwb
wheat,IN,IN-12-0213,2006,-0.40950367302933344,-0.2795604107804034,tavg_cwb
wheat,IN,IN-12-0213,2007,-0.5395428070526218,-0.03031755099949639,tavg_cwb
wheat,IN,IN-12-0213,2008,-0.7028987146262571,-0.2866401373994183,tavg_cwb
wheat,IN,IN-12-0213,2009,-0.42483491607445234,-0.1883691657928529,tavg_cwb
wheat,IN,IN-12-0213,2010,-0.3709604203314499,-0.1558596551099748,tavg_cwb
wheat,IN,IN-12-0213,2011,-0.864359008001313,-0.18208596373267952,tavg_cwb
wheat,IN,IN-12-0213,2012,-0.99937277528577,-0.07646484050254752,tavg_cwb
wheat,IN,IN-12-0213,2013,-1.062952408504441,0.2473487105845908,tavg_cwb
wheat,IN,IN-12-0213,2014,-1.0402828377116387,0.38149056274154786,tavg_cwb
wheat,IN,IN-12-0213,2015,-0.9482155641063675,0.5726535067733516,tavg_cwb
wheat,IN,IN-12-0213,2016,-0.20869584493213503,-0.16021349768316526,tavg_cwb
wheat,IN,IN-12-0213,2017,-0.5215960236345845,-0.1899814681357461,tavg_cwb
wheat,IN,IN-12-0214,2003,-0.7187918996241238,0.02551959000128155,tavg_cwb
wheat,IN,IN-12-0214,2004,-0.6285322192222982,-0.003161149259490344,tavg_cwb
wheat,IN,IN-12-0214,2005,-0.38428929616782964,-0.06176158716446647,tavg_cwb
wheat,IN,IN-12-0214,2006,-0.2132743837149882,-0.31194554848096745,tavg_cwb
wheat,IN,IN-12-0214,2007,-0.3955564796761243,-0.030291672020923217,tavg_cwb
wheat,IN,IN-12-0214,2008,-0.5156271223002755,-0.33492135230232606,tavg_cwb
wheat,IN,IN-12-0214,2009,-0.29949305702432494,-0.20391024496320226,tavg_cwb
wheat,IN,IN-12-0214,2010,-0.23437263176104195,-0.1537159561263302,tavg_cwb
wheat,IN,IN-12-0214,2011,-0.6710152279947837,-0.26172130833894325,tavg_cwb
wheat,IN,IN-12-0214,2012,-0.812607065955075,-0.14257312477870457,tavg_cwb
wheat,IN,IN-12-0214,2013,-0.9168214849574522,0.18638334709798188,tavg_cwb
wheat,IN,IN-12-0214,2014,-0.9010494373555029,0.3351259160915406,tavg_cwb
wheat,IN,IN-12-0214,2015,-0.8704471543968466,0.690076941799045,tavg_cwb
wheat,IN,IN-12-0214,2016,-0.035958507547412574,-0.1768374178738002,tavg_cwb
wheat,IN,IN-12-0214,2017,-0.35473396279149705,-0.2907151963770161,tavg_cwb
wheat,IN,IN-12-0215,2003,-0.5987621873828887,0.0013785227710223504,tavg_cwb
wheat,IN,IN-12-0215,2004,-0.4654355580790271,-0.05624999528173212,tavg_cwb
wheat,IN,IN-12-0215,2005,-0.19875199445038114,-0.14204437915045542,tavg_cwb
wheat,IN,IN-12-0215,2006,-0.10296154437753373,-0.2987843144429236,tavg_cwb
wheat,IN,IN-12-0215,2007,-0.2664811528109267,-0.04442742694557895,tavg_cwb
wheat,IN,IN-12-0215,2008,-0.3893978213937048,-0.33804606162203094,tavg_cwb
wheat,IN,IN-12-0215,2009,-0.12304657939925284,-0.273551075497564,tavg_cwb
wheat,IN,IN-12-0215,2010,-0.1355230283316939,-0.2123328672491382,tavg_cwb
wheat,IN,IN-12-0215,2011,-0.4908369537154222,-0.30428463517660687,tavg_cwb
wheat,IN,IN-12-0215,2012,-0.6586378802015984,-0.1693464388165727,tavg_cwb
wheat,IN,IN-12-0215,2013,-0.7059804417091387,-0.04357525976782574,tavg_cwb
wheat,IN,IN-12-0215,2014,-0.764846766478894,0.35025006408625026,tavg_cwb
wheat,IN,IN-12-0215,2015,-0.7431618496110898,0.6661612975496715,tavg_cwb
wheat,IN,IN-12-0215,2016,0.10548598103437234,-0.1798927662763108,tavg_cwb
wheat,IN,IN-12-0215,2017,-0.23431642483620613,-0.33756804930101925,tavg_cwb
wheat,IN,IN-12-0216,2003,-0.6076248117103265,0.031000596387257263,tavg_cwb
wheat,IN,IN-12-0216,2004,-0.2762111234372121,-0.24492876351289875,tavg_cwb
wheat,IN,IN-12-0216,2005,0.027748269112038215,-0.18033667614636817,tavg_cwb
wheat,IN,IN-12-0216,2006,-0.013305765538174004,-0.3926961418585413,tavg_cwb
wheat,IN,IN-12-0216,2007,-0.26728565522955017,-0.008349986120413154,tavg_cwb
wheat,IN,IN-12-0216,2008,-0.44276486967111633,-0.3079456110953444,tavg_cwb
wheat,IN,IN-12-0216,2009,0.023464222367056076,-0.455931876489296,tavg_cwb
wheat,IN,IN-12-0216,2010,-0.007234467385825753,-0.4864420899729546,tavg_cwb
wheat,IN,IN-12-0216,2011,-0.4057596475087941,-0.37660294181876797,tavg_cwb
wheat,IN,IN-12-0216,2012,-0.4746859295672594,-0.2324526019185472,tavg_cwb
wheat,IN,IN-12-0216,2013,-0.5454844722899149,-0.1558141238715272,tavg_cwb
wheat,IN,IN-12-0216,2014,-0.6367796913794326,0.16479257691334462,tavg_cwb
wheat,IN,IN-12-0216,2015,-0.6053068296711854,0.26225691044411564,tavg_cwb
wheat,IN,IN-12-0216,2016,-0.07625148895470384,-0.17388453688781363,tavg_cwb
wheat,IN,IN-12-0216,2017,-0.21876996979425964,-0.3561943456065108,tavg_cwb
wheat,IN,IN-12-0217,2003,-0.34844089015118523,-0.07616043769599481,tavg_cwb
wheat,IN,IN-12-0217,2004,0.017701614265922372,-0.41986777189507685,tavg_cwb
wheat,IN,IN-12-0217,2005,0.156693209289783,-0.19573166817035104,tavg_cwb
wheat,IN,IN-12-0217,2006,0.28423946765869956,-0.4790583968901226,tavg_cwb
wheat,IN,IN-12-0217,2007,-0.07912668477492962,-0.01679560206644009,tavg_cwb
wheat,IN,IN-12-0217,2008,-0.19476322309987734,-0.3503748082005209,tavg_cwb
wheat,IN,IN-12-0217,2009,0.2858211551149364,-0.5433123976403633,tavg_cwb
wheat,IN,IN-12-0217,2010,0.19892510075457565,-0.5232190847903996,tavg_cwb
wheat,IN,IN-12-0217,2011,-0.14964548762373087,-0.443348632710866,tavg_cwb
wheat,IN,IN-12-0217,2012,-0.27007143469464145,-0.28172557052015196,tavg_cwb
wheat,IN,IN-12-0217,2013,-0.31572844698935737,-0.2346772279146154,tavg_cwb
wheat,IN,IN-12-0217,2014,-0.5098536404633484,0.2244109770410883,tavg_cwb
wheat,IN,IN-12-0217,2015,-0.4772281450833099,0.3106657364911115,tavg_cwb
wheat,IN,IN-12-0217,2016,0.11706168830046022,-0.20128807990476652,tavg_cwb
wheat,IN,IN-12-0217,2017,-0.014878953079248058,-0.4282590704077046,tavg_cwb
wheat,IN,IN-12-0218,2003,-0.7832195128015376,0.13489871521080204,tavg_cwb
wheat,IN,IN-12-0218,2004,-0.4807049837590782,-0.09692024927089903,tavg_cwb
wheat,IN,IN-12-0218,2005,-0.12496571823206971,-0.13628555763483632,tavg_cwb
wheat,IN,IN-12-0218,2006,-0.1288116629503063,-0.373254997054794,tavg_cwb
wheat,IN,IN-12-0218,2007,-0.3929708759025508,0.08568951873739944,tavg_cwb
wheat,IN,IN-12-0218,2008,-0.5881928080678175,-0.2521907981888284,tavg_cwb
wheat,IN,IN-12-0218,2009,-0.12169401629115761,-0.40403257019697203,tavg_cwb
wheat,IN,IN-12-0218,2010,-0.19388839002087813,-0.4137448593046972,tavg_cwb
wheat,IN,IN-12-0218,2011,-0.5229978446655001,-0.33331730106032964,tavg_cwb
wheat,IN,IN-12-0218,2012,-0.6020869518920134,-0.19975597226119549,tavg_cwb
wheat,IN,IN-12-0218,2013,-0.6323251013723233,-0.135498311224656,tavg_cwb
wheat,IN,IN-12-0218,2014,-0.7580791690483658,0.24077834205227386,tavg_cwb
wheat,IN,IN-12-0218,2015,-0.7925711817400017,0.38744488261017807,tavg_cwb
wheat,IN,IN-12-0218,2016,-0.1848584338920812,-0.15433156094372663,tavg_cwb
wheat,IN,IN-12-0218,2017,-0.3157613338393307,-0.34432322462831905,tavg_cwb
wheat,IN,IN-12-0219,2003,-0.647414087033523,0.06363972692801727,tavg_cwb
wheat,IN,IN-12-0219,2004,-0.3050887578123927,-0.22654269746583483,tavg_cwb
wheat,IN,IN-12-0219,2005,-0.02845845379596662,-0.07352180460634831,tavg_cwb
wheat,IN,IN-12-0219,2006,0.014934501111056464,-0.4632970846958885,tavg_cwb
wheat,IN,IN-12-0219,2007,-0.30317021006702527,-0.08721381957671633,tavg_cwb
wheat,IN,IN-12-0219,2008,-0.44313203816362334,-0.30481603192230483,tavg_cwb
wheat,IN,IN-12-0219,2009,0.013488906352979209,-0.46077695162808313,tavg_cwb
wheat,IN,IN-12-0219,2010,-0.04231474019904188,-0.5095590282548388,tavg_cwb
wheat,IN,IN-12-0219,2011,-0.46994981691000637,-0.34428811066399084,tavg_cwb
wheat,IN,IN-12-0219,2012,-0.48545179439841507,-0.23112842948042056,tavg_cwb
wheat,IN,IN-12-0219,2013,-0.5171294048454661,-0.2383603094704589,tavg_cwb
wheat,IN,IN-12-0219,2014,-0.6219088518683954,0.10651206207061474,tavg_cwb
wheat,IN,IN-12-0219,2015,-0.631817159583918,0.24867685317928243,tavg_cwb
wheat,IN,IN-12-0219,2016,-0.07928937214761336,-0.2624548000382995,tavg_cwb
wheat,IN,IN-12-0219,2017,-0.2804418824196276,-0.28033681068774535,tavg_cwb
wheat,IN,IN-12-0220,2003,-0.6911162473252452,0.161034362747603,tavg_cwb
wheat,IN,IN-12-0220,2004,-0.35164681966810074,-0.16096609866551617,tavg_cwb
wheat,IN,IN-12-0220,2005,-0.0897792538728257,-0.016300673876601692,tavg_cwb
wheat,IN,IN-12-0220,2006,0.047271390417063616,-0.4753946599513433,tavg_cwb
wheat,IN,IN-12-0220,2007,-0.38850478107611186,-0.004581121369874193,tavg_cwb
wheat,IN,IN-12-0220,2008,-0.45982629814795967,-0.2870995321192656,tavg_cwb
wheat,IN,IN-12-0220,2009,0.0012601234663082328,-0.4163509871687354,tavg_cwb
wheat,IN,IN-12-0220,2010,-0.09753625460671594,-0.4893630128528299,tavg_cwb
wheat,IN,IN-12-0220,2011,-0.5228638522186234,-0.3146504315824175,tavg_cwb
wheat,IN,IN-12-0220,2012,-0.5582409133915105,-0.17291888386645154,tavg_cwb
wheat,IN,IN-12-0220,2013,-0.5355442978272682,-0.23452164311989654,tavg_cwb
wheat,IN,IN-12-0220,2014,-0.6104610870089152,0.026726882823104304,tavg_cwb
wheat,IN,IN-12-0220,2015,-0.6279254966785234,0.21262063661481517,tavg_cwb
wheat,IN,IN-12-0220,2016,-0.077206501570251,-0.2559429659288268,tavg_cwb
wheat,IN,IN-12-0220,2017,-0.30922792083835515,-0.21671038765511846,tavg_cwb
wheat,IN,IN-12-0221,2003,-0.9040282813238736,0.2652417368327533,tavg_cwb
wheat,IN,IN-12-0221,2004,-0.520849600940945,-0.09176253716880742,tavg_cwb
wheat,IN,IN-12-0221,2005,-0.21804781173644605,-0.08277718729334448,tavg_cwb
wheat,IN,IN-12-0221,2006,-0.1667186935611442,-0.4351698419417914,tavg_cwb
wheat,IN,IN-12-0221,2007,-0.6140413477306341,0.21086467691862892,tavg_cwb
wheat,IN,IN-12-0221,2008,-0.6520369355645151,-0.24844678480280918,tavg_cwb
wheat,IN,IN-12-0221,2009,-0.22462842896380456,-0.3851213707382281,tavg_cwb
wheat,IN,IN-12-0221,2010,-0.3128313464550122,-0.4183349839921184,tavg_cwb
wheat,IN,IN-12-0221,2011,-0.7199285515170496,-0.2387006676389687,tavg_cwb
wheat,IN,IN-12-0221,2012,-0.7666563441857156,-0.18075399766483266,tavg_cwb
wheat,IN,IN-12-0221,2013,-0.7109748840320292,-0.07657776859070083,tavg_cwb
wheat,IN,IN-12-0221,2014,-0.8333762900288277,0.191001058918038,tavg_cwb
wheat,IN,IN-12-0221,2015,-0.8433596002346831,0.43904569008789074,tavg_cwb
wheat,IN,IN-12-0221,2016,-0.2604778350769781,-0.2897064291630874,tavg_cwb
wheat,IN,IN-12-0221,2017,-0.38057892456526476,-0.21462841322641976,tavg_cwb
wheat,IN,IN-12-0222,2003,-0.8500037924774141,0.2228111812807501,tavg_cwb
wheat,IN,IN-12-0222,2004,-0.46465180726294536,-0.128087768456888,tavg_cwb
wheat,IN,IN-12-0222,2005,-0.1581239344247728,-0.09367351168893454,tavg_cwb
wheat,IN,IN-12-0222,2006,-0.07378515712946873,-0.4713879500345228,tavg_cwb
wheat,IN,IN-12-0222,2007,-0.6023166390496562,0.2171982049928413,tavg_cwb
wheat,IN,IN-12-0222,2008,-0.5899987283340187,-0.2896147172852019,tavg_cwb
wheat,IN,IN-12-0222,2009,-0.16923089045044942,-0.4077934855935734,tavg_cwb
wheat,IN,IN-12-0222,2010,-0.23564186973183204,-0.4529039648044346,tavg_cwb
wheat,IN,IN-12-0222,2011,-0.6813755441224181,-0.2827926795253553,tavg_cwb
wheat,IN,IN-12-0222,2012,-0.687040111067451,-0.2136160442172762,tavg_cwb
wheat,IN,IN-12-0222,2013,-0.6432868691437039,-0.14497101491928704,tavg_cwb
wheat,IN,IN-12-0222,2014,-0.7590507381857149,0.12001164558485442,tavg_cwb
wheat,IN,IN-12-0222,2015,-0.7391973679309591,0.2892252943165868,tavg_cwb
wheat,IN,IN-12-0222,2016,-0.20688662531615631,-0.2886841063340755,tavg_cwb
wheat,IN,IN-12-0222,2017,-0.34057084339444604,-0.23645531800922495,tavg_cwb
wheat,IN,IN-12-0223,2003,-0.8554829637676794,0.13903455622672656,tavg_cwb
wheat,IN,IN-12-0223,2004,-0.5303268216477438,-0.07532357015808047,tavg_cwb
wheat,IN,IN-12-0223,2005,-0.28803995756353606,-0.10254155207094134,tavg_cwb
wheat,IN,IN-12-0223,2006,-0.19805222508393183,-0.4345546250564521,tavg_cwb
wheat,IN,IN-12-0223,2007,-0.6580345194580254,0.2437255403616715,tavg_cwb
wheat,IN,IN-12-0223,2008,-0.6759409650814578,-0.24715364623419844,tavg_cwb
wheat,IN,IN-12-0223,2009,-0.22400497634524716,-0.4180503040260922,tavg_cwb
wheat,IN,IN-12-0223,2010,-0.3574508687667509,-0.43943140198218517,tavg_cwb
wheat,IN,IN-12-0223,2011,-0.7155434768384581,-0.24405153340079908,tavg_cwb
wheat,IN,IN-12-0223,2012,-0.8372218521127162,-0.11093752916302863,tavg_cwb
wheat,IN,IN-12-0223,2013,-0.7334390116592402,-0.12340830009614898,tavg_cwb
wheat,IN,IN-12-0223,2014,-0.8760508009505507,0.23702085942083473,tavg_cwb
wheat,IN,IN-12-0223,2015,-0.9049937832402024,0.49176679121896766,tavg_cwb
wheat,IN,IN-12-0223,2016,-0.29637570254962337,-0.3017387643861982,tavg_cwb
wheat,IN,IN-12-0223,2017,-0.39442686456566195,-0.24262522623982824,tavg_cwb
wheat,IN,IN-12-0224,2003,-0.7732144076821085,0.15629493918875945,tavg_cwb
wheat,IN,IN-12-0224,2004,-0.44135033006821534,-0.12910654014034556,tavg_cwb
wheat,IN,IN-12-0224,2005,-0.12481989184457892,-0.09495204287358724,tavg_cwb
wheat,IN,IN-12-0224,2006,-0.079853486622961,-0.43030252989122064,tavg_cwb
wheat,IN,IN-12-0224,2007,-0.3621871962429435,-0.06473237485503304,tavg_cwb
wheat,IN,IN-12-0224,2008,-0.539735245744022,-0.30153290335148303,tavg_cwb
wheat,IN,IN-12-0224,2009,-0.09524226453385083,-0.4375294573302947,tavg_cwb
wheat,IN,IN-12-0224,2010,-0.17155560061806827,-0.46028725439529067,tavg_cwb
wheat,IN,IN-12-0224,2011,-0.5500289385962054,-0.33930485389271786,tavg_cwb
wheat,IN,IN-12-0224,2012,-0.6092860923209981,-0.23594131849883418,tavg_cwb
wheat,IN,IN-12-0224,2013,-0.6031245412480744,-0.16131358431476536,tavg_cwb
wheat,IN,IN-12-0224,2014,-0.7294815726130288,0.18523261187835277,tavg_cwb
wheat,IN,IN-12-0224,2015,-0.780821575161558,0.30349622699147494,tavg_cwb
wheat,IN,IN-12-0224,2016,-0.16228401617178626,-0.25448300893553194,tavg_cwb
wheat,IN,IN-12-0224,2017,-0.3154201838570828,-0.3046161964912541,tavg_cwb
wheat,IN,IN-12-0225,2003,-0.9951453535318479,0.04992337464589433,tavg_cwb
wheat,IN,IN-12-0225,2004,-0.6865518108110378,-0.008391557677713754,tavg_cwb
wheat,IN,IN-12-0225,2005,-0.5543139744920828,-0.08482307098548361,tavg_cwb
wheat,IN,IN-12-0225,2006,-0.46052055217251814,-0.30685212787420857,tavg_cwb
wheat,IN,IN-12-0225,2007,-0.6228468057651552,0.0031019086349062387,tavg_cwb
wheat,IN,IN-12-0225,2008,-0.8157224382692927,-0.24279046239428803,tavg_cwb
wheat,IN,IN-12-0225,2009,-0.3878044268525034,-0.31851883122522895,tavg_cwb
wheat,IN,IN-12-0225,2010,-0.5960880893958724,-0.22256670824834038,tavg_cwb
wheat,IN,IN-12-0225,2011,-0.859783221667934,-0.11613856635471047,tavg_cwb
wheat,IN,IN-12-0225,2012,-1.0468648224749146,0.05349007864615388,tavg_cwb
wheat,IN,IN-12-0225,2013,-1.0012114608801848,0.13673409202798295,tavg_cwb
wheat,IN,IN-12-0225,2014,-1.0114817486116503,0.341386152963559,tavg_cwb
wheat,IN,IN-12-0225,2015,-1.0499485704684104,0.56998407807515,tavg_cwb
wheat,IN,IN-12-0225,2016,-0.39233931085235585,-0.15090375914809917,tavg_cwb
wheat,IN,IN-12-0225,2017,-0.6424156231938811,-0.16312997945744714,tavg_cwb
wheat,IN,IN-12-0226,2003,-1.0607189636852141,0.0944976662255522,tavg_cwb
wheat,IN,IN-12-0226,2004,-0.8047651123359881,0.07464790157606972,tavg_cwb
wheat,IN,IN-12-0226,2005,-0.5994199243819444,-0.02891366729136346,tavg_cwb
wheat,IN,IN-12-0226,2006,-0.5049164104597894,-0.27687841580708844,tavg_cwb
wheat,IN,IN-12-0226,2007,-0.7568495236025466,0.12078639256222838,tavg_cwb
wheat,IN,IN-12-0226,2008,-0.9041789395550869,-0.1969157345681038,tavg_cwb
wheat,IN,IN-12-0226,2009,-0.4627720083200346,-0.2620411708671643,tavg_cwb
wheat,IN,IN-12-0226,2010,-0.6584946341196343,-0.1603656602694576,tavg_cwb
wheat,IN,IN-12-0226,2011,-0.9242261897437107,-0.12714266750041944,tavg_cwb
wheat,IN,IN-12-0226,2012,-1.1074949849055915,0.06202617031125461,tavg_cwb
wheat,IN,IN-12-0226,2013,-1.0903173926014487,0.14505130320030762,tavg_cwb
wheat,IN,IN-12-0226,2014,-1.0628449021352837,0.38688459703557554,tavg_cwb
wheat,IN,IN-12-0226,2015,-1.0479875219177412,0.6370203251353179,tavg_cwb
wheat,IN,IN-12-0226,2016,-0.4163311622741042,-0.10213831760639082,tavg_cwb
wheat,IN,IN-12-0226,2017,-0.6922818200585057,-0.13373136774001126,tavg_cwb
wheat,IN,IN-12-0227,2003,-0.9845717440505024,0.13498719401515288,tavg_cwb
wheat,IN,IN-12-0227,2004,-0.7589820666105597,0.1254219471566786,tavg_cwb
wheat,IN,IN-12-0227,2005,-0.5392099705288358,0.019408599746233466,tavg_cwb
wheat,IN,IN-12-0227,2006,-0.4721893673969361,-0.2622769484306573,tavg_cwb
wheat,IN,IN-12-0227,2007,-0.658907491912492,0.10496725137095343,tavg_cwb
wheat,IN,IN-12-0227,2008,-0.8135818013426759,-0.2019623616492733,tavg_cwb
wheat,IN,IN-12-0227,2009,-0.35578142503723137,-0.3059466294617397,tavg_cwb
wheat,IN,IN-12-0227,2010,-0.5277755772389178,-0.2202264891190972,tavg_cwb
wheat,IN,IN-12-0227,2011,-0.8178546794870619,-0.22229379394454846,tavg_cwb
wheat,IN,IN-12-0227,2012,-0.9997872913208171,0.008930905058823975,tavg_cwb
wheat,IN,IN-12-0227,2013,-0.9467486086877783,-0.0033140900819115995,tavg_cwb
wheat,IN,IN-12-0227,2014,-0.9819171284459023,0.41279492696441855,tavg_cwb
wheat,IN,IN-12-0227,2015,-1.0738615964801466,0.6857531220182062,tavg_cwb
wheat,IN,IN-12-0227,2016,-0.31872321287659855,-0.13305454867691818,tavg_cwb
wheat,IN,IN-12-0227,2017,-0.5752445548977736,-0.2378484544400287,tavg_cwb
wheat,IN,IN-12-0228,2003,-0.9677277013425467,0.09825429652554617,tavg_cwb
wheat,IN,IN-12-0228,2004,-0.5368521180987269,-0.136798035725894,tavg_cwb
wheat,IN,IN-12-0228,2005,-0.5247341421748404,-0.08563482164026255,tavg_cwb
wheat,IN,IN-12-0228,2006,-0.4615891935619987,-0.3141427537072165,tavg_cwb
wheat,IN,IN-12-0228,2007,-0.6039164725405904,0.08184058044961753,tavg_cwb
wheat,IN,IN-12-0228,2008,-0.7532090891769233,-0.2784012217063731,tavg_cwb
wheat,IN,IN-12-0228,2009,-0.32800004084611606,-0.3885978230312154,tavg_cwb
wheat,IN,IN-12-0228,2010,-0.5340588338621247,-0.2708466287793698,tavg_cwb
wheat,IN,IN-12-0228,2011,-0.7971637401217464,-0.16935612457322652,tavg_cwb
wheat,IN,IN-12-0228,2012,-0.9480368347676437,0.03196014751108141,tavg_cwb
wheat,IN,IN-12-0228,2013,-0.9180223479096349,0.23811062903623056,tavg_cwb
wheat,IN,IN-12-0228,2014,-0.9162383321323543,0.2335717237003536,tavg_cwb
wheat,IN,IN-12-0228,2015,-1.060437162615047,0.6585013503438027,tavg_cwb
wheat,IN,IN-12-0228,2016,-0.348392243519129,-0.21734790928000958,tavg_cwb
wheat,IN,IN-12-0228,2017,-0.5746896261402575,-0.14409955687842566,tavg_cwb
wheat,IN,IN-12-0229,2003,-1.1709517457461764,0.14275320824420265,tavg_cwb
wheat,IN,IN-12-0229,2004,-0.8257307712550925,-0.01963732513278775,tavg_cwb
wheat,IN,IN-12-0229,2005,-0.7111976305680963,-0.03677514578456412,tavg_cwb
wheat,IN,IN-12-0229,2006,-0.6298775848575284,-0.27271695174022387,tavg_cwb
wheat,IN,IN-12-0229,2007,-0.8664468916400424,0.22854172317167815,tavg_cwb
wheat,IN,IN-12-0229,2008,-0.9702255564957417,-0.2294702668661487,tavg_cwb
wheat,IN,IN-12-0229,2009,-0.5842502255127979,-0.2527401074443263,tavg_cwb
wheat,IN,IN-12-0229,2010,-0.7281839779011177,-0.1880508596551493,tavg_cwb
wheat,IN,IN-12-0229,2011,-1.0329464125247914,-0.07655017622189703,tavg_cwb
wheat,IN,IN-12-0229,2012,-1.1531629197978444,0.03568542692959061,tavg_cwb
wheat,IN,IN-12-0229,2013,-1.1387077720466972,0.2652176551900133,tavg_cwb
wheat,IN,IN-12-0229,2014,-1.1323751206806436,0.3783551077342903,tavg_cwb
wheat,IN,IN-12-0229,2015,-1.2073704768838707,0.672490022237788,tavg_cwb
wheat,IN,IN-12-0229,2016,-0.5579600530020571,-0.13270138323938127,tavg_cwb
wheat,IN,IN-12-0229,2017,-0.8207417554877555,-0.08595712423179773,tavg_cwb
wheat,IN,IN-12-0230,2003,-0.8942592340616636,0.23207907105943276,tavg_cwb
wheat,IN,IN-12-0230,2004,-0.4406981769280154,-0.09771694557825847,tavg_cwb
wheat,IN,IN-12-0230,2005,-0.45448597898581883,0.02554133960317606,tavg_cwb
wheat,IN,IN-12-0230,2006,-0.3270700354671737,-0.3075348428464926,tavg_cwb
wheat,IN,IN-12-0230,2007,-0.5996849957474072,0.2895645010330089,tavg_cwb
wheat,IN,IN-12-0230,2008,-0.6606638458168617,-0.26355790059640893,tavg_cwb
wheat,IN,IN-12-0230,2009,-0.22521198327040393,-0.43315355310789827,tavg_cwb
wheat,IN,IN-12-0230,2010,-0.45704869686484906,-0.256131991061504,tavg_cwb
wheat,IN,IN-12-0230,2011,-0.7457467259851009,-0.19643055463340703,tavg_cwb
wheat,IN,IN-12-0230,2012,-0.7485781073078936,-0.19578340230597863,tavg_cwb
wheat,IN,IN-12-0230,2013,-0.8317938261377062,0.4157743564633435,tavg_cwb
wheat,IN,IN-12-0230,2014,-0.8033207178607363,0.16537335464308855,tavg_cwb
wheat,IN,IN-12-0230,2015,-0.9167482709989953,0.6957506398757516,tavg_cwb
wheat,IN,IN-12-0230,2016,-0.2724534355272394,-0.2920260661109568,tavg_cwb
wheat,IN,IN-12-0230,2017,-0.4459273969372174,-0.1619800121492249,tavg_cwb
wheat,IN,IN-12-0231,2003,-0.8533941505489359,0.03415283665563771,tavg_cwb
wheat,IN,IN-12-0231,2004,-0.5942008635310883,-0.0019546427821338624,tavg_cwb
wheat,IN,IN-12-0231,2005,-0.39004179275153045,-0.09300781335004797,tavg_cwb
wheat,IN,IN-12-0231,2006,-0.3370148444711887,-0.33176214926495395,tavg_cwb
wheat,IN,IN-12-0231,2007,-0.5836585822284964,0.06822638722844457,tavg_cwb
wheat,IN,IN-12-0231,2008,-0.7146259422813231,-0.2677947369896043,tavg_cwb
wheat,IN,IN-12-0231,2009,-0.26252182043703726,-0.3992431988645522,tavg_cwb
wheat,IN,IN-12-0231,2010,-0.412435875730704,-0.3712699943137323,tavg_cwb
wheat,IN,IN-12-0231,2011,-0.7189346941856276,-0.2052881189849683,tavg_cwb
wheat,IN,IN-12-0231,2012,-0.917582730290124,-0.062046407100022294,tavg_cwb
wheat,IN,IN-12-0231,2013,-0.8072178988713927,-0.09648973139331302,tavg_cwb
wheat,IN,IN-12-0231,2014,-0.9031496487676194,0.33717678502666176,tavg_cwb
wheat,IN,IN-12-0231,2015,-1.0331188742057278,0.5887793771794078,tavg_cwb
wheat,IN,IN-12-0231,2016,-0.28621996640580416,-0.2571742733802969,tavg_cwb
wheat,IN,IN-12-0231,2017,-0.5081559630723766,-0.2420817646347381,tavg_cwb
wheat,IN,IN-12-0232,2003,-0.8990029182098035,0.05567424875248486,tavg_cwb
wheat,IN,IN-12-0232,2004,-0.5622522858236372,-0.10086987331427728,tavg_cwb
wheat,IN,IN-12-0232,2005,-0.44930615515916306,-0.08740967795926768,tavg_cwb
wheat,IN,IN-12-0232,2006,-0.3279313010257356,-0.3795551025183082,tavg_cwb
wheat,IN,IN-12-0232,2007,-0.6794741737969969,0.21359865307145762,tavg_cwb
wheat,IN,IN-12-0232,2008,-0.7566497751273019,-0.2326417438042909,tavg_cwb
wheat,IN,IN-12-0232,2009,-0.3328991952440345,-0.3599946407689365,tavg_cwb
wheat,IN,IN-12-0232,2010,-0.49321091592441446,-0.3877362227016435,tavg_cwb
wheat,IN,IN-12-0232,2011,-0.7674499388322248,-0.20894458644408445,tavg_cwb
wheat,IN,IN-12-0232,2012,-0.9715260993489175,0.02094870555802872,tavg_cwb
wheat,IN,IN-12-0232,2013,-0.867294501988872,0.009035679025702134,tavg_cwb
wheat,IN,IN-12-0232,2014,-0.9608077964098624,0.3674064869548149,tavg_cwb
wheat,IN,IN-12-0232,2015,-1.0576954701515433,0.6730349644438516,tavg_cwb
wheat,IN,IN-12-0232,2016,-0.35994431784882686,-0.2477485515696974,tavg_cwb
wheat,IN,IN-12-0232,2017,-0.5571584789980905,-0.13406634983451754,tavg_cwb
wheat,IN,IN-12-0233,2003,-0.9140151794669774,0.17604507148033668,tavg_cwb
wheat,IN,IN-12-0233,2004,-0.46299694994170854,-0.08969521754581729,tavg_cwb
wheat,IN,IN-12-0233,2005,-0.49367750237216135,-0.009506356844399082,tavg_cwb
wheat,IN,IN-12-0233,2006,-0.33237997217848125,-0.30200016196779444,tavg_cwb
wheat,IN,IN-12-0233,2007,-0.6515879427672828,0.3361306293774038,tavg_cwb
wheat,IN,IN-12-0233,2008,-0.7049202517680377,-0.20112574955141777,tavg_cwb
wheat,IN,IN-12-0233,2009,-0.298992982534123,-0.3441467593167203,tavg_cwb
wheat,IN,IN-12-0233,2010,-0.48493860464270566,-0.32298211992346504,tavg_cwb
wheat,IN,IN-12-0233,2011,-0.7677357292117231,-0.15778552944047666,tavg_cwb
wheat,IN,IN-12-0233,2012,-0.9455425091434143,0.11093118444453931,tavg_cwb
wheat,IN,IN-12-0233,2013,-0.8932119362624356,0.3519750498455656,tavg_cwb
wheat,IN,IN-12-0233,2014,-0.8679713477644712,0.25823582033262854,tavg_cwb
wheat,IN,IN-12-0233,2015,-0.9136235519453585,0.6533286608568472,tavg_cwb
wheat,IN,IN-12-0233,2016,-0.2768556004056823,-0.2552358840787047,tavg_cwb
wheat,IN,IN-12-0233,2017,-0.47973922313910955,-0.057099894345222994,tavg_cwb
wheat,IN,IN-12-0234,2003,-0.8833666023726241,0.12813726576046225,tavg_cwb
wheat,IN,IN-12-0234,2004,-0.6204986955705342,0.032586929782084266,tavg_cwb
wheat,IN,IN-12-0234,2005,-0.2781029047455876,-0.11865043772851104,tavg_cwb
wheat,IN,IN-12-0234,2006,-0.2952112990924729,-0.3530094428396712,tavg_cwb
wheat,IN,IN-12-0234,2007,-0.5493505637708094,0.09985005561051141,tavg_cwb
wheat,IN,IN-12-0234,2008,-0.6918047742277667,-0.2680632888535089,tavg_cwb
wheat,IN,IN-12-0234,2009,-0.2454009351232964,-0.40055227946753424,tavg_cwb
wheat,IN,IN-12-0234,2010,-0.3439032671554589,-0.37748605022789,tavg_cwb
wheat,IN,IN-12-0234,2011,-0.6817737632792059,-0.25468039560527705,tavg_cwb
wheat,IN,IN-12-0234,2012,-0.8349545050570857,-0.13285732709220363,tavg_cwb
wheat,IN,IN-12-0234,2013,-0.7292102563212189,-0.18562331190053696,tavg_cwb
wheat,IN,IN-12-0234,2014,-0.8568315303164302,0.2969695077149629,tavg_cwb
wheat,IN,IN-12-0234,2015,-0.9706225426375338,0.4656150935267948,tavg_cwb
wheat,IN,IN-12-0234,2016,-0.25132978268883494,-0.25344423888682094,tavg_cwb
wheat,IN,IN-12-0234,2017,-0.44831922758225073,-0.31521812994068243,tavg_cwb
wheat,IN,IN-12-0235,2003,-0.8985120520655325,0.1749679547682947,tavg_cwb
wheat,IN,IN-12-0235,2004,-0.6320377786114063,0.0013348199743657369,tavg_cwb
wheat,IN,IN-12-0235,2005,-0.31505164118961343,-0.04166347504752625,tavg_cwb
wheat,IN,IN-12-0235,2006,-0.2746712584782668,-0.33203228044233446,tavg_cwb
wheat,IN,IN-12-0235,2007,-0.5271124861966248,0.1839903470137193,tavg_cwb
wheat,IN,IN-12-0235,2008,-0.6952940012902237,-0.2061873003267673,tavg_cwb
wheat,IN,IN-12-0235,2009,-0.2314007686717081,-0.3520303785441425,tavg_cwb
wheat,IN,IN-12-0235,2010,-0.3693587109592517,-0.2886275460720323,tavg_cwb
wheat,IN,IN-12-0235,2011,-0.6528457833431889,-0.2860791284354457,tavg_cwb
wheat,IN,IN-12-0235,2012,-0.7847536206134904,-0.12100697322292998,tavg_cwb
wheat,IN,IN-12-0235,2013,-0.7429407620853911,-0.159658331728801,tavg_cwb
wheat,IN,IN-12-0235,2014,-0.8531343485510056,0.3476889122187641,tavg_cwb
wheat,IN,IN-12-0235,2015,-0.9786972942966333,0.6249979232868276,tavg_cwb
wheat,IN,IN-12-0235,2016,-0.20962494976632504,-0.17805177580690898,tavg_cwb
wheat,IN,IN-12-0235,2017,-0.42796978929834834,-0.30813448868993387,tavg_cwb
wheat,IN,IN-12-0236,2003,-0.9237675569851367,0.030477923477074877,tavg_cwb
wheat,IN,IN-12-0236,2004,-0.6336113076475165,-0.015934382530430138,tavg_cwb
wheat,IN,IN-12-0236,2005,-0.518698726985791,-0.05649513136540524,tavg_cwb
wheat,IN,IN-12-0236,2006,-0.4229408696770853,-0.3078862008020422,tavg_cwb
wheat,IN,IN-12-0236,2007,-0.6170571796532593,0.03831484010882037,tavg_cwb
wheat,IN,IN-12-0236,2008,-0.7722077857672996,-0.255172008824957,tavg_cwb
wheat,IN,IN-12-0236,2009,-0.34863708927487896,-0.35304603792963707,tavg_cwb
wheat,IN,IN-12-0236,2010,-0.515831381448555,-0.31380949176525047,tavg_cwb
wheat,IN,IN-12-0236,2011,-0.8007340714357865,-0.14290138057395163,tavg_cwb
wheat,IN,IN-12-0236,2012,-1.0045369699667974,0.03713775381630492,tavg_cwb
wheat,IN,IN-12-0236,2013,-0.9211138803566012,0.07459666315415434,tavg_cwb
wheat,IN,IN-12-0236,2014,-0.9701342802826435,0.36827759701942747,tavg_cwb
wheat,IN,IN-12-0236,2015,-1.0774422920445554,0.6007005131993931,tavg_cwb
wheat,IN,IN-12-0236,2016,-0.36794097771511297,-0.20212396488771803,tavg_cwb
wheat,IN,IN-12-0236,2017,-0.6099716344004169,-0.16499419771568757,tavg_cwb
wheat,IN,IN-12-0528,2003,-1.4474573662953176,0.2685710364167215,tavg_cwb
wheat,IN,IN-12-0528,2004,-1.2184235828111118,0.10956113374362685,tavg_cwb
wheat,IN,IN-12-0528,2005,-0.9303468856944266,0.05309872926643916,tavg_cwb
wheat,IN,IN-12-0528,2006,-0.9581078755460755,-0.1280014781060184,tavg_cwb
wheat,IN,IN-12-0528,2007,-1.1973192224945575,0.24812327156097633,tavg_cwb
wheat,IN,IN-12-0528,2008,-1.2639066249296844,-0.18559032171413856,tavg_cwb
wheat,IN,IN-12-0528,2009,-0.9216770942794753,-0.12639496608434353,tavg_cwb
wheat,IN,IN-12-0528,2010,-0.9596520970326525,-0.008091656186226762,tavg_cwb
wheat,IN,IN-12-0528,2011,-1.449567802326938,0.1254802965712378,tavg_cwb
wheat,IN,IN-12-0528,2012,-1.5161923804644841,0.014914805160532518,tavg_cwb
wheat,IN,IN-12-0528,2013,-1.4539188801320122,0.2905895739255395,tavg_cwb
wheat,IN,IN-12-0528,2014,-1.514588105920095,0.7357766583348675,tavg_cwb
wheat,IN,IN-12-0528,2015,-1.3769321990694197,0.5513578818426268,tavg_cwb
wheat,IN,IN-12-0528,2016,-0.8351134938096597,-0.04520002433004709,tavg_cwb
wheat,IN,IN-12-0528,2017,-1.134634519856198,0.10435328179474088,tavg_cwb
wheat,IN,IN-12-0529,2003,-0.45925610879110845,-0.1208817402105657,tavg_cwb
wheat,IN,IN-12-0529,2004,-0.1365376131069567,-0.44513649675113387,tavg_cwb
wheat,IN,IN-12-0529,2005,-0.04568205058764814,-0.10107741659206342,tavg_cwb
wheat,IN,IN-12-0529,2006,0.2030534656731701,-0.5282318849092327,tavg_cwb
wheat,IN,IN-12-0529,2007,-0.19865005971670746,-0.0012920537076193334,tavg_cwb
wheat,IN,IN-12-0529,2008,-0.32025003249889306,-0.2894356274470943,tavg_cwb
wheat,IN,IN-12-0529,2009,0.17319386937709655,-0.5508617453088978,tavg_cwb
wheat,IN,IN-12-0529,2010,0.123228141315218,-0.5461332129713659,tavg_cwb
wheat,IN,IN-12-0529,2011,-0.2407528231955934,-0.413999035212758,tavg_cwb
wheat,IN,IN-12-0529,2012,-0.3516076948377398,-0.29884399588883914,tavg_cwb
wheat,IN,IN-12-0529,2013,-0.38342224825121274,-0.29873766280380115,tavg_cwb
wheat,IN,IN-12-0529,2014,-0.6409491534156486,0.18039286451084902,tavg_cwb
wheat,IN,IN-12-0529,2015,-0.6334905380264976,0.28440703943852536,tavg_cwb
wheat,IN,IN-12-0529,2016,-0.015361789054025517,-0.1869369626792224,tavg_cwb
wheat,IN,IN-12-0529,2017,-0.17356223048432487,-0.4087691501646393,tavg_cwb
wheat,IN,IN-12-0530,2003,-0.7362700110732163,0.15045403058023424,tavg_cwb
wheat,IN,IN-12-0530,2004,-0.38464607250945954,-0.1723950968943924,tavg_cwb
wheat,IN,IN-12-0530,2005,-0.096078759404018,-0.05873401022294515,tavg_cwb
wheat,IN,IN-12-0530,2006,-0.015492585574429311,-0.46313459812844043,tavg_cwb
wheat,IN,IN-12-0530,2007,-0.40183786465002164,-0.03625114018049455,tavg_cwb
wheat,IN,IN-12-0530,2008,-0.49700631190898714,-0.30657512927606195,tavg_cwb
wheat,IN,IN-12-0530,2009,-0.03142900641240694,-0.44435077084613406,tavg_cwb
wheat,IN,IN-12-0530,2010,-0.13122757264530507,-0.49155605317315937,tavg_cwb
wheat,IN,IN-12-0530,2011,-0.5665109149082923,-0.3230484836474842,tavg_cwb
wheat,IN,IN-12-0530,2012,-0.5748591230760813,-0.22782140582615834,tavg_cwb
wheat,IN,IN-12-0530,2013,-0.5629309627353234,-0.19940808349405267,tavg_cwb
wheat,IN,IN-12-0530,2014,-0.6539869640139315,0.07373935425122403,tavg_cwb
wheat,IN,IN-12-0530,2015,-0.7099982055983949,0.26490896502401046,tavg_cwb
wheat,IN,IN-12-0530,2016,-0.1318383484957404,-0.2797777573767569,tavg_cwb
wheat,IN,IN-12-0530,2017,-0.29395168589317644,-0.27697510164177386,tavg_cwb
wheat,IN,IN-12-0531,2003,-0.9664690185064199,0.3867489254076593,tavg_cwb
wheat,IN,IN-12-0531,2004,-0.5958967965119178,0.011753014152028694,tavg_cwb
wheat,IN,IN-12-0531,2005,-0.3441139738053147,-0.005878238341017125,tavg_cwb
wheat,IN,IN-12-0531,2006,-0.15392220369709358,-0.370783044101327,tavg_cwb
wheat,IN,IN-12-0531,2007,-0.7592669430309177,0.4103805814500908,tavg_cwb
wheat,IN,IN-12-0531,2008,-0.7222930317651886,-0.1651253515472617,tavg_cwb
wheat,IN,IN-12-0531,2009,-0.2661450870802647,-0.3113226319558116,tavg_cwb
wheat,IN,IN-12-0531,2010,-0.44939927611472735,-0.27481653763320596,tavg_cwb
wheat,IN,IN-12-0531,2011,-0.8903850921040132,-0.09281614788006652,tavg_cwb
wheat,IN,IN-12-0531,2012,-0.8878540540491724,-0.027515836927471914,tavg_cwb
wheat,IN,IN-12-0531,2013,-0.7738364974867057,0.03283294962175258,tavg_cwb
wheat,IN,IN-12-0531,2014,-0.9057010433401881,0.21136906316904194,tavg_cwb
wheat,IN,IN-12-0531,2015,-0.8230243105238724,0.5212808290079685,tavg_cwb
wheat,IN,IN-12-0531,2016,-0.2715232258463648,-0.2867642632695399,tavg_cwb
wheat,IN,IN-12-0531,2017,-0.4270558256510619,-0.12157566078199468,tavg_cwb
wheat,IN,IN-12-0532,2003,-0.9547789026006608,0.25174572627253955,tavg_cwb
wheat,IN,IN-12-0532,2004,-0.5882277246663186,-0.02803598343084075,tavg_cwb
wheat,IN,IN-12-0532,2005,-0.346673828277514,-0.036569517713403776,tavg_cwb
wheat,IN,IN-12-0532,2006,-0.21295568979173196,-0.39174319187841783,tavg_cwb
wheat,IN,IN-12-0532,2007,-0.8347068306615449,0.6048703028755513,tavg_cwb
wheat,IN,IN-12-0532,2008,-0.7516998192054823,-0.1885025754617618,tavg_cwb
wheat,IN,IN-12-0532,2009,-0.2967309403039234,-0.3431885455608567,tavg_cwb
wheat,IN,IN-12-0532,2010,-0.4632930799244794,-0.35649419395251797,tavg_cwb
wheat,IN,IN-12-0532,2011,-0.8294839622077189,-0.2024889566968837,tavg_cwb
wheat,IN,IN-12-0532,2012,-0.9970129290385562,0.0794020680419575,tavg_cwb
wheat,IN,IN-12-0532,2013,-0.8058055750603216,0.03304426644899106,tavg_cwb
wheat,IN,IN-12-0532,2014,-0.9405089252390058,0.27528351866823375,tavg_cwb
wheat,IN,IN-12-0532,2015,-0.903594224358395,0.5925713736687945,tavg_cwb
wheat,IN,IN-12-0532,2016,-0.3657125349283309,-0.2788677949808816,tavg_cwb
wheat,IN,IN-12-0532,2017,-0.4583444820394336,-0.13710884987600339,tavg_cwb
wheat,IN,IN-12-0533,2003,-0.4490551984734889,-0.05967140368902855,tavg_cwb
wheat,IN,IN-12-0533,2004,-0.2989945792010527,-0.1738635685489968,tavg_cwb
wheat,IN,IN-12-0533,2005,-0.18652341734437788,-0.19211521314471497,tavg_cwb
wheat,IN,IN-12-0533,2006,0.008990750247686776,-0.3069131551289663,tavg_cwb
wheat,IN,IN-12-0533,2008,-0.23908823950359792,-0.44698087600601666,tavg_cwb
wheat,IN,IN-12-0533,2009,-0.04656113414998038,-0.28977253305308626,tavg_cwb
wheat,IN,IN-12-0533,2010,0.04682801801578902,-0.2527040008893026,tavg_cwb
wheat,IN,IN-12-0533,2011,-0.41128462075712235,-0.3487710710863671,tavg_cwb
wheat,IN,IN-12-0533,2012,-0.5241588671666307,-0.2752061058795241,tavg_cwb
wheat,IN,IN-12-0533,2013,-0.629970765534572,0.05420038064051557,tavg_cwb
wheat,IN,IN-12-0533,2014,-0.6913935085690133,0.267919509444937,tavg_cwb
wheat,IN,IN-12-0533,2015,-0.7347793886438128,0.7555476173737442,tavg_cwb
wheat,IN,IN-12-0533,2016,0.14782610000738855,-0.24847277789279912,tavg_cwb
wheat,IN,IN-12-0533,2017,-0.12427794631137244,-0.3922657731760896,tavg_cwb
wheat,IN,IN-12-0547,2003,-1.0191917341958887,0.06187647529092447,tavg_cwb
wheat,IN,IN-12-0547,2004,-0.844938877986195,0.09108187653574171,tavg_cwb
wheat,IN,IN-12-0547,2005,-0.6380198819817416,0.030111282719694536,tavg_cwb
wheat,IN,IN-12-0547,2006,-0.4547644825048351,-0.3183843491016013,tavg_cwb
wheat,IN,IN-12-0547,2007,-0.7518978836106459,0.0954188279471097,tavg_cwb
wheat,IN,IN-12-0547,2008,-0.8478040467700567,-0.2440306196670324,tavg_cwb
wheat,IN,IN-12-0547,2009,-0.4601391665299381,-0.26079880814023126,tavg_cwb
wheat,IN,IN-12-0547,2010,-0.5760667098559056,-0.1557539132599458,tavg_cwb
wheat,IN,IN-12-0547,2011,-0.9334071509725421,-0.1699739416989972,tavg_cwb
wheat,IN,IN-12-0547,2012,-1.1223020645469712,0.04752364737271656,tavg_cwb
wheat,IN,IN-12-0547,2013,-1.11603763795707,0.17401090958152582,tavg_cwb
wheat,IN,IN-12-0547,2014,-1.087361853667438,0.4084237055936187,tavg_cwb
wheat,IN,IN-12-0547,2015,-1.0242181531372625,0.6286646523268347,tavg_cwb
wheat,IN,IN-12-0547,2016,-0.35238831728360775,-0.12833431553745744,tavg_cwb
wheat,IN,IN-12-0547,2017,-0.6911284181586878,-0.14727232691877035,tavg_cwb
wheat,IN,IN-12-0548,2003,-1.024394132793849,0.012125596731491623,tavg_cwb
wheat,IN,IN-12-0548,2004,-0.8701397147463082,0.036263649429582046,tavg_cwb
wheat,IN,IN-12-0548,2005,-0.6668949027814303,0.04839828853856753,tavg_cwb
wheat,IN,IN-12-0548,2006,-0.5161538858334133,-0.31747921580946115,tavg_cwb
wheat,IN,IN-12-0548,2007,-0.7706122202161567,0.0581406162588938,tavg_cwb
wheat,IN,IN-12-0548,2008,-0.9055968658670552,-0.24058482265525713,tavg_cwb
wheat,IN,IN-12-0548,2009,-0.49915673621572815,-0.25364076148554693,tavg_cwb
wheat,IN,IN-12-0548,2010,-0.5389322526332885,-0.19340606032368002,tavg_cwb
wheat,IN,IN-12-0548,2011,-1.011690601333745,-0.12976365729994582,tavg_cwb
wheat,IN,IN-12-0548,2012,-1.1652328517085266,0.034746939588700995,tavg_cwb
wheat,IN,IN-12-0548,2013,-1.1629383993920825,0.2068290275530733,tavg_cwb
wheat,IN,IN-12-0548,2014,-1.1422180122451222,0.4439056295901017,tavg_cwb
wheat,IN,IN-12-0548,2015,-1.0839989924172873,0.5939096307425715,tavg_cwb
wheat,IN,IN-12-0548,2016,-0.3775534081759762,-0.16269443340738995,tavg_cwb
wheat,IN,IN-12-0548,2017,-0.7522975110774834,-0.09279279450673777,tavg_cwb
wheat,IN,IN-12-1028,2003,-0.8474295358003204,0.18419045758648753,tavg_cwb
wheat,IN,IN-12-1028,2004,-0.5213607180273464,-0.05626139413014127,tavg_cwb
wheat,IN,IN-12-1028,2005,-0.2143157785959682,-0.11599095342226262,tavg_cwb
wheat,IN,IN-12-1028,2006,-0.21034118767473756,-0.40317768345048727,tavg_cwb
wheat,IN,IN-12-1028,2007,-0.4863408516274222,-0.007350441121858837,tavg_cwb
wheat,IN,IN-12-1028,2008,-0.6207009783880172,-0.2778856281349104,tavg_cwb
wheat,IN,IN-12-1028,2009,-0.16457127910583283,-0.4235161051920365,tavg_cwb
wheat,IN,IN-12-1028,2010,-0.2802783935671464,-0.42866857327435953,tavg_cwb
wheat,IN,IN-12-1028,2011,-0.6483915564015323,-0.2464076544894614,tavg_cwb
wheat,IN,IN-12-1028,2012,-0.731072579794603,-0.2062167129766061,tavg_cwb
wheat,IN,IN-12-1028,2013,-0.6692781845237677,-0.18647252962250507,tavg_cwb
wheat,IN,IN-12-1028,2014,-0.8058978252762876,0.23522154263041287,tavg_cwb
wheat,IN,IN-12-1028,2015,-0.8819367676628312,0.38487750728579956,tavg_cwb
wheat,IN,IN-12-1028,2016,-0.219241631643452,-0.28176666717690074,tavg_cwb
wheat,IN,IN-12-1028,2017,-0.3654245602819626,-0.2866068316289285,tavg_cwb
wheat,IN,IN-12-1029,2003,-0.8970874423061712,0.266857657085729,tavg_cwb
wheat,IN,IN-12-1029,2004,-0.5400900018609303,-0.06230016909287172,tavg_cwb
wheat,IN,IN-12-1029,2005,-0.259625040803606,-0.087254963389033,tavg_cwb
wheat,IN,IN-12-1029,2006,-0.10025727837953771,-0.4423191811910128,tavg_cwb
wheat,IN,IN-12-1029,2007,-0.7195573197901829,0.41707438541745745,tavg_cwb
wheat,IN,IN-12-1029,2008,-0.6544911923007578,-0.23375974110429265,tavg_cwb
wheat,IN,IN-12-1029,2009,-0.20344683505584765,-0.3726950026195363,tavg_cwb
wheat,IN,IN-12-1029,2010,-0.35274994483399835,-0.356534437845669,tavg_cwb
wheat,IN,IN-12-1029,2011,-0.8089940574340223,-0.1831696780602832,tavg_cwb
wheat,IN,IN-12-1029,2012,-0.7969845989642813,-0.1361774888509466,tavg_cwb
wheat,IN,IN-12-1029,2013,-0.728436385781337,-0.054878729948759364,tavg_cwb
wheat,IN,IN-12-1029,2014,-0.8573057507837017,0.18628286953764486,tavg_cwb
wheat,IN,IN-12-1029,2015,-0.7824181578582573,0.39666689330019544,tavg_cwb
wheat,IN,IN-12-1029,2016,-0.25783025231507556,-0.29909302646067154,tavg_cwb
wheat,IN,IN-12-1029,2017,-0.40953177144779407,-0.17802326760292506,tavg_cwb
wheat,IN,IN-12-1031,2003,-1.1127850368615158,0.052892875972903076,tavg_cwb
wheat,IN,IN-12-1031,2004,-0.9413385776037839,0.030988698322233794,tavg_cwb
wheat,IN,IN-12-1031,2005,-0.7019184112835655,0.03985675431655977,tavg_cwb
wheat,IN,IN-12-1031,2006,-0.6264911574609978,-0.2606982348102926,tavg_cwb
wheat,IN,IN-12-1031,2007,-0.875331513424575,0.07698192251526663,tavg_cwb
wheat,IN,IN-12-1031,2008,-1.0147867853967738,-0.19652551422004397,tavg_cwb
wheat,IN,IN-12-1031,2009,-0.6087706375851444,-0.2187959122588976,tavg_cwb
wheat,IN,IN-12-1031,2010,-0.6384073562733098,-0.15973995178484945,tavg_cwb
wheat,IN,IN-12-1031,2011,-1.115579217668431,-0.059118069207811166,tavg_cwb
wheat,IN,IN-12-1031,2012,-1.2155776005115941,0.002737996748077648,tavg_cwb
wheat,IN,IN-12-1031,2013,-1.2440153277152266,0.2479291280417141,tavg_cwb
wheat,IN,IN-12-1031,2014,-1.2540085013755982,0.5748268417852501,tavg_cwb
wheat,IN,IN-12-1031,2015,-1.1429643725300513,0.599314713601494,tavg_cwb
wheat,IN,IN-12-1031,2016,-0.4844327131354709,-0.13465904412657537,tavg_cwb
wheat,IN,IN-12-1031,2017,-0.8521350044407154,-0.016991006775466683,tavg_cwb
wheat,IN,IN-12-1033,2003,-1.830431419055164,0.5191207163112139,tavg_cwb
wheat,IN,IN-12-1033,2004,-1.4461351203762174,0.09622212378085739,tavg_cwb
wheat,IN,IN-12-1033,2005,-1.5247117086658073,0.5115560242169974,tavg_cwb
wheat,IN,IN-12-1033,2006,-1.2925752623877642,0.045562126718692995,tavg_cwb
wheat,IN,IN-12-1033,2007,-1.6339012653145228,0.7056604537629038,tavg_cwb
wheat,IN,IN-12-1033,2008,-1.523772636636053,-0.18343604439413083,tavg_cwb
wheat,IN,IN-12-1033,2009,-1.2228487347377548,-0.02688113540852572,tavg_cwb
wheat,IN,IN-12-1033,2010,-1.2935661127568459,0.025038292163138624,tavg_cwb
wheat,IN,IN-12-1033,2011,-1.7463032057574293,0.2405943479447281,tavg_cwb
wheat,IN,IN-12-1033,2012,-1.8618313418268322,-0.05190416876190898,tavg_cwb
wheat,IN,IN-12-1033,2013,-1.9093061622370642,0.871554443868894,tavg_cwb
wheat,IN,IN-12-1033,2014,-1.9710788662213807,0.7456480568561843,tavg_cwb
wheat,IN,IN-12-1033,2015,-1.9229222840437297,1.073826164004731,tavg_cwb
wheat,IN,IN-12-1033,2016,-1.4279799822847616,0.1918512371779443,tavg_cwb
wheat,IN,IN-12-1033,2017,-1.3681727829703434,0.3391655863798305,tavg_cwb
wheat,IN,IN-12-1034,2003,-0.9905835649485926,0.230881919034665,tavg_cwb
wheat,IN,IN-12-1034,2004,-0.6091047902297426,-0.07836640641604704,tavg_cwb
wheat,IN,IN-12-1034,2005,-0.46690583285982495,-0.03917721192542785,tavg_cwb
wheat,IN,IN-12-1034,2006,-0.3579070375822153,-0.3258995723410825,tavg_cwb
wheat,IN,IN-12-1034,2007,-0.8674883066845864,0.48849227046768745,tavg_cwb
wheat,IN,IN-12-1034,2008,-0.8354042794071541,-0.1626792162271244,tavg_cwb
wheat,IN,IN-12-1034,2009,-0.4264599420357194,-0.2979054899467574,tavg_cwb
wheat,IN,IN-12-1034,2010,-0.5934526035739117,-0.31622304170596804,tavg_cwb
wheat,IN,IN-12-1034,2011,-0.8955558494524378,-0.19008472498704393,tavg_cwb
wheat,IN,IN-12-1034,2012,-1.100936969410966,0.15706125870705828,tavg_cwb
wheat,IN,IN-12-1034,2013,-0.9395527764700788,0.16893764618254473,tavg_cwb
wheat,IN,IN-12-1034,2014,-1.0328734596624807,0.3235548220413968,tavg_cwb
wheat,IN,IN-12-1034,2015,-1.0106800606728783,0.6732800214796452,tavg_cwb
wheat,IN,IN-12-1034,2016,-0.46375984027100997,-0.23736199998654445,tavg_cwb
wheat,IN,IN-12-1034,2017,-0.5671478580708483,-0.06648219365007405,tavg_cwb
wheat,IN,IN-12-1036,2003,-0.44191968874886484,-0.07126663385478879,tavg_cwb
wheat,IN,IN-12-1036,2004,-0.13350652480011493,-0.36418819131341434,tavg_cwb
wheat,IN,IN-12-1036,2005,0.05166134920366174,-0.09918398265720599,tavg_cwb
wheat,IN,IN-12-1036,2006,0.17991924670947626,-0.4957415749142563,tavg_cwb
wheat,IN,IN-12-1036,2007,-0.16929605162007227,-0.012559553539621873,tavg_cwb
wheat,IN,IN-12-1036,2008,-0.31372300077019366,-0.2946191913652695,tavg_cwb
wheat,IN,IN-12-1036,2009,0.16693906466048505,-0.5188737560762047,tavg_cwb
wheat,IN,IN-12-1036,2010,0.1378209835363942,-0.5415544607225807,tavg_cwb
wheat,IN,IN-12-1036,2011,-0.25634133261706094,-0.38074117420236897,tavg_cwb
wheat,IN,IN-12-1036,2012,-0.34561595513673565,-0.25965782105234786,tavg_cwb
wheat,IN,IN-12-1036,2013,-0.3933124197531098,-0.2784728105803014,tavg_cwb
wheat,IN,IN-12-1036,2014,-0.5849577335721093,0.18204290379288798,tavg_cwb
wheat,IN,IN-12-1036,2015,-0.5293770022671785,0.2577330046836251,tavg_cwb
wheat,IN,IN-12-1036,2016,0.019914193822292765,-0.21599165563125458,tavg_cwb
wheat,IN,IN-12-1036,2017,-0.1589955486653789,-0.3562465502059278,tavg_cwb
wheat,IN,IN-12-1037,2003,-0.4589683715314045,-0.010145320705839959,tavg_cwb
wheat,IN,IN-12-1037,2004,-0.2920135050007258,-0.1394079811970444,tavg_cwb
wheat,IN,IN-12-1037,2005,-0.0903100348265255,-0.1343536214111167,tavg_cwb
wheat,IN,IN-12-1037,2006,0.03969189954968879,-0.33451175506782316,tavg_cwb
wheat,IN,IN-12-1037,2007,-0.10220294727561452,-0.07717384569628657,tavg_cwb
wheat,IN,IN-12-1037,2008,-0.2534540041811238,-0.3656597987732652,tavg_cwb
wheat,IN,IN-12-1037,2009,0.04875482899706818,-0.3707779478066738,tavg_cwb
wheat,IN,IN-12-1037,2010,0.022309117348614075,-0.31917865731006,tavg_cwb
wheat,IN,IN-12-1037,2011,-0.2953849902539256,-0.378693792310563,tavg_cwb
wheat,IN,IN-12-1037,2012,-0.4932329521810762,-0.24190741651105804,tavg_cwb
wheat,IN,IN-12-1037,2013,-0.49295363923180946,-0.13815551231713447,tavg_cwb
wheat,IN,IN-12-1037,2014,-0.6697823345769014,0.3606850462554268,tavg_cwb
wheat,IN,IN-12-1037,2015,-0.6618315870239666,0.6728366290029737,tavg_cwb
wheat,IN,IN-12-1037,2016,0.21816668436723802,-0.19851698700890127,tavg_cwb
wheat,IN,IN-12-1037,2017,-0.11101038620778932,-0.40700692799466476,tavg_cwb
wheat,IN,IN-12-1038,2003,-1.7051990259501888,0.4218086759647848,tavg_cwb
wheat,IN,IN-12-1038,2004,-1.3540575061635727,0.040756718558961354,tavg_cwb
wheat,IN,IN-12-1038,2005,-1.2588754154309933,0.3151394492356851,tavg_cwb
wheat,IN,IN-12-1038,2006,-1.1133183315230437,-0.1064214374152381,tavg_cwb
wheat,IN,IN-12-1038,2007,-1.5458895543404636,0.5713328154784232,tavg_cwb
wheat,IN,IN-12-1038,2008,-1.5204113789512825,-0.14552377407258285,tavg_cwb
wheat,IN,IN-12-1038,2009,-1.121541013636252,-0.06323422466358032,tavg_cwb
wheat,IN,IN-12-1038,2010,-1.1266521564999237,-0.017751875924620224,tavg_cwb
wheat,IN,IN-12-1038,2011,-1.6397625171948638,0.21773944003419707,tavg_cwb
wheat,IN,IN-12-1038,2012,-1.74794615330852,-0.06216890317131019,tavg_cwb
wheat,IN,IN-12-1038,2013,-1.753677660281252,0.733908239557614,tavg_cwb
wheat,IN,IN-12-1038,2014,-1.8001227940546698,0.6358845695635954,tavg_cwb
wheat,IN,IN-12-1038,2015,-1.766447721406779,0.8323283798659932,tavg_cwb
wheat,IN,IN-12-1038,2016,-1.2883991265049939,0.18442960697422953,tavg_cwb
wheat,IN,IN-12-1038,2017,-1.3101294904128231,0.23858948046163037,tavg_cwb
wheat,IN,IN-12-1039,2003,-1.6489942563144662,0.42695925878087926,tavg_cwb
wheat,IN,IN-12-1039,2004,-1.332801546187216,0.11204144989666462,tavg_cwb
wheat,IN,IN-12-1039,2005,-1.13255308073959,0.12185976112969385,tavg_cwb
wheat,IN,IN-12-1039,2006,-1.2192029364876085,-0.02373513233667909,tavg_cwb
wheat,IN,IN-12-1039,2007,-1.3732705564570327,0.3967101384199076,tavg_cwb
wheat,IN,IN-12-1039,2008,-1.4855301611108034,-0.11774089306454329,tavg_cwb
wheat,IN,IN-12-1039,2009,-1.0696403535086676,-0.08018069592532345,tavg_cwb
wheat,IN,IN-12-1039,2010,-1.0841861060326858,0.03674076507341744,tavg_cwb
wheat,IN,IN-12-1039,2011,-1.5941653691743798,0.21340188410882177,tavg_cwb
wheat,IN,IN-12-1039,2012,-1.6260963910336435,-0.02538853741365675,tavg_cwb
wheat,IN,IN-12-1039,2013,-1.671993099026563,0.5625775910263578,tavg_cwb
wheat,IN,IN-12-1039,2014,-1.6510071588669886,0.6896942628370367,tavg_cwb
wheat,IN,IN-12-1039,2015,-1.5733009163702034,0.6688479528800337,tavg_cwb
wheat,IN,IN-12-1039,2016,-1.0822405932308414,0.05494684034668961,tavg_cwb
wheat,IN,IN-12-1039,2017,-1.2813692311143847,0.13486496129954123,tavg_cwb
wheat,IN,IN-12-1040,2003,-1.8417194270165802,0.6360909389901415,tavg_cwb
wheat,IN,IN-12-1040,2004,-1.3805763466914953,0.09599701047477839,tavg_cwb
wheat,IN,IN-12-1040,2005,-1.4548390212742848,0.4887072101656814,tavg_cwb
wheat,IN,IN-12-1040,2006,-1.1879855548084806,0.0013870891407122368,tavg_cwb
wheat,IN,IN-12-1040,2007,-1.5853573960362608,0.741313169579531,tavg_cwb
wheat,IN,IN-12-1040,2008,-1.4948928538204769,-0.13797470345849625,tavg_cwb
wheat,IN,IN-12-1040,2009,-1.1024665567024332,-0.05891057426060323,tavg_cwb
wheat,IN,IN-12-1040,2010,-1.2718814119258413,0.026455903100604306,tavg_cwb
wheat,IN,IN-12-1040,2011,-1.5778049357742756,0.16952986827503394,tavg_cwb
wheat,IN,IN-12-1040,2012,-1.5981953564006797,-0.061409202581615474,tavg_cwb
wheat,IN,IN-12-1040,2013,-1.69277018146777,0.6119918613399015,tavg_cwb
wheat,IN,IN-12-1040,2014,-1.84278263744179,0.7397288950913639,tavg_cwb
wheat,IN,IN-12-1040,2015,-1.8795733843976437,1.2007139408922143,tavg_cwb
wheat,IN,IN-12-1040,2016,-1.3442774873174408,0.21851812058574985,tavg_cwb
wheat,IN,IN-12-1040,2017,-1.3594278475038108,0.3019341014834828,tavg_cwb
wheat,IN,IN-12-1041,2003,-1.248107940445028,0.12709213435244396,tavg_cwb
wheat,IN,IN-12-1041,2004,-0.9587330465840262,0.025032029689350508,tavg_cwb
wheat,IN,IN-12-1041,2005,-0.7617195019538661,0.05068621533036386,tavg_cwb
wheat,IN,IN-12-1041,2006,-0.6371089296349849,-0.2653156119284963,tavg_cwb
wheat,IN,IN-12-1041,2007,-0.9667691476785358,0.22262787995848365,tavg_cwb
wheat,IN,IN-12-1041,2008,-1.0778769802027388,-0.1908115305707514,tavg_cwb
wheat,IN,IN-12-1041,2009,-0.6427978016505325,-0.21339227761649635,tavg_cwb
wheat,IN,IN-12-1041,2010,-0.751006552438824,-0.1662990695270983,tavg_cwb
wheat,IN,IN-12-1041,2011,-1.1539861142477035,-0.028805888163078764,tavg_cwb
wheat,IN,IN-12-1041,2012,-1.2522764999091283,0.023942359249980193,tavg_cwb
wheat,IN,IN-12-1041,2013,-1.2595153891277155,0.2332458575336827,tavg_cwb
wheat,IN,IN-12-1041,2014,-1.2644032183500944,0.5526818826648819,tavg_cwb
wheat,IN,IN-12-1041,2015,-1.18684812363991,0.6026564235049988,tavg_cwb
wheat,IN,IN-12-1041,2016,-0.5717880597349595,-0.11181213166375464,tavg_cwb
wheat,IN,IN-12-1041,2017,-0.8949715605800161,-0.006252213358167669,tavg_cwb
wheat,IN,IN-12-1042,2003,-0.7576314434620917,0.12131276060067762,tavg_cwb
wheat,IN,IN-12-1042,2004,-0.545437828707728,-0.09659824329697693,tavg_cwb
wheat,IN,IN-12-1042,2005,-0.30042908738421853,-0.03393661510367941,tavg_cwb
wheat,IN,IN-12-1042,2006,-0.2683794272260275,-0.28443224015776003,tavg_cwb
wheat,IN,IN-12-1042,2007,-0.4406130715459433,0.0731093345247099,tavg_cwb
wheat,IN,IN-12-1042,2008,-0.5488476493730389,-0.24353688081402236,tavg_cwb
wheat,IN,IN-12-1042,2009,-0.1386333143800809,-0.35176272067917846,tavg_cwb
wheat,IN,IN-12-1042,2010,-0.3303007651561772,-0.21692401808538628,tavg_cwb
wheat,IN,IN-12-1042,2011,-0.604387791381588,-0.28749531038112797,tavg_cwb
wheat,IN,IN-12-1042,2012,-0.7493652115461324,-0.13954866365963706,tavg_cwb
wheat,IN,IN-12-1042,2013,-0.7146738165919501,-0.09318057042520307,tavg_cwb
wheat,IN,IN-12-1042,2014,-0.8420587148419401,0.38694448194118547,tavg_cwb
wheat,IN,IN-12-1042,2015,-0.9033656706702613,0.7710811727113726,tavg_cwb
wheat,IN,IN-12-1042,2016,-0.082461817909968,-0.13974387670978913,tavg_cwb
wheat,IN,IN-12-1042,2017,-0.3648492372549351,-0.3101102263510537,tavg_cwb
wheat,IN,IN-12-1044,2003,-0.6533932708344095,0.06529780924074831,tavg_cwb
wheat,IN,IN-12-1044,2004,-0.29822782828593364,-0.22693093936418743,tavg_cwb
wheat,IN,IN-12-1044,2005,-0.0021227243385613247,-0.16665176718348815,tavg_cwb
wheat,IN,IN-12-1044,2006,-0.05229075883714846,-0.345098012750682,tavg_cwb
wheat,IN,IN-12-1044,2007,-0.33301405696590286,0.10557798810251032,tavg_cwb
wheat,IN,IN-12-1044,2008,-0.47838150235566385,-0.2677388214194322,tavg_cwb
wheat,IN,IN-12-1044,2009,0.019234749465948876,-0.4297828107061939,tavg_cwb
wheat,IN,IN-12-1044,2010,-0.0982709434855272,-0.419825677560765,tavg_cwb
wheat,IN,IN-12-1044,2011,-0.4247544516919895,-0.357913162489192,tavg_cwb
wheat,IN,IN-12-1044,2012,-0.5040772818999303,-0.20505746725801047,tavg_cwb
wheat,IN,IN-12-1044,2013,-0.5736391183503092,-0.12938067832792077,tavg_cwb
wheat,IN,IN-12-1044,2014,-0.6575672883141445,0.21764327489412025,tavg_cwb
wheat,IN,IN-12-1044,2015,-0.6420425829843356,0.3439530531867332,tavg_cwb
wheat,IN,IN-12-1044,2016,-0.11748572223946582,-0.10220077592889697,tavg_cwb
wheat,IN,IN-12-1044,2017,-0.21364548585343276,-0.3638517908650099,tavg_cwb
wheat,IN,IN-12-1045,2003,-0.8558075703742761,0.20864199631433158,tavg_cwb
wheat,IN,IN-12-1045,2004,-0.5055628030856997,-0.0770249280470396,tavg_cwb
wheat,IN,IN-12-1045,2005,-0.23702359886356325,-0.0847470364883725,tavg_cwb
wheat,IN,IN-12-1045,2006,-0.15690267544595538,-0.450703565242298,tavg_cwb
wheat,IN,IN-12-1045,2007,-0.6193894674533341,0.24383165689015524,tavg_cwb
wheat,IN,IN-12-1045,2008,-0.6540939201536669,-0.24460240590353516,tavg_cwb
wheat,IN,IN-12-1045,2009,-0.19128843667158746,-0.4092195204742961,tavg_cwb
wheat,IN,IN-12-1045,2010,-0.32450294636992594,-0.42830981966898724,tavg_cwb
wheat,IN,IN-12-1045,2011,-0.6968060101558424,-0.24581152507347032,tavg_cwb
wheat,IN,IN-12-1045,2012,-0.7840962933346435,-0.14966866468556628,tavg_cwb
wheat,IN,IN-12-1045,2013,-0.6964054743653797,-0.10268179180549683,tavg_cwb
wheat,IN,IN-12-1045,2014,-0.8374589631436807,0.21415457809204397,tavg_cwb
wheat,IN,IN-12-1045,2015,-0.8463278788337424,0.47370381292774266,tavg_cwb
wheat,IN,IN-12-1045,2016,-0.2524510984644183,-0.30866068098041227,tavg_cwb
wheat,IN,IN-12-1045,2017,-0.3512874992266836,-0.23551894844485866,tavg_cwb
wheat,IN,IN-12-1046,2003,-0.8916146303744984,0.15472492673042487,tavg_cwb
wheat,IN,IN-12-1046,2004,-0.4790993730728302,-0.12936267017867534,tavg_cwb
wheat,IN,IN-12-1046,2005,-0.4851199623540662,-0.041107002537831526,tavg_cwb
wheat,IN,IN-12-1046,2006,-0.3921839576117776,-0.26705010209332625,tavg_cwb
wheat,IN,IN-12-1046,2007,-0.7305490460003469,0.3801790943427334,tavg_cwb
wheat,IN,IN-12-1046,2008,-0.7651934114502299,-0.1819621363962541,tavg_cwb
wheat,IN,IN-12-1046,2009,-0.37504371668097547,-0.31850913127473784,tavg_cwb
wheat,IN,IN-12-1046,2010,-0.5160870787415577,-0.3336760926355905,tavg_cwb
wheat,IN,IN-12-1046,2011,-0.8287919297734347,-0.1789905862574111,tavg_cwb
wheat,IN,IN-12-1046,2012,-1.0415460389066291,0.15599027537391655,tavg_cwb
wheat,IN,IN-12-1046,2013,-0.9500238844746683,0.33330786955053787,tavg_cwb
wheat,IN,IN-12-1046,2014,-0.9307629751602324,0.2804655828886826,tavg_cwb
wheat,IN,IN-12-1046,2015,-0.919880344313449,0.6862689503772672,tavg_cwb
wheat,IN,IN-12-1046,2016,-0.3483754108089166,-0.24034653431108094,tavg_cwb
wheat,IN,IN-12-1046,2017,-0.5152227140659479,-0.0309250238960762,tavg_cwb
wheat,IN,IN-12-2013,2008,-1.4561226412482255,-0.1456128091740777,tavg_cwb
wheat,IN,IN-12-2013,2009,-0.9968306827903739,-0.13027382911373733,tavg_cwb
wheat,IN,IN-12-2013,2010,-1.146480019553134,-0.02268679655758107,tavg_cwb
wheat,IN,IN-12-2013,2011,-1.5080435141476087,0.17572727437793612,tavg_cwb
wheat,IN,IN-12-2013,2012,-1.5653292460310178,-0.002810558723443789,tavg_cwb
wheat,IN,IN-12-2013,2013,-1.6286433264863682,0.48301253458458643,tavg_cwb
wheat,IN,IN-12-2013,2014,-1.6248788828716245,0.6537261856135254,tavg_cwb
wheat,IN,IN-12-2013,2015,-1.6231720176868087,0.7108675299241272,tavg_cwb
wheat,IN,IN-12-2013,2016,-1.0825098104014383,0.05912379836772847,tavg_cwb
wheat,IN,IN-12-2013,2017,-1.2504638625617095,0.09066545572441864,tavg_cwb
wheat,IN,IN-12-2026,2010,-0.4539839138245779,-0.31069484747716253,tavg_cwb
wheat,IN,IN-12-2026,2011,-0.7569758644208396,-0.22990091221196965,tavg_cwb
wheat,IN,IN-12-2026,2012,-0.9570806778569639,-0.017007255144659752,tavg_cwb
wheat,IN,IN-12-2026,2013,-0.8666338700251769,-0.09141256560907784,tavg_cwb
wheat,IN,IN-12-2026,2014,-0.9444532422513029,0.3781191461954404,tavg_cwb
wheat,IN,IN-12-2026,2015,-1.0695222143957441,0.6338732797972233,tavg_cwb
wheat,IN,IN-12-2026,2016,-0.33058308217487126,-0.19167162110418254,tavg_cwb
wheat,IN,IN-12-2026,2017,-0.5392402170323072,-0.26518068408411954,tavg_cwb
wheat,IN,IN-12-2031,2011,-1.5753059382622177,0.1679333086969147,tavg_cwb
wheat,IN,IN-12-2031,2012,-1.6280095224035955,-0.0011772476459856087,tavg_cwb
wheat,IN,IN-12-2031,2013,-1.7208311795868212,0.6365413699720713,tavg_cwb
wheat,IN,IN-12-2031,2014,-1.827043130314928,0.72941842413598,tavg_cwb
wheat,IN,IN-12-2031,2015,-1.8791581402546584,1.0497176325204978,tavg_cwb
wheat,IN,IN-12-2031,2016,-1.3415711047754817,0.2116179504312913,tavg_cwb
wheat,IN,IN-12-2031,2017,-1.4004993213551142,0.2560242658829305,tavg_cwb
wheat,IN,IN-12-2032,2011,-1.830763165792641,0.2798560449284341,tavg_cwb
wheat,IN,IN-12-2032,2012,-1.8464049617533456,0.01005031364275763,tavg_cwb
wheat,IN,IN-12-2032,2013,-1.9555614435425144,0.9754476175901338,tavg_cwb
wheat,IN,IN-12-2032,2014,-2.0534152395083614,0.8934298279431603,tavg_cwb
wheat,IN,IN-12-2032,2015,-2.053784613475046,1.4306864295749246,tavg_cwb
wheat,IN,IN-12-2032,2016,-1.438511843739255,0.1898867276159706,tavg_cwb
wheat,IN,IN-12-2032,2017,-1.3784045270487857,0.38514728988153524,tavg_cwb
wheat,IN,IN-12-2033,2011,-1.6071510046943824,0.1681262388958077,tavg_cwb
wheat,IN,IN-12-2033,2012,-1.6771787137746954,-0.09937384880110894,tavg_cwb
wheat,IN,IN-12-2033,2013,-1.7469847127277662,0.6312826819862325,tavg_cwb
wheat,IN,IN-12-2033,2014,-1.8699608410271296,0.7047066369249038,tavg_cwb
wheat,IN,IN-12-2033,2015,-1.8566478365444101,1.015291494772198,tavg_cwb
wheat,IN,IN-12-2033,2016,-1.3359735269730426,0.19743936877989446,tavg_cwb
wheat,IN,IN-12-2033,2017,-1.3439130754208224,0.3084025000583262,tavg_cwb
wheat,IN,IN-13-0801,2003,0.5775724283996485,0.162840932893125,tavg_cwb
wheat,IN,IN-13-0801,2004,0.6747979390412745,-0.10733547732151073,tavg_cwb
wheat,IN,IN-13-0801,2005,0.9476752185013371,-0.05724607429125887,tavg_cwb
wheat,IN,IN-13-0801,2006,1.0227709630399358,-0.24024297519217122,tavg_cwb
wheat,IN,IN-13-0801,2007,0.757903831923689,-0.018715334940820373,tavg_cwb
wheat,IN,IN-13-0801,2008,0.576350569647636,0.3871687994824564,tavg_cwb
wheat,IN,IN-13-0801,2009,1.1622792389082224,-0.2240448017979962,tavg_cwb
wheat,IN,IN-13-0801,2010,0.8935269037719628,-0.24265909968733307,tavg_cwb
wheat,IN,IN-13-0801,2011,0.7400178995538929,-0.28147403644893615,tavg_cwb
wheat,IN,IN-13-0801,2012,0.7749123657215453,-0.07206831994682111,tavg_cwb
wheat,IN,IN-13-0801,2013,0.6413460133218116,-0.26492487664738823,tavg_cwb
wheat,IN,IN-13-0801,2014,0.7100726112567468,-0.1276474435902453,tavg_cwb
wheat,IN,IN-13-0801,2015,0.7252548561752732,0.3019312313949917,tavg_cwb
wheat,IN,IN-13-0801,2016,1.0957412776045332,0.10528347825280479,tavg_cwb
wheat,IN,IN-13-0801,2017,0.7938198511700298,0.3684829871358985,tavg_cwb
wheat,IN,IN-13-0802,2003,0.09080992408261476,0.13665114755338595,tavg_cwb
wheat,IN,IN-13-0802,2004,0.3093818873549627,-0.2584327848530345,tavg_cwb
wheat,IN,IN-13-0802,2005,0.5597819971257724,0.21957897828842382,tavg_cwb
wheat,IN,IN-13-0802,2006,0.7234592157137603,-0.29684904285179126,tavg_cwb
wheat,IN,IN-13-0802,2007,0.3311062632520772,0.03993571263339347,tavg_cwb
wheat,IN,IN-13-0802,2008,0.2598598425410333,0.40660720332688327,tavg_cwb
wheat,IN,IN-13-0802,2009,0.7744827843135785,-0.22928767207295964,tavg_cwb
wheat,IN,IN-13-0802,2010,0.5694856426512784,-0.3451844900172923,tavg_cwb
wheat,IN,IN-13-0802,2011,0.38513509099934284,-0.2437121201938039,tavg_cwb
wheat,IN,IN-13-0802,2012,0.4219813707512151,-0.03351617266021984,tavg_cwb
wheat,IN,IN-13-0802,2013,0.1321468933017805,-0.19713723710529849,tavg_cwb
wheat,IN,IN-13-0802,2014,0.20145740274026042,-0.030772472378803668,tavg_cwb
wheat,IN,IN-13-0802,2015,0.3264663094389094,0.24812733366269135,tavg_cwb
wheat,IN,IN-13-0802,2016,0.7056949212432995,0.3698790336506271,tavg_cwb
wheat,IN,IN-13-0802,2017,0.43719796406912265,0.2605819201816054,tavg_cwb
wheat,IN,IN-13-0803,2003,-0.3545179460965627,0.4985779520053443,tavg_cwb
wheat,IN,IN-13-0803,2004,0.11066296606251305,-0.2410365156205424,tavg_cwb
wheat,IN,IN-13-0803,2005,0.24698582308641776,0.10141826907873731,tavg_cwb
wheat,IN,IN-13-0803,2006,0.4532046179328208,-0.34743336148609305,tavg_cwb
wheat,IN,IN-13-0803,2007,-0.05220070674722461,0.1755956398064941,tavg_cwb
wheat,IN,IN-13-0803,2008,0.058161222812276016,0.07573829460857018,tavg_cwb
wheat,IN,IN-13-0803,2009,0.35557836492689915,-0.20098178800488023,tavg_cwb
wheat,IN,IN-13-0803,2010,0.2670580116515568,-0.30538747376003633,tavg_cwb
wheat,IN,IN-13-0803,2011,-0.026508364305620008,0.06365965777090145,tavg_cwb
wheat,IN,IN-13-0803,2012,0.018816708574279226,-0.1270386469349083,tavg_cwb
wheat,IN,IN-13-0803,2013,-0.19191555855817874,-0.17607672678620262,tavg_cwb
wheat,IN,IN-13-0803,2014,-0.30670784798783696,0.17841762873855024,tavg_cwb
wheat,IN,IN-13-0803,2015,0.0015074595394002498,0.3043674505481879,tavg_cwb
wheat,IN,IN-13-0803,2016,0.23812104429154546,0.36072859791874523,tavg_cwb
wheat,IN,IN-13-0804,2003,-0.3757630310330806,0.5128235621443608,tavg_cwb
wheat,IN,IN-13-0804,2004,0.09587529761004276,-0.19201702219062414,tavg_cwb
wheat,IN,IN-13-0804,2005,0.21193312256528676,0.14489660036519905,tavg_cwb
wheat,IN,IN-13-0804,2006,0.4254789240998975,-0.3335422044576407,tavg_cwb
wheat,IN,IN-13-0804,2007,-0.03080872582474481,0.11183413041271377,tavg_cwb
wheat,IN,IN-13-0804,2008,0.037779910686410255,-0.00286104985186219,tavg_cwb
wheat,IN,IN-13-0804,2009,0.3272069264372705,-0.20351176415852104,tavg_cwb
wheat,IN,IN-13-0804,2010,0.2596815717345712,-0.36031276350580865,tavg_cwb
wheat,IN,IN-13-0804,2011,-0.06401229400381216,0.06813506717342065,tavg_cwb
wheat,IN,IN-13-0804,2012,-0.05386314015251515,-0.12819651893082784,tavg_cwb
wheat,IN,IN-13-0804,2013,-0.19197201433341363,-0.1988718720249662,tavg_cwb
wheat,IN,IN-13-0804,2014,-0.30697060966844303,0.14286759846712307,tavg_cwb
wheat,IN,IN-13-0804,2015,-0.058944398548793714,0.3442221142072155,tavg_cwb
wheat,IN,IN-13-0804,2016,0.17586920444648774,0.4440777855307367,tavg_cwb
wheat,IN,IN-13-0804,2017,0.0732159870973226,0.0664853679359257,tavg_cwb
wheat,IN,IN-13-0805,2003,-0.12937741004942452,0.2388064445229681,tavg_cwb
wheat,IN,IN-13-0805,2004,0.196927368818314,-0.2891020639477996,tavg_cwb
wheat,IN,IN-13-0805,2005,0.35461492868194494,0.16780436259474737,tavg_cwb
wheat,IN,IN-13-0805,2006,0.495659710085145,-0.32302708878734193,tavg_cwb
wheat,IN,IN-13-0805,2007,0.0581852825309482,0.19647661054213802,tavg_cwb
wheat,IN,IN-13-0805,2008,0.06265695310175184,0.27964665276722067,tavg_cwb
wheat,IN,IN-13-0805,2009,0.44125269899039676,-0.19177435745009344,tavg_cwb
wheat,IN,IN-13-0805,2010,0.35356988579939813,-0.2536961501795185,tavg_cwb
wheat,IN,IN-13-0805,2011,0.0839635525392535,-0.06995234451369614,tavg_cwb
wheat,IN,IN-13-0805,2012,0.1415900158671621,-0.022057163939303008,tavg_cwb
wheat,IN,IN-13-0805,2013,-0.09026792816527747,-0.14160511060670403,tavg_cwb
wheat,IN,IN-13-0805,2014,-0.14704068065912482,0.15940633488048905,tavg_cwb
wheat,IN,IN-13-0805,2015,0.14762213104910377,0.2970547423867904,tavg_cwb
wheat,IN,IN-13-0805,2016,0.4292411381330913,0.3162713512290711,tavg_cwb
wheat,IN,IN-13-0805,2017,0.30766528467538257,-0.008832923574683921,tavg_cwb
wheat,IN,IN-13-0806,2003,-0.3399485589025531,0.3029633207168906,tavg_cwb
wheat,IN,IN-13-0806,2004,0.05943491485802517,-0.17172585888806327,tavg_cwb
wheat,IN,IN-13-0806,2005,0.19915007923817493,0.08075530986411521,tavg_cwb
wheat,IN,IN-13-0806,2006,0.35379575254614926,-0.3331290228513968,tavg_cwb
wheat,IN,IN-13-0806,2007,0.002270250824302264,-0.009969790293795279,tavg_cwb
wheat,IN,IN-13-0806,2008,-0.03630656198213856,-0.047892840806318386,tavg_cwb
wheat,IN,IN-13-0806,2009,0.3035153596486325,-0.2461577926935353,tavg_cwb
wheat,IN,IN-13-0806,2010,0.26066500068950443,-0.4117780790485572,tavg_cwb
wheat,IN,IN-13-0806,2011,-0.1098153857231175,-0.12285870844156269,tavg_cwb
wheat,IN,IN-13-0806,2012,-0.13297360146923543,-0.09936418404659667,tavg_cwb
wheat,IN,IN-13-0806,2013,-0.17875966325186243,-0.26174518568123517,tavg_cwb
wheat,IN,IN-13-0806,2014,-0.2767517796868885,0.04501031738046633,tavg_cwb
wheat,IN,IN-13-0806,2015,-0.11777522448702886,0.29604314485055305,tavg_cwb
wheat,IN,IN-13-0806,2016,0.15393805270845004,0.25966962961408163,tavg_cwb
wheat,IN,IN-13-0806,2017,0.048242413683519364,-0.029325376234226656,tavg_cwb
wheat,IN,IN-13-0807,2003,0.044730818857581664,0.06534855869845808,tavg_cwb
wheat,IN,IN-13-0807,2004,0.263529721155591,-0.2443316216901526,tavg_cwb
wheat,IN,IN-13-0807,2005,0.37459108719471623,0.0283139978497894,tavg_cwb
wheat,IN,IN-13-0807,2006,0.4596937183303145,-0.39958059449132954,tavg_cwb
wheat,IN,IN-13-0807,2007,0.14742403438404458,0.1176065212465258,tavg_cwb
wheat,IN,IN-13-0807,2008,0.12159065118166165,-0.03142822604149104,tavg_cwb
wheat,IN,IN-13-0807,2009,0.5524976546527406,-0.33347661223223707,tavg_cwb
wheat,IN,IN-13-0807,2010,0.48220739833693005,-0.363176215531517,tavg_cwb
wheat,IN,IN-13-0807,2011,0.10944948949371892,-0.14377020373875377,tavg_cwb
wheat,IN,IN-13-0807,2012,0.1574359856888999,-0.10718409917588186,tavg_cwb
wheat,IN,IN-13-0807,2013,0.0850187430582871,-0.28376056039646497,tavg_cwb
wheat,IN,IN-13-0807,2014,0.07940120223374314,-0.06789976446330344,tavg_cwb
wheat,IN,IN-13-0807,2015,0.344076040361856,0.056428201922409944,tavg_cwb
wheat,IN,IN-13-0807,2016,0.6242676934275665,0.05692202149592926,tavg_cwb
wheat,IN,IN-13-0807,2017,0.530772795376768,-0.25146510085354995,tavg_cwb
wheat,IN,IN-13-0810,2003,-0.08974761628999417,0.19245331053219458,tavg_cwb
wheat,IN,IN-13-0810,2004,0.1928956473889968,-0.30768525422174003,tavg_cwb
wheat,IN,IN-13-0810,2005,0.365015274011537,0.14307237337897832,tavg_cwb
wheat,IN,IN-13-0810,2006,0.4819456704407243,-0.32195246142312023,tavg_cwb
wheat,IN,IN-13-0810,2007,0.0655200596240007,0.1995956509407236,tavg_cwb
wheat,IN,IN-13-0810,2008,0.0615914512747302,0.29880647235854657,tavg_cwb
wheat,IN,IN-13-0810,2009,0.46506966001350675,-0.21803370709153683,tavg_cwb
wheat,IN,IN-13-0810,2010,0.36879968772031246,-0.2855024991180556,tavg_cwb
wheat,IN,IN-13-0810,2011,0.10287449141736105,-0.14204848280262114,tavg_cwb
wheat,IN,IN-13-0810,2012,0.1685506491931475,-0.019388069144433095,tavg_cwb
wheat,IN,IN-13-0810,2013,-0.0779543278192751,-0.16344679737388212,tavg_cwb
wheat,IN,IN-13-0810,2014,-0.09625061453741812,0.1367867393848493,tavg_cwb
wheat,IN,IN-13-0810,2015,0.20555449651441945,0.23693239924146364,tavg_cwb
wheat,IN,IN-13-0810,2016,0.48505624835505035,0.31223057760345,tavg_cwb
wheat,IN,IN-13-0810,2017,0.3588874109695499,-0.06917015058900966,tavg_cwb
wheat,IN,IN-13-0814,2003,-0.41498308127137684,0.41462588605312856,tavg_cwb
wheat,IN,IN-13-0814,2004,-0.010876046415938805,-0.12466549164920997,tavg_cwb
wheat,IN,IN-13-0814,2005,0.1737095545081515,-0.005122750982586631,tavg_cwb
wheat,IN,IN-13-0814,2006,0.30408404390820654,-0.2901596942494946,tavg_cwb
wheat,IN,IN-13-0814,2007,-0.06713354299763274,0.003525400796704854,tavg_cwb
wheat,IN,IN-13-0814,2008,-0.04478912603279869,-0.02572829116780368,tavg_cwb
wheat,IN,IN-13-0814,2009,0.2706581444593586,-0.2561660300136573,tavg_cwb
wheat,IN,IN-13-0814,2010,0.18472209225949263,-0.46237774416281746,tavg_cwb
wheat,IN,IN-13-0814,2011,-0.19441807878836265,0.02780641944125221,tavg_cwb
wheat,IN,IN-13-0814,2012,-0.21149160507302286,-0.0197850379224368,tavg_cwb
wheat,IN,IN-13-0814,2013,-0.18112453895717917,-0.28733770102417094,tavg_cwb
wheat,IN,IN-13-0814,2014,-0.3209389528590408,-0.032443878226154,tavg_cwb
wheat,IN,IN-13-0814,2015,-0.21660976340922164,0.4460602852542967,tavg_cwb
wheat,IN,IN-13-0814,2016,0.054561638927491544,0.2487310611006492,tavg_cwb
wheat,IN,IN-13-0814,2017,-0.10411312623195564,0.0805215788355528,tavg_cwb
wheat,IN,IN-13-0816,2003,-0.3557747605534486,0.8520121117646907,tavg_cwb
wheat,IN,IN-13-0816,2004,-0.17305581947159915,0.783868860737785,tavg_cwb
wheat,IN,IN-13-0816,2005,0.10341359663832231,0.3527913548339548,tavg_cwb
wheat,IN,IN-13-0816,2006,0.31322733015624893,0.03821252028737772,tavg_cwb
wheat,IN,IN-13-0816,2007,-0.08273388788852895,0.7073554516379656,tavg_cwb
wheat,IN,IN-13-0816,2008,0.03487001699200109,0.2666747143483703,tavg_cwb
wheat,IN,IN-13-0816,2009,0.2951045672380485,0.24248085956776963,tavg_cwb
wheat,IN,IN-13-0816,2010,0.2499510856262058,0.09932160443331987,tavg_cwb
wheat,IN,IN-13-0816,2011,-0.11855245909318685,0.40521738596553125,tavg_cwb
wheat,IN,IN-13-0816,2012,-0.1967601766837377,0.39287390538514677,tavg_cwb
wheat,IN,IN-13-0816,2013,0.035087923720309236,0.1926017628469074,tavg_cwb
wheat,IN,IN-13-0816,2014,-0.05739673214125373,-0.07842682599547121,tavg_cwb
wheat,IN,IN-13-0816,2015,-0.14319287335051123,0.778105233030722,tavg_cwb
wheat,IN,IN-13-0816,2016,-0.008076522585844135,0.3905830847534138,tavg_cwb
wheat,IN,IN-13-0816,2017,-0.18321118944111175,0.6613736456685579,tavg_cwb
wheat,IN,IN-13-0817,2003,-0.17530904971444858,0.08763019951361255,tavg_cwb
wheat,IN,IN-13-0817,2004,0.12059864784573722,-0.3766570822914731,tavg_cwb
wheat,IN,IN-13-0817,2005,0.2614703382019465,-0.11515510920772833,tavg_cwb
wheat,IN,IN-13-0817,2006,0.25495204504097774,-0.347710789804858,tavg_cwb
wheat,IN,IN-13-0817,2007,-0.030288631668319178,0.10736401351202328,tavg_cwb
wheat,IN,IN-13-0817,2008,-0.002832400871933216,-0.24739753578517207,tavg_cwb
wheat,IN,IN-13-0817,2009,0.5113733586319775,-0.4811247173757522,tavg_cwb
wheat,IN,IN-13-0817,2010,0.3806952272675561,-0.4185549296624791,tavg_cwb
wheat,IN,IN-13-0817,2011,0.05978244412775833,-0.2718439561961366,tavg_cwb
wheat,IN,IN-13-0817,2012,0.06360952155537952,-0.22401478705875097,tavg_cwb
wheat,IN,IN-13-0817,2013,0.091742203024858,-0.3779024284751379,tavg_cwb
wheat,IN,IN-13-0817,2014,-0.10140304966516055,-0.12901989146180526,tavg_cwb
wheat,IN,IN-13-0817,2015,0.049762253264696604,0.15140002125230742,tavg_cwb
wheat,IN,IN-13-0817,2016,0.5873262016481365,-0.1859137067515708,tavg_cwb
wheat,IN,IN-13-0817,2017,0.34771639170096363,-0.3748867851016079,tavg_cwb
wheat,IN,IN-13-0819,2003,-0.5077000748134319,0.427457856830026,tavg_cwb
wheat,IN,IN-13-0819,2004,-0.13868356679419214,-0.007828170433470224,tavg_cwb
wheat,IN,IN-13-0819,2005,0.09243920221066595,-0.006310939982287322,tavg_cwb
wheat,IN,IN-13-0819,2006,0.2174612084884612,-0.2969560606453231,tavg_cwb
wheat,IN,IN-13-0819,2007,-0.16891297765193616,0.02043752809575726,tavg_cwb
wheat,IN,IN-13-0819,2008,-0.0656428437022442,-0.07481288258656975,tavg_cwb
wheat,IN,IN-13-0819,2009,0.1851582382691734,-0.2393578004000163,tavg_cwb
wheat,IN,IN-13-0819,2010,0.10569579533957675,-0.4568295692248317,tavg_cwb
wheat,IN,IN-13-0819,2011,-0.2875699364741221,0.014760649459781398,tavg_cwb
wheat,IN,IN-13-0819,2012,-0.3055169383607869,0.00041496840780521477,tavg_cwb
wheat,IN,IN-13-0819,2013,-0.16894288088748288,-0.3084175859359739,tavg_cwb
wheat,IN,IN-13-0819,2014,-0.36343168480431504,-0.06228855048413605,tavg_cwb
wheat,IN,IN-13-0819,2015,-0.2929575794234226,0.5162332696737693,tavg_cwb
wheat,IN,IN-13-0819,2016,-0.029194939996274597,0.10198893892616713,tavg_cwb
wheat,IN,IN-13-0819,2017,-0.2785007739300989,0.1944187802671562,tavg_cwb
wheat,IN,IN-13-0820,2003,-0.4454190628439547,0.4887740622268982,tavg_cwb
wheat,IN,IN-13-0820,2004,-0.05378408620712316,-0.049670639370295935,tavg_cwb
wheat,IN,IN-13-0820,2005,0.1452706573861277,0.05408950801282777,tavg_cwb
wheat,IN,IN-13-0820,2006,0.2753703632360678,-0.24630600213045767,tavg_cwb
wheat,IN,IN-13-0820,2007,-0.14930354407002847,0.04559900803127227,tavg_cwb
wheat,IN,IN-13-0820,2008,-0.009826417753998817,-0.040134175337251755,tavg_cwb
wheat,IN,IN-13-0820,2009,0.24848926576067287,-0.23618439951558695,tavg_cwb
wheat,IN,IN-13-0820,2010,0.17305269125295494,-0.4349949998843061,tavg_cwb
wheat,IN,IN-13-0820,2011,-0.2170939574359311,0.07875154020677919,tavg_cwb
wheat,IN,IN-13-0820,2012,-0.25551426601294985,0.08145677361589038,tavg_cwb
wheat,IN,IN-13-0820,2013,-0.1474654570050315,-0.280956840322306,tavg_cwb
wheat,IN,IN-13-0820,2014,-0.32396110349567,-0.038358220580124155,tavg_cwb
wheat,IN,IN-13-0820,2015,-0.2309926007400239,0.5031221246135574,tavg_cwb
wheat,IN,IN-13-0820,2016,0.05759353843711677,0.10544042309180475,tavg_cwb
wheat,IN,IN-13-0820,2017,-0.20095866503290338,0.20784819562467566,tavg_cwb
wheat,IN,IN-13-0824,2003,0.038306327790902255,0.0798265794591221,tavg_cwb
wheat,IN,IN-13-0824,2004,0.2565522488043749,-0.18456005011819904,tavg_cwb
wheat,IN,IN-13-0824,2005,0.38530754913318155,0.07521209353292194,tavg_cwb
wheat,IN,IN-13-0824,2006,0.4717392092772035,-0.3800035239170506,tavg_cwb
wheat,IN,IN-13-0824,2007,0.15120000284205998,0.15894556491307893,tavg_cwb
wheat,IN,IN-13-0824,2008,0.10198774934590178,0.1030006143265735,tavg_cwb
wheat,IN,IN-13-0824,2009,0.5493340480455249,-0.3152229735043238,tavg_cwb
wheat,IN,IN-13-0824,2010,0.49388266717221413,-0.3497936526481333,tavg_cwb
wheat,IN,IN-13-0824,2011,0.08026501715088229,-0.11698787731853162,tavg_cwb
wheat,IN,IN-13-0824,2012,0.18097662700860778,-0.07391247662979161,tavg_cwb
wheat,IN,IN-13-0824,2013,0.06107998627773095,-0.2549865153864344,tavg_cwb
wheat,IN,IN-13-0824,2014,0.079290705003505,0.0005146110638689231,tavg_cwb
wheat,IN,IN-13-0824,2015,0.37381451176309133,0.1133010788183171,tavg_cwb
wheat,IN,IN-13-0824,2016,0.5905356975329227,0.20465035817699076,tavg_cwb
wheat,IN,IN-13-0824,2017,0.5341984950977589,-0.276155954058101,tavg_cwb
wheat,IN,IN-13-2061,2016,1.0306944483382807,-0.053445541054077735,tavg_cwb
wheat,IN,IN-13-2061,2017,0.8265131506234145,-0.3383517409641938,tavg_cwb
wheat,IN,IN-13-2063,2016,0.45225066571057626,0.08869801324506181,tavg_cwb
wheat,IN,IN-13-2063,2017,0.3342773158332843,-0.18485647797970128,tavg_cwb
wheat,IN,IN-14-0001,2003,0.8841436518703155,-0.386816999396656,tavg_cwb
wheat,IN,IN-14-0001,2004,0.49945337832494247,-0.2348972570632172,tavg_cwb
wheat,IN,IN-14-0001,2005,0.7545444312110111,-0.18181406368265643,tavg_cwb
wheat,IN,IN-14-0001,2006,0.5426045514270137,-0.31775053840881223,tavg_cwb
wheat,IN,IN-14-0001,2007,0.7176889374953515,-0.4276408691223092,tavg_cwb
wheat,IN,IN-14-0001,2008,0.4238072411981401,-0.187437541005536,tavg_cwb
wheat,IN,IN-14-0001,2009,1.1384466728528604,-0.5722898545906503,tavg_cwb
wheat,IN,IN-14-0001,2010,0.9920989870950121,-0.5435946820637219,tavg_cwb
wheat,IN,IN-14-0001,2011,0.6228610611023333,-0.37208577826711814,tavg_cwb
wheat,IN,IN-14-0001,2012,0.521953572557418,-0.2697756946574304,tavg_cwb
wheat,IN,IN-14-0001,2013,0.6807459701933813,-0.3122980157355793,tavg_cwb
wheat,IN,IN-14-0001,2014,0.46398897410564915,-0.26620199628239427,tavg_cwb
wheat,IN,IN-14-0001,2015,0.3531430084735656,-0.21255001607336801,tavg_cwb
wheat,IN,IN-14-0001,2016,1.015421054822084,-0.2615801561417034,tavg_cwb
wheat,IN,IN-14-0001,2017,0.704268426757074,-0.5298966787529875,tavg_cwb
wheat,IN,IN-14-0002,2003,0.7069276345933752,-0.39389330787947413,tavg_cwb
wheat,IN,IN-14-0002,2004,0.2959173470084125,0.08147627526980819,tavg_cwb
wheat,IN,IN-14-0002,2005,0.6445816223737373,-0.34752679316992713,tavg_cwb
wheat,IN,IN-14-0002,2006,0.4459048579383839,-0.30922693950878777,tavg_cwb
wheat,IN,IN-14-0002,2007,0.5340412670328516,-0.46083459816271477,tavg_cwb
wheat,IN,IN-14-0002,2008,0.3922376784550228,-0.029782834074239223,tavg_cwb
wheat,IN,IN-14-0002,2009,0.9316956332227994,-0.6191557136914757,tavg_cwb
wheat,IN,IN-14-0002,2010,0.718202365058774,-0.4576031616873377,tavg_cwb
wheat,IN,IN-14-0002,2011,0.29058503109819817,-0.12846803468059806,tavg_cwb
wheat,IN,IN-14-0002,2012,0.6402064942350677,-0.4826894930564287,tavg_cwb
wheat,IN,IN-14-0002,2013,0.7804692718455668,-0.5459094463705902,tavg_cwb
wheat,IN,IN-14-0002,2014,0.4453861397072168,-0.34946276429045303,tavg_cwb
wheat,IN,IN-14-0002,2015,0.4367211263531148,-0.3647454776000002,tavg_cwb
wheat,IN,IN-14-0002,2016,1.0813293158210027,-0.46560660319030195,tavg_cwb
wheat,IN,IN-14-0002,2017,0.8630075475092254,-0.631164521266491,tavg_cwb
wheat,IN,IN-14-0003,2003,0.8556488925048801,-0.40033183233213643,tavg_cwb
wheat,IN,IN-14-0003,2004,0.4403619800535658,-0.11419760129796296,tavg_cwb
wheat,IN,IN-14-0003,2005,0.7665094561532179,-0.15269469919313292,tavg_cwb
wheat,IN,IN-14-0003,2006,0.6156425574577534,-0.4035810861147591,tavg_cwb
wheat,IN,IN-14-0003,2007,0.7004002993848673,-0.41682888257746653,tavg_cwb
wheat,IN,IN-14-0003,2008,0.4132551736252979,-0.11033774948907071,tavg_cwb
wheat,IN,IN-14-0003,2009,1.1577252828315008,-0.557647129334077,tavg_cwb
wheat,IN,IN-14-0003,2010,0.9542159780592167,-0.5588074617322495,tavg_cwb
wheat,IN,IN-14-0003,2011,0.4849499456437726,-0.06786120703100652,tavg_cwb
wheat,IN,IN-14-0003,2012,0.4678262451592826,-0.1916853984405978,tavg_cwb
wheat,IN,IN-14-0003,2013,0.7039541875997444,-0.30501609008712194,tavg_cwb
wheat,IN,IN-14-0003,2014,0.5342106110655842,-0.3005099585740409,tavg_cwb
wheat,IN,IN-14-0003,2015,0.43469125559452393,-0.284976054024902,tavg_cwb
wheat,IN,IN-14-0003,2016,1.0593631629480242,-0.29539256559201305,tavg_cwb
wheat,IN,IN-14-0003,2017,0.7016477280381417,-0.5076329261599611,tavg_cwb
wheat,IN,IN-14-0004,2003,0.5434622895318021,-0.29599950071159115,tavg_cwb
wheat,IN,IN-14-0004,2004,0.447367343508363,-0.333562040889926,tavg_cwb
wheat,IN,IN-14-0004,2005,0.5364592644524949,-0.21124586338673174,tavg_cwb
wheat,IN,IN-14-0004,2006,0.4982577300641652,-0.38291189996954145,tavg_cwb
wheat,IN,IN-14-0004,2007,0.4945351330560498,-0.37763759828712573,tavg_cwb
wheat,IN,IN-14-0004,2008,0.2852933450364801,-0.23396789202815896,tavg_cwb
wheat,IN,IN-14-0004,2009,0.9959848638012114,-0.6658169634470857,tavg_cwb
wheat,IN,IN-14-0004,2010,0.7822139669622525,-0.5473593734215513,tavg_cwb
wheat,IN,IN-14-0004,2011,0.5156391582550938,-0.44433302420521076,tavg_cwb
wheat,IN,IN-14-0004,2012,0.3136442863916079,-0.24783156791746538,tavg_cwb
wheat,IN,IN-14-0004,2013,0.447657107582826,-0.2828654731488599,tavg_cwb
wheat,IN,IN-14-0004,2014,0.40323516007307136,-0.29116531572407406,tavg_cwb
wheat,IN,IN-14-0004,2015,0.2059654451021437,-0.1693168791444425,tavg_cwb
wheat,IN,IN-14-0004,2016,0.8463610436887378,-0.354094904438227,tavg_cwb
wheat,IN,IN-14-0004,2017,0.6576100461325296,-0.6569208612510212,tavg_cwb
wheat,IN,IN-14-0005,2003,0.7943329331861203,-0.3426790818869403,tavg_cwb
wheat,IN,IN-14-0005,2004,0.5198493512404156,-0.09013349694141916,tavg_cwb
wheat,IN,IN-14-0005,2005,0.8759278246053298,-0.2454255340743318,tavg_cwb
wheat,IN,IN-14-0005,2006,0.7182925360259058,-0.38975737092836865,tavg_cwb
wheat,IN,IN-14-0005,2007,0.7908298381471264,-0.4530925295430881,tavg_cwb
wheat,IN,IN-14-0005,2008,0.5063016673650849,-0.18462702457994176,tavg_cwb
wheat,IN,IN-14-0005,2009,1.3037054185769053,-0.6474296015927156,tavg_cwb
wheat,IN,IN-14-0005,2010,1.0391057413912264,-0.6199469207480615,tavg_cwb
wheat,IN,IN-14-0005,2011,0.4855511911392404,-0.36940410338621177,tavg_cwb
wheat,IN,IN-14-0005,2012,0.5038113719122181,0.00844128486570685,tavg_cwb
wheat,IN,IN-14-0005,2013,0.7902322765439704,-0.4405327497178978,tavg_cwb
wheat,IN,IN-14-0005,2014,0.7181733831333987,-0.3949630522658793,tavg_cwb
wheat,IN,IN-14-0005,2015,0.7124987266289059,-0.3989685874332174,tavg_cwb
wheat,IN,IN-14-0005,2016,1.14186319586841,-0.305849359667798,tavg_cwb
wheat,IN,IN-14-0005,2017,0.8721759855940924,-0.5922623642851378,tavg_cwb
wheat,IN,IN-14-0006,2003,-0.25137070177970183,-0.14068669035968653,tavg_cwb
wheat,IN,IN-14-0006,2004,-0.06559700821645052,-0.4515297007431325,tavg_cwb
wheat,IN,IN-14-0006,2005,-0.046663431749394704,-0.18860843137896208,tavg_cwb
wheat,IN,IN-14-0006,2006,-0.019855735799210555,-0.3053157399693531,tavg_cwb
wheat,IN,IN-14-0006,2007,-0.18782368697076054,-0.24931214481735575,tavg_cwb
wheat,IN,IN-14-0006,2008,-0.1832116637339072,-0.2677238177584544,tavg_cwb
wheat,IN,IN-14-0006,2009,0.30394484358198054,-0.6337853028180123,tavg_cwb
wheat,IN,IN-14-0006,2010,0.24986430612059024,-0.581374693662783,tavg_cwb
wheat,IN,IN-14-0006,2011,-0.14697126669094648,-0.44519663179456287,tavg_cwb
wheat,IN,IN-14-0006,2012,-0.2554398178523405,-0.15531355186873755,tavg_cwb
wheat,IN,IN-14-0006,2013,-0.2398164948688349,-0.14498072503360024,tavg_cwb
wheat,IN,IN-14-0006,2014,-0.27640893515648124,-0.22563316210350126,tavg_cwb
wheat,IN,IN-14-0006,2015,-0.2730090462318738,-0.15681996147300709,tavg_cwb
wheat,IN,IN-14-0006,2016,0.2230737189265801,-0.2711977827642217,tavg_cwb
wheat,IN,IN-14-0006,2017,0.06934524709299222,-0.5794676556810019,tavg_cwb
wheat,IN,IN-14-0501,2003,0.7861125006631748,-0.3206176410004441,tavg_cwb
wheat,IN,IN-14-0501,2004,0.6124685701548525,-0.33414768004039624,tavg_cwb
wheat,IN,IN-14-0501,2005,0.7391660445407642,-0.18701930479341464,tavg_cwb
wheat,IN,IN-14-0501,2006,0.610092028478968,-0.30542651637006774,tavg_cwb
wheat,IN,IN-14-0501,2007,0.7632211820768878,-0.4776612158592375,tavg_cwb
wheat,IN,IN-14-0501,2008,0.46867802450530827,-0.21378996129832484,tavg_cwb
wheat,IN,IN-14-0501,2009,1.2095428700978836,-0.634229813567238,tavg_cwb
wheat,IN,IN-14-0501,2010,1.039137391378268,-0.5533080474590536,tavg_cwb
wheat,IN,IN-14-0501,2011,0.7568204376337905,-0.5450736060706255,tavg_cwb
wheat,IN,IN-14-0501,2012,0.6250717811808265,-0.3327598927201912,tavg_cwb
wheat,IN,IN-14-0501,2013,0.6965370190069123,-0.32645144336995385,tavg_cwb
wheat,IN,IN-14-0501,2014,0.47807527801791644,-0.2703839992028466,tavg_cwb
wheat,IN,IN-14-0501,2015,0.3315339761395709,-0.18877429625278902,tavg_cwb
wheat,IN,IN-14-0501,2016,1.0071001574119884,-0.2622986295981696,tavg_cwb
wheat,IN,IN-14-0501,2017,0.7732659397708406,-0.5983812687320366,tavg_cwb
wheat,IN,IN-14-1055,2003,1.0135128825191881,-0.2618843064943578,tavg_cwb
wheat,IN,IN-14-1055,2004,0.7252511104250949,0.13055976300374295,tavg_cwb
wheat,IN,IN-14-1055,2005,0.9836048656767737,-0.16910015501437808,tavg_cwb
wheat,IN,IN-14-1055,2006,0.8951831455150017,-0.3789724708138579,tavg_cwb
wheat,IN,IN-14-1055,2008,0.8481104764717612,0.1487912800888586,tavg_cwb
wheat,IN,IN-14-1055,2009,1.3521583022275205,-0.511725194001485,tavg_cwb
wheat,IN,IN-14-1055,2011,0.776340414378262,-0.1774790063578693,tavg_cwb
wheat,IN,IN-14-1055,2012,1.0551718262490248,-0.43559178752140315,tavg_cwb
wheat,IN,IN-14-1055,2013,1.1257217701653728,-0.47070270417549387,tavg_cwb
wheat,IN,IN-14-1055,2014,0.8665919087035265,-0.2513587873097796,tavg_cwb
wheat,IN,IN-14-1055,2015,0.8454063425072417,-0.28017824840494465,tavg_cwb
wheat,IN,IN-14-1055,2016,1.4280776302091598,-0.45580009074662137,tavg_cwb
wheat,IN,IN-14-1055,2017,1.2489773133779831,-0.5156729073860296,tavg_cwb
wheat,IN,IN-14-1056,2003,1.033012525168956,-0.4994618323611811,tavg_cwb
wheat,IN,IN-14-1056,2004,0.5637115012080078,-0.15072038372687263,tavg_cwb
wheat,IN,IN-14-1056,2005,0.9036773085008586,-0.2904377034462173,tavg_cwb
wheat,IN,IN-14-1056,2006,0.662778218295796,-0.4149308087354161,tavg_cwb
wheat,IN,IN-14-1056,2007,0.8273893465784299,-0.5407078206136168,tavg_cwb
wheat,IN,IN-14-1056,2008,0.6524879118016916,-0.26725013804804454,tavg_cwb
wheat,IN,IN-14-1056,2009,1.2924555099147768,-0.6780988771037745,tavg_cwb
wheat,IN,IN-14-1056,2010,1.1218198967504396,-0.6620132379284612,tavg_cwb
wheat,IN,IN-14-1056,2011,0.5606998414846214,-0.06302704842589464,tavg_cwb
wheat,IN,IN-14-1056,2012,0.7319197333471396,-0.27646520012421816,tavg_cwb
wheat,IN,IN-14-1056,2013,0.9458239206887602,-0.45145652587183843,tavg_cwb
wheat,IN,IN-14-1056,2014,0.7458746949439269,-0.4335040239137908,tavg_cwb
wheat,IN,IN-14-1056,2015,0.5169491510731391,-0.29952074169290355,tavg_cwb
wheat,IN,IN-14-1056,2016,1.1386007521437398,-0.33426324281239306,tavg_cwb
wheat,IN,IN-14-1056,2017,0.8570317437397575,-0.6585598254471805,tavg_cwb
wheat,IN,IN-14-1059,2003,0.7702769571345855,-0.2675135504566747,tavg_cwb
wheat,IN,IN-14-1059,2004,0.6525482254143142,-0.269792331828315,tavg_cwb
wheat,IN,IN-14-1059,2005,0.7222824222323316,-0.14287184094925828,tavg_cwb
wheat,IN,IN-14-1059,2006,0.5352422027650151,-0.32939039716354546,tavg_cwb
wheat,IN,IN-14-1059,2007,0.6329106939436973,-0.3546949662556035,tavg_cwb
wheat,IN,IN-14-1059,2008,0.32671896697280933,-0.11816683461268848,tavg_cwb
wheat,IN,IN-14-1059,2009,1.2177314077168642,-0.5730857425280008,tavg_cwb
wheat,IN,IN-14-1059,2010,0.9283219211185338,-0.5001475620341255,tavg_cwb
wheat,IN,IN-14-1059,2011,0.786297347226276,-0.4179095153182983,tavg_cwb
wheat,IN,IN-14-1059,2012,0.44672862549205455,-0.1550239598989545,tavg_cwb
wheat,IN,IN-14-1059,2013,0.64364995709943,-0.2656081685243815,tavg_cwb
wheat,IN,IN-14-1059,2014,0.5744378304445629,-0.23428733156477916,tavg_cwb
wheat,IN,IN-14-1059,2015,0.38962602025649634,-0.2099274471552666,tavg_cwb
wheat,IN,IN-14-1059,2016,0.9574718251723568,-0.26078177067684094,tavg_cwb
wheat,IN,IN-14-1059,2017,0.7788847372204191,-0.5562761242454161,tavg_cwb
wheat,IN,IN-14-1065,2003,-0.12664673307113106,-0.18963093704935854,tavg_cwb
wheat,IN,IN-14-1065,2004,0.08619362562310592,-0.4948263933123213,tavg_cwb
wheat,IN,IN-14-1065,2005,-0.04556521697290295,-0.125436016647299,tavg_cwb
wheat,IN,IN-14-1065,2006,0.11487179937046817,-0.3744732678184856,tavg_cwb
wheat,IN,IN-14-1065,2007,0.03541609481704502,-0.2598458350385553,tavg_cwb
wheat,IN,IN-14-1065,2008,-0.0604459116821971,-0.4040838513750918,tavg_cwb
wheat,IN,IN-14-1065,2009,0.3986541607858594,-0.6135516496850759,tavg_cwb
wheat,IN,IN-14-1065,2010,0.280921868535769,-0.5297517826494486,tavg_cwb
wheat,IN,IN-14-1065,2011,0.030427443568551888,-0.5177826128747042,tavg_cwb
wheat,IN,IN-14-1065,2012,-0.07728063836644312,-0.36464538685915543,tavg_cwb
wheat,IN,IN-14-1065,2013,-0.09680704884450357,-0.23304874556585192,tavg_cwb
wheat,IN,IN-14-1065,2014,-0.2527376531684243,-0.19301490829742063,tavg_cwb
wheat,IN,IN-14-1065,2015,-0.3874627773497078,0.03542820502820696,tavg_cwb
wheat,IN,IN-14-1065,2016,0.20254642513256688,-0.25965208347647695,tavg_cwb
wheat,IN,IN-14-1065,2017,0.08540294590684057,-0.5467641744017357,tavg_cwb
wheat,IN,IN-14-1066,2003,-0.3108778312624328,-0.12713057473418057,tavg_cwb
wheat,IN,IN-14-1066,2004,-0.09450052715933599,-0.508442622049484,tavg_cwb
wheat,IN,IN-14-1066,2005,-0.08629850866943775,-0.24968791799758644,tavg_cwb
wheat,IN,IN-14-1066,2006,-0.05262045977448683,-0.3620606590923231,tavg_cwb
wheat,IN,IN-14-1066,2007,-0.2242945556971124,-0.32703868657656315,tavg_cwb
wheat,IN,IN-14-1066,2008,-0.19269990514802887,-0.3132268775122596,tavg_cwb
wheat,IN,IN-14-1066,2009,0.3106852554397396,-0.7408145287756065,tavg_cwb
wheat,IN,IN-14-1066,2010,0.2707204828832915,-0.6959283961355957,tavg_cwb
wheat,IN,IN-14-1066,2011,-0.24557247916126707,-0.4240397014481134,tavg_cwb
wheat,IN,IN-14-1066,2012,-0.27304200438884785,-0.21204750023470112,tavg_cwb
wheat,IN,IN-14-1066,2013,-0.28321679545916967,-0.12242073751028412,tavg_cwb
wheat,IN,IN-14-1066,2014,-0.23396420430020193,-0.2990502907775897,tavg_cwb
wheat,IN,IN-14-1066,2015,-0.23426947922910293,-0.1871331853487178,tavg_cwb
wheat,IN,IN-14-1066,2016,0.24431811531321868,-0.36628876390792886,tavg_cwb
wheat,IN,IN-14-1066,2017,0.13844974935585425,-0.7140659685433316,tavg_cwb
wheat,IN,IN-14-1067,2003,0.7117219107537024,-0.4203789995514136,tavg_cwb
wheat,IN,IN-14-1067,2004,0.66901263538673,-0.40993693192705133,tavg_cwb
wheat,IN,IN-14-1067,2005,0.7428348668786572,-0.2900295307049805,tavg_cwb
wheat,IN,IN-14-1067,2006,0.7448698701576943,-0.4644760764974479,tavg_cwb
wheat,IN,IN-14-1067,2007,0.6285888438472588,-0.416082691494935,tavg_cwb
wheat,IN,IN-14-1067,2008,0.4990171098603565,-0.2968091667496854,tavg_cwb
wheat,IN,IN-14-1067,2009,1.193528820930927,-0.7401766270536072,tavg_cwb
wheat,IN,IN-14-1067,2010,0.9785859232333602,-0.631592085795007,tavg_cwb
wheat,IN,IN-14-1067,2011,0.6511959942194341,-0.4667583783625896,tavg_cwb
wheat,IN,IN-14-1067,2012,0.5040665655086971,-0.26661696025787346,tavg_cwb
wheat,IN,IN-14-1067,2013,0.6380380361760845,-0.3949405731873795,tavg_cwb
wheat,IN,IN-14-1067,2014,0.632377342901143,-0.43205164999960705,tavg_cwb
wheat,IN,IN-14-1067,2015,0.4759455446710326,-0.3068935068089756,tavg_cwb
wheat,IN,IN-14-1067,2016,1.031644612434763,-0.3685657390268422,tavg_cwb
wheat,IN,IN-14-1067,2017,0.8649377243323854,-0.7086727900864995,tavg_cwb
wheat,IN,IN-14-1068,2003,0.6573527057262751,-0.193615743711821,tavg_cwb
wheat,IN,IN-14-1068,2004,0.72833575002112,-0.3722974429156208,tavg_cwb
wheat,IN,IN-14-1068,2005,0.6687180655443681,-0.13668785095457825,tavg_cwb
wheat,IN,IN-14-1068,2006,0.6093652531198759,-0.2913212131389538,tavg_cwb
wheat,IN,IN-14-1068,2007,0.7546557074098713,-0.44941899307363914,tavg_cwb
wheat,IN,IN-14-1068,2008,0.4334598379475087,-0.1548977060917039,tavg_cwb
wheat,IN,IN-14-1068,2009,1.2243534709854813,-0.6260533980972808,tavg_cwb
wheat,IN,IN-14-1068,2010,1.0166866663902112,-0.5246918346928912,tavg_cwb
wheat,IN,IN-14-1068,2011,0.7301807867331671,-0.5147912840495301,tavg_cwb
wheat,IN,IN-14-1068,2012,0.5327948547282866,-0.22019311315861045,tavg_cwb
wheat,IN,IN-14-1068,2013,0.720181200328143,-0.29538562950028985,tavg_cwb
wheat,IN,IN-14-1068,2014,0.47794694519705005,-0.18596928949096925,tavg_cwb
wheat,IN,IN-14-1068,2015,0.2826562709784312,-0.10722968252112954,tavg_cwb
wheat,IN,IN-14-1068,2016,0.9183552835884251,-0.25057274137701124,tavg_cwb
wheat,IN,IN-14-1068,2017,0.8599557292870734,-0.6474304327772613,tavg_cwb
wheat,IN,IN-14-1069,2003,0.9929172550651082,-0.47004438690822953,tavg_cwb
wheat,IN,IN-14-1069,2004,0.5189979496631915,-0.04249735910920951,tavg_cwb
wheat,IN,IN-14-1069,2005,0.9151037168496002,-0.2629984872933387,tavg_cwb
wheat,IN,IN-14-1069,2006,0.7790063015497172,-0.4408143493094069,tavg_cwb
wheat,IN,IN-14-1069,2007,0.8929233599058124,-0.5189263213332871,tavg_cwb
wheat,IN,IN-14-1069,2008,0.529042243079127,-0.15403707997603036,tavg_cwb
wheat,IN,IN-14-1069,2009,1.3418595679072998,-0.6367201690841325,tavg_cwb
wheat,IN,IN-14-1069,2010,1.082281924427213,-0.6500353364794945,tavg_cwb
wheat,IN,IN-14-1069,2011,0.576460170614011,-0.2438072750884518,tavg_cwb
wheat,IN,IN-14-1069,2012,0.6070184562299363,-0.14503340237012566,tavg_cwb
wheat,IN,IN-14-1069,2013,0.8647694330800164,-0.4737666718693292,tavg_cwb
wheat,IN,IN-14-1069,2014,0.7214702255002331,-0.42187959277622195,tavg_cwb
wheat,IN,IN-14-1069,2015,0.6342089493475913,-0.38699503537986485,tavg_cwb
wheat,IN,IN-14-1069,2016,1.2946271498512847,-0.4016457234608682,tavg_cwb
wheat,IN,IN-14-1069,2017,0.8235737854986811,-0.5740955898510305,tavg_cwb
wheat,IN,IN-14-1070,2003,1.2098518363190995,-0.6101564538834751,tavg_cwb
wheat,IN,IN-14-1070,2004,0.9511411185158055,-0.40715381147081525,tavg_cwb
wheat,IN,IN-14-1070,2005,1.1353485786633837,-0.46232051239822086,tavg_cwb
wheat,IN,IN-14-1070,2006,0.8758067022435522,-0.36358440978383144,tavg_cwb
wheat,IN,IN-14-1070,2007,1.0744291579718173,-0.6140112394028235,tavg_cwb
wheat,IN,IN-14-1070,2008,0.9675327652930217,-0.26371448887765453,tavg_cwb
wheat,IN,IN-14-1070,2009,1.4298031484670772,-0.7355237780436418,tavg_cwb
wheat,IN,IN-14-1070,2010,1.35847882156967,-0.6563037433865263,tavg_cwb
wheat,IN,IN-14-1070,2011,0.872746639322937,-0.3745292472405516,tavg_cwb
wheat,IN,IN-14-1070,2012,1.1707723956050078,-0.6936091186045693,tavg_cwb
wheat,IN,IN-14-1070,2013,1.2891794422907157,-0.6592878380252077,tavg_cwb
wheat,IN,IN-14-1070,2014,0.9719495463757502,-0.44698544791315165,tavg_cwb
wheat,IN,IN-14-1070,2015,0.8128506466880591,-0.2866642298089142,tavg_cwb
wheat,IN,IN-14-1070,2016,1.4873562148912505,-0.5629422148170352,tavg_cwb
wheat,IN,IN-14-1070,2017,1.2994436128860256,-0.7814641471317304,tavg_cwb
wheat,IN,IN-14-2015,2007,0.5175336640487369,-0.3905867217186252,tavg_cwb
wheat,IN,IN-14-2015,2008,0.43246387413447673,0.1838472263591772,tavg_cwb
wheat,IN,IN-14-2015,2009,1.0253311334997801,-0.6333852352590461,tavg_cwb
wheat,IN,IN-14-2015,2010,0.811189999061461,-0.4490258498589347,tavg_cwb
wheat,IN,IN-14-2015,2011,0.32671792177200026,-0.15989426678784543,tavg_cwb
wheat,IN,IN-14-2015,2012,0.6286818114613787,-0.4249267120853877,tavg_cwb
wheat,IN,IN-14-2015,2013,0.7710686421490833,-0.49395830055694473,tavg_cwb
wheat,IN,IN-14-2015,2014,0.3685056474634901,-0.1518566663369404,tavg_cwb
wheat,IN,IN-14-2015,2016,0.9619246792570733,-0.3184122806105736,tavg_cwb
wheat,IN,IN-14-2015,2017,0.8676278342953401,-0.6234615255549056,tavg_cwb
wheat,IN,IN-14-2034,2011,0.6734963493487361,-0.16798073874144331,tavg_cwb
wheat,IN,IN-14-2034,2012,0.8113571841631003,-0.4063632335520156,tavg_cwb
wheat,IN,IN-14-2034,2013,0.9278811706683654,-0.4265366926872884,tavg_cwb
wheat,IN,IN-14-2034,2014,0.681799523352461,-0.3795765934796606,tavg_cwb
wheat,IN,IN-14-2034,2015,0.5107794705930794,-0.2683412071215046,tavg_cwb
wheat,IN,IN-14-2034,2016,1.1432561588563568,-0.3236673523350536,tavg_cwb
wheat,IN,IN-14-2034,2017,0.8478830357138113,-0.6620133217708577,tavg_cwb
wheat,IN,IN-14-2035,2011,0.4576665315669683,-0.11982584839864191,tavg_cwb
wheat,IN,IN-14-2035,2012,0.37268937919742057,-0.1383611271457185,tavg_cwb
wheat,IN,IN-14-2035,2013,0.6081244865536577,-0.2717900442672288,tavg_cwb
wheat,IN,IN-14-2035,2014,0.47568936746541335,-0.27407278163683335,tavg_cwb
wheat,IN,IN-14-2035,2015,0.38624109889650055,-0.28072261973249246,tavg_cwb
wheat,IN,IN-14-2035,2016,0.9823466845107727,-0.2914576200742459,tavg_cwb
wheat,IN,IN-14-2035,2017,0.6486603005763092,-0.4969989496211974,tavg_cwb
wheat,IN,IN-14-2036,2011,-0.26287265802314885,-0.3409776313877471,tavg_cwb
wheat,IN,IN-14-2036,2012,-0.3495852994032871,-0.1629500107331815,tavg_cwb
wheat,IN,IN-14-2036,2013,-0.35568540693996165,-0.27579737237208646,tavg_cwb
wheat,IN,IN-14-2036,2014,-0.5748158066673597,0.010835118820655692,tavg_cwb
wheat,IN,IN-14-2036,2015,-0.5573975812596244,0.11394435528931268,tavg_cwb
wheat,IN,IN-14-2036,2016,0.04555109967176961,-0.1672993992474729,tavg_cwb
wheat,IN,IN-14-2036,2017,-0.1683614048324082,-0.3804520860000407,tavg_cwb
wheat,IN,IN-14-2037,2011,0.7280813184961575,-0.43942785265399575,tavg_cwb
wheat,IN,IN-14-2037,2012,0.49457981539073104,-0.21581307836358543,tavg_cwb
wheat,IN,IN-14-2037,2013,0.6762339203273428,-0.3010521207104086,tavg_cwb
wheat,IN,IN-14-2037,2014,0.5105286162259486,-0.23866720254465865,tavg_cwb
wheat,IN,IN-14-2037,2015,0.3167999762784931,-0.16282870722287038,tavg_cwb
wheat,IN,IN-14-2037,2016,0.9549698360687884,-0.26464828485642394,tavg_cwb
wheat,IN,IN-14-2037,2017,0.7622983316674,-0.568304977063635,tavg_cwb
wheat,IN,IN-14-2038,2011,0.8855350776343872,-0.2312434277136038,tavg_cwb
wheat,IN,IN-14-2038,2012,1.1283787546821935,-0.38375664007749233,tavg_cwb
wheat,IN,IN-14-2038,2013,1.287045174148663,-0.5070092559128379,tavg_cwb
wheat,IN,IN-14-2038,2014,0.9687322099694562,-0.42168487026894375,tavg_cwb
wheat,IN,IN-14-2038,2015,0.8877678195273888,-0.33260437754065286,tavg_cwb
wheat,IN,IN-14-2038,2016,1.4923624278350969,-0.3191986195922095,tavg_cwb
wheat,IN,IN-14-2038,2017,1.266006957330919,-0.610537360920414,tavg_cwb
wheat,IN,IN-14-2039,2011,0.13441830437013727,-0.14051310553796623,tavg_cwb
wheat,IN,IN-14-2039,2012,0.4685139192512969,-0.4539481542574749,tavg_cwb
wheat,IN,IN-14-2039,2013,0.6302867512421568,-0.5255611205977132,tavg_cwb
wheat,IN,IN-14-2039,2014,0.29982616780196203,-0.3716618301413434,tavg_cwb
wheat,IN,IN-14-2039,2015,0.19932570559508056,-0.3121779075535761,tavg_cwb
wheat,IN,IN-14-2039,2016,0.815764559200978,-0.35389503120144505,tavg_cwb
wheat,IN,IN-14-2039,2017,0.6800412079145818,-0.6405335404850518,tavg_cwb
wheat,IN,IN-14-2040,2011,0.7341348512932171,-0.4508716971978813,tavg_cwb
wheat,IN,IN-14-2040,2012,0.43020209249866054,-0.16855310284555114,tavg_cwb
wheat,IN,IN-14-2040,2013,0.576220026144813,-0.2381596486142513,tavg_cwb
wheat,IN,IN-14-2040,2014,0.5376564226478245,-0.2332087829560928,tavg_cwb
wheat,IN,IN-14-2040,2015,0.3693750099920305,-0.2121636703030925,tavg_cwb
wheat,IN,IN-14-2040,2016,0.9561054314476605,-0.27871530650850035,tavg_cwb
wheat,IN,IN-14-2040,2017,0.7662372396678587,-0.5847479965188331,tavg_cwb
wheat,IN,IN-14-2041,2016,1.9576595460374135,-0.6199911195139183,tavg_cwb
wheat,IN,IN-14-2041,2017,1.6863909979540987,-0.5581258509318713,tavg_cwb
wheat,IN,IN-14-2042,2011,-0.05464210919932836,-0.4791472101547761,tavg_cwb
wheat,IN,IN-14-2042,2012,-0.20765054910260639,-0.25855897202543643,tavg_cwb
wheat,IN,IN-14-2042,2013,-0.22445644214684568,-0.2556163571024393,tavg_cwb
wheat,IN,IN-14-2042,2014,-0.3225748577318887,-0.21844270356157186,tavg_cwb
wheat,IN,IN-14-2042,2015,-0.4312584216315975,-0.0590365570923368,tavg_cwb
wheat,IN,IN-14-2042,2016,0.13562535059469352,-0.2697562751610401,tavg_cwb
wheat,IN,IN-14-2042,2017,-0.05223338487260713,-0.4910222115225139,tavg_cwb
wheat,IN,IN-15-0910,2003,-0.4490619965561652,0.059624520795498834,tavg_cwb
wheat,IN,IN-15-0910,2004,-0.17046908118545218,-0.2640265799518172,tavg_cwb
wheat,IN,IN-15-0910,2005,0.01678774562428729,-0.04446948740577073,tavg_cwb
wheat,IN,IN-15-0910,2006,0.11661636050595757,-0.3916118758224468,tavg_cwb
wheat,IN,IN-15-0910,2007,-0.20373868276959628,-0.16129299306348513,tavg_cwb
wheat,IN,IN-15-0910,2008,-0.28880808253976537,-0.07054377003790906,tavg_cwb
wheat,IN,IN-15-0910,2009,0.16511879841828342,-0.4142411099899636,tavg_cwb
wheat,IN,IN-15-0910,2010,0.13102425139214324,-0.5414439027767398,tavg_cwb
wheat,IN,IN-15-0910,2011,-0.26364472128616667,-0.31688454921137554,tavg_cwb
wheat,IN,IN-15-0910,2012,-0.36532441863261444,-0.1460588185170606,tavg_cwb
wheat,IN,IN-15-0910,2013,-0.33355607430819817,-0.3390357864216902,tavg_cwb
wheat,IN,IN-15-0910,2014,-0.4783649599131225,-0.024401587681568998,tavg_cwb
wheat,IN,IN-15-0910,2015,-0.347938666344778,0.21752062138536063,tavg_cwb
wheat,IN,IN-15-0910,2016,0.09720404813549302,-0.12180431262545129,tavg_cwb
wheat,IN,IN-15-0913,2003,-0.5935020575949163,-0.1200025133466737,tavg_cwb
wheat,IN,IN-15-0913,2004,-0.4151608966532488,-0.3266727948834867,tavg_cwb
wheat,IN,IN-15-0913,2005,-0.25310322108855104,-0.00541344341487421,tavg_cwb
wheat,IN,IN-15-0913,2006,-0.010844413353993802,-0.488554104057982,tavg_cwb
wheat,IN,IN-15-0913,2007,-0.39321349238713516,-0.08147810523029386,tavg_cwb
wheat,IN,IN-15-0913,2008,-0.5196142319079609,-0.1643052277476922,tavg_cwb
wheat,IN,IN-15-0913,2009,0.006530931631472286,-0.5119453874185059,tavg_cwb
wheat,IN,IN-15-0913,2010,-0.036338477935451474,-0.548630032911662,tavg_cwb
wheat,IN,IN-15-0913,2011,-0.3007489860564965,-0.37549735339177126,tavg_cwb
wheat,IN,IN-15-0913,2012,-0.5220326632725727,-0.15846303355572963,tavg_cwb
wheat,IN,IN-15-0913,2013,-0.5380254969899568,-0.32754672752790237,tavg_cwb
wheat,IN,IN-15-0913,2014,-0.7110193904520019,0.07720880857800064,tavg_cwb
wheat,IN,IN-15-0913,2015,-0.5799800660620625,0.0388441202299309,tavg_cwb
wheat,IN,IN-15-0913,2016,-0.0006233292957022112,-0.29609888190076167,tavg_cwb
wheat,IN,IN-15-0914,2003,-0.3756192468461921,-0.019595117622273228,tavg_cwb
wheat,IN,IN-15-0914,2004,-0.14462717990010182,-0.2907268328469071,tavg_cwb
wheat,IN,IN-15-0914,2005,0.07260268328743089,-0.04452180148488226,tavg_cwb
wheat,IN,IN-15-0914,2006,0.09984051179102786,-0.3567826472907002,tavg_cwb
wheat,IN,IN-15-0914,2007,-0.2082519875123023,0.006978646157787265,tavg_cwb
wheat,IN,IN-15-0914,2008,-0.20676825030352688,-0.2388088376407893,tavg_cwb
wheat,IN,IN-15-0914,2009,0.21924518009896937,-0.4084845580128725,tavg_cwb
wheat,IN,IN-15-0914,2010,0.16002974433664524,-0.43741256664616107,tavg_cwb
wheat,IN,IN-15-0914,2011,-0.12723085759763528,-0.31858781964861016,tavg_cwb
wheat,IN,IN-15-0914,2012,-0.24302193632822244,-0.1925589505299526,tavg_cwb
wheat,IN,IN-15-0914,2013,-0.226238400329924,-0.32025105408864624,tavg_cwb
wheat,IN,IN-15-0914,2014,-0.40226126621060593,-0.0056339760542400705,tavg_cwb
wheat,IN,IN-15-0914,2015,-0.2125585134834597,0.14288343644247012,tavg_cwb
wheat,IN,IN-15-0914,2016,0.2903603129238001,-0.20721959144307717,tavg_cwb
wheat,IN,IN-15-0915,2003,-0.48262005143796743,-0.001394613399643508,tavg_cwb
wheat,IN,IN-15-0915,2004,-0.2632269955080824,-0.24484658291416453,tavg_cwb
wheat,IN,IN-15-0915,2005,-0.04268752595641842,0.006367024457584686,tavg_cwb
wheat,IN,IN-15-0915,2006,0.05863940972096106,-0.3304492800719683,tavg_cwb
wheat,IN,IN-15-0915,2007,-0.19217091278153897,-0.05531600718111038,tavg_cwb
wheat,IN,IN-15-0915,2008,-0.373103649134744,-0.11598112451344561,tavg_cwb
wheat,IN,IN-15-0915,2009,0.1871168386804094,-0.4582870291211131,tavg_cwb
wheat,IN,IN-15-0915,2010,0.13259146626401963,-0.46475940790797154,tavg_cwb
wheat,IN,IN-15-0915,2011,-0.19808294418902622,-0.30154000200785686,tavg_cwb
wheat,IN,IN-15-0915,2012,-0.26549183134722865,-0.18430924139647753,tavg_cwb
wheat,IN,IN-15-0915,2013,-0.36133561242545653,-0.2692219656636854,tavg_cwb
wheat,IN,IN-15-0915,2014,-0.5434997324409006,0.09544880611900641,tavg_cwb
wheat,IN,IN-15-0915,2015,-0.38866147954146707,0.007791047942275785,tavg_cwb
wheat,IN,IN-15-0915,2016,0.09427357162909966,-0.1887813949091584,tavg_cwb
wheat,IN,IN-15-0916,2003,-0.6457820059667825,0.028383022482528424,tavg_cwb
wheat,IN,IN-15-0916,2004,-0.35473538806535526,-0.5311951991350142,tavg_cwb
wheat,IN,IN-15-0916,2005,-0.27940904479937123,-0.2030278155168876,tavg_cwb
wheat,IN,IN-15-0916,2006,-0.14903001366029744,-0.4697808266288992,tavg_cwb
wheat,IN,IN-15-0916,2007,-0.4429685528920549,-0.12591294537448502,tavg_cwb
wheat,IN,IN-15-0916,2008,-0.5105604948405861,-0.28222770705490696,tavg_cwb
wheat,IN,IN-15-0916,2009,0.05797859467054193,-0.6504830378002072,tavg_cwb
wheat,IN,IN-15-0916,2010,0.052095589418615876,-0.6852486384616332,tavg_cwb
wheat,IN,IN-15-0916,2011,-0.34752171069489945,-0.42955524953161806,tavg_cwb
wheat,IN,IN-15-0916,2012,-0.44666408433185467,-0.2935479824031091,tavg_cwb
wheat,IN,IN-15-0916,2013,-0.4367442149180699,-0.415077183380137,tavg_cwb
wheat,IN,IN-15-0916,2014,-0.623399179908202,-0.08286925507193704,tavg_cwb
wheat,IN,IN-15-0916,2015,-0.48911834951210786,-0.1064867516794924,tavg_cwb
wheat,IN,IN-15-0916,2016,0.0772010142761139,-0.3936200362959321,tavg_cwb
wheat,IN,IN-15-0933,2003,-0.5473685805356279,-0.13549192128189227,tavg_cwb
wheat,IN,IN-15-0933,2004,-0.3426601584031704,-0.2914539851006018,tavg_cwb
wheat,IN,IN-15-0933,2005,-0.19200893931832017,0.02369203820958577,tavg_cwb
wheat,IN,IN-15-0933,2006,-0.022979515354070692,-0.3842055881716501,tavg_cwb
wheat,IN,IN-15-0933,2007,-0.3931237538989981,-0.013313648708279635,tavg_cwb
wheat,IN,IN-15-0933,2008,-0.49313618843265605,-0.05932456812743338,tavg_cwb
wheat,IN,IN-15-0933,2009,0.035960332224409156,-0.4637159054216794,tavg_cwb
wheat,IN,IN-15-0933,2010,-0.047565354310838616,-0.5116567650543782,tavg_cwb
wheat,IN,IN-15-0933,2011,-0.37212094562246506,-0.3123416976249731,tavg_cwb
wheat,IN,IN-15-0933,2012,-0.4955989942812428,-0.14870280025988433,tavg_cwb
wheat,IN,IN-15-0933,2013,-0.5327843500552363,-0.30540522040095963,tavg_cwb
wheat,IN,IN-15-0933,2014,-0.6952157412364987,0.08176676081136762,tavg_cwb
wheat,IN,IN-15-0933,2015,-0.5776287241675057,0.16754983091487752,tavg_cwb
wheat,IN,IN-15-0933,2016,0.013453123393141048,-0.2711386366803427,tavg_cwb
wheat,IN,IN-15-0937,2003,-0.5336470505993461,0.2069309824622542,tavg_cwb
wheat,IN,IN-15-0937,2004,-0.23905169552399558,-0.12766574374798373,tavg_cwb
wheat,IN,IN-15-0937,2005,0.016513517164032116,-0.00518850174567893,tavg_cwb
wheat,IN,IN-15-0937,2006,0.05828708224658139,-0.3110941009291378,tavg_cwb
wheat,IN,IN-15-0937,2007,-0.2554221404838956,-0.037301579545954235,tavg_cwb
wheat,IN,IN-15-0937,2008,-0.31512064578589044,-0.018630381915001302,tavg_cwb
wheat,IN,IN-15-0937,2009,0.15147722975099176,-0.3295430564403026,tavg_cwb
wheat,IN,IN-15-0937,2010,0.003953363274385793,-0.4519388305163758,tavg_cwb
wheat,IN,IN-15-0937,2011,-0.40160820871975444,-0.13075360155599108,tavg_cwb
wheat,IN,IN-15-0937,2012,-0.46685168277438105,-0.09586745682318165,tavg_cwb
wheat,IN,IN-15-0937,2013,-0.4216558703747001,-0.22667024429156687,tavg_cwb
wheat,IN,IN-15-0937,2014,-0.5301567427000597,-0.014526781406988657,tavg_cwb
wheat,IN,IN-15-0937,2015,-0.4431199139935154,0.33763305948874206,tavg_cwb
wheat,IN,IN-15-0937,2016,-0.004509398259977823,-0.01622584192335896,tavg_cwb
wheat,IN,IN-15-0938,2003,-0.45778545024249667,0.39348944311371215,tavg_cwb
wheat,IN,IN-15-0938,2004,-0.08101762102117953,-0.11336679078199366,tavg_cwb
wheat,IN,IN-15-0938,2005,0.13446587537568158,0.005777416692164268,tavg_cwb
wheat,IN,IN-15-0938,2006,0.24510278183912929,-0.2913159086484782,tavg_cwb
wheat,IN,IN-15-0938,2007,-0.10025017450604805,0.006231371728558926,tavg_cwb
wheat,IN,IN-15-0938,2008,-0.12059659476258325,-0.015766350266241413,tavg_cwb
wheat,IN,IN-15-0938,2009,0.24074498321843119,-0.2730226263132982,tavg_cwb
wheat,IN,IN-15-0938,2010,0.12478282932906323,-0.4573636220648888,tavg_cwb
wheat,IN,IN-15-0938,2011,-0.2558723630094694,-0.002818401048574676,tavg_cwb
wheat,IN,IN-15-0938,2012,-0.270451570496825,-0.038027736640475276,tavg_cwb
wheat,IN,IN-15-0938,2013,-0.25150408578819333,-0.27146268087114206,tavg_cwb
wheat,IN,IN-15-0938,2014,-0.37392947442749375,-0.014151912989101751,tavg_cwb
wheat,IN,IN-15-0938,2015,-0.28236579588001,0.40662804195958696,tavg_cwb
wheat,IN,IN-15-0938,2016,0.03650330238063659,0.20908257613866976,tavg_cwb
wheat,IN,IN-15-0940,2003,-0.5060065549059478,-0.001967012992599093,tavg_cwb
wheat,IN,IN-15-0940,2004,-0.2429169683039113,-0.2833496387228923,tavg_cwb
wheat,IN,IN-15-0940,2005,-0.05036310175482438,-0.007593584942830076,tavg_cwb
wheat,IN,IN-15-0940,2006,0.02769627236631852,-0.37081950786000334,tavg_cwb
wheat,IN,IN-15-0940,2007,-0.2701263823944318,-0.11122592616267116,tavg_cwb
wheat,IN,IN-15-0940,2008,-0.3718460719175547,-0.07863791028150355,tavg_cwb
wheat,IN,IN-15-0940,2009,0.09395450633566138,-0.3955705929138892,tavg_cwb
wheat,IN,IN-15-0940,2010,0.0702225070881751,-0.5224341880754524,tavg_cwb
wheat,IN,IN-15-0940,2011,-0.3088113548205081,-0.28213452903580005,tavg_cwb
wheat,IN,IN-15-0940,2012,-0.4277259415183608,-0.14145583600419526,tavg_cwb
wheat,IN,IN-15-0940,2013,-0.4222693019697063,-0.32027967229384974,tavg_cwb
wheat,IN,IN-15-0940,2014,-0.5536279942682341,0.0018549937383196512,tavg_cwb
wheat,IN,IN-15-0940,2015,-0.4196263818031714,0.18498320115020195,tavg_cwb
wheat,IN,IN-15-0940,2016,0.05890581927594985,-0.15854309062478025,tavg_cwb
wheat,IN,IN-15-0941,2003,-0.685748901817265,0.06365246275268206,tavg_cwb
wheat,IN,IN-15-0941,2004,-0.3624275280651706,-0.5163962870425773,tavg_cwb
wheat,IN,IN-15-0941,2005,-0.36020712875031397,-0.11205530846615092,tavg_cwb
wheat,IN,IN-15-0941,2006,-0.22658008877162392,-0.3937548887896865,tavg_cwb
wheat,IN,IN-15-0941,2007,-0.4617169324717058,-0.15608519245601163,tavg_cwb
wheat,IN,IN-15-0941,2008,-0.5473098871122176,-0.2407078574668287,tavg_cwb
wheat,IN,IN-15-0941,2009,0.01648386921982618,-0.6032748678626809,tavg_cwb
wheat,IN,IN-15-0941,2010,0.03599959354053561,-0.6582224304856236,tavg_cwb
wheat,IN,IN-15-0941,2011,-0.3797563888035091,-0.3417960647103313,tavg_cwb
wheat,IN,IN-15-0941,2012,-0.48522772563184985,-0.22614642541321675,tavg_cwb
wheat,IN,IN-15-0941,2013,-0.5241267196409697,-0.2337053453725092,tavg_cwb
wheat,IN,IN-15-0941,2014,-0.6837171697755959,-0.03606946192373303,tavg_cwb
wheat,IN,IN-15-0941,2015,-0.5266324796454006,-0.12120323019314204,tavg_cwb
wheat,IN,IN-15-0941,2016,0.016896581278067615,-0.3370291081743093,tavg_cwb
wheat,IN,IN-15-0942,2003,-0.5779403925101952,0.09516491283928162,tavg_cwb
wheat,IN,IN-15-0942,2004,-0.2810176088478879,-0.43445672716861083,tavg_cwb
wheat,IN,IN-15-0942,2005,-0.26824111885117535,-0.1546460860259383,tavg_cwb
wheat,IN,IN-15-0942,2006,-0.17685841840273003,-0.314327966581975,tavg_cwb
wheat,IN,IN-15-0942,2007,-0.36559926769754153,-0.11958660624849324,tavg_cwb
wheat,IN,IN-15-0942,2008,-0.4753017352452333,-0.190442639424724,tavg_cwb
wheat,IN,IN-15-0942,2009,0.13138709116794714,-0.5800354351771138,tavg_cwb
wheat,IN,IN-15-0942,2010,0.12375365892313371,-0.6054449237893441,tavg_cwb
wheat,IN,IN-15-0942,2011,-0.33339064029821025,-0.368879551528886,tavg_cwb
wheat,IN,IN-15-0942,2012,-0.40508778114733424,-0.16671320853327476,tavg_cwb
wheat,IN,IN-15-0942,2013,-0.3976676385080276,-0.1559484528478293,tavg_cwb
wheat,IN,IN-15-0942,2014,-0.4777559291501054,-0.1381388916947057,tavg_cwb
wheat,IN,IN-15-0942,2015,-0.3847899969928018,-0.11806431528260683,tavg_cwb
wheat,IN,IN-15-0942,2016,0.08727420060889093,-0.20077319749391273,tavg_cwb
wheat,IN,IN-15-0943,2003,0.31734603164355085,-0.11032018268077859,tavg_cwb
wheat,IN,IN-15-0943,2004,0.4972430687141039,-0.25545079242055435,tavg_cwb
wheat,IN,IN-15-0943,2005,0.6108411961358963,0.018069081032935072,tavg_cwb
wheat,IN,IN-15-0943,2006,0.6687428056869191,-0.44245779581430994,tavg_cwb
wheat,IN,IN-15-0943,2007,0.4595073476647872,-0.16746152699137587,tavg_cwb
wheat,IN,IN-15-0943,2008,0.3248526638699679,-0.057831770998398174,tavg_cwb
wheat,IN,IN-15-0943,2009,0.8540312649586566,-0.42537893703339474,tavg_cwb
wheat,IN,IN-15-0943,2010,0.7852951862912763,-0.45160843711814197,tavg_cwb
wheat,IN,IN-15-0943,2011,0.3285076788468774,-0.24319188611447273,tavg_cwb
wheat,IN,IN-15-0943,2012,0.4724086270983748,-0.19720395069137409,tavg_cwb
wheat,IN,IN-15-0943,2013,0.425745547908361,-0.3513520364170357,tavg_cwb
wheat,IN,IN-15-0943,2014,0.3894633198187695,-0.1945575715968862,tavg_cwb
wheat,IN,IN-15-0943,2015,0.6303189766835142,-0.10525836744568334,tavg_cwb
wheat,IN,IN-15-0943,2016,1.0365350177358967,-0.0956723418845336,tavg_cwb
wheat,IN,IN-15-0944,2003,0.29660358232056394,-0.005477803893854776,tavg_cwb
wheat,IN,IN-15-0944,2004,0.42593267755982017,-0.2966618703767094,tavg_cwb
wheat,IN,IN-15-0944,2005,0.590329911956162,-0.2619695100755922,tavg_cwb
wheat,IN,IN-15-0944,2006,0.517663123054356,-0.3052764962925174,tavg_cwb
wheat,IN,IN-15-0944,2007,0.4235177849679118,-0.2094613252772021,tavg_cwb
wheat,IN,IN-15-0944,2008,0.2589312578865726,-0.0855445786596991,tavg_cwb
wheat,IN,IN-15-0944,2009,0.9186015467868309,-0.5281803096872024,tavg_cwb
wheat,IN,IN-15-0944,2010,0.888798005780407,-0.5835212836723526,tavg_cwb
wheat,IN,IN-15-0944,2011,0.40266511921935433,-0.3055296636402863,tavg_cwb
wheat,IN,IN-15-0944,2012,0.3969212221504233,-0.16564256583827913,tavg_cwb
wheat,IN,IN-15-0944,2013,0.46905663959120125,-0.26507054735499724,tavg_cwb
wheat,IN,IN-15-0944,2014,0.3411631258528681,-0.1943267731449127,tavg_cwb
wheat,IN,IN-15-0944,2015,0.4740149627149318,-0.05012195824741693,tavg_cwb
wheat,IN,IN-15-0944,2016,1.059286694077945,-0.23722303238511927,tavg_cwb
wheat,IN,IN-15-0952,2003,-0.4956862479741326,-0.08581787159643098,tavg_cwb
wheat,IN,IN-15-0952,2004,-0.3595085650425834,-0.2735067931610998,tavg_cwb
wheat,IN,IN-15-0952,2005,-0.18983346814853644,0.027056801328650387,tavg_cwb
wheat,IN,IN-15-0952,2006,0.09556729233705376,-0.4590350402327532,tavg_cwb
wheat,IN,IN-15-0952,2007,-0.25275789370725593,-0.11752326568848097,tavg_cwb
wheat,IN,IN-15-0952,2008,-0.4519045965748503,-0.10257025346860409,tavg_cwb
wheat,IN,IN-15-0952,2009,0.07691169195959298,-0.4789141287084253,tavg_cwb
wheat,IN,IN-15-0952,2010,0.05871245830155455,-0.5000878556000538,tavg_cwb
wheat,IN,IN-15-0952,2011,-0.2269110981559949,-0.3018388163145522,tavg_cwb
wheat,IN,IN-15-0952,2012,-0.38735938089575983,-0.17194793743805362,tavg_cwb
wheat,IN,IN-15-0952,2013,-0.49214018137098503,-0.2629268606868558,tavg_cwb
wheat,IN,IN-15-0952,2014,-0.657038028630905,0.12054442886482906,tavg_cwb
wheat,IN,IN-15-0952,2015,-0.49347957393384073,0.0247127914585403,tavg_cwb
wheat,IN,IN-15-0952,2016,0.04812098583512536,-0.23406017456095593,tavg_cwb
wheat,IN,IN-15-0953,2003,-0.2998000709518375,0.12558042878724887,tavg_cwb
wheat,IN,IN-15-0953,2004,-0.01559271240532945,-0.3929573791856506,tavg_cwb
wheat,IN,IN-15-0953,2005,0.16143653409139824,-0.09512745630229631,tavg_cwb
wheat,IN,IN-15-0953,2006,0.24406637929220446,-0.4182933091929681,tavg_cwb
wheat,IN,IN-15-0953,2007,-0.10972349746677003,0.005190738577341472,tavg_cwb
wheat,IN,IN-15-0953,2008,-0.1487169742811323,-0.2454778955901089,tavg_cwb
wheat,IN,IN-15-0953,2009,0.3908232667743234,-0.5245205932592446,tavg_cwb
wheat,IN,IN-15-0953,2010,0.28077378316940044,-0.4848555940328667,tavg_cwb
wheat,IN,IN-15-0953,2011,-0.029533600825817047,-0.29999557650660014,tavg_cwb
wheat,IN,IN-15-0953,2012,-0.11976282140781057,-0.2457561188971139,tavg_cwb
wheat,IN,IN-15-0953,2013,-0.1079993188763978,-0.37990894990511265,tavg_cwb
wheat,IN,IN-15-0953,2014,-0.2740270232080561,-0.036567410171161975,tavg_cwb
wheat,IN,IN-15-0953,2015,-0.1436543618493537,0.09048203033674743,tavg_cwb
wheat,IN,IN-15-0953,2016,0.4485937047376703,-0.3194747298108072,tavg_cwb
wheat,IN,IN-15-0954,2003,-0.46974143436156734,0.01628418387656456,tavg_cwb
wheat,IN,IN-15-0954,2004,-0.18277033367532303,-0.2743207189476968,tavg_cwb
wheat,IN,IN-15-0954,2005,-0.006366109435488854,-0.02313801296971099,tavg_cwb
wheat,IN,IN-15-0954,2006,0.09796297665479621,-0.33406474497495137,tavg_cwb
wheat,IN,IN-15-0954,2007,-0.16209776161159006,-0.04332805640801563,tavg_cwb
wheat,IN,IN-15-0954,2008,-0.32366635512607583,-0.1523252697365392,tavg_cwb
wheat,IN,IN-15-0954,2009,0.2687525032667742,-0.48898884298290046,tavg_cwb
wheat,IN,IN-15-0954,2010,0.22594136925792832,-0.5136124152299459,tavg_cwb
wheat,IN,IN-15-0954,2011,-0.15144221859300902,-0.32932392628456547,tavg_cwb
wheat,IN,IN-15-0954,2012,-0.21692264517874266,-0.21489228509369127,tavg_cwb
wheat,IN,IN-15-0954,2013,-0.2817284439632415,-0.28757285782418895,tavg_cwb
wheat,IN,IN-15-0954,2014,-0.5175181059909074,0.0762848452974404,tavg_cwb
wheat,IN,IN-15-0954,2015,-0.4109981488034781,0.05959660861995008,tavg_cwb
wheat,IN,IN-15-0954,2016,0.1497699266550598,-0.1830833684673528,tavg_cwb
wheat,IN,IN-15-0955,2003,-0.5611799957343658,-0.14846670006693902,tavg_cwb
wheat,IN,IN-15-0955,2004,-0.37573775192577535,-0.28264315517295696,tavg_cwb
wheat,IN,IN-15-0955,2005,-0.21937966195638212,0.0221587284338094,tavg_cwb
wheat,IN,IN-15-0955,2006,-0.028971873813008187,-0.4077011346453712,tavg_cwb
wheat,IN,IN-15-0955,2007,-0.38753951755208516,-0.0034654088419349247,tavg_cwb
wheat,IN,IN-15-0955,2008,-0.5319387500649835,-0.07544734948508684,tavg_cwb
wheat,IN,IN-15-0955,2009,0.006888888222549869,-0.4627575868118193,tavg_cwb
wheat,IN,IN-15-0955,2010,-0.094980699824967,-0.49113751192202876,tavg_cwb
wheat,IN,IN-15-0955,2011,-0.3339713793694341,-0.31882014382836743,tavg_cwb
wheat,IN,IN-15-0955,2012,-0.531786759761184,-0.12202705573269677,tavg_cwb
wheat,IN,IN-15-0955,2013,-0.577237687771013,-0.293642746796972,tavg_cwb
wheat,IN,IN-15-0955,2014,-0.732616614511559,0.12809963503908645,tavg_cwb
wheat,IN,IN-15-0955,2015,-0.5956198727206522,0.12255843505616593,tavg_cwb
wheat,IN,IN-15-0955,2016,-0.026348633754870517,-0.25260119425847505,tavg_cwb
wheat,IN,IN-15-0957,2003,-0.34226062964654425,0.2611662166314999,tavg_cwb
wheat,IN,IN-15-0957,2004,0.02049982429217857,-0.15079607634705489,tavg_cwb
wheat,IN,IN-15-0957,2005,0.19120748727869036,0.0025218523109338574,tavg_cwb
wheat,IN,IN-15-0957,2006,0.3114648610329154,-0.3303988670477558,tavg_cwb
wheat,IN,IN-15-0957,2007,0.001238179274630868,-0.05801952731837184,tavg_cwb
wheat,IN,IN-15-0957,2008,-0.07370477229557382,-0.055329827574040896,tavg_cwb
wheat,IN,IN-15-0957,2009,0.28945845393806263,-0.2843774435121011,tavg_cwb
wheat,IN,IN-15-0957,2010,0.23317824732059153,-0.4678992127220931,tavg_cwb
wheat,IN,IN-15-0957,2011,-0.1372659865076939,-0.1613458104713067,tavg_cwb
wheat,IN,IN-15-0957,2012,-0.18630425569182496,-0.06868183482504721,tavg_cwb
wheat,IN,IN-15-0957,2013,-0.19293830248342786,-0.3074000051096567,tavg_cwb
wheat,IN,IN-15-0957,2014,-0.28291616248783164,-0.010517580413623797,tavg_cwb
wheat,IN,IN-15-0957,2015,-0.16270881962907444,0.2867887225666594,tavg_cwb
wheat,IN,IN-15-0957,2016,0.14952342674430183,0.1788027054769838,tavg_cwb
wheat,IN,IN-15-0962,2003,-0.38125536022691525,-0.025835344068514076,tavg_cwb
wheat,IN,IN-15-0962,2004,-0.13148039444247675,-0.2910674962393046,tavg_cwb
wheat,IN,IN-15-0962,2005,0.07546807133104715,-0.029078021115024628,tavg_cwb
wheat,IN,IN-15-0962,2006,0.14061715083125925,-0.3770382445325455,tavg_cwb
wheat,IN,IN-15-0962,2007,-0.16499572004004165,-0.07712557827474437,tavg_cwb
wheat,IN,IN-15-0962,2008,-0.22573223884265614,-0.18336963484480692,tavg_cwb
wheat,IN,IN-15-0962,2009,0.1963004522031183,-0.39170352954441856,tavg_cwb
wheat,IN,IN-15-0962,2010,0.16260800866784972,-0.48692044767576864,tavg_cwb
wheat,IN,IN-15-0962,2011,-0.19295184828596318,-0.3141975309961412,tavg_cwb
wheat,IN,IN-15-0962,2012,-0.2941298120203467,-0.1666181687551952,tavg_cwb
wheat,IN,IN-15-0962,2013,-0.2682483058510368,-0.3453202327646727,tavg_cwb
wheat,IN,IN-15-0962,2014,-0.41600606301374055,-0.054773329098987474,tavg_cwb
wheat,IN,IN-15-0962,2015,-0.22900941999750415,0.10274642362906096,tavg_cwb
wheat,IN,IN-15-0962,2016,0.20839703541431898,-0.16059578226995339,tavg_cwb
wheat,IN,IN-15-0963,2003,-0.5172151798135217,0.020713614085652563,tavg_cwb
wheat,IN,IN-15-0963,2004,-0.2435480659833559,-0.4141543773157778,tavg_cwb
wheat,IN,IN-15-0963,2005,-0.18787475249612598,0.0015443370839753239,tavg_cwb
wheat,IN,IN-15-0963,2006,0.019224682245474543,-0.41012406138438495,tavg_cwb
wheat,IN,IN-15-0963,2007,-0.24973860035190126,-0.15493037645798677,tavg_cwb
wheat,IN,IN-15-0963,2008,-0.39201257001692097,-0.17372933941037888,tavg_cwb
wheat,IN,IN-15-0963,2009,0.12552781487160064,-0.4944230916747369,tavg_cwb
wheat,IN,IN-15-0963,2010,0.14707031983898933,-0.5370291075177757,tavg_cwb
wheat,IN,IN-15-0963,2011,-0.16079638215404676,-0.32494362672515437,tavg_cwb
wheat,IN,IN-15-0963,2012,-0.335699288217368,-0.16704197488886594,tavg_cwb
wheat,IN,IN-15-0963,2013,-0.3963511035662002,-0.2935069916655778,tavg_cwb
wheat,IN,IN-15-0963,2014,-0.5798408568943813,0.02405213368723303,tavg_cwb
wheat,IN,IN-15-0963,2015,-0.42404844997308866,-0.017259465052707382,tavg_cwb
wheat,IN,IN-15-0963,2016,0.10458418960800284,-0.2442650308688762,tavg_cwb
wheat,IN,IN-15-0964,2003,0.0439283138860897,0.08104004696871868,tavg_cwb
wheat,IN,IN-15-0964,2004,0.289588326215635,-0.301848050677279,tavg_cwb
wheat,IN,IN-15-0964,2005,0.5055125085925971,-0.14226777667938342,tavg_cwb
wheat,IN,IN-15-0964,2006,0.44367795517337766,-0.2836085759055387,tavg_cwb
wheat,IN,IN-15-0964,2007,0.20179204143829502,0.03624609454127187,tavg_cwb
wheat,IN,IN-15-0964,2008,0.12959924358120387,-0.1107051169523635,tavg_cwb
wheat,IN,IN-15-0964,2009,0.7381961101544229,-0.41468843455132715,tavg_cwb
wheat,IN,IN-15-0964,2010,0.6283621675242347,-0.38816771212838996,tavg_cwb
wheat,IN,IN-15-0964,2011,0.34171633117809835,-0.2742792905859145,tavg_cwb
wheat,IN,IN-15-0964,2012,0.23665118998327875,-0.15037482999134258,tavg_cwb
wheat,IN,IN-15-0964,2013,0.26824793659512314,-0.27653853427505515,tavg_cwb
wheat,IN,IN-15-0964,2014,0.14376735379668512,-0.13952412101823577,tavg_cwb
wheat,IN,IN-15-0964,2015,0.26028779865484936,0.09587392759018362,tavg_cwb
wheat,IN,IN-15-0964,2016,0.8263222288956684,-0.16132767157081718,tavg_cwb
wheat,IN,IN-15-0965,2003,0.4240791306992459,-0.29430840716469336,tavg_cwb
wheat,IN,IN-15-0965,2004,0.5489919823254572,-0.5313019976033161,tavg_cwb
wheat,IN,IN-15-0965,2005,0.5974055210142581,-0.38973616391485183,tavg_cwb
wheat,IN,IN-15-0965,2006,0.5731366911749448,-0.46762575930558914,tavg_cwb
wheat,IN,IN-15-0965,2007,0.5130457210796248,-0.4559615913367733,tavg_cwb
wheat,IN,IN-15-0965,2008,0.3662168612973943,-0.35767488591176233,tavg_cwb
wheat,IN,IN-15-0965,2009,1.0357546782759457,-0.8092626989674687,tavg_cwb
wheat,IN,IN-15-0965,2010,0.9353100319372875,-0.7986898835074374,tavg_cwb
wheat,IN,IN-15-0965,2011,0.41125394663563747,-0.570872059313977,tavg_cwb
wheat,IN,IN-15-0965,2012,0.4800782821458483,-0.3831474462945235,tavg_cwb
wheat,IN,IN-15-0965,2013,0.5363230897182485,-0.4624742276639624,tavg_cwb
wheat,IN,IN-15-0965,2014,0.477335057598476,-0.45437837585561197,tavg_cwb
wheat,IN,IN-15-0965,2015,0.5590604017402673,-0.39729313244141456,tavg_cwb
wheat,IN,IN-15-0965,2016,0.9684453681286171,-0.3698622033439115,tavg_cwb
wheat,IN,IN-15-2023,2008,-0.3395609871576695,-0.2189048141535108,tavg_cwb
wheat,IN,IN-15-2023,2009,0.30387281832604585,-0.597459754079123,tavg_cwb
wheat,IN,IN-15-2023,2010,0.26066397742990255,-0.6116332634121203,tavg_cwb
wheat,IN,IN-15-2023,2011,-0.15338777612751717,-0.4321202736157181,tavg_cwb
wheat,IN,IN-15-2023,2012,-0.2251141791459014,-0.2697602386420239,tavg_cwb
wheat,IN,IN-15-2023,2013,-0.1700388553822935,-0.38365682866672224,tavg_cwb
wheat,IN,IN-15-2023,2014,-0.3373862194788597,-0.1658887970943248,tavg_cwb
wheat,IN,IN-15-2023,2015,-0.219858717979764,-0.10044330367351836,tavg_cwb
wheat,IN,IN-15-2023,2016,0.30742557556300804,-0.3057654907587566,tavg_cwb
wheat,IN,IN-15-2024,2008,-0.21184656403943744,-0.23660083828059084,tavg_cwb
wheat,IN,IN-15-2024,2009,0.33499082410945297,-0.5459658150562807,tavg_cwb
wheat,IN,IN-15-2024,2010,0.26220413526410763,-0.5152001666564037,tavg_cwb
wheat,IN,IN-15-2024,2011,-0.0774805968687136,-0.2977619878779968,tavg_cwb
wheat,IN,IN-15-2024,2012,-0.16470326384826506,-0.24565217120198396,tavg_cwb
wheat,IN,IN-15-2024,2013,-0.1615793100946759,-0.38717439927234865,tavg_cwb
wheat,IN,IN-15-2024,2014,-0.35122520174084965,-0.0037020043499684974,tavg_cwb
wheat,IN,IN-15-2024,2015,-0.21546789541021377,0.07376901812162116,tavg_cwb
wheat,IN,IN-15-2024,2016,0.40594376883039057,-0.3372803170961791,tavg_cwb
wheat,IN,IN-16-0237,2003,-0.20269109097400945,-0.004203002583645181,tavg_cwb
wheat,IN,IN-16-0237,2004,0.08888502960255851,-0.2910322940470146,tavg_cwb
wheat,IN,IN-16-0237,2005,0.1357957481897986,-0.25883732475248644,tavg_cwb
wheat,IN,IN-16-0237,2006,0.17969976718450603,0.15831569003523158,tavg_cwb
wheat,IN,IN-16-0237,2007,-0.023793139666101165,0.04387999188504981,tavg_cwb
wheat,IN,IN-16-0237,2008,-0.11659750573571581,-0.26299626233042034,tavg_cwb
wheat,IN,IN-16-0237,2009,0.22741687545333325,-0.4745228998783503,tavg_cwb
wheat,IN,IN-16-0237,2010,0.3185960691349173,-0.4041736258735471,tavg_cwb
wheat,IN,IN-16-0237,2011,-0.16569749010974966,-0.11633855748761286,tavg_cwb
wheat,IN,IN-16-0237,2012,0.07069510407278827,-0.6009230217093844,tavg_cwb
wheat,IN,IN-16-0237,2013,0.038727844328716794,-0.025510168817547633,tavg_cwb
wheat,IN,IN-16-0237,2014,-0.1614214749870807,-0.15382660641970725,tavg_cwb
wheat,IN,IN-16-0237,2015,-0.08611909510572617,0.2688568599312662,tavg_cwb
wheat,IN,IN-16-0237,2016,0.2372348770792342,-0.31597670465502786,tavg_cwb
wheat,IN,IN-16-0237,2017,0.1782372637866329,-0.17457911311103033,tavg_cwb
wheat,IN,IN-16-0238,2003,-1.84716461861801,1.8543262701282641,tavg_cwb
wheat,IN,IN-16-0238,2004,-1.7267483852943823,1.8682983878717851,tavg_cwb
wheat,IN,IN-16-0238,2005,-1.7552309146316833,1.4427962912951688,tavg_cwb
wheat,IN,IN-16-0238,2006,-1.7379242862482276,1.8571812107443968,tavg_cwb
wheat,IN,IN-16-0238,2007,-1.6795302209168572,1.6812858254534642,tavg_cwb
wheat,IN,IN-16-0238,2008,-1.7981262280000543,2.002007970741441,tavg_cwb
wheat,IN,IN-16-0238,2009,-1.6945848315048955,1.9516706261831331,tavg_cwb
wheat,IN,IN-16-0238,2010,-1.477852858421806,1.3781310697967006,tavg_cwb
wheat,IN,IN-16-0238,2011,-1.6309624956592528,2.2207361853128944,tavg_cwb
wheat,IN,IN-16-0238,2012,-1.806902147276909,1.7334604320157871,tavg_cwb
wheat,IN,IN-16-0238,2013,-1.7574982435225508,1.8244896843784437,tavg_cwb
wheat,IN,IN-16-0238,2014,-1.7885825615829722,2.0883224001694356,tavg_cwb
wheat,IN,IN-16-0238,2015,-1.8188732394153644,1.8012421635468134,tavg_cwb
wheat,IN,IN-16-0238,2016,-1.7048823429713835,1.6086557524973628,tavg_cwb
wheat,IN,IN-16-0238,2017,-1.6141655313065795,2.078392031980102,tavg_cwb
wheat,IN,IN-16-0239,2003,-1.6384663978566827,2.051906858188196,tavg_cwb
wheat,IN,IN-16-0239,2004,-1.5043587960567857,2.202847278725638,tavg_cwb
wheat,IN,IN-16-0239,2005,-1.5559629339025327,1.6876276177063139,tavg_cwb
wheat,IN,IN-16-0239,2006,-1.5630235524522809,2.133825298605318,tavg_cwb
wheat,IN,IN-16-0239,2007,-1.460302865153364,1.897693646075731,tavg_cwb
wheat,IN,IN-16-0239,2008,-1.6179176304559386,2.819020819564072,tavg_cwb
wheat,IN,IN-16-0239,2009,-1.4794253225952718,2.1249342163620124,tavg_cwb
wheat,IN,IN-16-0239,2010,-1.2374794666001254,1.735318358306061,tavg_cwb
wheat,IN,IN-16-0239,2011,-1.4025783952979844,2.661302899392688,tavg_cwb
wheat,IN,IN-16-0239,2012,-1.60210433943929,2.323616056995871,tavg_cwb
wheat,IN,IN-16-0239,2013,-1.553271120553932,2.309894431505577,tavg_cwb
wheat,IN,IN-16-0239,2014,-1.5621105008590217,2.751568602510138,tavg_cwb
wheat,IN,IN-16-0239,2015,-1.6394468559434132,2.3175594022540524,tavg_cwb
wheat,IN,IN-16-0239,2016,-1.4736377760063462,2.1601123397672257,tavg_cwb
wheat,IN,IN-16-0239,2017,-1.3382991416643217,2.3690053479593622,tavg_cwb
wheat,IN,IN-16-0240,2003,-2.745642767896799,1.7056543690473824,tavg_cwb
wheat,IN,IN-16-0240,2004,-2.5851383434285515,1.853433490198349,tavg_cwb
wheat,IN,IN-16-0240,2005,-2.6543171338032954,1.5299455634797927,tavg_cwb
wheat,IN,IN-16-0240,2006,-2.6408820382950755,1.7702774904670886,tavg_cwb
wheat,IN,IN-16-0240,2007,-2.5057359515368027,1.6179604512398358,tavg_cwb
wheat,IN,IN-16-0240,2008,-2.6949979950844214,1.9611355013422493,tavg_cwb
wheat,IN,IN-16-0240,2009,-2.5485599426057766,1.7486634457226025,tavg_cwb
wheat,IN,IN-16-0240,2010,-2.3096479537807135,1.335812305163339,tavg_cwb
wheat,IN,IN-16-0240,2011,-2.5046286513807723,2.262999308750181,tavg_cwb
wheat,IN,IN-16-0240,2012,-2.7384689420252277,1.7158207328849546,tavg_cwb
wheat,IN,IN-16-0240,2013,-2.7067494186633203,1.9427797466837682,tavg_cwb
wheat,IN,IN-16-0240,2014,-2.7033345888378015,2.1387922959954855,tavg_cwb
wheat,IN,IN-16-0240,2015,-2.7318984132702275,1.8790656776292447,tavg_cwb
wheat,IN,IN-16-0240,2016,-2.533018539981648,1.6125052018147945,tavg_cwb
wheat,IN,IN-16-0240,2017,-2.394677057612508,1.8726590290460852,tavg_cwb
wheat,IN,IN-16-0241,2003,-2.8161994159230472,1.7107063634643649,tavg_cwb
wheat,IN,IN-16-0241,2004,-2.6623158566353866,1.7132831348512525,tavg_cwb
wheat,IN,IN-16-0241,2005,-2.7563993979837003,1.646453424385495,tavg_cwb
wheat,IN,IN-16-0241,2006,-2.7897852093528197,1.858570312882912,tavg_cwb
wheat,IN,IN-16-0241,2007,-2.6326509030137895,1.731038005310956,tavg_cwb
wheat,IN,IN-16-0241,2008,-2.79198347730395,1.9679911004191089,tavg_cwb
wheat,IN,IN-16-0241,2009,-2.666152723302524,1.7662269590656623,tavg_cwb
wheat,IN,IN-16-0241,2010,-2.4296624013006864,1.1872668663577755,tavg_cwb
wheat,IN,IN-16-0241,2011,-2.638851198729923,2.285304582644029,tavg_cwb
wheat,IN,IN-16-0241,2012,-2.8540818025192647,2.0179037289856345,tavg_cwb
wheat,IN,IN-16-0241,2013,-2.830543312511239,1.9482040884581928,tavg_cwb
wheat,IN,IN-16-0241,2014,-2.84874050539079,2.374286471859663,tavg_cwb
wheat,IN,IN-16-0241,2015,-2.845998845361836,1.8272828146218163,tavg_cwb
wheat,IN,IN-16-0241,2016,-2.6398076236749635,1.7021572376853293,tavg_cwb
wheat,IN,IN-16-0241,2017,-2.506535097660521,1.7746874695412242,tavg_cwb
wheat,IN,IN-16-0242,2003,-2.0440365289502056,1.7191142246191442,tavg_cwb
wheat,IN,IN-16-0242,2004,-1.8934538020948062,1.6516132783289221,tavg_cwb
wheat,IN,IN-16-0242,2005,-1.9646791016540914,1.4318814407783473,tavg_cwb
wheat,IN,IN-16-0242,2006,-1.9726868163899551,1.6647944885773815,tavg_cwb
wheat,IN,IN-16-0242,2007,-1.8590581813311895,1.5514775878240543,tavg_cwb
wheat,IN,IN-16-0242,2008,-2.018132781604613,1.9014136062096698,tavg_cwb
wheat,IN,IN-16-0242,2009,-1.8766826361953253,1.6452558456986954,tavg_cwb
wheat,IN,IN-16-0242,2010,-1.6380341397829818,1.101636959954728,tavg_cwb
wheat,IN,IN-16-0242,2011,-1.84928741544723,2.2654943991017897,tavg_cwb
wheat,IN,IN-16-0242,2012,-2.0734565444761115,1.7395042907239158,tavg_cwb
wheat,IN,IN-16-0242,2013,-2.003468161664419,1.6006216702816884,tavg_cwb
wheat,IN,IN-16-0242,2014,-2.0415912646000907,2.0631816570711696,tavg_cwb
wheat,IN,IN-16-0242,2015,-2.0431713554525968,1.571383691790172,tavg_cwb
wheat,IN,IN-16-0242,2016,-1.8791506522891026,1.3650483959836783,tavg_cwb
wheat,IN,IN-16-0242,2017,-1.7837584453669568,1.791929643497747,tavg_cwb
wheat,IN,IN-16-0243,2003,-1.381288510344275,0.5578898412655895,tavg_cwb
wheat,IN,IN-16-0243,2004,-0.8566990875740986,0.06067603789382451,tavg_cwb
wheat,IN,IN-16-0243,2005,-1.2189922645219693,0.4519628850893515,tavg_cwb
wheat,IN,IN-16-0243,2006,-0.765598862264907,0.16549405061643216,tavg_cwb
wheat,IN,IN-16-0243,2007,-1.0441955707031054,0.6267901472133383,tavg_cwb
wheat,IN,IN-16-0243,2008,-1.04106545557363,-0.030951924067578403,tavg_cwb
wheat,IN,IN-16-0243,2009,-0.6796104835645842,-0.1564674991781232,tavg_cwb
wheat,IN,IN-16-0243,2010,-0.6557579251097684,-0.03621539095869373,tavg_cwb
wheat,IN,IN-16-0243,2011,-1.2182497261985883,0.18968029370723827,tavg_cwb
wheat,IN,IN-16-0243,2012,-1.329438188499632,0.061363486721167426,tavg_cwb
wheat,IN,IN-16-0243,2013,-1.1749477482653878,0.4406644223503953,tavg_cwb
wheat,IN,IN-16-0243,2014,-1.4346251077425025,0.5314738728478314,tavg_cwb
wheat,IN,IN-16-0243,2015,-1.3304541236881853,0.8258693497968839,tavg_cwb
wheat,IN,IN-16-0243,2016,-0.8507187098323118,-0.012800286117696577,tavg_cwb
wheat,IN,IN-16-0243,2017,-0.8585454194365743,0.22809297673766338,tavg_cwb
wheat,IN,IN-16-0244,2003,-1.145073246693522,0.7102710595979694,tavg_cwb
wheat,IN,IN-16-0244,2004,-0.6040284048776237,0.16510890572362397,tavg_cwb
wheat,IN,IN-16-0244,2005,-0.9784185309489847,0.4567621335523858,tavg_cwb
wheat,IN,IN-16-0244,2006,-0.5978570537753645,0.32677434704782016,tavg_cwb
wheat,IN,IN-16-0244,2007,-0.8829499516130855,0.6845979215792818,tavg_cwb
wheat,IN,IN-16-0244,2008,-1.0488315336143201,0.2568451625690225,tavg_cwb
wheat,IN,IN-16-0244,2009,-0.5071069733314693,-0.10482822527306984,tavg_cwb
wheat,IN,IN-16-0244,2010,-0.3897953478352183,0.08811000907436546,tavg_cwb
wheat,IN,IN-16-0244,2011,-0.9305449979690976,0.3471041661250646,tavg_cwb
wheat,IN,IN-16-0244,2012,-1.0632336590379512,0.1338169293008075,tavg_cwb
wheat,IN,IN-16-0244,2013,-0.872972803905286,0.47851969734122435,tavg_cwb
wheat,IN,IN-16-0244,2014,-1.19840838755384,0.6224155236952327,tavg_cwb
wheat,IN,IN-16-0244,2015,-0.9694803195908005,1.0329014193571566,tavg_cwb
wheat,IN,IN-16-0244,2016,-0.6167078100944592,0.09527937722069531,tavg_cwb
wheat,IN,IN-16-0244,2017,-0.6269839487762956,0.4002408113714409,tavg_cwb
wheat,IN,IN-16-0527,2003,-1.1802782339762707,0.5113050541359656,tavg_cwb
wheat,IN,IN-16-0527,2004,-0.7651371448065601,0.14579366019972514,tavg_cwb
wheat,IN,IN-16-0527,2005,-0.9330352801680405,0.39252030517242115,tavg_cwb
wheat,IN,IN-16-0527,2006,-0.5559617597010701,-0.12236833776665015,tavg_cwb
wheat,IN,IN-16-0527,2007,-0.7691511078720504,0.42771127673067905,tavg_cwb
wheat,IN,IN-16-0527,2008,-0.8127883723919553,-0.21756920707539507,tavg_cwb
wheat,IN,IN-16-0527,2009,-0.4308230949788314,-0.35968583067284027,tavg_cwb
wheat,IN,IN-16-0527,2010,-0.4503302381631167,-0.17529591965641025,tavg_cwb
wheat,IN,IN-16-0527,2011,-1.0148394074677638,0.13028072981394037,tavg_cwb
wheat,IN,IN-16-0527,2012,-1.119334011823262,-0.07035253885055379,tavg_cwb
wheat,IN,IN-16-0527,2013,-1.0144372493359735,0.4224486320755453,tavg_cwb
wheat,IN,IN-16-0527,2014,-1.2306476369214783,0.6183149326848991,tavg_cwb
wheat,IN,IN-16-0527,2015,-1.1929109229313826,0.9722223896760663,tavg_cwb
wheat,IN,IN-16-0527,2016,-0.6106132197198556,-0.1539242315471361,tavg_cwb
wheat,IN,IN-16-0527,2017,-0.6843081367026815,0.14361575978811283,tavg_cwb
wheat,IN,IN-16-1030,2003,-0.9813799256982334,0.43922358657444716,tavg_cwb
wheat,IN,IN-16-1030,2004,-0.657620539200561,-0.03986653145131643,tavg_cwb
wheat,IN,IN-16-1030,2005,-0.6632378827882,0.1336132925010813,tavg_cwb
wheat,IN,IN-16-1030,2006,-0.38922697067325485,-0.23090557166285428,tavg_cwb
wheat,IN,IN-16-1030,2007,-0.7246415239074802,0.3869902732738255,tavg_cwb
wheat,IN,IN-16-1030,2008,-0.6974343873873362,-0.2655038229205406,tavg_cwb
wheat,IN,IN-16-1030,2009,-0.343787311567786,-0.38305292991880524,tavg_cwb
wheat,IN,IN-16-1030,2010,-0.47823669867257,-0.19973707122339396,tavg_cwb
wheat,IN,IN-16-1030,2011,-0.8892260717261822,0.004470676420790373,tavg_cwb
wheat,IN,IN-16-1030,2012,-0.8075090042097756,-0.2799202941769802,tavg_cwb
wheat,IN,IN-16-1030,2013,-0.7915505497260166,0.3211782602136587,tavg_cwb
wheat,IN,IN-16-1030,2014,-0.9100518156595044,0.19094418079501307,tavg_cwb
wheat,IN,IN-16-1030,2015,-1.0221780439053216,0.8426992168783634,tavg_cwb
wheat,IN,IN-16-1030,2016,-0.427719228679356,-0.31446735512394136,tavg_cwb
wheat,IN,IN-16-1030,2017,-0.5353701644139371,-0.03710393267652048,tavg_cwb
wheat,IN,IN-16-1032,2003,-2.1575201375694966,1.8988915694461608,tavg_cwb
wheat,IN,IN-16-1032,2004,-2.03703727840819,1.9612350061011454,tavg_cwb
wheat,IN,IN-16-1032,2005,-2.0841140656958204,1.578295380471748,tavg_cwb
wheat,IN,IN-16-1032,2006,-2.0689289288909816,1.9399522768763129,tavg_cwb
wheat,IN,IN-16-1032,2007,-1.9743587244919658,1.7324130596186074,tavg_cwb
wheat,IN,IN-16-1032,2008,-2.13016456194159,2.21036627684418,tavg_cwb
wheat,IN,IN-16-1032,2009,-1.9799671051801728,1.9648676748472942,tavg_cwb
wheat,IN,IN-16-1032,2010,-1.7901511076937342,1.4823757869528282,tavg_cwb
wheat,IN,IN-16-1032,2011,-1.9431964550099636,2.5418343020349505,tavg_cwb
wheat,IN,IN-16-1032,2012,-2.115971592835249,1.9175954758068343,tavg_cwb
wheat,IN,IN-16-1032,2013,-2.067362314713649,2.0794229518730716,tavg_cwb
wheat,IN,IN-16-1032,2014,-2.104713366358238,2.2303307076191037,tavg_cwb
wheat,IN,IN-16-1032,2015,-2.167614384923442,2.066295339208345,tavg_cwb
wheat,IN,IN-16-1032,2016,-2.001742538666676,1.7599651470760023,tavg_cwb
wheat,IN,IN-16-1032,2017,-1.87731665916606,1.9918731478782048,tavg_cwb
wheat,IN,IN-16-1043,2003,-6.890423230126168,2.5083974244245657,tavg_cwb
wheat,IN,IN-16-1043,2004,-6.811729052735584,2.2656040014371053,tavg_cwb
wheat,IN,IN-16-1043,2005,-6.930494815591591,2.3852290024853406,tavg_cwb
wheat,IN,IN-16-1043,2006,-6.819065366415688,2.439155515601723,tavg_cwb
wheat,IN,IN-16-1043,2007,-6.793315725450785,2.3269880595513808,tavg_cwb
wheat,IN,IN-16-1043,2008,-6.863555654670033,2.7742094237989865,tavg_cwb
wheat,IN,IN-16-1043,2009,-6.827701312117982,2.1363529440823323,tavg_cwb
wheat,IN,IN-16-1043,2010,-6.843390078966368,1.8474204287717737,tavg_cwb
wheat,IN,IN-16-1043,2011,-6.8190541520258074,2.8045451281442517,tavg_cwb
wheat,IN,IN-16-1043,2012,-6.936661561403172,2.409781887978516,tavg_cwb
wheat,IN,IN-16-1043,2013,-7.032848316113893,2.6198168408947256,tavg_cwb
wheat,IN,IN-16-1043,2014,-6.9291100716172345,2.5796347516338924,tavg_cwb
wheat,IN,IN-16-1043,2015,-6.8994578229738375,2.466104353560638,tavg_cwb
wheat,IN,IN-16-1043,2016,-6.7385032922105905,2.261725406948373,tavg_cwb
wheat,IN,IN-16-1043,2017,-6.55624887133024,2.34580770483633,tavg_cwb
wheat,IN,IN-17-0601,2003,0.6816193279354701,3.3201616074392155,tavg_cwb
wheat,IN,IN-17-0601,2004,0.7015101496237928,3.557696698672481,tavg_cwb
wheat,IN,IN-17-0601,2005,0.690275222769718,3.7864597831275897,tavg_cwb
wheat,IN,IN-17-0601,2006,0.8356377497779404,2.230219622260363,tavg_cwb
wheat,IN,IN-17-0601,2007,0.7980232462745693,2.1847237259798793,tavg_cwb
wheat,IN,IN-17-0601,2008,0.7102115445696331,3.011033647232063,tavg_cwb
wheat,IN,IN-17-0601,2009,0.8192329088927032,2.467154620648881,tavg_cwb
wheat,IN,IN-17-0601,2010,0.8795753166926144,3.092946747348134,tavg_cwb
wheat,IN,IN-17-0601,2011,0.8047776481317455,3.579986538951157,tavg_cwb
wheat,IN,IN-17-0601,2012,0.7300822172301913,2.9519661869948246,tavg_cwb
wheat,IN,IN-17-0601,2013,0.7188093616970379,3.3995678671985865,tavg_cwb
wheat,IN,IN-17-0601,2014,0.8378063821718089,2.656867898605985,tavg_cwb
wheat,IN,IN-17-0601,2015,0.9017787990102077,2.4128984311142414,tavg_cwb
wheat,IN,IN-17-0601,2016,0.849733114077844,3.6808205370596303,tavg_cwb
wheat,IN,IN-17-0601,2017,0.9182348131399448,3.93556374745916,tavg_cwb
wheat,IN,IN-17-0602,2003,0.48990315840863563,3.3045794534380852,tavg_cwb
wheat,IN,IN-17-0602,2004,0.4759622699881468,3.25712846298266,tavg_cwb
wheat,IN,IN-17-0602,2005,0.4862311716892123,3.6859125213372983,tavg_cwb
wheat,IN,IN-17-0602,2006,0.5938152904005914,2.436827521361737,tavg_cwb
wheat,IN,IN-17-0602,2007,0.6508295809395261,2.2339280753611246,tavg_cwb
wheat,IN,IN-17-0602,2008,0.5501493176086228,3.4972301374643484,tavg_cwb
wheat,IN,IN-17-0602,2009,0.6279120514797749,2.83187416677027,tavg_cwb
wheat,IN,IN-17-0602,2010,0.7588705449130546,2.708387396500099,tavg_cwb
wheat,IN,IN-17-0602,2011,0.6118363669414005,3.451738785986194,tavg_cwb
wheat,IN,IN-17-0602,2012,0.5664575406104557,3.0460794667419524,tavg_cwb
wheat,IN,IN-17-0602,2013,0.5847257475599009,2.909969435959663,tavg_cwb
wheat,IN,IN-17-0602,2014,0.6934246517555354,2.08665352503376,tavg_cwb
wheat,IN,IN-17-0602,2015,0.7414796274840219,2.8382340868025264,tavg_cwb
wheat,IN,IN-17-0602,2016,0.6822785742729783,3.116524366363311,tavg_cwb
wheat,IN,IN-17-0602,2017,0.7698481538240067,3.3467203745117153,tavg_cwb
wheat,IN,IN-17-0603,2003,0.4706911487442305,3.241441077050962,tavg_cwb
wheat,IN,IN-17-0603,2004,0.4207746486784449,3.5058427613520795,tavg_cwb
wheat,IN,IN-17-0603,2005,0.3313252175126456,4.199213742651611,tavg_cwb
wheat,IN,IN-17-0603,2006,0.5015417590320534,2.976404622679295,tavg_cwb
wheat,IN,IN-17-0603,2007,0.577950870180352,2.6878753279965215,tavg_cwb
wheat,IN,IN-17-0603,2008,0.4612231314792807,3.531475683615327,tavg_cwb
wheat,IN,IN-17-0603,2009,0.5034764620889264,3.226687638712935,tavg_cwb
wheat,IN,IN-17-0603,2010,0.5628855209302187,4.284025527128643,tavg_cwb
wheat,IN,IN-17-0603,2011,0.43583500349595494,4.940629874478126,tavg_cwb
wheat,IN,IN-17-0603,2012,0.4955527208314383,3.235924018323485,tavg_cwb
wheat,IN,IN-17-0603,2013,0.4766592285204297,3.9016136324335453,tavg_cwb
wheat,IN,IN-17-0603,2014,0.6251646687089034,2.740616559529855,tavg_cwb
wheat,IN,IN-17-0603,2016,0.5493449006096122,3.7898570272044574,tavg_cwb
wheat,IN,IN-17-0603,2017,0.671356004262751,3.7451766674570877,tavg_cwb
wheat,IN,IN-17-0604,2003,0.6774398080573862,3.867378150485152,tavg_cwb
wheat,IN,IN-17-0604,2004,0.7018648914720593,3.2294300367627815,tavg_cwb
wheat,IN,IN-17-0604,2005,0.8029349047713037,3.7300643668263676,tavg_cwb
wheat,IN,IN-17-0604,2006,0.9209915951074744,3.005044060242238,tavg_cwb
wheat,IN,IN-17-0604,2007,0.9179339253210876,2.524512388434682,tavg_cwb
wheat,IN,IN-17-0604,2008,0.7794802795269952,3.9484592736748367,tavg_cwb
wheat,IN,IN-17-0604,2009,0.884578768353395,3.0905771454051254,tavg_cwb
wheat,IN,IN-17-0604,2010,1.0341004382259327,3.29725153019468,tavg_cwb
wheat,IN,IN-17-0604,2011,0.8683189631818975,3.9781481658018394,tavg_cwb
wheat,IN,IN-17-0604,2012,0.783688920911132,3.054566208064179,tavg_cwb
wheat,IN,IN-17-0604,2013,0.8324644605367872,2.6289049760870378,tavg_cwb
wheat,IN,IN-17-0604,2014,0.8783618138470323,2.087346093225058,tavg_cwb
wheat,IN,IN-17-0604,2015,0.8644927194526832,2.924496011628111,tavg_cwb
wheat,IN,IN-17-0604,2016,0.8352468561153044,3.89705839815958,tavg_cwb
wheat,IN,IN-17-0604,2017,0.9166520121337615,3.190376706019555,tavg_cwb
wheat,IN,IN-17-0605,2003,0.6733238256663415,3.5435938571360617,tavg_cwb
wheat,IN,IN-17-0605,2004,0.690022570951726,3.2538104702063313,tavg_cwb
wheat,IN,IN-17-0605,2005,0.7534794481583,3.4374709376794432,tavg_cwb
wheat,IN,IN-17-0605,2006,0.8541518407005584,2.825931681790852,tavg_cwb
wheat,IN,IN-17-0605,2007,0.8473006732423601,2.5522079644491855,tavg_cwb
wheat,IN,IN-17-0605,2008,0.7879090254579019,3.133243466545395,tavg_cwb
wheat,IN,IN-17-0605,2009,0.8825554034152628,3.2346772294404245,tavg_cwb
wheat,IN,IN-17-0605,2010,0.9919978650329543,2.6577769387394867,tavg_cwb
wheat,IN,IN-17-0605,2011,0.8484533102667199,3.180394837803747,tavg_cwb
wheat,IN,IN-17-0605,2012,0.7795002002285302,3.38015887935739,tavg_cwb
wheat,IN,IN-17-0605,2013,0.7943394964833966,3.1358790137421946,tavg_cwb
wheat,IN,IN-17-0605,2014,0.8547240718473982,2.663674520160876,tavg_cwb
wheat,IN,IN-17-0605,2015,0.8876756680180249,3.085915470090723,tavg_cwb
wheat,IN,IN-17-0605,2016,0.8724216205891119,3.309258503092722,tavg_cwb
wheat,IN,IN-17-0605,2017,0.9518304501354866,3.7205330710022904,tavg_cwb
wheat,IN,IN-17-0606,2003,-0.015831852233124985,4.117577101461295,tavg_cwb
wheat,IN,IN-17-0606,2004,-0.006671000344924267,4.564649973559168,tavg_cwb
wheat,IN,IN-17-0606,2005,-0.04360386087661974,4.76218360256872,tavg_cwb
wheat,IN,IN-17-0606,2006,0.1389350140006864,3.2816897067835353,tavg_cwb
wheat,IN,IN-17-0606,2007,0.15641438940843486,3.1451535035654654,tavg_cwb
wheat,IN,IN-17-0606,2008,0.04442718671710881,4.1876494144412515,tavg_cwb
wheat,IN,IN-17-0606,2009,0.11999211858219216,3.4160924992124477,tavg_cwb
wheat,IN,IN-17-0606,2010,0.23093638350830392,4.349735157890814,tavg_cwb
wheat,IN,IN-17-0606,2011,0.13852305172288704,4.883536124230822,tavg_cwb
wheat,IN,IN-17-0606,2012,0.09966906308167547,3.39192877582883,tavg_cwb
wheat,IN,IN-17-0606,2013,0.10657399581647498,3.6262872496076737,tavg_cwb
wheat,IN,IN-17-0606,2014,0.19962371120281683,2.8448204574076876,tavg_cwb
wheat,IN,IN-17-0606,2015,0.2923569862005053,3.183202526613022,tavg_cwb
wheat,IN,IN-17-0606,2016,0.17534978956767916,4.919117457529967,tavg_cwb
wheat,IN,IN-17-0606,2017,0.28349131575084296,4.870919081242512,tavg_cwb
wheat,IN,IN-17-0607,2003,0.253061464798977,2.9939773308657402,tavg_cwb
wheat,IN,IN-17-0607,2004,0.21995681950417442,3.14547703037555,tavg_cwb
wheat,IN,IN-17-0607,2005,0.11794806396526318,3.6736681213614375,tavg_cwb
wheat,IN,IN-17-0607,2006,0.25097849571554753,2.47411777739804,tavg_cwb
wheat,IN,IN-17-0607,2007,0.34116914469653886,2.263083312035547,tavg_cwb
wheat,IN,IN-17-0607,2008,0.2508615493581204,3.1611555376514633,tavg_cwb
wheat,IN,IN-17-0607,2009,0.2774216101962573,2.7411704294676564,tavg_cwb
wheat,IN,IN-17-0607,2010,0.3778983915602096,3.4825705456226412,tavg_cwb
wheat,IN,IN-17-0607,2011,0.2666184161214562,3.9605565565839393,tavg_cwb
wheat,IN,IN-17-0607,2012,0.2997414492083014,2.711108903357382,tavg_cwb
wheat,IN,IN-17-0607,2013,0.24415813515601023,3.355166948401398,tavg_cwb
wheat,IN,IN-17-0607,2014,0.3886971740752219,2.3522943175722997,tavg_cwb
wheat,IN,IN-17-0607,2015,0.503517167239418,2.7058740094422165,tavg_cwb
wheat,IN,IN-17-0607,2016,0.39401418802434496,3.298846334855061,tavg_cwb
wheat,IN,IN-17-0607,2017,0.4939028424671149,3.066002146279499,tavg_cwb
wheat,IN,IN-17-0608,2003,0.42509302548067396,3.4560052571343243,tavg_cwb
wheat,IN,IN-17-0608,2004,0.42477008997527194,3.5042740636922445,tavg_cwb
wheat,IN,IN-17-0608,2005,0.41298456735741274,3.5901070023532275,tavg_cwb
wheat,IN,IN-17-0608,2006,0.5695775352122148,2.522014271123235,tavg_cwb
wheat,IN,IN-17-0608,2007,0.5439131529438224,2.544319534906657,tavg_cwb
wheat,IN,IN-17-0608,2008,0.4717086577974954,3.549869090627749,tavg_cwb
wheat,IN,IN-17-0608,2009,0.5870210048102292,3.096494833055164,tavg_cwb
wheat,IN,IN-17-0608,2010,0.7019739000909067,2.881711216409502,tavg_cwb
wheat,IN,IN-17-0608,2011,0.5961330468596062,3.451027913529523,tavg_cwb
wheat,IN,IN-17-0608,2014,0.6407686314117991,2.6429906870442816,tavg_cwb
wheat,IN,IN-17-0609,2003,0.5296428559231727,3.4233595505855177,tavg_cwb
wheat,IN,IN-17-0609,2004,0.5239450940665622,3.5599654653045203,tavg_cwb
wheat,IN,IN-17-0609,2005,0.509985788666064,3.5478576241971957,tavg_cwb
wheat,IN,IN-17-0609,2006,0.6661309359246151,2.5433578883552825,tavg_cwb
wheat,IN,IN-17-0609,2007,0.6446445767091222,2.510165542417007,tavg_cwb
wheat,IN,IN-17-0609,2008,0.5715396021580453,3.55598907509683,tavg_cwb
wheat,IN,IN-17-0609,2009,0.6860270094243159,3.1237089719343434,tavg_cwb
wheat,IN,IN-17-0609,2010,0.7943780470604308,2.8991826522806745,tavg_cwb
wheat,IN,IN-17-0609,2011,0.6902317061914658,3.45966993491424,tavg_cwb
wheat,IN,IN-17-0609,2012,0.6561954546966912,2.701794642370859,tavg_cwb
wheat,IN,IN-17-0609,2013,0.6667493634399154,2.9195796672738297,tavg_cwb
wheat,IN,IN-17-0609,2014,0.7497503740684751,2.6337097008882604,tavg_cwb
wheat,IN,IN-17-0609,2015,0.8408929867920707,2.687156041730403,tavg_cwb
wheat,IN,IN-17-0609,2016,0.7441928625983709,3.5204099809212477,tavg_cwb
wheat,IN,IN-17-0609,2017,0.8332131321234663,3.158116415934452,tavg_cwb
wheat,IN,IN-17-0610,2003,0.40158161550177596,3.4902092217434477,tavg_cwb
wheat,IN,IN-17-0610,2004,0.37810458100858324,3.8509429397543156,tavg_cwb
wheat,IN,IN-17-0610,2005,0.30678522755053594,4.6025686126897325,tavg_cwb
wheat,IN,IN-17-0610,2006,0.44846889036158294,3.1563360031615413,tavg_cwb
wheat,IN,IN-17-0610,2007,0.5197301494144981,2.722371904687568,tavg_cwb
wheat,IN,IN-17-0610,2008,0.4148919967273439,3.717516419720745,tavg_cwb
wheat,IN,IN-17-0610,2009,0.46721165649316615,3.453608487374681,tavg_cwb
wheat,IN,IN-17-0610,2010,0.5609590075505889,3.980872081523758,tavg_cwb
wheat,IN,IN-17-0610,2011,0.4228786658635204,4.57514372288566,tavg_cwb
wheat,IN,IN-17-0610,2012,0.4330864232090601,3.4844346761432927,tavg_cwb
wheat,IN,IN-17-0610,2013,0.42288824548415743,4.018580539868272,tavg_cwb
wheat,IN,IN-17-0610,2014,0.5634186462120602,3.04489380325935,tavg_cwb
wheat,IN,IN-17-0610,2015,0.6798202568140238,3.1537239308383676,tavg_cwb
wheat,IN,IN-17-0610,2016,0.5498051224119526,3.9045622543682335,tavg_cwb
wheat,IN,IN-17-0610,2017,0.6609117748274029,3.971401705923514,tavg_cwb
wheat,IN,IN-17-0615,2003,0.6635603995694836,4.019193491390053,tavg_cwb
wheat,IN,IN-17-0615,2004,0.6384675451182062,3.6755181954375593,tavg_cwb
wheat,IN,IN-17-0615,2005,0.7019145746035574,4.466311273766271,tavg_cwb
wheat,IN,IN-17-0615,2006,0.8119764977405007,3.254950253692436,tavg_cwb
wheat,IN,IN-17-0615,2007,0.8583969752406453,3.019712139462872,tavg_cwb
wheat,IN,IN-17-0615,2008,0.7428566495168138,4.500096226324459,tavg_cwb
wheat,IN,IN-17-0615,2009,0.8106830819452275,3.3247816854534724,tavg_cwb
wheat,IN,IN-17-0615,2010,0.9335943656865566,3.738516404496617,tavg_cwb
wheat,IN,IN-17-0615,2011,0.790511848865289,4.364318806216919,tavg_cwb
wheat,IN,IN-17-0615,2012,0.7572808518574248,3.3912652787090125,tavg_cwb
wheat,IN,IN-17-0615,2013,0.7626528234764322,3.5129508023548137,tavg_cwb
wheat,IN,IN-17-0615,2014,0.8727958575916143,2.2356863661951936,tavg_cwb
wheat,IN,IN-17-0615,2015,0.8776528273714459,3.4452746958294593,tavg_cwb
wheat,IN,IN-17-0615,2016,0.8285104509836578,4.012289811448992,tavg_cwb
wheat,IN,IN-17-0615,2017,0.8968989936849956,3.664216587463215,tavg_cwb
wheat,IN,IN-17-0616,2003,0.6840553320360105,3.6226334346356266,tavg_cwb
wheat,IN,IN-17-0616,2004,0.7113824835185284,2.8961776848190395,tavg_cwb
wheat,IN,IN-17-0616,2005,0.8028288097734356,3.3992197029589124,tavg_cwb
wheat,IN,IN-17-0616,2006,0.9054501859559001,2.702926852728215,tavg_cwb
wheat,IN,IN-17-0616,2007,0.9205296743321367,2.211734981527679,tavg_cwb
wheat,IN,IN-17-0616,2008,0.7955222358331998,3.6538835432072827,tavg_cwb
wheat,IN,IN-17-0616,2009,0.8731062371088569,2.844749499902473,tavg_cwb
wheat,IN,IN-17-0616,2010,1.0072649529173827,3.0676004026313364,tavg_cwb
wheat,IN,IN-17-0616,2011,0.8663193726717714,3.5192487826071104,tavg_cwb
wheat,IN,IN-17-0616,2012,0.7767492586382085,2.698414319069196,tavg_cwb
wheat,IN,IN-17-0616,2013,0.8139212932284787,2.311950838563297,tavg_cwb
wheat,IN,IN-17-0616,2014,0.8744476067246486,1.841720611795831,tavg_cwb
wheat,IN,IN-17-0616,2015,0.8474651206616788,2.72245565990283,tavg_cwb
wheat,IN,IN-17-0616,2016,0.8210018903617237,3.585548977755358,tavg_cwb
wheat,IN,IN-17-0616,2017,0.9077939971299114,2.788302893335911,tavg_cwb
wheat,IN,IN-17-0617,2003,0.39570237342785425,4.174476149032418,tavg_cwb
wheat,IN,IN-17-0617,2004,0.3707240511054956,4.682165666627376,tavg_cwb
wheat,IN,IN-17-0617,2005,0.2760834506421759,4.967625809637557,tavg_cwb
wheat,IN,IN-17-0617,2006,0.4407457557288848,3.363148874947498,tavg_cwb
wheat,IN,IN-17-0617,2007,0.5507489980883398,3.00006714107268,tavg_cwb
wheat,IN,IN-17-0617,2008,0.43391025575833336,4.273126148088406,tavg_cwb
wheat,IN,IN-17-0617,2009,0.5316993571203479,3.6285994587746164,tavg_cwb
wheat,IN,IN-17-0617,2010,0.5849200378445694,4.772582364641339,tavg_cwb
wheat,IN,IN-17-0617,2011,0.45840550641414096,5.1988931136875225,tavg_cwb
wheat,IN,IN-17-0617,2012,0.47606310373390187,3.747820559233449,tavg_cwb
wheat,IN,IN-17-0617,2013,0.42620534991970205,4.127527284051819,tavg_cwb
wheat,IN,IN-17-0617,2014,0.5854870907666171,3.0493583863470963,tavg_cwb
wheat,IN,IN-17-0617,2015,0.6908024563742426,3.898419266825389,tavg_cwb
wheat,IN,IN-17-0617,2016,0.5710265234656776,4.691086824620722,tavg_cwb
wheat,IN,IN-17-0617,2017,0.6623580254032985,4.310090500106843,tavg_cwb
wheat,IN,IN-17-0618,2003,0.4574438051329832,3.3164326552366656,tavg_cwb
wheat,IN,IN-17-0618,2004,0.43447708510692185,3.6889077664204364,tavg_cwb
wheat,IN,IN-17-0618,2005,0.3434330406290481,4.259781722113388,tavg_cwb
wheat,IN,IN-17-0618,2006,0.48666531951707614,2.807821606887275,tavg_cwb
wheat,IN,IN-17-0618,2007,0.5689013252543352,2.5295822063491666,tavg_cwb
wheat,IN,IN-17-0618,2008,0.4662528175407408,3.458106009856029,tavg_cwb
wheat,IN,IN-17-0618,2009,0.5165344154316021,3.111282414278478,tavg_cwb
wheat,IN,IN-17-0618,2010,0.6061151175680616,3.887501638951603,tavg_cwb
wheat,IN,IN-17-0618,2011,0.4899820672455352,4.31937178983468,tavg_cwb
wheat,IN,IN-17-0618,2012,0.5065745958552976,3.188035882713446,tavg_cwb
wheat,IN,IN-17-0618,2013,0.46793026928940024,3.697505425605806,tavg_cwb
wheat,IN,IN-17-0618,2014,0.6138854488188136,2.6456510565585853,tavg_cwb
wheat,IN,IN-17-0618,2015,0.7475405668119025,3.0233889486545977,tavg_cwb
wheat,IN,IN-17-0618,2016,0.6108082277041308,3.875978075864439,tavg_cwb
wheat,IN,IN-17-0618,2017,0.7128267443079167,3.709679926129489,tavg_cwb
wheat,IN,IN-17-0619,2004,0.7421361706372595,3.696227704770282,tavg_cwb
wheat,IN,IN-17-0619,2006,0.8694226423743932,2.3858623786737754,tavg_cwb
wheat,IN,IN-17-0619,2007,0.8137123272188637,2.403203641007852,tavg_cwb
wheat,IN,IN-17-0619,2008,0.733506205503198,3.1017336601380014,tavg_cwb
wheat,IN,IN-17-0619,2009,0.8615827308364457,2.661209688544242,tavg_cwb
wheat,IN,IN-17-0619,2010,0.9170140822495592,3.1750000101866993,tavg_cwb
wheat,IN,IN-17-0619,2011,0.8594670379322613,3.5098139678067124,tavg_cwb
wheat,IN,IN-17-0619,2012,0.783789233164534,3.0056800794168734,tavg_cwb
wheat,IN,IN-17-0619,2013,0.7509708998313415,3.240908574850012,tavg_cwb
wheat,IN,IN-17-0619,2014,0.869353432290028,2.698452648315936,tavg_cwb
wheat,IN,IN-17-0619,2015,0.9343880950743262,2.650543786272243,tavg_cwb
wheat,IN,IN-17-0619,2016,0.8938347883929605,3.796024059613904,tavg_cwb
wheat,IN,IN-17-0619,2017,0.9422644177597316,4.052001835325983,tavg_cwb
wheat,IN,IN-17-0620,2003,0.5354085525824172,4.213347304683288,tavg_cwb
wheat,IN,IN-17-0620,2004,0.5313302740351624,3.6775496392462985,tavg_cwb
wheat,IN,IN-17-0620,2005,0.5934769944563579,4.422107606534015,tavg_cwb
wheat,IN,IN-17-0620,2006,0.685936321888502,3.227072895375857,tavg_cwb
wheat,IN,IN-17-0620,2007,0.728985720338512,2.7935071456409495,tavg_cwb
wheat,IN,IN-17-0620,2008,0.6423492583203837,4.9261941426255635,tavg_cwb
wheat,IN,IN-17-0620,2009,0.6889346759555276,3.6542419952337557,tavg_cwb
wheat,IN,IN-17-0620,2010,0.7829952154276107,3.8857371559155376,tavg_cwb
wheat,IN,IN-17-0620,2011,0.6429925362296084,4.646985331646687,tavg_cwb
wheat,IN,IN-17-0620,2012,0.5860576406831352,3.4836326512095166,tavg_cwb
wheat,IN,IN-17-0620,2013,0.5778269376379144,3.3967162076467807,tavg_cwb
wheat,IN,IN-17-0620,2014,0.6973705682609382,2.5375800502228794,tavg_cwb
wheat,IN,IN-17-0620,2015,0.6706955837318611,3.694528217283788,tavg_cwb
wheat,IN,IN-17-0620,2016,0.6527923692689958,4.255694251254686,tavg_cwb
wheat,IN,IN-17-0620,2017,0.7177318418220283,3.3378043267100286,tavg_cwb
wheat,IN,IN-17-0621,2003,0.7178918844249089,3.4211979463997086,tavg_cwb
wheat,IN,IN-17-0621,2004,0.7337958167490626,3.140066545498636,tavg_cwb
wheat,IN,IN-17-0621,2005,0.7905962823761106,3.246990092973169,tavg_cwb
wheat,IN,IN-17-0621,2006,0.8942299735381155,2.6046092166346173,tavg_cwb
wheat,IN,IN-17-0621,2007,0.888985756857693,2.3596591940042893,tavg_cwb
wheat,IN,IN-17-0621,2008,0.8353103576165122,2.8439124947450223,tavg_cwb
wheat,IN,IN-17-0621,2009,0.9268638405319619,3.0999160865880415,tavg_cwb
wheat,IN,IN-17-0621,2010,1.0308112106632545,2.5237205005498073,tavg_cwb
wheat,IN,IN-17-0621,2011,0.8887496851894847,2.9624155711996636,tavg_cwb
wheat,IN,IN-17-0621,2012,0.827550525493581,3.2894042922466387,tavg_cwb
wheat,IN,IN-17-0621,2013,0.8399872619226583,3.0359031484599552,tavg_cwb
wheat,IN,IN-17-0621,2014,0.9012733988950169,2.555377668494492,tavg_cwb
wheat,IN,IN-17-0621,2015,0.9418643211304181,2.944967073843839,tavg_cwb
wheat,IN,IN-17-0621,2016,0.9177924580265674,3.0695267239128015,tavg_cwb
wheat,IN,IN-17-0621,2017,1.001194437035897,3.5770969177699627,tavg_cwb
wheat,IN,IN-17-0622,2003,0.3355850317106532,3.984788890840206,tavg_cwb
wheat,IN,IN-17-0622,2004,0.31625009915746277,4.482827602243358,tavg_cwb
wheat,IN,IN-17-0622,2005,0.21991963563604078,4.867424399828144,tavg_cwb
wheat,IN,IN-17-0622,2006,0.3653922608142095,3.285199204993584,tavg_cwb
wheat,IN,IN-17-0622,2007,0.4834245313082125,2.9055292675312403,tavg_cwb
wheat,IN,IN-17-0622,2008,0.3778536065697603,4.2091559049555745,tavg_cwb
wheat,IN,IN-17-0622,2009,0.4576894757546228,3.5391669334703746,tavg_cwb
wheat,IN,IN-17-0622,2010,0.5256046552471267,4.5906635379334775,tavg_cwb
wheat,IN,IN-17-0622,2011,0.3979524334336435,4.989580037731648,tavg_cwb
wheat,IN,IN-17-0622,2012,0.4138794470619535,3.654000910837644,tavg_cwb
wheat,IN,IN-17-0622,2013,0.3571151940707618,4.021048529656949,tavg_cwb
wheat,IN,IN-17-0622,2014,0.5235454301052678,2.9796930098086736,tavg_cwb
wheat,IN,IN-17-0622,2015,0.633303519065414,3.7628290906180664,tavg_cwb
wheat,IN,IN-17-0622,2016,0.517574627492971,4.509662787921476,tavg_cwb
wheat,IN,IN-17-0622,2017,0.6221372460535062,4.165456409256003,tavg_cwb
wheat,IN,IN-17-1047,2003,0.6949586761498588,4.21080326357368,tavg_cwb
wheat,IN,IN-17-1047,2004,0.6816589792320433,3.614934476031594,tavg_cwb
wheat,IN,IN-17-1047,2005,0.7413903490055967,4.695066405029734,tavg_cwb
wheat,IN,IN-17-1047,2006,0.8571131028241322,3.254899143366577,tavg_cwb
wheat,IN,IN-17-1047,2007,0.8886044676017709,2.944933946780785,tavg_cwb
wheat,IN,IN-17-1047,2008,0.7708061945653788,5.108320461899255,tavg_cwb
wheat,IN,IN-17-1047,2009,0.8332542564805118,3.3655669934863046,tavg_cwb
wheat,IN,IN-17-1047,2010,0.9508052563000964,4.130251497044536,tavg_cwb
wheat,IN,IN-17-1047,2011,0.8105399606805048,4.567192726327412,tavg_cwb
wheat,IN,IN-17-1047,2012,0.7790858311817783,3.4474923160792397,tavg_cwb
wheat,IN,IN-17-1047,2013,0.7697685549454094,3.4164473287824,tavg_cwb
wheat,IN,IN-17-1047,2014,0.8765931113339381,2.223913007984774,tavg_cwb
wheat,IN,IN-17-1047,2015,0.8627259487656735,3.7112897446139113,tavg_cwb
wheat,IN,IN-17-1047,2016,0.8270418915837838,4.290883679319905,tavg_cwb
wheat,IN,IN-17-1047,2017,0.8957025103779416,3.518252391803602,tavg_cwb
wheat,IN,IN-17-1048,2003,0.18868829839656437,3.77330240623323,tavg_cwb
wheat,IN,IN-17-1048,2004,0.15515402458292166,3.6744715649254527,tavg_cwb
wheat,IN,IN-17-1048,2005,0.07295161242114544,4.316395923936291,tavg_cwb
wheat,IN,IN-17-1048,2006,0.2267249531535683,3.214452776923829,tavg_cwb
wheat,IN,IN-17-1048,2007,0.2871165795496599,2.888814901327616,tavg_cwb
wheat,IN,IN-17-1048,2008,0.1739409483257264,4.088116158257238,tavg_cwb
wheat,IN,IN-17-1048,2009,0.21402090305877827,3.6047402160903643,tavg_cwb
wheat,IN,IN-17-1048,2010,0.29568251005191326,4.409691063053447,tavg_cwb
wheat,IN,IN-17-1048,2011,0.17592658768643832,5.069177708871717,tavg_cwb
wheat,IN,IN-17-1048,2012,0.20692377674063414,3.480520113372272,tavg_cwb
wheat,IN,IN-17-1048,2013,0.18350640317966077,4.425055301762952,tavg_cwb
wheat,IN,IN-17-1048,2014,0.31627924998481444,3.0390524806825137,tavg_cwb
wheat,IN,IN-17-1048,2015,0.394824982017887,3.230100754918596,tavg_cwb
wheat,IN,IN-17-1048,2016,0.2903068255916964,3.954300368154017,tavg_cwb
wheat,IN,IN-17-1048,2017,0.41441673305992466,3.7518983287995207,tavg_cwb
wheat,IN,IN-17-1049,2004,0.7311595590028805,3.596577350660494,tavg_cwb
wheat,IN,IN-17-1049,2006,0.861708680946078,2.304787526756846,tavg_cwb
wheat,IN,IN-17-1049,2007,0.8119980942022748,2.2842648379493395,tavg_cwb
wheat,IN,IN-17-1049,2009,0.8522359810945971,2.5701557290502817,tavg_cwb
wheat,IN,IN-17-1049,2010,0.9046469151634366,3.079086247823503,tavg_cwb
wheat,IN,IN-17-1050,2003,0.5663828996180138,3.4578425715154593,tavg_cwb
wheat,IN,IN-17-1050,2004,0.5616507582668637,3.412984846280706,tavg_cwb
wheat,IN,IN-17-1050,2005,0.5788951311850402,3.224817969476128,tavg_cwb
wheat,IN,IN-17-1050,2006,0.7146343359538428,2.731492553313007,tavg_cwb
wheat,IN,IN-17-1050,2007,0.7028738726636111,2.4134708974005887,tavg_cwb
wheat,IN,IN-17-1050,2008,0.6168799439870122,3.1950593920632144,tavg_cwb
wheat,IN,IN-17-1050,2009,0.7340714304671446,3.284240764231176,tavg_cwb
wheat,IN,IN-17-1050,2010,0.8492754057420111,2.672076423605413,tavg_cwb
wheat,IN,IN-17-1050,2011,0.7158246515090928,3.2010866862500778,tavg_cwb
wheat,IN,IN-17-1050,2012,0.6556150690223068,3.217429961844579,tavg_cwb
wheat,IN,IN-17-1050,2013,0.6905551957399447,2.865376176823831,tavg_cwb
wheat,IN,IN-17-1050,2014,0.7648139628414495,2.515450050226964,tavg_cwb
wheat,IN,IN-17-1050,2015,0.8124185768122419,2.8510428324225536,tavg_cwb
wheat,IN,IN-17-1050,2016,0.7543442821074479,3.2016973731035216,tavg_cwb
wheat,IN,IN-17-1050,2017,0.848286016790151,3.507736477317608,tavg_cwb
wheat,IN,IN-17-1051,2003,0.43658702235031904,3.0051914453787942,tavg_cwb
wheat,IN,IN-17-1051,2004,0.3789712476570573,3.384106557221753,tavg_cwb
wheat,IN,IN-17-1051,2005,0.2917619474375323,3.978529355929755,tavg_cwb
wheat,IN,IN-17-1051,2006,0.46775442236422593,2.7812110123559997,tavg_cwb
wheat,IN,IN-17-1051,2007,0.5456754196153936,2.5436356180507635,tavg_cwb
wheat,IN,IN-17-1051,2008,0.43034754902837485,3.26321913135719,tavg_cwb
wheat,IN,IN-17-1051,2009,0.4710459879739627,2.99506442049643,tavg_cwb
wheat,IN,IN-17-1051,2010,0.5239845987508871,4.058746535904375,tavg_cwb
wheat,IN,IN-17-1051,2011,0.39240912536378525,4.727037907067097,tavg_cwb
wheat,IN,IN-17-1051,2012,0.4655290458872903,3.0458938091169325,tavg_cwb
wheat,IN,IN-17-1051,2013,0.4507199761258235,3.656182707415201,tavg_cwb
wheat,IN,IN-17-1051,2014,0.6041381073827532,2.5679409640521738,tavg_cwb
wheat,IN,IN-17-1051,2015,0.6616168919241548,2.5388567062339025,tavg_cwb
wheat,IN,IN-17-1051,2016,0.5073167501203933,3.6483232513880246,tavg_cwb
wheat,IN,IN-17-1051,2017,0.6295547010736525,3.5873885255615,tavg_cwb
wheat,IN,IN-17-2017,2005,0.2433529356300164,3.7125469521259102,tavg_cwb
wheat,IN,IN-17-2017,2006,0.3408800886055186,2.1707369789646016,tavg_cwb
wheat,IN,IN-17-2017,2007,0.43429742733541343,2.0356047361620413,tavg_cwb
wheat,IN,IN-17-2017,2009,0.38995870347429745,2.534192617228419,tavg_cwb
wheat,IN,IN-17-2017,2010,0.5215180801445201,2.72210685459165,tavg_cwb
wheat,IN,IN-17-2017,2011,0.3819076657387457,3.461499162811624,tavg_cwb
wheat,IN,IN-17-2017,2012,0.3392413685780448,2.815570276631989,tavg_cwb
wheat,IN,IN-17-2017,2013,0.33715317539833195,2.9525010736568658,tavg_cwb
wheat,IN,IN-17-2017,2014,0.44653487070039366,2.000779604391416,tavg_cwb
wheat,IN,IN-17-2017,2015,0.49986608724998766,2.752929162122147,tavg_cwb
wheat,IN,IN-17-2017,2016,0.45724097874349645,3.0051921562764914,tavg_cwb
wheat,IN,IN-17-2017,2017,0.5508745624387548,3.092398069988122,tavg_cwb
wheat,IN,IN-17-2018,2005,0.4562340174721112,4.278548492403775,tavg_cwb
wheat,IN,IN-17-2018,2006,0.5631470351775544,2.6801450558473245,tavg_cwb
wheat,IN,IN-17-2018,2007,0.6277601063876701,2.45052002187901,tavg_cwb
wheat,IN,IN-17-2018,2008,0.5276716767021137,3.921480158835863,tavg_cwb
wheat,IN,IN-17-2018,2009,0.5680021498778581,2.93619009874209,tavg_cwb
wheat,IN,IN-17-2018,2010,0.6805636644099919,3.413620381121568,tavg_cwb
wheat,IN,IN-17-2018,2011,0.5638857335671156,3.864247928110746,tavg_cwb
wheat,IN,IN-17-2018,2012,0.5242546392823643,2.990738102270333,tavg_cwb
wheat,IN,IN-17-2018,2013,0.5248230698424344,3.459459924161131,tavg_cwb
wheat,IN,IN-17-2018,2014,0.6480468152795362,2.006015796535395,tavg_cwb
wheat,IN,IN-17-2018,2015,0.6680065349446153,3.2447071886977894,tavg_cwb
wheat,IN,IN-17-2018,2016,0.6127460987774958,3.4660270603601595,tavg_cwb
wheat,IN,IN-17-2018,2017,0.6917985442951038,3.062479024703296,tavg_cwb
wheat,IN,IN-17-2019,2005,0.40245873498152535,4.84189126395291,tavg_cwb
wheat,IN,IN-17-2019,2006,0.5097660439070062,3.162963725514874,tavg_cwb
wheat,IN,IN-17-2019,2007,0.5563932213300369,2.742427633763371,tavg_cwb
wheat,IN,IN-17-2019,2008,0.4660899442556231,4.765492632371664,tavg_cwb
wheat,IN,IN-17-2019,2009,0.4978512552363624,3.7500352046932686,tavg_cwb
wheat,IN,IN-17-2019,2010,0.609375880269771,4.000508127690381,tavg_cwb
wheat,IN,IN-17-2019,2011,0.5051681294841872,4.433357923636414,tavg_cwb
wheat,IN,IN-17-2019,2012,0.4656187825061333,3.497949939424882,tavg_cwb
wheat,IN,IN-17-2019,2013,0.4427544139009316,3.8993716122203415,tavg_cwb
wheat,IN,IN-17-2019,2014,0.5484072526234498,2.4707308558403955,tavg_cwb
wheat,IN,IN-17-2019,2015,0.5488828733169504,3.9236922241287666,tavg_cwb
wheat,IN,IN-17-2019,2016,0.5108948998967012,4.097935341594334,tavg_cwb
wheat,IN,IN-17-2019,2017,0.5861398404885494,3.41905142660631,tavg_cwb
wheat,IN,IN-17-2028,2009,0.7187880839632226,3.287455791227119,tavg_cwb
wheat,IN,IN-17-2028,2010,0.8284085534642923,2.56974980440287,tavg_cwb
wheat,IN,IN-17-2028,2011,0.6977588599409668,3.0691489368835843,tavg_cwb
wheat,IN,IN-17-2028,2012,0.6348141648608465,3.2296455175085015,tavg_cwb
wheat,IN,IN-17-2028,2013,0.671885590113093,2.803727485801095,tavg_cwb
wheat,IN,IN-17-2028,2014,0.7396447343588135,2.4996183113824335,tavg_cwb
wheat,IN,IN-17-2028,2015,0.7833426045928098,2.802956941103778,tavg_cwb
wheat,IN,IN-17-2028,2016,0.7275492626877479,3.1604549715892487,tavg_cwb
wheat,IN,IN-17-2028,2017,0.8271553436266795,3.491190281593256,tavg_cwb
wheat,IN,IN-18-0626,2003,-0.11237861976804407,0.6870896001243968,tavg_cwb
wheat,IN,IN-18-0626,2004,-0.09018145720902021,0.6991457958470709,tavg_cwb
wheat,IN,IN-18-0626,2005,-0.11635043808009721,0.593808775424703,tavg_cwb
wheat,IN,IN-18-0626,2006,-0.1080155812821649,0.7637232869326778,tavg_cwb
wheat,IN,IN-18-0626,2007,0.06867658341740562,0.6224324959174506,tavg_cwb
wheat,IN,IN-18-0626,2008,-0.1374429413570579,0.701781682451385,tavg_cwb
wheat,IN,IN-18-0626,2009,-0.11214656093430968,1.104556183501318,tavg_cwb
wheat,IN,IN-18-0626,2010,0.11081517406236448,0.6255893292505237,tavg_cwb
wheat,IN,IN-18-0626,2011,-0.02380716823305789,1.0597906394298335,tavg_cwb
wheat,IN,IN-18-0626,2012,-0.23917636183254737,0.7358188879035809,tavg_cwb
wheat,IN,IN-18-0626,2013,-0.18592304181103453,0.7807728090049983,tavg_cwb
wheat,IN,IN-18-0626,2014,-0.2897761695911365,1.0951587685844038,tavg_cwb
wheat,IN,IN-18-0626,2015,-0.2526828528507402,0.8551104966289809,tavg_cwb
wheat,IN,IN-18-0626,2016,0.008066570942921833,0.9062273126882978,tavg_cwb
wheat,IN,IN-18-0626,2017,0.19227775303868447,0.6210702070274774,tavg_cwb
wheat,IN,IN-18-0627,2003,-2.098961640484721,1.6139624232036331,tavg_cwb
wheat,IN,IN-18-0627,2004,-2.073881342115831,1.726152449938485,tavg_cwb
wheat,IN,IN-18-0627,2005,-2.15301188694865,1.633769704668724,tavg_cwb
wheat,IN,IN-18-0627,2006,-2.1151137849098802,1.735214957846648,tavg_cwb
wheat,IN,IN-18-0627,2007,-1.9935508173517784,1.826189576969036,tavg_cwb
wheat,IN,IN-18-0627,2008,-2.1082784268277255,1.8372445511548805,tavg_cwb
wheat,IN,IN-18-0627,2009,-2.0476286438164606,1.5988912186394453,tavg_cwb
wheat,IN,IN-18-0627,2010,-1.9326145040874672,1.2920879924205424,tavg_cwb
wheat,IN,IN-18-0627,2011,-1.932791847927439,1.9760128277900233,tavg_cwb
wheat,IN,IN-18-0627,2012,-2.1465237343172374,1.898546126313321,tavg_cwb
wheat,IN,IN-18-0627,2013,-2.166468788765226,1.9826275012528713,tavg_cwb
wheat,IN,IN-18-0627,2014,-2.2048449186912893,2.2643683937073074,tavg_cwb
wheat,IN,IN-18-0627,2015,-2.2660583317055787,2.074024031309772,tavg_cwb
wheat,IN,IN-18-0627,2016,-2.046048057731087,2.0683820852614385,tavg_cwb
wheat,IN,IN-18-0627,2017,-1.7997279396635262,1.722969910253366,tavg_cwb
wheat,IN,IN-18-0628,2003,-1.2686145466523078,0.8583505550208365,tavg_cwb
wheat,IN,IN-18-0628,2004,-0.6610058426774479,0.26089659489014544,tavg_cwb
wheat,IN,IN-18-0628,2005,-1.2687070566620195,1.1376484260542488,tavg_cwb
wheat,IN,IN-18-0628,2006,-0.7651417703070468,0.4992957540282811,tavg_cwb
wheat,IN,IN-18-0628,2007,-1.0121834605078546,0.8679588730084519,tavg_cwb
wheat,IN,IN-18-0628,2008,-1.2211990962449324,0.7150751548731176,tavg_cwb
wheat,IN,IN-18-0628,2009,-0.7760738357619335,0.24779591868762424,tavg_cwb
wheat,IN,IN-18-0628,2010,-0.4975073519488756,0.09681304882740323,tavg_cwb
wheat,IN,IN-18-0628,2011,-1.177356012371818,1.0187939453702077,tavg_cwb
wheat,IN,IN-18-0628,2012,-1.4270797527736188,0.7255808135714688,tavg_cwb
wheat,IN,IN-18-0628,2013,-1.078881053191567,0.8095103186120286,tavg_cwb
wheat,IN,IN-18-0628,2014,-1.5201944078885783,1.0950848367396824,tavg_cwb
wheat,IN,IN-18-0628,2015,-1.2154420133218078,1.1558190006302436,tavg_cwb
wheat,IN,IN-18-0628,2016,-0.76378520352493,0.262349835349356,tavg_cwb
wheat,IN,IN-18-0628,2017,-0.7746020768862715,0.7612240310595538,tavg_cwb
wheat,IN,IN-18-0629,2003,-0.6861134571007832,0.9010121394331243,tavg_cwb
wheat,IN,IN-18-0629,2004,-0.08263607901522353,0.40902414271236437,tavg_cwb
wheat,IN,IN-18-0629,2005,-0.7359922362932315,1.2000285506777937,tavg_cwb
wheat,IN,IN-18-0629,2006,-0.19120744993997807,0.5342302437546913,tavg_cwb
wheat,IN,IN-18-0629,2007,-0.41265310061927435,0.935557040788855,tavg_cwb
wheat,IN,IN-18-0629,2008,-0.6755438508319793,0.7100384068601844,tavg_cwb
wheat,IN,IN-18-0629,2009,-0.20861635360380845,0.17370498916350452,tavg_cwb
wheat,IN,IN-18-0629,2010,-0.014696589132683485,0.0548352634331312,tavg_cwb
wheat,IN,IN-18-0629,2011,-0.6511875101973381,0.8832001908711895,tavg_cwb
wheat,IN,IN-18-0629,2012,-0.7862488032377557,0.5997196079556263,tavg_cwb
wheat,IN,IN-18-0629,2013,-0.46437026647731583,0.7167089922049338,tavg_cwb
wheat,IN,IN-18-0629,2014,-0.9061449118874592,1.0248609773776345,tavg_cwb
wheat,IN,IN-18-0629,2015,-0.6641342166711729,1.406822639836253,tavg_cwb
wheat,IN,IN-18-0629,2016,-0.16583905442481106,0.20002550188640952,tavg_cwb
wheat,IN,IN-18-0629,2017,-0.28595842210638067,0.980259087678924,tavg_cwb
wheat,IN,IN-18-0631,2003,-2.3438560376826296,1.7704314725209593,tavg_cwb
wheat,IN,IN-18-0631,2004,-2.34531971463407,1.6821879211795177,tavg_cwb
wheat,IN,IN-18-0631,2005,-2.363644267003606,1.7229188769911576,tavg_cwb
wheat,IN,IN-18-0631,2006,-2.331217370519034,1.8710113965313242,tavg_cwb
wheat,IN,IN-18-0631,2007,-2.295826846311524,1.894024596421153,tavg_cwb
wheat,IN,IN-18-0631,2008,-2.4387151359862633,2.1157262478167964,tavg_cwb
wheat,IN,IN-18-0631,2009,-2.2590517172504314,1.7598703458249432,tavg_cwb
wheat,IN,IN-18-0631,2010,-2.246907886003678,1.4559619474474619,tavg_cwb
wheat,IN,IN-18-0631,2011,-2.234501884251453,2.3173475785080053,tavg_cwb
wheat,IN,IN-18-0631,2012,-2.4048115552713316,1.9950642109362886,tavg_cwb
wheat,IN,IN-18-0631,2013,-2.45139403938788,2.1151787782350038,tavg_cwb
wheat,IN,IN-18-0631,2014,-2.451465905575311,2.3019546672196523,tavg_cwb
wheat,IN,IN-18-0631,2015,-2.4918841178082354,2.006932828354746,tavg_cwb
wheat,IN,IN-18-0631,2016,-2.2392299274289087,2.039543075624847,tavg_cwb
wheat,IN,IN-18-0631,2017,-2.080745277473346,1.8922903585864754,tavg_cwb
wheat,IN,IN-18-0633,2003,-1.068581804913114,0.30299106942276777,tavg_cwb
wheat,IN,IN-18-0633,2004,-0.5427077238286431,-0.07466830087506601,tavg_cwb
wheat,IN,IN-18-0633,2005,-1.0906028935572365,0.606895181411698,tavg_cwb
wheat,IN,IN-18-0633,2006,-0.4883922193113804,-0.04724741210836798,tavg_cwb
wheat,IN,IN-18-0633,2007,-0.6498246562994557,0.1287110073974234,tavg_cwb
wheat,IN,IN-18-0633,2008,-0.9708703615922596,0.18175289121904242,tavg_cwb
wheat,IN,IN-18-0633,2009,-0.5679598463838763,-0.1680926304899612,tavg_cwb
wheat,IN,IN-18-0633,2010,-0.43755567568039166,-0.1586700927712905,tavg_cwb
wheat,IN,IN-18-0633,2011,-1.1844416757368008,0.4434522282171703,tavg_cwb
wheat,IN,IN-18-0633,2012,-1.1857462860691577,0.13634753393344262,tavg_cwb
wheat,IN,IN-18-0633,2013,-1.1193443811414305,0.6955352947878943,tavg_cwb
wheat,IN,IN-18-0633,2014,-1.413850458418492,0.8006182749348273,tavg_cwb
wheat,IN,IN-18-0633,2015,-1.0560593671681269,0.7733796905151382,tavg_cwb
wheat,IN,IN-18-0633,2016,-0.5384409877678833,-0.12285162916278065,tavg_cwb
wheat,IN,IN-18-0633,2017,-0.49509709849839945,0.18090966493404467,tavg_cwb
wheat,IN,IN-18-0634,2003,-1.452089761803391,1.3542826364092226,tavg_cwb
wheat,IN,IN-18-0634,2004,-1.3435101448009548,1.3248525063559342,tavg_cwb
wheat,IN,IN-18-0634,2005,-1.4438933088016885,1.2788846712063342,tavg_cwb
wheat,IN,IN-18-0634,2006,-1.4623140405199622,1.3443635925764477,tavg_cwb
wheat,IN,IN-18-0634,2007,-1.3065485058921158,1.4841318582197434,tavg_cwb
wheat,IN,IN-18-0634,2008,-1.4775173549798277,1.5567558271488706,tavg_cwb
wheat,IN,IN-18-0634,2009,-1.3990760711331753,1.6251372200271503,tavg_cwb
wheat,IN,IN-18-0634,2010,-1.1948224292067877,1.236048505926399,tavg_cwb
wheat,IN,IN-18-0634,2011,-1.273387867123529,1.9082108762471628,tavg_cwb
wheat,IN,IN-18-0634,2012,-1.501799159305302,1.49752845342,tavg_cwb
wheat,IN,IN-18-0634,2013,-1.5111770297838771,1.7368906329058251,tavg_cwb
wheat,IN,IN-18-0634,2014,-1.5597198148718818,1.9129632972483603,tavg_cwb
wheat,IN,IN-18-0634,2015,-1.5734864336108583,1.6131814524966683,tavg_cwb
wheat,IN,IN-18-0634,2016,-1.3248975939337286,1.7032795066446949,tavg_cwb
wheat,IN,IN-18-0634,2017,-1.1485632777687291,1.3412031499206305,tavg_cwb
wheat,IN,IN-18-0635,2003,-2.508895390332443,1.6643190808641268,tavg_cwb
wheat,IN,IN-18-0635,2004,-2.387016529059398,1.7114726486800764,tavg_cwb
wheat,IN,IN-18-0635,2005,-2.5035889662991053,1.4540318352409796,tavg_cwb
wheat,IN,IN-18-0635,2006,-2.4773600532882285,1.580220803601522,tavg_cwb
wheat,IN,IN-18-0635,2007,-2.3023029790003804,1.7942625720369658,tavg_cwb
wheat,IN,IN-18-0635,2008,-2.5370487249283515,1.960051966684496,tavg_cwb
wheat,IN,IN-18-0635,2009,-2.3299262759082415,1.686861173526423,tavg_cwb
wheat,IN,IN-18-0635,2010,-2.1746625211762796,1.3598186390591551,tavg_cwb
wheat,IN,IN-18-0635,2011,-2.2856721447571373,2.124346351283643,tavg_cwb
wheat,IN,IN-18-0635,2012,-2.525224185848198,1.8884640532484818,tavg_cwb
wheat,IN,IN-18-0635,2013,-2.5801438930749585,2.0018897121763,tavg_cwb
wheat,IN,IN-18-0635,2014,-2.583056289163593,2.0308421892466386,tavg_cwb
wheat,IN,IN-18-0635,2015,-2.616290247675064,1.9632462519940097,tavg_cwb
wheat,IN,IN-18-0635,2016,-2.3399414380374455,1.8836664621096904,tavg_cwb
wheat,IN,IN-18-0635,2017,-2.1784578283531393,1.7642808499304317,tavg_cwb
wheat,IN,IN-18-0636,2003,-1.113261730585627,0.6058081484224982,tavg_cwb
wheat,IN,IN-18-0636,2004,-0.5786742068139471,0.04628967190681463,tavg_cwb
wheat,IN,IN-18-0636,2005,-0.8873215618423418,0.30764229735323956,tavg_cwb
wheat,IN,IN-18-0636,2006,-0.5702128139910033,0.16005869259356767,tavg_cwb
wheat,IN,IN-18-0636,2007,-0.8565487455522609,0.5119322191540352,tavg_cwb
wheat,IN,IN-18-0636,2008,-0.9944009548714733,0.09182365970453857,tavg_cwb
wheat,IN,IN-18-0636,2009,-0.4871557380459359,-0.22695714978770384,tavg_cwb
wheat,IN,IN-18-0636,2010,-0.36188820295908014,-0.03519081259843199,tavg_cwb
wheat,IN,IN-18-0636,2011,-0.8908970651775144,0.21096824097198397,tavg_cwb
wheat,IN,IN-18-0636,2012,-1.0038078835509208,-0.042386560267786345,tavg_cwb
wheat,IN,IN-18-0636,2013,-0.8510601286973358,0.42856263011678974,tavg_cwb
wheat,IN,IN-18-0636,2014,-1.160476256414009,0.4878623699235931,tavg_cwb
wheat,IN,IN-18-0636,2015,-0.9554794703598956,0.9475959040134193,tavg_cwb
wheat,IN,IN-18-0636,2016,-0.5850577269376968,-0.03705496555880168,tavg_cwb
wheat,IN,IN-18-0636,2017,-0.5640162279027064,0.21690472340478198,tavg_cwb
wheat,IN,IN-18-0637,2003,-0.7964937826315545,0.5930114217776387,tavg_cwb
wheat,IN,IN-18-0637,2004,-0.2824793056619181,0.13046896913232217,tavg_cwb
wheat,IN,IN-18-0637,2005,-0.8866366873107461,0.8195949678185988,tavg_cwb
wheat,IN,IN-18-0637,2006,-0.3186070547267439,0.2301274027207112,tavg_cwb
wheat,IN,IN-18-0637,2007,-0.5647895119575626,0.85645710968466,tavg_cwb
wheat,IN,IN-18-0637,2008,-0.7338807878320436,0.36115607744516043,tavg_cwb
wheat,IN,IN-18-0637,2009,-0.36002944630775363,0.1334405959133567,tavg_cwb
wheat,IN,IN-18-0637,2010,-0.11116556931458699,-0.12401459897186151,tavg_cwb
wheat,IN,IN-18-0637,2011,-0.8699304485650227,0.9535053540987377,tavg_cwb
wheat,IN,IN-18-0637,2012,-0.9233316666394821,0.3615257366687647,tavg_cwb
wheat,IN,IN-18-0637,2013,-0.7115768163680107,0.6689085464706095,tavg_cwb
wheat,IN,IN-18-0637,2014,-1.13472073918521,0.9346188717812383,tavg_cwb
wheat,IN,IN-18-0637,2015,-0.7799707548205783,1.0279366620456443,tavg_cwb
wheat,IN,IN-18-0637,2016,-0.3022705270952944,0.003272334298381865,tavg_cwb
wheat,IN,IN-18-0637,2017,-0.39958379354196927,0.750556065102434,tavg_cwb
wheat,IN,IN-19-0654,2016,0.5634186335568435,3.3457026969513968,tavg_cwb
wheat,IN,IN-19-0654,2017,0.47143960423938136,2.998239790687034,tavg_cwb
wheat,IN,IN-20-0056,2003,1.2617170181926294,-0.5474775814819619,tavg_cwb
wheat,IN,IN-20-0056,2004,1.0369221351224553,-0.5047128064152206,tavg_cwb
wheat,IN,IN-20-0056,2005,1.0215829798682765,-0.3282012275248466,tavg_cwb
wheat,IN,IN-20-0056,2006,0.8494272879599581,-0.4157495641805384,tavg_cwb
wheat,IN,IN-20-0056,2007,1.2571477637939246,-0.6670313002308959,tavg_cwb
wheat,IN,IN-20-0056,2008,1.022823239605417,-0.26358729292689914,tavg_cwb
wheat,IN,IN-20-0056,2009,1.3899660059627679,-0.5394507041840575,tavg_cwb
wheat,IN,IN-20-0056,2010,1.4517840136646238,-0.5713949094927284,tavg_cwb
wheat,IN,IN-20-0056,2011,1.2521588839912856,-0.643591331141197,tavg_cwb
wheat,IN,IN-20-0056,2012,1.3996442620823035,-0.782196609036494,tavg_cwb
wheat,IN,IN-20-0056,2013,1.3758219575744997,-0.6038456292090381,tavg_cwb
wheat,IN,IN-20-0056,2014,0.9906390072336866,-0.22294594202629048,tavg_cwb
wheat,IN,IN-20-0056,2015,1.0287990161914744,-0.4017448410755422,tavg_cwb
wheat,IN,IN-20-0056,2016,1.9132528051294284,-0.7203835669538842,tavg_cwb
wheat,IN,IN-20-0056,2017,1.2464887791123669,-0.6642824660092094,tavg_cwb
wheat,IN,IN-20-0057,2003,1.0832057924115643,-0.564694654980535,tavg_cwb
wheat,IN,IN-20-0057,2004,0.7528174345144409,-0.45844155192425134,tavg_cwb
wheat,IN,IN-20-0057,2005,0.8654585325594184,-0.34251612142768084,tavg_cwb
wheat,IN,IN-20-0057,2006,0.6190496135259287,-0.3775802908860707,tavg_cwb
wheat,IN,IN-20-0057,2007,0.952169790658727,-0.6654528798568528,tavg_cwb
wheat,IN,IN-20-0057,2008,0.8366688908440866,-0.2643101919162015,tavg_cwb
wheat,IN,IN-20-0057,2009,1.1638303267377486,-0.5460586732407159,tavg_cwb
wheat,IN,IN-20-0057,2010,1.2121153064116943,-0.6010961503224033,tavg_cwb
wheat,IN,IN-20-0057,2011,0.9378714435607906,-0.6324040229217119,tavg_cwb
wheat,IN,IN-20-0057,2012,1.148636385509171,-0.7953535244347596,tavg_cwb
wheat,IN,IN-20-0057,2013,1.1095432328104704,-0.6006817023328908,tavg_cwb
wheat,IN,IN-20-0057,2014,0.7627662661721766,-0.38559876731283643,tavg_cwb
wheat,IN,IN-20-0057,2015,0.7953054425696919,-0.4738152726498532,tavg_cwb
wheat,IN,IN-20-0057,2016,1.6930929166367878,-0.7519880917495413,tavg_cwb
wheat,IN,IN-20-0057,2017,1.0363704054246439,-0.6564471007051423,tavg_cwb
wheat,IN,IN-20-0058,2003,1.782805093775351,-0.8653686531738217,tavg_cwb
wheat,IN,IN-20-0058,2004,1.452841151703357,-0.793001131557256,tavg_cwb
wheat,IN,IN-20-0058,2005,1.5096152142190593,-0.7538327401755154,tavg_cwb
wheat,IN,IN-20-0058,2006,1.4886116717707676,-0.8031370337276517,tavg_cwb
wheat,IN,IN-20-0058,2007,1.537546532097349,-0.8786158229965165,tavg_cwb
wheat,IN,IN-20-0058,2008,1.2152001577033988,-0.2601440649994503,tavg_cwb
wheat,IN,IN-20-0058,2009,1.6182018567089076,-0.7217755969790701,tavg_cwb
wheat,IN,IN-20-0058,2010,1.709205584704828,-0.7737601500337983,tavg_cwb
wheat,IN,IN-20-0058,2011,1.3489044944626405,-0.8157920287403919,tavg_cwb
wheat,IN,IN-20-0058,2012,1.5716678117839966,-0.8894159635780796,tavg_cwb
wheat,IN,IN-20-0058,2013,1.8181436747578552,-0.9204446231270963,tavg_cwb
wheat,IN,IN-20-0058,2017,1.5311680137915331,-0.8539342971048848,tavg_cwb
wheat,IN,IN-20-0059,2016,2.068555357864458,-0.6057212917911662,tavg_cwb
wheat,IN,IN-20-0060,2003,1.4712791232544333,-0.5797693793922499,tavg_cwb
wheat,IN,IN-20-0060,2004,1.1146451707284648,-0.3883576829195449,tavg_cwb
wheat,IN,IN-20-0060,2005,1.340372997952856,-0.4585679966987744,tavg_cwb
wheat,IN,IN-20-0060,2006,1.0684745930569925,-0.48986568521422114,tavg_cwb
wheat,IN,IN-20-0060,2007,1.314866420392879,-0.637871093035659,tavg_cwb
wheat,IN,IN-20-0060,2010,1.526080108471595,-0.5027883947647948,tavg_cwb
wheat,IN,IN-20-0062,2003,1.5228264952020196,-0.5889260906224622,tavg_cwb
wheat,IN,IN-20-0062,2004,1.2275166606874988,-0.48611732008593755,tavg_cwb
wheat,IN,IN-20-0062,2005,1.5649821689807284,-0.6043168190710193,tavg_cwb
wheat,IN,IN-20-0062,2006,1.202812838389863,-0.5685753124721303,tavg_cwb
wheat,IN,IN-20-0062,2007,1.4881481067953246,-0.7389399535963863,tavg_cwb
wheat,IN,IN-20-0062,2008,1.2398367433239545,-0.0018528170820012089,tavg_cwb
wheat,IN,IN-20-0062,2010,1.676866701711224,-0.7027379730151956,tavg_cwb
wheat,IN,IN-20-0062,2011,1.3355720118553738,-0.5954887498149815,tavg_cwb
wheat,IN,IN-20-0062,2012,1.592638664577112,-0.8200069983016601,tavg_cwb
wheat,IN,IN-20-0063,2003,1.2234054778389951,-0.5185571129799722,tavg_cwb
wheat,IN,IN-20-0063,2004,1.0578127455110142,-0.49785484967740423,tavg_cwb
wheat,IN,IN-20-0063,2005,1.0375204703893697,-0.24018487392707594,tavg_cwb
wheat,IN,IN-20-0063,2006,0.9678577277270679,-0.49855352955278204,tavg_cwb
wheat,IN,IN-20-0063,2007,1.250962292245924,-0.657370692949915,tavg_cwb
wheat,IN,IN-20-0063,2008,1.0812994054315652,-0.3641454187478087,tavg_cwb
wheat,IN,IN-20-0063,2009,1.4434779586239215,-0.5605992215240555,tavg_cwb
wheat,IN,IN-20-0063,2010,1.3366386379816229,-0.5512642797570801,tavg_cwb
wheat,IN,IN-20-0063,2011,1.071612816876764,-0.5680188296751035,tavg_cwb
wheat,IN,IN-20-0063,2012,1.3618286426606023,-0.7869912978107736,tavg_cwb
wheat,IN,IN-20-0063,2013,1.2209612757418966,-0.5550381447989897,tavg_cwb
wheat,IN,IN-20-0063,2014,0.7591560205028604,-0.11836842416153047,tavg_cwb
wheat,IN,IN-20-0063,2015,0.9476044440252724,-0.2851188738283922,tavg_cwb
wheat,IN,IN-20-0063,2016,1.7057174304674072,-0.6520118527234663,tavg_cwb
wheat,IN,IN-20-0063,2017,1.1932165695215897,-0.6670555827873682,tavg_cwb
wheat,IN,IN-20-0520,2003,1.2838047231082297,-0.7183496976347346,tavg_cwb
wheat,IN,IN-20-0520,2004,1.0040232654261336,-0.6560012394649779,tavg_cwb
wheat,IN,IN-20-0520,2005,1.1605237383569809,-0.6797818541881666,tavg_cwb
wheat,IN,IN-20-0520,2006,0.9219502700317272,-0.6233857912815478,tavg_cwb
wheat,IN,IN-20-0520,2007,1.1375389119758172,-0.8183693821675042,tavg_cwb
wheat,IN,IN-20-0520,2008,0.9377533249408303,-0.255437490433844,tavg_cwb
wheat,IN,IN-20-0520,2009,1.252081140814299,-0.6323350067194007,tavg_cwb
wheat,IN,IN-20-0520,2010,1.3434423559700834,-0.7292685822642352,tavg_cwb
wheat,IN,IN-20-0520,2011,0.8676141357982188,-0.646386972762814,tavg_cwb
wheat,IN,IN-20-0520,2012,1.256548498952787,-0.9132166403295394,tavg_cwb
wheat,IN,IN-20-0520,2013,1.3546981708087678,-0.8327088276986068,tavg_cwb
wheat,IN,IN-20-0520,2014,0.9108376526334968,-0.6499416729036507,tavg_cwb
wheat,IN,IN-20-0520,2015,0.8656287909815981,-0.4653428407192995,tavg_cwb
wheat,IN,IN-20-0520,2016,1.7736970100286238,-0.8660539348339894,tavg_cwb
wheat,IN,IN-20-0520,2017,1.0992711547823926,-0.7848595007062957,tavg_cwb
wheat,IN,IN-20-2101,2016,1.928842338777387,-0.6544645945757005,tavg_cwb
wheat,IN,IN-20-2101,2017,1.5824011386803796,-0.7486046922407656,tavg_cwb
wheat,IN,IN-20-2102,2016,2.0063266982783423,-0.6481488834332702,tavg_cwb
wheat,IN,IN-20-2103,2016,1.6678124217740014,-0.6518120757926995,tavg_cwb
wheat,IN,IN-20-2103,2017,1.0865616906250513,-0.6462744174906503,tavg_cwb
wheat,IN,IN-20-2111,2016,1.7378915947975084,-0.7912419862442317,tavg_cwb
wheat,IN,IN-20-2111,2017,1.0507061265665234,-0.7256149504244336,tavg_cwb
wheat,IN,IN-20-2112,2016,1.766319674792289,-0.8363896858866601,tavg_cwb
wheat,IN,IN-20-2112,2017,1.1564922514248819,-0.7396665345308534,tavg_cwb
wheat,IN,IN-20-2114,2016,1.9778060326693008,-0.7221762524495565,tavg_cwb
wheat,IN,IN-20-2115,2016,1.9494847191146896,-0.7248652138775267,tavg_cwb
wheat,IN,IN-20-2115,2017,1.1719534456687295,-0.6476472359050308,tavg_cwb
wheat,IN,IN-20-2116,2016,1.7137994628437065,-0.8487318830941408,tavg_cwb
wheat,IN,IN-20-2117,2016,1.924297995686566,-0.8712149196357377,tavg_cwb
wheat,IN,IN-20-2117,2017,1.2655036841643499,-0.8112724311810795,tavg_cwb
