crop_name,country_code,adm_id,harvest_year,x,y,pair
wheat,IN,IN-01-0047,2017,-0.11340804192688285,1.3451247070555088,ssm_fpar
wheat,IN,IN-01-0049,2010,0.5033486966287761,1.4372671654025482,ssm_fpar
wheat,IN,IN-01-0051,2003,-1.0532017334695523,-0.7231233593010004,ssm_fpar
wheat,IN,IN-01-0051,2004,-1.1019214427787394,-0.7023359201388688,ssm_fpar
wheat,IN,IN-01-0051,2005,-1.1044309531007337,-0.4456275444541364,ssm_fpar
wheat,IN,IN-01-0051,2006,0.49417996911475587,-0.13927861740163347,ssm_fpar
wheat,IN,IN-01-0051,2007,-0.007142716451495572,-0.4588809117506274,ssm_fpar
wheat,IN,IN-01-0051,2008,0.7993680952379788,-0.11956049095360302,ssm_fpar
wheat,IN,IN-01-0051,2009,0.31458927665802616,-0.1695004498813218,ssm_fpar
wheat,IN,IN-01-0051,2010,0.49285618078877064,-0.013918505158750578,ssm_fpar
wheat,IN,IN-01-0051,2011,0.7982524133737152,0.1363902002937088,ssm_fpar
wheat,IN,IN-01-0051,2012,-0.36213187501309463,-0.4255489068624948,ssm_fpar
wheat,IN,IN-01-0051,2013,-0.7359375872213276,-0.15895397134110853,ssm_fpar
wheat,IN,IN-01-0051,2014,0.23634762450460742,0.1212487322620332,ssm_fpar
wheat,IN,IN-01-0051,2015,-0.28170450829050064,0.12025274384832725,ssm_fpar
wheat,IN,IN-01-0051,2016,-0.5728338867770263,-0.2911760160293292,ssm_fpar
wheat,IN,IN-01-0051,2017,-0.6691815842970916,-0.13888144410782405,ssm_fpar
wheat,IN,IN-01-0052,2003,-1.2527581623857602,-1.1116810478136294,ssm_fpar
wheat,IN,IN-01-0052,2004,-1.4185348114127838,-1.0726423755685965,ssm_fpar
wheat,IN,IN-01-0052,2005,-1.2078770266467926,-1.2629796313214188,ssm_fpar
wheat,IN,IN-01-0052,2006,0.5406810385260685,-0.6881659990874338,ssm_fpar
wheat,IN,IN-01-0052,2007,-0.16843655757340945,-1.0508402095604326,ssm_fpar
wheat,IN,IN-01-0052,2008,0.829128308074934,-0.6620719173627952,ssm_fpar
wheat,IN,IN-01-0052,2009,0.29191571469627775,-0.9160518143583688,ssm_fpar
wheat,IN,IN-01-0052,2010,0.5540052525001556,-0.6815607016934702,ssm_fpar
wheat,IN,IN-01-0052,2011,0.7781507439296939,-0.522068127616471,ssm_fpar
wheat,IN,IN-01-0052,2012,-0.15981535187237106,-0.8585745247072081,ssm_fpar
wheat,IN,IN-01-0052,2013,-1.0143996784141551,-0.7062404391349403,ssm_fpar
wheat,IN,IN-01-0052,2015,-0.5210626124972314,-0.8365804934463424,ssm_fpar
wheat,IN,IN-01-0052,2017,-0.9826654832601556,-1.1543191284936172,ssm_fpar
wheat,IN,IN-01-0053,2003,-0.6084518857751745,-0.7755685651588994,ssm_fpar
wheat,IN,IN-01-0053,2005,-0.13544493239640606,-0.7824060561707823,ssm_fpar
wheat,IN,IN-01-0053,2006,1.1748504205848957,-0.05824304474784551,ssm_fpar
wheat,IN,IN-01-0053,2007,0.6197381372556944,-0.6316329634824844,ssm_fpar
wheat,IN,IN-01-0053,2008,1.2212190085961578,-0.15691311164675703,ssm_fpar
wheat,IN,IN-01-0053,2009,0.726534217478297,-0.251556452382281,ssm_fpar
wheat,IN,IN-01-0053,2010,0.8685610467027198,-0.35822497838267087,ssm_fpar
wheat,IN,IN-01-0053,2011,1.2014263392259843,0.15364585232012276,ssm_fpar
wheat,IN,IN-01-0053,2013,0.05537981041473183,-0.3185015386433947,ssm_fpar
wheat,IN,IN-01-0053,2014,0.45264191226103573,-0.20777573468778587,ssm_fpar
wheat,IN,IN-01-0053,2016,0.5802511064757825,-0.03555528413379705,ssm_fpar
wheat,IN,IN-01-0053,2017,-0.34333066874044704,-0.9309122059051855,ssm_fpar
wheat,IN,IN-01-0503,2017,-0.6148289229124798,0.07698488889937359,ssm_fpar
wheat,IN,IN-02-0902,2003,-0.1108178872430532,0.53370027212469,ssm_fpar
wheat,IN,IN-02-0902,2004,0.9572098536335523,0.18773554164567524,ssm_fpar
wheat,IN,IN-02-0902,2005,0.25581320924637807,0.33855234689766917,ssm_fpar
wheat,IN,IN-02-0902,2006,0.06187217395911228,0.17480978356312507,ssm_fpar
wheat,IN,IN-02-0902,2007,0.11807891349428389,0.7017520481901696,ssm_fpar
wheat,IN,IN-02-0902,2008,0.34663910762403505,0.6121447394794588,ssm_fpar
wheat,IN,IN-02-0902,2009,0.08326464999558147,0.6417314080407638,ssm_fpar
wheat,IN,IN-02-0902,2010,-0.3582173850089899,0.35748129706131526,ssm_fpar
wheat,IN,IN-02-0902,2011,-0.4778747777580969,0.6730916472868469,ssm_fpar
wheat,IN,IN-02-0902,2012,-0.1600471676901175,0.6722217829368589,ssm_fpar
wheat,IN,IN-02-0902,2013,-0.4999093129502822,0.8888982241227409,ssm_fpar
wheat,IN,IN-02-0902,2014,0.04297625641451745,0.9894239598547423,ssm_fpar
wheat,IN,IN-02-0902,2015,-0.1348550040639879,0.9336824506720154,ssm_fpar
wheat,IN,IN-02-0902,2016,-0.6167798737507552,0.532139780603456,ssm_fpar
wheat,IN,IN-02-0902,2017,-0.3371604407363307,1.0726677220165914,ssm_fpar
wheat,IN,IN-02-0903,2003,-0.08708555987449636,0.5091685933667182,ssm_fpar
wheat,IN,IN-02-0903,2004,0.9076348345093345,-0.020383264310289313,ssm_fpar
wheat,IN,IN-02-0903,2005,0.2750233111911961,0.3806292146631,ssm_fpar
wheat,IN,IN-02-0903,2006,0.05365193291762016,0.004757570174038297,ssm_fpar
wheat,IN,IN-02-0903,2007,0.08117794338090079,0.5977142664802473,ssm_fpar
wheat,IN,IN-02-0903,2008,0.3012863209690377,0.5133349177173989,ssm_fpar
wheat,IN,IN-02-0903,2009,0.002407057847779146,0.4699870954117792,ssm_fpar
wheat,IN,IN-02-0903,2010,-0.3745716006234234,0.5291955279260342,ssm_fpar
wheat,IN,IN-02-0903,2011,-0.4986558646083491,0.6551704362260733,ssm_fpar
wheat,IN,IN-02-0903,2012,-0.20262127808126396,0.41803588852641843,ssm_fpar
wheat,IN,IN-02-0903,2013,-0.5780815095928148,0.8658330313726894,ssm_fpar
wheat,IN,IN-02-0903,2014,-0.10091391574591865,0.8151076563811143,ssm_fpar
wheat,IN,IN-02-0903,2015,-0.15677782934849868,0.9672236178272994,ssm_fpar
wheat,IN,IN-02-0903,2016,-0.6205181065325907,0.6478605675097218,ssm_fpar
wheat,IN,IN-02-0903,2017,-0.39109014608401904,1.0748260886026,ssm_fpar
wheat,IN,IN-02-0904,2003,-0.16105014623224148,0.002320947268584564,ssm_fpar
wheat,IN,IN-02-0904,2004,0.6565910256151081,-0.4822436319503736,ssm_fpar
wheat,IN,IN-02-0904,2005,0.14897098182849958,0.005359205459330464,ssm_fpar
wheat,IN,IN-02-0904,2006,-0.1279341588842895,-0.43536120234363085,ssm_fpar
wheat,IN,IN-02-0904,2007,-0.07175613654902806,0.08676045955996407,ssm_fpar
wheat,IN,IN-02-0904,2008,0.1493232270026624,0.015353871636323527,ssm_fpar
wheat,IN,IN-02-0904,2009,-0.17070819842124826,-0.03847744551559306,ssm_fpar
wheat,IN,IN-02-0904,2010,-0.46978370668182307,-0.18774315979767991,ssm_fpar
wheat,IN,IN-02-0904,2011,-0.6127235692626531,0.17379452401918832,ssm_fpar
wheat,IN,IN-02-0904,2012,-0.3680530259801437,0.11898554952866494,ssm_fpar
wheat,IN,IN-02-0904,2013,-0.6830623300483811,0.12513727032082564,ssm_fpar
wheat,IN,IN-02-0904,2014,-0.3037623946686777,0.32368443490976934,ssm_fpar
wheat,IN,IN-02-0904,2015,-0.28682642601833974,0.5820115855340037,ssm_fpar
wheat,IN,IN-02-0904,2016,-0.6390572415854298,0.4933907080098161,ssm_fpar
wheat,IN,IN-02-0904,2017,-0.5013764172595712,0.868863769122371,ssm_fpar
wheat,IN,IN-02-0905,2003,0.1097437462187321,0.2467290148861131,ssm_fpar
wheat,IN,IN-02-0905,2004,1.091544846569619,-0.21349503011864676,ssm_fpar
wheat,IN,IN-02-0905,2005,0.7274552257197023,0.1851773382763173,ssm_fpar
wheat,IN,IN-02-0905,2006,0.21527347315926262,-0.04441734055105133,ssm_fpar
wheat,IN,IN-02-0905,2007,0.2920931794839939,0.47303224734016786,ssm_fpar
wheat,IN,IN-02-0905,2008,0.5957962347733912,0.4997956169845344,ssm_fpar
wheat,IN,IN-02-0905,2009,0.2976123800644971,0.4260232236421511,ssm_fpar
wheat,IN,IN-02-0905,2010,-0.11958032542877971,0.36894432935647314,ssm_fpar
wheat,IN,IN-02-0905,2011,-0.3055426217534521,0.35483347510258206,ssm_fpar
wheat,IN,IN-02-0905,2012,-0.02269327911290182,0.655626049614005,ssm_fpar
wheat,IN,IN-02-0905,2013,-0.27392468995865615,0.7128352982114946,ssm_fpar
wheat,IN,IN-02-0905,2014,0.0011798077970934817,1.1395094022130539,ssm_fpar
wheat,IN,IN-02-0905,2015,0.07257651022772464,1.5259610538754207,ssm_fpar
wheat,IN,IN-02-0905,2016,-0.22397500504264772,1.6136569171484685,ssm_fpar
wheat,IN,IN-02-0905,2017,-0.06268191670704427,2.0114656882276565,ssm_fpar
wheat,IN,IN-02-0906,2003,-0.3809782274165294,0.48484748695860563,ssm_fpar
wheat,IN,IN-02-0906,2004,0.48123449855653516,0.5249051162977644,ssm_fpar
wheat,IN,IN-02-0906,2005,-0.14376075475216135,0.15197020404505038,ssm_fpar
wheat,IN,IN-02-0906,2006,-0.36484313224235204,0.27127448111936975,ssm_fpar
wheat,IN,IN-02-0906,2007,-0.24695489131125645,0.6831840791977004,ssm_fpar
wheat,IN,IN-02-0906,2008,-0.1781291823546954,0.6982193209993196,ssm_fpar
wheat,IN,IN-02-0906,2009,-0.30784627678526977,0.46336910727351743,ssm_fpar
wheat,IN,IN-02-0906,2010,-0.6577369760490472,0.4007915171616058,ssm_fpar
wheat,IN,IN-02-0906,2011,-0.7464611774336742,0.6792132863147413,ssm_fpar
wheat,IN,IN-02-0906,2012,-0.4287974851428072,0.7690505951813966,ssm_fpar
wheat,IN,IN-02-0906,2013,-0.7284178744662372,0.8502506774835082,ssm_fpar
wheat,IN,IN-02-0906,2014,-0.16246107808063281,0.897817467227266,ssm_fpar
wheat,IN,IN-02-0906,2015,-0.4372155302573303,0.7165973988548584,ssm_fpar
wheat,IN,IN-02-0906,2016,-0.982914236525872,0.3285589341275185,ssm_fpar
wheat,IN,IN-02-0906,2017,-0.6047743748288179,0.9904843420450816,ssm_fpar
wheat,IN,IN-02-0907,2003,-0.5205286399158698,0.050790189940299664,ssm_fpar
wheat,IN,IN-02-0907,2004,0.43607780114748046,-0.013091569993181939,ssm_fpar
wheat,IN,IN-02-0907,2005,-0.1536531248450901,-0.2701371121190483,ssm_fpar
wheat,IN,IN-02-0907,2006,-0.3644396729050264,-0.32984189374367,ssm_fpar
wheat,IN,IN-02-0907,2007,-0.24203967360681325,0.4323172061111443,ssm_fpar
wheat,IN,IN-02-0907,2008,-0.11487763323686458,0.40496285513965563,ssm_fpar
wheat,IN,IN-02-0907,2009,-0.3637061011676953,-0.0909475628345232,ssm_fpar
wheat,IN,IN-02-0907,2010,-0.662130827974906,0.12168538787143517,ssm_fpar
wheat,IN,IN-02-0907,2011,-0.8152226765545442,-0.0262642492240692,ssm_fpar
wheat,IN,IN-02-0907,2012,-0.4503471764531043,0.28403478949846456,ssm_fpar
wheat,IN,IN-02-0907,2013,-0.7356623543415038,0.43491175827898976,ssm_fpar
wheat,IN,IN-02-0907,2014,-0.20184493821040098,0.5246607019631122,ssm_fpar
wheat,IN,IN-02-0907,2015,-0.42286299281941175,0.31755527544081064,ssm_fpar
wheat,IN,IN-02-0907,2016,-0.8732150105559141,0.13988736206534788,ssm_fpar
wheat,IN,IN-02-0907,2017,-0.5871616434226548,0.3601886558451498,ssm_fpar
wheat,IN,IN-02-0908,2003,-0.3668444767780525,-0.6103693863953576,ssm_fpar
wheat,IN,IN-02-0908,2004,0.6362632684827254,-0.6280198615777408,ssm_fpar
wheat,IN,IN-02-0908,2005,0.09548588437482293,-0.6114523299088892,ssm_fpar
wheat,IN,IN-02-0908,2006,-0.14860904952925377,-0.7640270382601125,ssm_fpar
wheat,IN,IN-02-0908,2007,-0.06649393940205427,-0.2460416189429223,ssm_fpar
wheat,IN,IN-02-0908,2008,0.14056718044514305,-0.20501761292675813,ssm_fpar
wheat,IN,IN-02-0908,2009,-0.20118079598377853,-0.44000883492255105,ssm_fpar
wheat,IN,IN-02-0908,2010,-0.5001229689176554,-0.2769055090786381,ssm_fpar
wheat,IN,IN-02-0908,2011,-0.7074404759256925,-0.1736197714753457,ssm_fpar
wheat,IN,IN-02-0908,2012,-0.37957827212554146,-0.13013658123052582,ssm_fpar
wheat,IN,IN-02-0908,2013,-0.6110695952960731,0.06996731465912528,ssm_fpar
wheat,IN,IN-02-0908,2014,-0.22897218072399037,0.0507225059707048,ssm_fpar
wheat,IN,IN-02-0908,2015,-0.28536311237942547,0.13391362504508697,ssm_fpar
wheat,IN,IN-02-0908,2016,-0.663356127990969,-0.02760288773385367,ssm_fpar
wheat,IN,IN-02-0908,2017,-0.4954947171778482,0.22015052275129743,ssm_fpar
wheat,IN,IN-02-0909,2003,-0.1735920452761071,0.06498251563907183,ssm_fpar
wheat,IN,IN-02-0909,2004,0.7829071894281593,0.09248283153489048,ssm_fpar
wheat,IN,IN-02-0909,2005,0.35563783052715386,0.062183658155598696,ssm_fpar
wheat,IN,IN-02-0909,2006,-0.04631192609388862,-0.18648724613961892,ssm_fpar
wheat,IN,IN-02-0909,2007,0.043013042910286875,0.25812687002537904,ssm_fpar
wheat,IN,IN-02-0909,2008,0.31571869327751967,0.544000541679548,ssm_fpar
wheat,IN,IN-02-0909,2009,0.0028500895912062195,0.09546913031462986,ssm_fpar
wheat,IN,IN-02-0909,2010,-0.36181498562819,0.47625851655757107,ssm_fpar
wheat,IN,IN-02-0909,2011,-0.5745292187101948,0.7672337819604791,ssm_fpar
wheat,IN,IN-02-0909,2012,-0.29496656553331163,0.87903482382618,ssm_fpar
wheat,IN,IN-02-0909,2013,-0.45081128839975515,0.9337952572880037,ssm_fpar
wheat,IN,IN-02-0909,2014,-0.19844615795850098,0.9519376946568061,ssm_fpar
wheat,IN,IN-02-0909,2015,-0.1869025555890465,1.1028553991597767,ssm_fpar
wheat,IN,IN-02-0909,2016,-0.4937240021240159,1.120978351749453,ssm_fpar
wheat,IN,IN-02-0909,2017,-0.33941538683133377,1.071389247035338,ssm_fpar
wheat,IN,IN-02-0912,2003,-0.6125708270544066,-0.4892514296172362,ssm_fpar
wheat,IN,IN-02-0912,2004,0.23022197226542934,-0.29007818830952536,ssm_fpar
wheat,IN,IN-02-0912,2005,-0.20332393143328856,-0.6032951581657426,ssm_fpar
wheat,IN,IN-02-0912,2006,-0.44262475673288704,-1.0044198170516991,ssm_fpar
wheat,IN,IN-02-0912,2007,-0.2821425595463558,-0.31069861100963797,ssm_fpar
wheat,IN,IN-02-0912,2008,-0.18434408400457902,-0.4099960080341584,ssm_fpar
wheat,IN,IN-02-0912,2009,-0.43090118329505656,-0.7482980357701307,ssm_fpar
wheat,IN,IN-02-0912,2010,-0.5810842802982896,-0.30587550147251324,ssm_fpar
wheat,IN,IN-02-0912,2011,-0.8000180587705554,-0.4045455683714248,ssm_fpar
wheat,IN,IN-02-0912,2012,-0.40389961264645646,-0.22787474014065467,ssm_fpar
wheat,IN,IN-02-0912,2013,-0.5497788588425081,-0.21653391501281352,ssm_fpar
wheat,IN,IN-02-0912,2014,-0.10181381433231063,0.3210717083426902,ssm_fpar
wheat,IN,IN-02-0912,2015,-0.36085047874411946,-0.15305951230375392,ssm_fpar
wheat,IN,IN-02-0912,2016,-0.7083099087537761,-0.5485707886372158,ssm_fpar
wheat,IN,IN-02-0912,2017,-0.46955272542422655,0.017834990484749257,ssm_fpar
wheat,IN,IN-02-0918,2003,-0.5319208601430852,0.09571354464929181,ssm_fpar
wheat,IN,IN-02-0918,2004,0.3452528189852424,-0.018582745378361677,ssm_fpar
wheat,IN,IN-02-0918,2005,-0.17515190607653122,-0.23868600087674738,ssm_fpar
wheat,IN,IN-02-0918,2006,-0.3804144130581767,-0.3451936207734948,ssm_fpar
wheat,IN,IN-02-0918,2007,-0.24355872231664472,0.5417941468221996,ssm_fpar
wheat,IN,IN-02-0918,2008,-0.12125763781814931,0.32523489917625487,ssm_fpar
wheat,IN,IN-02-0918,2009,-0.3837538723844962,0.12949160569816304,ssm_fpar
wheat,IN,IN-02-0918,2010,-0.6376211536753568,0.2934284470935773,ssm_fpar
wheat,IN,IN-02-0918,2011,-0.8087578878592117,0.12849765407057614,ssm_fpar
wheat,IN,IN-02-0918,2012,-0.45599945072223785,0.32358917598960274,ssm_fpar
wheat,IN,IN-02-0918,2013,-0.7023522113966706,0.4461874062509209,ssm_fpar
wheat,IN,IN-02-0918,2014,-0.20477705548751604,0.7861595986070098,ssm_fpar
wheat,IN,IN-02-0918,2015,-0.40678933786655236,0.4850655797495286,ssm_fpar
wheat,IN,IN-02-0918,2016,-0.798477814032214,0.13669368142589514,ssm_fpar
wheat,IN,IN-02-0918,2017,-0.5716141061643051,0.5408164894835928,ssm_fpar
wheat,IN,IN-02-0919,2003,-0.4556687926775008,-0.4881170964230795,ssm_fpar
wheat,IN,IN-02-0919,2004,0.2983883999512486,-0.19701335681862375,ssm_fpar
wheat,IN,IN-02-0919,2005,-0.09385328699525175,-0.5573803586428582,ssm_fpar
wheat,IN,IN-02-0919,2006,-0.3029005367997691,-0.8721408990279087,ssm_fpar
wheat,IN,IN-02-0919,2007,-0.14803528716820027,-0.30713768216479614,ssm_fpar
wheat,IN,IN-02-0919,2008,-0.04290298576221122,-0.3088980920777097,ssm_fpar
wheat,IN,IN-02-0919,2009,-0.3302207154674622,-0.5827844085645022,ssm_fpar
wheat,IN,IN-02-0919,2010,-0.48475539606648543,-0.3149138182272487,ssm_fpar
wheat,IN,IN-02-0919,2011,-0.7109240856032549,-0.18723176980517486,ssm_fpar
wheat,IN,IN-02-0919,2012,-0.348450802066197,-0.06754708375359199,ssm_fpar
wheat,IN,IN-02-0919,2013,-0.4923483030455692,-0.12108197018682004,ssm_fpar
wheat,IN,IN-02-0919,2014,-0.06985020334033093,0.23235619860174725,ssm_fpar
wheat,IN,IN-02-0919,2015,-0.24557941036787,-0.19869292199007849,ssm_fpar
wheat,IN,IN-02-0919,2016,-0.5592382402480695,-0.27200782183426603,ssm_fpar
wheat,IN,IN-02-0919,2017,-0.4147648303785955,-0.08790178420270395,ssm_fpar
wheat,IN,IN-02-0920,2003,-0.6724832176638788,-0.46432116748275754,ssm_fpar
wheat,IN,IN-02-0920,2004,0.4215461431379702,-0.42746348581727345,ssm_fpar
wheat,IN,IN-02-0920,2005,-0.17959617361850508,-0.7061039744647535,ssm_fpar
wheat,IN,IN-02-0920,2006,-0.47767484861227544,-1.065441929269756,ssm_fpar
wheat,IN,IN-02-0920,2007,-0.31855812784369064,-0.4209702116600223,ssm_fpar
wheat,IN,IN-02-0920,2008,-0.22457798966168507,-0.5096600265606569,ssm_fpar
wheat,IN,IN-02-0920,2009,-0.4261907692953719,-1.162808453050528,ssm_fpar
wheat,IN,IN-02-0920,2010,-0.6207744936934386,-0.5012929091710725,ssm_fpar
wheat,IN,IN-02-0920,2011,-0.8558174234009804,-0.4570946503215511,ssm_fpar
wheat,IN,IN-02-0920,2012,-0.3671933478834601,-0.36183823696327855,ssm_fpar
wheat,IN,IN-02-0920,2013,-0.5301572891333456,-0.34249691594784004,ssm_fpar
wheat,IN,IN-02-0920,2014,0.010557524298384675,0.20307661471731056,ssm_fpar
wheat,IN,IN-02-0920,2015,-0.40652028961133446,-0.4320421810197466,ssm_fpar
wheat,IN,IN-02-0920,2016,-0.8284409721148702,-0.8186404812829039,ssm_fpar
wheat,IN,IN-02-0920,2017,-0.43859044597329433,-0.2699058585562704,ssm_fpar
wheat,IN,IN-02-0921,2003,-0.5239142128864629,0.2928581469793828,ssm_fpar
wheat,IN,IN-02-0921,2004,0.2808577822933165,0.40288972021907343,ssm_fpar
wheat,IN,IN-02-0921,2005,-0.24842210689970387,0.1180229330721958,ssm_fpar
wheat,IN,IN-02-0921,2006,-0.49455636176350387,0.132311771097986,ssm_fpar
wheat,IN,IN-02-0921,2007,-0.35924091576031336,0.6226896512611285,ssm_fpar
wheat,IN,IN-02-0921,2008,-0.31385304211388826,0.5478086195648969,ssm_fpar
wheat,IN,IN-02-0921,2009,-0.42547418897737743,0.3738683381445738,ssm_fpar
wheat,IN,IN-02-0921,2010,-0.7243627014738586,0.3866831697213989,ssm_fpar
wheat,IN,IN-02-0921,2011,-0.815622118771595,0.5754011178368152,ssm_fpar
wheat,IN,IN-02-0921,2012,-0.474010901121391,0.6567873310553112,ssm_fpar
wheat,IN,IN-02-0921,2013,-0.7220400778045796,0.9212812433538342,ssm_fpar
wheat,IN,IN-02-0921,2014,-0.19491928888470667,0.9900105542579065,ssm_fpar
wheat,IN,IN-02-0921,2015,-0.4969256438164034,0.7264266153283955,ssm_fpar
wheat,IN,IN-02-0921,2016,-1.0024308960190584,0.3191420885057836,ssm_fpar
wheat,IN,IN-02-0921,2017,-0.6472743991175874,0.9448954283017297,ssm_fpar
wheat,IN,IN-02-0922,2003,-0.5860116503924112,0.16120530567435956,ssm_fpar
wheat,IN,IN-02-0922,2004,0.24504506153624403,0.3092990845569611,ssm_fpar
wheat,IN,IN-02-0922,2005,-0.28002418061309087,0.07398323018847798,ssm_fpar
wheat,IN,IN-02-0922,2006,-0.5714966100692637,-0.18889378728080636,ssm_fpar
wheat,IN,IN-02-0922,2007,-0.408089360948448,0.2754408054700505,ssm_fpar
wheat,IN,IN-02-0922,2008,-0.3830497859361652,0.2836600208519924,ssm_fpar
wheat,IN,IN-02-0922,2009,-0.5047064221557864,0.16646961442069988,ssm_fpar
wheat,IN,IN-02-0922,2010,-0.7222215687986911,0.3134566350597351,ssm_fpar
wheat,IN,IN-02-0922,2011,-0.9362237379711353,0.4587741177820648,ssm_fpar
wheat,IN,IN-02-0922,2012,-0.44877867034341357,0.5308688260632574,ssm_fpar
wheat,IN,IN-02-0922,2013,-0.5715440090621488,0.38259204978137795,ssm_fpar
wheat,IN,IN-02-0922,2014,-0.07095946216564782,0.7267349534121055,ssm_fpar
wheat,IN,IN-02-0922,2015,-0.4551092175248572,0.4267219979578829,ssm_fpar
wheat,IN,IN-02-0922,2016,-0.931172017843095,0.3978666922902699,ssm_fpar
wheat,IN,IN-02-0922,2017,-0.556122646587686,0.6037381397742811,ssm_fpar
wheat,IN,IN-02-0923,2003,-0.3115246335825323,0.3714392356801941,ssm_fpar
wheat,IN,IN-02-0923,2004,0.7272379793903351,0.2578429733751246,ssm_fpar
wheat,IN,IN-02-0923,2005,0.01743504206085114,0.2504052571606477,ssm_fpar
wheat,IN,IN-02-0923,2006,-0.2011114425784916,0.24233582389660263,ssm_fpar
wheat,IN,IN-02-0923,2007,-0.07873642633255362,0.6358504231269936,ssm_fpar
wheat,IN,IN-02-0923,2008,-0.023947914432419306,0.3817271990587693,ssm_fpar
wheat,IN,IN-02-0923,2009,-0.08128192804966461,0.4475235379470198,ssm_fpar
wheat,IN,IN-02-0923,2010,-0.4845973019551753,0.3681001598467928,ssm_fpar
wheat,IN,IN-02-0923,2011,-0.5782854436484458,0.7439718043358537,ssm_fpar
wheat,IN,IN-02-0923,2012,-0.26342776639575927,0.5206598273158874,ssm_fpar
wheat,IN,IN-02-0923,2013,-0.5361769612299833,0.7937947263994813,ssm_fpar
wheat,IN,IN-02-0923,2014,0.04058330957994419,0.7265243810622559,ssm_fpar
wheat,IN,IN-02-0923,2015,-0.2579225643030943,0.6532076011077953,ssm_fpar
wheat,IN,IN-02-0923,2016,-0.8002312625559856,0.32920443865237153,ssm_fpar
wheat,IN,IN-02-0923,2017,-0.42322332530406787,1.0460980037296823,ssm_fpar
wheat,IN,IN-02-0924,2003,-0.14844895801567742,0.4445379228437318,ssm_fpar
wheat,IN,IN-02-0924,2004,0.7358217801827659,0.2711842358265736,ssm_fpar
wheat,IN,IN-02-0924,2005,0.05425016962625696,0.335634415763976,ssm_fpar
wheat,IN,IN-02-0924,2006,-0.12264301479980282,0.1876998195506093,ssm_fpar
wheat,IN,IN-02-0924,2007,-0.030762333669244774,0.7360076572467439,ssm_fpar
wheat,IN,IN-02-0924,2008,-0.0062450242411374556,0.3596020614419856,ssm_fpar
wheat,IN,IN-02-0924,2009,-0.00778840143340697,0.5151849462196885,ssm_fpar
wheat,IN,IN-02-0924,2010,-0.4070150869658898,0.45295329639681614,ssm_fpar
wheat,IN,IN-02-0924,2011,-0.5016454399883846,0.7609604807044142,ssm_fpar
wheat,IN,IN-02-0924,2012,-0.1763944337421739,0.5481244780896803,ssm_fpar
wheat,IN,IN-02-0924,2013,-0.4419729364641793,0.7184474273571472,ssm_fpar
wheat,IN,IN-02-0924,2014,0.10386389953597254,0.7513944796682034,ssm_fpar
wheat,IN,IN-02-0924,2015,-0.1713761030568931,0.6473266161940252,ssm_fpar
wheat,IN,IN-02-0924,2016,-0.7569844230396073,0.5215923620080917,ssm_fpar
wheat,IN,IN-02-0924,2017,-0.3881458764172259,1.0764956265192958,ssm_fpar
wheat,IN,IN-02-0925,2003,0.1696242930931261,0.4291517271256939,ssm_fpar
wheat,IN,IN-02-0925,2004,0.7671049669739606,0.12875836269419805,ssm_fpar
wheat,IN,IN-02-0925,2005,0.20571662833729087,0.28535274679531103,ssm_fpar
wheat,IN,IN-02-0925,2006,0.011304220058621348,0.005076562215928132,ssm_fpar
wheat,IN,IN-02-0925,2007,0.0945663558534793,0.7785257242213897,ssm_fpar
wheat,IN,IN-02-0925,2008,0.23642465397407292,0.33464485106034697,ssm_fpar
wheat,IN,IN-02-0925,2009,0.07503901012049628,0.3064024613396268,ssm_fpar
wheat,IN,IN-02-0925,2010,-0.2875318652016349,0.2151262414156417,ssm_fpar
wheat,IN,IN-02-0925,2011,-0.4203068896415483,0.5669932647247855,ssm_fpar
wheat,IN,IN-02-0925,2012,-0.13886292123760346,0.4906056380016285,ssm_fpar
wheat,IN,IN-02-0925,2013,-0.45705480781914504,0.4047999122498942,ssm_fpar
wheat,IN,IN-02-0925,2014,0.10417074164970612,0.6901292065223372,ssm_fpar
wheat,IN,IN-02-0925,2015,-0.07357191576077864,0.6484076795972837,ssm_fpar
wheat,IN,IN-02-0925,2016,-0.7140910824483243,0.5029648561905219,ssm_fpar
wheat,IN,IN-02-0925,2017,-0.3539313429215517,0.8849951152093863,ssm_fpar
wheat,IN,IN-02-0926,2003,0.2862695706510687,0.2986752081441048,ssm_fpar
wheat,IN,IN-02-0926,2004,0.7115924666079223,-0.10394037818323763,ssm_fpar
wheat,IN,IN-02-0926,2005,0.20124234850650516,0.19990737551132243,ssm_fpar
wheat,IN,IN-02-0926,2006,0.022727099670623082,-0.2606995852843851,ssm_fpar
wheat,IN,IN-02-0926,2007,0.11341413390960686,0.27280802439345425,ssm_fpar
wheat,IN,IN-02-0926,2008,0.19490695643783684,-0.03299504397832008,ssm_fpar
wheat,IN,IN-02-0926,2009,0.10405493895736542,0.06240801798074352,ssm_fpar
wheat,IN,IN-02-0926,2010,-0.23168987295379503,-0.011209579616363511,ssm_fpar
wheat,IN,IN-02-0926,2011,-0.39825104478667167,0.2794479471514972,ssm_fpar
wheat,IN,IN-02-0926,2012,-0.13402691300412117,0.10160393011439862,ssm_fpar
wheat,IN,IN-02-0926,2013,-0.40570851273801595,-0.020920975846523648,ssm_fpar
wheat,IN,IN-02-0926,2014,0.178379266338765,0.2601392147140084,ssm_fpar
wheat,IN,IN-02-0926,2015,-0.006307637152429628,0.25718180126472273,ssm_fpar
wheat,IN,IN-02-0926,2016,-0.7348613513077653,0.12189031989048443,ssm_fpar
wheat,IN,IN-02-0926,2017,-0.30027016135940116,0.5111282949678904,ssm_fpar
wheat,IN,IN-02-0927,2003,-0.37348755094134883,0.13108593920419065,ssm_fpar
wheat,IN,IN-02-0927,2004,0.5271642009946482,0.13188686617774079,ssm_fpar
wheat,IN,IN-02-0927,2005,-0.10731894031954525,0.030409794650870955,ssm_fpar
wheat,IN,IN-02-0927,2006,-0.29545366545017754,-0.09504620321560843,ssm_fpar
wheat,IN,IN-02-0927,2007,-0.1964823429975547,0.5370694297223473,ssm_fpar
wheat,IN,IN-02-0927,2008,-0.0387132374602114,0.2629662738514839,ssm_fpar
wheat,IN,IN-02-0927,2009,-0.2865081625625814,0.20782451984377612,ssm_fpar
wheat,IN,IN-02-0927,2010,-0.6393945547272961,0.23158911361299,ssm_fpar
wheat,IN,IN-02-0927,2011,-0.7774442884081837,0.2899477362867637,ssm_fpar
wheat,IN,IN-02-0927,2012,-0.4483052923733785,0.621701339964342,ssm_fpar
wheat,IN,IN-02-0927,2013,-0.7644161856461645,0.6849664237303944,ssm_fpar
wheat,IN,IN-02-0927,2014,-0.20420476271777202,0.7384442801521977,ssm_fpar
wheat,IN,IN-02-0927,2015,-0.39780222177861974,0.6894410861647853,ssm_fpar
wheat,IN,IN-02-0927,2016,-0.8378176429454255,0.27251472719187214,ssm_fpar
wheat,IN,IN-02-0927,2017,-0.5629711334683932,0.724561545943978,ssm_fpar
wheat,IN,IN-02-0928,2003,0.2215716697812064,0.35159905874069364,ssm_fpar
wheat,IN,IN-02-0928,2004,0.9610077033224167,0.10338815475734685,ssm_fpar
wheat,IN,IN-02-0928,2005,0.37904284936181903,0.17083899068016592,ssm_fpar
wheat,IN,IN-02-0928,2006,0.17720762812089066,-0.22029789576645037,ssm_fpar
wheat,IN,IN-02-0928,2007,0.24734220961522627,0.5824809863972216,ssm_fpar
wheat,IN,IN-02-0928,2008,0.47387784115091136,0.27718304098372065,ssm_fpar
wheat,IN,IN-02-0928,2009,0.182543456168449,0.23253668918734094,ssm_fpar
wheat,IN,IN-02-0928,2010,-0.20170864546794248,0.18314869929870783,ssm_fpar
wheat,IN,IN-02-0928,2011,-0.33541592827585165,0.5268115481080474,ssm_fpar
wheat,IN,IN-02-0928,2012,-0.05644986899391051,0.41745242764035995,ssm_fpar
wheat,IN,IN-02-0928,2013,-0.42827046708996164,0.4901870001156149,ssm_fpar
wheat,IN,IN-02-0928,2014,0.09347545246643624,0.7055436038943774,ssm_fpar
wheat,IN,IN-02-0928,2015,0.02668642476229125,0.780350684586793,ssm_fpar
wheat,IN,IN-02-0928,2016,-0.5329328292966329,0.4702377767806526,ssm_fpar
wheat,IN,IN-02-0928,2017,-0.24172032011060682,0.9575824123804196,ssm_fpar
wheat,IN,IN-02-0929,2003,0.1502556259478186,0.2841945988711203,ssm_fpar
wheat,IN,IN-02-0929,2004,1.0304909530406057,-0.22756389524325002,ssm_fpar
wheat,IN,IN-02-0929,2005,0.4539768216092689,0.03128216581455366,ssm_fpar
wheat,IN,IN-02-0929,2006,0.17626515530170694,-0.27451400881958765,ssm_fpar
wheat,IN,IN-02-0929,2007,0.18481284153029875,0.3271889604466267,ssm_fpar
wheat,IN,IN-02-0929,2008,0.4423869799749651,0.26053529127683045,ssm_fpar
wheat,IN,IN-02-0929,2009,0.1553681975849398,0.13137171596470845,ssm_fpar
wheat,IN,IN-02-0929,2010,-0.24390320086128292,0.20492162959222063,ssm_fpar
wheat,IN,IN-02-0929,2011,-0.3812596693170254,0.3208492286278087,ssm_fpar
wheat,IN,IN-02-0929,2012,-0.08476858857671818,0.26200929772580533,ssm_fpar
wheat,IN,IN-02-0929,2013,-0.4961460962045103,0.4684905276396037,ssm_fpar
wheat,IN,IN-02-0929,2014,-0.012543896895835262,0.4979330544138018,ssm_fpar
wheat,IN,IN-02-0929,2015,-0.046474085752432,0.7968329845902272,ssm_fpar
wheat,IN,IN-02-0929,2016,-0.5356391335472366,0.2818030986120601,ssm_fpar
wheat,IN,IN-02-0929,2017,-0.27738564654602216,0.9743755572812585,ssm_fpar
wheat,IN,IN-02-0930,2003,-0.2941932082881622,0.7051888897574217,ssm_fpar
wheat,IN,IN-02-0930,2004,0.6456854966438947,0.33919095768486973,ssm_fpar
wheat,IN,IN-02-0930,2005,-0.013002454878466869,0.5574122228064468,ssm_fpar
wheat,IN,IN-02-0930,2006,-0.19205242956185697,0.1317477380180231,ssm_fpar
wheat,IN,IN-02-0930,2007,-0.12415968499615086,0.9402703570460115,ssm_fpar
wheat,IN,IN-02-0930,2008,0.05470596902332949,0.817257249119207,ssm_fpar
wheat,IN,IN-02-0930,2009,-0.22947042870082168,0.7576138844299583,ssm_fpar
wheat,IN,IN-02-0930,2010,-0.5600677114970689,0.6793336133718038,ssm_fpar
wheat,IN,IN-02-0930,2011,-0.712959921749507,0.6943970568274155,ssm_fpar
wheat,IN,IN-02-0930,2012,-0.3920059275611063,0.9343724511398306,ssm_fpar
wheat,IN,IN-02-0930,2013,-0.7105213610615793,0.9707356638052204,ssm_fpar
wheat,IN,IN-02-0930,2014,-0.2076065839866445,1.1275970235641766,ssm_fpar
wheat,IN,IN-02-0930,2015,-0.3268194919154553,1.2304465755856326,ssm_fpar
wheat,IN,IN-02-0930,2016,-0.7469525861586331,1.0066376227518676,ssm_fpar
wheat,IN,IN-02-0930,2017,-0.5025106026144239,1.37697484931962,ssm_fpar
wheat,IN,IN-02-0931,2003,-0.43427776070594537,0.7094981024883565,ssm_fpar
wheat,IN,IN-02-0931,2004,0.6333492384832651,0.6421180840522485,ssm_fpar
wheat,IN,IN-02-0931,2005,0.0018713157098661107,0.4753266085687884,ssm_fpar
wheat,IN,IN-02-0931,2006,-0.19491383688787267,0.28149476052835004,ssm_fpar
wheat,IN,IN-02-0931,2007,-0.11329499644150355,1.0359830104956367,ssm_fpar
wheat,IN,IN-02-0931,2008,0.05803956734177801,0.9940747259507682,ssm_fpar
wheat,IN,IN-02-0931,2009,-0.24709957173010863,0.6070546542844806,ssm_fpar
wheat,IN,IN-02-0931,2010,-0.5532962869226394,0.8006608890929323,ssm_fpar
wheat,IN,IN-02-0931,2011,-0.722744404168585,0.8093394780833325,ssm_fpar
wheat,IN,IN-02-0931,2012,-0.37836546363562035,1.0409208067590234,ssm_fpar
wheat,IN,IN-02-0931,2013,-0.6794164395710152,1.0278158114977312,ssm_fpar
wheat,IN,IN-02-0931,2014,-0.21541746179916943,1.1205804520494078,ssm_fpar
wheat,IN,IN-02-0931,2015,-0.32507158262047425,1.1115408818878203,ssm_fpar
wheat,IN,IN-02-0931,2016,-0.7247792229054801,1.1202169640645363,ssm_fpar
wheat,IN,IN-02-0931,2017,-0.5097464038008542,1.2772387598995787,ssm_fpar
wheat,IN,IN-02-0932,2003,0.2432024201245057,-0.04368409754709605,ssm_fpar
wheat,IN,IN-02-0932,2004,1.022984867106184,-0.14474127778110013,ssm_fpar
wheat,IN,IN-02-0932,2005,0.7813904539106742,0.05105089856392226,ssm_fpar
wheat,IN,IN-02-0932,2006,0.2137014952862878,-0.21806557817662503,ssm_fpar
wheat,IN,IN-02-0932,2007,0.2685889765598114,0.11401203117021283,ssm_fpar
wheat,IN,IN-02-0932,2008,0.6062636376385565,0.4161585129657083,ssm_fpar
wheat,IN,IN-02-0932,2009,0.3760376046993653,0.18775998307914055,ssm_fpar
wheat,IN,IN-02-0932,2010,-0.12152502449963706,0.3388895133388024,ssm_fpar
wheat,IN,IN-02-0932,2011,-0.3354495967171343,0.6621111766267612,ssm_fpar
wheat,IN,IN-02-0932,2012,-0.08581592909055755,0.8216463380499496,ssm_fpar
wheat,IN,IN-02-0932,2013,-0.2366558823654661,0.9705783612462495,ssm_fpar
wheat,IN,IN-02-0932,2014,-0.04177240909212275,1.0785361728619274,ssm_fpar
wheat,IN,IN-02-0932,2015,0.023721126308920523,1.398906335578956,ssm_fpar
wheat,IN,IN-02-0932,2016,-0.1862741407614771,1.4017259882214377,ssm_fpar
wheat,IN,IN-02-0932,2017,0.017943203257164628,1.3931218629921946,ssm_fpar
wheat,IN,IN-02-0934,2003,-0.585670302176768,-0.04335821176756415,ssm_fpar
wheat,IN,IN-02-0934,2004,0.2583279060687252,0.12293315438500192,ssm_fpar
wheat,IN,IN-02-0934,2005,-0.2389472787492909,-0.11089803957632723,ssm_fpar
wheat,IN,IN-02-0934,2006,-0.4639620920988927,-0.3234244507005086,ssm_fpar
wheat,IN,IN-02-0934,2007,-0.31713013727232936,0.36049574052201744,ssm_fpar
wheat,IN,IN-02-0934,2008,-0.23094002001079472,-0.04636450808377072,ssm_fpar
wheat,IN,IN-02-0934,2009,-0.42927493052502563,-0.28258281538020147,ssm_fpar
wheat,IN,IN-02-0934,2010,-0.665409147051007,0.2377834502378587,ssm_fpar
wheat,IN,IN-02-0934,2011,-0.8577772364583275,-0.1145968431740541,ssm_fpar
wheat,IN,IN-02-0934,2012,-0.44522480289669564,0.0973755621249233,ssm_fpar
wheat,IN,IN-02-0934,2013,-0.6456857140132345,0.21963161231771902,ssm_fpar
wheat,IN,IN-02-0934,2014,-0.16451873200557462,0.7059020782518696,ssm_fpar
wheat,IN,IN-02-0934,2015,-0.44136712570801095,0.18476998105189393,ssm_fpar
wheat,IN,IN-02-0934,2016,-0.8360230458649766,-0.01666001927909785,ssm_fpar
wheat,IN,IN-02-0934,2017,-0.5375469145161776,0.3461078833555139,ssm_fpar
wheat,IN,IN-02-0935,2003,0.03730885634100442,0.2559628631085694,ssm_fpar
wheat,IN,IN-02-0935,2004,0.863800215080646,-0.34561977910057273,ssm_fpar
wheat,IN,IN-02-0935,2005,0.42084435220643235,0.17164367787425308,ssm_fpar
wheat,IN,IN-02-0935,2006,0.031823009608202904,-0.06896531359799353,ssm_fpar
wheat,IN,IN-02-0935,2007,0.08498368306206479,0.35578919782141816,ssm_fpar
wheat,IN,IN-02-0935,2008,0.3465313013877656,0.2867064261872325,ssm_fpar
wheat,IN,IN-02-0935,2009,0.03740511963086324,-0.11873559257416315,ssm_fpar
wheat,IN,IN-02-0935,2010,-0.30918696866983686,0.08075914758913146,ssm_fpar
wheat,IN,IN-02-0935,2011,-0.4866763076908188,0.5641655788838988,ssm_fpar
wheat,IN,IN-02-0935,2012,-0.19295725389848836,0.4515845761227661,ssm_fpar
wheat,IN,IN-02-0935,2013,-0.5235638428241134,0.5309929133408562,ssm_fpar
wheat,IN,IN-02-0935,2014,-0.16058316372025064,0.8287271751520167,ssm_fpar
wheat,IN,IN-02-0935,2015,-0.13004020361469615,1.0950410341885637,ssm_fpar
wheat,IN,IN-02-0935,2016,-0.4621623252553917,1.166515306081799,ssm_fpar
wheat,IN,IN-02-0935,2017,-0.2859505514209097,1.4493515741408038,ssm_fpar
wheat,IN,IN-02-0936,2003,-0.36192938644880673,0.833374807730937,ssm_fpar
wheat,IN,IN-02-0936,2004,0.5903486010941693,0.36326451624122497,ssm_fpar
wheat,IN,IN-02-0936,2005,0.0845981910638923,0.7299236204241788,ssm_fpar
wheat,IN,IN-02-0936,2006,-0.17966038345419624,0.4527352036058932,ssm_fpar
wheat,IN,IN-02-0936,2007,-0.09077237916126732,1.0648840655130745,ssm_fpar
wheat,IN,IN-02-0936,2008,0.10601901052085523,0.7804985865944265,ssm_fpar
wheat,IN,IN-02-0936,2009,-0.21437885640222096,0.7575085982550341,ssm_fpar
wheat,IN,IN-02-0936,2010,-0.5193804934435835,0.8829269939161739,ssm_fpar
wheat,IN,IN-02-0936,2011,-0.6624658947935884,1.0843920896388108,ssm_fpar
wheat,IN,IN-02-0936,2012,-0.4164766576909377,0.9104894104238273,ssm_fpar
wheat,IN,IN-02-0936,2013,-0.6674651618164117,1.1041332474376084,ssm_fpar
wheat,IN,IN-02-0936,2014,-0.3168203926423777,1.2025231779068024,ssm_fpar
wheat,IN,IN-02-0936,2015,-0.32770260324726563,1.350976684553748,ssm_fpar
wheat,IN,IN-02-0936,2016,-0.6747867222454579,1.1931451878972392,ssm_fpar
wheat,IN,IN-02-0936,2017,-0.553225633494271,1.3458778255108534,ssm_fpar
wheat,IN,IN-02-0945,2003,0.39563224608036257,0.18168221329079728,ssm_fpar
wheat,IN,IN-02-0945,2004,1.1333794918318176,-0.3044578983315333,ssm_fpar
wheat,IN,IN-02-0945,2005,0.7984266883204889,0.0299009114720605,ssm_fpar
wheat,IN,IN-02-0945,2006,0.28005050698872685,-0.14364956041966176,ssm_fpar
wheat,IN,IN-02-0945,2007,0.30510946790036697,0.26541856434248645,ssm_fpar
wheat,IN,IN-02-0945,2008,0.5919337753402549,0.5272351996214412,ssm_fpar
wheat,IN,IN-02-0945,2009,0.32955107904627984,0.09464626872130902,ssm_fpar
wheat,IN,IN-02-0945,2010,-0.0909707319463999,0.17455346186345133,ssm_fpar
wheat,IN,IN-02-0945,2011,-0.2871825430305207,0.743916654434702,ssm_fpar
wheat,IN,IN-02-0945,2012,0.08926102537962378,0.45725122846616006,ssm_fpar
wheat,IN,IN-02-0945,2013,-0.3650862096872018,0.7630298554044691,ssm_fpar
wheat,IN,IN-02-0945,2014,0.03174901790860204,0.6925244670019337,ssm_fpar
wheat,IN,IN-02-0945,2015,0.0976630610111782,1.1782327799663763,ssm_fpar
wheat,IN,IN-02-0945,2016,-0.21104185410668955,1.2885532634836816,ssm_fpar
wheat,IN,IN-02-0945,2017,0.1290953727718179,1.659859373542134,ssm_fpar
wheat,IN,IN-02-0946,2003,1.2031726709122756,-1.072111478007753,ssm_fpar
wheat,IN,IN-02-0946,2004,1.4437965646273359,-1.1114577419896967,ssm_fpar
wheat,IN,IN-02-0946,2005,1.1565286362259812,-1.38444633431073,ssm_fpar
wheat,IN,IN-02-0946,2006,0.8172258821475055,-1.5101375168796345,ssm_fpar
wheat,IN,IN-02-0946,2007,0.799874009222523,-1.1838399362225605,ssm_fpar
wheat,IN,IN-02-0946,2008,0.9240999123789265,-1.2320828819858174,ssm_fpar
wheat,IN,IN-02-0946,2009,0.7897373412400445,-1.3945961950442698,ssm_fpar
wheat,IN,IN-02-0946,2010,0.3944111599322267,-1.4974546348597126,ssm_fpar
wheat,IN,IN-02-0946,2011,0.19558217994976893,-1.1279712632181589,ssm_fpar
wheat,IN,IN-02-0946,2012,0.4766195910566635,-1.3476153160272055,ssm_fpar
wheat,IN,IN-02-0946,2013,-0.019248761433772448,-1.21812015763172,ssm_fpar
wheat,IN,IN-02-0946,2014,0.3196469201997471,-1.0568689113194705,ssm_fpar
wheat,IN,IN-02-0946,2015,0.5190898541114364,-0.5540864054558503,ssm_fpar
wheat,IN,IN-02-0946,2016,0.4514474799580713,-0.5248544510315011,ssm_fpar
wheat,IN,IN-02-0946,2017,0.6829778370300439,-0.1909400309272786,ssm_fpar
wheat,IN,IN-02-0947,2003,-0.5391126111785184,0.29667101059995993,ssm_fpar
wheat,IN,IN-02-0947,2004,0.2032043220509117,0.16812411145526776,ssm_fpar
wheat,IN,IN-02-0947,2005,-0.30012927930490674,0.12640822486101455,ssm_fpar
wheat,IN,IN-02-0947,2006,-0.5670908168308486,-0.02686588450936137,ssm_fpar
wheat,IN,IN-02-0947,2007,-0.42459786567369745,0.5573520592779154,ssm_fpar
wheat,IN,IN-02-0947,2008,-0.42185066166612867,0.3287381713062601,ssm_fpar
wheat,IN,IN-02-0947,2009,-0.46374585974603627,0.24767533705361186,ssm_fpar
wheat,IN,IN-02-0947,2010,-0.7506666390581418,0.4494487708599685,ssm_fpar
wheat,IN,IN-02-0947,2011,-0.8525357456375379,0.5216976481830254,ssm_fpar
wheat,IN,IN-02-0947,2012,-0.45579775726345434,0.5233972678639869,ssm_fpar
wheat,IN,IN-02-0947,2013,-0.6391425027293697,0.661607933778751,ssm_fpar
wheat,IN,IN-02-0947,2014,-0.15660289852521173,0.8699241513127013,ssm_fpar
wheat,IN,IN-02-0947,2015,-0.5009284074029849,0.5406717209930658,ssm_fpar
wheat,IN,IN-02-0947,2016,-1.028697594517813,0.3678670261737419,ssm_fpar
wheat,IN,IN-02-0947,2017,-0.6354435492890539,0.8420609171624014,ssm_fpar
wheat,IN,IN-02-0948,2003,-0.2778963880135356,-0.06375364793911108,ssm_fpar
wheat,IN,IN-02-0948,2004,0.40959932490816237,-0.14725310509722206,ssm_fpar
wheat,IN,IN-02-0948,2005,-0.1112342166774492,-0.19124016489346324,ssm_fpar
wheat,IN,IN-02-0948,2006,-0.43359061195670145,-0.5248920532368401,ssm_fpar
wheat,IN,IN-02-0948,2007,-0.2444716970862885,0.05809253821558682,ssm_fpar
wheat,IN,IN-02-0948,2008,-0.25091197787365244,-0.10313819780284507,ssm_fpar
wheat,IN,IN-02-0948,2009,-0.35137634693137165,-0.28086878152053363,ssm_fpar
wheat,IN,IN-02-0948,2010,-0.6281552502142788,0.1242799400392806,ssm_fpar
wheat,IN,IN-02-0948,2011,-0.873706603862946,0.06137897096151154,ssm_fpar
wheat,IN,IN-02-0948,2012,-0.28637525188529117,0.13465062826957858,ssm_fpar
wheat,IN,IN-02-0948,2013,-0.40780608999380435,0.2510444946512691,ssm_fpar
wheat,IN,IN-02-0948,2014,0.1281604454897257,0.444252146083214,ssm_fpar
wheat,IN,IN-02-0948,2015,-0.2804635470588682,0.16348399931742158,ssm_fpar
wheat,IN,IN-02-0948,2016,-0.9168203194146409,-0.0906091429865378,ssm_fpar
wheat,IN,IN-02-0948,2017,-0.4476181467049561,0.38402093358395856,ssm_fpar
wheat,IN,IN-02-0949,2003,-0.04646083368376909,-0.8491133084831868,ssm_fpar
wheat,IN,IN-02-0949,2004,0.8860840692669317,-0.8554605607430583,ssm_fpar
wheat,IN,IN-02-0949,2005,0.3733304914171969,-1.0145630119397566,ssm_fpar
wheat,IN,IN-02-0949,2006,0.07894167758904963,-1.2556909138455719,ssm_fpar
wheat,IN,IN-02-0949,2007,0.15540914831201041,-0.6976215436454951,ssm_fpar
wheat,IN,IN-02-0949,2008,0.4488869850962019,-0.8703585544952241,ssm_fpar
wheat,IN,IN-02-0949,2009,0.03293640424396607,-1.0166912967614903,ssm_fpar
wheat,IN,IN-02-0949,2010,-0.2863601735605014,-0.949548798922391,ssm_fpar
wheat,IN,IN-02-0949,2011,-0.6395477313599868,-0.8203777031692049,ssm_fpar
wheat,IN,IN-02-0949,2012,-0.22130193149529234,-0.7151667326529542,ssm_fpar
wheat,IN,IN-02-0949,2013,-0.3474404580405887,-0.666539560718857,ssm_fpar
wheat,IN,IN-02-0949,2014,0.013961776045211116,-0.35562948615970347,ssm_fpar
wheat,IN,IN-02-0949,2015,-0.0409834168976635,-0.5402036712476403,ssm_fpar
wheat,IN,IN-02-0949,2016,-0.4590867794507846,-1.0396211215723514,ssm_fpar
wheat,IN,IN-02-0949,2017,-0.2840007447123339,-0.662478522543101,ssm_fpar
wheat,IN,IN-02-0950,2003,-0.36950263787448473,-0.93807260585535,ssm_fpar
wheat,IN,IN-02-0950,2004,0.5056591889096814,-0.7976208485028538,ssm_fpar
wheat,IN,IN-02-0950,2005,0.01932943710887009,-0.9994318845145399,ssm_fpar
wheat,IN,IN-02-0950,2006,-0.1848463353047976,-1.4996765833565397,ssm_fpar
wheat,IN,IN-02-0950,2007,-0.08448831414712418,-0.8024188899031021,ssm_fpar
wheat,IN,IN-02-0950,2008,0.10700294952439911,-0.8772924011582602,ssm_fpar
wheat,IN,IN-02-0950,2009,-0.2746422565415641,-1.1629112324117679,ssm_fpar
wheat,IN,IN-02-0950,2010,-0.5015660719791669,-0.9471949008686606,ssm_fpar
wheat,IN,IN-02-0950,2011,-0.8211177315806789,-0.8189939420130172,ssm_fpar
wheat,IN,IN-02-0950,2012,-0.37075085993443674,-0.8284170546689837,ssm_fpar
wheat,IN,IN-02-0950,2013,-0.532775109050229,-0.4471457334943822,ssm_fpar
wheat,IN,IN-02-0950,2014,-0.09320138394519241,-0.28061308652428074,ssm_fpar
wheat,IN,IN-02-0950,2015,-0.223315624968359,-0.803652242237961,ssm_fpar
wheat,IN,IN-02-0950,2016,-0.6301872447263979,-1.0464045594140792,ssm_fpar
wheat,IN,IN-02-0950,2017,-0.47959758539991204,-0.7232436863580628,ssm_fpar
wheat,IN,IN-02-0951,2003,0.2959261279727485,0.12316127443067335,ssm_fpar
wheat,IN,IN-02-0951,2004,1.1411476632429365,-0.20453317118141298,ssm_fpar
wheat,IN,IN-02-0951,2005,0.7302578226990825,-0.022970296037071125,ssm_fpar
wheat,IN,IN-02-0951,2006,0.2772233900202825,-0.1781201287500436,ssm_fpar
wheat,IN,IN-02-0951,2007,0.29342129161180674,0.19667295914943472,ssm_fpar
wheat,IN,IN-02-0951,2008,0.5991259240616766,0.3351418268741457,ssm_fpar
wheat,IN,IN-02-0951,2009,0.28044596181815223,-0.32732254598649346,ssm_fpar
wheat,IN,IN-02-0951,2010,-0.11113541408964951,0.06032234899171826,ssm_fpar
wheat,IN,IN-02-0951,2011,-0.30029187436421345,0.6265488909349319,ssm_fpar
wheat,IN,IN-02-0951,2012,0.08818997010632072,0.4633289982544936,ssm_fpar
wheat,IN,IN-02-0951,2013,-0.40533513077081074,0.6000681645339775,ssm_fpar
wheat,IN,IN-02-0951,2014,0.02955761943923968,0.7956673162249623,ssm_fpar
wheat,IN,IN-02-0951,2015,0.0475215120890023,1.0168622890848058,ssm_fpar
wheat,IN,IN-02-0951,2016,-0.3125886727574296,0.8699122439476791,ssm_fpar
wheat,IN,IN-02-0951,2017,-0.050462332811471194,1.1856397877131668,ssm_fpar
wheat,IN,IN-02-0956,2003,-0.35130802670924327,0.17097435861935564,ssm_fpar
wheat,IN,IN-02-0956,2004,0.6802560495742868,0.2823972134562977,ssm_fpar
wheat,IN,IN-02-0956,2005,0.10189287077718401,-0.05983549814361885,ssm_fpar
wheat,IN,IN-02-0956,2006,-0.10213175475994721,-0.21173336679888105,ssm_fpar
wheat,IN,IN-02-0956,2007,-0.010388278028987586,0.48554688797775897,ssm_fpar
wheat,IN,IN-02-0956,2008,0.17307747940442958,0.7870720787897163,ssm_fpar
wheat,IN,IN-02-0956,2009,-0.16163718478072514,0.13034141553864376,ssm_fpar
wheat,IN,IN-02-0956,2010,-0.4592071163699791,0.30234894360494485,ssm_fpar
wheat,IN,IN-02-0956,2011,-0.6734918992558804,0.4426878943414423,ssm_fpar
wheat,IN,IN-02-0956,2012,-0.2874627627021825,0.6158109544992352,ssm_fpar
wheat,IN,IN-02-0956,2013,-0.5531575391664575,0.8859953338711855,ssm_fpar
wheat,IN,IN-02-0956,2014,-0.08286456484502563,0.8417450586376277,ssm_fpar
wheat,IN,IN-02-0956,2015,-0.2044167230028599,0.5969095792861601,ssm_fpar
wheat,IN,IN-02-0956,2016,-0.6347667551694407,0.7177072906155492,ssm_fpar
wheat,IN,IN-02-0956,2017,-0.4113721306342111,0.8381653286901112,ssm_fpar
wheat,IN,IN-02-0958,2003,-0.5341492078359278,-0.21967495256479935,ssm_fpar
wheat,IN,IN-02-0958,2004,0.3127027845378389,-0.06679754646066634,ssm_fpar
wheat,IN,IN-02-0958,2005,-0.1773880036353264,-0.6628244628321501,ssm_fpar
wheat,IN,IN-02-0958,2006,-0.36827615406520103,-0.865996698676822,ssm_fpar
wheat,IN,IN-02-0958,2007,-0.23615424302407312,-0.040996793272769595,ssm_fpar
wheat,IN,IN-02-0958,2008,-0.09528543755145803,-0.05314293229811878,ssm_fpar
wheat,IN,IN-02-0958,2009,-0.41012440221582247,-0.51121989137847,ssm_fpar
wheat,IN,IN-02-0958,2010,-0.6390907449853298,-0.19252616031579053,ssm_fpar
wheat,IN,IN-02-0958,2011,-0.8202249392827343,-0.2030773391316822,ssm_fpar
wheat,IN,IN-02-0958,2012,-0.48214828455984626,0.008107299965609712,ssm_fpar
wheat,IN,IN-02-0958,2013,-0.7307415377701144,0.21970681672838793,ssm_fpar
wheat,IN,IN-02-0958,2014,-0.26967929478290426,0.4332422203622842,ssm_fpar
wheat,IN,IN-02-0958,2015,-0.40601215015454195,-0.08650298216438825,ssm_fpar
wheat,IN,IN-02-0958,2016,-0.7905222379984079,-0.26118026680919326,ssm_fpar
wheat,IN,IN-02-0958,2017,-0.6462955588019984,0.04535291104942996,ssm_fpar
wheat,IN,IN-02-0960,2003,0.17668433692242644,0.5164784620830697,ssm_fpar
wheat,IN,IN-02-0960,2004,1.056460459516106,0.25474455165584814,ssm_fpar
wheat,IN,IN-02-0960,2005,0.44528394286333195,0.4847497212247452,ssm_fpar
wheat,IN,IN-02-0960,2006,0.2524374449618863,0.1879630349879258,ssm_fpar
wheat,IN,IN-02-0960,2007,0.30238308826821264,0.7966750553278354,ssm_fpar
wheat,IN,IN-02-0960,2008,0.5488423684990851,0.24141833008652705,ssm_fpar
wheat,IN,IN-02-0960,2009,0.24110966557635996,0.6752274525496542,ssm_fpar
wheat,IN,IN-02-0960,2010,-0.18223849879383577,0.6193806571919928,ssm_fpar
wheat,IN,IN-02-0960,2011,-0.318387203069783,0.7637280030167793,ssm_fpar
wheat,IN,IN-02-0960,2012,-0.018848658677773196,0.7173870451668078,ssm_fpar
wheat,IN,IN-02-0960,2013,-0.38926728763222085,0.8682320520728034,ssm_fpar
wheat,IN,IN-02-0960,2014,0.15293786095606698,1.101816951589217,ssm_fpar
wheat,IN,IN-02-0960,2015,0.03807641289609547,1.0528137576018053,ssm_fpar
wheat,IN,IN-02-0960,2016,-0.5267516243179674,0.7603513249780585,ssm_fpar
wheat,IN,IN-02-0960,2017,-0.20303898114975658,1.3692287950214332,ssm_fpar
wheat,IN,IN-02-0961,2003,-0.6179767358907222,0.21950125800590808,ssm_fpar
wheat,IN,IN-02-0961,2004,0.24104958190088085,0.39171559820153073,ssm_fpar
wheat,IN,IN-02-0961,2007,-0.38219911865866485,0.3918459525133514,ssm_fpar
wheat,IN,IN-02-0961,2008,-0.2890237512870995,0.09178662100588379,ssm_fpar
wheat,IN,IN-02-0961,2009,-0.4844162596103393,-0.19748589119894738,ssm_fpar
wheat,IN,IN-02-0961,2010,-0.7283004202069303,0.3063416711076747,ssm_fpar
wheat,IN,IN-02-0961,2011,-0.9378541930068185,0.268449302092168,ssm_fpar
wheat,IN,IN-02-0961,2012,-0.5083843329894204,0.29750201933776665,ssm_fpar
wheat,IN,IN-02-0961,2013,-0.7017885973157542,0.42078460973611853,ssm_fpar
wheat,IN,IN-02-0961,2014,-0.17745260512467068,0.782477089298263,ssm_fpar
wheat,IN,IN-02-0961,2015,-0.49580711837670294,0.3369179043726087,ssm_fpar
wheat,IN,IN-02-0961,2016,-0.9307750586211688,0.024336411786485584,ssm_fpar
wheat,IN,IN-02-0961,2017,-0.5935970024616004,0.36212516941969847,ssm_fpar
wheat,IN,IN-03-0121,2003,-2.0871078854322076,-1.6010220471647558,ssm_fpar
wheat,IN,IN-03-0121,2004,-1.1923099794448462,-1.1919175736041303,ssm_fpar
wheat,IN,IN-03-0121,2005,-1.478278327822178,-1.0353119088414169,ssm_fpar
wheat,IN,IN-03-0121,2006,-1.1579348384820107,-1.1013940244901859,ssm_fpar
wheat,IN,IN-03-0121,2007,-0.5677641821399498,-1.0845106342965507,ssm_fpar
wheat,IN,IN-03-0121,2008,-0.6542584302953974,-0.901154760661335,ssm_fpar
wheat,IN,IN-03-0121,2009,-0.8914071527792526,-0.8185126337847874,ssm_fpar
wheat,IN,IN-03-0121,2010,-1.4173501410394673,-1.1221955644793133,ssm_fpar
wheat,IN,IN-03-0121,2011,-0.9601681848437802,-0.47926553728815896,ssm_fpar
wheat,IN,IN-03-0121,2012,-0.8265455307538029,-0.6633358528246551,ssm_fpar
wheat,IN,IN-03-0121,2013,-1.1440660437706682,-0.6430682641512245,ssm_fpar
wheat,IN,IN-03-0121,2014,-0.6058283955192313,-0.2564724707017522,ssm_fpar
wheat,IN,IN-03-0121,2015,-0.8930499971133296,-0.17413116146784105,ssm_fpar
wheat,IN,IN-03-0121,2016,-1.2132506921561677,-0.5193194064067806,ssm_fpar
wheat,IN,IN-03-0121,2017,-1.0511002627290043,-0.3873356656948357,ssm_fpar
wheat,IN,IN-03-0122,2003,-1.268512947260619,-2.156564549166582,ssm_fpar
wheat,IN,IN-03-0122,2004,-0.8276852990141031,-1.6832881519880079,ssm_fpar
wheat,IN,IN-03-0122,2005,-1.1516497596551951,-1.5360379159116562,ssm_fpar
wheat,IN,IN-03-0122,2006,-0.6841149633623901,-0.9368693352847559,ssm_fpar
wheat,IN,IN-03-0122,2007,0.03263066759031266,-1.0589561755535781,ssm_fpar
wheat,IN,IN-03-0122,2008,-0.05180660234389101,-0.551311362702421,ssm_fpar
wheat,IN,IN-03-0122,2009,-0.2130159889550881,-0.9493231856904041,ssm_fpar
wheat,IN,IN-03-0122,2010,-0.813623661009879,-1.6327658289052176,ssm_fpar
wheat,IN,IN-03-0122,2011,0.021388101377824747,-0.17170957944452497,ssm_fpar
wheat,IN,IN-03-0122,2012,-0.30708771588619754,-0.8812180713948259,ssm_fpar
wheat,IN,IN-03-0122,2013,-0.8126650224477552,-1.8999520591054464,ssm_fpar
wheat,IN,IN-03-0122,2014,0.11856514790195401,-0.3796121727198403,ssm_fpar
wheat,IN,IN-03-0122,2015,-0.07780545822219942,-1.3430784390349002,ssm_fpar
wheat,IN,IN-03-0122,2016,-0.7030796281431403,-1.2271057173529085,ssm_fpar
wheat,IN,IN-03-0122,2017,-0.5752271110868987,-0.8309439228672245,ssm_fpar
wheat,IN,IN-03-0123,2003,-2.0597658245939128,-1.3161176578125486,ssm_fpar
wheat,IN,IN-03-0123,2004,-0.7848343206564483,-0.6729845787125992,ssm_fpar
wheat,IN,IN-03-0123,2005,-1.487044459818726,-0.9084270271723659,ssm_fpar
wheat,IN,IN-03-0123,2006,-1.4591793241476008,-0.7452409764767205,ssm_fpar
wheat,IN,IN-03-0123,2007,-0.22355557676506896,-0.44127978946274,ssm_fpar
wheat,IN,IN-03-0123,2008,-0.4355240871822817,-0.4006618872641561,ssm_fpar
wheat,IN,IN-03-0123,2009,-0.9909933335933809,-0.6235451991433506,ssm_fpar
wheat,IN,IN-03-0123,2010,-1.6410659247306394,-0.8208214091921054,ssm_fpar
wheat,IN,IN-03-0123,2011,-0.9037269572272011,0.02543126266503939,ssm_fpar
wheat,IN,IN-03-0123,2012,-0.43495938701976616,-0.1863669190825662,ssm_fpar
wheat,IN,IN-03-0123,2013,-1.1482942424121023,-0.21433543940779012,ssm_fpar
wheat,IN,IN-03-0123,2014,-0.6939175944902255,0.05097068052588363,ssm_fpar
wheat,IN,IN-03-0123,2015,-1.1617816444376272,-0.02031558034069446,ssm_fpar
wheat,IN,IN-03-0123,2016,-1.2902077484580348,0.06113079640633272,ssm_fpar
wheat,IN,IN-03-0123,2017,-1.3016583422023622,0.034094810773312306,ssm_fpar
wheat,IN,IN-03-0124,2003,-1.2441504850617127,-1.3238862734339372,ssm_fpar
wheat,IN,IN-03-0124,2004,-0.8527750276640523,-1.1064402404456126,ssm_fpar
wheat,IN,IN-03-0124,2005,-1.0013212376503697,-0.9635142579823334,ssm_fpar
wheat,IN,IN-03-0124,2006,-0.5131544606966206,-1.1367024952960265,ssm_fpar
wheat,IN,IN-03-0124,2007,0.20100284246103248,-1.0189474290813503,ssm_fpar
wheat,IN,IN-03-0124,2008,0.12678729476111084,-1.008501536440393,ssm_fpar
wheat,IN,IN-03-0124,2009,-0.1465152750025292,-0.9162257245580204,ssm_fpar
wheat,IN,IN-03-0124,2010,-0.7776896337865299,-0.7933116357719189,ssm_fpar
wheat,IN,IN-03-0124,2011,-0.19150165383527726,-0.35119242593064187,ssm_fpar
wheat,IN,IN-03-0124,2012,-0.2877283872324881,-0.9112772743364541,ssm_fpar
wheat,IN,IN-03-0124,2013,-0.6100772357795013,-0.7296210203822101,ssm_fpar
wheat,IN,IN-03-0124,2014,0.38826441488288627,-0.3898700543341402,ssm_fpar
wheat,IN,IN-03-0124,2015,-0.1906046249646309,-0.5003378131556669,ssm_fpar
wheat,IN,IN-03-0124,2016,-0.8539642704849874,-0.6233647085577569,ssm_fpar
wheat,IN,IN-03-0124,2017,-0.2267913791580282,-0.4801153471286397,ssm_fpar
wheat,IN,IN-03-0125,2003,-1.590627464655839,-0.8930157633174415,ssm_fpar
wheat,IN,IN-03-0125,2004,-1.1729210678844522,-0.621487731808318,ssm_fpar
wheat,IN,IN-03-0125,2005,-1.2706462856958038,-0.5112976026028238,ssm_fpar
wheat,IN,IN-03-0125,2006,-0.9260671129296033,-0.5579970348102783,ssm_fpar
wheat,IN,IN-03-0125,2007,-0.3520769919199026,-0.516642129387202,ssm_fpar
wheat,IN,IN-03-0125,2008,-0.4262958036833623,-0.4236995050636366,ssm_fpar
wheat,IN,IN-03-0125,2009,-0.5920243013045979,-0.1682620839190931,ssm_fpar
wheat,IN,IN-03-0125,2010,-1.0687427546592478,0.054977822207330274,ssm_fpar
wheat,IN,IN-03-0125,2011,-0.7600000682102956,0.34136624526327025,ssm_fpar
wheat,IN,IN-03-0125,2012,-0.6538590361247043,-0.04944412870038288,ssm_fpar
wheat,IN,IN-03-0125,2013,-0.9025209486815733,0.127283729541803,ssm_fpar
wheat,IN,IN-03-0125,2014,-0.15419988224190603,0.48520408120582476,ssm_fpar
wheat,IN,IN-03-0125,2015,-0.6603289986537599,0.3454887003743999,ssm_fpar
wheat,IN,IN-03-0125,2016,-1.1274771165562967,0.2641720512357628,ssm_fpar
wheat,IN,IN-03-0125,2017,-0.6926832471312928,0.32629402795975243,ssm_fpar
wheat,IN,IN-03-0126,2003,-1.3387876156869056,-1.5326913196372005,ssm_fpar
wheat,IN,IN-03-0126,2004,-0.9544828319240828,-1.4320678181713387,ssm_fpar
wheat,IN,IN-03-0126,2005,-1.2512420885571296,-1.642595045378755,ssm_fpar
wheat,IN,IN-03-0126,2006,-0.7899178300339396,-0.9199934655321843,ssm_fpar
wheat,IN,IN-03-0126,2007,-0.02211192985824316,-1.0859019158937921,ssm_fpar
wheat,IN,IN-03-0126,2008,-0.0624489355672319,-0.6544993345718626,ssm_fpar
wheat,IN,IN-03-0126,2009,-0.2818986192884259,-0.9664848322034841,ssm_fpar
wheat,IN,IN-03-0126,2010,-0.8552420629878339,-1.6193794438073756,ssm_fpar
wheat,IN,IN-03-0126,2011,-0.11493222906786651,-0.4177257680433757,ssm_fpar
wheat,IN,IN-03-0126,2012,-0.43804641457489085,-0.9470595329294703,ssm_fpar
wheat,IN,IN-03-0126,2013,-0.8633346863893905,-2.0311762352697076,ssm_fpar
wheat,IN,IN-03-0126,2014,0.008567394497243759,-0.22447299396503723,ssm_fpar
wheat,IN,IN-03-0126,2015,-0.18708158320174947,-1.024768250466599,ssm_fpar
wheat,IN,IN-03-0126,2016,-0.7965001603419103,-1.21222276448289,ssm_fpar
wheat,IN,IN-03-0126,2017,-0.552301932883448,-0.7469330757166176,ssm_fpar
wheat,IN,IN-03-0127,2003,-0.6083555545709827,-0.6749737353746057,ssm_fpar
wheat,IN,IN-03-0127,2004,0.3854241576726002,-0.6864856505367032,ssm_fpar
wheat,IN,IN-03-0127,2005,0.3903409074349031,-0.5815259880927564,ssm_fpar
wheat,IN,IN-03-0127,2006,0.472192706444379,-0.559838289464661,ssm_fpar
wheat,IN,IN-03-0127,2007,0.7514559416680727,-0.5355516517447623,ssm_fpar
wheat,IN,IN-03-0127,2008,0.5843037133680761,-0.48191085243318854,ssm_fpar
wheat,IN,IN-03-0127,2009,0.45065239714097255,-0.38328152125672243,ssm_fpar
wheat,IN,IN-03-0127,2011,0.7863866491754725,-0.04999813452559662,ssm_fpar
wheat,IN,IN-03-0127,2017,0.514763662689552,-0.2343598671534116,ssm_fpar
wheat,IN,IN-03-0128,2004,0.2729602310829612,-0.6080856791249168,ssm_fpar
wheat,IN,IN-03-0128,2005,0.4331857949899224,-0.6280123411366771,ssm_fpar
wheat,IN,IN-03-0128,2006,0.5082714742500527,-0.6346604110392046,ssm_fpar
wheat,IN,IN-03-0128,2007,0.716515389010815,-0.6435721337026563,ssm_fpar
wheat,IN,IN-03-0128,2008,0.764100473014129,-0.5488966744167483,ssm_fpar
wheat,IN,IN-03-0128,2009,0.504558664405823,-0.7080824771685906,ssm_fpar
wheat,IN,IN-03-0128,2010,0.6338932698816686,-0.26873831008073257,ssm_fpar
wheat,IN,IN-03-0128,2011,0.7890128718553535,-0.036499569515177466,ssm_fpar
wheat,IN,IN-03-0128,2012,0.3799789790262684,-0.6474852698707788,ssm_fpar
wheat,IN,IN-03-0128,2013,0.18629679148400458,-0.5646150229485497,ssm_fpar
wheat,IN,IN-03-0128,2014,1.2211716317880625,-0.42876577552857037,ssm_fpar
wheat,IN,IN-03-0128,2015,0.8397067067066998,-0.4011281546102585,ssm_fpar
wheat,IN,IN-03-0128,2016,0.24922774449541327,-0.42673838995780333,ssm_fpar
wheat,IN,IN-03-0128,2017,0.4926701958800569,-0.3206443943197005,ssm_fpar
wheat,IN,IN-03-0129,2003,-1.4265581489085286,-2.5900277313406694,ssm_fpar
wheat,IN,IN-03-0129,2004,-0.7607455970797423,-1.3332642634435004,ssm_fpar
wheat,IN,IN-03-0129,2005,-1.1393150612476688,-1.9038401271366732,ssm_fpar
wheat,IN,IN-03-0129,2006,-0.8685052201590912,-1.102379202269857,ssm_fpar
wheat,IN,IN-03-0129,2007,-0.10703148786186485,-1.294270776515209,ssm_fpar
wheat,IN,IN-03-0129,2008,-0.21445296034684783,-0.9570015560189961,ssm_fpar
wheat,IN,IN-03-0129,2009,-0.5909040198651023,-1.2279780885165907,ssm_fpar
wheat,IN,IN-03-0129,2010,-1.0349305208431467,-1.3071532920616296,ssm_fpar
wheat,IN,IN-03-0129,2011,-0.13467012317615773,-0.298195877737069,ssm_fpar
wheat,IN,IN-03-0129,2012,-0.335503972094197,-0.9341845378241234,ssm_fpar
wheat,IN,IN-03-0129,2013,-0.8325475493749482,-2.0239340505229517,ssm_fpar
wheat,IN,IN-03-0129,2014,-0.28598906363474713,-0.45022159389045735,ssm_fpar
wheat,IN,IN-03-0129,2015,-0.49895492775441475,-1.6069932773713322,ssm_fpar
wheat,IN,IN-03-0129,2016,-0.7642858267716892,-1.9281537131037314,ssm_fpar
wheat,IN,IN-03-0129,2017,-0.8726422829958312,-1.1458623925146765,ssm_fpar
wheat,IN,IN-03-0130,2003,-1.3410158815749467,-2.1845105081686143,ssm_fpar
wheat,IN,IN-03-0130,2004,-0.7706626462610348,-1.0782160251241362,ssm_fpar
wheat,IN,IN-03-0130,2005,-0.8660537732190045,-0.8315380377114524,ssm_fpar
wheat,IN,IN-03-0130,2006,-0.6673818994685229,-0.368880503318355,ssm_fpar
wheat,IN,IN-03-0130,2007,-0.33855714814356436,-0.45568895454559266,ssm_fpar
wheat,IN,IN-03-0130,2008,-0.3310723413378228,0.05039912700485708,ssm_fpar
wheat,IN,IN-03-0130,2009,-0.3694055841746478,-0.42930724728534103,ssm_fpar
wheat,IN,IN-03-0130,2010,-0.7946441590091698,-0.9172334636608929,ssm_fpar
wheat,IN,IN-03-0130,2011,-0.2533001996243483,0.6197792405684998,ssm_fpar
wheat,IN,IN-03-0130,2012,-0.5162819340808502,-0.07753109597240528,ssm_fpar
wheat,IN,IN-03-0130,2013,-0.7986067160885439,-1.6142655438823537,ssm_fpar
wheat,IN,IN-03-0130,2014,-0.31035045168166003,0.28294620565412293,ssm_fpar
wheat,IN,IN-03-0130,2015,-0.40790631422019913,-0.14092841416053267,ssm_fpar
wheat,IN,IN-03-0130,2016,-0.7291161477336389,-1.0203537515607295,ssm_fpar
wheat,IN,IN-03-0130,2017,-0.6002885832685827,-0.09672326157336857,ssm_fpar
wheat,IN,IN-03-0131,2003,-1.783857495602977,-0.39186297121669345,ssm_fpar
wheat,IN,IN-03-0131,2004,-1.1830049673964695,-0.12164600326678296,ssm_fpar
wheat,IN,IN-03-0131,2005,-1.3807308834288068,0.05933341099151011,ssm_fpar
wheat,IN,IN-03-0131,2006,-1.0106010368005003,0.051970899187692425,ssm_fpar
wheat,IN,IN-03-0131,2007,-0.35992274488090986,0.053572753134793386,ssm_fpar
wheat,IN,IN-03-0131,2008,-0.4349214677871284,0.11380396563404811,ssm_fpar
wheat,IN,IN-03-0131,2009,-0.6765904026600944,0.008728363056997441,ssm_fpar
wheat,IN,IN-03-0131,2010,-1.259660893639368,0.14919516129162166,ssm_fpar
wheat,IN,IN-03-0131,2011,-0.7915557346089962,0.35479649960067366,ssm_fpar
wheat,IN,IN-03-0131,2012,-0.5878977708369889,0.09483741326507207,ssm_fpar
wheat,IN,IN-03-0131,2013,-0.920908447794025,0.1418928130163345,ssm_fpar
wheat,IN,IN-03-0131,2014,-0.29277861795472915,0.40613855075967864,ssm_fpar
wheat,IN,IN-03-0131,2015,-0.6780030663081466,0.38145646318037874,ssm_fpar
wheat,IN,IN-03-0131,2016,-1.1137996082209527,0.04744359366583468,ssm_fpar
wheat,IN,IN-03-0131,2017,-0.7781789222614305,0.25117986259046926,ssm_fpar
wheat,IN,IN-03-0132,2003,-1.9252599741928862,-2.051977775258835,ssm_fpar
wheat,IN,IN-03-0132,2004,-0.5446111212759269,-1.4938933641766303,ssm_fpar
wheat,IN,IN-03-0132,2005,-1.6766154608443056,-1.7729618912614613,ssm_fpar
wheat,IN,IN-03-0132,2006,-1.6320008512149964,-1.834734794179296,ssm_fpar
wheat,IN,IN-03-0132,2007,-0.20520469465919364,-1.4831015312466238,ssm_fpar
wheat,IN,IN-03-0132,2008,-0.47912208666496087,-1.492893145514822,ssm_fpar
wheat,IN,IN-03-0132,2009,-1.1741386126998934,-1.4949236646027044,ssm_fpar
wheat,IN,IN-03-0132,2010,-1.4634723441182267,-1.4735129688872115,ssm_fpar
wheat,IN,IN-03-0132,2011,-0.15234626187886505,-0.8508505303694778,ssm_fpar
wheat,IN,IN-03-0132,2012,0.03539254052999105,-0.909111387309391,ssm_fpar
wheat,IN,IN-03-0132,2013,-1.2513364466824695,-1.474197329024236,ssm_fpar
wheat,IN,IN-03-0132,2014,-0.6021951528333735,-1.000635155085134,ssm_fpar
wheat,IN,IN-03-0132,2015,-1.2816974347836099,-1.502714841547295,ssm_fpar
wheat,IN,IN-03-0132,2016,-1.342849092613308,-1.0512627643428487,ssm_fpar
wheat,IN,IN-03-0132,2017,-1.495240412173198,-1.1517960205159137,ssm_fpar
wheat,IN,IN-03-0133,2003,-2.084107119205747,-0.9257315620657097,ssm_fpar
wheat,IN,IN-03-0133,2004,-1.1138548068294578,-0.3963000314457543,ssm_fpar
wheat,IN,IN-03-0133,2005,-1.3865976954564387,-0.539887812722857,ssm_fpar
wheat,IN,IN-03-0133,2006,-1.2038964993926857,-0.2493656538941867,ssm_fpar
wheat,IN,IN-03-0133,2007,-0.5611144099230837,-0.09194026105525795,ssm_fpar
wheat,IN,IN-03-0133,2008,-0.7072407939218446,0.07346431975490862,ssm_fpar
wheat,IN,IN-03-0133,2009,-0.9567087698749779,-0.06411462911028805,ssm_fpar
wheat,IN,IN-03-0133,2010,-1.4582401704013779,-0.17004756196889348,ssm_fpar
wheat,IN,IN-03-0133,2011,-1.0515991807302012,0.4341371528491682,ssm_fpar
wheat,IN,IN-03-0133,2012,-0.8142441265716961,0.22955859452511654,ssm_fpar
wheat,IN,IN-03-0133,2013,-1.1077739806410065,0.10941954849245412,ssm_fpar
wheat,IN,IN-03-0133,2014,-0.7298405775919405,0.33458907445577435,ssm_fpar
wheat,IN,IN-03-0133,2015,-0.9452230578330598,0.43561115929814237,ssm_fpar
wheat,IN,IN-03-0133,2016,-1.1676060082172899,0.2552333803251512,ssm_fpar
wheat,IN,IN-03-0133,2017,-1.0999158319663,0.25408275284202475,ssm_fpar
wheat,IN,IN-03-0134,2003,-1.3830501496322598,-1.1406958495021873,ssm_fpar
wheat,IN,IN-03-0134,2004,-1.127193551872726,-0.46205626131498173,ssm_fpar
wheat,IN,IN-03-0134,2005,-1.290234219582843,-0.4212678957855623,ssm_fpar
wheat,IN,IN-03-0134,2006,-0.8737413785972189,-0.3074535406895698,ssm_fpar
wheat,IN,IN-03-0134,2007,0.09487406984358766,-0.23451278278842386,ssm_fpar
wheat,IN,IN-03-0134,2008,-0.024549322596831187,-0.06631686493584847,ssm_fpar
wheat,IN,IN-03-0134,2009,-0.3932380103062844,-0.25627693923403055,ssm_fpar
wheat,IN,IN-03-0134,2010,-1.2204176595118483,-0.34638686408932995,ssm_fpar
wheat,IN,IN-03-0134,2011,-0.6410427667358524,0.09680024838335001,ssm_fpar
wheat,IN,IN-03-0134,2012,-0.22744598718621614,0.04692844345279261,ssm_fpar
wheat,IN,IN-03-0134,2013,-0.6154857631894336,-0.022436344721373815,ssm_fpar
wheat,IN,IN-03-0134,2014,0.333992097651754,0.31627680045955736,ssm_fpar
wheat,IN,IN-03-0134,2015,-0.2891780954676879,0.16019756657148715,ssm_fpar
wheat,IN,IN-03-0134,2016,-1.0073945923021586,-0.2607240267178497,ssm_fpar
wheat,IN,IN-03-0134,2017,-0.4555060268957794,0.12429498092140855,ssm_fpar
wheat,IN,IN-03-0135,2003,-1.3241211803170374,-2.348080101358629,ssm_fpar
wheat,IN,IN-03-0135,2004,-0.7800132799255631,-1.0748694288496705,ssm_fpar
wheat,IN,IN-03-0135,2005,-1.1227567237762257,-1.4906520540770996,ssm_fpar
wheat,IN,IN-03-0135,2006,-0.7542448244290431,-0.6284034040721197,ssm_fpar
wheat,IN,IN-03-0135,2007,-0.02604096999703943,-0.7238453216433647,ssm_fpar
wheat,IN,IN-03-0135,2008,-0.115747491957237,-0.31287577869831157,ssm_fpar
wheat,IN,IN-03-0135,2009,-0.42396475151156837,-0.6048042600063619,ssm_fpar
wheat,IN,IN-03-0135,2010,-0.9721380257807732,-1.1892478170256255,ssm_fpar
wheat,IN,IN-03-0135,2011,-0.07496238965822663,0.0724791419752375,ssm_fpar
wheat,IN,IN-03-0135,2012,-0.2965890496129685,-0.5595913683163148,ssm_fpar
wheat,IN,IN-03-0135,2013,-0.8349169392695399,-1.8974176704661323,ssm_fpar
wheat,IN,IN-03-0135,2014,-0.09968878924153116,0.02753698616358108,ssm_fpar
wheat,IN,IN-03-0135,2015,-0.3227853691268395,-1.115081227230684,ssm_fpar
wheat,IN,IN-03-0135,2016,-0.744183118988777,-1.2842234672507589,ssm_fpar
wheat,IN,IN-03-0135,2017,-0.7628559859146976,-0.8175349764461807,ssm_fpar
wheat,IN,IN-03-0136,2003,-1.7826954864395312,-1.291931919343626,ssm_fpar
wheat,IN,IN-03-0136,2004,-0.9579403706894057,-0.537375985406744,ssm_fpar
wheat,IN,IN-03-0136,2005,-1.1546531353271856,-0.7774059029168908,ssm_fpar
wheat,IN,IN-03-0136,2006,-1.014339655811237,-0.059444435208176265,ssm_fpar
wheat,IN,IN-03-0136,2007,-0.2622331671536133,0.2498788262860147,ssm_fpar
wheat,IN,IN-03-0136,2008,-0.4642558616168272,0.41690782236648355,ssm_fpar
wheat,IN,IN-03-0136,2009,-0.7511582603760939,-0.1222626794342128,ssm_fpar
wheat,IN,IN-03-0136,2010,-1.3685052117531094,-0.08431453381412306,ssm_fpar
wheat,IN,IN-03-0136,2011,-0.8979935397433955,0.636294129149894,ssm_fpar
wheat,IN,IN-03-0136,2012,-0.5228238351292878,0.48830688984905973,ssm_fpar
wheat,IN,IN-03-0136,2013,-0.7635816639516055,0.3659493137018568,ssm_fpar
wheat,IN,IN-03-0136,2014,-0.34163125878844725,0.7656381950476001,ssm_fpar
wheat,IN,IN-03-0136,2015,-0.5747050194372963,0.7176577810451977,ssm_fpar
wheat,IN,IN-03-0136,2016,-0.9726794195664902,0.4229993796301123,ssm_fpar
wheat,IN,IN-03-0136,2017,-0.7814859808692531,0.36479868621873035,ssm_fpar
wheat,IN,IN-03-0137,2003,-1.0720153880815002,-1.2495091112891463,ssm_fpar
wheat,IN,IN-03-0137,2004,-0.29835167036891175,-1.2444346936797173,ssm_fpar
wheat,IN,IN-03-0137,2005,-0.37147905471428394,-1.2397174970209386,ssm_fpar
wheat,IN,IN-03-0137,2006,0.007067865804202439,-1.2063869022155138,ssm_fpar
wheat,IN,IN-03-0137,2007,0.5127968263367877,-1.0759899745685317,ssm_fpar
wheat,IN,IN-03-0137,2008,0.5064191400711158,-1.1467259898304427,ssm_fpar
wheat,IN,IN-03-0137,2009,0.2741884505644014,-1.1285954598266619,ssm_fpar
wheat,IN,IN-03-0137,2010,-0.16458717751429816,-0.9609949102251569,ssm_fpar
wheat,IN,IN-03-0137,2011,0.2014447204966877,-0.8186404812829039,ssm_fpar
wheat,IN,IN-03-0137,2012,-0.060144740598698364,-1.2026724310322283,ssm_fpar
wheat,IN,IN-03-0137,2013,-0.19930519392616017,-1.0932493868154824,ssm_fpar
wheat,IN,IN-03-0137,2014,0.8078465367496859,-0.9930319891672008,ssm_fpar
wheat,IN,IN-03-0137,2015,0.2240482977741619,-0.9883467543829513,ssm_fpar
wheat,IN,IN-03-0137,2016,-0.42007019527134964,-1.0628837259003976,ssm_fpar
wheat,IN,IN-03-0137,2017,0.22714411175352084,-0.9832027726936637,ssm_fpar
wheat,IN,IN-03-0138,2003,-1.8154336638492454,-2.0597388704391597,ssm_fpar
wheat,IN,IN-03-0138,2004,-0.9324542966670331,-1.6706538109967757,ssm_fpar
wheat,IN,IN-03-0138,2005,-1.640124254495274,-1.608534967789902,ssm_fpar
wheat,IN,IN-03-0138,2006,-1.0175701042800271,-1.2746950684198772,ssm_fpar
wheat,IN,IN-03-0138,2007,0.07306070194767762,-1.3210360262698488,ssm_fpar
wheat,IN,IN-03-0138,2008,-0.029866565286370522,-1.1346268535617599,ssm_fpar
wheat,IN,IN-03-0138,2009,-0.5970002496451254,-1.0965132582382149,ssm_fpar
wheat,IN,IN-03-0138,2010,-1.4481983275790564,-1.5877033460365089,ssm_fpar
wheat,IN,IN-03-0138,2011,-0.3435004776979435,-0.6473699564410957,ssm_fpar
wheat,IN,IN-03-0138,2012,-0.3122539720369025,-0.9633713696020794,ssm_fpar
wheat,IN,IN-03-0138,2013,-1.0404712657628334,-1.2811400864136195,ssm_fpar
wheat,IN,IN-03-0138,2014,-0.1693953287123195,-0.6638397223760868,ssm_fpar
wheat,IN,IN-03-0138,2015,-0.5497015915024204,-0.8897011289175051,ssm_fpar
wheat,IN,IN-03-0138,2016,-0.9977607167197942,-1.0879775576280684,ssm_fpar
wheat,IN,IN-03-0138,2017,-1.0463049908820896,-0.9308680233139237,ssm_fpar
wheat,IN,IN-03-0518,2003,-1.949560758947889,-0.22239735223076115,ssm_fpar
wheat,IN,IN-03-0518,2004,-1.119811008514564,-0.11489264718933079,ssm_fpar
wheat,IN,IN-03-0518,2005,-1.326121470879723,-0.16499382557240205,ssm_fpar
wheat,IN,IN-03-0518,2006,-1.1139871165285837,0.01706101175835831,ssm_fpar
wheat,IN,IN-03-0518,2007,-0.5011329146952351,0.02755954748678307,ssm_fpar
wheat,IN,IN-03-0518,2008,-0.6328398581960245,0.28260778580614726,ssm_fpar
wheat,IN,IN-03-0518,2009,-0.853137875430374,0.1794649365831089,ssm_fpar
wheat,IN,IN-03-0518,2010,-1.3372113918556687,0.18924150996917904,ssm_fpar
wheat,IN,IN-03-0518,2011,-0.9671462086721743,0.5028138206657728,ssm_fpar
wheat,IN,IN-03-0518,2012,-0.7406600101790866,0.18016433760226155,ssm_fpar
wheat,IN,IN-03-0518,2013,-1.0242110215286997,0.269386850411751,ssm_fpar
wheat,IN,IN-03-0518,2014,-0.5904620397309878,0.3936019755023071,ssm_fpar
wheat,IN,IN-03-0518,2015,-0.8655440977243157,0.427015295159465,ssm_fpar
wheat,IN,IN-03-0518,2016,-1.1228486744629007,0.19764184264013546,ssm_fpar
wheat,IN,IN-03-0518,2017,-0.9804816878023915,0.2098851206959145,ssm_fpar
wheat,IN,IN-03-1001,2003,-1.8718275816999355,-0.34086686034673747,ssm_fpar
wheat,IN,IN-03-1001,2004,-1.2624617042373139,-0.2539080002981724,ssm_fpar
wheat,IN,IN-03-1001,2005,-1.4484089934501907,-0.07947136976749163,ssm_fpar
wheat,IN,IN-03-1001,2006,-1.0653709222829686,-0.16861867816631218,ssm_fpar
wheat,IN,IN-03-1001,2007,-0.5917874051148128,-0.21101892489759005,ssm_fpar
wheat,IN,IN-03-1001,2008,-0.6262188860107722,-0.14437277616885882,ssm_fpar
wheat,IN,IN-03-1001,2009,-0.7831397637430666,-0.10529656438884394,ssm_fpar
wheat,IN,IN-03-1001,2010,-1.2373982157569623,0.06213853550920514,ssm_fpar
wheat,IN,IN-03-1001,2011,-0.8382108020998805,0.21814256498661622,ssm_fpar
wheat,IN,IN-03-1001,2012,-0.7892479762434629,0.07568284986943942,ssm_fpar
wheat,IN,IN-03-1001,2013,-1.07013463696558,0.1683422042461907,ssm_fpar
wheat,IN,IN-03-1001,2014,-0.49236890080943474,0.26765714896652393,ssm_fpar
wheat,IN,IN-03-1001,2015,-0.7965341925667071,0.40995141438024607,ssm_fpar
wheat,IN,IN-03-1001,2016,-1.1791701167000248,0.11120189302513905,ssm_fpar
wheat,IN,IN-03-1001,2017,-0.8659994078329047,0.3326488006606977,ssm_fpar
wheat,IN,IN-03-1002,2003,-1.0716333222042318,-1.59333615639509,ssm_fpar
wheat,IN,IN-03-1002,2004,-0.6269242246210048,-0.5445053635375019,ssm_fpar
wheat,IN,IN-03-1002,2005,-0.6732059993364532,-0.5061887163051813,ssm_fpar
wheat,IN,IN-03-1002,2006,-0.486302154167751,-0.8012005784503703,ssm_fpar
wheat,IN,IN-03-1002,2007,0.6518540337477556,-0.471511962548898,ssm_fpar
wheat,IN,IN-03-1002,2008,0.4676592212504035,-0.22627037937985983,ssm_fpar
wheat,IN,IN-03-1002,2009,0.07218142611492302,-0.909239234807517,ssm_fpar
wheat,IN,IN-03-1002,2010,-0.6646965409883633,-1.07671945735196,ssm_fpar
wheat,IN,IN-03-1002,2011,-0.2835237236748943,-0.2710320446059323,ssm_fpar
wheat,IN,IN-03-1002,2012,0.3541058039552714,-0.17159677282853655,ssm_fpar
wheat,IN,IN-03-1002,2013,0.11585806104731104,-0.09345939015063541,ssm_fpar
wheat,IN,IN-03-1002,2014,1.2773054494355078,0.3526832556610677,ssm_fpar
wheat,IN,IN-03-1002,2015,0.540992180885356,-0.06249773428105914,ssm_fpar
wheat,IN,IN-03-1002,2016,-0.4220801749123394,-0.7241010166396169,ssm_fpar
wheat,IN,IN-03-1002,2017,0.3271676773578813,0.19550603737732747,ssm_fpar
wheat,IN,IN-03-1003,2003,-1.1785698480928704,-1.2320591812018538,ssm_fpar
wheat,IN,IN-03-1003,2004,-0.4404203697679322,-1.0781351803826766,ssm_fpar
wheat,IN,IN-03-1003,2005,-0.4140979545875132,-1.0264415486038314,ssm_fpar
wheat,IN,IN-03-1003,2006,0.03660103803321386,-1.0687659642210194,ssm_fpar
wheat,IN,IN-03-1003,2007,0.8822938583532435,-1.0684400784414874,ssm_fpar
wheat,IN,IN-03-1003,2008,0.921772828937473,-0.9248466568335844,ssm_fpar
wheat,IN,IN-03-1003,2009,0.5542834738015203,-0.8222822548692253,ssm_fpar
wheat,IN,IN-03-1003,2010,0.184351031599945,-0.6491065516239656,ssm_fpar
wheat,IN,IN-03-1003,2011,0.39661421477749054,-0.3278239087242403,ssm_fpar
wheat,IN,IN-03-1003,2012,0.3915599875923107,-0.8502188133199103,ssm_fpar
wheat,IN,IN-03-1003,2013,-0.022680222359337494,-0.7085888535337161,ssm_fpar
wheat,IN,IN-03-1003,2014,1.445947879000339,-0.5546974412924799,ssm_fpar
wheat,IN,IN-03-1003,2015,0.6455708001474291,-0.7076682262065245,ssm_fpar
wheat,IN,IN-03-1003,2016,-0.43759172557622583,-0.7677697110973898,ssm_fpar
wheat,IN,IN-03-1003,2017,0.5096721078139513,-0.5357553303569691,ssm_fpar
wheat,IN,IN-03-1004,2003,-0.7857523003670163,-0.6723666491383269,ssm_fpar
wheat,IN,IN-03-1004,2004,0.14256657182979082,-0.6736701922564663,ssm_fpar
wheat,IN,IN-03-1004,2005,0.22586174407821213,-0.5647184290132015,ssm_fpar
wheat,IN,IN-03-1004,2006,0.3194334713794277,-0.5577689147646068,ssm_fpar
wheat,IN,IN-03-1004,2007,0.5317070441130337,-0.5486767015155614,ssm_fpar
wheat,IN,IN-03-1004,2008,0.4844667833052286,-0.47938523764179014,ssm_fpar
wheat,IN,IN-03-1004,2009,0.3007346635586515,-0.4664475721942275,ssm_fpar
wheat,IN,IN-03-1004,2010,0.35706210872274413,-0.06926613124063925,ssm_fpar
wheat,IN,IN-03-1004,2011,0.5988074666577287,0.0350987896556477,ssm_fpar
wheat,IN,IN-03-1004,2012,0.20569351449345213,-0.5067270545448358,ssm_fpar
wheat,IN,IN-03-1004,2013,0.09410723086457966,-0.34594315806642045,ssm_fpar
wheat,IN,IN-03-1004,2014,0.8662537846246653,-0.2237930207519704,ssm_fpar
wheat,IN,IN-03-1004,2015,0.4710481463299421,-0.18208778811588727,ssm_fpar
wheat,IN,IN-03-1004,2016,0.1249066612474352,-0.26509904330811607,ssm_fpar
wheat,IN,IN-03-1004,2017,0.3531363741049871,-0.166591919298966,ssm_fpar
wheat,IN,IN-03-1005,2003,-2.170871844911601,-1.7053230443119947,ssm_fpar
wheat,IN,IN-03-1005,2004,-0.7751750287499052,-1.0842775006234995,ssm_fpar
wheat,IN,IN-03-1005,2005,-1.3975147657191642,-1.1750717856158241,ssm_fpar
wheat,IN,IN-03-1005,2006,-1.2894735375871893,-1.0429000338772219,ssm_fpar
wheat,IN,IN-03-1005,2007,-0.23211254576969448,-0.7837907573821017,ssm_fpar
wheat,IN,IN-03-1005,2008,-0.42402524171600753,-0.7228375825404924,ssm_fpar
wheat,IN,IN-03-1005,2009,-0.9183484205949873,-0.8763222642607171,ssm_fpar
wheat,IN,IN-03-1005,2010,-1.4721129710606935,-1.110493758180295,ssm_fpar
wheat,IN,IN-03-1005,2011,-0.8326692560813017,-0.259397922276509,ssm_fpar
wheat,IN,IN-03-1005,2012,-0.43515315668337534,-0.4988111636192252,ssm_fpar
wheat,IN,IN-03-1005,2013,-1.1453645794119722,-0.7355471279423829,ssm_fpar
wheat,IN,IN-03-1005,2014,-0.5963865282741924,-0.27768011450845964,ssm_fpar
wheat,IN,IN-03-1005,2015,-1.0337742842097515,-0.2844259501448482,ssm_fpar
wheat,IN,IN-03-1005,2016,-1.1571727449115188,-0.20542371674433837,ssm_fpar
wheat,IN,IN-03-1005,2017,-1.2165229938589428,-0.20965772506461403,ssm_fpar
wheat,IN,IN-03-1006,2003,-1.3383214424308538,-2.2803058864699723,ssm_fpar
wheat,IN,IN-03-1006,2004,-0.7158261489239415,-1.491802681560226,ssm_fpar
wheat,IN,IN-03-1006,2005,-0.8417013503445675,-1.4669852260417364,ssm_fpar
wheat,IN,IN-03-1006,2006,-0.6558837802997243,-1.219750725990164,ssm_fpar
wheat,IN,IN-03-1006,2007,-0.39376405719565166,-0.9220390255021951,ssm_fpar
wheat,IN,IN-03-1006,2008,-0.30045817624200183,-0.4695115252252811,ssm_fpar
wheat,IN,IN-03-1006,2009,-0.33802347162008617,-0.8130302322475145,ssm_fpar
wheat,IN,IN-03-1006,2010,-0.8251899483850574,-0.9311989227208354,ssm_fpar
wheat,IN,IN-03-1006,2011,-0.10032431160161388,0.18283409418076615,ssm_fpar
wheat,IN,IN-03-1006,2012,-0.4712817872774256,-0.4084906664140762,ssm_fpar
wheat,IN,IN-03-1006,2013,-0.7364128676758794,-1.7886720926487685,ssm_fpar
wheat,IN,IN-03-1006,2014,-0.39053358975967745,-0.015276884826341389,ssm_fpar
wheat,IN,IN-03-1006,2015,-0.5176143786870158,-0.3562687236503249,ssm_fpar
wheat,IN,IN-03-1006,2016,-0.7361261635007755,-1.565525565332258,ssm_fpar
wheat,IN,IN-03-1006,2017,-0.6404617933557483,-0.7327344829836144,ssm_fpar
wheat,IN,IN-03-2001,2008,0.4380674928559271,-0.6367799220130325,ssm_fpar
wheat,IN,IN-03-2001,2009,0.06249016810130257,-0.654760669898906,ssm_fpar
wheat,IN,IN-03-2001,2010,-0.08625832250649622,-0.3715333389044586,ssm_fpar
wheat,IN,IN-03-2001,2011,0.05127552719018797,0.0018584401430198276,ssm_fpar
wheat,IN,IN-03-2001,2012,-0.06803007985995257,-0.7393524711218866,ssm_fpar
wheat,IN,IN-03-2001,2013,-0.38837377611574875,-0.6309710079928053,ssm_fpar
wheat,IN,IN-03-2001,2014,0.9877793129439085,-0.292400124488717,ssm_fpar
wheat,IN,IN-03-2001,2015,0.3098523745319129,-0.47045596728251654,ssm_fpar
wheat,IN,IN-03-2001,2016,-0.620333627240333,-0.5004700475777509,ssm_fpar
wheat,IN,IN-03-2001,2017,0.03740695753165836,-0.40795107476756887,ssm_fpar
wheat,IN,IN-03-2050,2014,0.3940990666848604,0.7265695037086495,ssm_fpar
wheat,IN,IN-03-2050,2015,-0.042216362899284245,0.506107773852771,ssm_fpar
wheat,IN,IN-03-2050,2016,-0.6987161366377497,0.16504073061811858,ssm_fpar
wheat,IN,IN-03-2050,2017,-0.41244830561837986,0.4689943971910347,ssm_fpar
wheat,IN,IN-03-2051,2014,-0.11454781018717408,-0.16034619299348252,ssm_fpar
wheat,IN,IN-03-2051,2015,-0.36945799323056555,-0.9517748494779857,ssm_fpar
wheat,IN,IN-03-2051,2016,-1.036154983593677,-1.4236298832950527,ssm_fpar
wheat,IN,IN-03-2051,2017,-0.9520969603035394,-1.07282386887966,ssm_fpar
wheat,IN,IN-03-2052,2014,1.029707789481283,0.5119837451391714,ssm_fpar
wheat,IN,IN-03-2052,2015,0.1316979268882337,0.24059421508635406,ssm_fpar
wheat,IN,IN-03-2052,2016,-0.9949473641517103,-0.009091322049378743,ssm_fpar
wheat,IN,IN-03-2052,2017,-0.010590972290691674,0.4504320685293756,ssm_fpar
wheat,IN,IN-03-2053,2014,-0.6275042250374901,-0.7290118646558439,ssm_fpar
wheat,IN,IN-03-2053,2015,-0.6800144953016878,-1.7359237190103936,ssm_fpar
wheat,IN,IN-03-2053,2016,-0.8318059996474667,-2.5179443037210683,ssm_fpar
wheat,IN,IN-03-2053,2017,-0.8093785224483685,-1.619289198514579,ssm_fpar
wheat,IN,IN-03-2054,2014,-0.6961382312049049,0.1602040126638264,ssm_fpar
wheat,IN,IN-03-2054,2015,-0.7555044391709596,0.025468864870378357,ssm_fpar
wheat,IN,IN-03-2054,2016,-0.9416281579507032,-0.3152656674342751,ssm_fpar
wheat,IN,IN-03-2054,2017,-0.7843664812549626,0.2743175738793777,ssm_fpar
wheat,IN,IN-03-2055,2014,0.8278606268144014,0.4789965838090921,ssm_fpar
wheat,IN,IN-03-2055,2015,0.14516817952715189,0.24258399845179118,ssm_fpar
wheat,IN,IN-03-2055,2016,-0.712098997768161,-0.2021598453215962,ssm_fpar
wheat,IN,IN-03-2055,2017,-0.17971795639808075,0.30278512918678097,ssm_fpar
wheat,IN,IN-03-2056,2014,-0.42396475151156837,-0.450402084476051,ssm_fpar
wheat,IN,IN-03-2056,2015,-0.7223298315904689,-1.1171643894060244,ssm_fpar
wheat,IN,IN-03-2056,2016,-1.0004523783502612,-0.9025911649049897,ssm_fpar
wheat,IN,IN-03-2056,2017,-1.1405853816780664,-0.8479551605589862,ssm_fpar
wheat,IN,IN-04-0177,2003,-0.25633458076180826,0.6761324122912867,ssm_fpar
wheat,IN,IN-04-0177,2004,1.4870840617573118,1.2886184406395915,ssm_fpar
wheat,IN,IN-04-0177,2005,0.9824478280309719,1.2284912609084184,ssm_fpar
wheat,IN,IN-04-0177,2006,0.3747910956110867,0.897571799485772,ssm_fpar
wheat,IN,IN-04-0177,2007,0.3221320215191082,1.456351851366602,ssm_fpar
wheat,IN,IN-04-0177,2008,-0.30727709276636317,0.9451837118759331,ssm_fpar
wheat,IN,IN-04-0177,2009,0.2605322930336891,1.525082415677517,ssm_fpar
wheat,IN,IN-04-0177,2010,-1.457864330131491,1.2702140412403151,ssm_fpar
wheat,IN,IN-04-0177,2011,-0.050711885278743915,1.5857040644087934,ssm_fpar
wheat,IN,IN-04-0177,2012,-0.3962505594462502,1.1578893601788658,ssm_fpar
wheat,IN,IN-04-0177,2013,-0.2536056398300449,1.2192486388380457,ssm_fpar
wheat,IN,IN-04-0177,2014,-0.47754665503185123,1.782302808058176,ssm_fpar
wheat,IN,IN-04-0177,2015,-0.005103458110080788,1.6973199438997624,ssm_fpar
wheat,IN,IN-04-0177,2016,-1.8500797113045282,1.4822271822617372,ssm_fpar
wheat,IN,IN-04-0177,2017,-1.4322390664594444,1.5653995002334544,ssm_fpar
wheat,IN,IN-04-0178,2003,-0.12277329516341952,0.7720243029196534,ssm_fpar
wheat,IN,IN-04-0178,2004,0.9310125880103741,1.1139925456754012,ssm_fpar
wheat,IN,IN-04-0178,2005,0.7679251974438205,1.3272684940925277,ssm_fpar
wheat,IN,IN-04-0178,2006,-0.03990158254243724,0.8420245683639146,ssm_fpar
wheat,IN,IN-04-0178,2007,0.35966235778584976,1.5316477607283117,ssm_fpar
wheat,IN,IN-04-0178,2008,-0.22647005109532817,1.2401673723671296,ssm_fpar
wheat,IN,IN-04-0178,2009,-0.11081330890089762,1.7670024707089762,ssm_fpar
wheat,IN,IN-04-0178,2010,-1.6490770591235657,1.2594679576601324,ssm_fpar
wheat,IN,IN-04-0178,2011,-0.34062810006056954,1.7145837430706607,ssm_fpar
wheat,IN,IN-04-0178,2012,-0.7702804866006192,1.2722426802179245,ssm_fpar
wheat,IN,IN-04-0178,2013,-0.4818340181104877,1.6100803207180576,ssm_fpar
wheat,IN,IN-04-0178,2014,-0.9645954198307973,2.0988030771432116,ssm_fpar
wheat,IN,IN-04-0178,2015,-0.08426247711234978,2.157935051839955,ssm_fpar
wheat,IN,IN-04-0178,2016,-1.8396300391647789,2.116686059295234,ssm_fpar
wheat,IN,IN-04-0178,2017,-1.4342268582744075,2.2310067907563433,ssm_fpar
wheat,IN,IN-04-0179,2003,-1.4721246500254075,-0.43495885874658763,ssm_fpar
wheat,IN,IN-04-0179,2004,0.3562719065823535,0.09719399719060524,ssm_fpar
wheat,IN,IN-04-0179,2005,-0.17991835325184166,0.42781675930737767,ssm_fpar
wheat,IN,IN-04-0179,2006,-0.6884566117420599,-0.1886450755512657,ssm_fpar
wheat,IN,IN-04-0179,2007,-0.682337919392837,0.3338219894670261,ssm_fpar
wheat,IN,IN-04-0179,2008,-1.2147040149630306,-0.10434307989652603,ssm_fpar
wheat,IN,IN-04-0179,2009,-0.825818806717752,0.5563786993341978,ssm_fpar
wheat,IN,IN-04-0179,2010,-1.972644573101581,0.3131794530890053,ssm_fpar
wheat,IN,IN-04-0179,2011,-1.0135378864783202,0.8829232336956375,ssm_fpar
wheat,IN,IN-04-0179,2012,-1.206997518627421,0.4452469930013982,ssm_fpar
wheat,IN,IN-04-0179,2013,-1.1706028269066837,0.813977441523739,ssm_fpar
wheat,IN,IN-04-0179,2014,-1.1995766941387371,0.9613104024518142,ssm_fpar
wheat,IN,IN-04-0179,2015,-1.1705245316597517,0.8853953101089809,ssm_fpar
wheat,IN,IN-04-0179,2016,-2.301452868910486,0.5722656310865617,ssm_fpar
wheat,IN,IN-04-0179,2017,-2.107965629197887,0.9425533480839626,ssm_fpar
wheat,IN,IN-04-0180,2003,-0.6894223566264693,1.242231106736384,ssm_fpar
wheat,IN,IN-04-0180,2004,1.9665548169736753,1.3177739372464392,ssm_fpar
wheat,IN,IN-04-0180,2005,0.9722728865053846,1.4485619278288544,ssm_fpar
wheat,IN,IN-04-0180,2006,0.3682559798606478,0.9201832589581649,ssm_fpar
wheat,IN,IN-04-0180,2007,0.24446331032366994,1.429166710319106,ssm_fpar
wheat,IN,IN-04-0180,2008,-0.4922836328158362,0.9601092805786695,ssm_fpar
wheat,IN,IN-04-0180,2009,0.3237985380646122,1.1472103338648474,ssm_fpar
wheat,IN,IN-04-0180,2010,-1.0983673163385161,1.2377714851841213,ssm_fpar
wheat,IN,IN-04-0180,2011,0.011530922506731926,1.6219682579334704,ssm_fpar
wheat,IN,IN-04-0180,2012,-0.09655343867631279,1.2083063970867114,ssm_fpar
wheat,IN,IN-04-0180,2013,0.07968947347486559,1.3182853272389343,ssm_fpar
wheat,IN,IN-04-0180,2014,0.15012730860030307,1.517095707265205,ssm_fpar
wheat,IN,IN-04-0180,2015,-0.22151633410985697,1.3136677764242903,ssm_fpar
wheat,IN,IN-04-0180,2016,-1.8370383118723792,1.0164373841645606,ssm_fpar
wheat,IN,IN-04-0180,2017,-1.4229885543905725,1.414118307745622,ssm_fpar
wheat,IN,IN-04-0181,2003,-0.3497124549016213,1.8353614568635737,ssm_fpar
wheat,IN,IN-04-0181,2004,1.2659648090246902,2.0112153486970135,ssm_fpar
wheat,IN,IN-04-0181,2005,0.5702301830222061,2.227788668683435,ssm_fpar
wheat,IN,IN-04-0181,2006,0.1815686815149961,1.8116399347113694,ssm_fpar
wheat,IN,IN-04-0181,2007,0.016814144605033225,2.344240989402503,ssm_fpar
wheat,IN,IN-04-0181,2008,-0.5574016165593672,1.771378227948744,ssm_fpar
wheat,IN,IN-04-0181,2009,-0.03865888866916199,2.3349236187057816,ssm_fpar
wheat,IN,IN-04-0181,2010,-1.1948699812831072,2.28223085075286,ssm_fpar
wheat,IN,IN-04-0181,2011,-0.09058174646623517,2.434149913378401,ssm_fpar
wheat,IN,IN-04-0181,2012,-0.4368594369783655,1.997510370368543,ssm_fpar
wheat,IN,IN-04-0181,2013,-0.4399790575846077,1.84786287975626,ssm_fpar
wheat,IN,IN-04-0181,2014,-0.474709696715646,2.490818487841661,ssm_fpar
wheat,IN,IN-04-0181,2015,-0.47673574468212243,2.5763812805577464,ssm_fpar
wheat,IN,IN-04-0181,2016,-1.6482442603260061,2.5452206748381423,ssm_fpar
wheat,IN,IN-04-0181,2017,-1.3016106601963493,2.6547479227420814,ssm_fpar
wheat,IN,IN-04-0182,2003,-1.8659036587547837,0.4649886879745583,ssm_fpar
wheat,IN,IN-04-0182,2004,0.4340875404851126,0.8474552221043179,ssm_fpar
wheat,IN,IN-04-0182,2005,-0.32329664562443344,0.7944661943518184,ssm_fpar
wheat,IN,IN-04-0182,2006,-0.8301735608585641,0.6479921752283752,ssm_fpar
wheat,IN,IN-04-0182,2007,-0.81066640714642,1.2098588309925289,ssm_fpar
wheat,IN,IN-04-0182,2008,-1.4624470686861826,0.7258555989817217,ssm_fpar
wheat,IN,IN-04-0182,2009,-1.0339543247839214,0.9141035195304993,ssm_fpar
wheat,IN,IN-04-0182,2010,-2.090464352102934,0.7961980444944949,ssm_fpar
wheat,IN,IN-04-0182,2011,-1.1615807382312449,1.5130652880280773,ssm_fpar
wheat,IN,IN-04-0182,2012,-1.2780778240910764,1.0306402742924536,ssm_fpar
wheat,IN,IN-04-0182,2013,-1.2509841469561875,1.2132038157439071,ssm_fpar
wheat,IN,IN-04-0182,2014,-1.0700296760559154,1.2187764625739672,ssm_fpar
wheat,IN,IN-04-0182,2015,-1.4234522554195113,1.0659825870830966,ssm_fpar
wheat,IN,IN-04-0182,2016,-2.4576368106320454,0.7311558984103134,ssm_fpar
wheat,IN,IN-04-0182,2017,-2.184464615036161,0.9329234232986836,ssm_fpar
wheat,IN,IN-04-0183,2003,-0.3945972911022984,0.7447732684837671,ssm_fpar
wheat,IN,IN-04-0183,2004,0.5999654935811618,0.6821403494125857,ssm_fpar
wheat,IN,IN-04-0183,2005,0.10856512761936433,1.051387559671036,ssm_fpar
wheat,IN,IN-04-0183,2006,-0.3162423092980368,0.5217347132139929,ssm_fpar
wheat,IN,IN-04-0183,2007,-0.21391600128321087,0.7758488053180667,ssm_fpar
wheat,IN,IN-04-0183,2008,-0.675069424952162,0.4576981575352343,ssm_fpar
wheat,IN,IN-04-0183,2009,-0.5529470997675237,0.711896048839756,ssm_fpar
wheat,IN,IN-04-0183,2010,-1.1052982940054183,0.7810373724793852,ssm_fpar
wheat,IN,IN-04-0183,2011,-0.25582641237733317,1.01801452809102,ssm_fpar
wheat,IN,IN-04-0183,2012,-0.6423202079673505,0.8883492319249059,ssm_fpar
wheat,IN,IN-04-0183,2013,-0.7507418700325657,0.9995996537916811,ssm_fpar
wheat,IN,IN-04-0183,2014,-0.6589189531867582,1.2182736673712509,ssm_fpar
wheat,IN,IN-04-0183,2015,-0.7703938278896495,1.194258213175046,ssm_fpar
wheat,IN,IN-04-0183,2016,-1.36146447498188,1.1969258210561007,ssm_fpar
wheat,IN,IN-04-0183,2017,-1.2522566225562541,1.309551946463627,ssm_fpar
wheat,IN,IN-04-0184,2003,-0.4082171514971484,2.228806321094976,ssm_fpar
wheat,IN,IN-04-0184,2004,1.0911590788507533,2.0825398954453824,ssm_fpar
wheat,IN,IN-04-0184,2005,0.37822630687273207,2.472463711958806,ssm_fpar
wheat,IN,IN-04-0184,2006,0.07917907310835662,2.1003421468020167,ssm_fpar
wheat,IN,IN-04-0184,2007,-0.12426888693503364,2.4796643063875456,ssm_fpar
wheat,IN,IN-04-0184,2008,-0.6244686647182088,2.125343511288396,ssm_fpar
wheat,IN,IN-04-0184,2009,-0.26557415542115725,2.245443530789776,ssm_fpar
wheat,IN,IN-04-0184,2010,-1.047522317337616,2.256625116275343,ssm_fpar
wheat,IN,IN-04-0184,2011,-0.19295037811362672,2.4512589168040235,ssm_fpar
wheat,IN,IN-04-0184,2012,-0.5069727198827658,2.2972156714155068,ssm_fpar
wheat,IN,IN-04-0184,2013,-0.5749706566593092,2.209033942071151,ssm_fpar
wheat,IN,IN-04-0184,2014,-0.4745608128878073,2.663970490302947,ssm_fpar
wheat,IN,IN-04-0184,2015,-0.6634312043239546,2.4328967344261847,ssm_fpar
wheat,IN,IN-04-0184,2016,-1.4707911096463866,2.388271120815774,ssm_fpar
wheat,IN,IN-04-0184,2017,-1.1402319505058245,2.582792342620606,ssm_fpar
wheat,IN,IN-04-0185,2003,-0.3535821678771238,1.6466202637485041,ssm_fpar
wheat,IN,IN-04-0185,2004,0.7593406016145852,1.4622259425427295,ssm_fpar
wheat,IN,IN-04-0185,2005,0.23293671985433745,1.9716587402573713,ssm_fpar
wheat,IN,IN-04-0185,2006,-0.16143390318447315,1.4509747360042637,ssm_fpar
wheat,IN,IN-04-0185,2007,-0.11418144662067808,1.7268859312481295,ssm_fpar
wheat,IN,IN-04-0185,2008,-0.6116605806264026,1.5114021066746617,ssm_fpar
wheat,IN,IN-04-0185,2009,-0.41983372707830224,1.6771394670020132,ssm_fpar
wheat,IN,IN-04-0185,2010,-1.011760820316108,1.692301302894916,ssm_fpar
wheat,IN,IN-04-0185,2011,-0.17490656621898376,1.829768071847545,ssm_fpar
wheat,IN,IN-04-0185,2012,-0.6086253761030179,1.7385282007220475,ssm_fpar
wheat,IN,IN-04-0185,2013,-0.6788568127843385,1.8308679363534783,ssm_fpar
wheat,IN,IN-04-0185,2014,-0.6036204430090284,1.920119904223812,ssm_fpar
wheat,IN,IN-04-0185,2015,-0.6990155893340079,1.861688583953064,ssm_fpar
wheat,IN,IN-04-0185,2016,-1.334207490236683,1.8700557013426393,ssm_fpar
wheat,IN,IN-04-0185,2017,-1.1526764771479978,2.0334874197797785,ssm_fpar
wheat,IN,IN-04-0186,2003,-0.526785891845099,0.9134505840936508,ssm_fpar
wheat,IN,IN-04-0186,2004,1.6065715440904693,1.1868769002685626,ssm_fpar
wheat,IN,IN-04-0186,2005,0.6710941531201241,1.6221218002719042,ssm_fpar
wheat,IN,IN-04-0186,2006,0.2424547083221228,1.0685396265746712,ssm_fpar
wheat,IN,IN-04-0186,2007,0.011619447428791918,1.320742631357326,ssm_fpar
wheat,IN,IN-04-0186,2008,-0.5421350305440296,0.6872369702289616,ssm_fpar
wheat,IN,IN-04-0186,2009,0.08829788255374964,1.540813298277762,ssm_fpar
wheat,IN,IN-04-0186,2010,-1.2286740436117622,1.583634689708748,ssm_fpar
wheat,IN,IN-04-0186,2011,-0.0692446275506033,1.4518872161869605,ssm_fpar
wheat,IN,IN-04-0186,2012,-0.35130876243916653,1.0999794571553714,ssm_fpar
wheat,IN,IN-04-0186,2013,-0.3438227708577522,1.3024115562584448,ssm_fpar
wheat,IN,IN-04-0186,2014,-0.3323269306270589,1.3343239212194689,ssm_fpar
wheat,IN,IN-04-0186,2015,-0.39779953578051236,1.3028107663383734,ssm_fpar
wheat,IN,IN-04-0186,2016,-1.9237328090974826,1.2414790626297638,ssm_fpar
wheat,IN,IN-04-0186,2017,-1.5470386100703375,1.7982467698219549,ssm_fpar
wheat,IN,IN-04-0187,2003,-0.6797561409122357,1.4245209578504594,ssm_fpar
wheat,IN,IN-04-0187,2004,1.2376387719881259,1.3607451107953228,ssm_fpar
wheat,IN,IN-04-0187,2005,0.29248297085572816,2.0033348380282376,ssm_fpar
wheat,IN,IN-04-0187,2006,-0.029254373865973668,1.1869583717134438,ssm_fpar
wheat,IN,IN-04-0187,2007,-0.2840360714265228,1.6917554442141876,ssm_fpar
wheat,IN,IN-04-0187,2008,-0.7701490501856206,1.0301665760343466,ssm_fpar
wheat,IN,IN-04-0187,2009,-0.27101955439350117,1.83254624811809,ssm_fpar
wheat,IN,IN-04-0187,2010,-1.1887717002195606,1.7371268918700373,ssm_fpar
wheat,IN,IN-04-0187,2011,-0.3540829672826495,1.8090091476911268,ssm_fpar
wheat,IN,IN-04-0187,2012,-0.5633562481458806,1.585549268663517,ssm_fpar
wheat,IN,IN-04-0187,2013,-0.572348403011558,1.640566935393626,ssm_fpar
wheat,IN,IN-04-0187,2014,-0.5374633971141186,1.9132844499980481,ssm_fpar
wheat,IN,IN-04-0187,2015,-0.7766317739819938,1.6977680368466208,ssm_fpar
wheat,IN,IN-04-0187,2016,-1.7872671091106325,1.7527612621432644,ssm_fpar
wheat,IN,IN-04-0187,2017,-1.5437587970442777,2.119122055497267,ssm_fpar
wheat,IN,IN-04-0188,2003,-0.8287263945738437,1.1200866097527253,ssm_fpar
wheat,IN,IN-04-0188,2004,1.4406049715597018,1.246896913714538,ssm_fpar
wheat,IN,IN-04-0188,2005,0.2911955276766288,1.5738825577561433,ssm_fpar
wheat,IN,IN-04-0188,2006,-0.1084456776052976,0.6720425457581075,ssm_fpar
wheat,IN,IN-04-0188,2007,-0.3484420742897507,1.2910055539746939,ssm_fpar
wheat,IN,IN-04-0188,2008,-0.8599371533242616,0.6764664452153045,ssm_fpar
wheat,IN,IN-04-0188,2009,-0.14125750378521193,1.0186709551612194,ssm_fpar
wheat,IN,IN-04-0188,2010,-1.0594616038080609,1.0367331744919928,ssm_fpar
wheat,IN,IN-04-0188,2011,-0.35399294010876964,1.2703118069741755,ssm_fpar
wheat,IN,IN-04-0188,2012,-0.48997419077218884,1.0071264514211715,ssm_fpar
wheat,IN,IN-04-0188,2013,-0.5030927868641378,1.0629343911666604,ssm_fpar
wheat,IN,IN-04-0188,2014,-0.29727236781795474,1.4137422856923074,ssm_fpar
wheat,IN,IN-04-0188,2015,-0.9082416554716848,1.1617918423887987,ssm_fpar
wheat,IN,IN-04-0188,2016,-1.9287705805832032,0.9374031888895219,ssm_fpar
wheat,IN,IN-04-0188,2017,-1.602745925329432,1.4675867636160975,ssm_fpar
wheat,IN,IN-04-0523,2003,-0.3903400171318097,0.42300528854808905,ssm_fpar
wheat,IN,IN-04-0523,2004,0.470463730101773,0.5285503815174257,ssm_fpar
wheat,IN,IN-04-0523,2005,-0.018213268740305835,0.9778677278077894,ssm_fpar
wheat,IN,IN-04-0523,2006,-0.3413411764472098,0.45841743400577695,ssm_fpar
wheat,IN,IN-04-0523,2007,-0.2501236199541348,0.8018894068585299,ssm_fpar
wheat,IN,IN-04-0523,2008,-0.6800999850453523,0.29965286548271164,ssm_fpar
wheat,IN,IN-04-0523,2009,-0.6003137225074388,0.7995220794457586,ssm_fpar
wheat,IN,IN-04-0523,2010,-1.0884537142365938,0.8822668066254381,ssm_fpar
wheat,IN,IN-04-0523,2011,-0.31241486677992203,0.9482866100482265,ssm_fpar
wheat,IN,IN-04-0523,2012,-0.6375882152460739,0.6990328715703719,ssm_fpar
wheat,IN,IN-04-0523,2013,-0.7296901302567151,0.9300044178162757,ssm_fpar
wheat,IN,IN-04-0523,2014,-0.6446787345858496,1.301451357086592,ssm_fpar
wheat,IN,IN-04-0523,2015,-0.7702705771443126,1.245487457718053,ssm_fpar
wheat,IN,IN-04-0523,2016,-1.4140847177971851,1.2171633279652656,ssm_fpar
wheat,IN,IN-04-0523,2017,-1.1864233383663052,1.3419962035719668,ssm_fpar
wheat,IN,IN-04-0524,2003,-0.40563483975649967,2.2692013447674277,ssm_fpar
wheat,IN,IN-04-0524,2004,0.9750428052504901,2.1440700932197183,ssm_fpar
wheat,IN,IN-04-0524,2005,0.34044239827780653,2.7812182685838853,ssm_fpar
wheat,IN,IN-04-0524,2006,-0.025465176154008718,2.1102964760678344,ssm_fpar
wheat,IN,IN-04-0524,2007,-0.11605591502681127,2.585437942630836,ssm_fpar
wheat,IN,IN-04-0524,2008,-0.6530567538213029,2.158183910071605,ssm_fpar
wheat,IN,IN-04-0524,2009,-0.3049615811312574,2.58941078654318,ssm_fpar
wheat,IN,IN-04-0524,2010,-1.1331739739518318,2.3409347300392116,ssm_fpar
wheat,IN,IN-04-0524,2011,-0.23428953600317418,2.687683124661156,ssm_fpar
wheat,IN,IN-04-0524,2012,-0.5946818043309475,2.442246693700866,ssm_fpar
wheat,IN,IN-04-0524,2013,-0.6389197397383737,2.5090917922796168,ssm_fpar
wheat,IN,IN-04-0524,2014,-0.6181017853699591,2.687087642464005,ssm_fpar
wheat,IN,IN-04-0524,2015,-0.7033815603814146,2.6164741192346206,ssm_fpar
wheat,IN,IN-04-0524,2016,-1.466592937281776,2.6561936705640234,ssm_fpar
wheat,IN,IN-04-0524,2017,-1.2008002299245675,2.971052660359406,ssm_fpar
wheat,IN,IN-04-0525,2003,-0.5619511111052872,1.6636803843071866,ssm_fpar
wheat,IN,IN-04-0525,2004,1.262235038904588,1.472092134518175,ssm_fpar
wheat,IN,IN-04-0525,2005,0.3474968805676749,2.2280738187405222,ssm_fpar
wheat,IN,IN-04-0525,2006,0.08576884528214018,1.463545779949849,ssm_fpar
wheat,IN,IN-04-0525,2007,-0.21428578878278226,2.090598902643408,ssm_fpar
wheat,IN,IN-04-0525,2008,-0.7244201085833847,1.406890537177573,ssm_fpar
wheat,IN,IN-04-0525,2009,-0.24138857509004957,2.072504094734683,ssm_fpar
wheat,IN,IN-04-0525,2010,-1.0883950211056896,1.7789217430954964,ssm_fpar
wheat,IN,IN-04-0525,2011,-0.28258048898595844,1.960586770897647,ssm_fpar
wheat,IN,IN-04-0525,2012,-0.5127978636005134,1.826362565451401,ssm_fpar
wheat,IN,IN-04-0525,2013,-0.5660117300765584,1.835177775787834,ssm_fpar
wheat,IN,IN-04-0525,2014,-0.4837501683236241,2.131570892275526,ssm_fpar
wheat,IN,IN-04-0525,2015,-0.7366608150474804,1.9047625368631875,ssm_fpar
wheat,IN,IN-04-0525,2016,-1.626318430628241,1.9855333273211058,ssm_fpar
wheat,IN,IN-04-0525,2017,-1.3565692446813447,2.301748446349054,ssm_fpar
wheat,IN,IN-04-0526,2003,-1.2774987571309337,1.2083063970867212,ssm_fpar
wheat,IN,IN-04-0526,2004,1.4085535160645417,1.4075830444590927,ssm_fpar
wheat,IN,IN-04-0526,2005,0.5271091656925596,1.4044094183291473,ssm_fpar
wheat,IN,IN-04-0526,2006,-0.08846802401820197,1.1574606950380835,ssm_fpar
wheat,IN,IN-04-0526,2007,-0.12558805067298476,1.6951496699487407,ssm_fpar
wheat,IN,IN-04-0526,2008,-0.9375886337463546,1.4174874653432792,ssm_fpar
wheat,IN,IN-04-0526,2009,-0.2024670602401583,1.3532328168736083,ssm_fpar
wheat,IN,IN-04-0526,2010,-1.5828593296541182,1.4674607962282349,ssm_fpar
wheat,IN,IN-04-0526,2011,-0.4810069105398142,1.902397984851287,ssm_fpar
wheat,IN,IN-04-0526,2012,-0.5691467412722586,1.457781988576026,ssm_fpar
wheat,IN,IN-04-0526,2013,-0.45974445428569805,1.7042870058441797,ssm_fpar
wheat,IN,IN-04-0526,2014,-0.30358748081464193,1.7620815954379911,ssm_fpar
wheat,IN,IN-04-0526,2015,-0.650353543770488,1.6476505641745687,ssm_fpar
wheat,IN,IN-04-0526,2016,-2.0909059735370064,1.3315589057207984,ssm_fpar
wheat,IN,IN-04-0526,2017,-1.7425771852065233,1.5748677355358145,ssm_fpar
wheat,IN,IN-04-1007,2003,-0.00500856677434152,1.5120701725227061,ssm_fpar
wheat,IN,IN-04-1007,2004,1.1809687712473855,1.7866126474925315,ssm_fpar
wheat,IN,IN-04-1007,2005,0.8670894063251029,2.0338377469927766,ssm_fpar
wheat,IN,IN-04-1007,2006,0.22688359777521971,1.5118664939105,ssm_fpar
wheat,IN,IN-04-1007,2007,0.44328445084062534,2.22357659498293,ssm_fpar
wheat,IN,IN-04-1007,2008,-0.17254920067344953,1.8259063253600478,ssm_fpar
wheat,IN,IN-04-1007,2009,0.18053567865906617,2.3313633165643517,ssm_fpar
wheat,IN,IN-04-1007,2010,-1.4133488125848348,1.8116243810719004,ssm_fpar
wheat,IN,IN-04-1007,2011,0.017790075538381366,2.2011638004953644,ssm_fpar
wheat,IN,IN-04-1007,2012,-0.5484353310511775,1.9407077383459748,ssm_fpar
wheat,IN,IN-04-1007,2013,-0.2697604586386302,1.9873745819754787,ssm_fpar
wheat,IN,IN-04-1007,2014,-0.6069681637795316,2.4940617919975363,ssm_fpar
wheat,IN,IN-04-1007,2015,0.045112816088261294,2.4341069557074615,ssm_fpar
wheat,IN,IN-04-1007,2016,-1.6594686172230968,2.363080150057663,ssm_fpar
wheat,IN,IN-04-1007,2017,-1.1290929995897334,2.486696773380033,ssm_fpar
wheat,IN,IN-04-1008,2003,-0.7812353222279523,0.9722623133416525,ssm_fpar
wheat,IN,IN-04-1008,2004,1.6086279675947133,1.0329823545102206,ssm_fpar
wheat,IN,IN-04-1008,2005,0.7474240942479585,1.2353423827197318,ssm_fpar
wheat,IN,IN-04-1008,2006,0.15511031257140362,0.7882296000104855,ssm_fpar
wheat,IN,IN-04-1008,2007,0.03126898333456634,1.1393364320685246,ssm_fpar
wheat,IN,IN-04-1008,2008,-0.6408853420657787,0.7055799526928643,ssm_fpar
wheat,IN,IN-04-1008,2009,0.01804972688762303,1.04447358845938,ssm_fpar
wheat,IN,IN-04-1008,2010,-1.2918719003282049,1.0710357863052247,ssm_fpar
wheat,IN,IN-04-1008,2011,-0.2508713521523474,1.358339196357566,ssm_fpar
wheat,IN,IN-04-1008,2012,-0.3301162374056752,0.9525512373071302,ssm_fpar
wheat,IN,IN-04-1008,2013,-0.15056885235019202,1.2340789486206065,ssm_fpar
wheat,IN,IN-04-1008,2014,-0.1529315697538421,1.3128104461427355,ssm_fpar
wheat,IN,IN-04-1008,2015,-0.34460019022034294,1.155813718444589,ssm_fpar
wheat,IN,IN-04-1008,2016,-2.014783648665426,0.9054131127041353,ssm_fpar
wheat,IN,IN-04-1008,2017,-1.5416808931999195,1.4986856675351277,ssm_fpar
wheat,IN,IN-04-1009,2003,-0.2882439070061774,-0.09894129032516405,ssm_fpar
wheat,IN,IN-04-1009,2004,0.5288861259773608,0.10286440975452582,ssm_fpar
wheat,IN,IN-04-1009,2005,0.08682625647512046,0.31045597907430944,ssm_fpar
wheat,IN,IN-04-1009,2006,-0.371502997072067,-0.2599679717093206,ssm_fpar
wheat,IN,IN-04-1009,2007,-0.19683561013937986,0.12376905140951086,ssm_fpar
wheat,IN,IN-04-1009,2008,-0.6024488677009431,-0.18997189622508628,ssm_fpar
wheat,IN,IN-04-1009,2009,-0.5234767210486891,0.05835725774111826,ssm_fpar
wheat,IN,IN-04-1009,2010,-1.067229324844107,0.009148505031225997,ssm_fpar
wheat,IN,IN-04-1009,2011,-0.21748054190740515,0.37489663311969795,ssm_fpar
wheat,IN,IN-04-1009,2012,-0.549822156916497,0.23122383504692323,ssm_fpar
wheat,IN,IN-04-1009,2013,-0.7505944579880752,0.4492833211565125,ssm_fpar
wheat,IN,IN-04-1009,2014,-0.6116237200413851,0.7948526017761267,ssm_fpar
wheat,IN,IN-04-1009,2015,-0.7544304481205716,0.7542928576551148,ssm_fpar
wheat,IN,IN-04-1009,2016,-1.2550079694118215,0.5877056337698506,ssm_fpar
wheat,IN,IN-04-1009,2017,-1.224463182922792,0.8242931230993753,ssm_fpar
wheat,IN,IN-04-2002,2005,0.387924096127375,1.0446465586039095,ssm_fpar
wheat,IN,IN-04-2002,2006,-0.13995253496332685,0.3588650582174933,ssm_fpar
wheat,IN,IN-04-2002,2007,-0.22138767649594826,0.8551991277050651,ssm_fpar
wheat,IN,IN-04-2002,2008,-0.8092877885719452,0.5720545215623503,ssm_fpar
wheat,IN,IN-04-2002,2009,-0.15927491243805184,0.7358873301896814,ssm_fpar
wheat,IN,IN-04-2002,2010,-1.1737958908458892,1.0431875930370627,ssm_fpar
wheat,IN,IN-04-2002,2011,-0.343017553424991,1.4323929795365091,ssm_fpar
wheat,IN,IN-04-2002,2012,-0.45211351216220436,0.8007285730625272,ssm_fpar
wheat,IN,IN-04-2002,2013,-0.37807600710980366,1.1556783505053994,ssm_fpar
wheat,IN,IN-04-2002,2014,-0.15818111948130034,1.3834725104008299,ssm_fpar
wheat,IN,IN-04-2002,2015,-0.7148594815631386,1.0793007510369907,ssm_fpar
wheat,IN,IN-04-2002,2016,-1.9260358772971107,0.8748951628574692,ssm_fpar
wheat,IN,IN-04-2002,2017,-1.6179745791872182,1.2276264101858,ssm_fpar
wheat,IN,IN-04-2003,2008,-0.915580529457458,1.3642320886363575,ssm_fpar
wheat,IN,IN-04-2003,2009,-0.23277347647685223,1.7679556866141177,ssm_fpar
wheat,IN,IN-04-2003,2010,-1.1015307026877748,1.791003958371778,ssm_fpar
wheat,IN,IN-04-2003,2011,-0.42104513180523406,2.010398412299674,ssm_fpar
wheat,IN,IN-04-2003,2012,-0.5495644073015282,1.72635636685639,ssm_fpar
wheat,IN,IN-04-2003,2013,-0.5602213485166172,1.7759887710796753,ssm_fpar
wheat,IN,IN-04-2003,2014,-0.31007720186722615,2.120246361436655,ssm_fpar
wheat,IN,IN-04-2003,2015,-0.9409775074220036,1.7514169833026796,ssm_fpar
wheat,IN,IN-04-2003,2016,-1.9475996482847457,1.7824005737920363,ssm_fpar
wheat,IN,IN-04-2003,2017,-1.5999562886676104,2.1729665334210373,ssm_fpar
wheat,IN,IN-04-2057,2016,-2.4935638642008593,1.0292296544181845,ssm_fpar
wheat,IN,IN-04-2057,2017,-2.2147606412847103,1.3073173011182342,ssm_fpar
wheat,IN,IN-05-0065,2008,1.6259854369017959,-0.6067756182911831,ssm_fpar
wheat,IN,IN-05-0066,2008,1.5584741268030087,-1.418810354920338,ssm_fpar
wheat,IN,IN-05-0066,2017,-0.4464715494745051,-1.5428694845762068,ssm_fpar
wheat,IN,IN-05-0067,2008,2.003730437182138,-0.5413559102538544,ssm_fpar
wheat,IN,IN-05-0068,2008,1.9741988310999028,-0.14115886196178132,ssm_fpar
wheat,IN,IN-05-0069,2008,1.817791880188639,0.4840879224109218,ssm_fpar
wheat,IN,IN-05-0071,2004,0.19475465776086182,0.3133191184230953,ssm_fpar
wheat,IN,IN-05-0071,2005,0.22855515266180904,0.41234184029057147,ssm_fpar
wheat,IN,IN-05-0071,2006,0.8785872883355378,0.581476559869582,ssm_fpar
wheat,IN,IN-05-0071,2007,0.8050158733798622,0.4928589053915592,ssm_fpar
wheat,IN,IN-05-0071,2008,1.2574578195273707,0.7538934147996281,ssm_fpar
wheat,IN,IN-05-0071,2009,0.8749149636514767,0.6820356004120137,ssm_fpar
wheat,IN,IN-05-0072,2003,-1.1753078742128817,-1.5966601913463638,ssm_fpar
wheat,IN,IN-05-0072,2004,-1.510830831420974,-1.8265702810532027,ssm_fpar
wheat,IN,IN-05-0072,2005,-1.1486215128355122,-1.9897175477599118,ssm_fpar
wheat,IN,IN-05-0072,2006,0.6383464141646074,-1.4439696682027225,ssm_fpar
wheat,IN,IN-05-0072,2007,-0.1768104502449565,-1.6414303797389702,ssm_fpar
wheat,IN,IN-05-0072,2008,0.9875433532846015,-1.3928046697133916,ssm_fpar
wheat,IN,IN-05-0072,2009,0.39327417621112154,-1.6382823231086556,ssm_fpar
wheat,IN,IN-05-0072,2010,0.6964014884103684,-1.2717455514337037,ssm_fpar
wheat,IN,IN-05-0072,2011,0.9021225105510988,-1.1425970170037194,ssm_fpar
wheat,IN,IN-05-0072,2012,0.10864579194194622,-1.6071071583360457,ssm_fpar
wheat,IN,IN-05-0072,2013,-0.9470161193392987,-1.4204016086267,ssm_fpar
wheat,IN,IN-05-0072,2014,-0.18038325281048537,-1.613169564937634,ssm_fpar
wheat,IN,IN-05-0072,2015,-0.3883417277206426,-1.3303267791630449,ssm_fpar
wheat,IN,IN-05-0072,2016,-0.3177521700556482,-1.305772216777254,ssm_fpar
wheat,IN,IN-05-0072,2017,-0.9957902865048801,-2.0440492249241045,ssm_fpar
wheat,IN,IN-05-0073,2003,-1.4959154687727076,-0.7352788988776876,ssm_fpar
wheat,IN,IN-05-0073,2004,-1.7006545289782822,-0.6641575863518205,ssm_fpar
wheat,IN,IN-05-0073,2005,-1.5178133833137608,-0.2076111623691239,ssm_fpar
wheat,IN,IN-05-0073,2006,0.17006146702992475,0.28745496075468824,ssm_fpar
wheat,IN,IN-05-0073,2007,-0.3993988956789511,0.08788250936704958,ssm_fpar
wheat,IN,IN-05-0073,2008,0.6181848136098541,0.2953479143350387,ssm_fpar
wheat,IN,IN-05-0073,2009,0.14387716118178773,0.1220548922091561,ssm_fpar
wheat,IN,IN-05-0073,2010,0.41874309947418414,0.38911177082304393,ssm_fpar
wheat,IN,IN-05-0073,2011,0.6465661554127218,0.43375812261943336,ssm_fpar
wheat,IN,IN-05-0073,2012,-0.4275031450296478,0.09611438415812008,ssm_fpar
wheat,IN,IN-05-0073,2013,-1.3271512023412937,0.1842338989445615,ssm_fpar
wheat,IN,IN-05-0073,2014,-0.02418623752362785,0.22283181067276547,ssm_fpar
wheat,IN,IN-05-0073,2015,-0.4614558137963056,0.5549224554507908,ssm_fpar
wheat,IN,IN-05-0073,2016,-1.2761429966734763,-0.6711706483274247,ssm_fpar
wheat,IN,IN-05-0073,2017,-1.007826897156655,-0.8410614229149646,ssm_fpar
wheat,IN,IN-05-0074,2003,-1.1467156785790837,-0.8854633603766925,ssm_fpar
wheat,IN,IN-05-0074,2004,-0.99998208831012,-1.2564563873112329,ssm_fpar
wheat,IN,IN-05-0074,2005,-0.8062688614531298,-0.6173687683305489,ssm_fpar
wheat,IN,IN-05-0074,2006,0.21624572901627562,-0.3449096345941813,ssm_fpar
wheat,IN,IN-05-0074,2007,0.16293204513880694,-0.5740934645637764,ssm_fpar
wheat,IN,IN-05-0074,2008,0.7794874960575388,-0.2633590460209544,ssm_fpar
wheat,IN,IN-05-0074,2009,0.32482533178940126,-0.18768836801277258,ssm_fpar
wheat,IN,IN-05-0074,2010,0.7164125932481351,-0.056088706969559365,ssm_fpar
wheat,IN,IN-05-0074,2011,0.865821308460699,0.1308812757723178,ssm_fpar
wheat,IN,IN-05-0074,2012,0.04912638857395171,-0.5259508239040828,ssm_fpar
wheat,IN,IN-05-0074,2013,-0.5104686490478276,-0.7340032888263637,ssm_fpar
wheat,IN,IN-05-0074,2014,0.2538800239735157,-0.3518370351648879,ssm_fpar
wheat,IN,IN-05-0074,2015,0.1500424715202735,0.018534481032970652,ssm_fpar
wheat,IN,IN-05-0074,2016,-0.5607711211079636,-1.092098222157993,ssm_fpar
wheat,IN,IN-05-0074,2017,-0.44866280860250174,-1.4867365901534095,ssm_fpar
wheat,IN,IN-05-0075,2003,-1.1863927133803795,-0.932778215344744,ssm_fpar
wheat,IN,IN-05-0075,2004,-0.9761064827023047,-1.326465784719645,ssm_fpar
wheat,IN,IN-05-0075,2005,-0.7167049069308623,-0.716621937999264,ssm_fpar
wheat,IN,IN-05-0075,2006,0.19877375944035808,-0.5230044225292213,ssm_fpar
wheat,IN,IN-05-0075,2007,0.16968388368204915,-0.3977213948072616,ssm_fpar
wheat,IN,IN-05-0075,2008,0.4816068703853901,-0.43830921524158967,ssm_fpar
wheat,IN,IN-05-0075,2009,0.24040872029525687,-0.45540586365688684,ssm_fpar
wheat,IN,IN-05-0075,2010,0.6922440770669477,-0.08282548648301122,ssm_fpar
wheat,IN,IN-05-0075,2011,0.935853379465357,-0.08322406985952784,ssm_fpar
wheat,IN,IN-05-0075,2012,-0.029052310781769883,-0.5130623994396959,ssm_fpar
wheat,IN,IN-05-0075,2013,-0.6031403824818021,-0.5240513753605106,ssm_fpar
wheat,IN,IN-05-0075,2014,0.3751001738676439,-0.1418308670884803,ssm_fpar
wheat,IN,IN-05-0075,2015,0.27533381441584764,0.12928103334830443,ssm_fpar
wheat,IN,IN-05-0075,2016,-0.7817009715370509,-0.9141651237058818,ssm_fpar
wheat,IN,IN-05-0075,2017,-0.3015705651004717,-0.5602875462893034,ssm_fpar
wheat,IN,IN-05-0076,2003,-1.6003418593076568,-1.5491786332680137,ssm_fpar
wheat,IN,IN-05-0076,2004,-0.9998224794258511,-1.703844024235641,ssm_fpar
wheat,IN,IN-05-0076,2005,-0.7995317563928868,-1.4061222964929236,ssm_fpar
wheat,IN,IN-05-0076,2006,0.09435438709336197,-1.2050432500783501,ssm_fpar
wheat,IN,IN-05-0076,2007,0.07218612107968342,-0.9229483721677858,ssm_fpar
wheat,IN,IN-05-0076,2009,0.28679882514341704,-1.1185932732086052,ssm_fpar
wheat,IN,IN-05-0076,2010,0.47339671035887804,-0.684269627235867,ssm_fpar
wheat,IN,IN-05-0076,2011,1.060848462727992,-0.6850843416847033,ssm_fpar
wheat,IN,IN-05-0076,2012,-0.3222017793506652,-1.2135244274907662,ssm_fpar
wheat,IN,IN-05-0076,2013,-0.8358793264521581,-0.7239731691414908,ssm_fpar
wheat,IN,IN-05-0076,2014,0.6738159316662402,-0.6555427957697919,ssm_fpar
wheat,IN,IN-05-0076,2015,0.12883997800207678,-0.7029021466808155,ssm_fpar
wheat,IN,IN-05-0076,2016,-1.0146061880972532,-1.3175064325961054,ssm_fpar
wheat,IN,IN-05-0076,2017,-0.11246714505159804,-0.8385621296672952,ssm_fpar
wheat,IN,IN-05-0077,2003,-1.009709150650221,-1.1645600891155354,ssm_fpar
wheat,IN,IN-05-0077,2004,-0.1574514020414736,-1.111285911305939,ssm_fpar
wheat,IN,IN-05-0077,2005,0.2137078014022284,-1.0606188197326314,ssm_fpar
wheat,IN,IN-05-0077,2006,0.4595775730053525,-0.5560661615665292,ssm_fpar
wheat,IN,IN-05-0077,2007,0.5460345173549439,-1.0587368293558126,ssm_fpar
wheat,IN,IN-05-0077,2008,0.5352265299428882,-1.2247186040178162,ssm_fpar
wheat,IN,IN-05-0077,2009,0.30190299723662106,-1.1119132414315385,ssm_fpar
wheat,IN,IN-05-0077,2010,0.2841668583853656,-0.7677045339414799,ssm_fpar
wheat,IN,IN-05-0077,2011,1.0859957263058948,-0.41024856951329586,ssm_fpar
wheat,IN,IN-05-0077,2012,-0.33511551944235257,-1.1713873961968044,ssm_fpar
wheat,IN,IN-05-0077,2013,-0.2913787700468474,-0.9137909817628304,ssm_fpar
wheat,IN,IN-05-0077,2014,1.302788374710771,-0.2557216800019744,ssm_fpar
wheat,IN,IN-05-0077,2015,0.4676800860909668,-1.4398276599448208,ssm_fpar
wheat,IN,IN-05-0077,2016,-1.0902280093405017,-1.759154988167332,ssm_fpar
wheat,IN,IN-05-0077,2017,0.2854716387638796,-0.6525609408870402,ssm_fpar
wheat,IN,IN-05-0078,2003,-1.4397834395401752,-0.9287312153256461,ssm_fpar
wheat,IN,IN-05-0078,2004,-1.5404803122844906,-0.47344364155418595,ssm_fpar
wheat,IN,IN-05-0078,2005,-1.3767034530957694,-0.408624028902317,ssm_fpar
wheat,IN,IN-05-0078,2006,0.2413275297780695,0.25886826017381953,ssm_fpar
wheat,IN,IN-05-0078,2007,-0.2422520210339858,-0.09222804326672598,ssm_fpar
wheat,IN,IN-05-0078,2008,0.6315484471296398,0.2715312504643477,ssm_fpar
wheat,IN,IN-05-0078,2009,0.29010378080819627,0.08902310959541783,ssm_fpar
wheat,IN,IN-05-0078,2010,0.4889769908189666,0.441598934475062,ssm_fpar
wheat,IN,IN-05-0078,2011,0.8150584355449257,0.45990067985378474,ssm_fpar
wheat,IN,IN-05-0078,2012,-0.5186084539468597,0.009365451850179144,ssm_fpar
wheat,IN,IN-05-0078,2013,-1.170532711790151,0.15652708996843911,ssm_fpar
wheat,IN,IN-05-0078,2014,0.2590468288987094,0.3742970032853463,ssm_fpar
wheat,IN,IN-05-0078,2015,-0.2901416890634086,0.475595338996219,ssm_fpar
wheat,IN,IN-05-0078,2016,-1.2672214030995153,-0.6143031142473396,ssm_fpar
wheat,IN,IN-05-0078,2017,-0.648256513313556,-0.6995487820093933,ssm_fpar
wheat,IN,IN-05-0079,2003,-1.2608420541620544,-1.4652254428322438,ssm_fpar
wheat,IN,IN-05-0079,2004,-0.7717946171600882,-1.6743764293245464,ssm_fpar
wheat,IN,IN-05-0079,2005,-0.47197050002466345,-1.2728042146660838,ssm_fpar
wheat,IN,IN-05-0079,2006,0.29386137449384836,-1.0396963259830203,ssm_fpar
wheat,IN,IN-05-0079,2007,0.1879035435564451,-1.4241939163750152,ssm_fpar
wheat,IN,IN-05-0079,2008,0.5231198500110237,-1.332098595078236,ssm_fpar
wheat,IN,IN-05-0079,2009,0.24665363973962726,-1.236616926604222,ssm_fpar
wheat,IN,IN-05-0079,2010,0.22190643560710419,-1.0159467730959344,ssm_fpar
wheat,IN,IN-05-0079,2011,0.9997493651967749,-0.654236119134546,ssm_fpar
wheat,IN,IN-05-0079,2012,-0.4796977261760519,-1.4389791035111825,ssm_fpar
wheat,IN,IN-05-0079,2013,-0.5799411710990846,-1.1547800240961048,ssm_fpar
wheat,IN,IN-05-0079,2014,0.7643061116766865,-0.8835644490074828,ssm_fpar
wheat,IN,IN-05-0079,2015,0.12118960161373687,-1.0418697334511475,ssm_fpar
wheat,IN,IN-05-0079,2016,-1.2035510244112673,-1.7815577554001392,ssm_fpar
wheat,IN,IN-05-0079,2017,0.014754535351011806,-0.8062032832824907,ssm_fpar
wheat,IN,IN-05-0080,2008,1.5942752605885762,2.057659997476837,ssm_fpar
wheat,IN,IN-05-0082,2008,1.5734058204865726,1.119429824566271,ssm_fpar
wheat,IN,IN-05-0549,2010,0.6449844259707668,-0.4018064983944241,ssm_fpar
wheat,IN,IN-05-0549,2011,0.9897813674623591,-0.25624635610702967,ssm_fpar
wheat,IN,IN-05-1010,2003,-1.403543362459379,-0.7113012259449295,ssm_fpar
wheat,IN,IN-05-1010,2004,-1.12666690189706,-1.1046578959129187,ssm_fpar
wheat,IN,IN-05-1010,2005,-0.9011874039862036,-0.7377957398211793,ssm_fpar
wheat,IN,IN-05-1010,2006,0.15680969056994293,-0.517883002163126,ssm_fpar
wheat,IN,IN-05-1010,2007,0.1426755265744618,-0.48427415103824645,ssm_fpar
wheat,IN,IN-05-1010,2009,0.39181175632592075,-0.5347588719156974,ssm_fpar
wheat,IN,IN-05-1010,2010,0.7657360455319696,-0.0970992836266832,ssm_fpar
wheat,IN,IN-05-1010,2011,1.055274121061366,-0.07733556450468433,ssm_fpar
wheat,IN,IN-05-1010,2012,-0.03575459797306612,-0.5153862157291508,ssm_fpar
wheat,IN,IN-05-1010,2013,-0.7200419375006186,-0.39508924043409666,ssm_fpar
wheat,IN,IN-05-1010,2014,0.4523876559462378,-0.10404817117185701,ssm_fpar
wheat,IN,IN-05-1010,2015,0.18568063795604894,-0.03728921582712695,ssm_fpar
wheat,IN,IN-05-1010,2016,-0.7968765899503222,-0.653378788852992,ssm_fpar
wheat,IN,IN-05-1010,2017,-0.29849952935357255,-0.5361651943950864,ssm_fpar
wheat,IN,IN-05-1012,2003,-1.2193503571269775,-1.407105468821645,ssm_fpar
wheat,IN,IN-05-1012,2004,-0.9968635972401717,-1.370671438669554,ssm_fpar
wheat,IN,IN-05-1012,2005,-0.7516187758884612,-1.3874936626091883,ssm_fpar
wheat,IN,IN-05-1012,2006,0.7695667874598067,-0.9749418188638069,ssm_fpar
wheat,IN,IN-05-1012,2007,0.2412964732409542,-1.1930115470978904,ssm_fpar
wheat,IN,IN-05-1012,2008,1.2397998320968648,-0.8213127446751031,ssm_fpar
wheat,IN,IN-05-1012,2009,0.5796159025017626,-0.9814204281609792,ssm_fpar
wheat,IN,IN-05-1012,2010,0.9939886416337004,-0.7024426477316703,ssm_fpar
wheat,IN,IN-05-1012,2011,1.2321200870473827,-0.5172026529280102,ssm_fpar
wheat,IN,IN-05-1012,2012,0.4283700773403649,-1.111116450700584,ssm_fpar
wheat,IN,IN-05-1012,2013,-0.5401264878755463,-0.9423793117725999,ssm_fpar
wheat,IN,IN-05-1012,2014,0.19862462864609118,-0.8922776320267833,ssm_fpar
wheat,IN,IN-05-1012,2015,0.1772590319087453,-0.5124577559779738,ssm_fpar
wheat,IN,IN-05-1012,2016,-0.29156744427643716,-0.9831085164989675,ssm_fpar
wheat,IN,IN-05-1012,2017,-0.7002328649715959,-1.350010280246996,ssm_fpar
wheat,IN,IN-05-1013,2003,-1.3848229083803063,-1.0421399321551754,ssm_fpar
wheat,IN,IN-05-1013,2004,-1.4692979837789324,-1.1713652825189063,ssm_fpar
wheat,IN,IN-05-1013,2005,-1.2402046292211826,-0.7682771618112405,ssm_fpar
wheat,IN,IN-05-1013,2006,0.14782315777466748,-0.6396872887176042,ssm_fpar
wheat,IN,IN-05-1013,2007,-0.05366419948517689,-0.9013852084625836,ssm_fpar
wheat,IN,IN-05-1013,2008,0.6674246904002457,-0.49822027182117185,ssm_fpar
wheat,IN,IN-05-1013,2009,0.3516630612575595,-0.45394636091567736,ssm_fpar
wheat,IN,IN-05-1013,2010,0.7081810707962173,-0.29479072945716944,ssm_fpar
wheat,IN,IN-05-1013,2011,0.9446884466519625,-0.1070176710442823,ssm_fpar
wheat,IN,IN-05-1013,2012,-0.04461767481030264,-0.7682981116113549,ssm_fpar
wheat,IN,IN-05-1013,2013,-0.870620893351129,-0.8942902094909814,ssm_fpar
wheat,IN,IN-05-1013,2014,0.16835494454544442,-0.5970823785544533,ssm_fpar
wheat,IN,IN-05-1013,2015,-0.059594907969197045,-0.2917111088405573,ssm_fpar
wheat,IN,IN-05-1013,2016,-0.9144382011384449,-1.107272860706516,ssm_fpar
wheat,IN,IN-05-1013,2017,-0.6417873837732282,-1.544746586666332,ssm_fpar
wheat,IN,IN-05-1014,2003,-0.9445728439223923,-1.4584194436673341,ssm_fpar
wheat,IN,IN-05-1014,2004,-0.5768882409376016,-1.3730569225757552,ssm_fpar
wheat,IN,IN-05-1014,2005,-0.44871710092727,-0.928177209500442,ssm_fpar
wheat,IN,IN-05-1014,2006,0.6251521825812728,-0.6945692472980919,ssm_fpar
wheat,IN,IN-05-1014,2007,0.4763368989135643,-0.9733058722505314,ssm_fpar
wheat,IN,IN-05-1014,2008,1.1779321207712226,-0.5915176460933202,ssm_fpar
wheat,IN,IN-05-1014,2009,0.5084955465514344,-1.0402037050736161,ssm_fpar
wheat,IN,IN-05-1014,2010,0.9461666150673033,-0.445807596347333,ssm_fpar
wheat,IN,IN-05-1014,2011,1.0747382397258893,-0.31127542883941584,ssm_fpar
wheat,IN,IN-05-1014,2012,0.36642968396189124,-1.1126350784332166,ssm_fpar
wheat,IN,IN-05-1014,2013,-0.22723071502166922,-0.7646346898982533,ssm_fpar
wheat,IN,IN-05-1014,2014,0.39040500541487627,-0.6388492967130769,ssm_fpar
wheat,IN,IN-05-1014,2015,0.4790929633328806,-0.3603016855127648,ssm_fpar
wheat,IN,IN-05-1014,2016,-0.19450259522058524,-1.0247827899859918,ssm_fpar
wheat,IN,IN-05-1014,2017,-0.36572556530125166,-1.5824189827806516,ssm_fpar
wheat,IN,IN-05-1015,2003,-1.4586563833248305,-0.9134341368342388,ssm_fpar
wheat,IN,IN-05-1015,2004,-1.6932396135660641,-0.4690721165972705,ssm_fpar
wheat,IN,IN-05-1015,2005,-1.4510472898320996,-0.05982847906528983,ssm_fpar
wheat,IN,IN-05-1015,2006,0.210351967299698,0.29686002435208786,ssm_fpar
wheat,IN,IN-05-1015,2007,-0.2939235948055306,0.15366581282411268,ssm_fpar
wheat,IN,IN-05-1015,2008,0.6970009120966075,0.33283036559500606,ssm_fpar
wheat,IN,IN-05-1015,2009,0.32686042145223865,0.3017352756139442,ssm_fpar
wheat,IN,IN-05-1015,2010,0.6352602724136641,0.5192314448760414,ssm_fpar
wheat,IN,IN-05-1015,2011,0.8848401167457733,0.5482222438235408,ssm_fpar
wheat,IN,IN-05-1015,2012,-0.1996300945380353,0.3007073387550645,ssm_fpar
wheat,IN,IN-05-1015,2013,-1.167457903998817,0.42347316741727836,ssm_fpar
wheat,IN,IN-05-1015,2014,0.14453405957271045,0.36836588209780385,ssm_fpar
wheat,IN,IN-05-1015,2015,-0.27221377456519147,0.5365294620538013,ssm_fpar
wheat,IN,IN-05-1015,2016,-1.1769755777359971,-0.6522013026517738,ssm_fpar
wheat,IN,IN-05-1015,2017,-0.800746678099356,-0.9238494463482051,ssm_fpar
wheat,IN,IN-05-1016,2008,1.7118805591856125,1.8285021309347358,ssm_fpar
wheat,IN,IN-05-2004,2008,0.9527219120487507,-1.4639641574305682,ssm_fpar
wheat,IN,IN-05-2005,2008,1.1022988839190417,-0.662864750909292,ssm_fpar
wheat,IN,IN-05-2025,2010,0.42186079541649724,0.2365730173424455,ssm_fpar
wheat,IN,IN-05-2025,2011,1.0512879207968047,0.14431708091146253,ssm_fpar
wheat,IN,IN-05-2025,2012,-0.49211195390330054,-0.6820896841463322,ssm_fpar
wheat,IN,IN-05-2025,2013,-0.83152094841384,-0.3017879626949113,ssm_fpar
wheat,IN,IN-05-2025,2014,0.6275885265610307,0.0018444736096065245,ssm_fpar
wheat,IN,IN-05-2025,2015,0.016456338483594225,0.07801096355379387,ssm_fpar
wheat,IN,IN-05-2025,2016,-1.1753401290388756,-0.8361126145771535,ssm_fpar
wheat,IN,IN-05-2025,2017,-0.14666903285092778,0.07871627349093296,ssm_fpar
wheat,IN,IN-06-0007,2003,0.1574282885096652,0.45551776680039596,ssm_fpar
wheat,IN,IN-06-0007,2004,0.7857961372601008,0.5008209037832294,ssm_fpar
wheat,IN,IN-06-0007,2005,0.42616559617082617,0.34073327480687005,ssm_fpar
wheat,IN,IN-06-0007,2006,0.5684264358766323,0.24987130584494066,ssm_fpar
wheat,IN,IN-06-0007,2007,0.4357086106210558,0.3142462813716846,ssm_fpar
wheat,IN,IN-06-0007,2008,0.15292669982343596,0.43478391078086365,ssm_fpar
wheat,IN,IN-06-0007,2009,0.07394318304371203,0.325481820324601,ssm_fpar
wheat,IN,IN-06-0007,2010,0.3342419567126335,0.7670971606144463,ssm_fpar
wheat,IN,IN-06-0007,2011,0.054901395140751,0.5570963642816633,ssm_fpar
wheat,IN,IN-06-0007,2012,0.7943197879485362,0.8132350665556332,ssm_fpar
wheat,IN,IN-06-0007,2013,0.9703486639350194,0.9831368711233919,ssm_fpar
wheat,IN,IN-06-0007,2014,1.626481878036599,1.148060143705328,ssm_fpar
wheat,IN,IN-06-0007,2015,1.3471546035273605,1.185293847424117,ssm_fpar
wheat,IN,IN-06-0007,2016,0.48027341874111096,0.8295168214639662,ssm_fpar
wheat,IN,IN-06-0007,2017,0.6391291599463131,1.0733295208304237,ssm_fpar
wheat,IN,IN-06-0008,2003,-0.16637290711210892,-0.7543707919310951,ssm_fpar
wheat,IN,IN-06-0008,2004,0.7853565569375069,-0.5220718878370081,ssm_fpar
wheat,IN,IN-06-0008,2005,0.39633190095124704,-0.8292142214219975,ssm_fpar
wheat,IN,IN-06-0008,2006,0.5478396421976561,-0.5865446290976027,ssm_fpar
wheat,IN,IN-06-0008,2007,0.5184079931566967,-0.7849188235420366,ssm_fpar
wheat,IN,IN-06-0008,2008,0.5424038243408701,-0.7042620931069589,ssm_fpar
wheat,IN,IN-06-0008,2009,0.006630645423358423,-0.9608520218448932,ssm_fpar
wheat,IN,IN-06-0008,2010,0.31464575381785564,-0.38708749113964713,ssm_fpar
wheat,IN,IN-06-0008,2011,0.2400482583911611,-0.5910794550605338,ssm_fpar
wheat,IN,IN-06-0008,2012,0.4622086504760439,-0.5909741688856001,ssm_fpar
wheat,IN,IN-06-0008,2013,0.7221371707477073,-0.4185003734731972,ssm_fpar
wheat,IN,IN-06-0008,2014,1.3057653027205123,-0.30725800922184887,ssm_fpar
wheat,IN,IN-06-0008,2015,1.0537079124233046,-0.32608919365163447,ssm_fpar
wheat,IN,IN-06-0008,2016,0.3931548799603621,-0.6631704031211998,ssm_fpar
wheat,IN,IN-06-0008,2017,0.26586253641354796,-0.5161081780715054,ssm_fpar
wheat,IN,IN-06-0009,2003,-0.025756683306000314,-1.0388841183478692,ssm_fpar
wheat,IN,IN-06-0009,2004,0.3667771504249822,-0.7722920029918688,ssm_fpar
wheat,IN,IN-06-0009,2005,0.12118586113811955,-1.0042675281201174,ssm_fpar
wheat,IN,IN-06-0009,2006,0.2752348004534278,-0.6955383814701553,ssm_fpar
wheat,IN,IN-06-0009,2007,0.35361488774358496,-0.8264617399917603,ssm_fpar
wheat,IN,IN-06-0009,2008,0.2868935581792424,-0.7965679867535878,ssm_fpar
wheat,IN,IN-06-0009,2009,-0.16391786615817613,-1.2360400013395711,ssm_fpar
wheat,IN,IN-06-0009,2010,0.3476404338410974,-0.023609533527692534,ssm_fpar
wheat,IN,IN-06-0009,2011,0.22859976955018843,-0.31670368320100695,ssm_fpar
wheat,IN,IN-06-0009,2012,0.4712245845986959,-0.4561100992453009,ssm_fpar
wheat,IN,IN-06-0009,2013,0.7290711266437375,-0.2785900878774716,ssm_fpar
wheat,IN,IN-06-0009,2014,1.5128106141842637,0.1478941249871671,ssm_fpar
wheat,IN,IN-06-0009,2015,1.2380582721899684,0.08636187618345717,ssm_fpar
wheat,IN,IN-06-0009,2016,0.34733050080201294,-0.39269021973397217,ssm_fpar
wheat,IN,IN-06-0009,2017,0.4381154252410773,-0.12272894678031455,ssm_fpar
wheat,IN,IN-06-0010,2003,-0.02173329171260415,0.08137582375656129,ssm_fpar
wheat,IN,IN-06-0010,2004,0.5272166110750995,0.06792175468911413,ssm_fpar
wheat,IN,IN-06-0010,2005,0.1945730784499647,-0.12791805111599572,ssm_fpar
wheat,IN,IN-06-0010,2006,0.29382271213862193,-0.3340909429460833,ssm_fpar
wheat,IN,IN-06-0010,2007,0.3326275786009506,-0.20941707095048978,ssm_fpar
wheat,IN,IN-06-0010,2008,-0.009328265697768725,-0.3082958300889869,ssm_fpar
wheat,IN,IN-06-0010,2009,-0.05196216834707342,-0.24140150680507616,ssm_fpar
wheat,IN,IN-06-0010,2010,0.38558981031429407,0.29792692425801187,ssm_fpar
wheat,IN,IN-06-0010,2011,0.11416833808038311,-0.03429608028277461,ssm_fpar
wheat,IN,IN-06-0010,2012,0.6944940862770935,0.18859475203748358,ssm_fpar
wheat,IN,IN-06-0010,2013,0.9506250528728637,0.4307078317229797,ssm_fpar
wheat,IN,IN-06-0010,2014,1.5589304515361808,0.4617747737674808,ssm_fpar
wheat,IN,IN-06-0010,2015,1.4149252665614585,0.3626929627201887,ssm_fpar
wheat,IN,IN-06-0010,2016,0.4422790631002913,0.08026279847876408,ssm_fpar
wheat,IN,IN-06-0010,2017,0.7078485684648016,0.2647918609202984,ssm_fpar
wheat,IN,IN-06-0011,2003,0.06017181343778177,-1.0121113481521653,ssm_fpar
wheat,IN,IN-06-0011,2004,0.6855907552759383,-0.8698998075901766,ssm_fpar
wheat,IN,IN-06-0011,2005,0.38991474920608526,-0.9101116059711897,ssm_fpar
wheat,IN,IN-06-0011,2006,0.5263594956315978,-0.8028625959260017,ssm_fpar
wheat,IN,IN-06-0011,2007,0.5141104223141352,-0.8007267906632042,ssm_fpar
wheat,IN,IN-06-0011,2008,0.4217805221277434,-0.6577030424660645,ssm_fpar
wheat,IN,IN-06-0011,2009,-0.04561523378837205,-0.9814053872788415,ssm_fpar
wheat,IN,IN-06-0011,2010,0.3502138052368585,0.0555055064888057,ssm_fpar
wheat,IN,IN-06-0011,2011,0.21709382155505552,-0.08679627936597036,ssm_fpar
wheat,IN,IN-06-0011,2012,0.6159316809508815,-0.11977341344129215,ssm_fpar
wheat,IN,IN-06-0011,2013,0.8854557506484478,0.08289495285193875,ssm_fpar
wheat,IN,IN-06-0011,2014,1.546680529045542,0.22779881131562388,ssm_fpar
wheat,IN,IN-06-0011,2015,1.2841755250213451,0.16941010687758462,ssm_fpar
wheat,IN,IN-06-0011,2016,0.4907769416667702,-0.15332210103764954,ssm_fpar
wheat,IN,IN-06-0011,2017,0.47772230271277205,0.186962816326117,ssm_fpar
wheat,IN,IN-06-0012,2003,0.09369672217348339,-0.7341107236987379,ssm_fpar
wheat,IN,IN-06-0012,2004,0.8079656012876293,-0.6695778189096022,ssm_fpar
wheat,IN,IN-06-0012,2005,0.5088979346482213,-0.7071123402710474,ssm_fpar
wheat,IN,IN-06-0012,2006,0.6263115243009227,-0.6886722187767044,ssm_fpar
wheat,IN,IN-06-0012,2007,0.5978307055157792,-0.7650874204504421,ssm_fpar
wheat,IN,IN-06-0012,2008,0.440644754394638,-0.6675623407038671,ssm_fpar
wheat,IN,IN-06-0012,2009,0.011290548907437843,-0.7360810792580802,ssm_fpar
wheat,IN,IN-06-0012,2010,0.32206436379610665,-0.3083409527353902,ssm_fpar
wheat,IN,IN-06-0012,2011,0.14375198306526965,-0.37423505735750184,ssm_fpar
wheat,IN,IN-06-0012,2012,0.6852197165490674,-0.20901096713291928,ssm_fpar
wheat,IN,IN-06-0012,2013,0.8652088261633436,-0.1389204563958612,ssm_fpar
wheat,IN,IN-06-0012,2014,1.4181141615968842,0.09046803700560672,ssm_fpar
wheat,IN,IN-06-0012,2015,1.2590746652364013,0.10259850844539736,ssm_fpar
wheat,IN,IN-06-0012,2016,0.5076049066072365,-0.32083240534635776,ssm_fpar
wheat,IN,IN-06-0012,2017,0.44308002692122506,-0.007673718908398773,ssm_fpar
wheat,IN,IN-06-0013,2003,-0.040119984404955504,-0.3379714905362463,ssm_fpar
wheat,IN,IN-06-0013,2004,0.6527262048443537,-0.12203706620222554,ssm_fpar
wheat,IN,IN-06-0013,2005,0.251488654203067,-0.19532376439242122,ssm_fpar
wheat,IN,IN-06-0013,2006,0.28928518024446787,-0.5704208034516607,ssm_fpar
wheat,IN,IN-06-0013,2007,0.167110639199757,-0.411762058277873,ssm_fpar
wheat,IN,IN-06-0013,2008,-0.22505701484424884,-0.57832478701224,ssm_fpar
wheat,IN,IN-06-0013,2009,0.1570184261600975,-0.3718360366573781,ssm_fpar
wheat,IN,IN-06-0013,2010,0.4058791549771849,0.5970299063432218,ssm_fpar
wheat,IN,IN-06-0013,2011,0.13353423188926117,0.18144281258352452,ssm_fpar
wheat,IN,IN-06-0013,2012,0.744891914899454,0.03950952834098002,ssm_fpar
wheat,IN,IN-06-0013,2013,0.9902371329966968,0.06777134586779647,ssm_fpar
wheat,IN,IN-06-0013,2014,1.755067426808776,0.9104894104238273,ssm_fpar
wheat,IN,IN-06-0013,2015,1.5151960848315964,0.672166633035707,ssm_fpar
wheat,IN,IN-06-0013,2016,0.22931402298451217,-0.011554266498570795,ssm_fpar
wheat,IN,IN-06-0013,2017,0.7134933063682476,0.39858050748813934,ssm_fpar
wheat,IN,IN-06-0014,2003,0.04266809876927109,0.19300173050227887,ssm_fpar
wheat,IN,IN-06-0014,2004,0.7527888591330139,-0.13966498006141712,ssm_fpar
wheat,IN,IN-06-0014,2005,0.33090778327899567,-0.335324295280943,ssm_fpar
wheat,IN,IN-06-0014,2006,0.41339899268826413,-0.5420461793088566,ssm_fpar
wheat,IN,IN-06-0014,2007,0.1585153367957066,-0.4511616490237349,ssm_fpar
wheat,IN,IN-06-0014,2008,-0.1730866377518794,-0.4664206239470683,ssm_fpar
wheat,IN,IN-06-0014,2009,0.1260625062267596,-0.2708665949024762,ssm_fpar
wheat,IN,IN-06-0014,2010,0.23833298584164334,0.42725594927358995,ssm_fpar
wheat,IN,IN-06-0014,2011,-0.0793813508266674,-0.1212323790081384,ssm_fpar
wheat,IN,IN-06-0014,2012,0.661820214999773,0.0977478239576919,ssm_fpar
wheat,IN,IN-06-0014,2013,0.8432173508795999,0.15187995875226393,ssm_fpar
wheat,IN,IN-06-0014,2014,1.606753296628782,0.8763014853368485,ssm_fpar
wheat,IN,IN-06-0014,2015,1.259918442925868,0.5472897091313276,ssm_fpar
wheat,IN,IN-06-0014,2016,0.07809760463153277,0.05779924101400471,ssm_fpar
wheat,IN,IN-06-0014,2017,0.4791447023089975,0.41499010989459917,ssm_fpar
wheat,IN,IN-06-0015,2003,-0.6355805711061496,-0.31367294545132535,ssm_fpar
wheat,IN,IN-06-0015,2004,0.3481183054379483,0.15934775673100643,ssm_fpar
wheat,IN,IN-06-0015,2005,-0.10447990609220055,-0.35354793550745,ssm_fpar
wheat,IN,IN-06-0015,2006,-0.2397735035709222,-0.4533651382561378,ssm_fpar
wheat,IN,IN-06-0015,2007,-0.4295816181383955,-0.8514145634494403,ssm_fpar
wheat,IN,IN-06-0015,2008,-0.650326960828295,-1.5179362142652986,ssm_fpar
wheat,IN,IN-06-0015,2009,-0.22228098158153226,0.020217448308716548,ssm_fpar
wheat,IN,IN-06-0015,2010,-0.2711201090030805,0.22937810393953326,ssm_fpar
wheat,IN,IN-06-0015,2011,-0.44423472660637553,-0.3079273284767456,ssm_fpar
wheat,IN,IN-06-0015,2012,0.022650348082883215,0.38987183673347287,ssm_fpar
wheat,IN,IN-06-0015,2013,0.21333979634102548,0.5597795502192082,ssm_fpar
wheat,IN,IN-06-0015,2014,0.8655842210650163,0.8418503448125525,ssm_fpar
wheat,IN,IN-06-0015,2015,0.3100852039465568,0.4982263516153839,ssm_fpar
wheat,IN,IN-06-0015,2016,-0.6147956095631417,-0.7180169798170525,ssm_fpar
wheat,IN,IN-06-0015,2017,-0.31273641559453125,0.40455549791524265,ssm_fpar
wheat,IN,IN-06-0016,2003,-0.10951612499983854,-0.2618195042998251,ssm_fpar
wheat,IN,IN-06-0016,2004,0.5495904243069916,-0.075929242025305,ssm_fpar
wheat,IN,IN-06-0016,2005,0.16646063224371058,-0.2430860856038999,ssm_fpar
wheat,IN,IN-06-0016,2006,0.07581091587736184,-0.42329089443237145,ssm_fpar
wheat,IN,IN-06-0016,2007,-0.233977240709087,-0.7916345774141594,ssm_fpar
wheat,IN,IN-06-0016,2008,-0.5209182445800461,-1.4046106878386098,ssm_fpar
wheat,IN,IN-06-0016,2009,-0.01694030834890274,-0.26736206936561885,ssm_fpar
wheat,IN,IN-06-0016,2010,-0.08970098025917843,0.10165093287105548,ssm_fpar
wheat,IN,IN-06-0016,2011,-0.3226366695060274,-0.225999643501479,ssm_fpar
wheat,IN,IN-06-0016,2012,0.2945938467014784,-8.559387260355337e-05,ssm_fpar
wheat,IN,IN-06-0016,2013,0.4275053899651577,0.0933634068160979,ssm_fpar
wheat,IN,IN-06-0016,2014,1.1072143046046128,0.6718958971573262,ssm_fpar
wheat,IN,IN-06-0016,2015,0.6821701901926568,0.2789453310069079,ssm_fpar
wheat,IN,IN-06-0016,2016,-0.467907131993889,-0.8682077083502792,ssm_fpar
wheat,IN,IN-06-0016,2017,-0.12042024109762135,0.33650678692765873,ssm_fpar
wheat,IN,IN-06-0017,2003,-0.19236487858765325,0.38857832087008193,ssm_fpar
wheat,IN,IN-06-0017,2004,0.3516253426153016,-0.14071032136961947,ssm_fpar
wheat,IN,IN-06-0017,2005,-0.07645145113891039,-0.22640574731904953,ssm_fpar
wheat,IN,IN-06-0017,2006,0.01604670219349678,-0.5624491359214768,ssm_fpar
wheat,IN,IN-06-0017,2007,-0.2735932869100898,-0.7556718282355497,ssm_fpar
wheat,IN,IN-06-0017,2008,-0.5034436434772277,-0.6666899695401844,ssm_fpar
wheat,IN,IN-06-0017,2009,-0.20229923459760168,-0.24533469748269632,ssm_fpar
wheat,IN,IN-06-0017,2010,-0.24014408368464465,0.3212553324453896,ssm_fpar
wheat,IN,IN-06-0017,2011,-0.5036269267825714,-0.48282270591247356,ssm_fpar
wheat,IN,IN-06-0017,2012,0.13922617504991996,-0.11441133896109067,ssm_fpar
wheat,IN,IN-06-0017,2013,0.19797430354831527,-0.13256568369491592,ssm_fpar
wheat,IN,IN-06-0017,2014,0.90332118336805,0.663886627421813,ssm_fpar
wheat,IN,IN-06-0017,2015,0.4591471845294022,0.21078757362386213,ssm_fpar
wheat,IN,IN-06-0017,2016,-0.3698301138808178,-0.42730680996172415,ssm_fpar
wheat,IN,IN-06-0017,2017,-0.07157141368460541,0.16341631534782602,ssm_fpar
wheat,IN,IN-06-0018,2003,0.0684181841083389,0.174132943867164,ssm_fpar
wheat,IN,IN-06-0018,2004,0.6320600489270523,-0.12986584535214568,ssm_fpar
wheat,IN,IN-06-0018,2005,0.023148930275610692,-0.32272755649504087,ssm_fpar
wheat,IN,IN-06-0018,2006,-0.013952507978532817,-0.6317876025519147,ssm_fpar
wheat,IN,IN-06-0018,2007,-0.06862601493820829,-0.3949538724948965,ssm_fpar
wheat,IN,IN-06-0018,2008,-0.3355047388755877,-0.864673101049166,ssm_fpar
wheat,IN,IN-06-0018,2009,-0.11341022387099196,-0.5160856167483034,ssm_fpar
wheat,IN,IN-06-0018,2010,-0.25594426830889727,0.05836327409396763,ssm_fpar
wheat,IN,IN-06-0018,2011,-0.5904279606880349,-0.6886270961303108,ssm_fpar
wheat,IN,IN-06-0018,2012,0.1652679204559087,0.03681721043928383,ssm_fpar
wheat,IN,IN-06-0018,2013,0.1595575302785356,0.07811947277489245,ssm_fpar
wheat,IN,IN-06-0018,2014,0.7331443799106179,0.3670247367743248,ssm_fpar
wheat,IN,IN-06-0018,2015,0.29371208503924756,0.3205559314262363,ssm_fpar
wheat,IN,IN-06-0018,2016,-0.5471428443349695,-0.34374718927509096,ssm_fpar
wheat,IN,IN-06-0018,2017,-0.18416412556644862,0.09397256254246342,ssm_fpar
wheat,IN,IN-06-0019,2003,0.54765754904365,-0.41966604183846135,ssm_fpar
wheat,IN,IN-06-0019,2004,1.2947292277643727,-0.3545014199997686,ssm_fpar
wheat,IN,IN-06-0019,2005,0.6246754213568787,-0.5838071885495033,ssm_fpar
wheat,IN,IN-06-0019,2006,0.5809127576017428,-0.8239047900292539,ssm_fpar
wheat,IN,IN-06-0019,2007,0.6649416072700336,-0.6002167909559729,ssm_fpar
wheat,IN,IN-06-0019,2008,0.33735542812773245,-0.9044487138483428,ssm_fpar
wheat,IN,IN-06-0019,2009,0.328975042667805,-0.8253186329496975,ssm_fpar
wheat,IN,IN-06-0019,2010,0.29244447248590755,-0.15213387134918344,ssm_fpar
wheat,IN,IN-06-0019,2011,-0.20988924663806943,-0.8283644115815167,ssm_fpar
wheat,IN,IN-06-0019,2012,0.8192465128734192,-0.2276842223003125,ssm_fpar
wheat,IN,IN-06-0019,2013,0.8259136103346342,-0.15802237670402694,ssm_fpar
wheat,IN,IN-06-0019,2014,1.5011127754150393,0.19746887249561512,ssm_fpar
wheat,IN,IN-06-0019,2015,1.017395403448233,0.039975795687091496,ssm_fpar
wheat,IN,IN-06-0019,2016,0.07151608538965581,-0.26157885018570987,ssm_fpar
wheat,IN,IN-06-0019,2017,0.4705286191052637,-0.10168675267706245,ssm_fpar
wheat,IN,IN-06-0020,2003,-0.12633924978126915,0.3705443031933101,ssm_fpar
wheat,IN,IN-06-0020,2004,0.4813608726822582,-0.045321046885842084,ssm_fpar
wheat,IN,IN-06-0020,2005,-0.0528463806436145,-0.1775529621529652,ssm_fpar
wheat,IN,IN-06-0020,2006,0.032741823670810695,-0.5266518364463327,ssm_fpar
wheat,IN,IN-06-0020,2007,-0.1654617747727761,-0.5103023975683945,ssm_fpar
wheat,IN,IN-06-0020,2008,-0.4718774420931965,-0.6784745006909261,ssm_fpar
wheat,IN,IN-06-0020,2009,-0.19033580191868435,-0.3666995754091541,ssm_fpar
wheat,IN,IN-06-0020,2010,-0.2857732174710605,0.34779496896803225,ssm_fpar
wheat,IN,IN-06-0020,2011,-0.5920979120559826,-0.46827817289042145,ssm_fpar
wheat,IN,IN-06-0020,2012,0.14238996215802951,0.05044424965125064,ssm_fpar
wheat,IN,IN-06-0020,2013,0.13823765950039085,0.12262544300471273,ssm_fpar
wheat,IN,IN-06-0020,2014,0.8210660631430128,0.6211028381961562,ssm_fpar
wheat,IN,IN-06-0020,2015,0.36455188030070773,0.5152977528356769,ssm_fpar
wheat,IN,IN-06-0020,2016,-0.4465155430464022,-0.21902067419203958,ssm_fpar
wheat,IN,IN-06-0020,2017,-0.1417987397653703,0.2552935438536824,ssm_fpar
wheat,IN,IN-06-0021,2003,0.19387641775935313,-0.8519936374115407,ssm_fpar
wheat,IN,IN-06-0021,2004,1.0366794255034542,-0.6033528148805792,ssm_fpar
wheat,IN,IN-06-0021,2005,0.4642709945133881,-0.6765041451315845,ssm_fpar
wheat,IN,IN-06-0021,2006,0.4795374522490235,-0.9382380555588057,ssm_fpar
wheat,IN,IN-06-0021,2007,0.47449716135204156,-0.7627335223967217,ssm_fpar
wheat,IN,IN-06-0021,2008,0.16754344572570198,-1.0046360297323587,ssm_fpar
wheat,IN,IN-06-0021,2009,0.09342063824907904,-0.9202566809695109,ssm_fpar
wheat,IN,IN-06-0021,2010,0.08763192459533785,-0.39889458361359004,ssm_fpar
wheat,IN,IN-06-0021,2011,-0.368043101653702,-0.7523402728432217,ssm_fpar
wheat,IN,IN-06-0021,2012,0.6128433277257513,-0.5105204903593173,ssm_fpar
wheat,IN,IN-06-0021,2013,0.6394844830857138,-0.34709378554955667,ssm_fpar
wheat,IN,IN-06-0021,2014,1.3414730164596542,-0.028783596981245736,ssm_fpar
wheat,IN,IN-06-0021,2015,0.9904265742332088,-0.21444072558271493,ssm_fpar
wheat,IN,IN-06-0021,2016,0.01413531915204257,-0.5973891051150766,ssm_fpar
wheat,IN,IN-06-0021,2017,0.2799212440758894,-0.3348881096990971,ssm_fpar
wheat,IN,IN-06-0022,2003,-1.0122546359541915,-0.08307903278182369,ssm_fpar
wheat,IN,IN-06-0022,2004,0.27432160573898723,0.45066600796396544,ssm_fpar
wheat,IN,IN-06-0022,2005,-0.13493684808375592,0.20013433167922087,ssm_fpar
wheat,IN,IN-06-0022,2006,-0.34864949577229293,-0.20338675156411662,ssm_fpar
wheat,IN,IN-06-0022,2007,-0.5047605330842886,-0.018791079501702102,ssm_fpar
wheat,IN,IN-06-0022,2008,-0.9194618982940844,-0.7716011967625042,ssm_fpar
wheat,IN,IN-06-0022,2009,-0.373309504301871,0.1137862388801082,ssm_fpar
wheat,IN,IN-06-0022,2010,-0.6014180828324922,0.7449827664849014,ssm_fpar
wheat,IN,IN-06-0022,2011,-0.5119016123295318,0.8728952627082142,ssm_fpar
wheat,IN,IN-06-0022,2012,-0.2817154875282894,0.5164134639852861,ssm_fpar
wheat,IN,IN-06-0022,2013,-0.1408123871865171,0.7449967330183043,ssm_fpar
wheat,IN,IN-06-0022,2014,0.36068063044113274,1.073475632256853,ssm_fpar
wheat,IN,IN-06-0022,2015,-0.19077080117628226,0.763425573851046,ssm_fpar
wheat,IN,IN-06-0022,2016,-1.2361479480157689,0.3341921026023543,ssm_fpar
wheat,IN,IN-06-0022,2017,-0.9356253034328922,0.7828111222222905,ssm_fpar
wheat,IN,IN-06-0023,2003,-0.8035566328802553,-1.3971579307420046,ssm_fpar
wheat,IN,IN-06-0023,2004,0.4172938806825547,-0.47970172286999513,ssm_fpar
wheat,IN,IN-06-0023,2005,0.14073143794062096,-0.6413004233263058,ssm_fpar
wheat,IN,IN-06-0023,2006,-0.08461959600559465,-0.8235137270938113,ssm_fpar
wheat,IN,IN-06-0023,2007,-0.08724578393789323,-0.8477897108555302,ssm_fpar
wheat,IN,IN-06-0023,2008,-0.5540649962232407,-1.0728689915260634,ssm_fpar
wheat,IN,IN-06-0023,2009,-0.11739830703858922,-0.24285617497702353,ssm_fpar
wheat,IN,IN-06-0023,2010,-0.11219138989044743,-0.08921786138929615,ssm_fpar
wheat,IN,IN-06-0023,2011,-0.22756561227211536,-0.007921893463587322,ssm_fpar
wheat,IN,IN-06-0023,2012,0.19923125898201915,0.14366763710796485,ssm_fpar
wheat,IN,IN-06-0023,2013,0.40674700748394027,0.38574257741375945,ssm_fpar
wheat,IN,IN-06-0023,2014,1.1216336688399566,1.001396502032151,ssm_fpar
wheat,IN,IN-06-0023,2015,0.6781004134748919,0.5333242500713754,ssm_fpar
wheat,IN,IN-06-0023,2016,-0.6536566557769057,-0.33835503303062525,ssm_fpar
wheat,IN,IN-06-0023,2017,-0.4397069204678932,0.2813287736505322,ssm_fpar
wheat,IN,IN-06-0024,2003,-0.9953694891905471,-1.6010107665031552,ssm_fpar
wheat,IN,IN-06-0024,2004,0.03871353395110876,-0.9300934178841022,ssm_fpar
wheat,IN,IN-06-0024,2005,-0.1594421295831967,-0.8360218321100041,ssm_fpar
wheat,IN,IN-06-0024,2006,-0.20715977789429846,-1.0267907119390456,ssm_fpar
wheat,IN,IN-06-0024,2007,-0.08118203338489302,-0.7072573773487509,ssm_fpar
wheat,IN,IN-06-0024,2008,-0.49247626863133365,-0.6418349118163655,ssm_fpar
wheat,IN,IN-06-0024,2009,-0.26178669245698444,-0.4972705475493805,ssm_fpar
wheat,IN,IN-06-0024,2010,-0.1426536103725114,-0.38914862916614806,ssm_fpar
wheat,IN,IN-06-0024,2011,-0.232391715890379,-0.139238463618085,ssm_fpar
wheat,IN,IN-06-0024,2012,0.34581799484031384,-0.011952849875077698,ssm_fpar
wheat,IN,IN-06-0024,2013,0.5585180421809687,0.22005060831998752,ssm_fpar
wheat,IN,IN-06-0024,2014,1.3327877003285271,0.8596340392366864,ssm_fpar
wheat,IN,IN-06-0024,2015,1.0168978724110747,0.3794785871799729,ssm_fpar
wheat,IN,IN-06-0024,2016,-0.24776610818981862,0.13313901961526473,ssm_fpar
wheat,IN,IN-06-0024,2017,0.09777075481036404,0.24063727856436626,ssm_fpar
wheat,IN,IN-06-0025,2003,-1.1949164317448593,0.13457542385890967,ssm_fpar
wheat,IN,IN-06-0025,2004,-0.08132573317525361,0.4188292950588952,ssm_fpar
wheat,IN,IN-06-0025,2005,-0.45429790571020684,0.188521159149912,ssm_fpar
wheat,IN,IN-06-0025,2006,-0.6251501170347852,-0.023155621191916484,ssm_fpar
wheat,IN,IN-06-0025,2007,-0.7310052030129363,0.1397639910202387,ssm_fpar
wheat,IN,IN-06-0025,2008,-1.0427267158873887,-0.29246530164461726,ssm_fpar
wheat,IN,IN-06-0025,2009,-0.6164024258731365,0.4266226207009348,ssm_fpar
wheat,IN,IN-06-0025,2010,-0.7701182344211002,0.7393612367879107,ssm_fpar
wheat,IN,IN-06-0025,2011,-0.7846226767299884,0.7743613695100416,ssm_fpar
wheat,IN,IN-06-0025,2012,-0.5437001382822044,0.7303039398723833,ssm_fpar
wheat,IN,IN-06-0025,2013,-0.3950247904116905,0.9221272929737876,ssm_fpar
wheat,IN,IN-06-0025,2014,0.05571294994574572,1.0189642523628113,ssm_fpar
wheat,IN,IN-06-0025,2015,-0.4048555535322164,0.7733487958379072,ssm_fpar
wheat,IN,IN-06-0025,2016,-1.1853611505348318,0.5210922526771872,ssm_fpar
wheat,IN,IN-06-0025,2017,-1.0056300581615236,1.001499102335263,ssm_fpar
wheat,IN,IN-06-0026,2003,-1.111985464932821,-0.20097752455111653,ssm_fpar
wheat,IN,IN-06-0026,2004,0.4382529846953818,0.47525409002993146,ssm_fpar
wheat,IN,IN-06-0026,2005,-0.10209247976595275,0.3902048848378246,ssm_fpar
wheat,IN,IN-06-0026,2006,-0.3649945378291133,0.11241053533935703,ssm_fpar
wheat,IN,IN-06-0026,2007,-0.5377657213224616,0.28905226662552685,ssm_fpar
wheat,IN,IN-06-0026,2008,-0.9437714082118619,0.1348058716601583,ssm_fpar
wheat,IN,IN-06-0026,2009,-0.45670640061428347,0.4110150196167502,ssm_fpar
wheat,IN,IN-06-0026,2010,-0.8550448328720478,0.8587192312984123,ssm_fpar
wheat,IN,IN-06-0026,2011,-0.5299514521453838,1.190361550354021,ssm_fpar
wheat,IN,IN-06-0026,2012,-0.4601571694700541,0.7201432868175723,ssm_fpar
wheat,IN,IN-06-0026,2013,-0.3785229792200295,1.0581194287740112,ssm_fpar
wheat,IN,IN-06-0026,2014,0.0485220795182639,1.3272126279588863,ssm_fpar
wheat,IN,IN-06-0026,2015,-0.5846909023048535,1.1037620599535551,ssm_fpar
wheat,IN,IN-06-0026,2016,-1.7463726873782488,0.7326503174850402,ssm_fpar
wheat,IN,IN-06-0026,2017,-1.2577919074504145,1.1786994949577816,ssm_fpar
wheat,IN,IN-06-0027,2003,-1.0078422921668329,0.010412941855821204,ssm_fpar
wheat,IN,IN-06-0027,2004,0.4322274002073785,0.7212675927569799,ssm_fpar
wheat,IN,IN-06-0027,2005,-0.1793446474135282,0.19391922431236486,ssm_fpar
wheat,IN,IN-06-0027,2006,-0.43719825707588367,-0.25787718165804396,ssm_fpar
wheat,IN,IN-06-0027,2007,-0.6197492107913055,-0.13268815944941809,ssm_fpar
wheat,IN,IN-06-0027,2008,-0.9865452187097126,-0.19388736014876656,ssm_fpar
wheat,IN,IN-06-0027,2009,-0.46545240841451874,0.1332625697185017,ssm_fpar
wheat,IN,IN-06-0027,2010,-0.8203971438327584,0.8318406377534315,ssm_fpar
wheat,IN,IN-06-0027,2011,-0.5931883725587491,1.0600747434512352,ssm_fpar
wheat,IN,IN-06-0027,2012,-0.508536496430866,0.6710460873168358,ssm_fpar
wheat,IN,IN-06-0027,2013,-0.4085038610615192,0.8174900246760135,ssm_fpar
wheat,IN,IN-06-0027,2014,-0.017227424441770695,1.1635039066091442,ssm_fpar
wheat,IN,IN-06-0027,2015,-0.6112986389474238,0.8986216172469906,ssm_fpar
wheat,IN,IN-06-0027,2016,-1.5668709669064231,0.6421450322994083,ssm_fpar
wheat,IN,IN-06-0027,2017,-1.2017873660952358,0.9945926515646708,ssm_fpar
wheat,IN,IN-06-0028,2003,-0.9731663704319766,-1.2746725070966756,ssm_fpar
wheat,IN,IN-06-0028,2004,-0.9510608500597991,-0.13938672374196295,ssm_fpar
wheat,IN,IN-06-0028,2005,-0.7709261884896351,0.0556634357511974,ssm_fpar
wheat,IN,IN-06-0028,2006,-0.7810738790712559,-1.3500574083443393,ssm_fpar
wheat,IN,IN-06-0028,2007,0.17838004617012815,0.47826710102567316,ssm_fpar
wheat,IN,IN-06-0028,2008,0.10831665483359942,0.1717564844902415,ssm_fpar
wheat,IN,IN-06-0028,2009,-0.3476742566580882,-0.9292962511310887,ssm_fpar
wheat,IN,IN-06-0028,2010,-0.2636717038831854,0.48564465371161947,ssm_fpar
wheat,IN,IN-06-0028,2011,-0.27709315857664923,1.0056229899113525,ssm_fpar
wheat,IN,IN-06-0028,2012,0.23411136259600693,0.6379711875076632,ssm_fpar
wheat,IN,IN-06-0028,2013,0.2512368710765309,0.8376088160512125,ssm_fpar
wheat,IN,IN-06-0028,2014,1.281677987359154,1.2599567863294263,ssm_fpar
wheat,IN,IN-06-0028,2015,0.9463590815669012,1.1266118457845054,ssm_fpar
wheat,IN,IN-06-0028,2016,-0.17474352356992148,0.3225112461034409,ssm_fpar
wheat,IN,IN-06-0028,2017,0.542545452349545,1.0907543827808204,ssm_fpar
wheat,IN,IN-06-0029,2003,-0.9279526362471122,-2.1368233913677948,ssm_fpar
wheat,IN,IN-06-0029,2004,-0.8619059275438691,-1.07326757490257,ssm_fpar
wheat,IN,IN-06-0029,2005,-0.853007187998022,-0.6413761649113274,ssm_fpar
wheat,IN,IN-06-0029,2006,-0.8547574878394575,-1.286253986338632,ssm_fpar
wheat,IN,IN-06-0029,2007,0.1624800978670608,-0.28745668789452977,ssm_fpar
wheat,IN,IN-06-0029,2008,-0.07218271555225522,-0.03440136645770912,ssm_fpar
wheat,IN,IN-06-0029,2009,-0.5364138857264245,-1.2227062593291766,ssm_fpar
wheat,IN,IN-06-0029,2010,-1.0653109260847058,-0.5727897423875099,ssm_fpar
wheat,IN,IN-06-0029,2011,-0.5727595137380589,-0.591192261676523,ssm_fpar
wheat,IN,IN-06-0029,2012,0.21910291533982132,0.18351845431779085,ssm_fpar
wheat,IN,IN-06-0029,2013,0.19935396043594455,0.4168100566326224,ssm_fpar
wheat,IN,IN-06-0029,2014,1.234168066303468,0.9820539276098602,ssm_fpar
wheat,IN,IN-06-0029,2015,0.7846800239977051,0.14639755721499095,ssm_fpar
wheat,IN,IN-06-0029,2016,-0.3188238159483884,-0.23656586319949863,ssm_fpar
wheat,IN,IN-06-0029,2017,0.19151990829891702,0.7520562784820268,ssm_fpar
wheat,IN,IN-06-0030,2003,-0.9523382645907911,-1.7602673867417082,ssm_fpar
wheat,IN,IN-06-0030,2004,-0.7988189540930501,-0.6012846935873765,ssm_fpar
wheat,IN,IN-06-0030,2005,-0.7371449859377925,-0.4637207856043078,ssm_fpar
wheat,IN,IN-06-0030,2006,-0.7784831047108933,-1.3594429187949664,ssm_fpar
wheat,IN,IN-06-0030,2007,0.15848733554146102,0.07917985496523249,ssm_fpar
wheat,IN,IN-06-0030,2008,-0.06600423142112233,0.2111786365593054,ssm_fpar
wheat,IN,IN-06-0030,2009,-0.48169421852689476,-1.1921131050718514,ssm_fpar
wheat,IN,IN-06-0030,2010,-0.7740452257865987,-0.001243741796794326,ssm_fpar
wheat,IN,IN-06-0030,2011,-0.4689875544602737,0.2539699462260259,ssm_fpar
wheat,IN,IN-06-0030,2012,0.2193753001241032,0.520178519087648,ssm_fpar
wheat,IN,IN-06-0030,2013,0.3426023733758795,0.7843264910971309,ssm_fpar
wheat,IN,IN-06-0030,2014,1.2646818056736842,1.1973566348943225,ssm_fpar
wheat,IN,IN-06-0030,2015,0.9198891734997102,0.4171559969216721,ssm_fpar
wheat,IN,IN-06-0030,2016,-0.1458329038079177,0.23986911922688398,ssm_fpar
wheat,IN,IN-06-0030,2017,0.31548652961539564,1.1002602202885103,ssm_fpar
wheat,IN,IN-06-0031,2003,-0.9819526043723017,-2.2005140067575035,ssm_fpar
wheat,IN,IN-06-0031,2004,-0.6551990939351127,-1.5139127782948725,ssm_fpar
wheat,IN,IN-06-0031,2005,-0.528256711910348,-0.6591244058275815,ssm_fpar
wheat,IN,IN-06-0031,2006,-0.6296746465890622,-1.4030238747736468,ssm_fpar
wheat,IN,IN-06-0031,2007,0.13479650284078307,-0.3260515914463046,ssm_fpar
wheat,IN,IN-06-0031,2008,-0.23843708693038645,-0.6426621603336443,ssm_fpar
wheat,IN,IN-06-0031,2009,-0.6564371036944661,-1.0032748298993726,ssm_fpar
wheat,IN,IN-06-0031,2010,-1.1745704422359442,-0.46569114116364935,ssm_fpar
wheat,IN,IN-06-0031,2011,-0.5669729979550191,-0.5230495451756149,ssm_fpar
wheat,IN,IN-06-0031,2012,0.11131161961114869,0.1734485837301393,ssm_fpar
wheat,IN,IN-06-0031,2013,0.16489863853698683,0.2865259356016395,ssm_fpar
wheat,IN,IN-06-0031,2014,1.0128188896570436,0.792914834794735,ssm_fpar
wheat,IN,IN-06-0031,2015,0.7255725258098423,0.3215787114112374,ssm_fpar
wheat,IN,IN-06-0031,2016,-0.5638372511701859,-0.5344430133909236,ssm_fpar
wheat,IN,IN-06-0031,2017,-0.3254286179451345,0.6077314939804416,ssm_fpar
wheat,IN,IN-06-0032,2003,-0.84231911417337,-1.2505243708330827,ssm_fpar
wheat,IN,IN-06-0032,2004,-0.5735068349410118,-0.37695745702346367,ssm_fpar
wheat,IN,IN-06-0032,2005,-0.592737921003078,-0.514919948383049,ssm_fpar
wheat,IN,IN-06-0032,2006,-0.6318544855729671,-1.1034922275476542,ssm_fpar
wheat,IN,IN-06-0032,2007,0.1491858338343664,-0.3017906485667233,ssm_fpar
wheat,IN,IN-06-0032,2008,-0.10753431500364981,-0.22878220669597205,ssm_fpar
wheat,IN,IN-06-0032,2009,-0.3443291379769848,-0.9745016223800615,ssm_fpar
wheat,IN,IN-06-0032,2010,0.08903053411458703,0.3332429155049256,ssm_fpar
wheat,IN,IN-06-0032,2011,-0.12474095970433743,0.47528900636345917,ssm_fpar
wheat,IN,IN-06-0032,2012,0.41707806951594784,0.08403053945293795,ssm_fpar
wheat,IN,IN-06-0032,2013,0.5429433596120148,0.4296850517379696,ssm_fpar
wheat,IN,IN-06-0032,2014,1.465229122179673,0.6979091028053366,ssm_fpar
wheat,IN,IN-06-0032,2015,1.2838933768427332,0.7459572007773337,ssm_fpar
wheat,IN,IN-06-0032,2016,0.07154526681013346,0.10323022549496487,ssm_fpar
wheat,IN,IN-06-0032,2017,0.7240046524174257,0.5974585714839944,ssm_fpar
wheat,IN,IN-06-0033,2003,-1.0742293132592982,-1.7122794522982325,ssm_fpar
wheat,IN,IN-06-0033,2004,-0.9344232899036544,-0.6375256990854308,ssm_fpar
wheat,IN,IN-06-0033,2005,-0.7789022136869641,-0.5570945818823403,ssm_fpar
wheat,IN,IN-06-0033,2006,-0.7406376056937926,-1.3753862538553343,ssm_fpar
wheat,IN,IN-06-0033,2007,0.26812179599179226,-0.19894109654526704,ssm_fpar
wheat,IN,IN-06-0033,2008,0.20193852172337354,-0.25407345000162773,ssm_fpar
wheat,IN,IN-06-0033,2009,-0.2754580879819088,-0.9858048453025732,ssm_fpar
wheat,IN,IN-06-0033,2010,-0.37586455306349087,-0.21871985654939385,ssm_fpar
wheat,IN,IN-06-0033,2011,-0.31153824960525117,0.3889242611591212,ssm_fpar
wheat,IN,IN-06-0033,2012,0.1911653090455909,-0.15830815346454544,ssm_fpar
wheat,IN,IN-06-0033,2013,0.11362212650502786,0.06554529531219162,ssm_fpar
wheat,IN,IN-06-0033,2014,1.3172824839557764,0.6710836895221755,ssm_fpar
wheat,IN,IN-06-0033,2015,0.7481383180028958,0.4480499688216535,ssm_fpar
wheat,IN,IN-06-0033,2016,-0.3591865905061394,-0.19218022002674082,ssm_fpar
wheat,IN,IN-06-0033,2017,0.46687908108771226,0.5728968109617667,ssm_fpar
wheat,IN,IN-06-0034,2003,-1.0314758639546717,-1.8947855160929674,ssm_fpar
wheat,IN,IN-06-0034,2004,-0.883900308968968,-1.2848627047413903,ssm_fpar
wheat,IN,IN-06-0034,2005,-0.8048247571237467,-1.373145162417602,ssm_fpar
wheat,IN,IN-06-0034,2006,-0.7382923976144199,-1.4266230188394051,ssm_fpar
wheat,IN,IN-06-0034,2007,0.42565326823386535,-1.3002420067217855,ssm_fpar
wheat,IN,IN-06-0034,2008,0.2778540136242129,-1.1720636091893342,ssm_fpar
wheat,IN,IN-06-0034,2009,-0.21858920745965998,-1.5904783887899379,ssm_fpar
wheat,IN,IN-06-0034,2010,-0.9572349805908449,-1.2149677254720535,ssm_fpar
wheat,IN,IN-06-0034,2011,-0.500209800894132,-0.9595434650993743,ssm_fpar
wheat,IN,IN-06-0034,2012,0.24791478640123893,-1.016789062495351,ssm_fpar
wheat,IN,IN-06-0034,2013,0.040631749138959006,-0.6143025770729771,ssm_fpar
wheat,IN,IN-06-0034,2014,1.2222202373625697,-0.02121051282757846,ssm_fpar
wheat,IN,IN-06-0034,2015,0.6006388751022639,-0.2803423506458909,ssm_fpar
wheat,IN,IN-06-0034,2016,-0.46813401399742366,-0.7962295669056121,ssm_fpar
wheat,IN,IN-06-0034,2017,0.22149859302077754,-0.05897816786207451,ssm_fpar
wheat,IN,IN-06-0035,2003,-1.140883434164541,-1.576054182824948,ssm_fpar
wheat,IN,IN-06-0035,2004,-0.9337556150056032,-0.947909342769951,ssm_fpar
wheat,IN,IN-06-0035,2005,-0.981730461008458,-1.1024544066805158,ssm_fpar
wheat,IN,IN-06-0035,2006,-0.8364280887222643,-1.6202066923246548,ssm_fpar
wheat,IN,IN-06-0035,2007,-0.09927327160271372,-0.9947692110534918,ssm_fpar
wheat,IN,IN-06-0035,2008,-0.10289679891395383,-0.8834892445968139,ssm_fpar
wheat,IN,IN-06-0035,2009,-0.578109770964155,-1.4791608201279303,ssm_fpar
wheat,IN,IN-06-0035,2010,-0.306085571271232,-0.45951685904829775,ssm_fpar
wheat,IN,IN-06-0035,2011,-0.34814213490102724,-0.24531965660056837,ssm_fpar
wheat,IN,IN-06-0035,2012,-0.14290860816850406,-0.6079102021667026,ssm_fpar
wheat,IN,IN-06-0035,2013,-0.14513898953615523,-0.3991502786098429,ssm_fpar
wheat,IN,IN-06-0035,2014,1.057042282550175,0.002005088743810883,ssm_fpar
wheat,IN,IN-06-0035,2015,0.7107763434999671,-0.00245453280845201,ssm_fpar
wheat,IN,IN-06-0035,2016,-0.668869509101135,-0.4009251027014725,ssm_fpar
wheat,IN,IN-06-0035,2017,0.1499767659147016,-0.07880957095365851,ssm_fpar
wheat,IN,IN-06-0036,2003,-0.8180276176606014,-1.59948787718725,ssm_fpar
wheat,IN,IN-06-0036,2004,-0.6220555461655163,-1.2268951450030592,ssm_fpar
wheat,IN,IN-06-0036,2005,-0.8653012830912084,-1.38338048270871,ssm_fpar
wheat,IN,IN-06-0036,2006,-0.5860459583827423,-1.4192153843891837,ssm_fpar
wheat,IN,IN-06-0036,2007,-0.0918354142134041,-1.1742294962164075,ssm_fpar
wheat,IN,IN-06-0036,2008,-0.1694099209719643,-1.1570904110265192,ssm_fpar
wheat,IN,IN-06-0036,2009,-0.5505490642326724,-1.2606920071545957,ssm_fpar
wheat,IN,IN-06-0036,2010,0.03405322134301282,-0.5096857214009646,ssm_fpar
wheat,IN,IN-06-0036,2011,-0.12433927746691838,-0.1549239549847505,ssm_fpar
wheat,IN,IN-06-0036,2012,0.09157332754643424,-0.6668027761561736,ssm_fpar
wheat,IN,IN-06-0036,2013,0.07653120000842857,-0.43048043609166947,ssm_fpar
wheat,IN,IN-06-0036,2014,1.2622437841785852,-0.05399963587624225,ssm_fpar
wheat,IN,IN-06-0036,2015,1.063770088388511,0.17188433198836758,ssm_fpar
wheat,IN,IN-06-0036,2016,-0.44480942646202964,-0.4762874426259346,ssm_fpar
wheat,IN,IN-06-0036,2017,0.4192367412649918,0.07874366938338662,ssm_fpar
wheat,IN,IN-06-0037,2003,-0.6322773374000464,-0.6430908254744265,ssm_fpar
wheat,IN,IN-06-0037,2004,-0.19017113254388315,0.0936266222534144,ssm_fpar
wheat,IN,IN-06-0037,2005,-0.37759249403873335,-0.1940001667647647,ssm_fpar
wheat,IN,IN-06-0037,2006,-0.4208754003214835,-0.5584256999510605,ssm_fpar
wheat,IN,IN-06-0037,2007,0.23556114028886538,-0.1280759803783874,ssm_fpar
wheat,IN,IN-06-0037,2008,-0.10288811830360249,-0.1957975521795866,ssm_fpar
wheat,IN,IN-06-0037,2009,-0.19542686514009597,-0.6703073016930302,ssm_fpar
wheat,IN,IN-06-0037,2010,0.34393531847632997,0.7416479880463989,ssm_fpar
wheat,IN,IN-06-0037,2011,0.09943578288053094,0.6062875692957232,ssm_fpar
wheat,IN,IN-06-0037,2012,0.6165340943927292,0.36125655847654375,ssm_fpar
wheat,IN,IN-06-0037,2013,0.7723296992667561,0.5905322452620225,ssm_fpar
wheat,IN,IN-06-0037,2014,1.5951011828043018,0.8414592818771093,ssm_fpar
wheat,IN,IN-06-0037,2015,1.4755890494254467,0.9967639103353586,ssm_fpar
wheat,IN,IN-06-0037,2016,0.21514601809310008,0.30979418026048605,ssm_fpar
wheat,IN,IN-06-0037,2017,0.8350247043694728,0.7467694084124845,ssm_fpar
wheat,IN,IN-06-0038,2003,-0.26147178349795536,0.06258976197317895,ssm_fpar
wheat,IN,IN-06-0038,2004,0.45748610630047387,0.22542235193870205,ssm_fpar
wheat,IN,IN-06-0038,2005,0.1223586803417395,0.25612831281202547,ssm_fpar
wheat,IN,IN-06-0038,2006,0.13302267997733,-0.011140642239926222,ssm_fpar
wheat,IN,IN-06-0038,2007,0.3529102797325143,0.0568215836753979,ssm_fpar
wheat,IN,IN-06-0038,2008,-0.024535308897951285,-0.0695368671190298,ssm_fpar
wheat,IN,IN-06-0038,2009,0.09615944705856733,0.06565810192819047,ssm_fpar
wheat,IN,IN-06-0038,2010,0.5525417524814221,1.027492432531884,ssm_fpar
wheat,IN,IN-06-0038,2011,0.3115077925225804,0.5715055293645153,ssm_fpar
wheat,IN,IN-06-0038,2012,0.860389706963745,0.4872540280997938,ssm_fpar
wheat,IN,IN-06-0038,2013,1.068247938367932,0.7325858565616191,ssm_fpar
wheat,IN,IN-06-0038,2014,1.7063171939547208,1.2511879520462288,ssm_fpar
wheat,IN,IN-06-0038,2015,1.616071464452199,0.9809634636552546,ssm_fpar
wheat,IN,IN-06-0038,2016,0.3924525781717802,0.4614438743605687,ssm_fpar
wheat,IN,IN-06-0038,2017,0.9735073432057584,0.8367966084160617,ssm_fpar
wheat,IN,IN-06-0039,2003,-0.4301598615057051,-0.30112884975289017,ssm_fpar
wheat,IN,IN-06-0039,2004,0.33719178231938973,0.09451403429922435,ssm_fpar
wheat,IN,IN-06-0039,2005,-0.0030949360635108797,0.1318906263982778,ssm_fpar
wheat,IN,IN-06-0039,2006,0.013670565056345943,-0.35395242780193364,ssm_fpar
wheat,IN,IN-06-0039,2007,0.116361582708148,-0.009809524171206075,ssm_fpar
wheat,IN,IN-06-0039,2008,-0.26223626781103754,-0.13594988217471085,ssm_fpar
wheat,IN,IN-06-0039,2009,0.017711828155763623,-0.01567546820284829,ssm_fpar
wheat,IN,IN-06-0039,2010,0.3195638558446088,0.8767301504776204,ssm_fpar
wheat,IN,IN-06-0039,2011,0.1751300654005139,0.7168079712047171,ssm_fpar
wheat,IN,IN-06-0039,2012,0.7151023204435318,0.32424094754867766,ssm_fpar
wheat,IN,IN-06-0039,2013,0.9491166864112984,0.5562014317947793,ssm_fpar
wheat,IN,IN-06-0039,2014,1.7127919014237103,1.4767335000628732,ssm_fpar
wheat,IN,IN-06-0039,2015,1.5016298961694035,1.1689218472229872,ssm_fpar
wheat,IN,IN-06-0039,2016,0.21966136276698567,0.6018129068613325,ssm_fpar
wheat,IN,IN-06-0039,2017,0.7309705647356772,0.8783771270711246,ssm_fpar
wheat,IN,IN-06-0040,2003,-0.13969959568978924,-0.9720800403567456,ssm_fpar
wheat,IN,IN-06-0040,2004,0.24477806594905802,-0.690635053894992,ssm_fpar
wheat,IN,IN-06-0040,2005,0.0026965259983143413,-0.9397722255363115,ssm_fpar
wheat,IN,IN-06-0040,2006,0.1471536209571421,-0.6012997344695045,ssm_fpar
wheat,IN,IN-06-0040,2007,0.36591671562089406,-0.679384474059938,ssm_fpar
wheat,IN,IN-06-0040,2008,0.342201706460363,-0.610700285802269,ssm_fpar
wheat,IN,IN-06-0040,2009,-0.06415068618178063,-1.0370115285223784,ssm_fpar
wheat,IN,IN-06-0040,2010,0.5593784457272517,0.03370374783786903,ssm_fpar
wheat,IN,IN-06-0040,2011,0.4243106585834838,-0.025076019535612813,ssm_fpar
wheat,IN,IN-06-0040,2012,0.5757440108973085,-0.6111815940305091,ssm_fpar
wheat,IN,IN-06-0040,2013,0.7502864623343833,-0.23413676073511894,ssm_fpar
wheat,IN,IN-06-0040,2014,1.6540506848299283,0.1429005521192069,ssm_fpar
wheat,IN,IN-06-0040,2015,1.4418405097168954,0.26684494133137315,ssm_fpar
wheat,IN,IN-06-0040,2016,0.24951705169155483,-0.45483162426404833,ssm_fpar
wheat,IN,IN-06-0040,2017,0.6430864408935226,-0.10055116607607298,ssm_fpar
wheat,IN,IN-06-0041,2003,-0.869786688816515,-1.967658590024518,ssm_fpar
wheat,IN,IN-06-0041,2004,-0.3055599318434064,-0.7383221706958123,ssm_fpar
wheat,IN,IN-06-0041,2005,-0.3992209010593333,-0.9636345850393959,ssm_fpar
wheat,IN,IN-06-0041,2006,-0.46615800065245616,-1.3984288852821938,ssm_fpar
wheat,IN,IN-06-0041,2007,0.04413685673112004,-0.8458870392657836,ssm_fpar
wheat,IN,IN-06-0041,2008,-0.3428903772539328,-0.8834441219504203,ssm_fpar
wheat,IN,IN-06-0041,2009,-0.40089008830443845,-1.2545402863624353,ssm_fpar
wheat,IN,IN-06-0041,2010,-0.21612776426566352,-0.2086048633153383,ssm_fpar
wheat,IN,IN-06-0041,2011,-0.23482266141084146,-0.31879436581741094,ssm_fpar
wheat,IN,IN-06-0041,2012,0.4206857162669002,-0.3538697029502108,ssm_fpar
wheat,IN,IN-06-0041,2013,0.6756571348003733,0.018700467910788512,ssm_fpar
wheat,IN,IN-06-0041,2014,1.474609718536288,0.4001823614352396,ssm_fpar
wheat,IN,IN-06-0041,2015,1.2360997591557117,0.46046621702196194,ssm_fpar
wheat,IN,IN-06-0041,2016,-0.007147169758492972,-0.22188596223826582,ssm_fpar
wheat,IN,IN-06-0041,2017,0.38989227843837193,0.24628405545636048,ssm_fpar
wheat,IN,IN-06-0042,2003,-0.8288245484904821,-1.2992869107063705,ssm_fpar
wheat,IN,IN-06-0042,2004,-0.6857327638992985,-0.05556388761801327,ssm_fpar
wheat,IN,IN-06-0042,2005,-0.7333268746689882,-0.4548541855872399,ssm_fpar
wheat,IN,IN-06-0042,2006,-0.8246755780052833,-1.0715905165448003,ssm_fpar
wheat,IN,IN-06-0042,2007,0.03404070678400993,-0.342882338552483,ssm_fpar
wheat,IN,IN-06-0042,2008,-0.26721022109377274,-0.1894879021250349,ssm_fpar
wheat,IN,IN-06-0042,2009,-0.4939398707309799,-1.1618132480160985,ssm_fpar
wheat,IN,IN-06-0042,2010,-0.09576060822042186,0.4849377322514025,ssm_fpar
wheat,IN,IN-06-0042,2011,-0.2131451631806775,0.3105763061313712,ssm_fpar
wheat,IN,IN-06-0042,2012,0.3762423617417049,0.04264555226559611,ssm_fpar
wheat,IN,IN-06-0042,2013,0.5800902131594514,0.4429811915430244,ssm_fpar
wheat,IN,IN-06-0042,2014,1.4794007380589547,0.6733247809598978,ssm_fpar
wheat,IN,IN-06-0042,2015,1.2707606368349667,0.7884702541246105,ssm_fpar
wheat,IN,IN-06-0042,2016,0.030539565776362236,0.11888026335374084,ssm_fpar
wheat,IN,IN-06-0042,2017,0.5941361147182544,0.4984820466116368,ssm_fpar
wheat,IN,IN-06-0043,2003,-0.3809409224063486,0.5517117284782606,ssm_fpar
wheat,IN,IN-06-0043,2004,0.17161160669594966,0.7362934340072618,ssm_fpar
wheat,IN,IN-06-0043,2005,-0.1489287894048105,0.7042713959473461,ssm_fpar
wheat,IN,IN-06-0043,2006,-0.10792831076701014,0.6588855341127795,ssm_fpar
wheat,IN,IN-06-0043,2007,0.24234833173362705,0.8151903812328467,ssm_fpar
wheat,IN,IN-06-0043,2008,-0.06073256434000175,1.02430376551981,ssm_fpar
wheat,IN,IN-06-0043,2009,-0.15660871161512327,0.8051054697630569,ssm_fpar
wheat,IN,IN-06-0043,2010,0.4911049223184386,1.5644143224537832,ssm_fpar
wheat,IN,IN-06-0043,2011,0.2130576514947072,1.6833952205622555,ssm_fpar
wheat,IN,IN-06-0043,2012,0.6564004772773278,1.617696647407865,ssm_fpar
wheat,IN,IN-06-0043,2013,0.8419007592896038,1.6925626382219594,ssm_fpar
wheat,IN,IN-06-0043,2014,1.5182800820040112,1.5325050910098659,ssm_fpar
wheat,IN,IN-06-0043,2015,1.4613520117499013,1.5837493764350006,ssm_fpar
wheat,IN,IN-06-0043,2016,0.20890099874599533,1.3344693164134174,ssm_fpar
wheat,IN,IN-06-0043,2017,0.8379079969640041,1.4762221100703683,ssm_fpar
wheat,IN,IN-06-0502,2003,-0.5960970468498711,-0.7289968237737159,ssm_fpar
wheat,IN,IN-06-0502,2004,0.03648279073945019,0.09242335168282033,ssm_fpar
wheat,IN,IN-06-0502,2005,-0.24486797675889688,-0.25215573752975307,ssm_fpar
wheat,IN,IN-06-0502,2006,-0.32754403700482093,-0.43366910310373374,ssm_fpar
wheat,IN,IN-06-0502,2007,0.1115176667811743,-0.14954683962241203,ssm_fpar
wheat,IN,IN-06-0502,2008,-0.25947392656619755,-0.32871382758374484,ssm_fpar
wheat,IN,IN-06-0502,2009,-0.11772708084560789,-0.49908941993867934,ssm_fpar
wheat,IN,IN-06-0502,2010,0.29534427620975046,0.6850717099053192,ssm_fpar
wheat,IN,IN-06-0502,2011,0.10652974254286084,0.5198024970343333,ssm_fpar
wheat,IN,IN-06-0502,2012,0.6812014547870546,0.3613242424461386,ssm_fpar
wheat,IN,IN-06-0502,2013,0.8710685774051418,0.5756116901866648,ssm_fpar
wheat,IN,IN-06-0502,2014,1.6475430447209318,1.102546434372636,ssm_fpar
wheat,IN,IN-06-0502,2015,1.4524314203489743,1.0674710972398458,ssm_fpar
wheat,IN,IN-06-0502,2016,0.24941217072386113,0.4267671206042862,ssm_fpar
wheat,IN,IN-06-0502,2017,0.7992391046756261,0.8950800266791665,ssm_fpar
wheat,IN,IN-06-1057,2003,0.02232718883605498,-1.5346278332117496,ssm_fpar
wheat,IN,IN-06-1057,2004,0.8809911036271392,-1.177531507018832,ssm_fpar
wheat,IN,IN-06-1057,2005,0.4308211860771742,-1.1040256416889984,ssm_fpar
wheat,IN,IN-06-1057,2006,0.4780988503093353,-1.3663939550375896,ssm_fpar
wheat,IN,IN-06-1057,2007,0.367066626632021,-1.185338799194285,ssm_fpar
wheat,IN,IN-06-1057,2008,0.1974804515556008,-1.370765479994505,ssm_fpar
wheat,IN,IN-06-1057,2009,0.0103666273362393,-1.347238854467604,ssm_fpar
wheat,IN,IN-06-1057,2010,0.1201861166435766,-0.9390808821325849,ssm_fpar
wheat,IN,IN-06-1057,2011,-0.0774326570717975,-1.1536696846901195,ssm_fpar
wheat,IN,IN-06-1057,2012,0.5343849813734812,-1.022726450717115,ssm_fpar
wheat,IN,IN-06-1057,2013,0.6331686114577113,-0.9010220785939566,ssm_fpar
wheat,IN,IN-06-1057,2014,1.2173368009269394,-0.6953718574179744,ssm_fpar
wheat,IN,IN-06-1057,2015,0.8796655009098586,-0.5891493875783238,ssm_fpar
wheat,IN,IN-06-1057,2016,0.21215955223372135,-1.2626854612115015,ssm_fpar
wheat,IN,IN-06-1057,2017,0.3198065259766393,-0.8974396627746284,ssm_fpar
wheat,IN,IN-06-1058,2003,-0.6192962675666656,-0.0901879982868296,ssm_fpar
wheat,IN,IN-06-1058,2004,-0.16880410513848462,0.3329120160980142,ssm_fpar
wheat,IN,IN-06-1058,2005,-0.4159996545577256,0.3487275036602462,ssm_fpar
wheat,IN,IN-06-1058,2006,-0.2248072484948628,0.41062825407619674,ssm_fpar
wheat,IN,IN-06-1058,2007,0.21754351118199652,0.38190016920328895,ssm_fpar
wheat,IN,IN-06-1058,2008,0.000299428325926303,0.6324963064114643,ssm_fpar
wheat,IN,IN-06-1058,2009,-0.25880605330959927,0.4130498360995225,ssm_fpar
wheat,IN,IN-06-1058,2010,0.4317431324164556,1.2252574712499515,ssm_fpar
wheat,IN,IN-06-1058,2011,0.14978385308146738,1.5362653115429656,ssm_fpar
wheat,IN,IN-06-1058,2012,0.47713143413679293,1.1688917654587214,ssm_fpar
wheat,IN,IN-06-1058,2013,0.5178212485493274,1.2637846908321315,ssm_fpar
wheat,IN,IN-06-1058,2014,1.4698841583644973,1.1897083463299865,ssm_fpar
wheat,IN,IN-06-1058,2015,1.360072874115522,1.559541076642886,ssm_fpar
wheat,IN,IN-06-1058,2016,-0.04804499126360231,1.0836024433268612,ssm_fpar
wheat,IN,IN-06-1058,2017,0.7561946755321189,1.541100955148544,ssm_fpar
wheat,IN,IN-06-1060,2003,-1.3344536670745502,-1.6027379611346975,ssm_fpar
wheat,IN,IN-06-1060,2004,-1.094072314484703,-1.14981375759154,ssm_fpar
wheat,IN,IN-06-1060,2005,-1.013433804487577,-1.4070191090900712,ssm_fpar
wheat,IN,IN-06-1060,2006,-0.9127781043027445,-1.8144496578100429,ssm_fpar
wheat,IN,IN-06-1060,2007,0.10808435153879005,-1.1175021825505784,ssm_fpar
wheat,IN,IN-06-1060,2008,0.16424738349570153,-1.0584272378652508,ssm_fpar
wheat,IN,IN-06-1060,2009,-0.3468610999280054,-1.5619777972592803,ssm_fpar
wheat,IN,IN-06-1060,2010,-0.44553386925373695,-0.7376660122127795,ssm_fpar
wheat,IN,IN-06-1060,2011,-0.3455143890606328,-0.2904285155225226,ssm_fpar
wheat,IN,IN-06-1060,2012,-0.1563790048760682,-0.8787745547517294,ssm_fpar
wheat,IN,IN-06-1060,2013,-0.26379386420016415,-1.156225560303901,ssm_fpar
wheat,IN,IN-06-1060,2014,1.1529759818442677,-0.24143973571382696,ssm_fpar
wheat,IN,IN-06-1060,2015,0.47557261542114726,-0.42044064726827385,ssm_fpar
wheat,IN,IN-06-1060,2016,-0.9091530747229749,-0.6393136839489251,ssm_fpar
wheat,IN,IN-06-1060,2017,0.006702786292319355,-0.3195464099240312,ssm_fpar
wheat,IN,IN-06-1061,2003,0.27282762003279315,-0.3820563160663577,ssm_fpar
wheat,IN,IN-06-1061,2004,1.006966922787643,-0.20031733726038073,ssm_fpar
wheat,IN,IN-06-1061,2005,0.5439811715747471,-0.5142656700102899,ssm_fpar
wheat,IN,IN-06-1061,2006,0.6781675342318415,-0.607865079520309,ssm_fpar
wheat,IN,IN-06-1061,2007,0.4690220817251497,-0.5877178179039312,ssm_fpar
wheat,IN,IN-06-1061,2008,0.19194853909766843,-0.6238836189913263,ssm_fpar
wheat,IN,IN-06-1061,2009,0.2208788875810592,-0.33135350239798383,ssm_fpar
wheat,IN,IN-06-1061,2010,0.2996997275816839,0.18176619154937224,ssm_fpar
wheat,IN,IN-06-1061,2011,-0.05053779523125052,-0.5135211463447333,ssm_fpar
wheat,IN,IN-06-1061,2012,0.8088801448885296,-0.05287156971630737,ssm_fpar
wheat,IN,IN-06-1061,2013,0.8851957736359053,0.11079578920756783,ssm_fpar
wheat,IN,IN-06-1061,2014,1.6274396784081138,0.5192234230722425,ssm_fpar
wheat,IN,IN-06-1061,2015,1.308597713023116,0.49227016229095527,ssm_fpar
wheat,IN,IN-06-1061,2016,0.27960683460060626,-0.20030981681931642,ssm_fpar
wheat,IN,IN-06-1061,2017,0.5542515825063923,0.2569781226525159,ssm_fpar
wheat,IN,IN-06-1062,2003,-1.2408958050305463,-2.1322488145020935,ssm_fpar
wheat,IN,IN-06-1062,2004,-0.8763906466494535,-1.2293242474674486,ssm_fpar
wheat,IN,IN-06-1062,2005,-0.6957340141133402,-0.6787097830614264,ssm_fpar
wheat,IN,IN-06-1062,2006,-0.8262408431965199,-0.7969434716325399,ssm_fpar
wheat,IN,IN-06-1062,2007,-0.15096269421675873,-0.41947695646307964,ssm_fpar
wheat,IN,IN-06-1062,2008,-0.4613441470665704,-0.9282283484996847,ssm_fpar
wheat,IN,IN-06-1062,2009,-0.8368097925702319,-0.8289826992720335,ssm_fpar
wheat,IN,IN-06-1062,2010,-1.334953063784726,-1.0004079303300595,ssm_fpar
wheat,IN,IN-06-1062,2011,-0.7462979020709505,-0.026451723076363988,ssm_fpar
wheat,IN,IN-06-1062,2012,-0.25734226414479733,0.1624085762449536,ssm_fpar
wheat,IN,IN-06-1062,2013,-0.25634501871066984,0.05451227109370842,ssm_fpar
wheat,IN,IN-06-1062,2014,0.41566743876161416,0.5792000149239701,ssm_fpar
wheat,IN,IN-06-1062,2015,0.18960096118454992,0.17424736200624974,ssm_fpar
wheat,IN,IN-06-1062,2016,-0.8562252161485897,-0.5289982140589896,ssm_fpar
wheat,IN,IN-06-1062,2017,-0.6504172168668244,0.41033065947972547,ssm_fpar
wheat,IN,IN-06-1063,2003,-1.1326171458835308,-1.499044866306982,ssm_fpar
wheat,IN,IN-06-1063,2004,0.41678847315832696,-0.07007081843472641,ssm_fpar
wheat,IN,IN-06-1063,2005,0.27388049198740483,0.14903723202922994,ssm_fpar
wheat,IN,IN-06-1063,2006,-0.05574071369598881,-0.054744159541798176,ssm_fpar
wheat,IN,IN-06-1063,2007,0.08835836652143779,0.060348670535446854,ssm_fpar
wheat,IN,IN-06-1063,2008,-0.32859389153585616,0.2705750801002171,ssm_fpar
wheat,IN,IN-06-1063,2009,-0.32436276249061563,0.06051412023890288,ssm_fpar
wheat,IN,IN-06-1063,2010,-0.5697613618686348,0.18718090911703994,ssm_fpar
wheat,IN,IN-06-1063,2011,-0.2716255612229169,0.6607280421740047,ssm_fpar
wheat,IN,IN-06-1063,2012,0.024855065107662874,0.5480943963254147,ssm_fpar
wheat,IN,IN-06-1063,2013,0.11875735734230022,0.8528527500924082,ssm_fpar
wheat,IN,IN-06-1063,2014,0.6955699446608102,1.2426221696718267,ssm_fpar
wheat,IN,IN-06-1063,2015,0.33050839053133996,0.916979551063963,ssm_fpar
wheat,IN,IN-06-1063,2016,-0.9667526133444656,0.37012315849361166,ssm_fpar
wheat,IN,IN-06-1063,2017,-0.5982142040051964,1.0788420041319526,ssm_fpar
wheat,IN,IN-06-1064,2003,0.3345670692708366,-0.6513257084419173,ssm_fpar
wheat,IN,IN-06-1064,2004,1.0212639903574814,-0.4689550125863825,ssm_fpar
wheat,IN,IN-06-1064,2005,0.5510654822325931,-0.5376015986387314,ssm_fpar
wheat,IN,IN-06-1064,2006,0.6617014202648317,-0.818031325556548,ssm_fpar
wheat,IN,IN-06-1064,2007,0.5383255724383915,-0.6329833526814354,ssm_fpar
wheat,IN,IN-06-1064,2008,0.23805515162480928,-0.9156391301548562,ssm_fpar
wheat,IN,IN-06-1064,2009,0.18415294580490046,-0.6919661719637025,ssm_fpar
wheat,IN,IN-06-1064,2010,0.2729051629696716,-0.14649354054952846,ssm_fpar
wheat,IN,IN-06-1064,2011,-0.09226063960066558,-0.6341264597235079,ssm_fpar
wheat,IN,IN-06-1064,2012,0.7670827750058035,-0.3659400108614702,ssm_fpar
wheat,IN,IN-06-1064,2013,0.8267453610592002,-0.18773563935661558,ssm_fpar
wheat,IN,IN-06-1064,2014,1.5487271598107073,0.19500968826696008,ssm_fpar
wheat,IN,IN-06-1064,2015,1.269279031650768,0.07764568498772707,ssm_fpar
wheat,IN,IN-06-1064,2016,0.2964243385448207,-0.4330749882595052,ssm_fpar
wheat,IN,IN-06-1064,2017,0.5058975190570201,-0.12097668401188552,ssm_fpar
wheat,IN,IN-06-1071,2003,-0.718821568818186,-1.2928741231743435,ssm_fpar
wheat,IN,IN-06-1071,2004,0.023163694233205877,-0.7116289023056663,ssm_fpar
wheat,IN,IN-06-1071,2005,-0.41141037927039364,-0.7662450312002801,ssm_fpar
wheat,IN,IN-06-1071,2006,-0.4526886929553131,-1.0611833004578977,ssm_fpar
wheat,IN,IN-06-1071,2007,-0.4628451490685884,-0.8235567010427651,ssm_fpar
wheat,IN,IN-06-1071,2008,-0.5932285731971921,-1.140569076352786,ssm_fpar
wheat,IN,IN-06-1071,2009,-0.7863469275708945,-0.928794530277097,ssm_fpar
wheat,IN,IN-06-1071,2010,-0.7643677828296379,-0.6258464541096043,ssm_fpar
wheat,IN,IN-06-1071,2011,-0.8590704004847751,-0.9227749543779623,ssm_fpar
wheat,IN,IN-06-1071,2012,-0.37985202208276947,-0.6093799112207876,ssm_fpar
wheat,IN,IN-06-1071,2013,-0.3692017139767706,-0.4628989088306433,ssm_fpar
wheat,IN,IN-06-1071,2014,0.071294769365058,-0.2054258654417788,ssm_fpar
wheat,IN,IN-06-1071,2015,-0.24765564129671264,-0.2869764540150154,ssm_fpar
wheat,IN,IN-06-1071,2016,-0.7011612258149895,-0.8529772036681241,ssm_fpar
wheat,IN,IN-06-1071,2017,-0.5197607907439574,-0.5225779060858892,ssm_fpar
wheat,IN,IN-06-1081,2003,-0.559032815405095,-1.0440673137655736,ssm_fpar
wheat,IN,IN-06-1081,2004,0.5015488259560957,-0.48051393050514657,ssm_fpar
wheat,IN,IN-06-1081,2005,0.1648301047114773,-0.5705389818112737,ssm_fpar
wheat,IN,IN-06-1081,2006,0.06507197246483766,-0.8938851800221255,ssm_fpar
wheat,IN,IN-06-1081,2007,0.08362596939171912,-0.5297916205914761,ssm_fpar
wheat,IN,IN-06-1081,2008,-0.4025246156027935,-0.31076253475870624,ssm_fpar
wheat,IN,IN-06-1081,2009,0.05118547825615969,-0.3061106047848962,ssm_fpar
wheat,IN,IN-06-1081,2010,0.246910108725841,0.1187653080403023,ssm_fpar
wheat,IN,IN-06-1081,2011,0.08479800302569226,0.1414469582959846,ssm_fpar
wheat,IN,IN-06-1081,2012,0.6395285669960807,0.26382924446382927,ssm_fpar
wheat,IN,IN-06-1081,2013,0.9112461290626285,0.43704863789051235,ssm_fpar
wheat,IN,IN-06-1081,2014,1.7514874715338478,1.3027223116267808,ssm_fpar
wheat,IN,IN-06-1081,2015,1.4261104401657052,0.3583262723325346,ssm_fpar
wheat,IN,IN-06-1081,2016,-0.040897800801385706,0.15709162441113667,ssm_fpar
wheat,IN,IN-06-1081,2017,0.36611183064122277,0.30739730825781164,ssm_fpar
wheat,IN,IN-06-1082,2003,-0.7734485158822355,-0.9350631760220276,ssm_fpar
wheat,IN,IN-06-1082,2004,-0.4714930692896122,-0.6169334780393101,ssm_fpar
wheat,IN,IN-06-1082,2005,-0.8656056363210848,-0.8418516959303353,ssm_fpar
wheat,IN,IN-06-1082,2006,-0.5064614292830594,-0.9644825147696032,ssm_fpar
wheat,IN,IN-06-1082,2007,-0.02060775947581465,-0.7300647264051099,ssm_fpar
wheat,IN,IN-06-1082,2008,0.02084862006021517,-0.5400570226468396,ssm_fpar
wheat,IN,IN-06-1082,2009,-0.517220646399859,-0.6344009558224153,ssm_fpar
wheat,IN,IN-06-1082,2010,0.03544844449740148,0.10535161657905537,ssm_fpar
wheat,IN,IN-06-1082,2011,0.09604127684450613,0.009500461673124391,ssm_fpar
wheat,IN,IN-06-1082,2012,-0.12018568400300451,-0.38368887848114513,ssm_fpar
wheat,IN,IN-06-1082,2013,-0.11291346792833784,-0.09801740414018034,ssm_fpar
wheat,IN,IN-06-1082,2014,1.324748257746958,0.39954500405488147,ssm_fpar
wheat,IN,IN-06-1082,2015,0.9017664172721431,0.5071280470240872,ssm_fpar
wheat,IN,IN-06-1082,2016,-0.7536328960718345,0.03801546738249843,ssm_fpar
wheat,IN,IN-06-1082,2017,0.04424801812508197,0.35946920031648005,ssm_fpar
wheat,IN,IN-06-2006,2008,0.42594883449146176,-0.9090249022371211,ssm_fpar
wheat,IN,IN-06-2006,2009,-0.02439659196390382,-1.0784121832952787,ssm_fpar
wheat,IN,IN-06-2006,2010,-0.5391716409783383,-0.9630241759061876,ssm_fpar
wheat,IN,IN-06-2006,2011,-0.3169220515300819,-0.5094482008039558,ssm_fpar
wheat,IN,IN-06-2006,2012,0.11072013101586213,-0.8713117704003562,ssm_fpar
wheat,IN,IN-06-2006,2013,-0.13795473862289734,-0.5631623244159254,ssm_fpar
wheat,IN,IN-06-2006,2014,1.3765312275039037,-0.08397987418667469,ssm_fpar
wheat,IN,IN-06-2006,2015,0.42632933739034706,-0.2712501373968552,ssm_fpar
wheat,IN,IN-06-2006,2016,-0.7531076010509827,-0.5958731095368145,ssm_fpar
wheat,IN,IN-06-2006,2017,0.26445203219385377,-0.05454424115011934,ssm_fpar
wheat,IN,IN-06-2007,2008,-0.40699080403948884,-1.0836683448971336,ssm_fpar
wheat,IN,IN-06-2007,2009,-0.48950665862252185,-1.239822783195873,ssm_fpar
wheat,IN,IN-06-2007,2010,-0.531073601757975,-0.4940808061885822,ssm_fpar
wheat,IN,IN-06-2007,2011,-0.9350889192290902,-1.209673334961448,ssm_fpar
wheat,IN,IN-06-2007,2012,-0.18803925830803425,-0.6036160303178957,ssm_fpar
wheat,IN,IN-06-2007,2013,-0.19850437191675746,-0.49893149067628767,ssm_fpar
wheat,IN,IN-06-2007,2014,0.27749379143563135,-0.0960990649648744,ssm_fpar
wheat,IN,IN-06-2007,2015,-0.11603510263682862,-0.3135977410406662,ssm_fpar
wheat,IN,IN-06-2007,2016,-0.7048785418835835,-0.8437211522387107,ssm_fpar
wheat,IN,IN-06-2007,2017,-0.37735676990906397,-0.4539216508950364,ssm_fpar
wheat,IN,IN-06-2058,2013,0.45355977928811075,0.2032220099112592,ssm_fpar
wheat,IN,IN-06-2058,2014,1.363814582032926,0.5854258657780642,ssm_fpar
wheat,IN,IN-06-2058,2015,1.0391271238452136,-0.04220758428442728,ssm_fpar
wheat,IN,IN-06-2058,2016,-0.19642284537367274,-0.14392907014595838,ssm_fpar
wheat,IN,IN-06-2058,2017,0.23727961704175082,0.4604737374630262,ssm_fpar
wheat,IN,IN-07-0096,2003,-0.6585533069891258,-1.0283642747030854,ssm_fpar
wheat,IN,IN-07-0096,2004,0.4830292086824811,-0.9546407642276324,ssm_fpar
wheat,IN,IN-07-0096,2005,0.45522488023418384,-0.8153979177765309,ssm_fpar
wheat,IN,IN-07-0096,2006,0.5095011830400524,-0.8129211858520534,ssm_fpar
wheat,IN,IN-07-0096,2007,0.7711086713576856,-0.8543494155755346,ssm_fpar
wheat,IN,IN-07-0096,2008,0.5103273194472299,-0.8965597711698821,ssm_fpar
wheat,IN,IN-07-0096,2009,0.39341726110114844,-0.8663501594069257,ssm_fpar
wheat,IN,IN-07-0096,2010,0.7646348955462782,-0.4135074273086586,ssm_fpar
wheat,IN,IN-07-0096,2011,1.0683254875709125,-0.425793321197147,ssm_fpar
wheat,IN,IN-07-0096,2016,0.46872850259960885,-0.3148780961321827,ssm_fpar
wheat,IN,IN-07-0096,2017,0.5692312522427175,-0.6456032794939603,ssm_fpar
wheat,IN,IN-07-0097,2015,0.9840397613300644,-0.7633201167998859,ssm_fpar
wheat,IN,IN-07-0099,2003,-1.171890748324442,-1.0873577479435328,ssm_fpar
wheat,IN,IN-07-0099,2004,-0.5530779450375625,-1.1523067838049879,ssm_fpar
wheat,IN,IN-07-0099,2005,-0.1369291899795136,-0.5761244312969527,ssm_fpar
wheat,IN,IN-07-0099,2006,-0.07225150824757248,-0.7019407836311888,ssm_fpar
wheat,IN,IN-07-0099,2007,0.5228047705074388,-0.5214978275022869,ssm_fpar
wheat,IN,IN-07-0099,2008,0.43673932235982316,-0.5376454678782825,ssm_fpar
wheat,IN,IN-07-0099,2009,0.07293794490586467,-0.5169028380108344,ssm_fpar
wheat,IN,IN-07-0099,2010,0.27690656692852456,-0.2682193996471639,ssm_fpar
wheat,IN,IN-07-0099,2011,0.6301568430926322,-0.21769895667464706,ssm_fpar
wheat,IN,IN-07-0099,2012,0.016807707991258605,-0.8224614920479661,ssm_fpar
wheat,IN,IN-07-0099,2013,-0.4464739555101712,-0.9051875971830887,ssm_fpar
wheat,IN,IN-07-0099,2014,1.0692069333051202,-0.29182982437452315,ssm_fpar
wheat,IN,IN-07-0099,2015,0.6301927395925221,-0.2578236432799791,ssm_fpar
wheat,IN,IN-07-0099,2016,-0.45008370753958793,-0.7112529697814205,ssm_fpar
wheat,IN,IN-07-0099,2017,0.08045863495741001,-0.2061463057901146,ssm_fpar
wheat,IN,IN-07-0100,2003,-1.4212994086915245,-1.642756734861674,ssm_fpar
wheat,IN,IN-07-0100,2004,-1.0887947202108441,-1.1848464788916209,ssm_fpar
wheat,IN,IN-07-0100,2005,-0.8567744747518529,-1.240198178545757,ssm_fpar
wheat,IN,IN-07-0100,2006,-0.8492563171723044,-1.664281490600008,ssm_fpar
wheat,IN,IN-07-0100,2007,0.04056824858551939,-1.1490153374316838,ssm_fpar
wheat,IN,IN-07-0100,2008,0.135078907377222,-1.0463694640224341,ssm_fpar
wheat,IN,IN-07-0100,2009,-0.3381159287508572,-1.1770252201827744,ssm_fpar
wheat,IN,IN-07-0100,2010,-0.2546024322964381,-0.5915795643914382,ssm_fpar
wheat,IN,IN-07-0100,2011,-0.0793359473120496,-0.3156194862806329,ssm_fpar
wheat,IN,IN-07-0100,2012,-0.3854448213324216,-0.9762795799887977,ssm_fpar
wheat,IN,IN-07-0100,2013,-0.6746457903688755,-1.0525531466891234,ssm_fpar
wheat,IN,IN-07-0100,2014,1.042051407674918,-0.3149432732880934,ssm_fpar
wheat,IN,IN-07-0100,2015,0.4417350559041859,-0.44238090737551566,ssm_fpar
wheat,IN,IN-07-0100,2016,-1.1667849858968942,-1.0911461701306349,ssm_fpar
wheat,IN,IN-07-0100,2017,-0.30356330042291496,-0.8424138489000342,ssm_fpar
wheat,IN,IN-07-0101,2003,-1.205685257825447,-0.9531059675467058,ssm_fpar
wheat,IN,IN-07-0101,2004,-0.8396468829972041,-0.5115282294621898,ssm_fpar
wheat,IN,IN-07-0101,2005,-0.8547705091608595,-0.7454966714729726,ssm_fpar
wheat,IN,IN-07-0101,2006,-0.8362726120071033,-1.0730795638759125,ssm_fpar
wheat,IN,IN-07-0101,2007,-0.09938926216798986,-0.596599458803127,ssm_fpar
wheat,IN,IN-07-0101,2008,-0.00987775003048411,-0.6471217818859072,ssm_fpar
wheat,IN,IN-07-0101,2009,-0.5283398003421013,-0.5913802727031803,ssm_fpar
wheat,IN,IN-07-0101,2010,-0.2526385995185961,0.14390829122208004,ssm_fpar
wheat,IN,IN-07-0101,2011,-0.022218966694297085,0.23476273974293535,ssm_fpar
wheat,IN,IN-07-0101,2012,-0.40410747047441464,-0.4926669632681392,ssm_fpar
wheat,IN,IN-07-0101,2013,-0.5401264878755372,-0.9943255050305819,ssm_fpar
wheat,IN,IN-07-0101,2014,1.1183564209609953,0.4768156558998905,ssm_fpar
wheat,IN,IN-07-0101,2015,0.5959259407930101,0.16227320830575348,ssm_fpar
wheat,IN,IN-07-0101,2016,-1.1775693537062544,-0.9276191927733288,ssm_fpar
wheat,IN,IN-07-0101,2017,-0.31773199143650416,0.037546693222702085,ssm_fpar
wheat,IN,IN-07-0102,2003,-1.4622102507715484,-1.004011833123865,ssm_fpar
wheat,IN,IN-07-0102,2004,-0.8839844017663904,-1.391261904946097,ssm_fpar
wheat,IN,IN-07-0102,2005,-0.3858264656708818,-0.5396095564034028,ssm_fpar
wheat,IN,IN-07-0102,2006,-0.4391882870227363,-0.522267419304729,ssm_fpar
wheat,IN,IN-07-0102,2007,0.1851358152392472,-0.381349394606131,ssm_fpar
wheat,IN,IN-07-0102,2008,0.146599400590654,-0.4653903235210036,ssm_fpar
wheat,IN,IN-07-0102,2009,-0.28439640391117854,-0.5183718308324388,ssm_fpar
wheat,IN,IN-07-0102,2010,0.059969027686286515,-0.23257250899334792,ssm_fpar
wheat,IN,IN-07-0102,2011,0.539498480859286,-0.18410326632163213,ssm_fpar
wheat,IN,IN-07-0102,2012,-0.378509992288683,-0.7362239676383342,ssm_fpar
wheat,IN,IN-07-0102,2013,-0.8578054978296681,-0.9616642294800443,ssm_fpar
wheat,IN,IN-07-0102,2014,0.7210633219332424,-0.39011822888932873,ssm_fpar
wheat,IN,IN-07-0102,2015,0.3569650660665522,-0.297361108778726,ssm_fpar
wheat,IN,IN-07-0102,2016,-0.9222216980606514,-0.9604233567041206,ssm_fpar
wheat,IN,IN-07-0102,2017,-0.23945375812868364,-0.30373844280286355,ssm_fpar
wheat,IN,IN-07-0103,2003,-1.44107074500497,-0.7050743007421103,ssm_fpar
wheat,IN,IN-07-0103,2004,-0.6161452810670138,-1.1612567353771996,ssm_fpar
wheat,IN,IN-07-0103,2005,-0.3467339237569471,-0.5270128176175104,ssm_fpar
wheat,IN,IN-07-0103,2006,-0.0973173736284652,-0.5598545837536314,ssm_fpar
wheat,IN,IN-07-0103,2007,0.14510380881903948,-0.41161164945655465,ssm_fpar
wheat,IN,IN-07-0103,2008,0.04865950514666069,-0.46498421970342335,ssm_fpar
wheat,IN,IN-07-0103,2009,-0.14198735370022203,-0.4845298460344993,ssm_fpar
wheat,IN,IN-07-0103,2010,0.16129893114594762,-0.15402902249786649,ssm_fpar
wheat,IN,IN-07-0103,2011,0.5490845119287662,-0.1253310193892236,ssm_fpar
wheat,IN,IN-07-0103,2012,-0.2340500708818997,-0.4332855606093645,ssm_fpar
wheat,IN,IN-07-0103,2013,-0.5716096555546426,-0.44567172704540803,ssm_fpar
wheat,IN,IN-07-0103,2014,0.3715577686381687,-0.01826249992961968,ssm_fpar
wheat,IN,IN-07-0103,2015,0.2506925878950027,-0.012185983548128578,ssm_fpar
wheat,IN,IN-07-0103,2016,-0.58285055948465,-0.3146581232309965,ssm_fpar
wheat,IN,IN-07-0103,2017,-0.10154533130452419,-0.14314694427507252,ssm_fpar
wheat,IN,IN-07-0104,2003,-1.213264180537945,-1.2771392117663949,ssm_fpar
wheat,IN,IN-07-0104,2004,-0.4047832220849285,-1.9464659870999383,ssm_fpar
wheat,IN,IN-07-0104,2005,-0.18822903670282354,-0.726469955575466,ssm_fpar
wheat,IN,IN-07-0104,2006,0.24995547480756483,-0.819084187305814,ssm_fpar
wheat,IN,IN-07-0104,2007,0.38218987935416476,-0.6733455598837761,ssm_fpar
wheat,IN,IN-07-0104,2008,0.25029626720344034,-0.6231766975311094,ssm_fpar
wheat,IN,IN-07-0104,2009,0.19301160482106253,-0.7450228836857968,ssm_fpar
wheat,IN,IN-07-0104,2010,0.5357064212758565,-0.4375797324581617,ssm_fpar
wheat,IN,IN-07-0104,2011,0.8089106436184406,-0.3021215479736346,ssm_fpar
wheat,IN,IN-07-0104,2012,0.0515586608331087,-0.9248516704609634,ssm_fpar
wheat,IN,IN-07-0104,2013,-0.2338310597132822,-0.9007712181669658,ssm_fpar
wheat,IN,IN-07-0104,2014,0.5635818482691118,-0.35400507088940053,ssm_fpar
wheat,IN,IN-07-0104,2015,0.5049933759659214,-0.2742959160286647,ssm_fpar
wheat,IN,IN-07-0104,2016,-0.43113551571703496,-0.7373144315929399,ssm_fpar
wheat,IN,IN-07-0104,2017,0.1575955058365421,-0.621251464618151,ssm_fpar
wheat,IN,IN-07-0105,2003,-1.319155979082583,-1.5971653143046374,ssm_fpar
wheat,IN,IN-07-0105,2004,-0.6935696663255718,-1.9085247352175014,ssm_fpar
wheat,IN,IN-07-0105,2005,-0.4640720853561651,-1.1230259465137082,ssm_fpar
wheat,IN,IN-07-0105,2006,0.2227890036872282,-1.1660673108458812,ssm_fpar
wheat,IN,IN-07-0105,2007,0.29056877478846205,-0.9471046555758639,ssm_fpar
wheat,IN,IN-07-0105,2008,0.25294924289877996,-0.9301748893289926,ssm_fpar
wheat,IN,IN-07-0105,2009,0.1522755274572092,-0.935144647466908,ssm_fpar
wheat,IN,IN-07-0105,2010,0.5959833751928391,-0.5759207526847465,ssm_fpar
wheat,IN,IN-07-0105,2011,0.908706502975789,-0.5123485842418264,ssm_fpar
wheat,IN,IN-07-0105,2012,-0.05655037919361876,-1.149683403279729,ssm_fpar
wheat,IN,IN-07-0105,2013,-0.440762219315721,-1.0168768009744533,ssm_fpar
wheat,IN,IN-07-0105,2014,0.513421425434951,-0.5902271384063592,ssm_fpar
wheat,IN,IN-07-0105,2015,0.42674573678913175,-0.3282231188041778,ssm_fpar
wheat,IN,IN-07-0105,2016,-0.7344773176056144,-0.9279018360167312,ssm_fpar
wheat,IN,IN-07-0105,2017,-0.0862357507873618,-0.6919116487659722,ssm_fpar
wheat,IN,IN-07-0106,2003,-1.5754334567010617,-1.3840115730548466,ssm_fpar
wheat,IN,IN-07-0106,2004,-0.7320773628007841,-2.0663919539690667,ssm_fpar
wheat,IN,IN-07-0106,2005,-0.385383011505794,-1.3673588097205773,ssm_fpar
wheat,IN,IN-07-0106,2006,0.13562086373606902,-1.179575276407638,ssm_fpar
wheat,IN,IN-07-0106,2007,0.2963004115157198,-0.9816241067731857,ssm_fpar
wheat,IN,IN-07-0106,2008,0.24121157416540462,-1.1001895005127498,ssm_fpar
wheat,IN,IN-07-0106,2009,0.20191654642910964,-1.009185896577418,ssm_fpar
wheat,IN,IN-07-0106,2010,0.47184987143143575,-0.6308325065364994,ssm_fpar
wheat,IN,IN-07-0106,2011,1.0505316271310785,-0.6376353721843134,ssm_fpar
wheat,IN,IN-07-0106,2012,-0.26527076035612585,-1.0771167873216245,ssm_fpar
wheat,IN,IN-07-0106,2013,-0.6481439428092063,-1.2051491629566962,ssm_fpar
wheat,IN,IN-07-0106,2014,0.79787137475335,-0.6616938898585304,ssm_fpar
wheat,IN,IN-07-0106,2015,0.33503309995129715,-0.7721773162656067,ssm_fpar
wheat,IN,IN-07-0106,2016,-0.9377212313977378,-1.6308863453420939,ssm_fpar
wheat,IN,IN-07-0106,2017,-0.008477726204341441,-0.7839336457623557,ssm_fpar
wheat,IN,IN-07-0107,2003,-1.1841371273422219,-0.7135197560594596,ssm_fpar
wheat,IN,IN-07-0107,2004,-0.6245151584494514,-1.0681611954186119,ssm_fpar
wheat,IN,IN-07-0107,2005,-0.5397555573766308,-0.8041485913483291,ssm_fpar
wheat,IN,IN-07-0107,2006,0.050764097973365015,-0.9964387489701876,ssm_fpar
wheat,IN,IN-07-0107,2007,0.12186722731905218,-0.6080305292237651,ssm_fpar
wheat,IN,IN-07-0107,2008,0.2079887945749018,-0.559756818019771,ssm_fpar
wheat,IN,IN-07-0107,2009,0.03770229913907624,-0.7049389328029102,ssm_fpar
wheat,IN,IN-07-0107,2010,0.3740070923781329,-0.3080025328874048,ssm_fpar
wheat,IN,IN-07-0107,2011,0.5914958194716495,-0.475730929987036,ssm_fpar
wheat,IN,IN-07-0107,2012,-0.16793425896088382,-0.5890113337673214,ssm_fpar
wheat,IN,IN-07-0107,2013,-0.4681929478501175,-0.21819342567475114,ssm_fpar
wheat,IN,IN-07-0107,2014,0.22064913386296564,-0.14638073393354004,ssm_fpar
wheat,IN,IN-07-0107,2015,0.28806221262710624,-0.05518034512363501,ssm_fpar
wheat,IN,IN-07-0107,2016,-0.7202661947182757,-0.31675632628847383,ssm_fpar
wheat,IN,IN-07-0107,2017,-0.1620066814752781,-0.47071479579587516,ssm_fpar
wheat,IN,IN-07-0108,2003,-1.10968099569284,-1.1210975800836538,ssm_fpar
wheat,IN,IN-07-0108,2004,-0.6501579091308339,-1.2159905054570541,ssm_fpar
wheat,IN,IN-07-0108,2005,-0.19648256378951573,-0.8981390637937907,ssm_fpar
wheat,IN,IN-07-0108,2006,-0.4620943937547644,-0.9260925432368871,ssm_fpar
wheat,IN,IN-07-0108,2007,0.3577052353876486,-0.4648112495589037,ssm_fpar
wheat,IN,IN-07-0108,2008,0.31463056611239254,-0.7873328851242882,ssm_fpar
wheat,IN,IN-07-0108,2009,-0.2065394169412831,-0.6876870409970333,ssm_fpar
wheat,IN,IN-07-0108,2010,0.18689962656255094,-0.03786828978922685,ssm_fpar
wheat,IN,IN-07-0108,2011,0.45120775995439755,0.22776120911029463,ssm_fpar
wheat,IN,IN-07-0108,2012,-0.3307604631540697,-0.5488973011201692,ssm_fpar
wheat,IN,IN-07-0108,2013,-0.6161649218369311,-1.457614756473247,ssm_fpar
wheat,IN,IN-07-0108,2014,1.2195981743751279,0.28231448860456515,ssm_fpar
wheat,IN,IN-07-0108,2015,0.5852193998574773,-0.46096830417407064,ssm_fpar
wheat,IN,IN-07-0108,2016,-0.9860632226654754,-0.9531586106341634,ssm_fpar
wheat,IN,IN-07-0108,2017,-0.1531393349916186,-0.02047350960308616,ssm_fpar
wheat,IN,IN-07-0109,2003,-0.785523315250466,-1.0108316197640699,ssm_fpar
wheat,IN,IN-07-0109,2004,-0.1176493155339607,-1.0685134027418828,ssm_fpar
wheat,IN,IN-07-0109,2005,0.137915319336118,-0.8725908720850402,ssm_fpar
wheat,IN,IN-07-0109,2006,0.07894023005540471,-0.7183002497638756,ssm_fpar
wheat,IN,IN-07-0109,2007,0.7311120426599905,-0.8271135115508346,ssm_fpar
wheat,IN,IN-07-0109,2008,0.40220344573183053,-0.8717028333357989,ssm_fpar
wheat,IN,IN-07-0109,2009,0.047355629401684494,-0.9547303828170081,ssm_fpar
wheat,IN,IN-07-0109,2010,0.4090864682579852,-0.646646113988468,ssm_fpar
wheat,IN,IN-07-0109,2011,0.9510068800834461,-0.09891359003389705,ssm_fpar
wheat,IN,IN-07-0109,2012,-0.2725137035383557,-0.7345700973071969,ssm_fpar
wheat,IN,IN-07-0109,2013,-0.2218752991088028,-0.6621093942274382,ssm_fpar
wheat,IN,IN-07-0109,2014,1.6213235270445887,0.032157670495341406,ssm_fpar
wheat,IN,IN-07-0109,2015,0.5492583896713278,-1.12749058169335,ssm_fpar
wheat,IN,IN-07-0109,2016,-0.8749410221132133,-1.5604135455175092,ssm_fpar
wheat,IN,IN-07-0109,2017,0.35749420919220565,-0.019511519850037896,ssm_fpar
wheat,IN,IN-07-0110,2003,-1.1360985682120752,-1.4901444243051214,ssm_fpar
wheat,IN,IN-07-0110,2004,-0.18941733929759313,-1.3500216862492733,ssm_fpar
wheat,IN,IN-07-0110,2005,0.22738170444518357,-0.9633174731077697,ssm_fpar
wheat,IN,IN-07-0110,2006,0.06959778994925922,-0.7907853942770996,ssm_fpar
wheat,IN,IN-07-0110,2007,0.6812236058836716,-0.7083037034766193,ssm_fpar
wheat,IN,IN-07-0110,2008,0.47680469816632537,-0.9698188944095064,ssm_fpar
wheat,IN,IN-07-0110,2009,0.15708154322276965,-0.949117000264503,ssm_fpar
wheat,IN,IN-07-0110,2010,0.514742876106281,-0.04495505208728566,ssm_fpar
wheat,IN,IN-07-0110,2011,1.1028024388394095,-0.3035372710043416,ssm_fpar
wheat,IN,IN-07-0110,2012,-0.13529828276188724,-0.8779679874473786,ssm_fpar
wheat,IN,IN-07-0110,2013,-0.29238730665917356,-0.9234942308485147,ssm_fpar
wheat,IN,IN-07-0110,2014,1.5100378345188008,0.10878156440866542,ssm_fpar
wheat,IN,IN-07-0110,2015,0.6162864355333074,-1.2358231619554907,ssm_fpar
wheat,IN,IN-07-0110,2016,-0.7082381248705534,-1.6762333515644787,ssm_fpar
wheat,IN,IN-07-0110,2017,0.42436346272468056,-0.10284051367730507,ssm_fpar
wheat,IN,IN-07-0111,2003,-0.8068461914081424,-0.8960859833827163,ssm_fpar
wheat,IN,IN-07-0111,2004,-0.0258250738483344,-0.7189645553913936,ssm_fpar
wheat,IN,IN-07-0111,2005,0.11346777516659035,-0.5686158975957648,ssm_fpar
wheat,IN,IN-07-0111,2006,0.3718557913208554,-0.7272821632106168,ssm_fpar
wheat,IN,IN-07-0111,2007,0.5833067195438597,-0.8338392926777161,ssm_fpar
wheat,IN,IN-07-0111,2008,0.4787796462750027,-0.9207079074334846,ssm_fpar
wheat,IN,IN-07-0111,2009,0.024879378516449606,-1.0162250294153787,ssm_fpar
wheat,IN,IN-07-0111,2010,0.09457554212474346,-0.7792860131834451,ssm_fpar
wheat,IN,IN-07-0111,2011,0.7461577631370728,0.13828300130455232,ssm_fpar
wheat,IN,IN-07-0111,2012,-0.4230265826804701,-0.6612752519725167,ssm_fpar
wheat,IN,IN-07-0111,2013,-0.10320547113542562,-0.3771755498143866,ssm_fpar
wheat,IN,IN-07-0111,2014,1.4196534167005215,0.14780387969437028,ssm_fpar
wheat,IN,IN-07-0111,2015,0.5267015840852428,-0.7235520244417826,ssm_fpar
wheat,IN,IN-07-0111,2016,-0.890926303280674,-1.3960674667873993,ssm_fpar
wheat,IN,IN-07-0111,2017,0.23928286994878595,-0.09933285462334125,ssm_fpar
wheat,IN,IN-07-0112,2003,-1.347583894929117,-1.55561487741384,ssm_fpar
wheat,IN,IN-07-0112,2004,-0.2910981095058093,-2.0163358982323882,ssm_fpar
wheat,IN,IN-07-0112,2005,0.08777279090716142,-1.1930995362583647,ssm_fpar
wheat,IN,IN-07-0112,2006,0.2913943942860418,-1.0125343729621472,ssm_fpar
wheat,IN,IN-07-0112,2007,0.5374649010644453,-0.9991893502901518,ssm_fpar
wheat,IN,IN-07-0112,2008,0.4845247430196948,-1.1017537522545209,ssm_fpar
wheat,IN,IN-07-0112,2009,0.2579640126512798,-1.0870725978864357,ssm_fpar
wheat,IN,IN-07-0112,2010,0.4647960266775487,-0.7122469214089977,ssm_fpar
wheat,IN,IN-07-0112,2011,1.1543390724554767,-0.779754160639811,ssm_fpar
wheat,IN,IN-07-0112,2012,-0.17187147475543754,-1.1127686916028199,ssm_fpar
wheat,IN,IN-07-0112,2013,-0.3388554447441603,-1.6197084631040142,ssm_fpar
wheat,IN,IN-07-0112,2014,1.2081192085977674,-0.5272823000890481,ssm_fpar
wheat,IN,IN-07-0112,2015,0.4793556470348467,-1.1366561192427906,ssm_fpar
wheat,IN,IN-07-0112,2016,-0.8237590921437931,-1.820022304640103,ssm_fpar
wheat,IN,IN-07-0112,2017,0.31630633547538334,-0.6290238404600769,ssm_fpar
wheat,IN,IN-07-0113,2003,-0.536268810686853,-0.890618622727581,ssm_fpar
wheat,IN,IN-07-0113,2004,-0.33875430276606205,-0.8281156103229067,ssm_fpar
wheat,IN,IN-07-0113,2005,-0.4826031795930321,-1.3787403705708634,ssm_fpar
wheat,IN,IN-07-0113,2006,-0.2761867034495366,-1.2256016291396683,ssm_fpar
wheat,IN,IN-07-0113,2007,0.3302774829720195,-0.8315004355061232,ssm_fpar
wheat,IN,IN-07-0113,2008,0.26378998586699093,-0.8215978947321902,ssm_fpar
wheat,IN,IN-07-0113,2009,-0.36326207808378846,-1.1314306661086222,ssm_fpar
wheat,IN,IN-07-0113,2010,0.18016549971221582,-0.2719871406213378,ssm_fpar
wheat,IN,IN-07-0113,2011,0.40240073056052167,-0.023195909269057687,ssm_fpar
wheat,IN,IN-07-0113,2012,-0.25931534849901655,-0.689548976864345,ssm_fpar
wheat,IN,IN-07-0113,2013,-0.20725049070768878,-1.0602346505348312,ssm_fpar
wheat,IN,IN-07-0113,2014,1.4723030892230546,0.21796959484209655,ssm_fpar
wheat,IN,IN-07-0113,2015,0.8093449912671615,-0.08943595418020936,ssm_fpar
wheat,IN,IN-07-0113,2016,-0.8319147769198761,-0.8489397116352358,ssm_fpar
wheat,IN,IN-07-0113,2017,0.008834032828247728,-0.11265907619266233,ssm_fpar
wheat,IN,IN-07-0114,2003,-0.5449153285235651,-1.241721694565083,ssm_fpar
wheat,IN,IN-07-0114,2004,-0.3672185928703934,-1.2709943847118772,ssm_fpar
wheat,IN,IN-07-0114,2005,-0.6752983478791493,-1.7331493029603857,ssm_fpar
wheat,IN,IN-07-0114,2006,-0.19923954995810944,-0.8951584623178819,ssm_fpar
wheat,IN,IN-07-0114,2007,0.1400551009395965,-0.960702239726996,ssm_fpar
wheat,IN,IN-07-0114,2008,0.09806938729686225,-0.8995986560640585,ssm_fpar
wheat,IN,IN-07-0114,2009,-0.5125651552563644,-1.4292608135433804,ssm_fpar
wheat,IN,IN-07-0114,2010,0.0064043186388446785,-0.793164360467707,ssm_fpar
wheat,IN,IN-07-0114,2011,0.1557970294300205,-0.10376928814898129,ssm_fpar
wheat,IN,IN-07-0114,2012,-0.27116025957159445,-0.9677250782759865,ssm_fpar
wheat,IN,IN-07-0114,2013,-0.12205431220152956,-0.5183774711632294,ssm_fpar
wheat,IN,IN-07-0114,2014,1.4298510129231494,-0.1165358635622876,ssm_fpar
wheat,IN,IN-07-0114,2015,0.7625958996408385,-0.4078125733112727,ssm_fpar
wheat,IN,IN-07-0114,2016,-0.7718549129228366,-1.1028128810380082,ssm_fpar
wheat,IN,IN-07-0114,2017,-0.0448337616279781,-0.2814340680073383,ssm_fpar
wheat,IN,IN-07-0115,2003,-0.4700524176238901,-1.2506020820574364,ssm_fpar
wheat,IN,IN-07-0115,2004,-0.1489838664225593,-1.158050520669304,ssm_fpar
wheat,IN,IN-07-0115,2005,-0.39398580619209167,-1.3550885834176383,ssm_fpar
wheat,IN,IN-07-0115,2006,-0.026792180780883024,-0.8536487611495297,ssm_fpar
wheat,IN,IN-07-0115,2007,0.06638795364586844,-0.9849970245913799,ssm_fpar
wheat,IN,IN-07-0115,2008,0.12352082287832919,-0.9972992127688481,ssm_fpar
wheat,IN,IN-07-0115,2009,-0.45147350514671003,-1.2364009825107485,ssm_fpar
wheat,IN,IN-07-0115,2010,0.075807195218247,-0.7755909698062456,ssm_fpar
wheat,IN,IN-07-0115,2011,0.16961192874317038,-0.29108028708159744,ssm_fpar
wheat,IN,IN-07-0115,2012,-0.028163427076865845,-0.9214818861598753,ssm_fpar
wheat,IN,IN-07-0115,2013,0.24122762854035912,-0.49729203452385745,ssm_fpar
wheat,IN,IN-07-0115,2014,1.4845294370871993,-0.08264374249058482,ssm_fpar
wheat,IN,IN-07-0115,2015,0.8993375165032608,-0.14205272009993053,ssm_fpar
wheat,IN,IN-07-0115,2016,-0.4295437302998222,-0.8492900388482337,ssm_fpar
wheat,IN,IN-07-0115,2017,0.1386229111420448,-0.2341292402940449,ssm_fpar
wheat,IN,IN-07-0116,2003,-0.47952923506013534,-0.9945291836427982,ssm_fpar
wheat,IN,IN-07-0116,2004,0.026133044319918856,-0.8864491648597945,ssm_fpar
wheat,IN,IN-07-0116,2005,-0.06402129550028024,-1.4921404747047804,ssm_fpar
wheat,IN,IN-07-0116,2006,0.35247829075170944,-0.7461879253476408,ssm_fpar
wheat,IN,IN-07-0116,2007,0.3662591006473064,-0.9283173403856391,ssm_fpar
wheat,IN,IN-07-0116,2008,0.24848480956546803,-0.8771532729985332,ssm_fpar
wheat,IN,IN-07-0116,2009,-0.2744342705118175,-1.2113328456233854,ssm_fpar
wheat,IN,IN-07-0116,2010,-0.016420102515303327,-0.9710572603717355,ssm_fpar
wheat,IN,IN-07-0116,2011,0.40782230816702364,0.26341436679834224,ssm_fpar
wheat,IN,IN-07-0116,2012,-0.32390664889359716,-0.7698472329419299,ssm_fpar
wheat,IN,IN-07-0116,2013,0.05969992290833845,-0.27600806977806924,ssm_fpar
wheat,IN,IN-07-0116,2014,1.3652859166232825,-0.005588049919373517,ssm_fpar
wheat,IN,IN-07-0116,2015,0.5642896949401868,-0.33069170358415073,ssm_fpar
wheat,IN,IN-07-0116,2016,-0.6034897259329258,-0.7618060013318871,ssm_fpar
wheat,IN,IN-07-0116,2017,0.08438623077880442,-0.10892643061013352,ssm_fpar
wheat,IN,IN-07-0117,2003,-0.4664914848343325,-1.1129379015268124,ssm_fpar
wheat,IN,IN-07-0117,2004,0.18780651483141472,-0.7255073391189962,ssm_fpar
wheat,IN,IN-07-0117,2005,0.02300253221595429,-1.0453216159005376,ssm_fpar
wheat,IN,IN-07-0117,2006,0.35703628472235255,-0.7156931635275872,ssm_fpar
wheat,IN,IN-07-0117,2007,0.22014690642616866,-0.9274537430698632,ssm_fpar
wheat,IN,IN-07-0117,2008,0.29214896743102386,-0.8574986002720052,ssm_fpar
wheat,IN,IN-07-0117,2009,-0.28610621687759785,-1.2657532639921505,ssm_fpar
wheat,IN,IN-07-0117,2010,0.024281359269349403,-0.5985998961267343,ssm_fpar
wheat,IN,IN-07-0117,2011,0.29344514696642293,0.029575025692527908,ssm_fpar
wheat,IN,IN-07-0117,2012,-0.07324546797106468,-0.7842043816407462,ssm_fpar
wheat,IN,IN-07-0117,2013,0.3269465156960695,-0.2963082470294503,ssm_fpar
wheat,IN,IN-07-0117,2014,1.359759348933889,-0.01817225463683256,ssm_fpar
wheat,IN,IN-07-0117,2015,0.6637536696181102,-0.21579440497463706,ssm_fpar
wheat,IN,IN-07-0117,2016,-0.2941942256975372,-0.5064068090960945,ssm_fpar
wheat,IN,IN-07-0117,2017,0.1324729541235027,-0.11778049655874862,ssm_fpar
wheat,IN,IN-07-0118,2003,-0.23944082158546184,-0.7742397972280188,ssm_fpar
wheat,IN,IN-07-0118,2004,0.44664907579691526,-0.4730837347317334,ssm_fpar
wheat,IN,IN-07-0118,2005,0.18402725065127631,-0.7344792253109792,ssm_fpar
wheat,IN,IN-07-0118,2006,0.47336291966626753,-0.456734295853795,ssm_fpar
wheat,IN,IN-07-0118,2007,0.3344386052398104,-0.6216049253482643,ssm_fpar
wheat,IN,IN-07-0118,2008,0.5461908431603921,-0.5050907319095119,ssm_fpar
wheat,IN,IN-07-0118,2009,-0.10902256744813972,-1.0459533329501052,ssm_fpar
wheat,IN,IN-07-0118,2010,0.1756004589825297,-0.13322748250873861,ssm_fpar
wheat,IN,IN-07-0118,2011,0.3378694270235995,-0.14982509594185647,ssm_fpar
wheat,IN,IN-07-0118,2012,0.21868089778850666,-0.4730235712032021,ssm_fpar
wheat,IN,IN-07-0118,2013,0.5371304333715295,-0.08596151040762731,ssm_fpar
wheat,IN,IN-07-0118,2014,1.341696380399899,0.12154249949118114,ssm_fpar
wheat,IN,IN-07-0118,2015,0.8573684333340299,-0.13752917479860982,ssm_fpar
wheat,IN,IN-07-0118,2016,0.07255254241086521,-0.384169560005954,ssm_fpar
wheat,IN,IN-07-0118,2017,0.2822519119876579,-0.14908057227630958,ssm_fpar
wheat,IN,IN-07-0119,2003,-0.2592826427991077,-0.5312017032913827,ssm_fpar
wheat,IN,IN-07-0119,2004,0.7263124107829592,-0.1647982941046811,ssm_fpar
wheat,IN,IN-07-0119,2005,0.35936921217067935,-0.3981199781837782,ssm_fpar
wheat,IN,IN-07-0119,2006,0.6713370868703326,-0.39046416917837773,ssm_fpar
wheat,IN,IN-07-0119,2007,0.525421017870529,-0.46132928534524764,ssm_fpar
wheat,IN,IN-07-0119,2008,0.7738645594189033,-0.41382265913001137,ssm_fpar
wheat,IN,IN-07-0119,2009,0.04139286454435941,-0.7762026323462967,ssm_fpar
wheat,IN,IN-07-0119,2010,0.20135559017777294,-0.17097257622003267,ssm_fpar
wheat,IN,IN-07-0119,2011,0.4396367773805581,-0.2129817600158687,ssm_fpar
wheat,IN,IN-07-0119,2012,0.2997126625939539,-0.4961414070407206,ssm_fpar
wheat,IN,IN-07-0119,2013,0.6634008382623141,-0.2194267780096108,ssm_fpar
wheat,IN,IN-07-0119,2014,1.31133258042125,-0.06979256211528198,ssm_fpar
wheat,IN,IN-07-0119,2015,0.8783231532110402,-0.14046966725549453,ssm_fpar
wheat,IN,IN-07-0119,2016,0.1903988739022129,-0.23810755361806835,ssm_fpar
wheat,IN,IN-07-0119,2017,0.34671566855587294,-0.25145633651059074,ssm_fpar
wheat,IN,IN-07-0120,2003,-0.4974915358275919,-1.471738144795581,ssm_fpar
wheat,IN,IN-07-0120,2004,0.269383308306978,-0.8375393496822847,ssm_fpar
wheat,IN,IN-07-0120,2005,-0.09085768210346278,-1.0198950046556918,ssm_fpar
wheat,IN,IN-07-0120,2006,0.4179987044095124,-0.8715843863890101,ssm_fpar
wheat,IN,IN-07-0120,2007,0.30125767286313515,-1.1396129059886557,ssm_fpar
wheat,IN,IN-07-0120,2008,0.4592974925891576,-0.9951527535478708,ssm_fpar
wheat,IN,IN-07-0120,2009,-0.3087256483362097,-1.4124695487527952,ssm_fpar
wheat,IN,IN-07-0120,2010,-0.19563301441658415,-1.1272869030811337,ssm_fpar
wheat,IN,IN-07-0120,2011,0.3572687359891072,-0.3057313596854168,ssm_fpar
wheat,IN,IN-07-0120,2012,-0.2757406152162609,-1.058971216435706,ssm_fpar
wheat,IN,IN-07-0120,2013,0.17523567800876422,-0.41692108084928853,ssm_fpar
wheat,IN,IN-07-0120,2014,1.100733938497638,-0.3120034075346295,ssm_fpar
wheat,IN,IN-07-0120,2015,0.5413662838161598,-0.45661396879673255,ssm_fpar
wheat,IN,IN-07-0120,2016,-0.4001791518528532,-0.7734050282696661,ssm_fpar
wheat,IN,IN-07-0120,2017,-0.0014822552043602312,-0.4112431478443036,ssm_fpar
wheat,IN,IN-07-0514,2003,-0.769252081301994,-0.8594614353902831,ssm_fpar
wheat,IN,IN-07-0514,2004,-0.5194109026791435,-1.0532180790200627,ssm_fpar
wheat,IN,IN-07-0514,2005,-0.1919331523328345,-0.9621455377082837,ssm_fpar
wheat,IN,IN-07-0514,2006,-0.35342480342303784,-0.8551597431004127,ssm_fpar
wheat,IN,IN-07-0514,2007,0.3930074712166338,-0.5881314421625757,ssm_fpar
wheat,IN,IN-07-0514,2008,0.30442220273355697,-0.8982669112919172,ssm_fpar
wheat,IN,IN-07-0514,2009,-0.2910644742027627,-0.9028694212244341,ssm_fpar
wheat,IN,IN-07-0514,2010,0.19653441762136045,-0.1836746011808603,ssm_fpar
wheat,IN,IN-07-0514,2011,0.4574504632276569,0.15407592754359276,ssm_fpar
wheat,IN,IN-07-0514,2012,-0.38629984364091685,-0.6654641376463891,ssm_fpar
wheat,IN,IN-07-0514,2013,-0.4849110005067505,-1.6867776366427272,ssm_fpar
wheat,IN,IN-07-0514,2014,1.3368948821058457,0.49181141538591716,ssm_fpar
wheat,IN,IN-07-0514,2015,0.5630914693178704,-0.3277286498040647,ssm_fpar
wheat,IN,IN-07-0514,2016,-1.0023836082914082,-1.1297009646633955,ssm_fpar
wheat,IN,IN-07-0514,2017,-0.07856510901488453,0.1971229322065661,ssm_fpar
wheat,IN,IN-07-0515,2003,-1.1362104507893538,-1.3344361988429865,ssm_fpar
wheat,IN,IN-07-0515,2004,-0.13866026652600486,-1.3159829165767793,ssm_fpar
wheat,IN,IN-07-0515,2005,0.24047161953536836,-0.9558546887563966,ssm_fpar
wheat,IN,IN-07-0515,2006,0.2921764126691157,-0.6942498792341439,ssm_fpar
wheat,IN,IN-07-0515,2007,0.6253697092139877,-0.7759250027302731,ssm_fpar
wheat,IN,IN-07-0515,2008,0.47356685488840694,-0.9243904167422311,ssm_fpar
wheat,IN,IN-07-0515,2009,0.28287974451101333,-1.0110108569428111,ssm_fpar
wheat,IN,IN-07-0515,2010,0.4232578227334997,-0.8014174178344508,ssm_fpar
wheat,IN,IN-07-0515,2011,1.1590174662051707,-0.40504254418522273,ssm_fpar
wheat,IN,IN-07-0515,2012,-0.22165460859481861,-0.9514226421547148,ssm_fpar
wheat,IN,IN-07-0515,2013,-0.2748944294533313,-0.8353747160620639,ssm_fpar
wheat,IN,IN-07-0515,2014,1.4500730580736032,0.030137178662226836,ssm_fpar
wheat,IN,IN-07-0515,2015,0.5592608472224805,-1.2786527005309622,ssm_fpar
wheat,IN,IN-07-0515,2016,-0.9001281076978902,-1.754543704386899,ssm_fpar
wheat,IN,IN-07-0515,2017,0.40258021305998964,-0.3824668068078868,ssm_fpar
wheat,IN,IN-07-0516,2003,-0.4064134616276478,-0.8764726730820452,ssm_fpar
wheat,IN,IN-07-0516,2004,0.5391842084601515,-0.11514834218557324,ssm_fpar
wheat,IN,IN-07-0516,2005,0.12233323807733111,-0.476949241439758,ssm_fpar
wheat,IN,IN-07-0516,2006,0.5753290149707004,-0.3780629618601972,ssm_fpar
wheat,IN,IN-07-0516,2007,0.501084905004962,-0.5166947724746697,ssm_fpar
wheat,IN,IN-07-0516,2008,0.7044663764536623,-0.4892602034651423,ssm_fpar
wheat,IN,IN-07-0516,2009,-0.1046230790063758,-0.9462698866175208,ssm_fpar
wheat,IN,IN-07-0516,2010,-0.23515133620145026,-0.5753542127910897,ssm_fpar
wheat,IN,IN-07-0516,2011,0.5180060292380461,0.0007792568500148339,ssm_fpar
wheat,IN,IN-07-0516,2012,-0.2824073239726499,-0.7421801569627733,ssm_fpar
wheat,IN,IN-07-0516,2013,0.20292591656636913,-0.36187897268572394,ssm_fpar
wheat,IN,IN-07-0516,2014,0.9013150087997159,-0.18875089890055233,ssm_fpar
wheat,IN,IN-07-0516,2015,0.39159291520874945,-0.2213745722457608,ssm_fpar
wheat,IN,IN-07-0516,2016,-0.33944918343244795,-0.5160028918965806,ssm_fpar
wheat,IN,IN-07-0516,2017,0.02194947977469016,-0.13535576733047258,ssm_fpar
wheat,IN,IN-07-1072,2003,-0.30267245559159056,-0.9267693829328482,ssm_fpar
wheat,IN,IN-07-1072,2004,0.7154749762005761,-0.5631034142942366,ssm_fpar
wheat,IN,IN-07-1072,2005,0.32497474155680206,-1.002808562553271,ssm_fpar
wheat,IN,IN-07-1072,2006,0.530320273208655,-0.7387583562776484,ssm_fpar
wheat,IN,IN-07-1072,2007,0.4466521547191274,-0.841051395660206,ssm_fpar
wheat,IN,IN-07-1072,2008,0.6084606646353242,-0.8741338159104522,ssm_fpar
wheat,IN,IN-07-1072,2009,-0.001384748606155896,-1.1368153019120246,ssm_fpar
wheat,IN,IN-07-1072,2010,0.2175102703306148,-0.4103181335931637,ssm_fpar
wheat,IN,IN-07-1072,2011,0.30803801516281865,-0.6473699564410957,ssm_fpar
wheat,IN,IN-07-1072,2012,0.25115970498542434,-0.7586123206924343,ssm_fpar
wheat,IN,IN-07-1072,2013,0.5771230227958435,-0.6430983459154902,ssm_fpar
wheat,IN,IN-07-1072,2014,1.1691074490470545,-0.6095346174370049,ssm_fpar
wheat,IN,IN-07-1072,2015,0.7792198137531802,-0.5510857494704343,ssm_fpar
wheat,IN,IN-07-1072,2016,0.2075037731506557,-0.6499720290500048,ssm_fpar
wheat,IN,IN-07-1072,2017,0.23421204310911206,-0.7513475746224869,ssm_fpar
wheat,IN,IN-07-1073,2003,-0.5685006477850603,-0.6784607132156405,ssm_fpar
wheat,IN,IN-07-1073,2004,-0.1567471995363787,-0.8900094670012249,ssm_fpar
wheat,IN,IN-07-1073,2005,-0.05214228900654157,-1.1466037826631168,ssm_fpar
wheat,IN,IN-07-1073,2006,0.13677643721262445,-0.5252047782445081,ssm_fpar
wheat,IN,IN-07-1073,2007,0.6214758436839406,-0.5778842145064453,ssm_fpar
wheat,IN,IN-07-1073,2008,0.2993055159165023,-0.6689204070197374,ssm_fpar
wheat,IN,IN-07-1073,2009,-0.12644086448866731,-0.9394056040343338,ssm_fpar
wheat,IN,IN-07-1073,2010,0.2541062775612408,-0.4179557681993208,ssm_fpar
wheat,IN,IN-07-1073,2011,0.7077633248162675,0.07027815955652923,ssm_fpar
wheat,IN,IN-07-1073,2012,-0.3631293102970186,-0.40518919278600407,ssm_fpar
wheat,IN,IN-07-1073,2013,-0.19573546788546317,-0.2307017992781204,ssm_fpar
wheat,IN,IN-07-1073,2014,1.4805146908233588,0.25055002565117473,ssm_fpar
wheat,IN,IN-07-1073,2015,0.5430050442847812,-0.4348203572902915,ssm_fpar
wheat,IN,IN-07-1073,2016,-0.9007433095009648,-1.2106810740643108,ssm_fpar
wheat,IN,IN-07-1073,2017,0.11613332319998741,0.07836827403350256,ssm_fpar
wheat,IN,IN-07-1074,2003,-1.5000946190604576,-1.7178082298887412,ssm_fpar
wheat,IN,IN-07-1074,2004,-1.1554615597504214,-1.2098500653264948,ssm_fpar
wheat,IN,IN-07-1074,2005,-0.9605646548196696,-1.2514330907952522,ssm_fpar
wheat,IN,IN-07-1074,2006,-0.8167167921950267,-1.3721493306797516,ssm_fpar
wheat,IN,IN-07-1074,2007,0.2256874235547565,-1.1408030157873754,ssm_fpar
wheat,IN,IN-07-1074,2008,0.23469275771677964,-0.9691834171394119,ssm_fpar
wheat,IN,IN-07-1074,2009,-0.22617334592735383,-1.0641383861516165,ssm_fpar
wheat,IN,IN-07-1074,2010,-0.3598505867546101,-0.5915143872355283,ssm_fpar
wheat,IN,IN-07-1074,2011,-0.29398804474609774,-0.2037184567325669,ssm_fpar
wheat,IN,IN-07-1074,2012,-0.3036040347377319,-0.9950343066010816,ssm_fpar
wheat,IN,IN-07-1074,2013,-0.6147163546273036,-0.9739902323875562,ssm_fpar
wheat,IN,IN-07-1074,2014,1.0276771749153346,-0.3350911616078824,ssm_fpar
wheat,IN,IN-07-1074,2015,0.25393209499920877,-0.772780204957751,ssm_fpar
wheat,IN,IN-07-1074,2016,-1.0983247745361537,-0.8716295090354134,ssm_fpar
wheat,IN,IN-07-1074,2017,-0.23786312938815285,-0.7375356579009685,ssm_fpar
wheat,IN,IN-07-1075,2003,-0.4814179512266483,-1.2940019207471019,ssm_fpar
wheat,IN,IN-07-1075,2004,-0.21612433521926658,-1.5193193487180552,ssm_fpar
wheat,IN,IN-07-1075,2005,-0.354562323619704,-2.0775616890626516,ssm_fpar
wheat,IN,IN-07-1075,2006,0.030391919936229708,-0.8811535209423368,ssm_fpar
wheat,IN,IN-07-1075,2007,0.39510265624271457,-1.0025133852414154,ssm_fpar
wheat,IN,IN-07-1075,2008,0.20699282070154243,-0.9145649604892307,ssm_fpar
wheat,IN,IN-07-1075,2009,-0.37554639184388416,-1.5150258035726696,ssm_fpar
wheat,IN,IN-07-1075,2010,0.04597456182332502,-0.8419413145197109,ssm_fpar
wheat,IN,IN-07-1075,2011,0.3856519406192375,-0.37133780743673694,ssm_fpar
wheat,IN,IN-07-1075,2012,-0.36536302842962737,-1.1494389889450773,ssm_fpar
wheat,IN,IN-07-1075,2013,-0.15095327375963638,-0.7242884009628436,ssm_fpar
wheat,IN,IN-07-1075,2014,1.455769218805942,-0.4135970458980248,ssm_fpar
wheat,IN,IN-07-1075,2015,0.6356436661773333,-0.7469211683515954,ssm_fpar
wheat,IN,IN-07-1075,2016,-0.8747829514381646,-1.4388255611727487,ssm_fpar
wheat,IN,IN-07-1075,2017,-0.0670664582627833,-0.43032313353269935,ssm_fpar
wheat,IN,IN-07-2059,2015,0.44038766027769055,-0.820159610378282,ssm_fpar
wheat,IN,IN-07-2059,2016,0.3290166611471445,-0.5863165090519307,ssm_fpar
wheat,IN,IN-07-2059,2017,0.34667195150819385,-0.6801590794897595,ssm_fpar
wheat,IN,IN-08-0701,2003,0.8035365152724289,0.4309744655425926,ssm_fpar
wheat,IN,IN-08-0701,2004,1.2362557668836776,0.4707740070178843,ssm_fpar
wheat,IN,IN-08-0701,2005,0.851184141112294,0.39890730483628345,ssm_fpar
wheat,IN,IN-08-0701,2006,0.7607462944675748,0.464596990196687,ssm_fpar
wheat,IN,IN-08-0701,2007,0.6732457420399587,0.4734936719780108,ssm_fpar
wheat,IN,IN-08-0701,2008,0.9602678575666895,0.49008718335237045,ssm_fpar
wheat,IN,IN-08-0701,2009,0.43345576026423493,-0.38128991475406154,ssm_fpar
wheat,IN,IN-08-0701,2010,0.32823352367274944,-0.1146472073399866,ssm_fpar
wheat,IN,IN-08-0701,2011,0.43885671204308896,0.42325097256759725,ssm_fpar
wheat,IN,IN-08-0701,2012,0.46882789635519306,0.34672706633663836,ssm_fpar
wheat,IN,IN-08-0701,2013,0.40307171417942117,0.19102180347248973,ssm_fpar
wheat,IN,IN-08-0701,2014,0.9649142501320077,0.2814373317056639,ssm_fpar
wheat,IN,IN-08-0701,2015,0.7714837562781914,0.28916971247464573,ssm_fpar
wheat,IN,IN-08-0701,2016,0.625063822497035,0.05770489366244064,ssm_fpar
wheat,IN,IN-08-0701,2017,0.59400738212385,0.470400719670414,ssm_fpar
wheat,IN,IN-08-0702,2003,-0.3066042638866557,-1.5349549723981246,ssm_fpar
wheat,IN,IN-08-0702,2004,0.7708377665477792,-0.9079231576209249,ssm_fpar
wheat,IN,IN-08-0702,2005,0.09013822885637673,-1.1647537404729833,ssm_fpar
wheat,IN,IN-08-0702,2006,0.2371703565035168,-1.0275959363074856,ssm_fpar
wheat,IN,IN-08-0702,2007,0.2256931962048638,-1.2590149487968358,ssm_fpar
wheat,IN,IN-08-0702,2008,0.42246212461861277,-1.1109901072906623,ssm_fpar
wheat,IN,IN-08-0702,2009,-0.2245014431980513,-1.4009331921572328,ssm_fpar
wheat,IN,IN-08-0702,2010,-0.28479391096891404,-1.0931365801994937,ssm_fpar
wheat,IN,IN-08-0702,2011,0.2790592524145195,-0.8252885511854319,ssm_fpar
wheat,IN,IN-08-0702,2012,-0.1878749075638966,-1.2517577231679424,ssm_fpar
wheat,IN,IN-08-0702,2013,0.06977159608862017,-0.8689973546622384,ssm_fpar
wheat,IN,IN-08-0702,2014,0.4391642689911737,-0.7826551707811025,ssm_fpar
wheat,IN,IN-08-0702,2015,0.18765969483331657,-0.977615084981476,ssm_fpar
wheat,IN,IN-08-0702,2016,-0.13474852952276833,-1.021459256397463,ssm_fpar
wheat,IN,IN-08-0702,2017,-0.13667416195331136,-0.8170987908643348,ssm_fpar
wheat,IN,IN-08-0703,2003,-0.08727271536235173,-0.5198328474286592,ssm_fpar
wheat,IN,IN-08-0703,2004,0.1476831627439911,0.32205455022778673,ssm_fpar
wheat,IN,IN-08-0703,2005,-0.23208277830645996,-0.42449348132650444,ssm_fpar
wheat,IN,IN-08-0703,2006,-0.25441581962120596,-0.22495361851681556,ssm_fpar
wheat,IN,IN-08-0703,2007,-0.2847689010730719,-0.457876035542935,ssm_fpar
wheat,IN,IN-08-0703,2008,-0.05643569768004477,-0.23461465058105224,ssm_fpar
wheat,IN,IN-08-0703,2009,-0.37791218534778714,-0.7471559542427597,ssm_fpar
wheat,IN,IN-08-0703,2010,-0.4500348882997289,-0.34516991998953084,ssm_fpar
wheat,IN,IN-08-0703,2011,-0.2594862782672127,0.17871220880002758,ssm_fpar
wheat,IN,IN-08-0703,2012,-0.47567360438454387,-0.17912815271810667,ssm_fpar
wheat,IN,IN-08-0703,2013,-0.35912519511321744,0.003596003867541393,ssm_fpar
wheat,IN,IN-08-0703,2014,-0.1268647553309033,0.35988100143789115,ssm_fpar
wheat,IN,IN-08-0703,2015,-0.15225575435209288,0.21475221341867984,ssm_fpar
wheat,IN,IN-08-0703,2016,-0.2983701160975299,-0.23619667791079624,ssm_fpar
wheat,IN,IN-08-0703,2017,-0.3210600515007094,0.1296249226079702,ssm_fpar
wheat,IN,IN-08-0704,2003,-0.16209290467525447,-0.3170941194330287,ssm_fpar
wheat,IN,IN-08-0704,2004,0.23427041371070179,0.19387848858991946,ssm_fpar
wheat,IN,IN-08-0704,2005,-0.12679892500887735,-0.05372137955678808,ssm_fpar
wheat,IN,IN-08-0704,2006,-0.21247121383638407,0.14414017148828848,ssm_fpar
wheat,IN,IN-08-0704,2007,-0.23190797197938345,-0.25292720944245917,ssm_fpar
wheat,IN,IN-08-0704,2008,-0.07407527835651061,0.02472747472192886,ssm_fpar
wheat,IN,IN-08-0704,2009,-0.4450187396694003,-0.5974536555675657,ssm_fpar
wheat,IN,IN-08-0704,2010,-0.546308662857413,-0.21646059071241835,ssm_fpar
wheat,IN,IN-08-0704,2011,-0.3299325384919275,0.21730967613853716,ssm_fpar
wheat,IN,IN-08-0704,2012,-0.3711941406566462,0.10258973459749061,ssm_fpar
wheat,IN,IN-08-0704,2013,-0.3323726965036751,0.2654267114869716,ssm_fpar
wheat,IN,IN-08-0704,2014,-0.10302198795733651,0.2746737204812926,ssm_fpar
wheat,IN,IN-08-0704,2015,-0.17034763984562531,0.14296698268196004,ssm_fpar
wheat,IN,IN-08-0704,2016,-0.34228275777000017,0.15457666357791802,ssm_fpar
wheat,IN,IN-08-0705,2003,-0.3720414451887035,-0.25857318057291445,ssm_fpar
wheat,IN,IN-08-0705,2004,-0.2322379455690386,0.24109119090015205,ssm_fpar
wheat,IN,IN-08-0705,2005,-0.5588972963786324,-0.3018589592397397,ssm_fpar
wheat,IN,IN-08-0705,2006,-0.5512683127366143,-0.08047660205666946,ssm_fpar
wheat,IN,IN-08-0705,2007,-0.5683009775835501,-0.33955579678752473,ssm_fpar
wheat,IN,IN-08-0705,2008,-0.3453671111060399,0.08287364493557989,ssm_fpar
wheat,IN,IN-08-0705,2009,-0.6813630197962498,-0.5558787772433033,ssm_fpar
wheat,IN,IN-08-0705,2010,-0.7199953234293259,0.039180509044341685,ssm_fpar
wheat,IN,IN-08-0705,2011,-0.4351763398395514,0.14072651794764882,ssm_fpar
wheat,IN,IN-08-0705,2012,-0.8142835379372025,-0.285035105871204,ssm_fpar
wheat,IN,IN-08-0705,2013,-0.6602665633278864,-0.02434277653164781,ssm_fpar
wheat,IN,IN-08-0705,2014,-0.38914850155577707,-0.007152301661144543,ssm_fpar
wheat,IN,IN-08-0705,2015,-0.3607514535484256,0.08966836343889834,ssm_fpar
wheat,IN,IN-08-0705,2016,-0.5941942447232347,0.1838982365916432,ssm_fpar
wheat,IN,IN-08-0705,2017,-0.6674367361347657,-0.08048474920116437,ssm_fpar
wheat,IN,IN-08-0706,2003,-0.2631384177801113,-1.3639927856400258,ssm_fpar
wheat,IN,IN-08-0706,2004,0.694687198247757,-0.4557265567509219,ssm_fpar
wheat,IN,IN-08-0706,2005,0.05737943232452688,-0.7347574816304333,ssm_fpar
wheat,IN,IN-08-0706,2006,0.2751999447621049,-0.7199422127300005,ssm_fpar
wheat,IN,IN-08-0706,2007,0.2590686514861011,-0.8437662748851043,ssm_fpar
wheat,IN,IN-08-0706,2008,0.5142108245544446,-0.6844457308975028,ssm_fpar
wheat,IN,IN-08-0706,2009,-0.20261516603244756,-1.1213006319924392,ssm_fpar
wheat,IN,IN-08-0706,2010,-0.23272829546871324,-0.8531969079821343,ssm_fpar
wheat,IN,IN-08-0706,2011,0.36142538873781904,-0.3705199594707949,ssm_fpar
wheat,IN,IN-08-0706,2012,-0.2171257873249879,-0.9717115387445042,ssm_fpar
wheat,IN,IN-08-0706,2013,0.07550962930718057,-0.4803785625659562,ssm_fpar
wheat,IN,IN-08-0706,2014,0.4913927420739885,-0.4078439084823807,ssm_fpar
wheat,IN,IN-08-0706,2015,0.2458289427309393,-0.6311558855023471,ssm_fpar
wheat,IN,IN-08-0706,2016,-0.10395238205085347,-0.6551912151499516,ssm_fpar
wheat,IN,IN-08-0706,2017,-0.13509695718865167,-0.47214367959845577,ssm_fpar
wheat,IN,IN-08-0707,2003,0.7124316208513635,-0.26764784612613735,ssm_fpar
wheat,IN,IN-08-0707,2004,1.2162117611168912,-0.004088975333512482,ssm_fpar
wheat,IN,IN-08-0707,2005,0.7868256753702051,-0.05040486504659844,ssm_fpar
wheat,IN,IN-08-0707,2006,0.603830236112686,-0.1018822841447834,ssm_fpar
wheat,IN,IN-08-0707,2007,0.6231256873989657,-0.060241601961199105,ssm_fpar
wheat,IN,IN-08-0707,2008,0.8518167043283261,-0.11726095942175768,ssm_fpar
wheat,IN,IN-08-0707,2009,0.3182055183223761,-0.6786625117175834,ssm_fpar
wheat,IN,IN-08-0707,2010,0.1944995988844653,-0.2602552525580534,ssm_fpar
wheat,IN,IN-08-0707,2011,0.400963047250449,0.32618874178481794,ssm_fpar
wheat,IN,IN-08-0707,2012,0.4202655638795591,-0.047936906970036657,ssm_fpar
wheat,IN,IN-08-0707,2013,0.43113194989673537,0.09045299612347878,ssm_fpar
wheat,IN,IN-08-0707,2014,0.8220362842728007,0.2891355286516129,ssm_fpar
wheat,IN,IN-08-0707,2015,0.7224997343932641,0.2734854907928369,ssm_fpar
wheat,IN,IN-08-0707,2016,0.4822144898693227,0.31671298604140397,ssm_fpar
wheat,IN,IN-08-0707,2017,0.43120204699889214,-0.028400054486866777,ssm_fpar
wheat,IN,IN-08-0708,2003,-0.6798062478464172,-0.8767203104628712,ssm_fpar
wheat,IN,IN-08-0708,2004,-0.12976768967021013,-0.31276565795412536,ssm_fpar
wheat,IN,IN-08-0708,2005,-0.6135098833840839,-0.823640500243213,ssm_fpar
wheat,IN,IN-08-0708,2006,-0.39434757632042733,-0.45336674977922464,ssm_fpar
wheat,IN,IN-08-0708,2007,-0.3459524354014752,-0.7036609949960195,ssm_fpar
wheat,IN,IN-08-0708,2008,-0.12831622250056146,-0.49773842641856986,ssm_fpar
wheat,IN,IN-08-0708,2009,-0.6303666731360896,-0.9721536332443175,ssm_fpar
wheat,IN,IN-08-0708,2010,-0.6438902630929979,-0.5866004952312441,ssm_fpar
wheat,IN,IN-08-0708,2011,-0.09443575327816948,-0.16115893780299584,ssm_fpar
wheat,IN,IN-08-0708,2012,-0.7404934669401427,-0.8223765289697252,ssm_fpar
wheat,IN,IN-08-0708,2013,-0.48253672592643626,-0.4742537004918873,ssm_fpar
wheat,IN,IN-08-0708,2014,-0.13060631514601437,-0.35169038656409685,ssm_fpar
wheat,IN,IN-08-0708,2015,-0.34482351649174114,-0.5206295746753864,ssm_fpar
wheat,IN,IN-08-0708,2016,-0.6044813166955194,-0.6232347123621912,ssm_fpar
wheat,IN,IN-08-0708,2017,-0.676037557528787,-0.4808668540608974,ssm_fpar
wheat,IN,IN-08-0709,2003,0.8567303291191112,-0.24311804747843854,ssm_fpar
wheat,IN,IN-08-0709,2004,1.4961814409530312,-0.16879164831083182,ssm_fpar
wheat,IN,IN-08-0709,2005,1.0837728140120135,-0.1695574798927473,ssm_fpar
wheat,IN,IN-08-0709,2006,0.9134663788618318,-0.2034821895424103,ssm_fpar
wheat,IN,IN-08-0709,2007,0.9388380249874302,-0.1563835472550183,ssm_fpar
wheat,IN,IN-08-0709,2008,1.1972138519297473,-0.2577421718350987,ssm_fpar
wheat,IN,IN-08-0709,2009,0.5689117857010232,-0.812391621460314,ssm_fpar
wheat,IN,IN-08-0709,2010,0.5028391372659871,-0.28456257149088104,ssm_fpar
wheat,IN,IN-08-0709,2011,0.5797725158403817,0.04947035253317044,ssm_fpar
wheat,IN,IN-08-0709,2012,0.6959551273996796,-0.2288035146123316,ssm_fpar
wheat,IN,IN-08-0709,2013,0.700053818474861,0.12209399850270028,ssm_fpar
wheat,IN,IN-08-0709,2014,1.2232890694532776,0.18276578350774975,ssm_fpar
wheat,IN,IN-08-0709,2015,1.0492197621637374,0.13732101155150475,ssm_fpar
wheat,IN,IN-08-0709,2016,0.781245211149565,0.0990131381670902,ssm_fpar
wheat,IN,IN-08-0709,2017,0.6515824013433938,0.04443541723935439,ssm_fpar
wheat,IN,IN-08-0710,2003,-0.4794021104818477,0.21247967286375996,ssm_fpar
wheat,IN,IN-08-0710,2004,0.015886789933965858,0.6266378828208864,ssm_fpar
wheat,IN,IN-08-0710,2005,-0.42188911843109655,0.23572535619940518,ssm_fpar
wheat,IN,IN-08-0710,2006,-0.3675795112615293,0.5505686214361977,ssm_fpar
wheat,IN,IN-08-0710,2007,-0.38216614705875895,0.16558220237488924,ssm_fpar
wheat,IN,IN-08-0710,2008,-0.1795754486128517,0.45384822888370013,ssm_fpar
wheat,IN,IN-08-0710,2009,-0.6459922342092069,-0.14714781892228754,ssm_fpar
wheat,IN,IN-08-0710,2010,-0.6435056422123837,0.4788160932235081,ssm_fpar
wheat,IN,IN-08-0710,2011,-0.29296478068033993,0.8292160038213204,ssm_fpar
wheat,IN,IN-08-0710,2012,-0.6661835086258777,0.013518884016171686,ssm_fpar
wheat,IN,IN-08-0710,2013,-0.4856389795294395,0.5799509846818652,ssm_fpar
wheat,IN,IN-08-0710,2014,-0.21505948442879633,0.5726035137601846,ssm_fpar
wheat,IN,IN-08-0710,2015,-0.2555683920700018,0.5680160447097956,ssm_fpar
wheat,IN,IN-08-0710,2016,-0.5348774091709355,0.40772536382464125,ssm_fpar
wheat,IN,IN-08-0710,2017,-0.6317026822246448,0.4690620811606296,ssm_fpar
wheat,IN,IN-08-0711,2003,-0.395838056470093,-0.4815886699011528,ssm_fpar
wheat,IN,IN-08-0711,2004,1.0008353827627634,-0.020996522095422746,ssm_fpar
wheat,IN,IN-08-0711,2005,0.26169000885633614,0.08323952578806561,ssm_fpar
wheat,IN,IN-08-0711,2006,0.446140615682256,-0.07604751805298351,ssm_fpar
wheat,IN,IN-08-0711,2007,0.2955401836203108,0.5551013963697358,ssm_fpar
wheat,IN,IN-08-0711,2008,0.5193940902102954,0.33765262867556656,ssm_fpar
wheat,IN,IN-08-0711,2009,0.31875947152791445,0.461939539794475,ssm_fpar
wheat,IN,IN-08-0711,2010,0.21391692733466927,0.6618615777456199,ssm_fpar
wheat,IN,IN-08-0711,2011,0.5190761497826584,0.2814995462635693,ssm_fpar
wheat,IN,IN-08-0711,2012,-0.1213274080786563,0.44044885393309413,ssm_fpar
wheat,IN,IN-08-0711,2013,0.2406237825747489,0.3454916629723954,ssm_fpar
wheat,IN,IN-08-0711,2014,0.37148025476190255,0.466712285165677,ssm_fpar
wheat,IN,IN-08-0711,2015,0.34972518100069855,1.0827697253978925,ssm_fpar
wheat,IN,IN-08-0711,2016,0.26004213487440775,0.7863706837142095,ssm_fpar
wheat,IN,IN-08-0711,2017,0.5435788056332388,0.945337766971708,ssm_fpar
wheat,IN,IN-08-0712,2003,-0.3186524469096215,-0.3978404684574816,ssm_fpar
wheat,IN,IN-08-0712,2004,0.46235890477539016,-0.07054523292532379,ssm_fpar
wheat,IN,IN-08-0712,2005,-0.11181475276848137,-0.2555098542452824,ssm_fpar
wheat,IN,IN-08-0712,2006,-0.08251211925469279,-0.0761015854664031,ssm_fpar
wheat,IN,IN-08-0712,2007,-0.16659429969649525,-0.42701539287040535,ssm_fpar
wheat,IN,IN-08-0712,2008,-0.08008985683388746,-0.40533584138680484,ssm_fpar
wheat,IN,IN-08-0712,2009,-0.4987101003539193,-0.6548302339787746,ssm_fpar
wheat,IN,IN-08-0712,2010,-0.5944721191115213,-0.4677511153123669,ssm_fpar
wheat,IN,IN-08-0712,2011,-0.32454513242400784,-0.38503315732172994,ssm_fpar
wheat,IN,IN-08-0712,2012,-0.3036902120944644,-0.35825349338838325,ssm_fpar
wheat,IN,IN-08-0712,2013,-0.24254207383127682,-0.09811454317061993,ssm_fpar
wheat,IN,IN-08-0712,2014,0.023563651885405,-0.09885656002248128,ssm_fpar
wheat,IN,IN-08-0712,2015,-0.22469409263310172,-0.2004351575037486,ssm_fpar
wheat,IN,IN-08-0712,2016,-0.4394059179848525,-0.2353130830585531,ssm_fpar
wheat,IN,IN-08-0712,2017,-0.45098675302616775,-0.22025402652689927,ssm_fpar
wheat,IN,IN-08-0713,2003,-0.29041044162048585,-1.5588774954297302,ssm_fpar
wheat,IN,IN-08-0713,2004,0.6312165296910497,-1.276372126777637,ssm_fpar
wheat,IN,IN-08-0713,2005,0.12265212758087851,-1.5608478509890822,ssm_fpar
wheat,IN,IN-08-0713,2006,0.07705655782603567,-1.4016025114121298,ssm_fpar
wheat,IN,IN-08-0713,2007,0.06873865375271918,-1.5223356722890302,ssm_fpar
wheat,IN,IN-08-0713,2008,0.1473374107069565,-1.3744537191631205,ssm_fpar
wheat,IN,IN-08-0713,2009,-0.33882587821130333,-1.6567785972296205,ssm_fpar
wheat,IN,IN-08-0713,2010,-0.42879297281576106,-1.4779575495573363,ssm_fpar
wheat,IN,IN-08-0713,2011,-0.3157809264601489,-1.3898480620256441,ssm_fpar
wheat,IN,IN-08-0713,2012,-0.044565606553190015,-1.3340087871090567,ssm_fpar
wheat,IN,IN-08-0713,2013,-0.019394020929850146,-1.1286405824730554,ssm_fpar
wheat,IN,IN-08-0713,2014,0.3431547357663149,-0.9399226343576391,ssm_fpar
wheat,IN,IN-08-0713,2015,-0.05784435210814257,-1.2258573241359207,ssm_fpar
wheat,IN,IN-08-0713,2016,-0.3212582391097311,-1.324502949601367,ssm_fpar
wheat,IN,IN-08-0713,2017,-0.20846741251175704,-1.3292934705605413,ssm_fpar
wheat,IN,IN-08-0714,2003,0.3243631166414187,-0.8351873317388274,ssm_fpar
wheat,IN,IN-08-0714,2004,0.8443763548336646,-0.33261442968341454,ssm_fpar
wheat,IN,IN-08-0714,2005,0.46438851014145455,-0.20530714990780322,ssm_fpar
wheat,IN,IN-08-0714,2006,0.48111555731430494,-0.22338566352754774,ssm_fpar
wheat,IN,IN-08-0714,2007,0.3391119490845742,-0.33261442968341454,ssm_fpar
wheat,IN,IN-08-0714,2008,0.6558675730787673,0.3779795125941021,ssm_fpar
wheat,IN,IN-08-0714,2009,0.17845013374945115,-0.08438723141109737,ssm_fpar
wheat,IN,IN-08-0714,2010,0.039377279471229806,-0.7165323194098978,ssm_fpar
wheat,IN,IN-08-0714,2011,0.3771637116499121,-0.42653471134559723,ssm_fpar
wheat,IN,IN-08-0714,2012,0.13224305873736547,-0.04542758646760861,ssm_fpar
wheat,IN,IN-08-0714,2013,0.14164879869126698,-0.5523266222463576,ssm_fpar
wheat,IN,IN-08-0714,2014,0.5760433297128561,-0.07674520988098309,ssm_fpar
wheat,IN,IN-08-0714,2015,0.46727509418565977,0.18677417859603881,ssm_fpar
wheat,IN,IN-08-0714,2016,0.20970095574099337,-0.29212312157610526,ssm_fpar
wheat,IN,IN-08-0714,2017,0.37319241785295454,-0.30792043473910286,ssm_fpar
wheat,IN,IN-08-0716,2003,0.5946336667967953,-0.7556349097066815,ssm_fpar
wheat,IN,IN-08-0716,2004,1.4137897058710063,-0.022391905751432312,ssm_fpar
wheat,IN,IN-08-0716,2005,0.8936943280062988,-1.0533760082824446,ssm_fpar
wheat,IN,IN-08-0716,2006,1.1433935117075769,-0.5601034419852817,ssm_fpar
wheat,IN,IN-08-0716,2007,0.9480844412294067,-0.877842077032556,ssm_fpar
wheat,IN,IN-08-0716,2008,1.053301912131769,-0.46900355361508217,ssm_fpar
wheat,IN,IN-08-0716,2009,0.8815197875230776,-0.6045424119219676,ssm_fpar
wheat,IN,IN-08-0716,2010,0.7141554360426687,-0.9800517078869196,ssm_fpar
wheat,IN,IN-08-0716,2011,1.0746027646365748,-0.47566939910558254,ssm_fpar
wheat,IN,IN-08-0716,2012,0.5646771891719203,-0.7711885491845192,ssm_fpar
wheat,IN,IN-08-0716,2013,0.8296777389832153,-0.362350025767045,ssm_fpar
wheat,IN,IN-08-0716,2014,1.1893214516637955,-0.4090109442005677,ssm_fpar
wheat,IN,IN-08-0716,2015,1.100516643709673,0.024269012682081398,ssm_fpar
wheat,IN,IN-08-0716,2016,0.9012743611048564,-0.33790859230187004,ssm_fpar
wheat,IN,IN-08-0716,2017,1.0842122523665285,-0.45122796564040757,ssm_fpar
wheat,IN,IN-08-0717,2003,0.2588959596327688,-0.5380528251026954,ssm_fpar
wheat,IN,IN-08-0717,2004,0.8133918065935576,-0.1557177033554672,ssm_fpar
wheat,IN,IN-08-0717,2005,0.3931832520737565,-0.36480379755705017,ssm_fpar
wheat,IN,IN-08-0717,2006,0.3850425566427294,-0.36407870169758005,ssm_fpar
wheat,IN,IN-08-0717,2007,0.35282385605546734,-0.36345951871646537,ssm_fpar
wheat,IN,IN-08-0717,2008,0.6015937171972604,0.09146962302033769,ssm_fpar
wheat,IN,IN-08-0717,2009,0.12233747619213955,-0.8562477002413234,ssm_fpar
wheat,IN,IN-08-0717,2010,0.00019861599040007084,-0.5382646508593971,ssm_fpar
wheat,IN,IN-08-0717,2011,0.2542556882088593,0.10069144993169209,ssm_fpar
wheat,IN,IN-08-0717,2012,0.06865367829053258,0.1499601952509956,ssm_fpar
wheat,IN,IN-08-0717,2013,0.13498492713436627,-0.05125279477681516,ssm_fpar
wheat,IN,IN-08-0717,2014,0.5547364863816201,0.2983900580870079,ssm_fpar
wheat,IN,IN-08-0717,2015,0.4006564728091132,0.07772464961892257,ssm_fpar
wheat,IN,IN-08-0717,2016,0.1802656977684435,-0.14203050061496916,ssm_fpar
wheat,IN,IN-08-0717,2017,0.3053801657691663,0.263471396809758,ssm_fpar
wheat,IN,IN-08-0718,2003,1.1000985038745326,-0.6023204634251306,ssm_fpar
wheat,IN,IN-08-0718,2004,1.6051283083818166,-0.8600664890578814,ssm_fpar
wheat,IN,IN-08-0718,2005,1.1877933217650596,-0.7274902287467816,ssm_fpar
wheat,IN,IN-08-0718,2006,1.2794564466196063,-0.6911984032984931,ssm_fpar
wheat,IN,IN-08-0718,2007,1.1095063245835015,-0.6378716393744701,ssm_fpar
wheat,IN,IN-08-0718,2008,1.4011881619384887,-0.12237958810896844,ssm_fpar
wheat,IN,IN-08-0718,2009,0.9426976657453439,-0.35272158228076855,ssm_fpar
wheat,IN,IN-08-0718,2010,0.7681863120499266,-0.7623007551971819,ssm_fpar
wheat,IN,IN-08-0718,2011,1.1286540127514844,-0.6556472273491447,ssm_fpar
wheat,IN,IN-08-0718,2012,0.8501568360267939,-0.46011575962774487,ssm_fpar
wheat,IN,IN-08-0718,2013,0.8501438485398262,-0.38531016023433196,ssm_fpar
wheat,IN,IN-08-0718,2014,1.3995304863295632,-0.22014532196966832,ssm_fpar
wheat,IN,IN-08-0718,2015,1.24446874707738,0.25979555334649385,ssm_fpar
wheat,IN,IN-08-0718,2016,0.954874353081783,0.3753368751818683,ssm_fpar
wheat,IN,IN-08-0718,2017,1.131381450607411,0.2909028323021789,ssm_fpar
wheat,IN,IN-08-0719,2003,-0.2543502182674165,-0.845860091018624,ssm_fpar
wheat,IN,IN-08-0719,2004,0.1474302849082142,-0.091858162906956,ssm_fpar
wheat,IN,IN-08-0719,2005,-0.27842596668392006,-0.6344253972558807,ssm_fpar
wheat,IN,IN-08-0719,2006,-0.30352228696938066,-0.33382020706769344,ssm_fpar
wheat,IN,IN-08-0719,2007,-0.3561802871292449,-0.6357778232409597,ssm_fpar
wheat,IN,IN-08-0719,2008,-0.1452303460621344,-0.5444890692485315,ssm_fpar
wheat,IN,IN-08-0719,2009,-0.5585480063223067,-0.9318287596601295,ssm_fpar
wheat,IN,IN-08-0719,2010,-0.6434995189152571,-0.5807683036553365,ssm_fpar
wheat,IN,IN-08-0719,2011,-0.33249019259871654,-0.21406533023283086,ssm_fpar
wheat,IN,IN-08-0719,2012,-0.5020584206728894,-0.2791528675505921,ssm_fpar
wheat,IN,IN-08-0719,2013,-0.42393353134068024,-0.16026158803148602,ssm_fpar
wheat,IN,IN-08-0719,2014,-0.17583034588669014,-0.0405148583411086,ssm_fpar
wheat,IN,IN-08-0719,2015,-0.2537328160010941,-0.1967933839174375,ssm_fpar
wheat,IN,IN-08-0719,2016,-0.45161893816365933,-0.15500667983647332,ssm_fpar
wheat,IN,IN-08-0719,2017,-0.5169804247434127,-0.2623616027600166,ssm_fpar
wheat,IN,IN-08-0720,2003,-0.37468007211455495,0.4721034728684909,ssm_fpar
wheat,IN,IN-08-0720,2004,-0.045218939419865725,1.2026986548650167,ssm_fpar
wheat,IN,IN-08-0720,2005,-0.4319494584973834,0.6167033801724245,ssm_fpar
wheat,IN,IN-08-0720,2006,-0.38751705433237,0.8095663447221622,ssm_fpar
wheat,IN,IN-08-0720,2007,-0.3534259535951327,0.33592395274502107,ssm_fpar
wheat,IN,IN-08-0720,2008,-0.13399382198744386,0.6064987683490035,ssm_fpar
wheat,IN,IN-08-0720,2009,-0.552733559540107,0.058445998945690435,ssm_fpar
wheat,IN,IN-08-0720,2010,-0.5685449398666236,0.8131755297305228,ssm_fpar
wheat,IN,IN-08-0720,2013,-0.503524207567492,0.9380292656082794,ssm_fpar
wheat,IN,IN-08-0721,2003,-0.4281400296340768,-1.4249459604816355,ssm_fpar
wheat,IN,IN-08-0721,2004,0.8210745760955587,-0.47732526349307264,ssm_fpar
wheat,IN,IN-08-0721,2005,0.01831679684684002,-0.7993655908302184,ssm_fpar
wheat,IN,IN-08-0721,2006,0.2144531129163257,-0.8032310975382528,ssm_fpar
wheat,IN,IN-08-0721,2007,0.22937314526327054,-0.959332892749525,ssm_fpar
wheat,IN,IN-08-0721,2008,0.48282046625026986,-0.8071718086569464,ssm_fpar
wheat,IN,IN-08-0721,2009,-0.30804269331611794,-1.1183225373302148,ssm_fpar
wheat,IN,IN-08-0721,2010,-0.3877033822108921,-0.8421945027022688,ssm_fpar
wheat,IN,IN-08-0721,2011,0.3074031201693258,-0.4919224396025826,ssm_fpar
wheat,IN,IN-08-0721,2012,-0.24449315498433571,-1.0289270543762057,ssm_fpar
wheat,IN,IN-08-0721,2013,0.08851510843482563,-0.506271441156904,ssm_fpar
wheat,IN,IN-08-0721,2014,0.5484768898158772,-0.5324576169494437,ssm_fpar
wheat,IN,IN-08-0721,2015,0.18533765663891466,-0.5461899423363353,ssm_fpar
wheat,IN,IN-08-0721,2016,-0.16440667238198475,-0.7086013876021593,ssm_fpar
wheat,IN,IN-08-0721,2017,-0.21113053785877967,-0.6434969292919971,ssm_fpar
wheat,IN,IN-08-0722,2003,-0.835429557066714,-0.9869780341089016,ssm_fpar
wheat,IN,IN-08-0722,2004,-0.26659731786562924,-0.5634418341422219,ssm_fpar
wheat,IN,IN-08-0722,2007,-0.45983816304331354,-0.9393134786312733,ssm_fpar
wheat,IN,IN-08-0722,2008,-0.22416063762917257,-0.6102189775740295,ssm_fpar
wheat,IN,IN-08-0722,2009,-0.6171582335750175,-0.9216630034488902,ssm_fpar
wheat,IN,IN-08-0722,2010,-0.6498393626004237,-0.7216719141752275,ssm_fpar
wheat,IN,IN-08-0722,2011,-0.19156337694281161,-0.2562092552644357,ssm_fpar
wheat,IN,IN-08-0722,2012,-0.8052419501477199,-0.8759763239716775,ssm_fpar
wheat,IN,IN-08-0722,2013,-0.5961912487171002,-0.4925992792985437,ssm_fpar
wheat,IN,IN-08-0722,2014,-0.27173791256935576,-0.5676307198160944,ssm_fpar
wheat,IN,IN-08-0722,2015,-0.46586229746174457,-0.577490018053897,ssm_fpar
wheat,IN,IN-08-0722,2016,-0.7123163300021743,-0.7467225033667687,ssm_fpar
wheat,IN,IN-08-0723,2003,-0.6643555631272411,-1.38833645337134,ssm_fpar
wheat,IN,IN-08-0723,2004,0.30410909648784995,-0.6611699657975822,ssm_fpar
wheat,IN,IN-08-0723,2005,-0.34071425166030944,-0.8066604186644413,ssm_fpar
wheat,IN,IN-08-0723,2006,-0.09260023541346496,-0.8688394253998464,ssm_fpar
wheat,IN,IN-08-0723,2007,-0.11552541361691572,-0.8872269038067221,ssm_fpar
wheat,IN,IN-08-0723,2008,0.10469686027263052,-0.813135518422449,ssm_fpar
wheat,IN,IN-08-0723,2009,-0.4757705999418799,-1.0998297727484148,ssm_fpar
wheat,IN,IN-08-0723,2010,-0.5121477302433,-1.0519020018334702,ssm_fpar
wheat,IN,IN-08-0723,2011,0.07883993665221045,-0.4172294189330083,ssm_fpar
wheat,IN,IN-08-0723,2012,-0.519423545924222,-1.2118467424295751,ssm_fpar
wheat,IN,IN-08-0723,2013,-0.2118164569159197,-0.6844908535438964,ssm_fpar
wheat,IN,IN-08-0723,2014,0.20040027573333036,-0.5594108777307316,ssm_fpar
wheat,IN,IN-08-0723,2015,-0.11815595231296551,-0.6502803671337148,ssm_fpar
wheat,IN,IN-08-0723,2016,-0.40975752557814793,-0.6360140904311169,ssm_fpar
wheat,IN,IN-08-0723,2017,-0.4494555723682995,-0.35627624409139824,ssm_fpar
wheat,IN,IN-08-0724,2003,-0.645678113122644,-0.7258538165823988,ssm_fpar
wheat,IN,IN-08-0724,2004,-0.23092527494748194,0.05751507577657381,ssm_fpar
wheat,IN,IN-08-0724,2005,-0.6737191084823418,-0.5955460598794986,ssm_fpar
wheat,IN,IN-08-0724,2006,-0.5432552059968031,-0.09972714060495902,ssm_fpar
wheat,IN,IN-08-0724,2007,-0.49275705042314827,-0.5270332302432623,ssm_fpar
wheat,IN,IN-08-0724,2008,-0.2747724854015134,-0.2960128011304285,ssm_fpar
wheat,IN,IN-08-0724,2009,-0.7654579597010895,-1.0455337997734842,ssm_fpar
wheat,IN,IN-08-0724,2010,-0.7580529942103899,-0.2774652447637112,ssm_fpar
wheat,IN,IN-08-0724,2011,-0.30516943341672115,0.4116854132203623,ssm_fpar
wheat,IN,IN-08-0724,2012,-0.8124733366247174,-0.7617617739760916,ssm_fpar
wheat,IN,IN-08-0724,2013,-0.6063047585850744,-0.06523678635224621,ssm_fpar
wheat,IN,IN-08-0724,2014,-0.320942043326992,-0.003260294351264228,ssm_fpar
wheat,IN,IN-08-0724,2015,-0.43980752807406964,-0.2975211867385581,ssm_fpar
wheat,IN,IN-08-0724,2016,-0.6530635356052218,-0.26748615664320863,ssm_fpar
wheat,IN,IN-08-0724,2017,-0.774238605122824,-0.3184709868515632,ssm_fpar
wheat,IN,IN-08-0725,2003,-0.09565990072178407,-0.5639163056058485,ssm_fpar
wheat,IN,IN-08-0725,2004,0.46991926569225,1.0195241833840063,ssm_fpar
wheat,IN,IN-08-0725,2005,-0.004110720918823196,0.2365184208936608,ssm_fpar
wheat,IN,IN-08-0725,2006,0.06900956234899268,0.6271725178130448,ssm_fpar
wheat,IN,IN-08-0725,2007,-0.009186596881160516,1.22171260880192,ssm_fpar
wheat,IN,IN-08-0725,2008,0.1804892149950495,0.38226935449199134,ssm_fpar
wheat,IN,IN-08-0725,2009,-0.029037250445726318,0.21672530368386714,ssm_fpar
wheat,IN,IN-08-0725,2010,-0.09604448451834573,1.0759616752035992,ssm_fpar
wheat,IN,IN-08-0725,2011,0.08946888565115643,0.47236492214162457,ssm_fpar
wheat,IN,IN-08-0725,2012,-0.29570534441933155,-0.7388903058345424,ssm_fpar
wheat,IN,IN-08-0725,2013,-0.06641114771469733,0.7532547633174016,ssm_fpar
wheat,IN,IN-08-0726,2003,-0.2158590457264533,-0.45845522345111533,ssm_fpar
wheat,IN,IN-08-0726,2004,0.02018628656135738,0.4017121444887871,ssm_fpar
wheat,IN,IN-08-0726,2005,-0.3440176789795539,-0.28633864898935313,ssm_fpar
wheat,IN,IN-08-0726,2006,-0.35991361428401053,0.016710684545351396,ssm_fpar
wheat,IN,IN-08-0726,2007,-0.40503360017169426,-0.24832407280651164,ssm_fpar
wheat,IN,IN-08-0726,2008,-0.14266703968108418,0.005492066584836006,ssm_fpar
wheat,IN,IN-08-0726,2009,-0.48276162638756503,-0.49391974340908473,ssm_fpar
wheat,IN,IN-08-0726,2010,-0.5448224679917665,-0.1319339666453484,ssm_fpar
wheat,IN,IN-08-0726,2011,-0.3143856048475264,0.3121750265613664,ssm_fpar
wheat,IN,IN-08-0726,2012,-0.5641405283751167,-0.1421912215562364,ssm_fpar
wheat,IN,IN-08-0726,2013,-0.454678815524458,0.2509736771645678,ssm_fpar
wheat,IN,IN-08-0726,2014,-0.20638548078423138,0.42431232329958907,ssm_fpar
wheat,IN,IN-08-0726,2015,-0.20885587790698718,0.37824836836221964,ssm_fpar
wheat,IN,IN-08-0726,2016,-0.3826442352573506,0.02798633251729159,ssm_fpar
wheat,IN,IN-08-0726,2017,-0.4497862115883966,0.2693047522634491,ssm_fpar
wheat,IN,IN-08-0728,2003,-0.3617281513320244,-0.7231233593010004,ssm_fpar
wheat,IN,IN-08-0728,2004,0.25611575262003,-0.12783532626427221,ssm_fpar
wheat,IN,IN-08-0728,2005,-0.2508883732055444,-0.588078799075118,ssm_fpar
wheat,IN,IN-08-0728,2006,-0.19488589912001192,-0.3120936528274264,ssm_fpar
wheat,IN,IN-08-0728,2007,-0.2258605778505527,-0.6449107722124408,ssm_fpar
wheat,IN,IN-08-0728,2008,-0.0739093237007296,-0.5171836011439727,ssm_fpar
wheat,IN,IN-08-0728,2009,-0.6271805038747998,-0.8557914601499701,ssm_fpar
wheat,IN,IN-08-0728,2010,-0.6518337649647569,-0.49036570830187587,ssm_fpar
wheat,IN,IN-08-0728,2011,-0.20852481535787618,-0.2677230505367965,ssm_fpar
wheat,IN,IN-08-0728,2012,-0.5128690424195976,-0.5015110019619954,ssm_fpar
wheat,IN,IN-08-0728,2013,-0.3358247132655607,-0.25521655704369056,ssm_fpar
wheat,IN,IN-08-0728,2014,-0.07375981888895218,-0.1923080675248669,ssm_fpar
wheat,IN,IN-08-0728,2015,-0.20863354613007618,-0.3525686666457556,ssm_fpar
wheat,IN,IN-08-0728,2016,-0.4778033683850216,-0.5283664970094222,ssm_fpar
wheat,IN,IN-08-0728,2017,-0.5327550872335199,-0.4432351041399543,ssm_fpar
wheat,IN,IN-08-0729,2003,-0.2717543965192527,-1.1997883418833375,ssm_fpar
wheat,IN,IN-08-0729,2004,0.5717159172706199,-0.6195894471425194,ssm_fpar
wheat,IN,IN-08-0729,2005,0.009380898703201848,-1.1454876238682041,ssm_fpar
wheat,IN,IN-08-0729,2006,0.01971983379512107,-0.727164342967249,ssm_fpar
wheat,IN,IN-08-0729,2007,-0.006538366878294891,-1.0574006976597135,ssm_fpar
wheat,IN,IN-08-0729,2008,0.04086471155790577,-0.9068414675142353,ssm_fpar
wheat,IN,IN-08-0729,2009,-0.39004922418121335,-1.130456142287121,ssm_fpar
wheat,IN,IN-08-0729,2010,-0.4271257302002986,-1.0436646120522852,ssm_fpar
wheat,IN,IN-08-0729,2011,-0.1256309682513703,-0.7989080973320227,ssm_fpar
wheat,IN,IN-08-0729,2012,-0.17494694446708658,-1.0261238099687746,ssm_fpar
wheat,IN,IN-08-0729,2013,-0.08310849291082027,-0.866676045186468,ssm_fpar
wheat,IN,IN-08-0729,2014,0.17141262771061028,-0.7416581130120982,ssm_fpar
wheat,IN,IN-08-0729,2015,-0.1381678060063429,-1.0600729610519026,ssm_fpar
wheat,IN,IN-08-0729,2016,-0.3357333601344235,-0.9916939773608379,ssm_fpar
wheat,IN,IN-08-0729,2017,-0.29023365117228295,-0.7887078724325596,ssm_fpar
wheat,IN,IN-08-0730,2003,0.10678005848564306,-0.9427785218525377,ssm_fpar
wheat,IN,IN-08-0730,2004,0.8958196595135817,-0.51979507430421,ssm_fpar
wheat,IN,IN-08-0730,2005,0.3265534854620079,-0.6523002322634183,ssm_fpar
wheat,IN,IN-08-0730,2006,0.3124665371367521,-0.4235447093183603,ssm_fpar
wheat,IN,IN-08-0730,2007,0.24426632828048875,-0.6594778665576844,ssm_fpar
wheat,IN,IN-08-0730,2008,0.4073389671804163,-0.6455218080490696,ssm_fpar
wheat,IN,IN-08-0730,2009,-0.029063622248641344,-1.050353417677258,ssm_fpar
wheat,IN,IN-08-0730,2010,-0.1950637546311763,-0.759093002217253,ssm_fpar
wheat,IN,IN-08-0730,2011,0.09421334989240002,-0.6054134157327177,ssm_fpar
wheat,IN,IN-08-0730,2012,0.14567995661647515,-0.5473161283859965,ssm_fpar
wheat,IN,IN-08-0730,2013,0.16660825433104126,-0.43870654521125413,ssm_fpar
wheat,IN,IN-08-0730,2014,0.47477413188266354,-0.36482009184603026,ssm_fpar
wheat,IN,IN-08-0730,2015,0.24828628756245963,-0.5709998774137516,ssm_fpar
wheat,IN,IN-08-0730,2016,0.020108391156586383,-0.6307754765250844,ssm_fpar
wheat,IN,IN-08-0730,2017,-0.006483443784625868,-0.7605431939361834,ssm_fpar
wheat,IN,IN-08-0731,2003,-0.36597762618082097,-0.9926935693192157,ssm_fpar
wheat,IN,IN-08-0731,2004,0.46710172154221236,-0.8364940083740827,ssm_fpar
wheat,IN,IN-08-0731,2005,-0.08344386732498715,-1.2569693888268252,ssm_fpar
wheat,IN,IN-08-0731,2006,-0.06588654600909759,-1.1220601965401231,ssm_fpar
wheat,IN,IN-08-0731,2007,-0.120169575021342,-1.204356383127631,ssm_fpar
wheat,IN,IN-08-0731,2008,-0.06992085676869936,-1.1631894887312124,ssm_fpar
wheat,IN,IN-08-0731,2009,-0.4580708200909727,-1.7167014716451654,ssm_fpar
wheat,IN,IN-08-0731,2010,-0.5376960099398151,-1.4064231141355696,ssm_fpar
wheat,IN,IN-08-0731,2011,-0.32705694395751056,-1.2530738003545248,ssm_fpar
wheat,IN,IN-08-0731,2012,-0.22282900643458112,-1.2672272704411347,ssm_fpar
wheat,IN,IN-08-0731,2013,-0.1739322164990031,-1.109440896431029,ssm_fpar
wheat,IN,IN-08-0731,2014,0.07965951642123094,-1.178177727776165,ssm_fpar
wheat,IN,IN-08-0731,2015,-0.22273009163487212,-1.1843144076861873,ssm_fpar
wheat,IN,IN-08-0731,2016,-0.4034898227619419,-1.1009352775851482,ssm_fpar
wheat,IN,IN-08-0731,2017,-0.38787558199130473,-1.2071539872042616,ssm_fpar
wheat,IN,IN-08-0732,2003,-0.12650333372225037,-0.9359186261933087,ssm_fpar
wheat,IN,IN-08-0732,2004,0.6493432979332434,-0.382385335362996,ssm_fpar
wheat,IN,IN-08-0732,2005,0.08980666321673206,-0.6007281809484779,ssm_fpar
wheat,IN,IN-08-0732,2006,0.20147254028411496,-0.5229806077991777,ssm_fpar
wheat,IN,IN-08-0732,2007,0.17221307886679274,-0.7925696189200576,ssm_fpar
wheat,IN,IN-08-0732,2008,0.3077719480098855,-0.7428068603849614,ssm_fpar
wheat,IN,IN-08-0732,2009,-0.38554335902652626,-0.9255736328033181,ssm_fpar
wheat,IN,IN-08-0732,2010,-0.4097977387670986,-0.5886221509421429,ssm_fpar
wheat,IN,IN-08-0732,2011,0.11994665325443798,-0.45997059232595644,ssm_fpar
wheat,IN,IN-08-0732,2012,-0.2112687808024053,-0.7266999557314106,ssm_fpar
wheat,IN,IN-08-0732,2013,-0.03538496805336067,-0.33908451581404353,ssm_fpar
wheat,IN,IN-08-0732,2014,0.3136419231551802,-0.366017722085824,ssm_fpar
wheat,IN,IN-08-0732,2015,0.08938661677530459,-0.645855840973097,ssm_fpar
wheat,IN,IN-08-0732,2016,-0.21858538489344967,-0.6262538113340269,ssm_fpar
wheat,IN,IN-08-0732,2017,-0.23312025336188077,-0.5126638160631792,ssm_fpar
wheat,IN,IN-09-0165,2003,0.2726882153837543,0.7872777941880512,ssm_fpar
wheat,IN,IN-09-0165,2004,0.1822920451829091,0.7993090898112832,ssm_fpar
wheat,IN,IN-09-0165,2005,0.4556929029443706,1.1391122289192452,ssm_fpar
wheat,IN,IN-09-0165,2006,-0.21198995529164022,0.8638894673846325,ssm_fpar
wheat,IN,IN-09-0165,2007,0.23055866302597608,1.311393783056897,ssm_fpar
wheat,IN,IN-09-0165,2008,-0.18106576492847812,1.0045987998436547,ssm_fpar
wheat,IN,IN-09-0165,2009,-0.2802634483649738,0.9024641597510545,ssm_fpar
wheat,IN,IN-09-0165,2010,-0.7819731731663301,0.6056718331834251,ssm_fpar
wheat,IN,IN-09-0165,2011,-0.176603185695411,1.013513812700077,ssm_fpar
wheat,IN,IN-09-0165,2012,-0.4432622680518992,1.033684105667203,ssm_fpar
wheat,IN,IN-09-0165,2013,-0.3008862390586368,1.0854571721048194,ssm_fpar
wheat,IN,IN-09-0165,2014,-0.20898256493892517,1.3752164761928256,ssm_fpar
wheat,IN,IN-09-0165,2015,-0.061580491294249536,1.0719899422654986,ssm_fpar
wheat,IN,IN-09-0165,2016,-0.5620113873113664,1.0943233020943022,ssm_fpar
wheat,IN,IN-09-0165,2017,-0.6446013073780851,1.2050979889168512,ssm_fpar
wheat,IN,IN-09-0166,2003,0.09208052119015289,1.0194139747385702,ssm_fpar
wheat,IN,IN-09-0166,2004,-0.022093855426662805,0.9445971174727689,ssm_fpar
wheat,IN,IN-09-0166,2005,0.24518889507186595,1.4813896558083277,ssm_fpar
wheat,IN,IN-09-0166,2006,-0.4303547997494462,0.9756931385560552,ssm_fpar
wheat,IN,IN-09-0166,2007,-0.03490134369310759,1.6029580870063158,ssm_fpar
wheat,IN,IN-09-0166,2008,-0.415766845088222,1.2386568917789815,ssm_fpar
wheat,IN,IN-09-0166,2009,-0.5001544277543487,1.2278440016139884,ssm_fpar
wheat,IN,IN-09-0166,2010,-0.9741151716028751,0.6600988319381318,ssm_fpar
wheat,IN,IN-09-0166,2011,-0.46185718516106933,1.0974049594970423,ssm_fpar
wheat,IN,IN-09-0166,2012,-0.6715367775861856,1.2233076715628521,ssm_fpar
wheat,IN,IN-09-0166,2013,-0.481972446424888,1.3439962111560937,ssm_fpar
wheat,IN,IN-09-0166,2014,-0.4244139768788705,1.5729505244266655,ssm_fpar
wheat,IN,IN-09-0166,2015,-0.244509717462433,1.2901989866703427,ssm_fpar
wheat,IN,IN-09-0166,2016,-0.6854006759135267,1.3042707346306894,ssm_fpar
wheat,IN,IN-09-0166,2017,-0.9337628463079677,1.366045642999474,ssm_fpar
wheat,IN,IN-09-0167,2003,-0.014941268074462284,0.8153182287309728,ssm_fpar
wheat,IN,IN-09-0167,2004,0.17673379432228567,0.8193461769660341,ssm_fpar
wheat,IN,IN-09-0167,2005,0.3286514919848437,1.1872255980526594,ssm_fpar
wheat,IN,IN-09-0167,2006,-0.33340591831688415,0.8245147254294635,ssm_fpar
wheat,IN,IN-09-0167,2007,0.07511487785811713,1.2470321563130518,ssm_fpar
wheat,IN,IN-09-0167,2008,-0.39950573322304805,1.123756083630293,ssm_fpar
wheat,IN,IN-09-0167,2009,-0.47710514716370583,1.0299987448578822,ssm_fpar
wheat,IN,IN-09-0167,2010,-0.9425720439872687,0.7261949857435588,ssm_fpar
wheat,IN,IN-09-0167,2011,-0.3705972146645723,1.0540491153876146,ssm_fpar
wheat,IN,IN-09-0167,2012,-0.5954893686104848,1.067540786660391,ssm_fpar
wheat,IN,IN-09-0167,2013,-0.4820342907063003,1.0890427303941608,ssm_fpar
wheat,IN,IN-09-0167,2014,-0.42526836014478897,1.4769836800690024,ssm_fpar
wheat,IN,IN-09-0167,2015,-0.2742775917605463,1.1606202830113714,ssm_fpar
wheat,IN,IN-09-0167,2016,-0.7474064607271546,1.2782194254146049,ssm_fpar
wheat,IN,IN-09-0167,2017,-0.9110131721785246,1.3231525566969926,ssm_fpar
wheat,IN,IN-09-0168,2003,-0.003266412449872296,0.9595087196420927,ssm_fpar
wheat,IN,IN-09-0168,2004,0.4068152139928255,1.2744261149408103,ssm_fpar
wheat,IN,IN-09-0168,2005,0.42053834755080743,1.4546851783798362,ssm_fpar
wheat,IN,IN-09-0168,2006,-0.21000592490492967,0.9957658403709992,ssm_fpar
wheat,IN,IN-09-0168,2007,0.1621830301817424,1.404154260507257,ssm_fpar
wheat,IN,IN-09-0168,2008,-0.36997498222852077,1.444478328329906,ssm_fpar
wheat,IN,IN-09-0168,2009,-0.40942993295446173,1.162051387134647,ssm_fpar
wheat,IN,IN-09-0168,2010,-0.9563202547338905,0.9488871709847936,ssm_fpar
wheat,IN,IN-09-0168,2011,-0.28336243998032007,1.2910742227639547,ssm_fpar
wheat,IN,IN-09-0168,2012,-0.5428231796778555,1.4831333954102122,ssm_fpar
wheat,IN,IN-09-0168,2013,-0.49567933765805494,1.2305572335041814,ssm_fpar
wheat,IN,IN-09-0168,2014,-0.4596611033261065,1.5456771435373315,ssm_fpar
wheat,IN,IN-09-0168,2015,-0.3559911731717181,1.3392866960906828,ssm_fpar
wheat,IN,IN-09-0168,2016,-0.8209463262578853,1.6557726405260709,ssm_fpar
wheat,IN,IN-09-0168,2017,-0.9452793571657014,1.4380091374898751,ssm_fpar
wheat,IN,IN-09-0169,2003,0.021462287477612824,0.3715473420205236,ssm_fpar
wheat,IN,IN-09-0169,2004,0.25280478806672046,0.45075591752278915,ssm_fpar
wheat,IN,IN-09-0169,2005,0.43537189290686595,0.8456439373028891,ssm_fpar
wheat,IN,IN-09-0169,2006,-0.21431247818130436,0.35628366682152224,ssm_fpar
wheat,IN,IN-09-0169,2007,0.1841944588411647,0.7610460257215521,ssm_fpar
wheat,IN,IN-09-0169,2008,-0.2549967023295099,0.614085796653821,ssm_fpar
wheat,IN,IN-09-0169,2009,-0.3506195045781058,0.5888194648091964,ssm_fpar
wheat,IN,IN-09-0169,2010,-0.8732097903026008,0.45341392341212733,ssm_fpar
wheat,IN,IN-09-0169,2011,-0.18110734694618907,0.7934981390049384,ssm_fpar
wheat,IN,IN-09-0169,2012,-0.4425240418458389,0.6566872151836216,ssm_fpar
wheat,IN,IN-09-0169,2013,-0.4290051010469737,0.767724647415911,ssm_fpar
wheat,IN,IN-09-0169,2014,-0.31573101938198506,0.9850639841466136,ssm_fpar
wheat,IN,IN-09-0169,2015,-0.2237081240926067,0.7570926238585598,ssm_fpar
wheat,IN,IN-09-0169,2016,-0.7439048359505767,0.8119697523462439,ssm_fpar
wheat,IN,IN-09-0169,2017,-0.7738746804508402,0.8834487245151487,ssm_fpar
wheat,IN,IN-09-0170,2003,-0.23721204482421,0.5196811672518009,ssm_fpar
wheat,IN,IN-09-0170,2004,0.24923916134079024,0.5436598429100387,ssm_fpar
wheat,IN,IN-09-0170,2005,0.18803155641283595,0.9990070072240403,ssm_fpar
wheat,IN,IN-09-0170,2006,-0.3669613920230758,0.5797419164202209,ssm_fpar
wheat,IN,IN-09-0170,2007,-0.05661195001131911,1.0156597705583197,ssm_fpar
wheat,IN,IN-09-0170,2008,-0.42852897666108153,0.6352858886842864,ssm_fpar
wheat,IN,IN-09-0170,2009,-0.5083592190423833,0.5551245046341061,ssm_fpar
wheat,IN,IN-09-0170,2010,-0.9418044230049145,0.5826553352892796,ssm_fpar
wheat,IN,IN-09-0170,2011,-0.25414939048635,0.9304536746409175,ssm_fpar
wheat,IN,IN-09-0170,2012,-0.5429799505744587,0.8802542291612498,ssm_fpar
wheat,IN,IN-09-0170,2013,-0.6258934282871872,1.013098308331169,ssm_fpar
wheat,IN,IN-09-0170,2014,-0.5254464834947498,1.2476839278721163,ssm_fpar
wheat,IN,IN-09-0170,2015,-0.5049888067070605,1.095827672324093,ssm_fpar
wheat,IN,IN-09-0170,2016,-1.0191662774164671,0.9813961396979359,ssm_fpar
wheat,IN,IN-09-0170,2017,-1.1092959112669898,1.1621845347531425,ssm_fpar
wheat,IN,IN-09-0171,2003,-0.23547367174723774,1.730134761788734,ssm_fpar
wheat,IN,IN-09-0171,2004,0.2297213576684251,1.6854106987680004,ssm_fpar
wheat,IN,IN-09-0171,2005,0.13126445934653014,2.087611407429856,ssm_fpar
wheat,IN,IN-09-0171,2006,-0.38911303663594654,1.6273980163832757,ssm_fpar
wheat,IN,IN-09-0171,2007,-0.06840482835809274,2.1620186513389124,ssm_fpar
wheat,IN,IN-09-0171,2008,-0.5264400019248389,1.8131378698364677,ssm_fpar
wheat,IN,IN-09-0171,2009,-0.5606692933243888,1.6280447743149615,ssm_fpar
wheat,IN,IN-09-0171,2010,-1.1133483232419061,1.5107033323589298,ssm_fpar
wheat,IN,IN-09-0171,2011,-0.417199554229919,1.9423014451485905,ssm_fpar
wheat,IN,IN-09-0171,2012,-0.7153936969890511,1.926170099061575,ssm_fpar
wheat,IN,IN-09-0171,2013,-0.6606586674493525,1.921800722802109,ssm_fpar
wheat,IN,IN-09-0171,2014,-0.6562713396051815,2.0904165319475507,ssm_fpar
wheat,IN,IN-09-0171,2015,-0.5596776398517928,1.8948549824618854,ssm_fpar
wheat,IN,IN-09-0171,2016,-1.02925186661829,1.914656303789204,ssm_fpar
wheat,IN,IN-09-0171,2017,-1.1193715549769168,2.0422857091238207,ssm_fpar
wheat,IN,IN-09-0172,2003,-0.26475144174129717,2.040795408385866,ssm_fpar
wheat,IN,IN-09-0172,2004,0.04749256141591001,2.032517909585657,ssm_fpar
wheat,IN,IN-09-0172,2005,0.07375391542427039,2.4953164522487445,ssm_fpar
wheat,IN,IN-09-0172,2006,-0.5503967391527428,2.037438784856642,ssm_fpar
wheat,IN,IN-09-0172,2007,-0.1978137293086321,2.7160307435837696,ssm_fpar
wheat,IN,IN-09-0172,2008,-0.668385207314058,2.44568404802547,ssm_fpar
wheat,IN,IN-09-0172,2009,-0.6873954683436753,2.37302781347799,ssm_fpar
wheat,IN,IN-09-0172,2010,-1.4406516495469652,1.8684507138784325,ssm_fpar
wheat,IN,IN-09-0172,2011,-0.7105952886732032,2.443435436146674,ssm_fpar
wheat,IN,IN-09-0172,2012,-0.9068012378441753,2.3883444451161693,ssm_fpar
wheat,IN,IN-09-0172,2013,-0.738799256192943,2.4892794181828473,ssm_fpar
wheat,IN,IN-09-0172,2014,-0.7825449489597804,2.583794441392678,ssm_fpar
wheat,IN,IN-09-0172,2015,-0.5789493404836492,2.4300496777522427,ssm_fpar
wheat,IN,IN-09-0172,2016,-1.071631895058378,2.463672943055838,ssm_fpar
wheat,IN,IN-09-0172,2017,-1.4332744810564026,2.531489773777204,ssm_fpar
wheat,IN,IN-09-0173,2003,0.26677099075824523,1.9759522854027571,ssm_fpar
wheat,IN,IN-09-0173,2004,0.7728090469420998,1.818085066651192,ssm_fpar
wheat,IN,IN-09-0173,2005,0.6398140271785973,2.351283084838469,ssm_fpar
wheat,IN,IN-09-0173,2006,0.02953977061324502,1.815657217593654,ssm_fpar
wheat,IN,IN-09-0173,2007,0.38548970693553314,2.573260183569188,ssm_fpar
wheat,IN,IN-09-0173,2008,-0.25707759720048984,2.3260024954909926,ssm_fpar
wheat,IN,IN-09-0173,2009,-0.19120744115756552,2.3686120611652783,ssm_fpar
wheat,IN,IN-09-0173,2010,-1.5526837620655598,2.0940614390509675,ssm_fpar
wheat,IN,IN-09-0173,2011,-0.2721285737156778,2.546113898133873,ssm_fpar
wheat,IN,IN-09-0173,2012,-0.749165313581185,2.4489429058208234,ssm_fpar
wheat,IN,IN-09-0173,2013,-0.2842255888578981,2.6427145903327305,ssm_fpar
wheat,IN,IN-09-0173,2014,-0.5488552998194381,2.829308640550361,ssm_fpar
wheat,IN,IN-09-0173,2015,0.006846368428944406,2.6839880243109255,ssm_fpar
wheat,IN,IN-09-0173,2016,-0.9656655005768138,2.6516520078365,ssm_fpar
wheat,IN,IN-09-0173,2017,-1.2154095133272218,2.769288627104377,ssm_fpar
wheat,IN,IN-09-0174,2003,0.2839623829478401,1.623547550557379,ssm_fpar
wheat,IN,IN-09-0174,2004,0.9102746324474613,1.747150101539263,ssm_fpar
wheat,IN,IN-09-0174,2005,0.7361163124726587,2.040054018237426,ssm_fpar
wheat,IN,IN-09-0174,2006,0.06892881742316599,1.4319267121903976,ssm_fpar
wheat,IN,IN-09-0174,2007,0.4606238799253681,2.0947620934769726,ssm_fpar
wheat,IN,IN-09-0174,2008,-0.15693390684331032,1.7949575453971456,ssm_fpar
wheat,IN,IN-09-0174,2009,-0.04470049210147848,2.062719374204128,ssm_fpar
wheat,IN,IN-09-0174,2010,-1.478326657036156,1.795273062083689,ssm_fpar
wheat,IN,IN-09-0174,2011,-0.1639878732802525,2.047467919721859,ssm_fpar
wheat,IN,IN-09-0174,2012,-0.6660793966078801,1.7618238494123541,ssm_fpar
wheat,IN,IN-09-0174,2013,-0.22469217890138818,2.177325255722334,ssm_fpar
wheat,IN,IN-09-0174,2014,-0.5787610997724154,2.4976383884279367,ssm_fpar
wheat,IN,IN-09-0174,2015,0.07641281176053548,2.538773320949826,ssm_fpar
wheat,IN,IN-09-0174,2016,-1.2793369043722256,3.03107193315588,ssm_fpar
wheat,IN,IN-09-0174,2017,-1.0652294172129968,2.7107432468107975,ssm_fpar
wheat,IN,IN-09-0175,2003,-0.3187509269190095,2.23976497108137,ssm_fpar
wheat,IN,IN-09-0175,2004,0.6952908596270478,2.4770957339252084,ssm_fpar
wheat,IN,IN-09-0175,2005,0.2576645950589021,2.5509288605265126,ssm_fpar
wheat,IN,IN-09-0175,2006,-0.21537997955666302,2.0301307962505644,ssm_fpar
wheat,IN,IN-09-0175,2007,-0.05682793823178702,2.6720035747684956,ssm_fpar
wheat,IN,IN-09-0175,2008,-0.5989573223945498,2.5981208246507683,ssm_fpar
wheat,IN,IN-09-0175,2009,-0.4050579132632199,2.375626752569783,ssm_fpar
wheat,IN,IN-09-0175,2010,-1.2641501295727002,2.1368013590370736,ssm_fpar
wheat,IN,IN-09-0175,2011,-0.3401710585229238,2.6634490730556837,ssm_fpar
wheat,IN,IN-09-0175,2012,-0.7137370500647401,2.842241862100936,ssm_fpar
wheat,IN,IN-09-0175,2013,-0.6922665932142675,2.491609501506534,ssm_fpar
wheat,IN,IN-09-0175,2014,-0.7546349667007385,2.7064659959543915,ssm_fpar
wheat,IN,IN-09-0175,2015,-0.696219071383903,2.515399163412634,ssm_fpar
wheat,IN,IN-09-0175,2016,-1.364580505196831,2.918854646271778,ssm_fpar
wheat,IN,IN-09-0175,2017,-1.2163072274758457,2.7523344194240407,ssm_fpar
wheat,IN,IN-09-0176,2003,-0.35419170614230683,2.1244665822816455,ssm_fpar
wheat,IN,IN-09-0176,2004,0.8572057945768071,1.9031331079655058,ssm_fpar
wheat,IN,IN-09-0176,2005,0.297479435379827,2.3883444451161693,ssm_fpar
wheat,IN,IN-09-0176,2006,-0.20174050361159673,1.8308516420644982,ssm_fpar
wheat,IN,IN-09-0176,2007,-0.0840071632568472,2.3636993330387774,ssm_fpar
wheat,IN,IN-09-0176,2008,-0.6088483177458871,1.9859977145569443,ssm_fpar
wheat,IN,IN-09-0176,2009,-0.41619774555988714,2.079266224660052,ssm_fpar
wheat,IN,IN-09-0176,2010,-1.0736752358265422,1.9386546579349,ssm_fpar
wheat,IN,IN-09-0176,2011,-0.2183558716472476,2.3652961733585096,ssm_fpar
wheat,IN,IN-09-0176,2012,-0.6473161287987061,2.291898548662589,ssm_fpar
wheat,IN,IN-09-0176,2013,-0.71736570654649,2.2706507958368567,ssm_fpar
wheat,IN,IN-09-0176,2014,-0.6775562377225274,2.4372761949134496,ssm_fpar
wheat,IN,IN-09-0176,2015,-0.7626778322760354,2.3266624141945536,ssm_fpar
wheat,IN,IN-09-0176,2016,-1.2369008835572617,2.2861792532317375,ssm_fpar
wheat,IN,IN-09-0176,2017,-1.2559843950972371,2.457171521754101,ssm_fpar
wheat,IN,IN-09-0545,2003,0.20998662257771267,2.2067201530364535,ssm_fpar
wheat,IN,IN-09-0545,2004,1.3154010222216224,2.049246219168826,ssm_fpar
wheat,IN,IN-09-0545,2005,0.9113459300239825,2.4083664230211363,ssm_fpar
wheat,IN,IN-09-0545,2006,0.27190314709704455,1.7752710817151989,ssm_fpar
wheat,IN,IN-09-0545,2007,0.5320338526726793,2.505936625414114,ssm_fpar
wheat,IN,IN-09-0545,2008,-0.14519773678750467,1.8117643638271992,ssm_fpar
wheat,IN,IN-09-0545,2009,0.17036259148164404,2.5402523979992195,ssm_fpar
wheat,IN,IN-09-0545,2010,-1.3867002144391367,2.0471842509637646,ssm_fpar
wheat,IN,IN-09-0545,2011,0.07235395192837703,2.3930971929508935,ssm_fpar
wheat,IN,IN-09-0545,2012,-0.47232419708975354,1.9520848552992631,ssm_fpar
wheat,IN,IN-09-0545,2013,-0.20951047593319994,2.2749250840952673,ssm_fpar
wheat,IN,IN-09-0545,2014,-0.5221392119898302,2.7174483467247494,ssm_fpar
wheat,IN,IN-09-0545,2015,0.021907404076307282,2.852631693272129,ssm_fpar
wheat,IN,IN-09-0545,2016,-1.5682469160605976,2.9333950772350628,ssm_fpar
wheat,IN,IN-09-0545,2017,-1.0175027234519192,3.056126624406188,ssm_fpar
wheat,IN,IN-09-0546,2003,-0.2658508764257347,1.7153570950936399,ssm_fpar
wheat,IN,IN-09-0546,2004,0.3866527753260964,1.5340091792231056,ssm_fpar
wheat,IN,IN-09-0546,2005,0.15542919504475303,1.960237697091492,ssm_fpar
wheat,IN,IN-09-0546,2006,-0.37939289102748197,1.5016111191098844,ssm_fpar
wheat,IN,IN-09-0546,2007,-0.07242852621123126,1.9745265351172914,ssm_fpar
wheat,IN,IN-09-0546,2008,-0.5264474568798309,1.630691969570274,ssm_fpar
wheat,IN,IN-09-0546,2009,-0.5242803369620058,1.414321359654408,ssm_fpar
wheat,IN,IN-09-0546,2010,-0.9562772899984728,1.39878412841163,ssm_fpar
wheat,IN,IN-09-0546,2011,-0.2449078864397708,1.8356089477423012,ssm_fpar
wheat,IN,IN-09-0546,2012,-0.6322456932113711,1.808159337850646,ssm_fpar
wheat,IN,IN-09-0546,2013,-0.6684519546992274,1.8527555533732534,ssm_fpar
wheat,IN,IN-09-0546,2014,-0.6307043939442509,2.024710438352087,ssm_fpar
wheat,IN,IN-09-0546,2015,-0.6070932836194616,1.8563578446439615,ssm_fpar
wheat,IN,IN-09-0546,2016,-1.0053131946994531,1.8107990126648752,ssm_fpar
wheat,IN,IN-09-0546,2017,-1.117525145382335,1.9873864893405009,ssm_fpar
wheat,IN,IN-09-1017,2003,-0.012615965592664553,0.8197456198215207,ssm_fpar
wheat,IN,IN-09-1017,2004,0.5349053289465999,0.8463867822985615,ssm_fpar
wheat,IN,IN-09-1017,2005,0.5184292632971913,1.3701736847239625,ssm_fpar
wheat,IN,IN-09-1017,2006,-0.12712097676554804,0.8201785823571823,ssm_fpar
wheat,IN,IN-09-1017,2007,0.2279629532833186,1.2495796520067892,ssm_fpar
wheat,IN,IN-09-1017,2008,-0.2791565068351955,0.9450603408308232,ssm_fpar
wheat,IN,IN-09-1017,2009,-0.30710327940363213,0.8496898674497108,ssm_fpar
wheat,IN,IN-09-1017,2010,-0.8717070076637531,0.9089568519694095,ssm_fpar
wheat,IN,IN-09-1017,2011,-0.1042632990353929,1.233364506719326,ssm_fpar
wheat,IN,IN-09-1017,2012,-0.414722722753148,1.196981687189733,ssm_fpar
wheat,IN,IN-09-1017,2013,-0.4682541643520406,1.2022959531517283,ssm_fpar
wheat,IN,IN-09-1017,2014,-0.40094291593721576,1.418623589118641,ssm_fpar
wheat,IN,IN-09-1017,2015,-0.3479803099404138,1.1983643739971852,ssm_fpar
wheat,IN,IN-09-1017,2016,-0.8565103508294446,1.2379874292775948,ssm_fpar
wheat,IN,IN-09-1017,2017,-0.9047485743867111,1.3696010568542107,ssm_fpar
wheat,IN,IN-09-1018,2003,0.16584080200422122,1.6905333725409284,ssm_fpar
wheat,IN,IN-09-1018,2004,0.61530643092105,1.7553439069460877,ssm_fpar
wheat,IN,IN-09-1018,2005,0.6170208779211441,2.2434963632570475,ssm_fpar
wheat,IN,IN-09-1018,2006,-0.2134109044336235,1.678459304409132,ssm_fpar
wheat,IN,IN-09-1018,2007,0.3922469078407171,2.1665791721421415,ssm_fpar
wheat,IN,IN-09-1018,2008,-0.23342244899678996,1.9529691908010076,ssm_fpar
wheat,IN,IN-09-1018,2009,-0.2827674891202427,2.302245422162843,ssm_fpar
wheat,IN,IN-09-1018,2010,-1.6573990744042033,2.0086956591016065,ssm_fpar
wheat,IN,IN-09-1018,2011,-0.415389106923683,2.2549349541187493,ssm_fpar
wheat,IN,IN-09-1018,2012,-0.8158219838704345,1.9202339642466435,ssm_fpar
wheat,IN,IN-09-1018,2013,-0.35433481958036733,2.376335554140273,ssm_fpar
wheat,IN,IN-09-1018,2014,-0.7016177822624736,2.6591718221992777,ssm_fpar
wheat,IN,IN-09-1018,2015,0.0265106827384398,2.54415858345666,ssm_fpar
wheat,IN,IN-09-1018,2016,-1.1200947135966428,2.7350950616866068,ssm_fpar
wheat,IN,IN-09-1018,2017,-1.3557062130538704,2.714507227564434,ssm_fpar
wheat,IN,IN-09-1019,2003,-0.2020721447616138,2.0466450581285285,ssm_fpar
wheat,IN,IN-09-1019,2004,0.2039637117765773,1.9963445880571977,ssm_fpar
wheat,IN,IN-09-1019,2005,0.12170445998365112,2.4485029600184496,ssm_fpar
wheat,IN,IN-09-1019,2006,-0.41089068322037825,1.95126643760293,ssm_fpar
wheat,IN,IN-09-1019,2007,-0.12459023940628969,2.685128624539294,ssm_fpar
wheat,IN,IN-09-1019,2008,-0.589480147818619,2.3590961964028403,ssm_fpar
wheat,IN,IN-09-1019,2009,-0.5952778703138107,2.3173094923218764,ssm_fpar
wheat,IN,IN-09-1019,2010,-1.3428707511995628,2.009160046337444,ssm_fpar
wheat,IN,IN-09-1019,2011,-0.6060471704919871,2.502518527976487,ssm_fpar
wheat,IN,IN-09-1019,2012,-0.8399541336889824,2.5093539822022413,ssm_fpar
wheat,IN,IN-09-1019,2013,-0.672785592886519,2.5171996823445713,ssm_fpar
wheat,IN,IN-09-1019,2014,-0.7550635225330493,2.6655347420447186,ssm_fpar
wheat,IN,IN-09-1019,2015,-0.547016748069971,2.467436923809475,ssm_fpar
wheat,IN,IN-09-1019,2016,-1.1131254472586494,2.5308868850850694,ssm_fpar
wheat,IN,IN-09-1019,2017,-1.2628020030563105,2.654845688475943,ssm_fpar
wheat,IN,IN-09-2009,2005,0.09335593228932056,1.8446168246165264,ssm_fpar
wheat,IN,IN-09-2009,2006,-0.5378282972099432,1.33809255748424,ssm_fpar
wheat,IN,IN-09-2009,2007,-0.1637346292771763,2.047145525575677,ssm_fpar
wheat,IN,IN-09-2009,2008,-0.5866837899858214,1.6670323523252761,ssm_fpar
wheat,IN,IN-09-2009,2009,-0.6466159321773446,1.5934426877949854,ssm_fpar
wheat,IN,IN-09-2009,2010,-1.137207787477806,1.1303403730302526,ssm_fpar
wheat,IN,IN-09-2009,2011,-0.6229434300752349,1.5596716100128145,ssm_fpar
wheat,IN,IN-09-2009,2012,-0.7743398970270181,1.683491911947391,ssm_fpar
wheat,IN,IN-09-2009,2013,-0.605702820584648,1.7292602419276115,ssm_fpar
wheat,IN,IN-09-2009,2014,-0.5903204873028176,1.983311484631342,ssm_fpar
wheat,IN,IN-09-2009,2015,-0.38861006042198676,1.7295186227956667,ssm_fpar
wheat,IN,IN-09-2009,2016,-0.8037175925408686,1.7809084824728771,ssm_fpar
wheat,IN,IN-09-2009,2017,-1.151628925011902,1.8151334725908232,ssm_fpar
wheat,IN,IN-09-2010,2006,-0.3405510422407909,2.015677761928152,ssm_fpar
wheat,IN,IN-09-2010,2007,-0.09575175017866247,2.7314369938113154,ssm_fpar
wheat,IN,IN-09-2010,2008,-0.5925760604217332,2.3781442202166962,ssm_fpar
wheat,IN,IN-09-2010,2009,-0.5051940315019497,2.408394567702098,ssm_fpar
wheat,IN,IN-09-2010,2010,-1.3351937564640197,2.2201955300202507,ssm_fpar
wheat,IN,IN-09-2010,2011,-0.4941385246203988,2.733693752834597,ssm_fpar
wheat,IN,IN-09-2010,2012,-0.7938503677415033,2.607657427599175,ssm_fpar
wheat,IN,IN-09-2010,2013,-0.6892589416861481,2.595933686680386,ssm_fpar
wheat,IN,IN-09-2010,2014,-0.7880712705684475,2.8447800679338164,ssm_fpar
wheat,IN,IN-09-2010,2015,-0.6168200778306349,2.658919260720142,ssm_fpar
wheat,IN,IN-09-2010,2016,-1.3092805518100128,2.7335308099448254,ssm_fpar
wheat,IN,IN-09-2010,2017,-1.241674391213305,2.860170023872392,ssm_fpar
wheat,IN,IN-09-2011,2005,0.10196783175989466,1.05494902569025,ssm_fpar
wheat,IN,IN-09-2011,2006,-0.36783587674242185,0.4672861827202846,ssm_fpar
wheat,IN,IN-09-2011,2007,-0.18389296670375085,0.7632021093165089,ssm_fpar
wheat,IN,IN-09-2011,2008,-0.6135951166107824,0.43329862367028815,ssm_fpar
wheat,IN,IN-09-2011,2009,-0.54227031475905,0.5927056527301494,ssm_fpar
wheat,IN,IN-09-2011,2010,-1.068449403087888,0.6213230796845188,ssm_fpar
wheat,IN,IN-09-2011,2011,-0.2361789233312463,0.9331748209000467,ssm_fpar
wheat,IN,IN-09-2011,2012,-0.608625664173302,0.8152064964636998,ssm_fpar
wheat,IN,IN-09-2011,2013,-0.7491435530095395,1.0000256330606514,ssm_fpar
wheat,IN,IN-09-2011,2014,-0.6473020283585128,1.2648031734222427,ssm_fpar
wheat,IN,IN-09-2011,2015,-0.7306973669934093,1.111841699530466,ssm_fpar
wheat,IN,IN-09-2011,2016,-1.2325023084013285,0.9275183748695296,ssm_fpar
wheat,IN,IN-09-2011,2017,-1.2533607351962388,1.1827847059798167,ssm_fpar
wheat,IN,IN-09-2030,2012,-0.06790848614638544,0.8827643643781136,ssm_fpar
wheat,IN,IN-09-2030,2013,-0.012906872787643775,1.0100492395063883,ssm_fpar
wheat,IN,IN-09-2030,2014,0.1529707657780405,1.243984309559944,ssm_fpar
wheat,IN,IN-09-2030,2015,0.2561702040273079,0.9361566757827886,ssm_fpar
wheat,IN,IN-09-2030,2016,-0.2219244636820839,0.8160575820932845,ssm_fpar
wheat,IN,IN-09-2030,2017,-0.22610372618508146,1.0336168917251831,ssm_fpar
wheat,IN,IN-09-2043,2012,-0.8976691547642469,1.4511376788940349,ssm_fpar
wheat,IN,IN-09-2043,2013,-0.5367479799215128,2.0357441788030606,ssm_fpar
wheat,IN,IN-09-2043,2014,-0.8806811510223274,2.224008393640818,ssm_fpar
wheat,IN,IN-09-2043,2015,-0.17330626675619673,2.134748278625999,ssm_fpar
wheat,IN,IN-09-2043,2016,-1.1372890308450394,2.289560318194417,ssm_fpar
wheat,IN,IN-09-2043,2017,-1.5569406301429376,2.252710783673418,ssm_fpar
wheat,IN,IN-10-0139,2003,-1.7345738572004374,-2.3269073738854487,ssm_fpar
wheat,IN,IN-10-0139,2004,-0.17118752003632354,-1.9621294543177648,ssm_fpar
wheat,IN,IN-10-0139,2005,-0.001964956536204124,-1.5838598634773136,ssm_fpar
wheat,IN,IN-10-0139,2006,-0.57537219939472,-1.7405154854556721,ssm_fpar
wheat,IN,IN-10-0139,2007,-0.07813307391764988,-1.7654736806569666,ssm_fpar
wheat,IN,IN-10-0139,2008,-0.5151309966220776,-1.915250784931559,ssm_fpar
wheat,IN,IN-10-0139,2009,-0.9495777300118998,-1.9387704271917685,ssm_fpar
wheat,IN,IN-10-0139,2010,-1.4857861056742494,-2.343471682508136,ssm_fpar
wheat,IN,IN-10-0139,2011,-0.508379016667233,-0.7264683440523785,ssm_fpar
wheat,IN,IN-10-0139,2012,-0.5791839020990305,-1.044130163165907,ssm_fpar
wheat,IN,IN-10-0139,2013,-0.4369590434899634,-0.6429554575352264,ssm_fpar
wheat,IN,IN-10-0139,2014,-0.211931361936559,-0.2172974188391518,ssm_fpar
wheat,IN,IN-10-0139,2015,-0.554608450452794,-0.684673492826929,ssm_fpar
wheat,IN,IN-10-0139,2016,-1.7938130612188534,-1.1525942616176519,ssm_fpar
wheat,IN,IN-10-0139,2017,-1.2130618548112682,-0.36782173265111223,ssm_fpar
wheat,IN,IN-10-0140,2003,-1.2131647661685385,0.2870410858146816,ssm_fpar
wheat,IN,IN-10-0140,2004,1.5744130058883246,0.5739555816290094,ssm_fpar
wheat,IN,IN-10-0140,2005,0.7520892354766698,0.5721678653527013,ssm_fpar
wheat,IN,IN-10-0140,2006,0.15720757647071465,0.2916849581730648,ssm_fpar
wheat,IN,IN-10-0140,2007,0.149130019370877,0.7588724839598222,ssm_fpar
wheat,IN,IN-10-0140,2008,-0.6403890017315286,0.4764552119030761,ssm_fpar
wheat,IN,IN-10-0140,2009,-0.03745013981970638,0.5206732566749285,ssm_fpar
wheat,IN,IN-10-0140,2010,-1.3081751789232512,0.7979298946371715,ssm_fpar
wheat,IN,IN-10-0140,2011,-0.12066955192911966,1.2102429106612704,ssm_fpar
wheat,IN,IN-10-0140,2012,-0.29135213003153726,0.6142210974462148,ssm_fpar
wheat,IN,IN-10-0140,2013,-0.25795505456577705,0.9428606118189574,ssm_fpar
wheat,IN,IN-10-0140,2014,0.08505941248816928,1.1482245190600597,ssm_fpar
wheat,IN,IN-10-0140,2015,-0.4965050612034561,1.1047746336256798,ssm_fpar
wheat,IN,IN-10-0140,2016,-1.9765046601986862,0.6494237449027684,ssm_fpar
wheat,IN,IN-10-0140,2017,-1.7065724043994939,0.9648090190706851,ssm_fpar
wheat,IN,IN-10-0141,2003,-1.0100524801501287,-0.9289051881956457,ssm_fpar
wheat,IN,IN-10-0141,2004,-0.9155621063018596,-0.21949446197920566,ssm_fpar
wheat,IN,IN-10-0141,2005,-0.9089306904541846,-0.15523981350953392,ssm_fpar
wheat,IN,IN-10-0141,2006,-0.8059757485413965,-0.18480266734079517,ssm_fpar
wheat,IN,IN-10-0141,2007,0.39511069531825416,-0.08452510616398237,ssm_fpar
wheat,IN,IN-10-0141,2008,0.25642315387041537,0.04110386184701666,ssm_fpar
wheat,IN,IN-10-0141,2009,-0.31416120584043367,-0.5040453906013096,ssm_fpar
wheat,IN,IN-10-0141,2010,-1.2007064971020431,-0.06269326574878079,ssm_fpar
wheat,IN,IN-10-0141,2011,-0.5634816209252319,0.3239100481417559,ssm_fpar
wheat,IN,IN-10-0141,2012,0.24302244657334904,0.28838348454499263,ssm_fpar
wheat,IN,IN-10-0141,2013,-0.06603380262821078,0.27004112878451075,ssm_fpar
wheat,IN,IN-10-0141,2014,1.0758895562582513,0.6283675842661135,ssm_fpar
wheat,IN,IN-10-0141,2015,0.4795075001071353,0.3844270374015291,ssm_fpar
wheat,IN,IN-10-0141,2016,-0.619566312360765,0.13799722454404426,ssm_fpar
wheat,IN,IN-10-0141,2017,0.045359136251144634,0.5717988265660974,ssm_fpar
wheat,IN,IN-10-0142,2003,-2.7367933882338598,-2.599582988889642,ssm_fpar
wheat,IN,IN-10-0142,2004,-1.8717702761305235,-2.160642776921916,ssm_fpar
wheat,IN,IN-10-0142,2005,-2.3877923973925936,-2.3470610815941657,ssm_fpar
wheat,IN,IN-10-0142,2006,-2.4591791113679626,-2.3699033469840423,ssm_fpar
wheat,IN,IN-10-0142,2007,-1.6043706009146674,-2.0178419560849603,ssm_fpar
wheat,IN,IN-10-0142,2008,-2.0381581578826,-2.1784710568180903,ssm_fpar
wheat,IN,IN-10-0142,2009,-2.261006170920273,-2.182304870238772,ssm_fpar
wheat,IN,IN-10-0142,2010,-2.7425502295769784,-2.230670975432993,ssm_fpar
wheat,IN,IN-10-0142,2011,-2.1542313781822133,-1.8551877080075718,ssm_fpar
wheat,IN,IN-10-0142,2012,-1.9609386709090453,-2.060146585779828,ssm_fpar
wheat,IN,IN-10-0142,2013,-2.012362729722949,-2.0088544918364777,ssm_fpar
wheat,IN,IN-10-0142,2014,-2.143311184294234,-1.8723176612333083,ssm_fpar
wheat,IN,IN-10-0142,2015,-2.221150537345974,-1.9751043638544215,ssm_fpar
wheat,IN,IN-10-0142,2016,-2.4178656966891108,-1.9079951708257625,ssm_fpar
wheat,IN,IN-10-0142,2017,-2.4925518980618637,-1.823937589505665,ssm_fpar
wheat,IN,IN-10-0143,2003,-1.170918529975758,0.6040389574169269,ssm_fpar
wheat,IN,IN-10-0143,2004,0.7369602431157968,0.7781446885407053,ssm_fpar
wheat,IN,IN-10-0143,2005,-0.0282490928593199,0.768638851033016,ssm_fpar
wheat,IN,IN-10-0143,2006,-0.4176991906618318,0.4775150569190536,ssm_fpar
wheat,IN,IN-10-0143,2007,-0.548907424413427,0.7369853145853508,ssm_fpar
wheat,IN,IN-10-0143,2008,-1.013494502205579,0.48551680621349336,ssm_fpar
wheat,IN,IN-10-0143,2009,-0.5358694328865242,0.5587282999930292,ssm_fpar
wheat,IN,IN-10-0143,2010,-1.1351529616579084,1.0862496385821645,ssm_fpar
wheat,IN,IN-10-0143,2011,-0.5896018722395449,1.5215703696995952,ssm_fpar
wheat,IN,IN-10-0143,2012,-0.6653593684992105,0.8788734761814919,ssm_fpar
wheat,IN,IN-10-0143,2013,-0.633754923703232,1.2202262961766523,ssm_fpar
wheat,IN,IN-10-0143,2014,-0.2698665263680716,1.4281965734215634,ssm_fpar
wheat,IN,IN-10-0143,2015,-0.9354911903797786,1.2510676249891766,ssm_fpar
wheat,IN,IN-10-0143,2016,-2.0131117316287757,0.8178375764881494,ssm_fpar
wheat,IN,IN-10-0143,2017,-1.61533407932402,1.2158117972707936,ssm_fpar
wheat,IN,IN-10-0144,2003,-1.7965043181121683,-1.9698110476925406,ssm_fpar
wheat,IN,IN-10-0144,2004,-0.6492842307809702,-1.4822533329292304,ssm_fpar
wheat,IN,IN-10-0144,2005,-0.3193674626665762,-0.7367058130409362,ssm_fpar
wheat,IN,IN-10-0144,2006,-0.7437625964954055,-1.1396752182146266,ssm_fpar
wheat,IN,IN-10-0144,2007,-0.24442385099800323,-0.5498475625663231,ssm_fpar
wheat,IN,IN-10-0144,2008,-0.5938056555649366,-0.9670767983502723,ssm_fpar
wheat,IN,IN-10-0144,2009,-1.0162445172821555,-1.2984537532711147,ssm_fpar
wheat,IN,IN-10-0144,2010,-1.5299332154495489,-1.7722544326268823,ssm_fpar
wheat,IN,IN-10-0144,2011,-0.7206986116013376,-0.1517315277521402,ssm_fpar
wheat,IN,IN-10-0144,2012,-0.5603366755694676,-0.538066791636108,ssm_fpar
wheat,IN,IN-10-0144,2013,-0.4896903887699232,-0.3318648923904889,ssm_fpar
wheat,IN,IN-10-0144,2014,-0.08754708322825233,0.09919819473474943,ssm_fpar
wheat,IN,IN-10-0144,2015,-0.299978190741475,-0.04144479669056892,ssm_fpar
wheat,IN,IN-10-0144,2016,-1.520702570523427,-0.8315106418189987,ssm_fpar
wheat,IN,IN-10-0144,2017,-1.0276984331387096,0.016062404619637108,ssm_fpar
wheat,IN,IN-10-0145,2003,-2.762048522357553,-2.8759178356469106,ssm_fpar
wheat,IN,IN-10-0145,2004,-2.055524413246839,-2.658228462672659,ssm_fpar
wheat,IN,IN-10-0145,2005,-2.049974185623287,-2.675197800764192,ssm_fpar
wheat,IN,IN-10-0145,2006,-2.362587331413975,-2.6778863584453614,ssm_fpar
wheat,IN,IN-10-0145,2007,-2.165606352758515,-2.4553436151115924,ssm_fpar
wheat,IN,IN-10-0145,2008,-2.3391527099351053,-2.6172506536516127,ssm_fpar
wheat,IN,IN-10-0145,2009,-2.394079803852559,-2.4413491486360996,ssm_fpar
wheat,IN,IN-10-0145,2010,-2.809355466178314,-2.4928018577136433,ssm_fpar
wheat,IN,IN-10-0145,2011,-2.5072839934558595,-2.160119031919095,ssm_fpar
wheat,IN,IN-10-0145,2012,-2.5101327396875055,-2.188869140940842,ssm_fpar
wheat,IN,IN-10-0145,2013,-2.3659886782335726,-2.063917549800166,ssm_fpar
wheat,IN,IN-10-0145,2014,-2.6160090947839234,-1.9436447473513905,ssm_fpar
wheat,IN,IN-10-0145,2015,-2.522252190250588,-1.8495941113773973,ssm_fpar
wheat,IN,IN-10-0145,2016,-2.7809293992547763,-1.8221219401625408,ssm_fpar
wheat,IN,IN-10-0145,2017,-2.9019883304014833,-1.7505015568428766,ssm_fpar
wheat,IN,IN-10-0146,2003,-1.4212213878652433,-1.0684668476305197,ssm_fpar
wheat,IN,IN-10-0146,2004,0.04063859370195376,-0.17071902992122992,ssm_fpar
wheat,IN,IN-10-0146,2005,0.24827039054107478,0.28564443247380555,ssm_fpar
wheat,IN,IN-10-0146,2006,-0.22045591534821768,-0.03349783918103644,ssm_fpar
wheat,IN,IN-10-0146,2007,0.07480689663772776,0.2128718101479276,ssm_fpar
wheat,IN,IN-10-0146,2008,-0.2925968271136428,0.1542472861650248,ssm_fpar
wheat,IN,IN-10-0146,2009,-0.6498095766024716,-0.0010186657391696027,ssm_fpar
wheat,IN,IN-10-0146,2010,-0.9965663404766133,-0.10704560411109848,ssm_fpar
wheat,IN,IN-10-0146,2011,-0.2750035134932991,0.6943820159452876,ssm_fpar
wheat,IN,IN-10-0146,2012,-0.04866652647357159,0.7019937766530092,ssm_fpar
wheat,IN,IN-10-0146,2013,-0.0160207693381814,0.8060723836144256,ssm_fpar
wheat,IN,IN-10-0146,2014,0.6645831876305258,1.1656477694873784,ssm_fpar
wheat,IN,IN-10-0146,2015,0.27343777709697065,1.0304866424249608,ssm_fpar
wheat,IN,IN-10-0146,2016,-1.2002632242389817,0.5607083246908949,ssm_fpar
wheat,IN,IN-10-0146,2017,-0.6625526289422407,0.9165755959438322,ssm_fpar
wheat,IN,IN-10-0147,2003,-1.6676550980245057,-1.635012292086574,ssm_fpar
wheat,IN,IN-10-0147,2004,-0.9652386434897778,-1.2815402813132135,ssm_fpar
wheat,IN,IN-10-0147,2005,-0.7117493583103948,-0.5605110108238406,ssm_fpar
wheat,IN,IN-10-0147,2006,-0.8639326860129473,-0.5003641346994053,ssm_fpar
wheat,IN,IN-10-0147,2007,-0.2634058847218012,-0.1744550776080513,ssm_fpar
wheat,IN,IN-10-0147,2008,-0.513425942919061,-0.4089461902729398,ssm_fpar
wheat,IN,IN-10-0147,2009,-0.8682190507234867,-0.6340727422873159,ssm_fpar
wheat,IN,IN-10-0147,2010,-1.42530857951455,-1.0500030904642603,ssm_fpar
wheat,IN,IN-10-0147,2011,-0.7868178480303865,0.23046265897615176,ssm_fpar
wheat,IN,IN-10-0147,2012,-0.4489356438299139,-0.1790291172993895,ssm_fpar
wheat,IN,IN-10-0147,2013,-0.46090213786326145,0.060964809528514165,ssm_fpar
wheat,IN,IN-10-0147,2014,0.03134516616167296,0.4458475539379757,ssm_fpar
wheat,IN,IN-10-0147,2015,-0.140411782247692,0.33706920848453403,ssm_fpar
wheat,IN,IN-10-0147,2016,-1.0191687125490227,-0.3567532549247388,ssm_fpar
wheat,IN,IN-10-0147,2017,-0.7337233878085465,0.4564202197283436,ssm_fpar
wheat,IN,IN-10-0148,2003,-2.639216346358213,-2.595029898998418,ssm_fpar
wheat,IN,IN-10-0148,2004,-1.50681464326575,-2.3238975859358812,ssm_fpar
wheat,IN,IN-10-0148,2005,-1.6886439637544324,-2.3342188541248867,ssm_fpar
wheat,IN,IN-10-0148,2006,-2.051124239544573,-2.381104506777794,ssm_fpar
wheat,IN,IN-10-0148,2007,-1.914794916844355,-2.256159898903819,ssm_fpar
wheat,IN,IN-10-0148,2008,-2.2224632191671274,-2.3041419244293087,ssm_fpar
wheat,IN,IN-10-0148,2009,-2.1775968729964554,-2.1317320527659644,ssm_fpar
wheat,IN,IN-10-0148,2010,-2.6542263199009914,-2.2129753776042063,ssm_fpar
wheat,IN,IN-10-0148,2011,-2.295202690003818,-1.809545076828028,ssm_fpar
wheat,IN,IN-10-0148,2012,-2.329340660253707,-1.8932884111464285,ssm_fpar
wheat,IN,IN-10-0148,2013,-2.271378335686963,-1.7902084113237238,ssm_fpar
wheat,IN,IN-10-0148,2014,-2.4121447119608863,-1.6305709344626136,ssm_fpar
wheat,IN,IN-10-0148,2015,-2.453552919989459,-1.5626377159628304,ssm_fpar
wheat,IN,IN-10-0148,2016,-2.8129351160355753,-1.5253470717616846,ssm_fpar
wheat,IN,IN-10-0148,2017,-2.8654340180745552,-1.3113029640070855,ssm_fpar
wheat,IN,IN-10-0149,2003,-1.2651578390636917,-1.9905207308657844,ssm_fpar
wheat,IN,IN-10-0149,2004,-0.7922097393558621,-1.1305507745038763,ssm_fpar
wheat,IN,IN-10-0149,2005,-0.8797570962109236,-0.9979653985066294,ssm_fpar
wheat,IN,IN-10-0149,2006,-0.727390053013612,-1.1407560130307186,ssm_fpar
wheat,IN,IN-10-0149,2007,0.3025629019871235,-0.7557094304408789,ssm_fpar
wheat,IN,IN-10-0149,2008,0.07977702422841264,-0.7581234920231307,ssm_fpar
wheat,IN,IN-10-0149,2009,-0.45307629693976714,-1.5506576533443674,ssm_fpar
wheat,IN,IN-10-0149,2010,-1.2837456404858751,-0.7827153343096337,ssm_fpar
wheat,IN,IN-10-0149,2011,-0.6445448177948996,-0.5522739791589005,ssm_fpar
wheat,IN,IN-10-0149,2012,-0.005966488993836252,-0.39721000481476626,ssm_fpar
wheat,IN,IN-10-0149,2013,-0.2863170171810224,-0.39299103737661856,ssm_fpar
wheat,IN,IN-10-0149,2014,0.5194585149811562,-0.07973458520480813,ssm_fpar
wheat,IN,IN-10-0149,2015,0.12432215151131631,-0.4708050410886713,ssm_fpar
wheat,IN,IN-10-0149,2016,-0.7389162302008618,-0.7543331897257651,ssm_fpar
wheat,IN,IN-10-0149,2017,-0.38843473715918475,-0.3264802565870771,ssm_fpar
wheat,IN,IN-10-0150,2003,-1.712630376327195,-1.109433375989965,ssm_fpar
wheat,IN,IN-10-0150,2004,-1.0870422720427129,-0.3330299340523224,ssm_fpar
wheat,IN,IN-10-0150,2005,-0.9035776790915503,-0.5097007622831022,ssm_fpar
wheat,IN,IN-10-0150,2006,-1.5964935095136445,-0.5813931269672509,ssm_fpar
wheat,IN,IN-10-0150,2007,-1.1791304404230543,-0.09743770347465887,ssm_fpar
wheat,IN,IN-10-0150,2008,-1.4758771047772736,-0.16084818243465995,ssm_fpar
wheat,IN,IN-10-0150,2009,-1.483915305116996,-0.008211430444642136,ssm_fpar
wheat,IN,IN-10-0150,2010,-2.4230512484332953,-0.5749405885324451,ssm_fpar
wheat,IN,IN-10-0150,2011,-1.7685055911344123,0.379388341887176,ssm_fpar
wheat,IN,IN-10-0150,2012,-1.9040588857017917,0.09128964519209486,ssm_fpar
wheat,IN,IN-10-0150,2013,-1.6323886675452348,0.10776666298097384,ssm_fpar
wheat,IN,IN-10-0150,2014,-2.0567372768907126,0.34784761205549986,ssm_fpar
wheat,IN,IN-10-0150,2015,-1.6339716475564112,0.25268395080370903,ssm_fpar
wheat,IN,IN-10-0150,2016,-2.1462974548173883,0.7228155502097708,ssm_fpar
wheat,IN,IN-10-0150,2017,-2.4187950461936585,0.12792735395639201,ssm_fpar
wheat,IN,IN-10-0151,2003,-1.5821290965716117,-1.019877277901752,ssm_fpar
wheat,IN,IN-10-0151,2004,0.5997857751422543,-0.6265517640467433,ssm_fpar
wheat,IN,IN-10-0151,2005,0.31922246551213057,-0.39815704321474493,ssm_fpar
wheat,IN,IN-10-0151,2006,-0.21249559424476247,-0.6830044920845958,ssm_fpar
wheat,IN,IN-10-0151,2007,-0.052034195039255125,-0.6339819598201566,ssm_fpar
wheat,IN,IN-10-0151,2008,-0.6414876874205534,-0.7393035882549464,ssm_fpar
wheat,IN,IN-10-0151,2009,-0.6369564679608246,-0.5288768126532029,ssm_fpar
wheat,IN,IN-10-0151,2010,-1.5414382190068234,-0.6592474187564462,ssm_fpar
wheat,IN,IN-10-0151,2011,-0.3033119188742183,0.24331885297883404,ssm_fpar
wheat,IN,IN-10-0151,2012,-0.591170704024448,-0.21614517983293774,ssm_fpar
wheat,IN,IN-10-0151,2013,-0.4704206059792573,-0.04824649846058914,ssm_fpar
wheat,IN,IN-10-0151,2014,-0.2770375010554946,0.2594013161989189,ssm_fpar
wheat,IN,IN-10-0151,2015,-0.7171888554380019,0.07433078200061391,ssm_fpar
wheat,IN,IN-10-0151,2016,-2.0568456248080755,-0.4921867293886242,ssm_fpar
wheat,IN,IN-10-0151,2017,-1.669384186060523,-0.001032632272582211,ssm_fpar
wheat,IN,IN-10-0152,2003,-2.6537438868003003,-3.5825266603918204,ssm_fpar
wheat,IN,IN-10-0152,2004,-2.315593384625546,-3.416555360629874,ssm_fpar
wheat,IN,IN-10-0152,2005,-2.511474251107561,-3.475731562682415,ssm_fpar
wheat,IN,IN-10-0152,2006,-2.7202172747694253,-3.4247257826739474,ssm_fpar
wheat,IN,IN-10-0152,2007,-2.147487682518515,-3.2845716199179296,ssm_fpar
wheat,IN,IN-10-0152,2008,-2.3276824934074885,-3.3134334612069485,ssm_fpar
wheat,IN,IN-10-0152,2009,-2.3683452475445463,-3.3327142605776197,ssm_fpar
wheat,IN,IN-10-0152,2010,-2.8844588487225735,-3.3393623304801476,ssm_fpar
wheat,IN,IN-10-0152,2011,-2.406210092768507,-3.1598085769782673,ssm_fpar
wheat,IN,IN-10-0152,2012,-2.2878090775157154,-3.2040475715502343,ssm_fpar
wheat,IN,IN-10-0152,2013,-2.239242220256954,-3.161896573722864,ssm_fpar
wheat,IN,IN-10-0152,2014,-2.4618367656749505,-3.141247054078143,ssm_fpar
wheat,IN,IN-10-0152,2015,-2.4030749236820528,-3.1560166631578137,ssm_fpar
wheat,IN,IN-10-0152,2016,-2.4768030049354115,-3.0724967933739578,ssm_fpar
wheat,IN,IN-10-0152,2017,-2.723336942975479,-3.094794363960902,ssm_fpar
wheat,IN,IN-10-0153,2003,-2.1585704407294855,-2.0076673364967363,ssm_fpar
wheat,IN,IN-10-0153,2004,-0.9840692976136923,-1.2107337171517778,ssm_fpar
wheat,IN,IN-10-0153,2005,-1.5769732378761847,-1.6934692176685613,ssm_fpar
wheat,IN,IN-10-0153,2006,-1.672905368473695,-1.6031755791815034,ssm_fpar
wheat,IN,IN-10-0153,2007,-0.2778901652045397,-0.9652820988072526,ssm_fpar
wheat,IN,IN-10-0153,2008,-1.0530458846114183,-1.0855634960458165,ssm_fpar
wheat,IN,IN-10-0153,2009,-1.3785886973373584,-1.4981751810151116,ssm_fpar
wheat,IN,IN-10-0153,2010,-2.078976998562898,-1.6924356941963223,ssm_fpar
wheat,IN,IN-10-0153,2011,-1.1642788740452317,-0.6694429881447744,ssm_fpar
wheat,IN,IN-10-0153,2012,-0.8701722029076937,-0.9010269131632183,ssm_fpar
wheat,IN,IN-10-0153,2013,-1.086009629515925,-1.0729710546548132,ssm_fpar
wheat,IN,IN-10-0153,2014,-1.1045607123003467,-0.9066924911578771,ssm_fpar
wheat,IN,IN-10-0153,2015,-1.3809616342898146,-1.175855523009797,ssm_fpar
wheat,IN,IN-10-0153,2016,-1.6798491874133323,-0.77621015278737,ssm_fpar
wheat,IN,IN-10-0153,2017,-1.6155871028129507,-0.7137168990502688,ssm_fpar
wheat,IN,IN-10-0154,2003,-1.0699886623736803,-1.6831302227256157,ssm_fpar
wheat,IN,IN-10-0154,2004,-0.42144221660539594,-0.7471436480664768,ssm_fpar
wheat,IN,IN-10-0154,2005,-0.4562102954268889,-0.40087998005506925,ssm_fpar
wheat,IN,IN-10-0154,2006,-0.5708799983308126,-0.9295369052452035,ssm_fpar
wheat,IN,IN-10-0154,2007,-0.024910769077308968,-0.1480051492038423,ssm_fpar
wheat,IN,IN-10-0154,2008,-0.3893398679722681,-0.5460320130739437,ssm_fpar
wheat,IN,IN-10-0154,2009,-0.5581988911308117,-0.52072572888616,ssm_fpar
wheat,IN,IN-10-0154,2010,-0.7459591938173995,-0.10089710636511297,ssm_fpar
wheat,IN,IN-10-0154,2011,-0.4952371533162674,-0.2655722043918613,ssm_fpar
wheat,IN,IN-10-0154,2012,0.2747808414711252,0.2958964051701384,ssm_fpar
wheat,IN,IN-10-0154,2013,0.4563858276202511,0.489404874244729,ssm_fpar
wheat,IN,IN-10-0154,2014,1.3099399568809942,0.9326070275995474,ssm_fpar
wheat,IN,IN-10-0154,2015,1.0529323304710265,0.5356255050376387,ssm_fpar
wheat,IN,IN-10-0154,2016,-0.3934201034603,0.18732379749729466,ssm_fpar
wheat,IN,IN-10-0154,2017,-0.058918630531789425,0.6872601582555844,ssm_fpar
wheat,IN,IN-10-0155,2003,-2.4117292833893043,-0.9239081057885217,ssm_fpar
wheat,IN,IN-10-0155,2004,-0.9817067119378574,-0.4879250744945223,ssm_fpar
wheat,IN,IN-10-0155,2005,-1.3094099201730551,-0.3456042368557095,ssm_fpar
wheat,IN,IN-10-0155,2006,-1.6853163334579864,-0.8942785707131355,ssm_fpar
wheat,IN,IN-10-0155,2007,-1.5625255476111701,-0.24802099903154315,ssm_fpar
wheat,IN,IN-10-0155,2008,-2.004682888366971,-0.7062750644990098,ssm_fpar
wheat,IN,IN-10-0155,2009,-1.8990186837892526,-0.46556931001837265,ssm_fpar
wheat,IN,IN-10-0155,2010,-2.505000084839108,-0.5146477084164442,ssm_fpar
wheat,IN,IN-10-0155,2011,-1.8978549046802418,0.15305966527417636,ssm_fpar
wheat,IN,IN-10-0155,2012,-2.0145122907740043,-0.41548718341933816,ssm_fpar
wheat,IN,IN-10-0155,2013,-1.981432326911957,-0.16284097397651723,ssm_fpar
wheat,IN,IN-10-0155,2014,-1.9723459349142072,-0.032656122767609104,ssm_fpar
wheat,IN,IN-10-0155,2015,-2.146936013770501,-0.12830359906132421,ssm_fpar
wheat,IN,IN-10-0155,2016,-2.721025914379408,-0.4170253642987427,ssm_fpar
wheat,IN,IN-10-0155,2017,-2.660411967063333,-0.15799179357702672,ssm_fpar
wheat,IN,IN-10-0156,2003,-2.7720258978448267,-2.7564900084693638,ssm_fpar
wheat,IN,IN-10-0156,2004,-1.9507074401042643,-2.4342052667975667,ssm_fpar
wheat,IN,IN-10-0156,2005,-2.165717924530111,-2.491398221106076,ssm_fpar
wheat,IN,IN-10-0156,2006,-2.3734133856994695,-2.4956370639956043,ssm_fpar
wheat,IN,IN-10-0156,2007,-2.02715137770618,-2.4525363418964483,ssm_fpar
wheat,IN,IN-10-0156,2008,-2.214390642591886,-2.417249895239437,ssm_fpar
wheat,IN,IN-10-0156,2009,-2.3909084961373757,-2.3840584285937294,ssm_fpar
wheat,IN,IN-10-0156,2010,-2.7358286105497323,-2.3761254376176097,ssm_fpar
wheat,IN,IN-10-0156,2011,-2.3321788161508237,-2.0345808463752544,ssm_fpar
wheat,IN,IN-10-0156,2012,-2.2883638605227863,-2.221788260185082,ssm_fpar
wheat,IN,IN-10-0156,2013,-2.134309984961781,-2.010586341979154,ssm_fpar
wheat,IN,IN-10-0156,2014,-2.3303209381736623,-1.8745592898453933,ssm_fpar
wheat,IN,IN-10-0156,2015,-2.303239786270471,-1.8925062852755432,ssm_fpar
wheat,IN,IN-10-0156,2016,-2.5868693731517745,-1.8303621948736553,ssm_fpar
wheat,IN,IN-10-0156,2017,-2.658087332795603,-1.6876451732371482,ssm_fpar
wheat,IN,IN-10-0157,2003,-1.1221335605380534,-0.5469194251197633,ssm_fpar
wheat,IN,IN-10-0157,2004,0.1297739931599938,0.39870083454519134,ssm_fpar
wheat,IN,IN-10-0157,2005,0.18965371574439555,0.7372034073762737,ssm_fpar
wheat,IN,IN-10-0157,2006,-0.08794781538363566,0.37867389998588574,ssm_fpar
wheat,IN,IN-10-0157,2007,0.2530580039357749,0.7021731928898778,ssm_fpar
wheat,IN,IN-10-0157,2008,-0.23718810304151766,0.7456187809293581,ssm_fpar
wheat,IN,IN-10-0157,2009,-0.44501001647446803,0.4615491605354935,ssm_fpar
wheat,IN,IN-10-0157,2010,-0.776656133596848,0.5827410683174323,ssm_fpar
wheat,IN,IN-10-0157,2011,-0.22559514088147634,0.886920348122335,ssm_fpar
wheat,IN,IN-10-0157,2012,0.28365146568188054,0.9476253484087558,ssm_fpar
wheat,IN,IN-10-0157,2013,0.41008204973799695,1.294896755523036,ssm_fpar
wheat,IN,IN-10-0157,2014,1.2044714812860784,1.651846970289515,ssm_fpar
wheat,IN,IN-10-0157,2015,0.898603299138253,1.3560153800681012,ssm_fpar
wheat,IN,IN-10-0157,2016,-0.7307227580240868,0.9875964926756541,ssm_fpar
wheat,IN,IN-10-0157,2017,-0.30700408791916944,1.3307843002909767,ssm_fpar
wheat,IN,IN-10-0158,2003,-2.1542745479746497,-1.7371355843707763,ssm_fpar
wheat,IN,IN-10-0158,2004,-0.5582696912082564,-1.3134119105518016,ssm_fpar
wheat,IN,IN-10-0158,2005,-0.8302989323756629,-1.3043895299697914,ssm_fpar
wheat,IN,IN-10-0158,2006,-1.375008495830088,-1.4511708128282295,ssm_fpar
wheat,IN,IN-10-0158,2007,-0.9707924702323433,-1.3750741555510777,ssm_fpar
wheat,IN,IN-10-0158,2008,-1.3032569539700716,-1.3457025357926486,ssm_fpar
wheat,IN,IN-10-0158,2009,-1.5629546284201756,-1.413251674623681,ssm_fpar
wheat,IN,IN-10-0158,2010,-2.193157881222428,-1.5189783325273263,ssm_fpar
wheat,IN,IN-10-0158,2011,-1.2839163242943898,-1.0145630119397469,ssm_fpar
wheat,IN,IN-10-0158,2012,-1.4649032410228058,-1.5175118465194157,ssm_fpar
wheat,IN,IN-10-0158,2013,-1.1218596426311571,-1.1053105627625905,ssm_fpar
wheat,IN,IN-10-0158,2014,-1.4059033493282196,-0.9054774027513199,ssm_fpar
wheat,IN,IN-10-0158,2015,-1.3991889848605825,-1.14814592072699,ssm_fpar
wheat,IN,IN-10-0158,2016,-2.1614480255013317,-1.2005343875429122,ssm_fpar
wheat,IN,IN-10-0158,2017,-2.018947013099768,-0.902719012403106,ssm_fpar
wheat,IN,IN-10-0159,2003,-1.9697975768733063,-2.1714877901137517,ssm_fpar
wheat,IN,IN-10-0159,2004,-0.10139097677087983,-1.5901657533113287,ssm_fpar
wheat,IN,IN-10-0159,2005,-0.5043429839196049,-1.8940984700841303,ssm_fpar
wheat,IN,IN-10-0159,2006,-1.0594768387379563,-1.7001871202381336,ssm_fpar
wheat,IN,IN-10-0159,2007,0.3450317304834974,-1.0103870184505623,ssm_fpar
wheat,IN,IN-10-0159,2008,-0.5310617045882551,-1.0029707892105524,ssm_fpar
wheat,IN,IN-10-0159,2009,-0.9668965415457861,-1.8108998305686745,ssm_fpar
wheat,IN,IN-10-0159,2010,-1.7058836108307083,-2.1369904525943375,ssm_fpar
wheat,IN,IN-10-0159,2011,-0.5067135017370314,-0.6975017537627951,ssm_fpar
wheat,IN,IN-10-0159,2012,-0.5026977052699748,-1.0359946574553542,ssm_fpar
wheat,IN,IN-10-0159,2013,-0.30051183654342406,-0.7498064213782699,ssm_fpar
wheat,IN,IN-10-0159,2014,-0.45040787651527775,-0.95572898995572,ssm_fpar
wheat,IN,IN-10-0159,2015,-0.5009367330328041,-1.1840468948539813,ssm_fpar
wheat,IN,IN-10-0159,2016,-1.3643784598175674,-0.9172861067483601,ssm_fpar
wheat,IN,IN-10-0159,2017,-0.9851463220922687,-0.2672976084421985,ssm_fpar
wheat,IN,IN-10-0160,2003,-1.4572244440317432,-1.2802526743677995,ssm_fpar
wheat,IN,IN-10-0160,2004,0.5428552884133456,-0.17686108157487687,ssm_fpar
wheat,IN,IN-10-0160,2005,0.3094289006404541,0.02300968064172333,ssm_fpar
wheat,IN,IN-10-0160,2006,-0.10172591315525589,-0.18519373027623776,ssm_fpar
wheat,IN,IN-10-0160,2007,0.028437962801269374,-0.47216624092165776,ssm_fpar
wheat,IN,IN-10-0160,2008,-0.34453047191088976,-0.47406139207034015,ssm_fpar
wheat,IN,IN-10-0160,2009,-0.41025640989725615,-0.1772596649513831,ssm_fpar
wheat,IN,IN-10-0160,2010,-0.803956260087159,0.1645744632720168,ssm_fpar
wheat,IN,IN-10-0160,2011,-0.11555725687646744,0.9519420815807647,ssm_fpar
wheat,IN,IN-10-0160,2012,-0.1159238234871552,0.31499080503724053,ssm_fpar
wheat,IN,IN-10-0160,2013,-0.07125950716289564,0.7628631522941707,ssm_fpar
wheat,IN,IN-10-0160,2014,0.5095239101699107,1.049279150300692,ssm_fpar
wheat,IN,IN-10-0160,2015,-0.03868954778128672,0.8445577035963864,ssm_fpar
wheat,IN,IN-10-0160,2016,-1.3446289191898853,0.3256021473816537,ssm_fpar
wheat,IN,IN-10-0160,2017,-0.66884641055501,0.9210330687986553,ssm_fpar
wheat,IN,IN-10-0161,2003,-2.1585117440351556,-1.2345163599795592,ssm_fpar
wheat,IN,IN-10-0161,2004,-0.7020330775349973,-0.865124828875875,ssm_fpar
wheat,IN,IN-10-0161,2005,-0.9505542719127902,-0.8742822192808305,ssm_fpar
wheat,IN,IN-10-0161,2006,-1.3342754748234296,-1.0660725182531574,ssm_fpar
wheat,IN,IN-10-0161,2007,-1.2147830092806882,-0.6784835252202144,ssm_fpar
wheat,IN,IN-10-0161,2008,-1.6194244849324397,-0.919489094618018,ssm_fpar
wheat,IN,IN-10-0161,2009,-1.599340480549014,-0.730898994000728,ssm_fpar
wheat,IN,IN-10-0161,2010,-2.226764742644578,-0.8266312005971252,ssm_fpar
wheat,IN,IN-10-0161,2011,-1.4866212038424311,-0.22427696113458098,ssm_fpar
wheat,IN,IN-10-0161,2012,-1.656003313364899,-0.5139372774170627,ssm_fpar
wheat,IN,IN-10-0161,2013,-1.5782413481700697,-0.40237353965081624,ssm_fpar
wheat,IN,IN-10-0161,2014,-1.639405951972473,-0.21558232853656278,ssm_fpar
wheat,IN,IN-10-0161,2015,-1.8419583943291824,-0.28860029629932793,ssm_fpar
wheat,IN,IN-10-0161,2016,-2.5725471699785256,-0.5933426064587229,ssm_fpar
wheat,IN,IN-10-0161,2017,-2.5303427247739663,-0.39961654595594465,ssm_fpar
wheat,IN,IN-10-0162,2003,-1.5633605249549256,-2.013952276530647,ssm_fpar
wheat,IN,IN-10-0162,2004,-0.2696340765887541,-0.9945962409089721,ssm_fpar
wheat,IN,IN-10-0162,2005,-0.8513742695128099,-1.514669656970754,ssm_fpar
wheat,IN,IN-10-0162,2006,-1.058149888276448,-0.9816229428954022,ssm_fpar
wheat,IN,IN-10-0162,2007,0.5981982158263492,-0.46537098524397613,ssm_fpar
wheat,IN,IN-10-0162,2008,0.1625906265437573,-0.43462419911914896,ssm_fpar
wheat,IN,IN-10-0162,2009,-0.4288277007048682,-1.1057993914318942,ssm_fpar
wheat,IN,IN-10-0162,2010,-1.3931413432940964,-1.6132803661026827,ssm_fpar
wheat,IN,IN-10-0162,2011,-0.2879926634149161,-0.1237425948011637,ssm_fpar
wheat,IN,IN-10-0162,2012,0.1397083362108539,-0.1326860107519777,ssm_fpar
wheat,IN,IN-10-0162,2013,-0.23118283921974503,-0.3275492335672058,ssm_fpar
wheat,IN,IN-10-0162,2014,-0.023362602590937104,-0.3754753929590626,ssm_fpar
wheat,IN,IN-10-0162,2015,-0.2799014327986426,-0.7732911473049525,ssm_fpar
wheat,IN,IN-10-0162,2016,-0.8472701296148497,-0.32966140315808673,ssm_fpar
wheat,IN,IN-10-0162,2017,-0.5464628535746089,-0.22627091655422166,ssm_fpar
wheat,IN,IN-10-0163,2003,-1.576167165380233,-2.031920221760901,ssm_fpar
wheat,IN,IN-10-0163,2004,0.2889111828875679,-1.2629159090127502,ssm_fpar
wheat,IN,IN-10-0163,2005,0.3815446589988203,-0.5584020642791341,ssm_fpar
wheat,IN,IN-10-0163,2006,-0.14804601225696362,-0.7902954017300124,ssm_fpar
wheat,IN,IN-10-0163,2007,0.11400918009974517,-1.0408550110815735,ssm_fpar
wheat,IN,IN-10-0163,2008,-0.2986235137233152,-0.8578864401612736,ssm_fpar
wheat,IN,IN-10-0163,2009,-0.5844219482542197,-0.9562387684251378,ssm_fpar
wheat,IN,IN-10-0163,2010,-1.0077679078308153,-1.134724082121258,ssm_fpar
wheat,IN,IN-10-0163,2011,-0.16069500912634985,-0.008860874248139824,ssm_fpar
wheat,IN,IN-10-0163,2012,-0.20288821994937506,-0.3432476171185491,ssm_fpar
wheat,IN,IN-10-0163,2013,-0.10947617863840972,0.09989652140518743,ssm_fpar
wheat,IN,IN-10-0163,2014,0.3149392959392965,0.37127324880237556,ssm_fpar
wheat,IN,IN-10-0163,2015,-0.13186170081952955,0.23275317045516725,ssm_fpar
wheat,IN,IN-10-0163,2016,-1.5078612098808466,-0.24611037726124224,ssm_fpar
wheat,IN,IN-10-0163,2017,-0.8606422329784942,0.2042544590347733,ssm_fpar
wheat,IN,IN-10-0164,2003,-1.5688733764587661,-1.950886394923784,ssm_fpar
wheat,IN,IN-10-0164,2004,-0.9401292101260721,-1.6860739382286754,ssm_fpar
wheat,IN,IN-10-0164,2005,-0.8854654898847387,-1.1285438910879197,ssm_fpar
wheat,IN,IN-10-0164,2006,-0.9271553704405836,-0.8291921972731581,ssm_fpar
wheat,IN,IN-10-0164,2007,-0.0089780148184156,-0.37893210997770477,ssm_fpar
wheat,IN,IN-10-0164,2008,-0.29241255486960566,-0.6383674513104847,ssm_fpar
wheat,IN,IN-10-0164,2009,-0.7544062682924242,-1.19537375344841,ssm_fpar
wheat,IN,IN-10-0164,2010,-1.4830143605575983,-1.2760374671501886,ssm_fpar
wheat,IN,IN-10-0164,2011,-0.7602824667564095,-0.19400124111348976,ssm_fpar
wheat,IN,IN-10-0164,2012,-0.2814417398782434,-0.321815971602942,ssm_fpar
wheat,IN,IN-10-0164,2013,-0.41451263430813245,-0.32040535172867285,ssm_fpar
wheat,IN,IN-10-0164,2014,0.0880246745353638,-0.004154152489413443,ssm_fpar
wheat,IN,IN-10-0164,2015,-0.029977044945073313,-0.14805134619896024,ssm_fpar
wheat,IN,IN-10-0164,2016,-0.9092197898461288,-0.5128502155667489,ssm_fpar
wheat,IN,IN-10-0164,2017,-0.6018384928069844,0.051348851276638664,ssm_fpar
wheat,IN,IN-10-0519,2003,-1.1001584000079094,0.08247327097786802,ssm_fpar
wheat,IN,IN-10-0519,2004,0.42786489789035664,0.4428237994549952,ssm_fpar
wheat,IN,IN-10-0519,2005,-0.13598054685472372,0.31607052550459763,ssm_fpar
wheat,IN,IN-10-0519,2006,-0.40897438810375286,0.08399562311941096,ssm_fpar
wheat,IN,IN-10-0519,2007,-0.5651935805388778,0.21884948644684288,ssm_fpar
wheat,IN,IN-10-0519,2008,-0.9378733095933725,-0.1587078111897767,ssm_fpar
wheat,IN,IN-10-0519,2009,-0.49004754875672407,0.2691569397848746,ssm_fpar
wheat,IN,IN-10-0519,2010,-0.8970698391325724,0.8231534539732323,ssm_fpar
wheat,IN,IN-10-0519,2011,-0.5005010703676855,1.254942800835715,ssm_fpar
wheat,IN,IN-10-0519,2012,-0.5200928941929376,0.6616723947021721,ssm_fpar
wheat,IN,IN-10-0519,2013,-0.41770613617184943,0.9212474013690413,ssm_fpar
wheat,IN,IN-10-0519,2014,-0.026127258847493708,1.1574703641765973,ssm_fpar
wheat,IN,IN-10-0519,2015,-0.6873094786830246,0.9797462265512576,ssm_fpar
wheat,IN,IN-10-0519,2016,-1.7450470803180815,0.49504466787002216,ssm_fpar
wheat,IN,IN-10-0519,2017,-1.2272802197589856,0.8961914404338769,ssm_fpar
wheat,IN,IN-10-0536,2003,-1.0833171104826453,-1.1557893747220647,ssm_fpar
wheat,IN,IN-10-0536,2004,0.23454784617274446,0.06291314093902668,ssm_fpar
wheat,IN,IN-10-0536,2005,0.14804995703580678,0.28502184738839903,ssm_fpar
wheat,IN,IN-10-0536,2006,-0.020777629158521105,0.04166037448591526,ssm_fpar
wheat,IN,IN-10-0536,2007,0.18938334862519138,0.14338938078851068,ssm_fpar
wheat,IN,IN-10-0536,2008,-0.2604350002157332,0.18817360733777538,ssm_fpar
wheat,IN,IN-10-0536,2009,-0.2907237301274987,0.16218296301296636,ssm_fpar
wheat,IN,IN-10-0536,2010,-0.4522439854932585,0.33061076113175086,ssm_fpar
wheat,IN,IN-10-0536,2011,-0.2514271591221472,0.6351886243131605,ssm_fpar
wheat,IN,IN-10-0536,2012,0.3267760054222875,0.6232461639000272,ssm_fpar
wheat,IN,IN-10-0536,2013,0.5169207007070421,1.014316619783891,ssm_fpar
wheat,IN,IN-10-0536,2014,1.243670038493518,1.3924744783570777,ssm_fpar
wheat,IN,IN-10-0536,2015,1.014550390765406,1.2365757350545914,ssm_fpar
wheat,IN,IN-10-0536,2016,-0.5136502931531789,0.819943299986682,ssm_fpar
wheat,IN,IN-10-0536,2017,-0.25173020691537185,1.0341179411112191,ssm_fpar
wheat,IN,IN-10-0537,2003,-1.410874706157087,-0.2696439860548554,ssm_fpar
wheat,IN,IN-10-0537,2004,1.0851877429147792,0.3142538018127482,ssm_fpar
wheat,IN,IN-10-0537,2005,0.5950553344588758,0.04384183956947865,ssm_fpar
wheat,IN,IN-10-0537,2006,0.06943811565865844,-0.11128444700063551,ssm_fpar
wheat,IN,IN-10-0537,2007,0.12132322874999193,0.06256397760380317,ssm_fpar
wheat,IN,IN-10-0537,2008,-0.45651552793811806,0.14820246307088691,ssm_fpar
wheat,IN,IN-10-0537,2009,-0.28709531404489114,0.002661515814009665,ssm_fpar
wheat,IN,IN-10-0537,2010,-1.083207444074269,0.3106864268755581,ssm_fpar
wheat,IN,IN-10-0537,2011,-0.005354374852446106,0.9965549495085959,ssm_fpar
wheat,IN,IN-10-0537,2012,-0.22678375529006467,0.40106225303998594,ssm_fpar
wheat,IN,IN-10-0537,2013,-0.21098357794578299,0.6168607722604538,ssm_fpar
wheat,IN,IN-10-0537,2014,0.27959120892935085,0.8929581879497718,ssm_fpar
wheat,IN,IN-10-0537,2015,-0.4284151235335691,0.7641169172547821,ssm_fpar
wheat,IN,IN-10-0537,2016,-1.8227202905665392,0.43270074860552327,ssm_fpar
wheat,IN,IN-10-0537,2017,-1.298156853174934,0.5747237409664924,ssm_fpar
wheat,IN,IN-10-0538,2003,-1.8970513473316815,-2.273953262466467,ssm_fpar
wheat,IN,IN-10-0538,2004,-0.8321484118534828,-1.8969127265659762,ssm_fpar
wheat,IN,IN-10-0538,2005,-0.7227189989996688,-1.8045310913343162,ssm_fpar
wheat,IN,IN-10-0538,2006,-1.0754046330401392,-0.9931383496908502,ssm_fpar
wheat,IN,IN-10-0538,2007,-0.15824188142969892,-0.26368725955605377,ssm_fpar
wheat,IN,IN-10-0538,2008,-0.5247636064120198,-0.43000073938651767,ssm_fpar
wheat,IN,IN-10-0538,2009,-1.0690702224691058,-1.428342513971756,ssm_fpar
wheat,IN,IN-10-0538,2010,-1.806044453371838,-1.832135944616561,ssm_fpar
wheat,IN,IN-10-0538,2011,-0.8072727527949989,-0.12124258532101467,ssm_fpar
wheat,IN,IN-10-0538,2012,-0.5295963009121325,-0.4403359741089261,ssm_fpar
wheat,IN,IN-10-0538,2013,-0.5448807119722386,-0.3567392883913262,ssm_fpar
wheat,IN,IN-10-0538,2014,-0.2695464663375852,-0.32371542014652394,ssm_fpar
wheat,IN,IN-10-0538,2015,-0.27878581516477546,-0.3715368305378192,ssm_fpar
wheat,IN,IN-10-0538,2016,-1.3164543476589727,-0.897376813374295,ssm_fpar
wheat,IN,IN-10-0538,2017,-1.0047524523853797,0.04176780935829018,ssm_fpar
wheat,IN,IN-10-0539,2003,-1.3205312859870175,-0.6394509319983788,ssm_fpar
wheat,IN,IN-10-0539,2004,-0.3496233793074691,-0.3245399827920004,ssm_fpar
wheat,IN,IN-10-0539,2005,-0.38795730883995927,-0.2233073255997731,ssm_fpar
wheat,IN,IN-10-0539,2006,-1.1229845879281553,-0.5307655177095459,ssm_fpar
wheat,IN,IN-10-0539,2007,-0.7118531512192819,0.004750049732973978,ssm_fpar
wheat,IN,IN-10-0539,2008,-1.1755763033067532,-0.21899811286883827,ssm_fpar
wheat,IN,IN-10-0539,2009,-1.1382283127034394,0.1278220677814575,ssm_fpar
wheat,IN,IN-10-0539,2010,-2.192120679626526,-0.2874717287766577,ssm_fpar
wheat,IN,IN-10-0539,2011,-1.3526647528546234,0.34995333555404157,ssm_fpar
wheat,IN,IN-10-0539,2012,-1.5678905207517264,-0.10604108805440056,ssm_fpar
wheat,IN,IN-10-0539,2013,-1.400004082072151,0.09365670401768,ssm_fpar
wheat,IN,IN-10-0539,2014,-1.6773892040306237,0.3739510629963063,ssm_fpar
wheat,IN,IN-10-0539,2015,-1.2096294220252173,0.42057027716572287,ssm_fpar
wheat,IN,IN-10-0539,2016,-2.2081924468923693,0.4316328459741196,ssm_fpar
wheat,IN,IN-10-0539,2017,-2.178499524807413,0.4936840052113982,ssm_fpar
wheat,IN,IN-10-1020,2003,-1.3529440815023648,-0.6418048300521,ssm_fpar
wheat,IN,IN-10-1020,2004,0.6112592363009897,0.11924124452491781,ssm_fpar
wheat,IN,IN-10-1020,2005,0.197714381446887,-0.06033184725398622,ssm_fpar
wheat,IN,IN-10-1020,2006,-0.1962019112282071,-0.18283231178144319,ssm_fpar
wheat,IN,IN-10-1020,2007,-0.1827305882853643,-0.18902163477893313,ssm_fpar
wheat,IN,IN-10-1020,2008,-0.6405657392045355,-0.18043329108132913,ssm_fpar
wheat,IN,IN-10-1020,2009,-0.37857840378577123,-0.004830992185374512,ssm_fpar
wheat,IN,IN-10-1020,2010,-0.8503138446747506,0.4133732150653703,ssm_fpar
wheat,IN,IN-10-1020,2011,-0.27288633701804416,1.193265514954301,ssm_fpar
wheat,IN,IN-10-1020,2012,-0.29308022976764775,0.32522612532834877,ssm_fpar
wheat,IN,IN-10-1020,2013,-0.2424636973206983,0.7615621159897161,ssm_fpar
wheat,IN,IN-10-1020,2014,0.2717465506466038,1.009563701030046,ssm_fpar
wheat,IN,IN-10-1020,2015,-0.3875693195052639,0.8440463136038814,ssm_fpar
wheat,IN,IN-10-1020,2016,-1.7047937058572353,0.35368347432287645,ssm_fpar
wheat,IN,IN-10-1020,2017,-1.0458374264655466,0.8877626375217514,ssm_fpar
wheat,IN,IN-10-2012,2008,0.0404583580428016,-0.3374901823080062,ssm_fpar
wheat,IN,IN-10-2012,2009,-0.5121006279577238,-0.7528742241589189,ssm_fpar
wheat,IN,IN-10-2012,2010,-1.250346560515221,-0.45321472943480967,ssm_fpar
wheat,IN,IN-10-2012,2011,-0.5599308547517928,-0.3445669173513068,ssm_fpar
wheat,IN,IN-10-2012,2012,0.1572117775272872,0.08027783936089203,ssm_fpar
wheat,IN,IN-10-2012,2013,0.04949144455541337,0.15012017554277127,ssm_fpar
wheat,IN,IN-10-2012,2014,0.9031607616263766,0.8235907139037935,ssm_fpar
wheat,IN,IN-10-2012,2015,0.5949009082019825,0.19218200242606376,ssm_fpar
wheat,IN,IN-10-2012,2016,-0.587461648557628,-0.5718120850489024,ssm_fpar
wheat,IN,IN-10-2012,2017,-0.2582522803021359,0.5572918957493842,ssm_fpar
wheat,IN,IN-12-0189,2003,-0.37418701988215985,0.5338732422692096,ssm_fpar
wheat,IN,IN-12-0189,2004,0.7882728949489585,0.6089498054331636,ssm_fpar
wheat,IN,IN-12-0189,2005,0.1950490331921014,1.1780667035594994,ssm_fpar
wheat,IN,IN-12-0189,2006,-0.009448587431739425,0.47028791305442563,ssm_fpar
wheat,IN,IN-12-0189,2007,-0.14469809023512684,0.8134005162590885,ssm_fpar
wheat,IN,IN-12-0189,2008,-0.5989873880229302,0.022009461979915226,ssm_fpar
wheat,IN,IN-12-0189,2009,-0.34704407152704386,0.973187327592802,ssm_fpar
wheat,IN,IN-12-0189,2010,-1.0124116848905724,0.8691570663239531,ssm_fpar
wheat,IN,IN-12-0189,2011,-0.17886326205494027,0.8586209283901893,ssm_fpar
wheat,IN,IN-12-0189,2012,-0.4905503902609261,0.5689260180788075,ssm_fpar
wheat,IN,IN-12-0189,2013,-0.5926240631921826,0.9361641962238619,ssm_fpar
wheat,IN,IN-12-0189,2014,-0.4535562551694066,1.1726369451096934,ssm_fpar
wheat,IN,IN-12-0189,2015,-0.6980340741324785,1.2229862980479538,ssm_fpar
wheat,IN,IN-12-0189,2016,-1.5374514417509069,1.2331840161337322,ssm_fpar
wheat,IN,IN-12-0189,2017,-1.1606910306116354,1.478418078861697,ssm_fpar
wheat,IN,IN-12-0190,2003,-0.4789821166219369,-0.2527498523739816,ssm_fpar
wheat,IN,IN-12-0190,2004,0.9164105494989956,-0.035499350853368666,ssm_fpar
wheat,IN,IN-12-0190,2005,0.09870350573292183,0.5595104258639151,ssm_fpar
wheat,IN,IN-12-0190,2006,0.03556217688512215,-0.11150092826846182,ssm_fpar
wheat,IN,IN-12-0190,2007,-0.15731262165156773,0.2616859187599576,ssm_fpar
wheat,IN,IN-12-0190,2008,-0.6086200786884219,-0.20261107178557,ssm_fpar
wheat,IN,IN-12-0190,2009,-0.2721190861250998,0.5073185648644294,ssm_fpar
wheat,IN,IN-12-0190,2010,-0.931883460112978,0.4404167211394446,ssm_fpar
wheat,IN,IN-12-0190,2011,-0.2264925754639646,0.22633232530771402,ssm_fpar
wheat,IN,IN-12-0190,2012,-0.5233207878973387,0.03233502756381964,ssm_fpar
wheat,IN,IN-12-0190,2013,-0.6364605105385022,0.07511129634841286,ssm_fpar
wheat,IN,IN-12-0190,2014,-0.45709015628087646,0.009006619376441882,ssm_fpar
wheat,IN,IN-12-0190,2015,-0.7749985471745731,0.5333016887481837,ssm_fpar
wheat,IN,IN-12-0190,2016,-1.589949276161841,0.49842188308310553,ssm_fpar
wheat,IN,IN-12-0190,2017,-1.2075788276182478,0.7604641315940469,ssm_fpar
wheat,IN,IN-12-0191,2003,-0.5870503925379387,0.537956841768158,ssm_fpar
wheat,IN,IN-12-0191,2004,1.4101595637294244,0.45897027595320733,ssm_fpar
wheat,IN,IN-12-0191,2005,0.4788481257517228,0.891860651199406,ssm_fpar
wheat,IN,IN-12-0191,2006,0.16884448633162524,0.4634674997107994,ssm_fpar
wheat,IN,IN-12-0191,2007,-0.21638090656630063,0.930209260306266,ssm_fpar
wheat,IN,IN-12-0191,2008,-0.720598245373899,0.04546195744489178,ssm_fpar
wheat,IN,IN-12-0191,2009,-0.07093554869758771,0.8596386947478206,ssm_fpar
wheat,IN,IN-12-0191,2010,-0.8191608742883151,0.8062748983488587,ssm_fpar
wheat,IN,IN-12-0191,2011,-0.22119277048666997,0.7402667337039057,ssm_fpar
wheat,IN,IN-12-0191,2012,-0.3823940490311952,0.4366796886329676,ssm_fpar
wheat,IN,IN-12-0191,2013,-0.45244232234805964,0.723687294670032,ssm_fpar
wheat,IN,IN-12-0191,2014,-0.17735645993935262,0.7344741139726594,ssm_fpar
wheat,IN,IN-12-0191,2015,-0.7881255031655301,0.941818941202224,ssm_fpar
wheat,IN,IN-12-0191,2016,-1.7008447632131427,0.6761731480137321,ssm_fpar
wheat,IN,IN-12-0191,2017,-1.235436659190406,1.0300036331445754,ssm_fpar
wheat,IN,IN-12-0192,2003,-0.6574837814486342,0.9733343180318234,ssm_fpar
wheat,IN,IN-12-0192,2004,1.314298932710744,1.0744507502257463,ssm_fpar
wheat,IN,IN-12-0192,2005,0.34326879762702717,1.2921306005635929,ssm_fpar
wheat,IN,IN-12-0192,2006,-0.0931133054124884,0.9538967125815172,ssm_fpar
wheat,IN,IN-12-0192,2007,-0.32271605875657383,1.3867856065287232,ssm_fpar
wheat,IN,IN-12-0192,2008,-0.8265416015295453,0.4540382909397317,ssm_fpar
wheat,IN,IN-12-0192,2009,-0.10621454838936126,1.1793711582462505,ssm_fpar
wheat,IN,IN-12-0192,2010,-0.8198300173370554,1.2045769419943382,ssm_fpar
wheat,IN,IN-12-0192,2011,-0.30386633844663125,1.2494425260424127,ssm_fpar
wheat,IN,IN-12-0192,2012,-0.4141313963911097,0.8315828917277954,ssm_fpar
wheat,IN,IN-12-0192,2013,-0.4770734193432033,1.1456864190342513,ssm_fpar
wheat,IN,IN-12-0192,2014,-0.1790246795396793,1.4903995088330921,ssm_fpar
wheat,IN,IN-12-0192,2015,-0.8600917813337695,1.5196136876694586,ssm_fpar
wheat,IN,IN-12-0192,2016,-1.854373886602411,1.2222014374712236,ssm_fpar
wheat,IN,IN-12-0192,2017,-1.340476830025087,1.7213399478000384,ssm_fpar
wheat,IN,IN-12-0193,2003,-0.6524272166281879,0.2020663688007533,ssm_fpar
wheat,IN,IN-12-0193,2004,1.5245565316176444,0.198049826567979,ssm_fpar
wheat,IN,IN-12-0193,2005,0.4947849529378828,0.5062563025638358,ssm_fpar
wheat,IN,IN-12-0193,2006,0.1397020286004426,-0.0671397265291693,ssm_fpar
wheat,IN,IN-12-0193,2007,-0.22150041479251065,0.5098980761501468,ssm_fpar
wheat,IN,IN-12-0193,2008,-0.7567240953795025,-0.518149351117558,ssm_fpar
wheat,IN,IN-12-0193,2009,-0.06485707683132536,0.23826413176267727,ssm_fpar
wheat,IN,IN-12-0193,2010,-0.8799168875817189,0.1527191146345649,ssm_fpar
wheat,IN,IN-12-0193,2011,-0.22499941831616402,0.2738345645989917,ssm_fpar
wheat,IN,IN-12-0193,2012,-0.36293911696209685,-0.06835365105794314,ssm_fpar
wheat,IN,IN-12-0193,2013,-0.3883800998412234,0.4314166332934697,ssm_fpar
wheat,IN,IN-12-0193,2014,-0.16961917228030826,0.45159711019120913,ssm_fpar
wheat,IN,IN-12-0193,2015,-0.8346078884137196,0.32727168529835926,ssm_fpar
wheat,IN,IN-12-0193,2016,-1.7825127146774857,0.14326842702802733,ssm_fpar
wheat,IN,IN-12-0193,2017,-1.3512977680278353,0.5545688693799918,ssm_fpar
wheat,IN,IN-12-0194,2003,-0.7242205735563786,1.2556106550696233,ssm_fpar
wheat,IN,IN-12-0194,2004,1.1692582100655704,1.503811189959981,ssm_fpar
wheat,IN,IN-12-0194,2005,0.16219960572252526,1.3528431212910879,ssm_fpar
wheat,IN,IN-12-0194,2006,-0.243313609269017,1.0923241039342815,ssm_fpar
wheat,IN,IN-12-0194,2007,-0.43841163845073716,1.8161904852328903,ssm_fpar
wheat,IN,IN-12-0194,2008,-0.9311595176211551,0.9124973681885085,ssm_fpar
wheat,IN,IN-12-0194,2009,-0.18960848292715543,1.2836960840696037,ssm_fpar
wheat,IN,IN-12-0194,2010,-0.8700377802311622,1.683948998495309,ssm_fpar
wheat,IN,IN-12-0194,2011,-0.4010294529911315,1.6376435918212928,ssm_fpar
wheat,IN,IN-12-0194,2012,-0.4650045019112202,1.3325700632059672,ssm_fpar
wheat,IN,IN-12-0194,2013,-0.5196511243355806,1.6085005153368175,ssm_fpar
wheat,IN,IN-12-0194,2014,-0.19529427842521818,1.9928087273492427,ssm_fpar
wheat,IN,IN-12-0194,2015,-0.895938240093674,1.8710459497227294,ssm_fpar
wheat,IN,IN-12-0194,2016,-1.9863217302807636,1.5561958477213433,ssm_fpar
wheat,IN,IN-12-0194,2017,-1.4721025690035594,2.0700792082751414,ssm_fpar
wheat,IN,IN-12-0195,2003,-0.9109625681153448,1.3324582251316304,ssm_fpar
wheat,IN,IN-12-0195,2004,1.0362716097588516,1.537448527604053,ssm_fpar
wheat,IN,IN-12-0195,2005,0.09265407271293417,1.507157444396216,ssm_fpar
wheat,IN,IN-12-0195,2006,-0.3163600149031586,1.2019002347051506,ssm_fpar
wheat,IN,IN-12-0195,2007,-0.48327167407084254,1.6513781961297187,ssm_fpar
wheat,IN,IN-12-0195,2008,-0.9407384920436114,1.217746430735079,ssm_fpar
wheat,IN,IN-12-0195,2009,-0.4046007505658776,1.3366051216762247,ssm_fpar
wheat,IN,IN-12-0195,2010,-1.0281014562159925,1.6825736123757669,ssm_fpar
wheat,IN,IN-12-0195,2011,-0.4893196075388208,1.8229326176217813,ssm_fpar
wheat,IN,IN-12-0195,2012,-0.5840729203180945,1.5896146937632212,ssm_fpar
wheat,IN,IN-12-0195,2013,-0.5515943737883651,1.6590772476712488,ssm_fpar
wheat,IN,IN-12-0195,2014,-0.251874630835116,2.0162073263199,ssm_fpar
wheat,IN,IN-12-0195,2015,-0.9183554859378179,1.713377965686382,ssm_fpar
wheat,IN,IN-12-0195,2016,-1.9602886593680935,1.5039556166122683,ssm_fpar
wheat,IN,IN-12-0195,2017,-1.529736346992432,2.0355323530463685,ssm_fpar
wheat,IN,IN-12-0196,2003,-0.9489295443543515,0.6675039595746589,ssm_fpar
wheat,IN,IN-12-0196,2004,0.6092604412216006,0.9133246167057879,ssm_fpar
wheat,IN,IN-12-0196,2005,-0.08723563896851622,0.7274268339901938,ssm_fpar
wheat,IN,IN-12-0196,2006,-0.4047083226572677,0.590810501581467,ssm_fpar
wheat,IN,IN-12-0196,2007,-0.5804677476126269,1.1241376206737224,ssm_fpar
wheat,IN,IN-12-0196,2008,-0.970636414185386,0.6077841370678988,ssm_fpar
wheat,IN,IN-12-0196,2009,-0.4753773130302992,0.8752561440286462,ssm_fpar
wheat,IN,IN-12-0196,2010,-0.9321920359535127,1.3766289090305808,ssm_fpar
wheat,IN,IN-12-0196,2011,-0.5034968157768025,1.4305128692699547,ssm_fpar
wheat,IN,IN-12-0196,2012,-0.5505079765466335,1.1247768581643536,ssm_fpar
wheat,IN,IN-12-0196,2013,-0.4768315871084778,1.3233841862818292,ssm_fpar
wheat,IN,IN-12-0196,2014,-0.12430540932262246,1.5944133618668903,ssm_fpar
wheat,IN,IN-12-0196,2015,-0.7983557466475245,1.35834671679863,ssm_fpar
wheat,IN,IN-12-0196,2016,-1.857548356953766,0.8449262052086277,ssm_fpar
wheat,IN,IN-12-0196,2017,-1.351489101380211,1.4306181554448787,ssm_fpar
wheat,IN,IN-12-0197,2003,-0.7219207219424344,0.2415085753793239,ssm_fpar
wheat,IN,IN-12-0197,2004,0.5805358007810021,0.4316554072973209,ssm_fpar
wheat,IN,IN-12-0197,2005,-0.15628176617596257,0.22052654480460304,ssm_fpar
wheat,IN,IN-12-0197,2006,-0.4394453524565038,0.14678862015043354,ssm_fpar
wheat,IN,IN-12-0197,2007,-0.6179512392187508,0.606280048854659,ssm_fpar
wheat,IN,IN-12-0197,2008,-0.9629236685499872,-0.09515148939053322,ssm_fpar
wheat,IN,IN-12-0197,2009,-0.40934632438188495,0.44421454387788406,ssm_fpar
wheat,IN,IN-12-0197,2010,-0.7783415869484127,0.6754305044584394,ssm_fpar
wheat,IN,IN-12-0197,2011,-0.5117308750159544,0.583786409625634,ssm_fpar
wheat,IN,IN-12-0197,2012,-0.5190647008801577,0.5153579163642081,ssm_fpar
wheat,IN,IN-12-0197,2013,-0.5192655902737209,0.7604641315940469,ssm_fpar
wheat,IN,IN-12-0197,2014,-0.19396708094778484,0.8806859024784418,ssm_fpar
wheat,IN,IN-12-0197,2015,-0.7563189133272754,0.8836113540531992,ssm_fpar
wheat,IN,IN-12-0197,2016,-1.8280183761273974,0.49749686883196564,ssm_fpar
wheat,IN,IN-12-0197,2017,-1.3255364786999015,1.089355580742515,ssm_fpar
wheat,IN,IN-12-0198,2003,-0.7100704963873534,0.638313367576176,ssm_fpar
wheat,IN,IN-12-0198,2004,0.9457019065410688,0.9001381499996152,ssm_fpar
wheat,IN,IN-12-0198,2005,0.017347673065290916,0.6433401557255067,ssm_fpar
wheat,IN,IN-12-0198,2006,-0.31015444321222835,0.49028789936658107,ssm_fpar
wheat,IN,IN-12-0198,2007,-0.5126970896051589,1.1030672249164784,ssm_fpar
wheat,IN,IN-12-0198,2008,-0.9632426514052576,0.21596539729795236,ssm_fpar
wheat,IN,IN-12-0198,2009,-0.2819371476277958,0.7650014643706629,ssm_fpar
wheat,IN,IN-12-0198,2010,-0.8607052998502015,1.2425056028352914,ssm_fpar
wheat,IN,IN-12-0198,2011,-0.4821299841636495,1.1090472289709508,ssm_fpar
wheat,IN,IN-12-0198,2012,-0.4850122965650305,0.7768718538902532,ssm_fpar
wheat,IN,IN-12-0198,2013,-0.590811878780568,1.1003216372238833,ssm_fpar
wheat,IN,IN-12-0198,2014,-0.22377993208518673,1.3257775666511527,ssm_fpar
wheat,IN,IN-12-0198,2015,-0.9031883955485718,1.1998471542940758,ssm_fpar
wheat,IN,IN-12-0198,2016,-2.003334202686359,0.9362462943721639,ssm_fpar
wheat,IN,IN-12-0198,2017,-1.58038931086402,1.585826271576119,ssm_fpar
wheat,IN,IN-12-0199,2003,-0.4227983177580628,0.196807073681782,ssm_fpar
wheat,IN,IN-12-0199,2004,0.4779814004344004,0.3808322665718853,ssm_fpar
wheat,IN,IN-12-0199,2005,0.01727819144988286,0.7231777847877903,ssm_fpar
wheat,IN,IN-12-0199,2006,-0.2621943549443015,-0.021037542683058814,ssm_fpar
wheat,IN,IN-12-0199,2007,-0.4322421827083315,0.4839901566770516,ssm_fpar
wheat,IN,IN-12-0199,2008,-0.6629587385213057,-0.002635023394045704,ssm_fpar
wheat,IN,IN-12-0199,2009,-0.25581238190928235,0.5310229951051217,ssm_fpar
wheat,IN,IN-12-0199,2010,-0.7993371495363076,0.6892906773434572,ssm_fpar
wheat,IN,IN-12-0199,2011,-0.41131505903835414,0.5893665768967578,ssm_fpar
wheat,IN,IN-12-0199,2012,-0.5298157272610051,0.07114802390651735,ssm_fpar
wheat,IN,IN-12-0199,2013,-0.5978729479462,0.34072575436579666,ssm_fpar
wheat,IN,IN-12-0199,2014,-0.33463542049903555,0.7008646361443492,ssm_fpar
wheat,IN,IN-12-0199,2015,-0.71781437666194,0.9686600220709443,ssm_fpar
wheat,IN,IN-12-0199,2016,-1.7373306936125248,0.5375281766273854,ssm_fpar
wheat,IN,IN-12-0199,2017,-1.3862502789143047,1.0319370132020182,ssm_fpar
wheat,IN,IN-12-0200,2003,-0.5150727821775845,0.27159409986469085,ssm_fpar
wheat,IN,IN-12-0200,2004,0.8121085509852887,0.48873994191379017,ssm_fpar
wheat,IN,IN-12-0200,2005,0.11706826650944599,0.43819505750780874,ssm_fpar
wheat,IN,IN-12-0200,2006,-0.23679047135522985,-0.002964669394114623,ssm_fpar
wheat,IN,IN-12-0200,2007,-0.4191350399582142,0.5686226936224672,ssm_fpar
wheat,IN,IN-12-0200,2008,-0.7639325730979261,-0.16252649419926182,ssm_fpar
wheat,IN,IN-12-0200,2009,-0.17629614153759185,0.40910160453975497,ssm_fpar
wheat,IN,IN-12-0200,2010,-0.7565407187622208,0.9779596741527322,ssm_fpar
wheat,IN,IN-12-0200,2011,-0.37344856414792416,0.7571394699393617,ssm_fpar
wheat,IN,IN-12-0200,2012,-0.4644712600842861,0.05023618411508592,ssm_fpar
wheat,IN,IN-12-0200,2013,-0.5743823718043528,0.4319136091072586,ssm_fpar
wheat,IN,IN-12-0200,2014,-0.24378828804618874,0.7261966151724503,ssm_fpar
wheat,IN,IN-12-0200,2015,-0.7933905355394049,1.000494675807624,ssm_fpar
wheat,IN,IN-12-0200,2016,-1.8225730816557801,0.3701908424632065,ssm_fpar
wheat,IN,IN-12-0200,2017,-1.4288904386058463,1.1498318342798428,ssm_fpar
wheat,IN,IN-12-0201,2003,-0.3726908537665388,0.435579824127035,ssm_fpar
wheat,IN,IN-12-0201,2004,1.0267512680909716,0.8461796120529941,ssm_fpar
wheat,IN,IN-12-0201,2005,0.3288301360962662,0.9567689513384258,ssm_fpar
wheat,IN,IN-12-0201,2006,0.06241924868355717,0.2759691164549475,ssm_fpar
wheat,IN,IN-12-0201,2007,-0.19325722179692995,0.8531454205905689,ssm_fpar
wheat,IN,IN-12-0201,2008,-0.561507046515361,0.09147702951532158,ssm_fpar
wheat,IN,IN-12-0201,2009,-0.004807010455349793,0.7422872255370301,ssm_fpar
wheat,IN,IN-12-0201,2010,-0.7325589965851859,0.8060467783031768,ssm_fpar
wheat,IN,IN-12-0201,2011,-0.15636865123955515,0.7576364457531602,ssm_fpar
wheat,IN,IN-12-0201,2012,-0.39747222870731447,0.17026806386256024,ssm_fpar
wheat,IN,IN-12-0201,2013,-0.5789258180617649,0.5685982521890018,ssm_fpar
wheat,IN,IN-12-0201,2014,-0.2638100729278538,0.9824650450548096,ssm_fpar
wheat,IN,IN-12-0201,2015,-0.7803547940483856,1.1398352879925866,ssm_fpar
wheat,IN,IN-12-0201,2016,-1.7955647628292886,0.6412952224589172,ssm_fpar
wheat,IN,IN-12-0201,2017,-1.2655404273782827,1.1671282220287016,ssm_fpar
wheat,IN,IN-12-0202,2003,-0.5030790909687977,0.8481900766313601,ssm_fpar
wheat,IN,IN-12-0202,2004,0.36279253257667216,0.8762187604851153,ssm_fpar
wheat,IN,IN-12-0202,2005,-0.1653708020372783,1.0510464539512483,ssm_fpar
wheat,IN,IN-12-0202,2006,-0.38548119899080285,0.4714009383322228,ssm_fpar
wheat,IN,IN-12-0202,2007,-0.5465152202332774,0.9783914728106202,ssm_fpar
wheat,IN,IN-12-0202,2008,-0.7683796613532493,0.5266009757581888,ssm_fpar
wheat,IN,IN-12-0202,2009,-0.4070008855768755,0.8474756347300698,ssm_fpar
wheat,IN,IN-12-0202,2010,-0.8190574952811122,1.119835928383852,ssm_fpar
wheat,IN,IN-12-0202,2011,-0.5433797665454124,1.0612065698316975,ssm_fpar
wheat,IN,IN-12-0202,2012,-0.6028224699681576,0.6195009842490553,ssm_fpar
wheat,IN,IN-12-0202,2013,-0.6305988733299394,0.8336906662557113,ssm_fpar
wheat,IN,IN-12-0202,2014,-0.43721291192438827,1.0579953414964223,ssm_fpar
wheat,IN,IN-12-0202,2015,-0.7236388973521032,1.177562834008058,ssm_fpar
wheat,IN,IN-12-0202,2016,-1.868164589242866,0.9854907691771123,ssm_fpar
wheat,IN,IN-12-0202,2017,-1.3463983484513162,1.2812922776342606,ssm_fpar
wheat,IN,IN-12-0203,2003,-0.3771614460946067,0.7858139269051462,ssm_fpar
wheat,IN,IN-12-0203,2004,0.180962402009885,0.8074760202220026,ssm_fpar
wheat,IN,IN-12-0203,2005,-0.10813922770348249,1.2356201018648234,ssm_fpar
wheat,IN,IN-12-0203,2006,-0.3383919041888623,0.610408233825648,ssm_fpar
wheat,IN,IN-12-0203,2007,-0.43654979064884447,1.0707521582421564,ssm_fpar
wheat,IN,IN-12-0203,2008,-0.6049199823290171,0.7357089883015379,ssm_fpar
wheat,IN,IN-12-0203,2009,-0.34330809658795625,0.9199205806952109,ssm_fpar
wheat,IN,IN-12-0203,2010,-0.7387259024757581,0.9877839665279495,ssm_fpar
wheat,IN,IN-12-0203,2011,-0.49953056388154243,1.1594536119206367,ssm_fpar
wheat,IN,IN-12-0203,2012,-0.5757487177015167,0.7528389415272745,ssm_fpar
wheat,IN,IN-12-0203,2013,-0.5466335161384739,0.8699553074256913,ssm_fpar
wheat,IN,IN-12-0203,2014,-0.43718843620349546,1.0568554575005338,ssm_fpar
wheat,IN,IN-12-0203,2015,-0.6300142369510796,1.1792721228275331,ssm_fpar
wheat,IN,IN-12-0203,2016,-1.7096800273936754,1.1442859566388155,ssm_fpar
wheat,IN,IN-12-0203,2017,-1.133937648755784,1.313225144750105,ssm_fpar
wheat,IN,IN-12-0204,2003,-0.4255374968269595,0.7557488150455415,ssm_fpar
wheat,IN,IN-12-0204,2004,0.33236274328408755,0.9369764038590134,ssm_fpar
wheat,IN,IN-12-0204,2005,-0.011629175347147375,1.342501147472123,ssm_fpar
wheat,IN,IN-12-0204,2006,-0.29861701212922076,0.5246531815220388,ssm_fpar
wheat,IN,IN-12-0204,2007,-0.39709568749497776,1.010639124102514,ssm_fpar
wheat,IN,IN-12-0204,2008,-0.6330074848031717,0.47950797380159715,ssm_fpar
wheat,IN,IN-12-0204,2009,-0.28374602051008063,0.9727436215698919,ssm_fpar
wheat,IN,IN-12-0204,2010,-0.8348071645932185,1.093431659800399,ssm_fpar
wheat,IN,IN-12-0204,2011,-0.39373033624121306,1.09783111782413,ssm_fpar
wheat,IN,IN-12-0204,2012,-0.5562316157192192,0.4643693259353165,ssm_fpar
wheat,IN,IN-12-0204,2013,-0.6333064603631993,0.8682922156013346,ssm_fpar
wheat,IN,IN-12-0204,2014,-0.4040691808745252,1.3834649899597655,ssm_fpar
wheat,IN,IN-12-0204,2015,-0.7274463898262289,1.524428137304757,ssm_fpar
wheat,IN,IN-12-0204,2016,-1.720461056368784,1.0543780093435764,ssm_fpar
wheat,IN,IN-12-0204,2017,-1.3728091211209348,1.4324982657114338,ssm_fpar
wheat,IN,IN-12-0205,2003,0.0076142155182182475,-0.10062798200981975,ssm_fpar
wheat,IN,IN-12-0205,2004,0.8901793963272598,0.0661995736849514,ssm_fpar
wheat,IN,IN-12-0205,2005,0.3956790727674654,0.20352819929752886,ssm_fpar
wheat,IN,IN-12-0205,2006,0.25888960082421897,-0.41217944275704416,ssm_fpar
wheat,IN,IN-12-0205,2007,0.18452969360799287,-0.1445108299798612,ssm_fpar
wheat,IN,IN-12-0205,2008,-0.185311329438887,-0.2696106812444153,ssm_fpar
wheat,IN,IN-12-0205,2009,0.16185711367441424,0.008583325979293285,ssm_fpar
wheat,IN,IN-12-0205,2010,-0.5535753679646765,-0.058909946718116425,ssm_fpar
wheat,IN,IN-12-0205,2011,0.13744271627464352,0.050461976405190546,ssm_fpar
wheat,IN,IN-12-0205,2012,-0.10131782726519617,-0.26512097792788675,ssm_fpar
wheat,IN,IN-12-0205,2013,-0.22882267205651532,-0.16811427144051863,ssm_fpar
wheat,IN,IN-12-0205,2014,-0.06189321423794593,0.14389808490920375,ssm_fpar
wheat,IN,IN-12-0205,2015,-0.2916496848670521,0.2658189383001983,ssm_fpar
wheat,IN,IN-12-0205,2016,-1.4598391217156466,0.07772840983944987,ssm_fpar
wheat,IN,IN-12-0205,2017,-0.866179131702377,0.2214263118607387,ssm_fpar
wheat,IN,IN-12-0206,2003,-0.6348233833650064,0.24930727276497844,ssm_fpar
wheat,IN,IN-12-0206,2004,0.503750086306064,0.38053144892923885,ssm_fpar
wheat,IN,IN-12-0206,2005,-0.18529437261607784,0.2505481455409017,ssm_fpar
wheat,IN,IN-12-0206,2006,-0.4056129313173249,-0.04662208319029661,ssm_fpar
wheat,IN,IN-12-0206,2007,-0.5878660925447081,0.4585560249911419,ssm_fpar
wheat,IN,IN-12-0206,2008,-0.9375918256534921,-0.14271827913429097,ssm_fpar
wheat,IN,IN-12-0206,2009,-0.4386196708004828,0.38925516056604303,ssm_fpar
wheat,IN,IN-12-0206,2010,-0.7643565228454684,0.7178307511897174,ssm_fpar
wheat,IN,IN-12-0206,2011,-0.5433136586356604,0.5443492166744428,ssm_fpar
wheat,IN,IN-12-0206,2012,-0.54139048310237,0.41514051871592655,ssm_fpar
wheat,IN,IN-12-0206,2013,-0.529221131207517,0.6181924275035364,ssm_fpar
wheat,IN,IN-12-0206,2014,-0.26487453805065236,0.8934104887624708,ssm_fpar
wheat,IN,IN-12-0206,2015,-0.701231513909975,0.7207787640876762,ssm_fpar
wheat,IN,IN-12-0206,2016,-1.8300200255066932,0.282765715068539,ssm_fpar
wheat,IN,IN-12-0206,2017,-1.3005677316001094,0.8656751021102976,ssm_fpar
wheat,IN,IN-12-0207,2003,-0.8026896415305765,0.09350629519635192,ssm_fpar
wheat,IN,IN-12-0207,2004,0.4836071839595886,0.44589912267671755,ssm_fpar
wheat,IN,IN-12-0207,2005,-0.1921343310160168,0.22385810019693034,ssm_fpar
wheat,IN,IN-12-0207,2006,-0.4614823210736085,0.11787252425086772,ssm_fpar
wheat,IN,IN-12-0207,2007,-0.6426689303562311,0.5628043790509131,ssm_fpar
wheat,IN,IN-12-0207,2008,-0.9802536400453398,-0.08763856876538745,ssm_fpar
wheat,IN,IN-12-0207,2009,-0.4472957092308412,0.47285238345800545,ssm_fpar
wheat,IN,IN-12-0207,2010,-0.8014409859557495,0.7112804470210505,ssm_fpar
wheat,IN,IN-12-0207,2011,-0.5793864619836654,0.827531425022487,ssm_fpar
wheat,IN,IN-12-0207,2012,-0.5207483885091119,0.5864787275273302,ssm_fpar
wheat,IN,IN-12-0207,2013,-0.46767520150338854,0.8448058781515652,ssm_fpar
wheat,IN,IN-12-0207,2014,-0.11894267002228423,1.0653052102127827,ssm_fpar
wheat,IN,IN-12-0207,2015,-0.6964831820867933,0.9555443728514729,ssm_fpar
wheat,IN,IN-12-0207,2016,-1.6823439873539239,0.6385277001465618,ssm_fpar
wheat,IN,IN-12-0207,2017,-1.2277768492774863,1.1361552854975245,ssm_fpar
wheat,IN,IN-12-0209,2003,-0.4296827878178802,0.32658732516133454,ssm_fpar
wheat,IN,IN-12-0209,2004,-0.030774000031702328,0.5306695343750084,ssm_fpar
wheat,IN,IN-12-0209,2005,-0.3686358293086703,0.30821488763658705,ssm_fpar
wheat,IN,IN-12-0209,2006,-0.5055882217955698,0.08749746278445568,ssm_fpar
wheat,IN,IN-12-0209,2007,-0.633183676790149,0.35017142834495474,ssm_fpar
wheat,IN,IN-12-0209,2008,-0.8556932915095193,-0.11850245890110254,ssm_fpar
wheat,IN,IN-12-0209,2009,-0.5298577514591387,0.44444015710987134,ssm_fpar
wheat,IN,IN-12-0209,2010,-0.6874461721497755,0.8258543666647269,ssm_fpar
wheat,IN,IN-12-0209,2011,-0.8182826323786005,0.548462897937656,ssm_fpar
wheat,IN,IN-12-0209,2012,-0.41894349388090385,0.5946459265252357,ssm_fpar
wheat,IN,IN-12-0209,2013,-0.4358173810651503,0.744107172275054,ssm_fpar
wheat,IN,IN-12-0209,2014,-0.09871687585434506,0.8202140358650719,ssm_fpar
wheat,IN,IN-12-0209,2015,-0.49133058074363,0.9087446680964626,ssm_fpar
wheat,IN,IN-12-0209,2016,-1.1712809599840657,0.3662952539909065,ssm_fpar
wheat,IN,IN-12-0209,2017,-0.7948643019471329,0.857237167234012,ssm_fpar
wheat,IN,IN-12-0210,2003,-0.0474404718072897,0.27361459169780544,ssm_fpar
wheat,IN,IN-12-0210,2004,0.4529765794460501,0.2565789125725784,ssm_fpar
wheat,IN,IN-12-0210,2005,-0.09956978593998797,-0.017141954210758845,ssm_fpar
wheat,IN,IN-12-0210,2006,-0.276172344849577,-0.04386333472583759,ssm_fpar
wheat,IN,IN-12-0210,2007,-0.29968819715600653,0.2812973489503651,ssm_fpar
wheat,IN,IN-12-0210,2008,-0.49633386251165745,-0.042445731584857614,ssm_fpar
wheat,IN,IN-12-0210,2009,-0.26547935297101866,0.08613626295146992,ssm_fpar
wheat,IN,IN-12-0210,2010,-0.5215822455791567,0.4480938380612046,ssm_fpar
wheat,IN,IN-12-0210,2011,-0.7350670142608077,0.3803666259292044,ssm_fpar
wheat,IN,IN-12-0210,2012,-0.08034843321459642,0.47307298306261325,ssm_fpar
wheat,IN,IN-12-0210,2013,-0.11269223100989736,0.5093716452755042,ssm_fpar
wheat,IN,IN-12-0210,2014,0.3392869521917527,0.6315756790842726,ssm_fpar
wheat,IN,IN-12-0210,2015,-0.11766974802823219,0.6559845239714978,ssm_fpar
wheat,IN,IN-12-0210,2016,-1.0127033567358752,0.17929509995569498,ssm_fpar
wheat,IN,IN-12-0210,2017,-0.4021743206464991,0.5501098745311498,ssm_fpar
wheat,IN,IN-12-0211,2003,-1.080275480391562,0.20982710586483272,ssm_fpar
wheat,IN,IN-12-0211,2004,-0.19159058426452352,0.3693598337253908,ssm_fpar
wheat,IN,IN-12-0211,2005,-0.4898410298401448,0.19879354447198697,ssm_fpar
wheat,IN,IN-12-0211,2006,-0.6598340324252253,-0.3281148781702556,ssm_fpar
wheat,IN,IN-12-0211,2007,-0.7823083448977218,-0.40133442956521825,ssm_fpar
wheat,IN,IN-12-0211,2008,-1.0499867368753506,-0.8033820435339337,ssm_fpar
wheat,IN,IN-12-0211,2009,-0.6314199022678303,0.4145206195023229,ssm_fpar
wheat,IN,IN-12-0211,2010,-0.7447776503890794,0.6191792168062944,ssm_fpar
wheat,IN,IN-12-0211,2011,-0.8543403792217429,0.4493950534237765,ssm_fpar
wheat,IN,IN-12-0211,2012,-0.531153705792504,0.6182993252015481,ssm_fpar
wheat,IN,IN-12-0211,2013,-0.3925639765996921,0.7247941424426664,ssm_fpar
wheat,IN,IN-12-0211,2014,0.05490794308169416,1.0079167244365417,ssm_fpar
wheat,IN,IN-12-0211,2015,-0.36181085707182636,0.7856533117709522,ssm_fpar
wheat,IN,IN-12-0211,2016,-1.0989431581763953,-0.24105449216730207,ssm_fpar
wheat,IN,IN-12-0211,2017,-0.93080532654988,0.6839280656888939,ssm_fpar
wheat,IN,IN-12-0212,2003,-0.7055199461745275,-0.40686625114377395,ssm_fpar
wheat,IN,IN-12-0212,2004,0.4821688768471883,0.10637376986063488,ssm_fpar
wheat,IN,IN-12-0212,2005,-0.001204002775625878,-9.687453420420123e-05,ssm_fpar
wheat,IN,IN-12-0212,2006,-0.11741627325924446,-0.09667061848590096,ssm_fpar
wheat,IN,IN-12-0212,2007,-0.28805303053533077,-0.06878482301240955,ssm_fpar
wheat,IN,IN-12-0212,2008,-0.48215659672788896,-0.6940643750211806,ssm_fpar
wheat,IN,IN-12-0212,2009,-0.07118153053246375,0.17800435949317508,ssm_fpar
wheat,IN,IN-12-0212,2010,-0.057633186555150484,0.6141313893277804,ssm_fpar
wheat,IN,IN-12-0212,2011,-0.23058062264504509,0.558450043673575,ssm_fpar
wheat,IN,IN-12-0212,2012,0.2567238654406569,0.6508837848183398,ssm_fpar
wheat,IN,IN-12-0212,2013,0.43525069188900484,0.7718543767631805,ssm_fpar
wheat,IN,IN-12-0212,2014,1.1888176606043717,1.1433598680389505,ssm_fpar
wheat,IN,IN-12-0212,2015,0.542377442652984,1.0272141762124396,ssm_fpar
wheat,IN,IN-12-0212,2016,-0.40211415895084884,0.0658009903084445,ssm_fpar
wheat,IN,IN-12-0212,2017,-0.03957500299886887,0.7715121966946684,ssm_fpar
wheat,IN,IN-12-0213,2003,-0.9203490725993573,0.798871024119174,ssm_fpar
wheat,IN,IN-12-0213,2004,0.011973210896349623,0.7818297046631467,ssm_fpar
wheat,IN,IN-12-0213,2005,-0.35208647874576154,0.6578401928045772,ssm_fpar
wheat,IN,IN-12-0213,2006,-0.5893860581310906,0.37907248336239263,ssm_fpar
wheat,IN,IN-12-0213,2007,-0.7470450085505731,0.5485305819072509,ssm_fpar
wheat,IN,IN-12-0213,2008,-1.073221056721342,-0.4725497834160263,ssm_fpar
wheat,IN,IN-12-0213,2009,-0.5720142393970731,0.6429421990524214,ssm_fpar
wheat,IN,IN-12-0213,2010,-0.7933843441510471,1.023273465093746,ssm_fpar
wheat,IN,IN-12-0213,2011,-0.8166652911009625,0.9723901608397786,ssm_fpar
wheat,IN,IN-12-0213,2012,-0.5478823073982559,0.886002854312249,ssm_fpar
wheat,IN,IN-12-0213,2013,-0.45485151844139415,0.9116174765837621,ssm_fpar
wheat,IN,IN-12-0213,2014,-0.09337105079473682,1.1867603334320374,ssm_fpar
wheat,IN,IN-12-0213,2015,-0.5272383390860611,1.2113371348364026,ssm_fpar
wheat,IN,IN-12-0213,2016,-1.3718808060637122,0.18269120580051212,ssm_fpar
wheat,IN,IN-12-0213,2017,-1.0682489653734466,1.0839559040569746,ssm_fpar
wheat,IN,IN-12-0214,2003,-0.7281489758300554,0.21298354241520137,ssm_fpar
wheat,IN,IN-12-0214,2004,-0.14399310205703814,0.3922332552282577,ssm_fpar
wheat,IN,IN-12-0214,2005,-0.3924556841631313,0.42229245816988564,ssm_fpar
wheat,IN,IN-12-0214,2006,-0.5679207915192296,-0.005349902618943182,ssm_fpar
wheat,IN,IN-12-0214,2007,-0.7094678699041457,0.052677820647909386,ssm_fpar
wheat,IN,IN-12-0214,2008,-0.9672889178106859,-0.6943877539870282,ssm_fpar
wheat,IN,IN-12-0214,2009,-0.5740160470943462,0.3282944652833596,ssm_fpar
wheat,IN,IN-12-0214,2010,-0.7044526630364094,0.9065110970998045,ssm_fpar
wheat,IN,IN-12-0214,2011,-0.8321229766192637,0.3859010438505137,ssm_fpar
wheat,IN,IN-12-0214,2012,-0.4590744928735323,0.5315870281850846,ssm_fpar
wheat,IN,IN-12-0214,2013,-0.38523939991156586,0.6806271292351843,ssm_fpar
wheat,IN,IN-12-0214,2014,-0.003961458809666206,1.150060581028936,ssm_fpar
wheat,IN,IN-12-0214,2015,-0.3886849092204032,0.8768128753293536,ssm_fpar
wheat,IN,IN-12-0214,2016,-1.0700938629260026,-0.4500561441870013,ssm_fpar
wheat,IN,IN-12-0214,2017,-0.8271862288882902,0.9041797603692756,ssm_fpar
wheat,IN,IN-12-0215,2003,-0.5096490925296238,0.09638662412471585,ssm_fpar
wheat,IN,IN-12-0215,2004,-0.25042693669454413,0.011202588167780414,ssm_fpar
wheat,IN,IN-12-0215,2005,-0.5252555469646053,0.039990836569219444,ssm_fpar
wheat,IN,IN-12-0215,2006,-0.6124460427352227,-0.31564330101067667,ssm_fpar
wheat,IN,IN-12-0215,2007,-0.7661913546263477,-0.04969794358637175,ssm_fpar
wheat,IN,IN-12-0215,2008,-1.0015798850933293,-0.7115569209411817,ssm_fpar
wheat,IN,IN-12-0215,2009,-0.6508998232325166,0.035230397374310815,ssm_fpar
wheat,IN,IN-12-0215,2010,-0.782895119505612,0.5014977434791904,ssm_fpar
wheat,IN,IN-12-0215,2011,-0.957856523322314,-0.10987651299816929,ssm_fpar
wheat,IN,IN-12-0215,2012,-0.5161173742390777,0.21623989339685978,ssm_fpar
wheat,IN,IN-12-0215,2013,-0.48686086823174035,0.2588883146833269,ssm_fpar
wheat,IN,IN-12-0215,2014,-0.10614799765809377,0.7241479216853334,ssm_fpar
wheat,IN,IN-12-0215,2015,-0.467834115708915,0.5733104352204015,ssm_fpar
wheat,IN,IN-12-0215,2016,-1.1227331480174436,-0.7373294724750677,ssm_fpar
wheat,IN,IN-12-0215,2017,-0.8618648584411454,0.3889242611591212,ssm_fpar
wheat,IN,IN-12-0216,2003,0.09919695569965391,0.05329449681533853,ssm_fpar
wheat,IN,IN-12-0216,2004,0.655668982596279,0.1474880211695959,ssm_fpar
wheat,IN,IN-12-0216,2005,0.06294874013305103,-0.1007993406312518,ssm_fpar
wheat,IN,IN-12-0216,2006,-0.25454652610069334,-0.09855072875245609,ssm_fpar
wheat,IN,IN-12-0216,2007,-0.11280085723327991,0.3355441704711792,ssm_fpar
wheat,IN,IN-12-0216,2008,-0.256628302193049,-0.07238711428311768,ssm_fpar
wheat,IN,IN-12-0216,2009,-0.15767958800774556,0.07423892518473016,ssm_fpar
wheat,IN,IN-12-0216,2010,-0.5207331000677975,0.31411843387355853,ssm_fpar
wheat,IN,IN-12-0216,2011,-0.7319238062792554,0.27623797222306434,ssm_fpar
wheat,IN,IN-12-0216,2012,0.0229186176825753,0.39833233293295006,ssm_fpar
wheat,IN,IN-12-0216,2013,-0.10614799765809377,0.5778076589779937,ssm_fpar
wheat,IN,IN-12-0216,2014,0.4407666887464749,0.5800036277693321,ssm_fpar
wheat,IN,IN-12-0216,2015,-0.08553917755014437,0.5668202945802658,ssm_fpar
wheat,IN,IN-12-0216,2016,-1.0744581488440108,0.2977464336724279,ssm_fpar
wheat,IN,IN-12-0216,2017,-0.29806460626477216,0.6099049014485691,ssm_fpar
wheat,IN,IN-12-0217,2003,0.30565602452093216,-0.11680283922014112,ssm_fpar
wheat,IN,IN-12-0217,2004,0.9251036462698076,-0.3031142461943694,ssm_fpar
wheat,IN,IN-12-0217,2005,0.3025855299547169,-0.7724198504899948,ssm_fpar
wheat,IN,IN-12-0217,2006,0.008993444811921983,-0.8103529552279463,ssm_fpar
wheat,IN,IN-12-0217,2007,0.19845916575406017,-0.3265705018798739,ssm_fpar
wheat,IN,IN-12-0217,2008,0.014455326684622983,-0.5827242450359718,ssm_fpar
wheat,IN,IN-12-0217,2009,0.031270354221982585,-0.6575751949679377,ssm_fpar
wheat,IN,IN-12-0217,2010,-0.16200495739640555,-0.038372159340658546,ssm_fpar
wheat,IN,IN-12-0217,2011,-0.5463514267745784,-0.367323772017658,ssm_fpar
wheat,IN,IN-12-0217,2012,0.3075428531063584,-0.0947829877782822,ssm_fpar
wheat,IN,IN-12-0217,2013,0.24584312891812696,0.01374449724815894,ssm_fpar
wheat,IN,IN-12-0217,2014,0.7955178214468043,0.28228440684029954,ssm_fpar
wheat,IN,IN-12-0217,2015,0.2935802482209838,0.11940669422837383,ssm_fpar
wheat,IN,IN-12-0217,2016,-0.6306826151498347,-0.6095947809655361,ssm_fpar
wheat,IN,IN-12-0217,2017,-0.027890292216473645,0.1594455224648669,ssm_fpar
wheat,IN,IN-12-0218,2003,-0.07440914068349892,0.18948216408329355,ssm_fpar
wheat,IN,IN-12-0218,2004,0.4244480294435596,0.1662891238351159,ssm_fpar
wheat,IN,IN-12-0218,2005,-0.10149975714653532,-0.030701309453130102,ssm_fpar
wheat,IN,IN-12-0218,2006,-0.36210724018834484,0.04281100196905213,ssm_fpar
wheat,IN,IN-12-0218,2007,-0.2916076189027826,0.3627456058076556,ssm_fpar
wheat,IN,IN-12-0218,2008,-0.41079614813787546,0.007540133368531327,ssm_fpar
wheat,IN,IN-12-0218,2009,-0.2764679566365031,0.09579250928048731,ssm_fpar
wheat,IN,IN-12-0218,2010,-0.6307111396837494,0.3788243088072041,ssm_fpar
wheat,IN,IN-12-0218,2011,-0.749303897471368,0.4548033248991057,ssm_fpar
wheat,IN,IN-12-0218,2012,-0.16035985381689377,0.38583335988091816,ssm_fpar
wheat,IN,IN-12-0218,2013,-0.3014284645297183,0.5741301632966264,ssm_fpar
wheat,IN,IN-12-0218,2014,0.2027594194505764,0.6675190004567868,ssm_fpar
wheat,IN,IN-12-0218,2015,-0.2290721607600069,0.6798675646875004,ssm_fpar
wheat,IN,IN-12-0218,2016,-1.1686242772847908,0.2459681969315868,ssm_fpar
wheat,IN,IN-12-0218,2017,-0.47642384671273164,0.6342786509441485,ssm_fpar
wheat,IN,IN-12-0219,2003,-0.41342899379707876,0.1620626359559046,ssm_fpar
wheat,IN,IN-12-0219,2004,0.22658685337609272,0.23137854126314045,ssm_fpar
wheat,IN,IN-12-0219,2005,-0.2821106833484431,0.04443541723935439,ssm_fpar
wheat,IN,IN-12-0219,2006,-0.5580702507604265,0.14984943966438075,ssm_fpar
wheat,IN,IN-12-0219,2007,-0.4183384135045533,0.5341138963833248,ssm_fpar
wheat,IN,IN-12-0219,2008,-0.4351415651052784,0.1114500675803276,ssm_fpar
wheat,IN,IN-12-0219,2009,-0.443498230279832,0.1241445721000902,ssm_fpar
wheat,IN,IN-12-0219,2010,-0.7807189644168802,0.3044020240160196,ssm_fpar
wheat,IN,IN-12-0219,2011,-0.8935907969202608,0.4438761240299084,ssm_fpar
wheat,IN,IN-12-0219,2012,-0.4363865005922525,0.4538933515300937,ssm_fpar
wheat,IN,IN-12-0219,2013,-0.6272382216014841,0.6786492532347784,ssm_fpar
wheat,IN,IN-12-0219,2014,-0.10610302941392671,0.7422195415674254,ssm_fpar
wheat,IN,IN-12-0219,2015,-0.48177448376540327,0.48113990951296304,ssm_fpar
wheat,IN,IN-12-0219,2016,-1.1845092689015237,0.36545296459148946,ssm_fpar
wheat,IN,IN-12-0219,2017,-0.6613224213061876,0.7888086739725855,ssm_fpar
wheat,IN,IN-12-0220,2003,-0.4148669154541283,0.2900304611384969,ssm_fpar
wheat,IN,IN-12-0220,2004,0.36464011972839083,0.2308671512706354,ssm_fpar
wheat,IN,IN-12-0220,2005,-0.21958645913362773,0.02098668199491417,ssm_fpar
wheat,IN,IN-12-0220,2006,-0.45363256087203624,0.07406595504021052,ssm_fpar
wheat,IN,IN-12-0220,2007,-0.3221253346576802,0.5512981042196159,ssm_fpar
wheat,IN,IN-12-0220,2008,-0.32819446415416803,0.3515326281779405,ssm_fpar
wheat,IN,IN-12-0220,2009,-0.3480604279663284,0.4239920778508568,ssm_fpar
wheat,IN,IN-12-0220,2010,-0.6937623678535793,0.3358901107602289,ssm_fpar
wheat,IN,IN-12-0220,2011,-0.7756991487275849,0.6271567932544551,ssm_fpar
wheat,IN,IN-12-0220,2012,-0.4049947407860944,0.5981053294156898,ssm_fpar
wheat,IN,IN-12-0220,2013,-0.6364469159489934,0.8094748460225228,ssm_fpar
wheat,IN,IN-12-0220,2014,-0.10562909946398481,0.8144383371262265,ssm_fpar
wheat,IN,IN-12-0220,2015,-0.4436421661013346,0.6125295353806801,ssm_fpar
wheat,IN,IN-12-0220,2016,-1.0188317264146027,0.42575186106033974,ssm_fpar
wheat,IN,IN-12-0220,2017,-0.5741866698134562,0.9969895235673452,ssm_fpar
wheat,IN,IN-12-0221,2003,-0.19119216754878238,0.679935248657096,ssm_fpar
wheat,IN,IN-12-0221,2004,0.4290972424250846,0.6832216814030297,ssm_fpar
wheat,IN,IN-12-0221,2005,-0.14744252159400753,0.7491082655840777,ssm_fpar
wheat,IN,IN-12-0221,2006,-0.3270498786146713,0.6714822728986817,ssm_fpar
wheat,IN,IN-12-0221,2007,-0.20142808298305537,1.0319445336430826,ssm_fpar
wheat,IN,IN-12-0221,2008,-0.2926911164011399,0.7524548618585427,ssm_fpar
wheat,IN,IN-12-0221,2009,-0.23980947310581974,0.8813477012922749,ssm_fpar
wheat,IN,IN-12-0221,2010,-0.5565816713415713,0.9591391436811264,ssm_fpar
wheat,IN,IN-12-0221,2011,-0.5574648391961301,1.1713283883641752,ssm_fpar
wheat,IN,IN-12-0221,2012,-0.3013037693187378,1.0608305477783821,ssm_fpar
wheat,IN,IN-12-0221,2013,-0.4897126520044793,1.1824135184957636,ssm_fpar
wheat,IN,IN-12-0221,2014,-0.00719474306692577,1.3569328738781767,ssm_fpar
wheat,IN,IN-12-0221,2015,-0.23611185096705356,1.040104212199914,ssm_fpar
wheat,IN,IN-12-0221,2016,-1.0187398769577334,0.7707144927672921,ssm_fpar
wheat,IN,IN-12-0221,2017,-0.549379305360222,1.4447039415618934,ssm_fpar
wheat,IN,IN-12-0222,2003,-0.23393642195653225,0.4566683942835224,ssm_fpar
wheat,IN,IN-12-0222,2004,0.46911078596488837,0.41741169191792427,ssm_fpar
wheat,IN,IN-12-0222,2005,-0.12502143073122368,0.4431090390411512,ssm_fpar
wheat,IN,IN-12-0222,2006,-0.3049039033653248,0.3675436472078942,ssm_fpar
wheat,IN,IN-12-0222,2007,-0.18755106590946052,0.8274110979654342,ssm_fpar
wheat,IN,IN-12-0222,2008,-0.25198528322050495,0.5066041229631384,ssm_fpar
wheat,IN,IN-12-0222,2009,-0.20512105289954244,0.6700157868907718,ssm_fpar
wheat,IN,IN-12-0222,2010,-0.5484616551510977,0.6521923415638586,ssm_fpar
wheat,IN,IN-12-0222,2011,-0.5771357792670161,1.0743598212564884,ssm_fpar
wheat,IN,IN-12-0222,2012,-0.2893104638110508,0.8642537387487806,ssm_fpar
wheat,IN,IN-12-0222,2013,-0.5092389568589143,0.9590714597115315,ssm_fpar
wheat,IN,IN-12-0222,2014,-0.008090104335725278,1.0369757087163713,ssm_fpar
wheat,IN,IN-12-0222,2015,-0.28591465492101065,0.8314119726126493,ssm_fpar
wheat,IN,IN-12-0222,2016,-0.941564225498332,0.7833262724353228,ssm_fpar
wheat,IN,IN-12-0222,2017,-0.5114681007851775,1.4089517647331429,ssm_fpar
wheat,IN,IN-12-0223,2003,-0.2815808163981064,0.0816164778706765,ssm_fpar
wheat,IN,IN-12-0223,2004,0.23636550865366665,0.2016126355230946,ssm_fpar
wheat,IN,IN-12-0223,2005,-0.21466689235552325,0.20907291306077277,ssm_fpar
wheat,IN,IN-12-0223,2006,-0.39340492903079494,0.08758018763617918,ssm_fpar
wheat,IN,IN-12-0223,2007,-0.3117538529577349,0.28850381160205507,ssm_fpar
wheat,IN,IN-12-0223,2008,-0.46223803805081826,0.04106625964168741,ssm_fpar
wheat,IN,IN-12-0223,2009,-0.3751089978292159,0.20250004756890455,ssm_fpar
wheat,IN,IN-12-0223,2010,-0.6744404215316646,0.3961363641416213,ssm_fpar
wheat,IN,IN-12-0223,2011,-0.6163318405614416,0.6141163484456524,ssm_fpar
wheat,IN,IN-12-0223,2012,-0.35799033964715626,0.6077390144215059,ssm_fpar
wheat,IN,IN-12-0223,2013,-0.52504083074769,0.5547123844636764,ssm_fpar
wheat,IN,IN-12-0223,2014,-0.10612389425449043,0.765653235929728,ssm_fpar
wheat,IN,IN-12-0223,2015,-0.305403986479481,0.6491315220499114,ssm_fpar
wheat,IN,IN-12-0223,2016,-1.2438349655713024,0.3524200402237512,ssm_fpar
wheat,IN,IN-12-0223,2017,-0.7519398795613764,0.9768272210688491,ssm_fpar
wheat,IN,IN-12-0224,2003,-0.37012904022405396,0.1547527672395538,ssm_fpar
wheat,IN,IN-12-0224,2004,0.17192097109889912,0.10153060581399372,ssm_fpar
wheat,IN,IN-12-0224,2005,-0.30284138509230524,0.06568818369245608,ssm_fpar
wheat,IN,IN-12-0224,2006,-0.5295619236033925,0.11527045164195866,ssm_fpar
wheat,IN,IN-12-0224,2007,-0.42860391506194995,0.4334377518300058,ssm_fpar
wheat,IN,IN-12-0224,2008,-0.5160275970243319,0.005411848546797375,ssm_fpar
wheat,IN,IN-12-0224,2009,-0.44622413813230694,0.18607540428030706,ssm_fpar
wheat,IN,IN-12-0224,2010,-0.7508822424106255,0.4496593432098181,ssm_fpar
wheat,IN,IN-12-0224,2011,-0.7857752107801868,0.5357082298893615,ssm_fpar
wheat,IN,IN-12-0224,2012,-0.4121554657508096,0.4254134412123641,ssm_fpar
wheat,IN,IN-12-0224,2013,-0.5885993404217719,0.6394677552798393,ssm_fpar
wheat,IN,IN-12-0224,2014,-0.11419858755268658,0.7282390416253453,ssm_fpar
wheat,IN,IN-12-0224,2015,-0.45007383600211476,0.7061815879781662,ssm_fpar
wheat,IN,IN-12-0224,2016,-1.1881397511596274,0.29831046675239015,ssm_fpar
wheat,IN,IN-12-0224,2017,-0.6741307376965301,0.8402710521886432,ssm_fpar
wheat,IN,IN-12-0225,2003,-0.45254509514645314,0.04338094396699109,ssm_fpar
wheat,IN,IN-12-0225,2004,0.06222256665957561,0.27491813481594485,ssm_fpar
wheat,IN,IN-12-0225,2005,-0.35735172097152107,0.06805282523341472,ssm_fpar
wheat,IN,IN-12-0225,2006,-0.5295433424767236,-0.21532115436182378,ssm_fpar
wheat,IN,IN-12-0225,2007,-0.6178092996447572,0.34093095497203135,ssm_fpar
wheat,IN,IN-12-0225,2008,-0.8223968467612259,-0.10909170125547148,ssm_fpar
wheat,IN,IN-12-0225,2009,-0.5682512625930687,0.17050433105272728,ssm_fpar
wheat,IN,IN-12-0225,2010,-0.8206628850857136,0.41354994543042695,ssm_fpar
wheat,IN,IN-12-0225,2011,-0.7785761141494261,0.46549846644397574,ssm_fpar
wheat,IN,IN-12-0225,2012,-0.5203553386559042,0.35415027884334005,ssm_fpar
wheat,IN,IN-12-0225,2013,-0.5920501634032759,0.5515392955080937,ssm_fpar
wheat,IN,IN-12-0225,2014,-0.341179298852983,0.5360015270909533,ssm_fpar
wheat,IN,IN-12-0225,2015,-0.5857011127568194,0.7691239194817827,ssm_fpar
wheat,IN,IN-12-0225,2016,-1.622869292434749,0.2395548722251972,ssm_fpar
wheat,IN,IN-12-0225,2017,-1.0206875564663067,0.5792000149239701,ssm_fpar
wheat,IN,IN-12-0226,2003,-0.4932190533719233,0.4840277588823906,ssm_fpar
wheat,IN,IN-12-0226,2004,0.10418815558840692,0.7349096728510747,ssm_fpar
wheat,IN,IN-12-0226,2005,-0.3493907035691973,0.49591005576699265,ssm_fpar
wheat,IN,IN-12-0226,2006,-0.5078505143581598,0.32115004627046484,ssm_fpar
wheat,IN,IN-12-0226,2007,-0.6425568534368166,0.7563278890076317,ssm_fpar
wheat,IN,IN-12-0226,2008,-0.8842384328213249,0.2530750137391523,ssm_fpar
wheat,IN,IN-12-0226,2009,-0.5431559381591937,0.670925760259783,ssm_fpar
wheat,IN,IN-12-0226,2010,-0.7670757118656546,1.0065104019571625,ssm_fpar
wheat,IN,IN-12-0226,2011,-0.7719150998484612,0.9775266220880018,ssm_fpar
wheat,IN,IN-12-0226,2012,-0.5003270398178151,0.8672995173806,ssm_fpar
wheat,IN,IN-12-0226,2013,-0.5256502331209741,0.9229056586241364,ssm_fpar
wheat,IN,IN-12-0226,2014,-0.26932156531929485,1.0586571403102554,ssm_fpar
wheat,IN,IN-12-0226,2015,-0.5886810112880407,1.1696738913296068,ssm_fpar
wheat,IN,IN-12-0226,2016,-1.5253402045954438,0.6258106343035973,ssm_fpar
wheat,IN,IN-12-0226,2017,-1.0056918759849114,1.0772852728312452,ssm_fpar
wheat,IN,IN-12-0227,2003,-0.4473960776579218,0.10532090811136889,ssm_fpar
wheat,IN,IN-12-0227,2004,0.015006371538401701,0.3976479727959254,ssm_fpar
wheat,IN,IN-12-0227,2005,-0.38844444693573105,0.1581294452782747,ssm_fpar
wheat,IN,IN-12-0227,2006,-0.5644043203438801,0.03993819348176226,ssm_fpar
wheat,IN,IN-12-0227,2007,-0.6085157203261533,0.33773261882145406,ssm_fpar
wheat,IN,IN-12-0227,2008,-0.8345314369749925,-0.07338733294492648,ssm_fpar
wheat,IN,IN-12-0227,2009,-0.5624371013916518,0.2819008643459206,ssm_fpar
wheat,IN,IN-12-0227,2010,-0.7661905117521496,0.5642708650588236,ssm_fpar
wheat,IN,IN-12-0227,2011,-0.8567113555518104,0.5086045602867559,ssm_fpar
wheat,IN,IN-12-0227,2012,-0.464187525828464,0.3596998271758461,ssm_fpar
wheat,IN,IN-12-0227,2013,-0.5257663416068871,0.590645051878011,ssm_fpar
wheat,IN,IN-12-0227,2014,-0.22060178033812222,0.6174328629558428,ssm_fpar
wheat,IN,IN-12-0227,2015,-0.5328942057758175,0.7664353618006229,ssm_fpar
wheat,IN,IN-12-0227,2016,-1.3084529454829055,0.3617980302333144,ssm_fpar
wheat,IN,IN-12-0227,2017,-0.8785041262032522,0.8481975970724237,ssm_fpar
wheat,IN,IN-12-0228,2003,-0.40450678495679127,-0.009583910939218822,ssm_fpar
wheat,IN,IN-12-0228,2004,0.08100193156015519,0.23565015178874602,ssm_fpar
wheat,IN,IN-12-0228,2005,-0.27421825141275663,0.1428436116368502,ssm_fpar
wheat,IN,IN-12-0228,2006,-0.45280097002019526,-0.38270307399804343,ssm_fpar
wheat,IN,IN-12-0228,2007,-0.5566848253469804,0.18827137307163586,ssm_fpar
wheat,IN,IN-12-0228,2008,-0.714504094818472,-0.14696732833670426,ssm_fpar
wheat,IN,IN-12-0228,2009,-0.5339769337318773,0.1223477238596211,ssm_fpar
wheat,IN,IN-12-0228,2010,-0.8038644314107091,0.3399285876127829,ssm_fpar
wheat,IN,IN-12-0228,2011,-0.6463376671326532,0.3250681960659564,ssm_fpar
wheat,IN,IN-12-0228,2012,-0.5382442805439189,0.137771611312057,ssm_fpar
wheat,IN,IN-12-0228,2013,-0.6132392568526266,0.1506578870789952,ssm_fpar
wheat,IN,IN-12-0228,2014,-0.4100252648856342,0.4900215504121589,ssm_fpar
wheat,IN,IN-12-0228,2015,-0.559673465366794,0.5859673375348349,ssm_fpar
wheat,IN,IN-12-0228,2016,-1.7076482498260985,0.00973610215986986,ssm_fpar
wheat,IN,IN-12-0228,2017,-1.0668667374628056,0.47410185102371744,ssm_fpar
wheat,IN,IN-12-0229,2003,-0.5288007433087518,0.3876071096238144,ssm_fpar
wheat,IN,IN-12-0229,2004,0.316539681306418,0.554989029260034,ssm_fpar
wheat,IN,IN-12-0229,2005,-0.2800809234497985,0.46058224668412484,ssm_fpar
wheat,IN,IN-12-0229,2006,-0.45571143409955717,0.009176903649159294,ssm_fpar
wheat,IN,IN-12-0229,2007,-0.6262500038906347,0.5696888056726659,ssm_fpar
wheat,IN,IN-12-0229,2008,-0.8478918867112594,0.0848475816573411,ssm_fpar
wheat,IN,IN-12-0229,2009,-0.49891583869420525,0.5808969487331196,ssm_fpar
wheat,IN,IN-12-0229,2010,-0.7882593541508427,0.8118475451789181,ssm_fpar
wheat,IN,IN-12-0229,2011,-0.6329071153740536,0.753676933531792,ssm_fpar
wheat,IN,IN-12-0229,2012,-0.5639795008997073,0.6081596219468516,ssm_fpar
wheat,IN,IN-12-0229,2013,-0.5851190036326566,0.655792484137127,ssm_fpar
wheat,IN,IN-12-0229,2014,-0.3579428823627363,0.9418829544803505,ssm_fpar
wheat,IN,IN-12-0229,2015,-0.6655119062284408,0.8432233624814918,ssm_fpar
wheat,IN,IN-12-0229,2016,-1.7502545114151005,0.5643745397106609,ssm_fpar
wheat,IN,IN-12-0229,2017,-1.1687091018628928,1.034055091710876,ssm_fpar
wheat,IN,IN-12-0230,2003,-0.42309747907990036,0.19451978524893196,ssm_fpar
wheat,IN,IN-12-0230,2004,0.013829124894239878,0.22799756582952,ssm_fpar
wheat,IN,IN-12-0230,2005,-0.2732218576810916,0.42625949083230846,ssm_fpar
wheat,IN,IN-12-0230,2006,-0.4662947734906095,-0.0800273452320277,ssm_fpar
wheat,IN,IN-12-0230,2007,-0.545250132177065,0.3701349763295651,ssm_fpar
wheat,IN,IN-12-0230,2008,-0.7090210177198333,0.06456817514794735,ssm_fpar
wheat,IN,IN-12-0230,2009,-0.5092671899688936,0.198758628138469,ssm_fpar
wheat,IN,IN-12-0230,2010,-0.7879187354078869,0.37403163915058946,ssm_fpar
wheat,IN,IN-12-0230,2011,-0.628989693730063,0.44034473977495986,ssm_fpar
wheat,IN,IN-12-0230,2012,-0.6414145311612494,0.08886994327903307,ssm_fpar
wheat,IN,IN-12-0230,2013,-0.5999501587401057,0.2299738303068487,ssm_fpar
wheat,IN,IN-12-0230,2014,-0.521534063616391,0.38887108089730155,ssm_fpar
wheat,IN,IN-12-0230,2015,-0.6291049757268401,0.563766995507392,ssm_fpar
wheat,IN,IN-12-0230,2016,-1.7731955345905293,0.3402396115683049,ssm_fpar
wheat,IN,IN-12-0230,2017,-1.0829461799837303,0.5007360302340571,ssm_fpar
wheat,IN,IN-12-0231,2003,-0.4376878484259402,0.06794431601231612,ssm_fpar
wheat,IN,IN-12-0231,2004,0.08134530722200098,0.25666978456879613,ssm_fpar
wheat,IN,IN-12-0231,2005,-0.32186305403009746,0.04807531071539246,ssm_fpar
wheat,IN,IN-12-0231,2006,-0.5271496270366711,-0.17257443016714336,ssm_fpar
wheat,IN,IN-12-0231,2007,-0.4817751257605009,0.21305874682585985,ssm_fpar
wheat,IN,IN-12-0231,2008,-0.6807627892200536,-0.0749741460098995,ssm_fpar
wheat,IN,IN-12-0231,2009,-0.5334803194247997,0.10094401141083922,ssm_fpar
wheat,IN,IN-12-0231,2010,-0.794007299875657,0.3627756875719212,ssm_fpar
wheat,IN,IN-12-0231,2011,-0.7733949773822523,0.3445461384274375,ssm_fpar
wheat,IN,IN-12-0231,2012,-0.4695378432702362,0.3462758398726645,ssm_fpar
wheat,IN,IN-12-0231,2013,-0.613288706219778,0.47238611611189396,ssm_fpar
wheat,IN,IN-12-0231,2014,-0.256094162274615,0.460270685554241,ssm_fpar
wheat,IN,IN-12-0231,2015,-0.49216346237926734,0.5794997582178915,ssm_fpar
wheat,IN,IN-12-0231,2016,-1.4940592945119995,0.17256869212539297,ssm_fpar
wheat,IN,IN-12-0231,2017,-0.9014728222632264,0.5603527152633314,ssm_fpar
wheat,IN,IN-12-0232,2003,-0.3666392859896974,-0.03351395441188875,ssm_fpar
wheat,IN,IN-12-0232,2004,0.2600980171518653,0.36746092235617067,ssm_fpar
wheat,IN,IN-12-0232,2005,-0.15841202773127275,0.25409027328308836,ssm_fpar
wheat,IN,IN-12-0232,2006,-0.36468259125720065,-0.014682769982112848,ssm_fpar
wheat,IN,IN-12-0232,2007,-0.35256590583013764,0.3261812213437536,ssm_fpar
wheat,IN,IN-12-0232,2008,-0.5307212760802199,0.15991931025203296,ssm_fpar
wheat,IN,IN-12-0232,2009,-0.3909517295948089,0.30813216278485384,ssm_fpar
wheat,IN,IN-12-0232,2010,-0.6745245179882928,0.4629404421327449,ssm_fpar
wheat,IN,IN-12-0232,2011,-0.6176039587414703,0.5160648378244348,ssm_fpar
wheat,IN,IN-12-0232,2012,-0.3464565955671348,0.5034455377153307,ssm_fpar
wheat,IN,IN-12-0232,2013,-0.5133857709994161,0.42229245816988564,ssm_fpar
wheat,IN,IN-12-0232,2014,-0.13992928944605712,0.5666924470821397,ssm_fpar
wheat,IN,IN-12-0232,2015,-0.34138702331329834,0.47137837700903057,ssm_fpar
wheat,IN,IN-12-0232,2016,-1.3038990015228173,0.15485805341447792,ssm_fpar
wheat,IN,IN-12-0232,2017,-0.7808671258604866,0.5990002619025738,ssm_fpar
wheat,IN,IN-12-0233,2003,-0.3029661927905261,-0.12545349514372578,ssm_fpar
wheat,IN,IN-12-0233,2004,-0.057129157465450706,-0.06205940000177357,ssm_fpar
wheat,IN,IN-12-0233,2005,-0.24490046702157967,0.11631418142707342,ssm_fpar
wheat,IN,IN-12-0233,2006,-0.41644298592941464,-0.35701163579279394,ssm_fpar
wheat,IN,IN-12-0233,2007,-0.398396126185277,0.15810903265252282,ssm_fpar
wheat,IN,IN-12-0233,2008,-0.5681753794256407,-0.22344967680567432,ssm_fpar
wheat,IN,IN-12-0233,2009,-0.5129711263288984,-0.061514705198828415,ssm_fpar
wheat,IN,IN-12-0233,2010,-0.7390216033364002,0.19465945058302123,ssm_fpar
wheat,IN,IN-12-0233,2011,-0.5844614102720007,0.10935884778956105,ssm_fpar
wheat,IN,IN-12-0233,2012,-0.48040885949477663,0.24685238593122227,ssm_fpar
wheat,IN,IN-12-0233,2013,-0.5129841224339643,0.15539254190453775,ssm_fpar
wheat,IN,IN-12-0233,2014,-0.3865939904875394,0.444569616131085,ssm_fpar
wheat,IN,IN-12-0233,2015,-0.41985336457529493,0.5839276864828011,ssm_fpar
wheat,IN,IN-12-0233,2016,-1.6870675918974543,-0.008651376247005578,ssm_fpar
wheat,IN,IN-12-0233,2017,-0.9125883611687035,0.5296607209234109,ssm_fpar
wheat,IN,IN-12-0234,2003,-0.4093750543209435,0.1524815940375554,ssm_fpar
wheat,IN,IN-12-0234,2004,0.12066117969369158,0.10888559717674778,ssm_fpar
wheat,IN,IN-12-0234,2005,-0.30657723251426483,-0.00626739642901945,ssm_fpar
wheat,IN,IN-12-0234,2006,-0.5132055599451883,-0.09858833095778533,ssm_fpar
wheat,IN,IN-12-0234,2007,-0.4651950765790007,0.19098625229654376,ssm_fpar
wheat,IN,IN-12-0234,2008,-0.6371688074235259,-0.05605271628731703,ssm_fpar
wheat,IN,IN-12-0234,2009,-0.4868289111426012,0.04369089357379847,ssm_fpar
wheat,IN,IN-12-0234,2010,-0.7298151692448651,0.3919399580266756,ssm_fpar
wheat,IN,IN-12-0234,2011,-0.7641961133486951,0.3321975741967239,ssm_fpar
wheat,IN,IN-12-0234,2012,-0.3972061040155826,0.33086645612800375,ssm_fpar
wheat,IN,IN-12-0234,2013,-0.519116984417147,0.5110938262796668,ssm_fpar
wheat,IN,IN-12-0234,2014,-0.11249020459933985,0.5725583911137813,ssm_fpar
wheat,IN,IN-12-0234,2015,-0.4105803050740342,0.5786123461720808,ssm_fpar
wheat,IN,IN-12-0234,2016,-1.1909352623949694,0.11695503044079215,ssm_fpar
wheat,IN,IN-12-0234,2017,-0.7288285339314116,0.5048368193125821,ssm_fpar
wheat,IN,IN-12-0235,2003,-0.39496611004239496,0.27521957916202183,ssm_fpar
wheat,IN,IN-12-0235,2004,0.05972376844040585,0.2700950252788201,ssm_fpar
wheat,IN,IN-12-0235,2005,-0.36007854896166697,0.20284849467163846,ssm_fpar
wheat,IN,IN-12-0235,2006,-0.5482359559080154,0.05034209699343158,ssm_fpar
wheat,IN,IN-12-0235,2007,-0.5951401174954611,0.36744525477061213,ssm_fpar
wheat,IN,IN-12-0235,2008,-0.7695006351404026,-0.01800429811968264,ssm_fpar
wheat,IN,IN-12-0235,2009,-0.5178637569082681,0.24580024041443618,ssm_fpar
wheat,IN,IN-12-0235,2010,-0.7640340469126833,0.5044639307763829,ssm_fpar
wheat,IN,IN-12-0235,2011,-0.8664804140810116,0.5761995379966715,ssm_fpar
wheat,IN,IN-12-0235,2012,-0.41905477303057725,0.5068510441114852,ssm_fpar
wheat,IN,IN-12-0235,2013,-0.4858636690300133,0.7688143279912303,ssm_fpar
wheat,IN,IN-12-0235,2014,-0.09989226187276445,0.7668753076029864,ssm_fpar
wheat,IN,IN-12-0235,2015,-0.47344245743358687,0.7866076915538779,ssm_fpar
wheat,IN,IN-12-0235,2016,-1.2130175960585488,0.4170124818379868,ssm_fpar
wheat,IN,IN-12-0235,2017,-0.7431203599779423,0.6776070454436824,ssm_fpar
wheat,IN,IN-12-0236,2003,-0.43109764989526395,0.2163150978075287,ssm_fpar
wheat,IN,IN-12-0236,2004,0.07397255774181084,0.45892452660338245,ssm_fpar
wheat,IN,IN-12-0236,2005,-0.3233045031910653,0.26129485582451506,ssm_fpar
wheat,IN,IN-12-0236,2006,-0.5285939214548157,-0.074342428960332,ssm_fpar
wheat,IN,IN-12-0236,2007,-0.5315950864005583,0.6349479701990459,ssm_fpar
wheat,IN,IN-12-0236,2008,-0.7296517402470319,0.19803290557557804,ssm_fpar
wheat,IN,IN-12-0236,2009,-0.5602738707638254,0.34663682104384147,ssm_fpar
wheat,IN,IN-12-0236,2010,-0.8089634251053619,0.5772436258980314,ssm_fpar
wheat,IN,IN-12-0236,2011,-0.7603782739387527,0.6167334619366902,ssm_fpar
wheat,IN,IN-12-0236,2012,-0.4980292483444489,0.5340086102084001,ssm_fpar
wheat,IN,IN-12-0236,2013,-0.6195178860276866,0.6972097017861741,ssm_fpar
wheat,IN,IN-12-0236,2014,-0.3320142454131011,0.771804956721888,ssm_fpar
wheat,IN,IN-12-0236,2015,-0.536336252595748,1.0706522438108554,ssm_fpar
wheat,IN,IN-12-0236,2016,-1.6149144689510213,0.6526510884688967,ssm_fpar
wheat,IN,IN-12-0236,2017,-0.9757048737410754,0.9027583970077683,ssm_fpar
wheat,IN,IN-12-0528,2003,-0.797992584519359,0.4585936271964711,ssm_fpar
wheat,IN,IN-12-0528,2004,0.7439743635012557,0.6925996714125929,ssm_fpar
wheat,IN,IN-12-0528,2005,-0.0647631564981017,0.36452795034034957,ssm_fpar
wheat,IN,IN-12-0528,2006,-0.3957805163180376,0.3079742335224621,ssm_fpar
wheat,IN,IN-12-0528,2007,-0.5791685549802471,0.9485729239831068,ssm_fpar
wheat,IN,IN-12-0528,2008,-1.0016803523268407,0.17395245328158004,ssm_fpar
wheat,IN,IN-12-0528,2009,-0.4155644936693884,0.528097543530365,ssm_fpar
wheat,IN,IN-12-0528,2010,-0.9179058475197075,0.9901308813149683,ssm_fpar
wheat,IN,IN-12-0528,2011,-0.5189033284497737,0.9627113531875696,ssm_fpar
wheat,IN,IN-12-0528,2012,-0.5349702571962577,0.691471605252658,ssm_fpar
wheat,IN,IN-12-0528,2013,-0.550081555932059,0.9601844849893287,ssm_fpar
wheat,IN,IN-12-0528,2014,-0.2004918402731085,1.1999211052978926,ssm_fpar
wheat,IN,IN-12-0528,2015,-0.8702676886610053,1.0982221807595733,ssm_fpar
wheat,IN,IN-12-0528,2016,-1.9473430295185055,0.6687824345559121,ssm_fpar
wheat,IN,IN-12-0528,2017,-1.493615699679455,1.2370495228417666,ssm_fpar
wheat,IN,IN-12-0529,2003,-0.13524111271765119,-0.10276217574952973,ssm_fpar
wheat,IN,IN-12-0529,2004,0.3740566399361718,-0.3426642457615594,ssm_fpar
wheat,IN,IN-12-0529,2005,-0.11503024464212375,-0.5791074500574878,ssm_fpar
wheat,IN,IN-12-0529,2006,-0.34439476801369645,-0.6868973946850838,ssm_fpar
wheat,IN,IN-12-0529,2007,-0.17717044106228652,-0.30509212219478565,ssm_fpar
wheat,IN,IN-12-0529,2008,-0.2708641633218634,-0.2009640951920762,ssm_fpar
wheat,IN,IN-12-0529,2009,-0.34680740332244614,-0.8305399677470937,ssm_fpar
wheat,IN,IN-12-0529,2010,-0.4401944897029171,0.15521151414459125,ssm_fpar
wheat,IN,IN-12-0529,2011,-0.734071097811282,-0.29006628094450315,ssm_fpar
wheat,IN,IN-12-0529,2012,-0.16435506913867315,-0.12756459038588236,ssm_fpar
wheat,IN,IN-12-0529,2013,-0.21776974994084455,0.0019981054770993687,ssm_fpar
wheat,IN,IN-12-0529,2014,0.2274538342138441,0.36547552591469146,ssm_fpar
wheat,IN,IN-12-0529,2015,-0.13499730421880135,0.10201191404223314,ssm_fpar
wheat,IN,IN-12-0529,2016,-0.6606800072772483,-0.40079725520334647,ssm_fpar
wheat,IN,IN-12-0529,2017,-0.3166977382907441,0.17087444418805547,ssm_fpar
wheat,IN,IN-12-0530,2003,-0.38798316157170104,0.16298765020704378,ssm_fpar
wheat,IN,IN-12-0530,2004,0.29871852392283477,0.18859475203748358,ssm_fpar
wheat,IN,IN-12-0530,2005,-0.25586390003414,0.21245711154055796,ssm_fpar
wheat,IN,IN-12-0530,2006,-0.4876517972010752,0.21683400824109805,ssm_fpar
wheat,IN,IN-12-0530,2007,-0.3557010121014078,0.5182908883800292,ssm_fpar
wheat,IN,IN-12-0530,2008,-0.4037946338910796,0.17657708721368137,ssm_fpar
wheat,IN,IN-12-0530,2009,-0.37031450547350714,0.3768238714835962,ssm_fpar
wheat,IN,IN-12-0530,2010,-0.710939106410861,0.43027916658219745,ssm_fpar
wheat,IN,IN-12-0530,2011,-0.7865878990583088,0.6885461536779013,ssm_fpar
wheat,IN,IN-12-0530,2012,-0.3903920679587254,0.5266987414920493,ssm_fpar
wheat,IN,IN-12-0530,2013,-0.5898474029391066,0.7457541488685484,ssm_fpar
wheat,IN,IN-12-0530,2014,-0.07705802131852256,0.7966750553278354,ssm_fpar
wheat,IN,IN-12-0530,2015,-0.42068102580061767,0.6603444996796257,ssm_fpar
wheat,IN,IN-12-0530,2016,-1.072282658318153,0.4027017091924161,ssm_fpar
wheat,IN,IN-12-0530,2017,-0.5705752452049968,1.0321175037876023,ssm_fpar
wheat,IN,IN-12-0531,2003,0.06301260084343445,0.8783934213600949,ssm_fpar
wheat,IN,IN-12-0531,2004,0.6444939051505825,0.7448046931839433,ssm_fpar
wheat,IN,IN-12-0531,2005,0.062240902806033484,0.7270432914958253,ssm_fpar
wheat,IN,IN-12-0531,2006,-0.0973072651740948,0.4150653143052576,ssm_fpar
wheat,IN,IN-12-0531,2007,-0.014853004915895134,1.1772306811943043,ssm_fpar
wheat,IN,IN-12-0531,2008,-0.010918748527432038,0.6884753361911999,ssm_fpar
wheat,IN,IN-12-0531,2009,0.009204369838362092,0.6394527143977017,ssm_fpar
wheat,IN,IN-12-0531,2010,-0.3740477414625624,1.1181801779424416,ssm_fpar
wheat,IN,IN-12-0531,2011,-0.44327055185956893,1.3312524477473515,ssm_fpar
wheat,IN,IN-12-0531,2012,-0.144898844734538,1.3414934083692602,ssm_fpar
wheat,IN,IN-12-0531,2013,-0.3410774668048441,1.0221002762874176,ssm_fpar
wheat,IN,IN-12-0531,2014,0.2262422469770974,1.4313482649317282,ssm_fpar
wheat,IN,IN-12-0531,2015,0.016678480591640208,1.1574738558099578,ssm_fpar
wheat,IN,IN-12-0531,2016,-0.7881282263482863,1.1608304793391713,ssm_fpar
wheat,IN,IN-12-0531,2017,-0.4343454184289469,1.458511471359444,ssm_fpar
wheat,IN,IN-12-0532,2003,-0.10064396777253146,0.21081765538812774,ssm_fpar
wheat,IN,IN-12-0532,2004,0.615996756477011,0.3470730066256783,ssm_fpar
wheat,IN,IN-12-0532,2005,0.05423385102087667,0.25137539405819087,ssm_fpar
wheat,IN,IN-12-0532,2006,-0.13434971809404345,0.20571879634524345,ssm_fpar
wheat,IN,IN-12-0532,2007,-0.08367001392837622,0.7152512399040096,ssm_fpar
wheat,IN,IN-12-0532,2008,-0.16711171282654352,0.37099552965728394,ssm_fpar
wheat,IN,IN-12-0532,2009,-0.05066646235654385,0.42182619082378386,ssm_fpar
wheat,IN,IN-12-0532,2010,-0.4354393030682517,0.6764984070898431,ssm_fpar
wheat,IN,IN-12-0532,2011,-0.4199944636278258,0.8781590342802016,ssm_fpar
wheat,IN,IN-12-0532,2012,-0.10767804888654117,0.9613952760009864,ssm_fpar
wheat,IN,IN-12-0532,2013,-0.28733530836803184,0.9004496216004414,ssm_fpar
wheat,IN,IN-12-0532,2014,0.2033100814014903,1.2702071475026724,ssm_fpar
wheat,IN,IN-12-0532,2015,-0.005915916013531444,0.9973655456206605,ssm_fpar
wheat,IN,IN-12-0532,2016,-0.8403470356808657,0.7025341740610548,ssm_fpar
wheat,IN,IN-12-0532,2017,-0.5502134608758813,1.2733356509862144,ssm_fpar
wheat,IN,IN-12-0533,2003,-0.6061397523319568,-0.15623573477644315,ssm_fpar
wheat,IN,IN-12-0533,2004,-0.10166670756728237,0.024414391598015752,ssm_fpar
wheat,IN,IN-12-0533,2005,-0.3399295275826118,0.1401480706889795,ssm_fpar
wheat,IN,IN-12-0533,2006,-0.4809924155623868,-0.3836108986696157,ssm_fpar
wheat,IN,IN-12-0533,2008,-0.9361872512752921,-1.4688454608569015,ssm_fpar
wheat,IN,IN-12-0533,2009,-0.5049326021387456,0.09262694076596813,ssm_fpar
wheat,IN,IN-12-0533,2010,-0.6143280892310798,0.5267975815746349,ssm_fpar
wheat,IN,IN-12-0533,2011,-0.7803499370128787,-0.13938511221887606,ssm_fpar
wheat,IN,IN-12-0533,2012,-0.34232862977200107,0.11933095264335213,ssm_fpar
wheat,IN,IN-12-0533,2013,-0.24214895090935742,0.2168313223692861,ssm_fpar
wheat,IN,IN-12-0533,2014,0.2173025183510723,0.7954229018903108,ssm_fpar
wheat,IN,IN-12-0533,2015,-0.1642487726374965,0.460680012417986,ssm_fpar
wheat,IN,IN-12-0533,2016,-0.9250526927766071,-1.6316463575350815,ssm_fpar
wheat,IN,IN-12-0533,2017,-0.705136156751654,0.1869289743413248,ssm_fpar
wheat,IN,IN-12-0547,2003,-0.5519323496624567,0.24568994061213192,ssm_fpar
wheat,IN,IN-12-0547,2004,0.07056663758591919,0.6372492251652996,ssm_fpar
wheat,IN,IN-12-0547,2005,-0.3216931621985315,0.23860568512776842,ssm_fpar
wheat,IN,IN-12-0547,2006,-0.49943598280717094,0.12361814122544748,ssm_fpar
wheat,IN,IN-12-0547,2007,-0.6533846944264898,0.38788644029199293,ssm_fpar
wheat,IN,IN-12-0547,2008,-0.9121549410645718,-0.08149436841430079,ssm_fpar
wheat,IN,IN-12-0547,2009,-0.5311833818620749,0.48253119111021436,ssm_fpar
wheat,IN,IN-12-0547,2010,-0.7259729397520865,0.8875295038486908,ssm_fpar
wheat,IN,IN-12-0547,2011,-0.7738880296146561,0.7777837073695284,ssm_fpar
wheat,IN,IN-12-0547,2012,-0.4891640612988332,0.6096040838059227,ssm_fpar
wheat,IN,IN-12-0547,2013,-0.4971574458366656,0.7999163654273757,ssm_fpar
wheat,IN,IN-12-0547,2014,-0.21213033821891883,0.9345397809535597,ssm_fpar
wheat,IN,IN-12-0547,2015,-0.5845011887915685,0.8544696449216462,ssm_fpar
wheat,IN,IN-12-0547,2016,-1.451848545060401,0.3569699070688102,ssm_fpar
wheat,IN,IN-12-0547,2017,-1.0205262221492186,0.9130162786220779,ssm_fpar
wheat,IN,IN-12-0548,2003,-0.6614584247320436,0.45469803872418085,ssm_fpar
wheat,IN,IN-12-0548,2004,0.20644361529823285,0.7871616973790818,ssm_fpar
wheat,IN,IN-12-0548,2005,-0.2830801467209297,0.4276244508858305,ssm_fpar
wheat,IN,IN-12-0548,2006,-0.4961558158721796,0.2866537830997656,ssm_fpar
wheat,IN,IN-12-0548,2007,-0.6573701999717316,0.6144397274114904,ssm_fpar
wheat,IN,IN-12-0548,2008,-0.9340957654063902,0.07459990635590713,ssm_fpar
wheat,IN,IN-12-0548,2009,-0.5032667560996598,0.6319999573010872,ssm_fpar
wheat,IN,IN-12-0548,2010,-0.7081271881182681,1.1276722279748357,ssm_fpar
wheat,IN,IN-12-0548,2011,-0.7351286457898568,1.147571315036025,ssm_fpar
wheat,IN,IN-12-0548,2012,-0.4887463364908279,0.8503108410120298,ssm_fpar
wheat,IN,IN-12-0548,2013,-0.45061387966169586,1.0089169430983507,ssm_fpar
wheat,IN,IN-12-0548,2014,-0.13739868527191726,1.272327911883342,ssm_fpar
wheat,IN,IN-12-0548,2015,-0.5690796106337126,0.9618765842292265,ssm_fpar
wheat,IN,IN-12-0548,2016,-1.4057344654356299,0.7345261303566957,ssm_fpar
wheat,IN,IN-12-0548,2017,-1.0033059861020082,1.134779044782401,ssm_fpar
wheat,IN,IN-12-1028,2003,-0.35002460718301287,0.3049284548906526,ssm_fpar
wheat,IN,IN-12-1028,2004,0.17119744096874637,0.29450512357288705,ssm_fpar
wheat,IN,IN-12-1028,2005,-0.2773364959538625,0.34711812927207186,ssm_fpar
wheat,IN,IN-12-1028,2006,-0.47531889131209853,0.2221584805159689,ssm_fpar
wheat,IN,IN-12-1028,2007,-0.3992557106793437,0.5098529535037436,ssm_fpar
wheat,IN,IN-12-1028,2008,-0.5425970575241065,0.17715616117578195,ssm_fpar
wheat,IN,IN-12-1028,2009,-0.4352501692753946,0.3262037826669556,ssm_fpar
wheat,IN,IN-12-1028,2010,-0.7051577799869353,0.5555095512166903,ssm_fpar
wheat,IN,IN-12-1028,2011,-0.6942679506421295,0.6500565363010513,ssm_fpar
wheat,IN,IN-12-1028,2012,-0.373666682028794,0.5356029437144367,ssm_fpar
wheat,IN,IN-12-1028,2013,-0.5310803490005338,0.5911414009883881,ssm_fpar
wheat,IN,IN-12-1028,2014,-0.09474764994439247,0.6956454500444025,ssm_fpar
wheat,IN,IN-12-1028,2015,-0.38258971710030776,0.6946753131468697,ssm_fpar
wheat,IN,IN-12-1028,2016,-1.1681411519222784,0.44524484430395844,ssm_fpar
wheat,IN,IN-12-1028,2017,-0.6918153767630225,0.7387225364716421,ssm_fpar
wheat,IN,IN-12-1029,2003,-0.00011350320911546626,0.40893615483629964,ssm_fpar
wheat,IN,IN-12-1029,2004,0.5741511239568596,0.2718685959635983,ssm_fpar
wheat,IN,IN-12-1029,2005,-0.04455859341837939,0.5527796311096544,ssm_fpar
wheat,IN,IN-12-1029,2006,-0.18941050460400838,0.22605406898825986,ssm_fpar
wheat,IN,IN-12-1029,2007,-0.09143459779132374,0.6790553570523497,ssm_fpar
wheat,IN,IN-12-1029,2008,-0.1235188893972325,0.28949650982278985,ssm_fpar
wheat,IN,IN-12-1029,2009,-0.08988926782944824,0.44661356457800855,ssm_fpar
wheat,IN,IN-12-1029,2010,-0.4171953343360385,0.5264731282600628,ssm_fpar
wheat,IN,IN-12-1029,2011,-0.5004680347918384,0.7079338507465855,ssm_fpar
wheat,IN,IN-12-1029,2012,-0.20049534377150638,0.5865388910558614,ssm_fpar
wheat,IN,IN-12-1029,2013,-0.41836395206940336,0.5055512612138724,ssm_fpar
wheat,IN,IN-12-1029,2014,0.0796050449071115,0.6569753420819685,ssm_fpar
wheat,IN,IN-12-1029,2015,-0.14492756193445724,0.46048877834515417,ssm_fpar
wheat,IN,IN-12-1029,2016,-0.8571930921457547,0.7479801994241428,ssm_fpar
wheat,IN,IN-12-1029,2017,-0.4659949890625262,1.0909950368949453,ssm_fpar
wheat,IN,IN-12-1031,2003,-0.7367584573358475,0.33631125545993706,ssm_fpar
wheat,IN,IN-12-1031,2004,0.3566101688260908,0.6259610431249253,ssm_fpar
wheat,IN,IN-12-1031,2005,-0.2561083769538766,0.3070492192713222,ssm_fpar
wheat,IN,IN-12-1031,2006,-0.4833418420939697,0.10508025399724397,ssm_fpar
wheat,IN,IN-12-1031,2007,-0.6647795225298433,0.5784468964686255,ssm_fpar
wheat,IN,IN-12-1031,2008,-0.9674724009887746,-0.001326466648526853,ssm_fpar
wheat,IN,IN-12-1031,2009,-0.4725092300192827,0.5186142673458769,ssm_fpar
wheat,IN,IN-12-1031,2010,-0.7374932264387518,0.8360596051915695,ssm_fpar
wheat,IN,IN-12-1031,2011,-0.6685239384974896,0.9160770981360153,ssm_fpar
wheat,IN,IN-12-1031,2012,-0.5121894750933426,0.6233213683106863,ssm_fpar
wheat,IN,IN-12-1031,2013,-0.45478549636216725,0.8676981007571068,ssm_fpar
wheat,IN,IN-12-1031,2014,-0.12216539953784633,1.175870734768161,ssm_fpar
wheat,IN,IN-12-1031,2015,-0.6222250165599836,0.925244515795729,ssm_fpar
wheat,IN,IN-12-1031,2016,-1.5060295070430476,0.6407838324664219,ssm_fpar
wheat,IN,IN-12-1031,2017,-1.0768966407560199,1.0853697469774182,ssm_fpar
wheat,IN,IN-12-1033,2003,-0.6755280854784763,0.5886891104973758,ssm_fpar
wheat,IN,IN-12-1033,2004,1.399121587627128,0.38448093389583915,ssm_fpar
wheat,IN,IN-12-1033,2005,0.3797166397748627,0.8371688702488393,ssm_fpar
wheat,IN,IN-12-1033,2006,0.03493292138548055,0.1661781973293908,ssm_fpar
wheat,IN,IN-12-1033,2007,-0.29732709688228093,0.7690505951813966,ssm_fpar
wheat,IN,IN-12-1033,2008,-0.8148493289646641,-0.3875506249686432,ssm_fpar
wheat,IN,IN-12-1033,2009,-0.192362695184051,0.512611075264781,ssm_fpar
wheat,IN,IN-12-1033,2010,-0.9704995753713741,0.4947769759796887,ssm_fpar
wheat,IN,IN-12-1033,2011,-0.31316387692004966,0.5396107120993042,ssm_fpar
wheat,IN,IN-12-1033,2012,-0.4508845143688233,0.12154813982198145,ssm_fpar
wheat,IN,IN-12-1033,2013,-0.4281041870110016,0.7381077404144853,ssm_fpar
wheat,IN,IN-12-1033,2014,-0.2664969156253198,0.7338386367025646,ssm_fpar
wheat,IN,IN-12-1033,2015,-0.8206748900633678,0.5968036664078137,ssm_fpar
wheat,IN,IN-12-1033,2016,-1.8052025248078418,0.43916456770193035,ssm_fpar
wheat,IN,IN-12-1033,2017,-1.4099307686744262,0.8590765417781218,ssm_fpar
wheat,IN,IN-12-1034,2003,-0.25493908007400656,-0.33376004353917194,ssm_fpar
wheat,IN,IN-12-1034,2004,0.47105224957494607,-0.12649668775448844,ssm_fpar
wheat,IN,IN-12-1034,2005,-0.03304131270630364,-0.16954369241745207,ssm_fpar
wheat,IN,IN-12-1034,2006,-0.2338301902918583,-0.30986760227182225,ssm_fpar
wheat,IN,IN-12-1034,2007,-0.17013295356211589,0.0014786578691681673,ssm_fpar
wheat,IN,IN-12-1034,2008,-0.26259804101694495,-0.2514713773927187,ssm_fpar
wheat,IN,IN-12-1034,2009,-0.18481911791434338,-0.2206902121087354,ssm_fpar
wheat,IN,IN-12-1034,2010,-0.5013137224114024,0.08591064971948335,ssm_fpar
wheat,IN,IN-12-1034,2011,-0.45188124597054263,-0.004582817630195688,ssm_fpar
wheat,IN,IN-12-1034,2012,-0.19187006494088693,0.20392141093041183,ssm_fpar
wheat,IN,IN-12-1034,2013,-0.3407072967134546,0.18187147772429701,ssm_fpar
wheat,IN,IN-12-1034,2014,0.04985979184630356,0.45665335340139446,ssm_fpar
wheat,IN,IN-12-1034,2015,-0.06637522294984963,0.48137304318601387,ssm_fpar
wheat,IN,IN-12-1034,2016,-0.9102812455239324,-0.27712360186956103,ssm_fpar
wheat,IN,IN-12-1034,2017,-0.6341712792435119,0.4638128132964179,ssm_fpar
wheat,IN,IN-12-1036,2003,0.21726413350342447,-0.12168360547211221,ssm_fpar
wheat,IN,IN-12-1036,2004,0.8764519907154151,-0.15406662470320545,ssm_fpar
wheat,IN,IN-12-1036,2005,0.28803317656862326,-0.4196735622795256,ssm_fpar
wheat,IN,IN-12-1036,2006,-0.05785114778140871,-0.5256290564613226,ssm_fpar
wheat,IN,IN-12-1036,2007,0.13965829992031803,0.0032459615197341827,ssm_fpar
wheat,IN,IN-12-1036,2008,0.06565341809153026,-0.2723481217925147,ssm_fpar
wheat,IN,IN-12-1036,2009,0.019897635191288406,-0.38889239699553335,ssm_fpar
wheat,IN,IN-12-1036,2010,-0.26087188649902854,0.00462220223484789,ssm_fpar
wheat,IN,IN-12-1036,2011,-0.5587058585752577,-0.011704675319889148,ssm_fpar
wheat,IN,IN-12-1036,2012,0.1537525262667712,0.05016599333179647,ssm_fpar
wheat,IN,IN-12-1036,2013,0.027734385004670455,0.21786430866716205,ssm_fpar
wheat,IN,IN-12-1036,2014,0.6210705895101114,0.32224051022506006,ssm_fpar
wheat,IN,IN-12-1036,2015,0.13185007134169024,0.09290465991105977,ssm_fpar
wheat,IN,IN-12-1036,2016,-0.6902904799573246,-0.30305408266583883,ssm_fpar
wheat,IN,IN-12-1036,2017,-0.07758289992285218,0.38687118074804716,ssm_fpar
wheat,IN,IN-12-1037,2003,-0.3418206843484958,-0.027464296748488767,ssm_fpar
wheat,IN,IN-12-1037,2004,-0.013384946847471399,-0.11113994709728486,ssm_fpar
wheat,IN,IN-12-1037,2005,-0.432575608058604,-0.37543349335883386,ssm_fpar
wheat,IN,IN-12-1037,2006,-0.5013001809257639,-0.6329903359481461,ssm_fpar
wheat,IN,IN-12-1037,2007,-0.6377621393801387,-0.42521720169404453,ssm_fpar
wheat,IN,IN-12-1037,2008,-0.9034158185102051,-0.7084208970165656,ssm_fpar
wheat,IN,IN-12-1037,2009,-0.5360300764710162,-0.3891695789662625,ssm_fpar
wheat,IN,IN-12-1037,2010,-0.7370770944161669,-0.07000635751130604,ssm_fpar
wheat,IN,IN-12-1037,2011,-0.9591767887830477,-0.4559784915266475,ssm_fpar
wheat,IN,IN-12-1037,2012,-0.3876200992954915,0.19581437546104724,ssm_fpar
wheat,IN,IN-12-1037,2013,-0.37047347568733435,0.06000111872331024,ssm_fpar
wheat,IN,IN-12-1037,2014,0.06453743468765626,0.35000920168767324,ssm_fpar
wheat,IN,IN-12-1037,2015,-0.34905007159950446,0.29833302807559214,ssm_fpar
wheat,IN,IN-12-1037,2016,-1.118778066178654,-0.935801432653362,ssm_fpar
wheat,IN,IN-12-1037,2017,-0.7186751385549582,0.09982668873814245,ssm_fpar
wheat,IN,IN-12-1038,2003,-0.741586260444761,1.1432978244001561,ssm_fpar
wheat,IN,IN-12-1038,2004,1.6090729623771556,1.397486510489472,ssm_fpar
wheat,IN,IN-12-1038,2005,0.4168665904873291,1.4977474925121237,ssm_fpar
wheat,IN,IN-12-1038,2006,0.020582286845707527,0.8778801512573259,ssm_fpar
wheat,IN,IN-12-1038,2007,-0.2587283788352198,1.430892024840375,ssm_fpar
wheat,IN,IN-12-1038,2008,-0.8022387691137965,0.6866407473823095,ssm_fpar
wheat,IN,IN-12-1038,2009,-0.015231298799400593,1.1181475893644814,ssm_fpar
wheat,IN,IN-12-1038,2010,-0.8992972109015924,0.9819028920851106,ssm_fpar
wheat,IN,IN-12-1038,2011,-0.2327581276286126,1.1626961754270104,ssm_fpar
wheat,IN,IN-12-1038,2012,-0.38463498087289927,1.053208922596015,ssm_fpar
wheat,IN,IN-12-1038,2013,-0.46594799692383876,1.168162909378724,ssm_fpar
wheat,IN,IN-12-1038,2014,-0.19446275129263763,1.5910974740601118,ssm_fpar
wheat,IN,IN-12-1038,2015,-0.9135255932115924,1.2403058738234354,ssm_fpar
wheat,IN,IN-12-1038,2016,-1.857042317234404,1.3166520241746553,ssm_fpar
wheat,IN,IN-12-1038,2017,-1.4475252074300025,1.7176389222538078,ssm_fpar
wheat,IN,IN-12-1039,2003,-0.7733230739317021,0.8825434514217956,ssm_fpar
wheat,IN,IN-12-1039,2004,1.039993655530138,1.1870887260252547,ssm_fpar
wheat,IN,IN-12-1039,2005,0.06038284860738017,0.8620126473110485,ssm_fpar
wheat,IN,IN-12-1039,2006,-0.3029960926660046,0.6300822448292028,ssm_fpar
wheat,IN,IN-12-1039,2007,-0.5262111214212651,1.3313257720477474,ssm_fpar
wheat,IN,IN-12-1039,2008,-1.003806637833844,0.6235914774856456,ssm_fpar
wheat,IN,IN-12-1039,2009,-0.2847164122440343,0.8040902102191207,ssm_fpar
wheat,IN,IN-12-1039,2010,-0.9524358041484194,1.3227449487911973,ssm_fpar
wheat,IN,IN-12-1039,2011,-0.5026272386838654,1.2970852038733003,ssm_fpar
wheat,IN,IN-12-1039,2012,-0.5148715936446843,1.0760594409374595,ssm_fpar
wheat,IN,IN-12-1039,2013,-0.6068143633287648,1.211028796752683,ssm_fpar
wheat,IN,IN-12-1039,2014,-0.24791838632259763,1.5622033127803168,ssm_fpar
wheat,IN,IN-12-1039,2015,-0.9724003781488929,1.3891053207594204,ssm_fpar
wheat,IN,IN-12-1039,2016,-2.1325128772223,1.183520276739339,ssm_fpar
wheat,IN,IN-12-1039,2017,-1.646671876894033,1.4600306004548216,ssm_fpar
wheat,IN,IN-12-1040,2003,-0.4963715262238476,0.34275125982630045,ssm_fpar
wheat,IN,IN-12-1040,2004,0.9363823362253995,0.5690107939599143,ssm_fpar
wheat,IN,IN-12-1040,2005,0.25022707137625727,0.6656307430457465,ssm_fpar
wheat,IN,IN-12-1040,2006,-0.06784636341433517,0.1872467129763715,ssm_fpar
wheat,IN,IN-12-1040,2007,-0.31934104609222286,0.6035820906221625,ssm_fpar
wheat,IN,IN-12-1040,2008,-0.7165904905580671,0.015941149715948837,ssm_fpar
wheat,IN,IN-12-1040,2009,-0.13476106474901578,0.611737382255036,ssm_fpar
wheat,IN,IN-12-1040,2010,-0.819545579394613,0.6092443560415881,ssm_fpar
wheat,IN,IN-12-1040,2011,-0.2739315441946134,0.5699425310295867,ssm_fpar
wheat,IN,IN-12-1040,2012,-0.484346149669881,0.12339457902284419,ssm_fpar
wheat,IN,IN-12-1040,2013,-0.6290366423775291,0.5127006938541466,ssm_fpar
wheat,IN,IN-12-1040,2014,-0.3397783654784403,0.7558033382432717,ssm_fpar
wheat,IN,IN-12-1040,2015,-0.8451112507042586,1.0517239203506303,ssm_fpar
wheat,IN,IN-12-1040,2016,-1.81177515294646,0.6817169095133289,ssm_fpar
wheat,IN,IN-12-1040,2017,-1.2807854194052681,0.9984578896855191,ssm_fpar
wheat,IN,IN-12-1041,2003,-0.6415997853152863,0.33664967530791273,ssm_fpar
wheat,IN,IN-12-1041,2004,0.5726917827919749,0.5063559484079595,ssm_fpar
wheat,IN,IN-12-1041,2005,-0.1564691974573239,0.3879616447026521,ssm_fpar
wheat,IN,IN-12-1041,2006,-0.3679701131623428,0.28647329251418163,ssm_fpar
wheat,IN,IN-12-1041,2007,-0.5980251131192912,0.6139358578600594,ssm_fpar
wheat,IN,IN-12-1041,2008,-0.8997472322074257,0.14499875517667526,ssm_fpar
wheat,IN,IN-12-1041,2009,-0.3981077187666386,0.4871562623659333,ssm_fpar
wheat,IN,IN-12-1041,2010,-0.7285881864146149,0.7938248081637469,ssm_fpar
wheat,IN,IN-12-1041,2011,-0.5938550734052006,0.78956823852027,ssm_fpar
wheat,IN,IN-12-1041,2012,-0.5057956151732097,0.6140712257992492,ssm_fpar
wheat,IN,IN-12-1041,2013,-0.5206011493148893,0.8546952581536335,ssm_fpar
wheat,IN,IN-12-1041,2014,-0.22067333314917587,1.0756382962377513,ssm_fpar
wheat,IN,IN-12-1041,2015,-0.7031663391688574,0.8729473686213185,ssm_fpar
wheat,IN,IN-12-1041,2016,-1.8347866027045416,0.540852211578649,ssm_fpar
wheat,IN,IN-12-1041,2017,-1.2574551390316924,0.9313811957057521,ssm_fpar
wheat,IN,IN-12-1042,2003,-0.44488523165021937,0.37620719531616637,ssm_fpar
wheat,IN,IN-12-1042,2004,-0.04181150068996002,0.3319945222879289,ssm_fpar
wheat,IN,IN-12-1042,2005,-0.4897075441536298,0.26131741714771634,ssm_fpar
wheat,IN,IN-12-1042,2006,-0.6031800360593842,-0.014697810864240792,ssm_fpar
wheat,IN,IN-12-1042,2007,-0.7027679200704696,0.3109147259793566,ssm_fpar
wheat,IN,IN-12-1042,2008,-0.8870114171958049,-0.011727236643090444,ssm_fpar
wheat,IN,IN-12-1042,2009,-0.6014007557795805,0.38770594970639993,ssm_fpar
wheat,IN,IN-12-1042,2010,-0.7935647512573349,0.6355120032790083,ssm_fpar
wheat,IN,IN-12-1042,2011,-0.9688989614619214,0.506950063252188,ssm_fpar
wheat,IN,IN-12-1042,2012,-0.4783596048597924,0.5650529909297095,ssm_fpar
wheat,IN,IN-12-1042,2013,-0.48776835401047364,0.6839812459507135,ssm_fpar
wheat,IN,IN-12-1042,2014,-0.11373956106028245,0.8109563729125712,ssm_fpar
wheat,IN,IN-12-1042,2015,-0.5045380248205336,0.7775355328143398,ssm_fpar
wheat,IN,IN-12-1042,2016,-1.1716565271142232,0.30252191374946447,ssm_fpar
wheat,IN,IN-12-1042,2017,-0.7412363780950928,0.8289452679429397,ssm_fpar
wheat,IN,IN-12-1044,2003,0.39482185125703156,0.010819045673401457,ssm_fpar
wheat,IN,IN-12-1044,2004,0.9898419810532443,0.2145803827349229,ssm_fpar
wheat,IN,IN-12-1044,2005,0.3071172804552038,-0.28431314352885007,ssm_fpar
wheat,IN,IN-12-1044,2006,-0.00482241833761476,-0.2881034458262252,ssm_fpar
wheat,IN,IN-12-1044,2007,0.10857274716677727,0.11785748336873979,ssm_fpar
wheat,IN,IN-12-1044,2008,-0.06145494558693028,-0.3242636065828103,ssm_fpar
wheat,IN,IN-12-1044,2009,0.09134106302383457,-0.08017077078664427,ssm_fpar
wheat,IN,IN-12-1044,2010,-0.29181305733295,0.14766851175517987,ssm_fpar
wheat,IN,IN-12-1044,2011,-0.5499601407328597,0.18242799036319562,ssm_fpar
wheat,IN,IN-12-1044,2012,0.2884888763591769,0.3808147188760628,ssm_fpar
wheat,IN,IN-12-1044,2013,0.17428225519282717,0.4082668355814119,ssm_fpar
wheat,IN,IN-12-1044,2014,0.7523414598850898,0.48123015480575987,ssm_fpar
wheat,IN,IN-12-1044,2015,0.17682624161585492,0.4025964230174913,ssm_fpar
wheat,IN,IN-12-1044,2016,-0.9967407907119152,0.22324079732607963,ssm_fpar
wheat,IN,IN-12-1044,2017,-0.0710075712176381,0.49263114346213227,ssm_fpar
wheat,IN,IN-12-1045,2003,-0.21117922395250424,0.49099168730969234,ssm_fpar
wheat,IN,IN-12-1045,2004,0.3379518719999081,0.6525157205297063,ssm_fpar
wheat,IN,IN-12-1045,2005,-0.18375501104558872,0.6278336329504064,ssm_fpar
wheat,IN,IN-12-1045,2006,-0.3635659069633826,0.48814144014560373,ssm_fpar
wheat,IN,IN-12-1045,2007,-0.2480458826092284,0.8598241989607834,ssm_fpar
wheat,IN,IN-12-1045,2008,-0.37004287920265566,0.5371897567794097,ssm_fpar
wheat,IN,IN-12-1045,2009,-0.30127274804785453,0.6751522481389853,ssm_fpar
wheat,IN,IN-12-1045,2010,-0.6121582700517146,0.8536950394918247,ssm_fpar
wheat,IN,IN-12-1045,2011,-0.5839932544051744,1.083873179205242,ssm_fpar
wheat,IN,IN-12-1045,2012,-0.33544995928834664,0.9654788754999346,ssm_fpar
wheat,IN,IN-12-1045,2013,-0.5076329761708239,1.0034195006789595,ssm_fpar
wheat,IN,IN-12-1045,2014,-0.0545848903671008,1.2728016996705178,ssm_fpar
wheat,IN,IN-12-1045,2015,-0.2513754949616645,0.9710364814478661,ssm_fpar
wheat,IN,IN-12-1045,2016,-1.1374589439034055,0.6950964578465779,ssm_fpar
wheat,IN,IN-12-1045,2017,-0.6416548020590577,1.3045304405288416,ssm_fpar
wheat,IN,IN-12-1046,2003,-0.33387465514378845,-0.08318378178238595,ssm_fpar
wheat,IN,IN-12-1046,2004,-0.058002565449355385,0.0618237513331461,ssm_fpar
wheat,IN,IN-12-1046,2005,-0.2629563093677481,0.18336052505540887,ssm_fpar
wheat,IN,IN-12-1046,2006,-0.41759742831485713,-0.23576117600541147,ssm_fpar
wheat,IN,IN-12-1046,2007,-0.36207325407768093,0.3540594963761911,ssm_fpar
wheat,IN,IN-12-1046,2008,-0.522031673848605,-0.07203848812226643,ssm_fpar
wheat,IN,IN-12-1046,2009,-0.479263338836373,0.014421336944119314,ssm_fpar
wheat,IN,IN-12-1046,2010,-0.7246091836545461,0.2055254135749622,ssm_fpar
wheat,IN,IN-12-1046,2011,-0.5712384895443037,0.12060889045024283,ssm_fpar
wheat,IN,IN-12-1046,2012,-0.44193046904349836,0.35012791722164877,ssm_fpar
wheat,IN,IN-12-1046,2013,-0.49428602404231947,0.307055128189299,ssm_fpar
wheat,IN,IN-12-1046,2014,-0.34772401379975865,0.5039203998512308,ssm_fpar
wheat,IN,IN-12-1046,2015,-0.37369244588360656,0.7333695939555925,ssm_fpar
wheat,IN,IN-12-1046,2016,-1.5742279642830594,0.028653234487552783,ssm_fpar
wheat,IN,IN-12-1046,2017,-0.9090495982054497,0.5727754095559798,ssm_fpar
wheat,IN,IN-12-2013,2008,-0.9302044191416423,0.18254284800856801,ssm_fpar
wheat,IN,IN-12-2013,2009,-0.24782099256743326,0.6487335653768254,ssm_fpar
wheat,IN,IN-12-2013,2010,-0.8318929997099411,1.183966147737703,ssm_fpar
wheat,IN,IN-12-2013,2011,-0.4706586240392533,1.1640663770000623,ssm_fpar
wheat,IN,IN-12-2013,2012,-0.4719791366153868,0.6678075119231497,ssm_fpar
wheat,IN,IN-12-2013,2013,-0.584410071471303,0.868258373616532,ssm_fpar
wheat,IN,IN-12-2013,2014,-0.22847810129943938,1.258676943995251,ssm_fpar
wheat,IN,IN-12-2013,2015,-0.8693198870501907,1.2239167817107839,ssm_fpar
wheat,IN,IN-12-2013,2016,-1.9561610860830525,0.898872380005916,ssm_fpar
wheat,IN,IN-12-2013,2017,-1.5691845629636403,1.3752470279846667,ssm_fpar
wheat,IN,IN-12-2026,2010,-0.8166853668319833,0.5439205515336704,ssm_fpar
wheat,IN,IN-12-2026,2011,-0.8907058418335198,0.5759143879395843,ssm_fpar
wheat,IN,IN-12-2026,2012,-0.48622252272198985,0.4862224742668769,ssm_fpar
wheat,IN,IN-12-2026,2013,-0.5631218961588738,0.710660010633094,ssm_fpar
wheat,IN,IN-12-2026,2014,-0.23759212244643843,0.685346832707658,ssm_fpar
wheat,IN,IN-12-2026,2015,-0.5168286020275868,0.861374036523848,ssm_fpar
wheat,IN,IN-12-2026,2016,-1.3203917317734781,0.3766759694759627,ssm_fpar
wheat,IN,IN-12-2026,2017,-0.8671433810150366,0.9076253757844441,ssm_fpar
wheat,IN,IN-12-2031,2011,-0.27829048590543687,0.7792160095544054,ssm_fpar
wheat,IN,IN-12-2031,2012,-0.43616106438386265,0.04508422620042408,ssm_fpar
wheat,IN,IN-12-2031,2013,-0.5739325228840951,0.45589583988308485,ssm_fpar
wheat,IN,IN-12-2031,2014,-0.24542092741907026,0.8566553585660663,ssm_fpar
wheat,IN,IN-12-2031,2015,-0.8416776346429695,1.2667026219658246,ssm_fpar
wheat,IN,IN-12-2031,2016,-1.828969273820176,0.6258126853329812,ssm_fpar
wheat,IN,IN-12-2031,2017,-1.2963073051657517,1.2687290389949302,ssm_fpar
wheat,IN,IN-12-2032,2011,-0.22969475333587439,1.200246364374014,ssm_fpar
wheat,IN,IN-12-2032,2012,-0.4790490719246483,1.0190457238076915,ssm_fpar
wheat,IN,IN-12-2032,2013,-0.55659212337767,1.2035378107473176,ssm_fpar
wheat,IN,IN-12-2032,2014,-0.4135872574766169,1.4721328702406205,ssm_fpar
wheat,IN,IN-12-2032,2015,-0.7161478468293585,1.4058802912610158,ssm_fpar
wheat,IN,IN-12-2032,2016,-1.5477146765108067,1.5455386420810255,ssm_fpar
wheat,IN,IN-12-2032,2017,-1.1714857573034305,2.065440520463248,ssm_fpar
wheat,IN,IN-12-2033,2011,-0.24457680750049668,0.827302678273394,ssm_fpar
wheat,IN,IN-12-2033,2012,-0.40051469905016474,0.49393559814888316,ssm_fpar
wheat,IN,IN-12-2033,2013,-0.4800510958999826,0.7423686969819111,ssm_fpar
wheat,IN,IN-12-2033,2014,-0.2137282919213969,0.8894979792977691,ssm_fpar
wheat,IN,IN-12-2033,2015,-0.8445785002244811,0.9075683457730284,ssm_fpar
wheat,IN,IN-12-2033,2016,-1.7911131414800936,0.7618759234851162,ssm_fpar
wheat,IN,IN-12-2033,2017,-1.3234703061852964,1.0714888928794724,ssm_fpar
wheat,IN,IN-13-0801,2003,1.5622639410768924,-2.5078723821040323,ssm_fpar
wheat,IN,IN-13-0801,2004,1.7385629623367964,-2.526812271091049,ssm_fpar
wheat,IN,IN-13-0801,2005,1.5048113475979965,-2.540455034861605,ssm_fpar
wheat,IN,IN-13-0801,2006,1.407323375646329,-2.548160752248627,ssm_fpar
wheat,IN,IN-13-0801,2007,1.6036440747579024,-2.503721782311941,ssm_fpar
wheat,IN,IN-13-0801,2008,1.8434809911636756,-2.5007443713261877,ssm_fpar
wheat,IN,IN-13-0801,2009,1.0789510543711458,-2.5197109236951634,ssm_fpar
wheat,IN,IN-13-0801,2010,0.709081106817549,-2.628159785928639,ssm_fpar
wheat,IN,IN-13-0801,2011,1.0386778086073747,-2.4829776711454996,ssm_fpar
wheat,IN,IN-13-0801,2012,1.0964215710016818,-2.510823129707826,ssm_fpar
wheat,IN,IN-13-0801,2013,1.0951917951343288,-2.4130396202591533,ssm_fpar
wheat,IN,IN-13-0801,2014,1.4623074151287292,-2.372173543505381,ssm_fpar
wheat,IN,IN-13-0801,2015,1.518901967395497,-2.4373388490205254,ssm_fpar
wheat,IN,IN-13-0801,2016,1.4858338506270088,-2.259014150458609,ssm_fpar
wheat,IN,IN-13-0801,2017,1.440674456791477,-2.2062650931437733,ssm_fpar
wheat,IN,IN-13-0802,2003,1.4329951272104546,-0.8967944089311476,ssm_fpar
wheat,IN,IN-13-0802,2004,1.611759161296458,-0.8166949431790863,ssm_fpar
wheat,IN,IN-13-0802,2005,1.4455516234626646,-0.7311134860956183,ssm_fpar
wheat,IN,IN-13-0802,2006,1.314848934414197,-0.8408333028692832,ssm_fpar
wheat,IN,IN-13-0802,2007,1.660835448246659,-0.5932611350138328,ssm_fpar
wheat,IN,IN-13-0802,2008,1.8228142512893,-0.5340151002942582,ssm_fpar
wheat,IN,IN-13-0802,2009,1.088464394820494,-0.6414356447633976,ssm_fpar
wheat,IN,IN-13-0802,2010,0.7665089237045422,-0.7958024058530447,ssm_fpar
wheat,IN,IN-13-0802,2011,0.8329273024509534,-0.39900062183262197,ssm_fpar
wheat,IN,IN-13-0802,2012,0.944485740970864,-0.45665307509027675,ssm_fpar
wheat,IN,IN-13-0802,2013,1.0345404635727995,-0.1277033767073789,ssm_fpar
wheat,IN,IN-13-0802,2014,1.3073430466715017,0.027433956120979056,ssm_fpar
wheat,IN,IN-13-0802,2015,1.2544439936383929,-0.012698877628838845,ssm_fpar
wheat,IN,IN-13-0802,2016,1.4039158930353604,0.04799408995188391,ssm_fpar
wheat,IN,IN-13-0802,2017,1.2782655697202205,0.002316161533365983,ssm_fpar
wheat,IN,IN-13-0803,2003,0.4829068934672936,-0.05142388481106178,ssm_fpar
wheat,IN,IN-13-0803,2004,0.6155588410931311,-0.13283341139686683,ssm_fpar
wheat,IN,IN-13-0803,2005,0.5053379439043678,0.059704647309596445,ssm_fpar
wheat,IN,IN-13-0803,2006,0.07052212592604983,-0.20810324989621967,ssm_fpar
wheat,IN,IN-13-0803,2007,0.3901072838542624,0.4357525435901919,ssm_fpar
wheat,IN,IN-13-0803,2008,0.5655003436091566,0.511638306212857,ssm_fpar
wheat,IN,IN-13-0803,2009,0.15694306250317167,0.16166541993231986,ssm_fpar
wheat,IN,IN-13-0803,2010,-0.19776334400258946,0.3567187243372022,ssm_fpar
wheat,IN,IN-13-0803,2011,-0.37170977481172524,0.8574454834515486,ssm_fpar
wheat,IN,IN-13-0803,2012,-0.18180762592629957,0.3645595361928301,ssm_fpar
wheat,IN,IN-13-0803,2013,-0.21957470952412034,0.8294942601407747,ssm_fpar
wheat,IN,IN-13-0803,2014,0.016585978072676526,0.8568197827548402,ssm_fpar
wheat,IN,IN-13-0803,2015,0.021071383797992626,0.819668803887774,ssm_fpar
wheat,IN,IN-13-0803,2016,-0.028524877218107925,0.8516675285803811,ssm_fpar
wheat,IN,IN-13-0804,2003,0.23368089916778945,0.003622667249500877,ssm_fpar
wheat,IN,IN-13-0804,2004,0.43754924133221557,-0.0688128537472919,ssm_fpar
wheat,IN,IN-13-0804,2005,0.29100511668718615,0.1424588971256807,ssm_fpar
wheat,IN,IN-13-0804,2006,-0.186495910101339,-0.14970955462002233,ssm_fpar
wheat,IN,IN-13-0804,2007,0.045597036388145704,0.38903296571635215,ssm_fpar
wheat,IN,IN-13-0804,2008,0.2994050169447956,0.30534549753159357,ssm_fpar
wheat,IN,IN-13-0804,2009,-0.049261794314995076,0.0365163927966381,ssm_fpar
wheat,IN,IN-13-0804,2010,-0.43503737090146827,0.20942842482026033,ssm_fpar
wheat,IN,IN-13-0804,2011,-0.5938649572394472,0.8329604997958313,ssm_fpar
wheat,IN,IN-13-0804,2012,-0.4183891781166432,0.3049633223901368,ssm_fpar
wheat,IN,IN-13-0804,2013,-0.508671581567781,0.7128330762629906,ssm_fpar
wheat,IN,IN-13-0804,2014,-0.21536608949331695,0.770550410416759,ssm_fpar
wheat,IN,IN-13-0804,2015,-0.2208988472154118,0.7532192121414459,ssm_fpar
wheat,IN,IN-13-0804,2016,-0.31022168466562305,0.778576088387323,ssm_fpar
wheat,IN,IN-13-0804,2017,-0.29942556568139583,0.7799981354252913,ssm_fpar
wheat,IN,IN-13-0805,2003,0.41077391281792935,-0.768033382319017,ssm_fpar
wheat,IN,IN-13-0805,2004,0.8152621150844261,-0.7425787403392795,ssm_fpar
wheat,IN,IN-13-0805,2005,0.4926542404444184,-0.30751233686517887,ssm_fpar
wheat,IN,IN-13-0805,2006,0.1969437998899409,-0.5799943249289359,ssm_fpar
wheat,IN,IN-13-0805,2007,0.377224582295882,-0.35889267390597485,ssm_fpar
wheat,IN,IN-13-0805,2008,0.5735124423856616,-0.5015862063726546,ssm_fpar
wheat,IN,IN-13-0805,2009,0.08615680569361356,-0.6184518095121467,ssm_fpar
wheat,IN,IN-13-0805,2010,-0.17862333025871707,-0.5242234176584044,ssm_fpar
wheat,IN,IN-13-0805,2011,-0.37355872068323265,-0.36113239799078406,ssm_fpar
wheat,IN,IN-13-0805,2012,-0.10926218027365696,-0.25918940095603366,ssm_fpar
wheat,IN,IN-13-0805,2013,-0.09255114987376056,-0.11368732558935278,ssm_fpar
wheat,IN,IN-13-0805,2014,0.09698944367920531,-0.2054360229206213,ssm_fpar
wheat,IN,IN-13-0805,2015,-0.02103493445161115,0.08704350161463682,ssm_fpar
wheat,IN,IN-13-0805,2016,-0.016977525455819566,0.021060519052651168,ssm_fpar
wheat,IN,IN-13-0805,2017,-0.10921970669345246,0.28651226207243374,ssm_fpar
wheat,IN,IN-13-0806,2003,0.6466757596805512,-0.3168089693759317,ssm_fpar
wheat,IN,IN-13-0806,2004,1.0640737338201802,-0.43584319424833207,ssm_fpar
wheat,IN,IN-13-0806,2005,0.8047480156036493,-0.019245626679916576,ssm_fpar
wheat,IN,IN-13-0806,2006,0.438128516905751,-0.6253220742643545,ssm_fpar
wheat,IN,IN-13-0806,2007,0.5266987715353052,-0.06623539349095768,ssm_fpar
wheat,IN,IN-13-0806,2008,0.8164935228176264,-0.2139771929424582,ssm_fpar
wheat,IN,IN-13-0806,2009,0.4774888384394417,-0.04302936339002634,ssm_fpar
wheat,IN,IN-13-0806,2010,0.13003629401279368,-0.40534028528379323,ssm_fpar
wheat,IN,IN-13-0806,2011,-0.27063223289796995,0.39574325017679474,ssm_fpar
wheat,IN,IN-13-0806,2012,-0.007457043919725645,-0.0636312698526744,ssm_fpar
wheat,IN,IN-13-0806,2013,0.044126469218233114,-0.08261559780962341,ssm_fpar
wheat,IN,IN-13-0806,2014,0.3610359117139617,0.3099671504050154,ssm_fpar
wheat,IN,IN-13-0806,2015,0.23955882282375957,0.26591035560978565,ssm_fpar
wheat,IN,IN-13-0806,2016,0.010951706840575925,0.3977074526479955,ssm_fpar
wheat,IN,IN-13-0806,2017,0.1452349015659757,0.4665878560498563,ssm_fpar
wheat,IN,IN-13-0807,2003,0.5340793789325857,-0.7617852631459187,ssm_fpar
wheat,IN,IN-13-0807,2004,1.1549471903780393,-0.7946967642810289,ssm_fpar
wheat,IN,IN-13-0807,2005,0.8756282496658954,-0.6272596133535958,ssm_fpar
wheat,IN,IN-13-0807,2006,0.6098303095626685,-0.7840936260541314,ssm_fpar
wheat,IN,IN-13-0807,2007,0.8167901750601152,-0.6989752230374076,ssm_fpar
wheat,IN,IN-13-0807,2008,0.9959128355330992,-0.7179951021703115,ssm_fpar
wheat,IN,IN-13-0807,2009,0.3518948503327629,-1.087753995425465,ssm_fpar
wheat,IN,IN-13-0807,2010,0.33026612094944574,-0.8729271269575618,ssm_fpar
wheat,IN,IN-13-0807,2011,0.03182898855155927,-0.6381471609880792,ssm_fpar
wheat,IN,IN-13-0807,2012,0.3600618390081566,-0.5578370545185123,ssm_fpar
wheat,IN,IN-13-0807,2013,0.40664419197221136,-0.6155810520542401,ssm_fpar
wheat,IN,IN-13-0807,2014,0.7481028780128443,-0.505487947933096,ssm_fpar
wheat,IN,IN-13-0807,2015,0.49780026753988965,-0.2932652031034858,ssm_fpar
wheat,IN,IN-13-0807,2016,0.37531966189558463,-0.4970978704090587,ssm_fpar
wheat,IN,IN-13-0807,2017,0.3091866801304214,-0.3313316247512436,ssm_fpar
wheat,IN,IN-13-0810,2003,0.6075154494409892,-0.1921932098794945,ssm_fpar
wheat,IN,IN-13-0810,2004,1.0421774211382318,-0.09745821376847691,ssm_fpar
wheat,IN,IN-13-0810,2005,0.7169675709523401,0.210237214073105,ssm_fpar
wheat,IN,IN-13-0810,2006,0.45832996253881175,-0.06992382799570517,ssm_fpar
wheat,IN,IN-13-0810,2007,0.6442431819051652,0.0729474603507232,ssm_fpar
wheat,IN,IN-13-0810,2008,0.8645502184552787,0.15092007700162943,ssm_fpar
wheat,IN,IN-13-0810,2009,0.2789728378367501,-0.0349236952735742,ssm_fpar
wheat,IN,IN-13-0810,2010,0.09550001506050151,0.125341005906072,ssm_fpar
wheat,IN,IN-13-0810,2011,-0.13935035035850363,0.21501884723829343,ssm_fpar
wheat,IN,IN-13-0810,2012,0.1704336824638313,0.2888053129211619,ssm_fpar
wheat,IN,IN-13-0810,2013,0.21312101646414344,0.3072652610328619,ssm_fpar
wheat,IN,IN-13-0810,2014,0.4692096394030667,0.322498939927158,ssm_fpar
wheat,IN,IN-13-0810,2015,0.2411473021141641,0.49074488010743567,ssm_fpar
wheat,IN,IN-13-0810,2016,0.26258993826281507,0.4207001756932329,ssm_fpar
wheat,IN,IN-13-0810,2017,0.16982176942540808,0.5737568759491567,ssm_fpar
wheat,IN,IN-13-0814,2003,0.4852468065539409,-0.3277676193623265,ssm_fpar
wheat,IN,IN-13-0814,2004,0.9824150705323638,-0.3235725806003023,ssm_fpar
wheat,IN,IN-13-0814,2005,0.7966749497286455,-0.1478075667067374,ssm_fpar
wheat,IN,IN-13-0814,2006,0.24491351769871048,-0.5305781903593504,ssm_fpar
wheat,IN,IN-13-0814,2007,0.3074240742135796,0.017576503809621544,ssm_fpar
wheat,IN,IN-13-0814,2008,0.6400232897873298,0.13721509867314868,ssm_fpar
wheat,IN,IN-13-0814,2009,0.40559791215114327,-0.09243661016562532,ssm_fpar
wheat,IN,IN-13-0814,2010,-0.056050047251450096,-0.051143919300464274,ssm_fpar
wheat,IN,IN-13-0814,2011,-0.25661958662328455,0.5158084591517208,ssm_fpar
wheat,IN,IN-13-0814,2012,-0.07177480272896829,0.1765702504490788,ssm_fpar
wheat,IN,IN-13-0814,2013,-0.1571257100257104,0.5761210291497866,ssm_fpar
wheat,IN,IN-13-0814,2014,0.04783207385482761,0.7430338002319602,ssm_fpar
wheat,IN,IN-13-0814,2015,0.04931309817412392,0.6623770697968832,ssm_fpar
wheat,IN,IN-13-0814,2016,-0.09060728136829203,0.4198025085005136,ssm_fpar
wheat,IN,IN-13-0814,2017,-0.018578156107674434,0.701607792456983,ssm_fpar
wheat,IN,IN-13-0816,2003,1.2340214225023005,-0.7711589232045641,ssm_fpar
wheat,IN,IN-13-0816,2004,1.4826568566231964,-0.8708962660314484,ssm_fpar
wheat,IN,IN-13-0816,2005,1.1902624193123161,-0.6877403107879217,ssm_fpar
wheat,IN,IN-13-0816,2006,0.9206481125017857,-0.7689021641812729,ssm_fpar
wheat,IN,IN-13-0816,2007,0.8545143480245359,-0.6599748423714831,ssm_fpar
wheat,IN,IN-13-0816,2008,0.8753442959736254,-0.434209321453662,ssm_fpar
wheat,IN,IN-13-0816,2009,0.7484748439187737,-0.7369327692088242,ssm_fpar
wheat,IN,IN-13-0816,2010,0.4524005393732147,-0.8250441368507797,ssm_fpar
wheat,IN,IN-13-0816,2011,0.2272318952267378,-0.3041401596964859,ssm_fpar
wheat,IN,IN-13-0816,2012,0.34192863505649573,-0.3693499041815729,ssm_fpar
wheat,IN,IN-13-0816,2013,0.07069318075341334,-0.10543945276909866,ssm_fpar
wheat,IN,IN-13-0816,2014,0.2705062818388239,0.02831221829682418,ssm_fpar
wheat,IN,IN-13-0816,2015,0.5282665142287049,0.806340075504759,ssm_fpar
wheat,IN,IN-13-0816,2016,0.42562564430935945,0.6637080169464924,ssm_fpar
wheat,IN,IN-13-0816,2017,0.5513293359288274,1.1394768136350937,ssm_fpar
wheat,IN,IN-13-0817,2003,-0.003608549257085717,-1.0210230708156267,ssm_fpar
wheat,IN,IN-13-0817,2004,0.7633586120162988,-1.0270695054328525,ssm_fpar
wheat,IN,IN-13-0817,2005,0.35173296228390427,-1.136130941775,ssm_fpar
wheat,IN,IN-13-0817,2006,0.11839172585051026,-1.0422006328580689,ssm_fpar
wheat,IN,IN-13-0817,2007,0.19517787179676632,-1.204852732238008,ssm_fpar
wheat,IN,IN-13-0817,2008,0.3262329160695973,-1.2813957814098624,ssm_fpar
wheat,IN,IN-13-0817,2009,-0.13489514030796462,-1.6237713813900334,ssm_fpar
wheat,IN,IN-13-0817,2010,-0.19723126933821586,-1.2661819291329324,ssm_fpar
wheat,IN,IN-13-0817,2011,-0.4997339228797069,-0.8196783021500426,ssm_fpar
wheat,IN,IN-13-0817,2012,-0.11689832128808075,-1.0686801058521809,ssm_fpar
wheat,IN,IN-13-0817,2013,-0.16055067969730133,-0.941750101536727,ssm_fpar
wheat,IN,IN-13-0817,2014,0.3513007524532199,-0.866410322935457,ssm_fpar
wheat,IN,IN-13-0817,2015,-0.005216447072729142,-0.9162633267633501,ssm_fpar
wheat,IN,IN-13-0817,2016,-0.29406179291140394,-1.3885244643979977,ssm_fpar
wheat,IN,IN-13-0817,2017,-0.10719977524587553,-1.2078985108698175,ssm_fpar
wheat,IN,IN-13-0819,2003,1.1745008031477777,-0.2762361898237414,ssm_fpar
wheat,IN,IN-13-0819,2004,1.4626736429215588,-0.2016995943283438,ssm_fpar
wheat,IN,IN-13-0819,2005,1.32495180320873,-0.06705010793980375,ssm_fpar
wheat,IN,IN-13-0819,2006,0.8778706334256693,-0.35270676929079103,ssm_fpar
wheat,IN,IN-13-0819,2007,0.9160463993677801,-0.1708536165159028,ssm_fpar
wheat,IN,IN-13-0819,2008,1.1168781966274903,0.11130717920007287,ssm_fpar
wheat,IN,IN-13-0819,2009,0.9084736885336123,-0.07698962421564434,ssm_fpar
wheat,IN,IN-13-0819,2010,0.5144068652050318,0.016794377938735682,ssm_fpar
wheat,IN,IN-13-0819,2011,0.38128091166028655,0.5976472661871135,ssm_fpar
wheat,IN,IN-13-0819,2012,0.5499680723872397,0.34796869115666945,ssm_fpar
wheat,IN,IN-13-0819,2013,0.21743016906008225,0.34460880876965355,ssm_fpar
wheat,IN,IN-13-0819,2014,0.4821339067699442,0.8180645570730595,ssm_fpar
wheat,IN,IN-13-0819,2015,0.6206253198557147,1.104562596254842,ssm_fpar
wheat,IN,IN-13-0819,2016,0.46772175311490927,1.0890329538207648,ssm_fpar
wheat,IN,IN-13-0819,2017,0.7176696893967093,1.0082833459385199,ssm_fpar
wheat,IN,IN-13-0820,2003,1.1738522046753954,-0.46331536546318863,ssm_fpar
wheat,IN,IN-13-0820,2004,1.3572598978367791,-0.3863888421645919,ssm_fpar
wheat,IN,IN-13-0820,2005,1.2249813792185857,-0.06964830638209604,ssm_fpar
wheat,IN,IN-13-0820,2006,0.8308973803366857,-0.16971597888552034,ssm_fpar
wheat,IN,IN-13-0820,2007,0.8748182490842582,0.09035864877191402,ssm_fpar
wheat,IN,IN-13-0820,2008,1.0941150577175358,0.2055826763619459,ssm_fpar
wheat,IN,IN-13-0820,2009,0.8062830521653322,0.07691141646907981,ssm_fpar
wheat,IN,IN-13-0820,2010,0.46811925937143445,0.11736865469943673,ssm_fpar
wheat,IN,IN-13-0820,2011,0.29684648522277846,0.7946363321224373,ssm_fpar
wheat,IN,IN-13-0820,2012,0.4692199113245764,0.05478880845519262,ssm_fpar
wheat,IN,IN-13-0820,2013,0.28410915112362123,0.21187256816677769,ssm_fpar
wheat,IN,IN-13-0820,2014,0.5306540949735125,0.9358722663752027,ssm_fpar
wheat,IN,IN-13-0820,2015,0.6086951742682888,1.4164619506524339,ssm_fpar
wheat,IN,IN-13-0820,2016,0.42846341694227424,1.2380963682381838,ssm_fpar
wheat,IN,IN-13-0820,2017,0.6321662709461922,1.1962313034402328,ssm_fpar
wheat,IN,IN-13-0824,2003,1.409771828209499,-0.30633026026486393,ssm_fpar
wheat,IN,IN-13-0824,2004,2.0406280386768088,-0.41350816795815987,ssm_fpar
wheat,IN,IN-13-0824,2005,1.740814954161962,-0.23523679616016244,ssm_fpar
wheat,IN,IN-13-0824,2006,1.529610548865619,-0.3090321496370174,ssm_fpar
wheat,IN,IN-13-0824,2007,1.7226414674712416,-0.29998437535790445,ssm_fpar
wheat,IN,IN-13-0824,2008,1.9258037125533478,-0.1202198541700467,ssm_fpar
wheat,IN,IN-13-0824,2009,1.222129171672473,-0.5900641955165881,ssm_fpar
wheat,IN,IN-13-0824,2010,1.1948907448170867,-0.11916220668555172,ssm_fpar
wheat,IN,IN-13-0824,2011,0.8937083099834892,0.00046750038399864634,ssm_fpar
wheat,IN,IN-13-0824,2012,1.267456567659163,0.08756788145989627,ssm_fpar
wheat,IN,IN-13-0824,2013,1.3361102571908599,0.16792242689940468,ssm_fpar
wheat,IN,IN-13-0824,2014,1.8344957235467672,0.2049045376807087,ssm_fpar
wheat,IN,IN-13-0824,2015,1.3647913566303673,0.18839101645223724,ssm_fpar
wheat,IN,IN-13-0824,2016,1.2758153059107542,0.15913239864592854,ssm_fpar
wheat,IN,IN-13-0824,2017,1.2077683045672163,0.12438112415543817,ssm_fpar
wheat,IN,IN-13-2061,2016,0.9682951151128116,-0.34772960465788166,ssm_fpar
wheat,IN,IN-13-2061,2017,0.8532516754584087,-0.18811667503729995,ssm_fpar
wheat,IN,IN-13-2063,2016,-0.05953299266999248,-1.0895315542229307,ssm_fpar
wheat,IN,IN-13-2063,2017,-0.050388774410044815,-0.8005763818418762,ssm_fpar
wheat,IN,IN-14-0001,2003,-0.2398126775447786,-1.3144029972494495,ssm_fpar
wheat,IN,IN-14-0001,2004,1.3505956388854663,-0.5207645844983316,ssm_fpar
wheat,IN,IN-14-0001,2005,0.5060157531535487,-0.9206251825817517,ssm_fpar
wheat,IN,IN-14-0001,2006,0.7877159085675941,-0.9231971734263956,ssm_fpar
wheat,IN,IN-14-0001,2007,0.9003549420231116,-1.0383200852678969,ssm_fpar
wheat,IN,IN-14-0001,2008,1.0103653341477556,-0.6234348993410463,ssm_fpar
wheat,IN,IN-14-0001,2009,0.2535720471719592,-1.0802465442120093,ssm_fpar
wheat,IN,IN-14-0001,2010,0.3215771889361167,-0.4635929381061817,ssm_fpar
wheat,IN,IN-14-0001,2011,0.6693779807067508,-0.5430689592938569,ssm_fpar
wheat,IN,IN-14-0001,2012,0.6040755203376197,-0.4166033422142411,ssm_fpar
wheat,IN,IN-14-0001,2013,0.9889603077904404,-0.3926751788518345,ssm_fpar
wheat,IN,IN-14-0001,2014,1.5437762427189687,-0.2807559749045348,ssm_fpar
wheat,IN,IN-14-0001,2015,0.9180895088687435,-0.47160972828275916,ssm_fpar
wheat,IN,IN-14-0001,2016,0.34285165944065377,-0.6718859676135084,ssm_fpar
wheat,IN,IN-14-0001,2017,0.5564043431151507,-0.5519205184287871,ssm_fpar
wheat,IN,IN-14-0002,2003,-0.7093527905424444,-1.7291402811686758,ssm_fpar
wheat,IN,IN-14-0002,2004,0.02722649165168841,-1.3272328697084026,ssm_fpar
wheat,IN,IN-14-0002,2005,-0.487117751442927,-1.4873129782436978,ssm_fpar
wheat,IN,IN-14-0002,2006,-0.19792887897828032,-1.3871256623596822,ssm_fpar
wheat,IN,IN-14-0002,2007,-0.25122238813327197,-1.5274194904497864,ssm_fpar
wheat,IN,IN-14-0002,2008,-0.0574326773752364,-1.4707980896623034,ssm_fpar
wheat,IN,IN-14-0002,2009,-0.5518456771307252,-1.5985327811718448,ssm_fpar
wheat,IN,IN-14-0002,2010,-0.5718268218818326,-1.4531400940388564,ssm_fpar
wheat,IN,IN-14-0002,2011,0.01624918004478078,-1.0766066507359615,ssm_fpar
wheat,IN,IN-14-0002,2012,-0.6502342780789683,-1.4666768879580263,ssm_fpar
wheat,IN,IN-14-0002,2013,-0.3593227828982803,-1.1817875394879467,ssm_fpar
wheat,IN,IN-14-0002,2014,0.03799630529529198,-1.0085616999689146,ssm_fpar
wheat,IN,IN-14-0002,2015,-0.2898504767207484,-1.156782072942809,ssm_fpar
wheat,IN,IN-14-0002,2016,-0.5448654736180344,-1.2011150730280997,ssm_fpar
wheat,IN,IN-14-0002,2017,-0.5365921292112759,-1.0554441295756571,ssm_fpar
wheat,IN,IN-14-0003,2003,0.09805288967065921,-1.258651460811964,ssm_fpar
wheat,IN,IN-14-0003,2004,2.0257962178927498,-0.7361506433379383,ssm_fpar
wheat,IN,IN-14-0003,2005,1.0272632976424085,-1.1797952493088244,ssm_fpar
wheat,IN,IN-14-0003,2006,1.3417339071531478,-1.212302355817507,ssm_fpar
wheat,IN,IN-14-0003,2007,1.4804251174408396,-1.2889588383087809,ssm_fpar
wheat,IN,IN-14-0003,2008,1.582545547979764,-1.2157323036471168,ssm_fpar
wheat,IN,IN-14-0003,2009,0.7209877510262719,-1.5423105904642997,ssm_fpar
wheat,IN,IN-14-0003,2010,0.6766727337786252,-1.008908893664806,ssm_fpar
wheat,IN,IN-14-0003,2011,1.1972170108217406,-1.1045237813805708,ssm_fpar
wheat,IN,IN-14-0003,2012,1.0631692568916327,-1.1782961747229637,ssm_fpar
wheat,IN,IN-14-0003,2013,1.4508164700003507,-1.1090780351495784,ssm_fpar
wheat,IN,IN-14-0003,2014,2.014166211402046,-0.9374014064901892,ssm_fpar
wheat,IN,IN-14-0003,2015,1.325738197062455,-1.112133214332735,ssm_fpar
wheat,IN,IN-14-0003,2016,0.7397012441537957,-1.355749128824619,ssm_fpar
wheat,IN,IN-14-0003,2017,0.97921190101189,-1.1960243611297006,ssm_fpar
wheat,IN,IN-14-0004,2003,-0.7395758171406593,-1.3029794472698852,ssm_fpar
wheat,IN,IN-14-0004,2004,-0.02323483764131113,-0.6966138045426227,ssm_fpar
wheat,IN,IN-14-0004,2005,-0.5447501796759385,-1.021925523743565,ssm_fpar
wheat,IN,IN-14-0004,2006,-0.5594960148656116,-1.1494722042264487,ssm_fpar
wheat,IN,IN-14-0004,2007,-0.5278162319428868,-1.0621072403603125,ssm_fpar
wheat,IN,IN-14-0004,2008,-0.5701718582874389,-1.039350385693971,ssm_fpar
wheat,IN,IN-14-0004,2009,-0.8480919659119754,-1.1484494242414482,ssm_fpar
wheat,IN,IN-14-0004,2010,-0.854594409906492,-0.9465707042601669,ssm_fpar
wheat,IN,IN-14-0004,2011,-0.8024462183906652,-0.8852264664831146,ssm_fpar
wheat,IN,IN-14-0004,2012,-0.5213968159960867,-0.8346364594307295,ssm_fpar
wheat,IN,IN-14-0004,2013,-0.4630005482319477,-0.8566487904315244,ssm_fpar
wheat,IN,IN-14-0004,2014,-0.18594581930479828,-0.640180414781797,ssm_fpar
wheat,IN,IN-14-0004,2015,-0.47767802006804105,-0.7009004559503659,ssm_fpar
wheat,IN,IN-14-0004,2016,-0.7391631569606255,-1.0682740020346104,ssm_fpar
wheat,IN,IN-14-0004,2017,-0.6699004047507925,-1.0250013841396497,ssm_fpar
wheat,IN,IN-14-0005,2003,0.006370398820375412,-1.1879342466527276,ssm_fpar
wheat,IN,IN-14-0005,2004,0.9288918227965987,-0.7518583379115613,ssm_fpar
wheat,IN,IN-14-0005,2005,0.3186101118442492,-1.1050614929168048,ssm_fpar
wheat,IN,IN-14-0005,2006,0.3349801637682284,-0.9068007317917903,ssm_fpar
wheat,IN,IN-14-0005,2007,0.34702056776292056,-1.0289264276727845,ssm_fpar
wheat,IN,IN-14-0005,2008,0.34409763543149463,-0.9161862422424175,ssm_fpar
wheat,IN,IN-14-0005,2009,-0.07492446249593426,-1.0980142129343489,ssm_fpar
wheat,IN,IN-14-0005,2010,-0.12872747153195593,-1.0470456770149643,ssm_fpar
wheat,IN,IN-14-0005,2011,0.18306928724370064,-0.9551947700528466,ssm_fpar
wheat,IN,IN-14-0005,2012,0.206015047906413,-1.0008513677657835,ssm_fpar
wheat,IN,IN-14-0005,2013,0.29849525596274334,-0.806061290192834,ssm_fpar
wheat,IN,IN-14-0005,2014,0.5381907282923207,-0.6518602864610451,ssm_fpar
wheat,IN,IN-14-0005,2015,0.21602275276706892,-0.8777968974131226,ssm_fpar
wheat,IN,IN-14-0005,2016,-0.02476307129683212,-0.7196200871709951,ssm_fpar
wheat,IN,IN-14-0005,2017,0.06178887034612851,-0.6699469472252748,ssm_fpar
wheat,IN,IN-14-0006,2003,-0.45635441712373287,-1.323450087852101,ssm_fpar
wheat,IN,IN-14-0006,2004,0.43425048037388936,-1.0074035520447238,ssm_fpar
wheat,IN,IN-14-0006,2005,-0.09173462823819938,-1.1281517538037522,ssm_fpar
wheat,IN,IN-14-0006,2006,-0.1964630062697913,-1.2372207105869637,ssm_fpar
wheat,IN,IN-14-0006,2007,-0.10356416005500291,-1.1666940142680693,ssm_fpar
wheat,IN,IN-14-0006,2008,-0.1784173769452653,-1.1382742674788713,ssm_fpar
wheat,IN,IN-14-0006,2009,-0.41181996741895893,-1.2035140937282238,ssm_fpar
wheat,IN,IN-14-0006,2010,-0.4487269817826628,-0.8537684615031609,ssm_fpar
wheat,IN,IN-14-0006,2011,-0.5393433504011421,-0.932642847405554,ssm_fpar
wheat,IN,IN-14-0006,2012,-0.13181735047741155,-1.015488026190896,ssm_fpar
wheat,IN,IN-14-0006,2013,-0.11405689348617126,-0.8721408990279087,ssm_fpar
wheat,IN,IN-14-0006,2014,0.1703666189161435,-0.7427968331302024,ssm_fpar
wheat,IN,IN-14-0006,2015,-0.15302230363026545,-0.9408476486087888,ssm_fpar
wheat,IN,IN-14-0006,2016,-0.4201993585700831,-0.9849775967852941,ssm_fpar
wheat,IN,IN-14-0006,2017,-0.21457352241529432,-0.8833689175397611,ssm_fpar
wheat,IN,IN-14-0501,2003,-0.3747562675886524,-0.900981790516815,ssm_fpar
wheat,IN,IN-14-0501,2004,0.9584489559392976,-0.21629075408500442,ssm_fpar
wheat,IN,IN-14-0501,2005,0.27342933698523636,-0.7599359183200909,ssm_fpar
wheat,IN,IN-14-0501,2006,0.49442185674691363,-0.6608992299192021,ssm_fpar
wheat,IN,IN-14-0501,2007,0.5345310352574276,-0.7897920693529336,ssm_fpar
wheat,IN,IN-14-0501,2008,0.6535162660459978,-0.39579616189431294,ssm_fpar
wheat,IN,IN-14-0501,2009,-0.0007624878107019365,-0.8582807261428911,ssm_fpar
wheat,IN,IN-14-0501,2010,0.10546645390315089,-0.029934224464372883,ssm_fpar
wheat,IN,IN-14-0501,2011,0.33342179200967653,-0.14255282943083494,ssm_fpar
wheat,IN,IN-14-0501,2012,0.267029869335619,-0.2046641521966448,ssm_fpar
wheat,IN,IN-14-0501,2013,0.6373276837413726,-0.06622035260882973,ssm_fpar
wheat,IN,IN-14-0501,2014,1.169156025846404,0.04265307270666043,ssm_fpar
wheat,IN,IN-14-0501,2015,0.623025779035419,0.004757570174038297,ssm_fpar
wheat,IN,IN-14-0501,2016,0.10934731424801082,-0.49650238821189824,ssm_fpar
wheat,IN,IN-14-0501,2017,0.22779280881209013,-0.19530872351028356,ssm_fpar
wheat,IN,IN-14-1055,2003,-0.8230544677818631,-0.27786060509404364,ssm_fpar
wheat,IN,IN-14-1055,2004,-0.2239170152974735,0.4327157894876512,ssm_fpar
wheat,IN,IN-14-1055,2005,-0.5888060577146053,-0.016841136568112414,ssm_fpar
wheat,IN,IN-14-1055,2006,-0.3382949919788615,0.17846471792130011,ssm_fpar
wheat,IN,IN-14-1055,2008,-0.16224628044015865,0.03362102298614623,ssm_fpar
wheat,IN,IN-14-1055,2009,-0.5601162696714672,-0.3341360655924769,ssm_fpar
wheat,IN,IN-14-1055,2011,-0.16143759532191468,0.49236792802481577,ssm_fpar
wheat,IN,IN-14-1055,2012,-0.8226022383784893,-0.06873970036600627,ssm_fpar
wheat,IN,IN-14-1055,2013,-0.5661658088991777,0.1498343987822528,ssm_fpar
wheat,IN,IN-14-1055,2014,-0.1399224937727914,0.3596772658526441,ssm_fpar
wheat,IN,IN-14-1055,2015,-0.506216078295594,0.2963476316341122,ssm_fpar
wheat,IN,IN-14-1055,2016,-0.7791371121914428,-0.10561994335469166,ssm_fpar
wheat,IN,IN-14-1055,2017,-0.6424021427119855,0.11515012458489621,ssm_fpar
wheat,IN,IN-14-1056,2003,-0.8227628104295744,-0.8606872672840788,ssm_fpar
wheat,IN,IN-14-1056,2004,0.07180719453155242,-0.1589336034798813,ssm_fpar
wheat,IN,IN-14-1056,2005,-0.46821929234577847,-0.4095209668401409,ssm_fpar
wheat,IN,IN-14-1056,2006,-0.3967568848345553,-0.5555679323458985,ssm_fpar
wheat,IN,IN-14-1056,2007,-0.3732813653222924,-0.31419937632595835,ssm_fpar
wheat,IN,IN-14-1056,2008,-0.31002574033613106,-0.35989106943055016,ssm_fpar
wheat,IN,IN-14-1056,2009,-0.704666620561777,-0.49014009506988865,ssm_fpar
wheat,IN,IN-14-1056,2010,-0.7117802716367374,-0.49739732069878223,ssm_fpar
wheat,IN,IN-14-1056,2011,-0.3771507253613363,-0.2743861613214616,ssm_fpar
wheat,IN,IN-14-1056,2012,-0.6093053179939381,-0.2613269154099843,ssm_fpar
wheat,IN,IN-14-1056,2013,-0.41921473680823335,-0.09090244018811991,ssm_fpar
wheat,IN,IN-14-1056,2014,-0.14332782169741648,-0.0467499306884227,ssm_fpar
wheat,IN,IN-14-1056,2015,-0.41891457882626454,0.02519060855092419,ssm_fpar
wheat,IN,IN-14-1056,2016,-0.6173174167704427,-0.24117087994571013,ssm_fpar
wheat,IN,IN-14-1056,2017,-0.6012882905149314,-0.15499915939540967,ssm_fpar
wheat,IN,IN-14-1059,2003,-1.0065699775164059,-0.6595674851470604,ssm_fpar
wheat,IN,IN-14-1059,2004,0.15378202811815875,0.02252774571006303,ssm_fpar
wheat,IN,IN-14-1059,2005,-0.5985944807844042,-0.39781602702401636,ssm_fpar
wheat,IN,IN-14-1059,2006,-0.5068699191444925,-0.540659911338984,ssm_fpar
wheat,IN,IN-14-1059,2007,-0.4311577053093731,-0.5321624396375886,ssm_fpar
wheat,IN,IN-14-1059,2008,-0.4405970033388402,-0.3769593371337367,ssm_fpar
wheat,IN,IN-14-1059,2009,-0.8287793448463926,-0.713134960158239,ssm_fpar
wheat,IN,IN-14-1059,2010,-0.8376904667743676,-0.06379939728893523,ssm_fpar
wheat,IN,IN-14-1059,2011,-0.6975069995568846,-0.17254748191998348,ssm_fpar
wheat,IN,IN-14-1059,2012,-0.4908033295344637,-0.046022328015258025,ssm_fpar
wheat,IN,IN-14-1059,2013,-0.34303446574169555,0.022120388485649373,ssm_fpar
wheat,IN,IN-14-1059,2014,-0.003330000535401431,0.2547295107737105,ssm_fpar
wheat,IN,IN-14-1059,2015,-0.4275897071769848,0.20548002234139226,ssm_fpar
wheat,IN,IN-14-1059,2016,-0.7753600122714388,-0.26665514790539285,ssm_fpar
wheat,IN,IN-14-1059,2017,-0.6169248729983654,-0.07925453038341113,ssm_fpar
wheat,IN,IN-14-1065,2003,0.1288381069781164,-1.2585185996864585,ssm_fpar
wheat,IN,IN-14-1065,2004,1.139632276448598,-0.7297714292035278,ssm_fpar
wheat,IN,IN-14-1065,2005,0.47486931819910433,-0.8782700584968671,ssm_fpar
wheat,IN,IN-14-1065,2006,0.36836303589268415,-1.074688938264087,ssm_fpar
wheat,IN,IN-14-1065,2007,0.4142624122169072,-0.9846617382605103,ssm_fpar
wheat,IN,IN-14-1065,2008,0.25369969090246614,-1.0329354494644944,ssm_fpar
wheat,IN,IN-14-1065,2009,0.04338563372426769,-0.9952655601638591,ssm_fpar
wheat,IN,IN-14-1065,2010,0.05776983748878897,-0.7250937148603523,ssm_fpar
wheat,IN,IN-14-1065,2011,-0.2325509181774959,-0.927844806005306,ssm_fpar
wheat,IN,IN-14-1065,2012,0.4771351317825341,-0.7970417745407635,ssm_fpar
wheat,IN,IN-14-1065,2013,0.49802187938376274,-0.5152358069078227,ssm_fpar
wheat,IN,IN-14-1065,2014,1.0093374838453968,-0.37950688654490583,ssm_fpar
wheat,IN,IN-14-1065,2015,0.5524972994409515,-0.5102647953630651,ssm_fpar
wheat,IN,IN-14-1065,2016,0.03848581543357644,-0.8163542671987789,ssm_fpar
wheat,IN,IN-14-1065,2017,0.3389495533100937,-0.673052262682194,ssm_fpar
wheat,IN,IN-14-1066,2003,0.2502416211924321,-0.8520065295962285,ssm_fpar
wheat,IN,IN-14-1066,2004,1.2092207333098612,-0.46435142830514053,ssm_fpar
wheat,IN,IN-14-1066,2005,0.6833184149106454,-0.6178366471997376,ssm_fpar
wheat,IN,IN-14-1066,2006,0.5503766886638081,-0.5743169290983134,ssm_fpar
wheat,IN,IN-14-1066,2007,0.6476330409654657,-0.6073826969433446,ssm_fpar
wheat,IN,IN-14-1066,2008,0.5643410035630021,-0.8346531118359545,ssm_fpar
wheat,IN,IN-14-1066,2009,0.1979155385514663,-0.7603511541018224,ssm_fpar
wheat,IN,IN-14-1066,2010,0.13524860242130685,-0.5857694864934284,ssm_fpar
wheat,IN,IN-14-1066,2011,0.14226649915985762,-0.5119982570288188,ssm_fpar
wheat,IN,IN-14-1066,2012,0.5563808892067885,-0.6114958410321952,ssm_fpar
wheat,IN,IN-14-1066,2013,0.5981656742907919,-0.4603500164835532,ssm_fpar
wheat,IN,IN-14-1066,2014,0.9319683257696133,-0.39049639964008376,ssm_fpar
wheat,IN,IN-14-1066,2015,0.5797543841776581,-0.5841982514849459,ssm_fpar
wheat,IN,IN-14-1066,2016,0.2096902922701663,-0.5956508088800608,ssm_fpar
wheat,IN,IN-14-1066,2017,0.40021135621041876,-0.5252734470337697,ssm_fpar
wheat,IN,IN-14-1067,2003,-0.6647713304853642,-0.7063602961644272,ssm_fpar
wheat,IN,IN-14-1067,2004,0.08339424551804017,-0.3032872163388897,ssm_fpar
wheat,IN,IN-14-1067,2005,-0.4218158869318557,-0.6469262504181855,ssm_fpar
wheat,IN,IN-14-1067,2006,-0.4472408178077696,-0.4671350658483586,ssm_fpar
wheat,IN,IN-14-1067,2007,-0.4147438012479521,-0.7248154585408981,ssm_fpar
wheat,IN,IN-14-1067,2008,-0.44011895222865427,-0.6325020444532057,ssm_fpar
wheat,IN,IN-14-1067,2009,-0.6997772929229895,-0.936854294402628,ssm_fpar
wheat,IN,IN-14-1067,2010,-0.7440669968900862,-0.4550497170549615,ssm_fpar
wheat,IN,IN-14-1067,2011,-0.6810917603125594,-0.3495454493371383,ssm_fpar
wheat,IN,IN-14-1067,2012,-0.40131319647473696,-0.6073762508510053,ssm_fpar
wheat,IN,IN-14-1067,2013,-0.35652284586082583,-0.476949241439758,ssm_fpar
wheat,IN,IN-14-1067,2014,-0.16254844710876654,-0.33516636601855126,ssm_fpar
wheat,IN,IN-14-1067,2015,-0.4202253946366011,-0.4272917690795962,ssm_fpar
wheat,IN,IN-14-1067,2016,-0.6353183526042651,-0.6694198896472203,ssm_fpar
wheat,IN,IN-14-1067,2017,-0.5509692500218663,-0.48673333526690143,ssm_fpar
wheat,IN,IN-14-1068,2003,-0.8877930388943756,-0.8724567575526925,ssm_fpar
wheat,IN,IN-14-1068,2004,-0.07954722333694583,0.028386796004061795,ssm_fpar
wheat,IN,IN-14-1068,2005,-0.6622515320761866,-0.44185134298377626,ssm_fpar
wheat,IN,IN-14-1068,2006,-0.5800911104906518,-0.5283288948040928,ssm_fpar
wheat,IN,IN-14-1068,2007,-0.5464608394723512,-0.45679445938232627,ssm_fpar
wheat,IN,IN-14-1068,2008,-0.532374611110579,-0.29151772607027604,ssm_fpar
wheat,IN,IN-14-1068,2009,-0.9312718495193546,-0.5331494975275327,ssm_fpar
wheat,IN,IN-14-1068,2010,-0.8705057233220965,0.1335977665203126,ssm_fpar
wheat,IN,IN-14-1068,2011,-0.779900527670874,0.04785721792447925,ssm_fpar
wheat,IN,IN-14-1068,2012,-0.6045519795758497,0.0999137109847648,ssm_fpar
wheat,IN,IN-14-1068,2013,-0.43914278319457656,0.29063209642378834,ssm_fpar
wheat,IN,IN-14-1068,2014,-0.03565187875797768,0.41817877690667243,ssm_fpar
wheat,IN,IN-14-1068,2015,-0.4159868924734234,0.23468001489120283,ssm_fpar
wheat,IN,IN-14-1068,2016,-0.7599729999446917,-0.1611809619518353,ssm_fpar
wheat,IN,IN-14-1068,2017,-0.7367864764194513,-0.008252792870498675,ssm_fpar
wheat,IN,IN-14-1069,2003,0.13863585998854777,-1.4716829948944292,ssm_fpar
wheat,IN,IN-14-1069,2004,1.084916962317731,-0.997005915567266,ssm_fpar
wheat,IN,IN-14-1069,2005,0.4354961265290399,-1.3104102697467197,ssm_fpar
wheat,IN,IN-14-1069,2006,0.4542345644118258,-1.2064934417972806,ssm_fpar
wheat,IN,IN-14-1069,2007,0.48301631869436007,-1.403198098325009,ssm_fpar
wheat,IN,IN-14-1069,2008,0.5464215227861143,-1.277927604671502,ssm_fpar
wheat,IN,IN-14-1069,2009,0.00292305952542317,-1.2746524525871685,ssm_fpar
wheat,IN,IN-14-1069,2010,-0.03538633685319769,-1.2015970079597604,ssm_fpar
wheat,IN,IN-14-1069,2011,0.41861052191793635,-1.0473960042279715,ssm_fpar
wheat,IN,IN-14-1069,2012,0.2727447089308103,-1.1617004414001002,ssm_fpar
wheat,IN,IN-14-1069,2013,0.41281707097586956,-0.9501679819035056,ssm_fpar
wheat,IN,IN-14-1069,2014,0.6928170613121789,-0.8510172334797759,ssm_fpar
wheat,IN,IN-14-1069,2015,0.37309091206465306,-0.9735991694521136,ssm_fpar
wheat,IN,IN-14-1069,2016,0.06802050272785409,-1.0485040158783896,ssm_fpar
wheat,IN,IN-14-1069,2017,0.15094257107496672,-0.9275840973816838,ssm_fpar
wheat,IN,IN-14-1070,2003,-0.9644514559733232,-0.7176936008512047,ssm_fpar
wheat,IN,IN-14-1070,2004,-0.3410784379683402,0.00013249891832007573,ssm_fpar
wheat,IN,IN-14-1070,2005,-0.5993236487605951,-0.2168923893702966,ssm_fpar
wheat,IN,IN-14-1070,2006,-0.5134532129083028,-0.07689185848177414,ssm_fpar
wheat,IN,IN-14-1070,2007,-0.4643824799976579,-0.22841370508373074,ssm_fpar
wheat,IN,IN-14-1070,2008,-0.43020292057061543,-0.026174003931272352,ssm_fpar
wheat,IN,IN-14-1070,2009,-0.7836822424124488,-0.64990434508041,ssm_fpar
wheat,IN,IN-14-1070,2010,-0.8163213373656018,-0.2747847446979685,ssm_fpar
wheat,IN,IN-14-1070,2011,-0.434937342574912,0.40115249833278277,ssm_fpar
wheat,IN,IN-14-1070,2012,-0.8820299892001888,-0.1737777007377277,ssm_fpar
wheat,IN,IN-14-1070,2013,-0.5946984522237774,0.005502093839594222,ssm_fpar
wheat,IN,IN-14-1070,2014,-0.15765667835167393,0.2988143363038218,ssm_fpar
wheat,IN,IN-14-1070,2015,-0.5159215867737938,0.30130360229674247,ssm_fpar
wheat,IN,IN-14-1070,2016,-0.8246369247321264,-0.08189295179080769,ssm_fpar
wheat,IN,IN-14-1070,2017,-0.7777250428208943,0.3532773705053052,ssm_fpar
wheat,IN,IN-14-2015,2007,0.5516140058101694,-0.2680013068562507,ssm_fpar
wheat,IN,IN-14-2015,2008,0.6618824395980925,-0.3097021525683662,ssm_fpar
wheat,IN,IN-14-2015,2009,0.11024201106801133,-0.7103461299295143,ssm_fpar
wheat,IN,IN-14-2015,2010,-0.016970574531492737,-0.29809811200320857,ssm_fpar
wheat,IN,IN-14-2015,2011,0.7182951116852934,0.08272198270740938,ssm_fpar
wheat,IN,IN-14-2015,2012,-0.14318288408016974,-0.6050524345615407,ssm_fpar
wheat,IN,IN-14-2015,2013,0.298599411160434,-0.43414289089090885,ssm_fpar
wheat,IN,IN-14-2015,2014,0.9645215658143647,-0.161338891214227,ssm_fpar
wheat,IN,IN-14-2015,2016,-0.0330684003940538,-0.3698656810980358,ssm_fpar
wheat,IN,IN-14-2015,2017,0.10222991229150634,-0.35141803916261943,ssm_fpar
wheat,IN,IN-14-2034,2011,-0.3389898629472609,-0.308972669784948,ssm_fpar
wheat,IN,IN-14-2034,2012,-0.5357454189907466,-0.11631589066110136,ssm_fpar
wheat,IN,IN-14-2034,2013,-0.31377774249242485,-0.2804927594672183,ssm_fpar
wheat,IN,IN-14-2034,2014,-0.014958998517950546,-0.09983672417478266,ssm_fpar
wheat,IN,IN-14-2034,2015,-0.3171966738867594,-0.10979378814643677,ssm_fpar
wheat,IN,IN-14-2034,2016,-0.5442271683517024,-0.34970713882005733,ssm_fpar
wheat,IN,IN-14-2034,2017,-0.5099072437922797,-0.27134790313070595,ssm_fpar
wheat,IN,IN-14-2035,2011,0.8764858046702725,-0.7822390397087737,ssm_fpar
wheat,IN,IN-14-2035,2012,0.9376677990908552,-0.8413465729720615,ssm_fpar
wheat,IN,IN-14-2035,2013,1.2305900729254755,-0.6470534712128908,ssm_fpar
wheat,IN,IN-14-2035,2014,1.6844155071010412,-0.6146115418601185,ssm_fpar
wheat,IN,IN-14-2035,2015,1.0913909702400664,-0.7740430123534547,ssm_fpar
wheat,IN,IN-14-2035,2016,0.5767643891491983,-1.0028963010323733,ssm_fpar
wheat,IN,IN-14-2035,2017,0.8198222319188425,-0.8283029946461431,ssm_fpar
wheat,IN,IN-14-2036,2011,-0.7993610857888716,-1.0285059096764975,ssm_fpar
wheat,IN,IN-14-2036,2012,-0.3239569208859247,-0.7590936289206738,ssm_fpar
wheat,IN,IN-14-2036,2013,-0.35937665854281287,-0.669908718316524,ssm_fpar
wheat,IN,IN-14-2036,2014,0.011615173703542502,-0.294864322344741,ssm_fpar
wheat,IN,IN-14-2036,2015,-0.30309535323827863,-0.8789017755464346,ssm_fpar
wheat,IN,IN-14-2036,2016,-0.6067630610330766,-0.8246718750180118,ssm_fpar
wheat,IN,IN-14-2036,2017,-0.3439957681908401,-0.5646451047128154,ssm_fpar
wheat,IN,IN-14-2037,2011,-0.4812041781233257,-0.05338295970881241,ssm_fpar
wheat,IN,IN-14-2037,2012,-0.3522385985983894,-0.07688433804070982,ssm_fpar
wheat,IN,IN-14-2037,2013,-0.15674652626491373,0.22389570240226028,ssm_fpar
wheat,IN,IN-14-2037,2014,0.2595602564137651,0.29916027659287087,ssm_fpar
wheat,IN,IN-14-2037,2015,-0.20662983125038412,0.20022887436690684,ssm_fpar
wheat,IN,IN-14-2037,2016,-0.5963015936201799,-0.18947286124290696,ssm_fpar
wheat,IN,IN-14-2037,2017,-0.4657885653772543,-0.0029208001545634947,ssm_fpar
wheat,IN,IN-14-2038,2011,0.0448457461290443,-0.5650888107357158,ssm_fpar
wheat,IN,IN-14-2038,2012,-0.5622932944905423,-1.1159686392764943,ssm_fpar
wheat,IN,IN-14-2038,2013,-0.2301554433524652,-0.5759934502817208,ssm_fpar
wheat,IN,IN-14-2038,2014,0.17215594130340034,-0.637420412910506,ssm_fpar
wheat,IN,IN-14-2038,2015,-0.14250040628772648,-0.7282974227545536,ssm_fpar
wheat,IN,IN-14-2038,2016,-0.449165198945359,-0.8282440845244543,ssm_fpar
wheat,IN,IN-14-2038,2017,-0.461500548228246,-0.7374272382089282,ssm_fpar
wheat,IN,IN-14-2039,2011,-0.2862605218077867,-0.03502556306620259,ssm_fpar
wheat,IN,IN-14-2039,2012,-0.7499768782219923,-0.5001272408058174,ssm_fpar
wheat,IN,IN-14-2039,2013,-0.5065066962923096,-0.29053254829060493,ssm_fpar
wheat,IN,IN-14-2039,2014,-0.14601141701600567,-0.1669340993674787,ssm_fpar
wheat,IN,IN-14-2039,2015,-0.40253449132941077,-0.1389054155137235,ssm_fpar
wheat,IN,IN-14-2039,2016,-0.6297614182081104,-0.293811460595475,ssm_fpar
wheat,IN,IN-14-2039,2017,-0.6517158703301266,-0.22569882585883327,ssm_fpar
wheat,IN,IN-14-2040,2011,-0.876641646198952,-0.10258168516394646,ssm_fpar
wheat,IN,IN-14-2040,2012,-0.6344070902762323,0.05295733037420529,ssm_fpar
wheat,IN,IN-14-2040,2013,-0.52019361019024,-0.12510540615723706,ssm_fpar
wheat,IN,IN-14-2040,2014,-0.17949792641024384,0.16531898693757274,ssm_fpar
wheat,IN,IN-14-2040,2015,-0.5418438668783769,0.16585293825327005,ssm_fpar
wheat,IN,IN-14-2040,2016,-0.8213700811484348,0.0980191865395033,ssm_fpar
wheat,IN,IN-14-2040,2017,-0.7757531323626923,-0.1689119753678943,ssm_fpar
wheat,IN,IN-14-2041,2016,-0.8577672135301112,-0.0821862489923898,ssm_fpar
wheat,IN,IN-14-2041,2017,-0.7722102824349565,0.18465404091879006,ssm_fpar
wheat,IN,IN-14-2042,2011,-0.7965605031024997,-1.018526284381642,ssm_fpar
wheat,IN,IN-14-2042,2012,-0.23824372520291118,-0.8392314489221825,ssm_fpar
wheat,IN,IN-14-2042,2013,-0.24009132623001841,-0.6705705171303474,ssm_fpar
wheat,IN,IN-14-2042,2014,0.08191224520560772,-0.48783884010363504,ssm_fpar
wheat,IN,IN-14-2042,2015,-0.33092837997171975,-0.8287253927526937,ssm_fpar
wheat,IN,IN-14-2042,2016,-0.639919621258091,-0.846699246900925,ssm_fpar
wheat,IN,IN-14-2042,2017,-0.29011047356692116,-0.7963047713162712,ssm_fpar
wheat,IN,IN-15-0910,2003,0.7837615557921898,-1.1455615748720207,ssm_fpar
wheat,IN,IN-15-0910,2004,1.7314040254632437,-1.1632872544650728,ssm_fpar
wheat,IN,IN-15-0910,2005,1.2535865768804382,-1.0241440538580955,ssm_fpar
wheat,IN,IN-15-0910,2006,0.8931561392213848,-1.3458008387008717,ssm_fpar
wheat,IN,IN-15-0910,2007,1.0026620018002619,-0.986429041911067,ssm_fpar
wheat,IN,IN-15-0910,2008,1.3507288233795705,-1.119194908493897,ssm_fpar
wheat,IN,IN-15-0910,2009,0.8323353497413482,-1.3534867294705375,ssm_fpar
wheat,IN,IN-15-0910,2010,0.4827873524247855,-1.2580448118992928,ssm_fpar
wheat,IN,IN-15-0910,2011,-0.07934465662677724,-1.0888424083506867,ssm_fpar
wheat,IN,IN-15-0910,2012,0.5272200399944871,-1.046863306319117,ssm_fpar
wheat,IN,IN-15-0910,2013,0.39393467028774876,-0.7784738055482944,ssm_fpar
wheat,IN,IN-15-0910,2014,0.8544166365349947,-0.6072559237939428,ssm_fpar
wheat,IN,IN-15-0910,2015,0.7635051609015864,-0.8163993898451815,ssm_fpar
wheat,IN,IN-15-0910,2016,0.2109503380219395,-1.2969480535347873,ssm_fpar
wheat,IN,IN-15-0913,2003,-0.046900203471918166,-1.182532063153503,ssm_fpar
wheat,IN,IN-15-0913,2004,0.4377529497756025,-1.030799644201697,ssm_fpar
wheat,IN,IN-15-0913,2005,0.0983570425311924,-1.1254218336967166,ssm_fpar
wheat,IN,IN-15-0913,2006,-0.14673382893852768,-1.4071751582421896,ssm_fpar
wheat,IN,IN-15-0913,2007,-0.002759474101354177,-1.1384096354180617,ssm_fpar
wheat,IN,IN-15-0913,2008,0.1422650777108643,-1.260503996127938,ssm_fpar
wheat,IN,IN-15-0913,2009,-0.16325419994815601,-1.486042023703509,ssm_fpar
wheat,IN,IN-15-0913,2010,-0.2864726211412466,-1.1316412384584718,ssm_fpar
wheat,IN,IN-15-0913,2011,-0.5714654784023865,-1.0471490830796255,ssm_fpar
wheat,IN,IN-15-0913,2012,-0.1526316238712413,-0.9841578687090693,ssm_fpar
wheat,IN,IN-15-0913,2013,-0.2619044600774689,-0.8541745653207415,ssm_fpar
wheat,IN,IN-15-0913,2014,0.1894057074913669,-0.46725539290542106,ssm_fpar
wheat,IN,IN-15-0913,2015,-0.053787919173589695,-1.0270544645507247,ssm_fpar
wheat,IN,IN-15-0913,2016,-0.380433953146957,-1.2228115455041113,ssm_fpar
wheat,IN,IN-15-0914,2003,0.8764941805202473,-0.6754738447055101,ssm_fpar
wheat,IN,IN-15-0914,2004,1.6653273438570098,-1.1085610048262826,ssm_fpar
wheat,IN,IN-15-0914,2005,1.2468869762447132,-0.99731112013387,ssm_fpar
wheat,IN,IN-15-0914,2006,0.9995530230379581,-1.2514569055252962,ssm_fpar
wheat,IN,IN-15-0914,2007,1.0299693239487566,-1.0168717873470738,ssm_fpar
wheat,IN,IN-15-0914,2008,1.2600663441025792,-1.269979751871362,ssm_fpar
wheat,IN,IN-15-0914,2009,0.7497022500680492,-1.4691736743920012,ssm_fpar
wheat,IN,IN-15-0914,2010,0.655414304161422,-1.053421130928848,ssm_fpar
wheat,IN,IN-15-0914,2011,0.1764476479374089,-0.8628982769575453,ssm_fpar
wheat,IN,IN-15-0914,2012,0.671904814341627,-1.0617236978659434,ssm_fpar
wheat,IN,IN-15-0914,2013,0.6104333275032238,-0.8233858795956852,ssm_fpar
wheat,IN,IN-15-0914,2014,1.1503839619099343,-0.3423709485599773,ssm_fpar
wheat,IN,IN-15-0914,2015,0.8323728808424965,-0.8184599906973206,ssm_fpar
wheat,IN,IN-15-0914,2016,0.475502414174722,-1.2909918642103486,ssm_fpar
wheat,IN,IN-15-0915,2003,-0.4955893927718568,-0.7636209344425315,ssm_fpar
wheat,IN,IN-15-0915,2004,0.5780133629924084,-0.5563024287566962,ssm_fpar
wheat,IN,IN-15-0915,2005,0.0073324233562538366,-0.9429458516662571,ssm_fpar
wheat,IN,IN-15-0915,2006,-0.30636376914541635,-1.366760307952391,ssm_fpar
wheat,IN,IN-15-0915,2007,-0.10536580504733864,-0.7596877437649023,ssm_fpar
wheat,IN,IN-15-0915,2008,-0.07039633226238572,-0.7244839324305653,ssm_fpar
wheat,IN,IN-15-0915,2009,-0.3169746997299309,-1.210508103919791,ssm_fpar
wheat,IN,IN-15-0915,2010,-0.4384799395954884,-0.8192947596556733,ssm_fpar
wheat,IN,IN-15-0915,2011,-0.7539911036546338,-0.7272445610052876,ssm_fpar
wheat,IN,IN-15-0915,2012,-0.11608337815028458,-0.5121856413520552,ssm_fpar
wheat,IN,IN-15-0915,2013,-0.22238914776543514,-0.5480550117207528,ssm_fpar
wheat,IN,IN-15-0915,2014,0.26250219893327165,-0.1494641147706788,ssm_fpar
wheat,IN,IN-15-0915,2015,-0.1816893918297713,-0.8049607989834798,ssm_fpar
wheat,IN,IN-15-0915,2016,-0.5993617702362151,-0.9519766479799285,ssm_fpar
wheat,IN,IN-15-0916,2003,0.6148940195066146,-1.354810327098184,ssm_fpar
wheat,IN,IN-15-0916,2004,1.6716478508144217,-1.120879487292731,ssm_fpar
wheat,IN,IN-15-0916,2005,1.1226630365647854,-1.2227363410934424,ssm_fpar
wheat,IN,IN-15-0916,2006,0.8877272389448316,-1.4363619900201456,ssm_fpar
wheat,IN,IN-15-0916,2007,0.9988992928955133,-1.1824192565375045,ssm_fpar
wheat,IN,IN-15-0916,2008,1.1427020749459895,-1.4080926520522654,ssm_fpar
wheat,IN,IN-15-0916,2009,0.589765458488691,-1.5609230553997409,ssm_fpar
wheat,IN,IN-15-0916,2010,0.44546206387484116,-1.1452757981115027,ssm_fpar
wheat,IN,IN-15-0916,2011,0.1586061698348408,-1.0703045211224835,ssm_fpar
wheat,IN,IN-15-0916,2012,0.8590858265265633,-1.0667999955856262,ssm_fpar
wheat,IN,IN-15-0916,2013,0.7217591388299736,-1.0156309145711506,ssm_fpar
wheat,IN,IN-15-0916,2014,1.3461973356003778,-0.7157307657329268,ssm_fpar
wheat,IN,IN-15-0916,2015,0.7462872562829094,-1.1093957737846256,ssm_fpar
wheat,IN,IN-15-0916,2016,0.23244867083934956,-1.3939918250531231,ssm_fpar
wheat,IN,IN-15-0933,2003,0.5771161748481729,-1.318712209980384,ssm_fpar
wheat,IN,IN-15-0933,2004,1.3487661045191837,-1.2001674974537586,ssm_fpar
wheat,IN,IN-15-0933,2005,0.8839545201796171,-1.2678213852853628,ssm_fpar
wheat,IN,IN-15-0933,2006,0.6176883775764347,-1.4960968534090329,ssm_fpar
wheat,IN,IN-15-0933,2007,0.7569783292719122,-1.3117106793477529,ssm_fpar
wheat,IN,IN-15-0933,2008,0.9717348211492294,-1.3204268705434832,ssm_fpar
wheat,IN,IN-15-0933,2009,0.5315056333756749,-1.6188379720506048,ssm_fpar
wheat,IN,IN-15-0933,2010,0.3046347193448573,-1.2346035970959262,ssm_fpar
wheat,IN,IN-15-0933,2011,-0.20044995024485993,-1.1102831858304456,ssm_fpar
wheat,IN,IN-15-0933,2012,0.43029078467085907,-1.3002269658396477,ssm_fpar
wheat,IN,IN-15-0933,2013,0.2438351215755032,-1.0245125554703465,ssm_fpar
wheat,IN,IN-15-0933,2014,0.8551002528707814,-0.8187532878989027,ssm_fpar
wheat,IN,IN-15-0933,2015,0.6121787453469248,-1.204333821804439,ssm_fpar
wheat,IN,IN-15-0933,2016,0.07150577699227488,-1.5072947901566103,ssm_fpar
wheat,IN,IN-15-0937,2003,0.1839841794827113,-0.6398645562570233,ssm_fpar
wheat,IN,IN-15-0937,2004,1.048606836724071,-0.7145650973676619,ssm_fpar
wheat,IN,IN-15-0937,2005,0.630939386790333,-0.792770164015158,ssm_fpar
wheat,IN,IN-15-0937,2006,0.23128590950133485,-1.023241600930157,ssm_fpar
wheat,IN,IN-15-0937,2007,0.305747040678097,-0.7315011306487645,ssm_fpar
wheat,IN,IN-15-0937,2008,0.6529307499916963,-0.7605225127232551,ssm_fpar
wheat,IN,IN-15-0937,2009,0.29069082288810105,-1.0230385490213718,ssm_fpar
wheat,IN,IN-15-0937,2010,-0.09709433764301714,-0.8868207999891512,ssm_fpar
wheat,IN,IN-15-0937,2011,-0.4297375713992502,-0.7636585366478615,ssm_fpar
wheat,IN,IN-15-0937,2012,-0.05197471363874266,-0.7511069205083619,ssm_fpar
wheat,IN,IN-15-0937,2013,-0.13815748205430797,-0.5538983944292027,ssm_fpar
wheat,IN,IN-15-0937,2014,0.1433627153396521,-0.25114047798580663,ssm_fpar
wheat,IN,IN-15-0937,2015,0.10605253540028366,-0.4302924250650122,ssm_fpar
wheat,IN,IN-15-0937,2016,-0.2514448512001455,-0.9834283859256506,ssm_fpar
wheat,IN,IN-15-0938,2003,0.32751870301294633,-0.7693932147990805,ssm_fpar
wheat,IN,IN-15-0938,2004,0.8913843905480108,-0.8226933153411351,ssm_fpar
wheat,IN,IN-15-0938,2005,0.6903018416348391,-0.7207592061003705,ssm_fpar
wheat,IN,IN-15-0938,2006,0.12261238502741757,-0.9779541885059128,ssm_fpar
wheat,IN,IN-15-0938,2007,0.18817964971728965,-0.6481459292238395,ssm_fpar
wheat,IN,IN-15-0938,2008,0.5033857896786702,-0.6875632955576744,ssm_fpar
wheat,IN,IN-15-0938,2009,0.2900592986244731,-0.7873110074775481,ssm_fpar
wheat,IN,IN-15-0938,2010,-0.16604572922609853,-0.6919716413753926,ssm_fpar
wheat,IN,IN-15-0938,2011,-0.38552795493604064,-0.342183621209781,ssm_fpar
wheat,IN,IN-15-0938,2012,-0.16537805432805647,-0.3709178591708407,ssm_fpar
wheat,IN,IN-15-0938,2013,-0.254999763274504,-0.046264520401415356,ssm_fpar
wheat,IN,IN-15-0938,2014,-0.05927338511420628,0.0387472290874511,ssm_fpar
wheat,IN,IN-15-0938,2015,-0.04782752971919321,0.0986953995320428,ssm_fpar
wheat,IN,IN-15-0938,2016,-0.2496481646737898,-0.1290632091874418,ssm_fpar
wheat,IN,IN-15-0940,2003,1.029008437323008,-1.485229816068358,ssm_fpar
wheat,IN,IN-15-0940,2004,1.911575737734899,-1.4441456465236622,ssm_fpar
wheat,IN,IN-15-0940,2005,1.4281650921320148,-1.3919763468473878,ssm_fpar
wheat,IN,IN-15-0940,2006,1.0924622813369325,-1.5213429740682853,ssm_fpar
wheat,IN,IN-15-0940,2007,1.2128486579267521,-1.3540206807862343,ssm_fpar
wheat,IN,IN-15-0940,2008,1.5345761093261545,-1.4199749489368774,ssm_fpar
wheat,IN,IN-15-0940,2009,0.9177320136477441,-1.5993825910123256,ssm_fpar
wheat,IN,IN-15-0940,2010,0.6164348077328662,-1.4376254241192608,ssm_fpar
wheat,IN,IN-15-0940,2011,-0.07280351664595558,-1.2585562018917977,ssm_fpar
wheat,IN,IN-15-0940,2012,0.5953376940233067,-1.447003414128824,ssm_fpar
wheat,IN,IN-15-0940,2013,0.4455228849694966,-1.1128100540286863,ssm_fpar
wheat,IN,IN-15-0940,2014,1.0477245304966947,-0.9260699819136854,ssm_fpar
wheat,IN,IN-15-0940,2015,0.9485836398159941,-1.198926624677835,ssm_fpar
wheat,IN,IN-15-0940,2016,0.2688482015521604,-1.4895089470350267,ssm_fpar
wheat,IN,IN-15-0941,2003,0.5120735118639093,-1.431086937786557,ssm_fpar
wheat,IN,IN-15-0941,2004,1.5099496490655997,-1.1117647127204842,ssm_fpar
wheat,IN,IN-15-0941,2005,0.9688447739096545,-1.2275596296886941,ssm_fpar
wheat,IN,IN-15-0941,2006,0.7351391132171212,-1.566282981182502,ssm_fpar
wheat,IN,IN-15-0941,2007,0.8700879926096244,-1.2294870112990923,ssm_fpar
wheat,IN,IN-15-0941,2008,0.9709919980343098,-1.3825005911039636,ssm_fpar
wheat,IN,IN-15-0941,2009,0.44998177698740804,-1.535759122417849,ssm_fpar
wheat,IN,IN-15-0941,2010,0.30342837914192533,-1.2185512156401066,ssm_fpar
wheat,IN,IN-15-0941,2011,0.04829147226952422,-1.01207696899301,ssm_fpar
wheat,IN,IN-15-0941,2012,0.7351260215524563,-1.0845632773840077,ssm_fpar
wheat,IN,IN-15-0941,2013,0.6111659701351827,-1.0615603968599274,ssm_fpar
wheat,IN,IN-15-0941,2014,1.1873252108322734,-0.7709028700920668,ssm_fpar
wheat,IN,IN-15-0941,2015,0.6424697648682877,-1.1666934770937072,ssm_fpar
wheat,IN,IN-15-0941,2016,0.13983493745695633,-1.2733413890279555,ssm_fpar
wheat,IN,IN-15-0942,2003,0.4270339856832856,-1.5960875634766025,ssm_fpar
wheat,IN,IN-15-0942,2004,1.5263970786435272,-1.1663029513326268,ssm_fpar
wheat,IN,IN-15-0942,2005,0.9922681835507478,-1.46123370014918,ssm_fpar
wheat,IN,IN-15-0942,2006,0.7745619257915564,-1.564970127042084,ssm_fpar
wheat,IN,IN-15-0942,2007,0.894052480181447,-1.2434395781743566,ssm_fpar
wheat,IN,IN-15-0942,2008,0.9918519047991267,-1.1419442427191746,ssm_fpar
wheat,IN,IN-15-0942,2009,0.4528330261726284,-1.3243477062107873,ssm_fpar
wheat,IN,IN-15-0942,2010,0.3048576176674563,-1.3850602269382817,ssm_fpar
wheat,IN,IN-15-0942,2011,0.10923219430679224,-1.1549755555638264,ssm_fpar
wheat,IN,IN-15-0942,2012,0.7842681250556243,-0.9534594282768095,ssm_fpar
wheat,IN,IN-15-0942,2013,0.6628884948366401,-0.9802193062878252,ssm_fpar
wheat,IN,IN-15-0942,2014,1.2441067891638775,-0.6993453361727454,ssm_fpar
wheat,IN,IN-15-0942,2015,0.6609043919039544,-1.1209181638467853,ssm_fpar
wheat,IN,IN-15-0942,2016,0.18516111380652125,-1.2935788959371204,ssm_fpar
wheat,IN,IN-15-0943,2003,1.0525134198712185,-0.5673988395498852,ssm_fpar
wheat,IN,IN-15-0943,2004,1.7414670109337338,-0.5921083881336764,ssm_fpar
wheat,IN,IN-15-0943,2005,1.408137828662455,-0.7013541892280246,ssm_fpar
wheat,IN,IN-15-0943,2006,1.115447607919525,-0.6488051072778983,ssm_fpar
wheat,IN,IN-15-0943,2007,1.2480404240607026,-0.4431060032349858,ssm_fpar
wheat,IN,IN-15-0943,2008,1.4856214086140012,-0.6272062865896672,ssm_fpar
wheat,IN,IN-15-0943,2009,0.7938180640705451,-1.0731328336668007,ssm_fpar
wheat,IN,IN-15-0943,2010,0.7454889469144204,-0.7440696677806651,ssm_fpar
wheat,IN,IN-15-0943,2011,0.5408465906645298,-0.5575652361524,ssm_fpar
wheat,IN,IN-15-0943,2012,0.8704702692179187,-0.6034314376735446,ssm_fpar
wheat,IN,IN-15-0943,2013,0.8607326998577924,-0.329151893275845,ssm_fpar
wheat,IN,IN-15-0943,2014,1.3193629403915448,-0.27668428277060947,ssm_fpar
wheat,IN,IN-15-0943,2015,1.0587991021256484,-0.387664684991474,ssm_fpar
wheat,IN,IN-15-0943,2016,0.9042175260089523,-0.4593958483147742,ssm_fpar
wheat,IN,IN-15-0944,2003,0.5433661947699232,-0.1616848315032663,ssm_fpar
wheat,IN,IN-15-0944,2004,1.4156818684226775,0.11527797208302229,ssm_fpar
wheat,IN,IN-15-0944,2005,0.9259459602161378,-0.1561347459964082,ssm_fpar
wheat,IN,IN-15-0944,2006,0.7315274627190215,0.046360650152303076,ssm_fpar
wheat,IN,IN-15-0944,2007,0.8139385923735356,-0.12403750352583341,ssm_fpar
wheat,IN,IN-15-0944,2008,0.9994332897471335,-0.16586619673608474,ssm_fpar
wheat,IN,IN-15-0944,2009,0.3068629575315917,-0.6924850823972718,ssm_fpar
wheat,IN,IN-15-0944,2010,0.22883792014429283,-0.4085658708247354,ssm_fpar
wheat,IN,IN-15-0944,2011,0.18174390443507432,0.021212295226901424,ssm_fpar
wheat,IN,IN-15-0944,2012,0.5359343948773283,-0.08844325595947461,ssm_fpar
wheat,IN,IN-15-0944,2013,0.5713971009740286,0.18308978917701904,ssm_fpar
wheat,IN,IN-15-0944,2014,1.0839035084001931,0.3881872579346394,ssm_fpar
wheat,IN,IN-15-0944,2015,0.6767135621835866,0.040878248615030095,ssm_fpar
wheat,IN,IN-15-0944,2016,0.2532887525428276,-0.18262925987265793,ssm_fpar
wheat,IN,IN-15-0952,2003,-0.45467681854326325,-0.8578219792378529,ssm_fpar
wheat,IN,IN-15-0952,2004,0.24504517280148763,-0.5864550105082366,ssm_fpar
wheat,IN,IN-15-0952,2005,-0.17939425936776054,-0.8954016232456913,ssm_fpar
wheat,IN,IN-15-0952,2006,-0.4180383650493102,-1.3020393921366076,ssm_fpar
wheat,IN,IN-15-0952,2007,-0.26760297411093437,-0.7855279792683924,ssm_fpar
wheat,IN,IN-15-0952,2008,-0.16156007796835997,-0.8156015963887371,ssm_fpar
wheat,IN,IN-15-0952,2009,-0.43935626289916885,-1.2620682478697094,ssm_fpar
wheat,IN,IN-15-0952,2010,-0.5765980101276424,-0.8493765239205032,ssm_fpar
wheat,IN,IN-15-0952,2011,-0.8806371810218824,-0.7060820398449827,ssm_fpar
wheat,IN,IN-15-0952,2012,-0.38174909526281353,-0.5175790510033739,ssm_fpar
wheat,IN,IN-15-0952,2013,-0.48271340159077486,-0.5964189682175334,ssm_fpar
wheat,IN,IN-15-0952,2014,-0.031333681581741164,-0.14787730170571622,ssm_fpar
wheat,IN,IN-15-0952,2015,-0.3308936476481649,-0.7500615792001603,ssm_fpar
wheat,IN,IN-15-0952,2016,-0.6980622687446797,-1.0100331996042042,ssm_fpar
wheat,IN,IN-15-0953,2003,0.09376766937909219,-1.5815591456854128,ssm_fpar
wheat,IN,IN-15-0953,2004,1.004476416822854,-1.6591851383708083,ssm_fpar
wheat,IN,IN-15-0953,2005,0.5854569751129437,-1.6486490004370546,ssm_fpar
wheat,IN,IN-15-0953,2006,0.40027721606441813,-1.7621850992135926,ssm_fpar
wheat,IN,IN-15-0953,2007,0.5214800505276019,-1.7151221790212665,ssm_fpar
wheat,IN,IN-15-0953,2008,0.7140809676279182,-1.9642518302215215,ssm_fpar
wheat,IN,IN-15-0953,2009,0.16180184442299358,-2.238447111495455,ssm_fpar
wheat,IN,IN-15-0953,2010,0.10144180407563516,-1.954272204926666,ssm_fpar
wheat,IN,IN-15-0953,2011,-0.24326477119258927,-1.7223418024448205,ssm_fpar
wheat,IN,IN-15-0953,2012,0.21888357580565324,-1.7533335400786623,ssm_fpar
wheat,IN,IN-15-0953,2013,0.14368217488227938,-1.5461905113510408,ssm_fpar
wheat,IN,IN-15-0953,2014,0.6857108228646045,-1.4376555058835263,ssm_fpar
wheat,IN,IN-15-0953,2015,0.26274653861656383,-1.6721654196510798,ssm_fpar
wheat,IN,IN-15-0953,2016,-0.1109857795060775,-1.9846773481573439,ssm_fpar
wheat,IN,IN-15-0954,2003,-0.5774297317161481,-0.6969296630674068,ssm_fpar
wheat,IN,IN-15-0954,2004,0.11713064305508185,-0.5392034525858322,ssm_fpar
wheat,IN,IN-15-0954,2005,-0.33117122155193646,-0.9371776733684757,ssm_fpar
wheat,IN,IN-15-0954,2006,-0.5530314714010552,-1.1716048622842963,ssm_fpar
wheat,IN,IN-15-0954,2007,-0.38536182499503446,-0.6785948277479885,ssm_fpar
wheat,IN,IN-15-0954,2008,-0.42670670112417053,-0.7519868121131082,ssm_fpar
wheat,IN,IN-15-0954,2009,-0.5944307129162911,-1.0691839754036223,ssm_fpar
wheat,IN,IN-15-0954,2010,-0.6616603085023518,-0.7202129486083813,ssm_fpar
wheat,IN,IN-15-0954,2011,-0.9245781113557827,-0.7352237489765351,ssm_fpar
wheat,IN,IN-15-0954,2012,-0.4072438929003352,-0.45111652637734134,ssm_fpar
wheat,IN,IN-15-0954,2013,-0.48129016655717255,-0.3746486816161367,ssm_fpar
wheat,IN,IN-15-0954,2014,-0.0721152659594278,-0.027339672296537172,ssm_fpar
wheat,IN,IN-15-0954,2015,-0.40259565238876766,-0.709285747739184,ssm_fpar
wheat,IN,IN-15-0954,2016,-0.7615702968078435,-1.0337702184228472,ssm_fpar
wheat,IN,IN-15-0955,2003,0.2564190693604398,-1.2455232775240592,ssm_fpar
wheat,IN,IN-15-0955,2004,0.9482102336654527,-1.0506084859700893,ssm_fpar
wheat,IN,IN-15-0955,2005,0.5621839039513362,-1.1707324911206238,ssm_fpar
wheat,IN,IN-15-0955,2006,0.30968171070013356,-1.4010535192142952,ssm_fpar
wheat,IN,IN-15-0955,2007,0.4708419582684774,-1.178854567472126,ssm_fpar
wheat,IN,IN-15-0955,2008,0.6444093929185514,-1.2228491477094408,ssm_fpar
wheat,IN,IN-15-0955,2009,0.266014447094847,-1.5146497815193645,ssm_fpar
wheat,IN,IN-15-0955,2010,0.08277038130885041,-1.1667842595608662,ssm_fpar
wheat,IN,IN-15-0955,2011,-0.3048876227480551,-1.029212831136724,ssm_fpar
wheat,IN,IN-15-0955,2012,0.20553844602599802,-1.124857800616754,ssm_fpar
wheat,IN,IN-15-0955,2013,0.04280933769001642,-0.9732983518094676,ssm_fpar
wheat,IN,IN-15-0955,2014,0.5983555968016324,-0.6402857009567315,ssm_fpar
wheat,IN,IN-15-0955,2015,0.357501953791397,-1.0765314463253026,ssm_fpar
wheat,IN,IN-15-0955,2016,-0.07184980662828153,-1.2873970933807044,ssm_fpar
wheat,IN,IN-15-0957,2003,0.5216559753570745,-0.534133307954281,ssm_fpar
wheat,IN,IN-15-0957,2004,0.9368097774429361,-0.5509045752083893,ssm_fpar
wheat,IN,IN-15-0957,2005,0.6755728428541875,-0.39083540549646406,ssm_fpar
wheat,IN,IN-15-0957,2006,0.3128666004513976,-0.8640393329702245,ssm_fpar
wheat,IN,IN-15-0957,2007,0.39016720339639677,-0.3047926719050621,ssm_fpar
wheat,IN,IN-15-0957,2008,0.6696767928670035,-0.46739486290337867,ssm_fpar
wheat,IN,IN-15-0957,2009,0.3481075893513129,-0.4403404180059242,ssm_fpar
wheat,IN,IN-15-0957,2010,0.005161040950193353,-0.7789475933354598,ssm_fpar
wheat,IN,IN-15-0957,2011,-0.3481985130542929,-0.18381202014943396,ssm_fpar
wheat,IN,IN-15-0957,2012,-0.09116534227529756,-0.43553212145877696,ssm_fpar
wheat,IN,IN-15-0957,2013,-0.06353155568367391,-0.30757455142309337,ssm_fpar
wheat,IN,IN-15-0957,2014,0.23422670862536207,0.09626903177349844,ssm_fpar
wheat,IN,IN-15-0957,2015,0.13696282318315345,-0.18589176394246823,ssm_fpar
wheat,IN,IN-15-0957,2016,-0.08050617841629316,-0.3817698556293781,ssm_fpar
wheat,IN,IN-15-0962,2003,0.631754237337948,-1.2709122865635758,ssm_fpar
wheat,IN,IN-15-0962,2004,1.4239772108607711,-1.3984815283696514,ssm_fpar
wheat,IN,IN-15-0962,2005,0.9789222219555944,-1.2049429775307952,ssm_fpar
wheat,IN,IN-15-0962,2006,0.766080634258839,-1.44668755560405,ssm_fpar
wheat,IN,IN-15-0962,2007,0.8452401701707053,-1.2310765102358676,ssm_fpar
wheat,IN,IN-15-0962,2008,1.1032012633118395,-1.4865834954602797,ssm_fpar
wheat,IN,IN-15-0962,2009,0.548868934188149,-1.6767228069372033,ssm_fpar
wheat,IN,IN-15-0962,2010,0.39664097920780345,-1.6132878865437466,ssm_fpar
wheat,IN,IN-15-0962,2011,-0.17101443864115035,-1.2594812161429376,ssm_fpar
wheat,IN,IN-15-0962,2012,0.33794968497032346,-1.4503575308443533,ssm_fpar
wheat,IN,IN-15-0962,2013,0.3018504179410976,-1.1832991481422508,ssm_fpar
wheat,IN,IN-15-0962,2014,0.8077577916278215,-0.8675158277721902,ssm_fpar
wheat,IN,IN-15-0962,2015,0.589401392972138,-1.1589103577645432,ssm_fpar
wheat,IN,IN-15-0962,2016,0.1292220485776127,-1.493306769773466,ssm_fpar
wheat,IN,IN-15-0963,2003,-0.17577184484800806,-0.9853084961922057,ssm_fpar
wheat,IN,IN-15-0963,2004,0.7083109202179908,-0.8322449591716791,ssm_fpar
wheat,IN,IN-15-0963,2005,0.176879377570725,-0.9348388161968828,ssm_fpar
wheat,IN,IN-15-0963,2006,-0.09993314853003712,-1.3461919016363146,ssm_fpar
wheat,IN,IN-15-0963,2007,0.045815560778924014,-0.9592426474567282,ssm_fpar
wheat,IN,IN-15-0963,2008,0.11474119166770838,-1.1483742198307891,ssm_fpar
wheat,IN,IN-15-0963,2009,-0.20859829038157446,-1.350079969667541,ssm_fpar
wheat,IN,IN-15-0963,2010,-0.2971535227062391,-1.0262572977977011,ssm_fpar
wheat,IN,IN-15-0963,2011,-0.5606827817061661,-0.7950112554528803,ssm_fpar
wheat,IN,IN-15-0963,2012,-0.0013465661100439219,-0.9029145438708274,ssm_fpar
wheat,IN,IN-15-0963,2013,-0.11371147980870339,-0.7105567022793736,ssm_fpar
wheat,IN,IN-15-0963,2014,0.3739069591622539,-0.3798227450696899,ssm_fpar
wheat,IN,IN-15-0963,2015,-0.026954258916775966,-1.153510681079003,ssm_fpar
wheat,IN,IN-15-0963,2016,-0.40101406240166443,-1.030950053023015,ssm_fpar
wheat,IN,IN-15-0964,2003,0.6272972145536484,-1.2747702728305363,ssm_fpar
wheat,IN,IN-15-0964,2004,1.656796517468074,-1.4220731519943457,ssm_fpar
wheat,IN,IN-15-0964,2005,1.1412911917722022,-1.4798827824702847,ssm_fpar
wheat,IN,IN-15-0964,2006,0.8721008106808051,-1.4435139294741042,ssm_fpar
wheat,IN,IN-15-0964,2007,0.9565349437820415,-1.4531927371263136,ssm_fpar
wheat,IN,IN-15-0964,2008,1.1541115053421924,-1.5747155443151637,ssm_fpar
wheat,IN,IN-15-0964,2009,0.5768970405226567,-1.8045627846216692,ssm_fpar
wheat,IN,IN-15-0964,2010,0.45953638246738726,-1.389539723941934,ssm_fpar
wheat,IN,IN-15-0964,2011,0.10464388317321587,-1.149833185397626,ssm_fpar
wheat,IN,IN-15-0964,2012,0.6799484606954505,-1.2390406573249875,ssm_fpar
wheat,IN,IN-15-0964,2013,0.6061103852923782,-1.3479892870511365,ssm_fpar
wheat,IN,IN-15-0964,2014,1.3712179889845952,-1.0459382920679674,ssm_fpar
wheat,IN,IN-15-0964,2015,0.7513465433325917,-1.3738370429956908,ssm_fpar
wheat,IN,IN-15-0964,2016,0.3089972586855827,-1.48220659875974,ssm_fpar
wheat,IN,IN-15-0965,2003,-0.4526019151651148,-0.9557155605966793,ssm_fpar
wheat,IN,IN-15-0965,2004,0.3290918107027631,-0.8026670644582808,ssm_fpar
wheat,IN,IN-15-0965,2005,-0.11339019263971983,-1.013773365627797,ssm_fpar
wheat,IN,IN-15-0965,2006,-0.1715497115836598,-1.1355518678128997,ssm_fpar
wheat,IN,IN-15-0965,2007,-0.16790110431253635,-1.2215857136103156,ssm_fpar
wheat,IN,IN-15-0965,2008,-0.14601620487671663,-1.1803360943621641,ssm_fpar
wheat,IN,IN-15-0965,2009,-0.5235400377768158,-1.2725667835981338,ssm_fpar
wheat,IN,IN-15-0965,2010,-0.5927581535757483,-1.0578055480704416,ssm_fpar
wheat,IN,IN-15-0965,2011,-0.5207976367867653,-1.0442010701816764,ssm_fpar
wheat,IN,IN-15-0965,2012,-0.2837123502638324,-1.3779732855821059,ssm_fpar
wheat,IN,IN-15-0965,2013,-0.249649419701797,-1.1407635334717825,ssm_fpar
wheat,IN,IN-15-0965,2014,0.0950144333164663,-1.093632929309861,ssm_fpar
wheat,IN,IN-15-0965,2015,-0.2742165294916758,-1.090647314206573,ssm_fpar
wheat,IN,IN-15-0965,2016,-0.506567394010312,-0.9264159222027348,ssm_fpar
wheat,IN,IN-15-2023,2008,1.1870278501588531,-0.5663447243937768,ssm_fpar
wheat,IN,IN-15-2023,2009,0.5927289767569264,-0.781286450507053,ssm_fpar
wheat,IN,IN-15-2023,2010,0.44307151974507236,-0.3927579037035677,ssm_fpar
wheat,IN,IN-15-2023,2011,0.19572260433606173,-0.30318945060503827,ssm_fpar
wheat,IN,IN-15-2023,2012,0.901745486598487,-0.40788151068771067,ssm_fpar
wheat,IN,IN-15-2023,2013,0.7548728141178122,-0.0966029345163061,ssm_fpar
wheat,IN,IN-15-2023,2014,1.4402686142864582,-0.1255115099748076,ssm_fpar
wheat,IN,IN-15-2023,2015,0.7737897547386007,-0.3700612125657477,ssm_fpar
wheat,IN,IN-15-2023,2016,0.26478703170300116,-0.43506790514204874,ssm_fpar
wheat,IN,IN-15-2024,2008,1.0414138749727804,-1.699592468219543,ssm_fpar
wheat,IN,IN-15-2024,2009,0.48117485972798546,-1.9047200187414293,ssm_fpar
wheat,IN,IN-15-2024,2010,0.37997745726011856,-1.625215306074752,ssm_fpar
wheat,IN,IN-15-2024,2011,0.03933314825289989,-1.4299996968781263,ssm_fpar
wheat,IN,IN-15-2024,2012,0.5744112355176363,-1.481048450835549,ssm_fpar
wheat,IN,IN-15-2024,2013,0.47039692193364396,-1.3266989183927056,ssm_fpar
wheat,IN,IN-15-2024,2014,1.0768930918625879,-1.204115729013516,ssm_fpar
wheat,IN,IN-15-2024,2015,0.5997144021665145,-1.4252618190064192,ssm_fpar
wheat,IN,IN-15-2024,2016,0.15147513933327678,-1.7973882838445083,ssm_fpar
wheat,IN,IN-16-0237,2003,-0.39495386300125385,0.3734782152642726,ssm_fpar
wheat,IN,IN-16-0237,2004,-0.11564202334675204,0.5003109238734316,ssm_fpar
wheat,IN,IN-16-0237,2005,-0.22212406185308134,0.6495136544615921,ssm_fpar
wheat,IN,IN-16-0237,2006,-0.2615786792584158,0.4114968650193522,ssm_fpar
wheat,IN,IN-16-0237,2007,-0.23830384025497106,0.5811326339843896,ssm_fpar
wheat,IN,IN-16-0237,2008,-0.4739449743531651,0.30518885016257347,ssm_fpar
wheat,IN,IN-16-0237,2009,-0.36915720231690086,0.47500181952023346,ssm_fpar
wheat,IN,IN-16-0237,2010,-0.7750136771640997,0.5288218560105584,ssm_fpar
wheat,IN,IN-16-0237,2011,-0.4650781496503342,0.7103239409229475,ssm_fpar
wheat,IN,IN-16-0237,2012,-0.6371283126854269,0.2640050347737536,ssm_fpar
wheat,IN,IN-16-0237,2013,-0.6106607768961968,0.5209639351515043,ssm_fpar
wheat,IN,IN-16-0237,2014,-0.4470495276654705,0.7891964467150673,ssm_fpar
wheat,IN,IN-16-0237,2015,-0.6291274118107743,0.8077169429232942,ssm_fpar
wheat,IN,IN-16-0237,2016,-1.3036946184439415,0.5928645220476831,ssm_fpar
wheat,IN,IN-16-0237,2017,-1.026026894925645,0.8009833280036477,ssm_fpar
wheat,IN,IN-16-0238,2003,1.9424039530738666,1.2191264316707198,ssm_fpar
wheat,IN,IN-16-0238,2004,2.422154267706135,1.188189217234609,ssm_fpar
wheat,IN,IN-16-0238,2005,2.369358547075212,1.215001469745906,ssm_fpar
wheat,IN,IN-16-0238,2006,2.303394536251154,1.2660427032622548,ssm_fpar
wheat,IN,IN-16-0238,2007,2.053910527259918,1.3709190141510572,ssm_fpar
wheat,IN,IN-16-0238,2008,2.17766472844767,1.3223350847530897,ssm_fpar
wheat,IN,IN-16-0238,2009,2.119816831782962,1.191140990353104,ssm_fpar
wheat,IN,IN-16-0238,2010,1.4855299503953932,1.116889795596166,ssm_fpar
wheat,IN,IN-16-0238,2011,1.7343116832942553,1.167831383268391,ssm_fpar
wheat,IN,IN-16-0238,2012,1.8788746188641832,1.1261436983281305,ssm_fpar
wheat,IN,IN-16-0238,2013,1.5602883537029728,1.0931327222680158,ssm_fpar
wheat,IN,IN-16-0238,2014,1.8902221019042316,1.4085080587102325,ssm_fpar
wheat,IN,IN-16-0238,2015,1.632823390090913,1.4210784759523964,ssm_fpar
wheat,IN,IN-16-0238,2016,1.2758723432558947,1.2963199989948162,ssm_fpar
wheat,IN,IN-16-0238,2017,1.1409322386223764,1.3191877801668828,ssm_fpar
wheat,IN,IN-16-0239,2003,1.8176845471080993,0.750166767664144,ssm_fpar
wheat,IN,IN-16-0239,2004,2.0585750546152863,0.83163360443466,ssm_fpar
wheat,IN,IN-16-0239,2005,1.982227419911743,0.7940673423881351,ssm_fpar
wheat,IN,IN-16-0239,2006,2.058772829479241,0.9049468453580335,ssm_fpar
wheat,IN,IN-16-0239,2007,2.1334048937015306,1.0178004641078098,ssm_fpar
wheat,IN,IN-16-0239,2008,2.36715427541724,0.9508215358619032,ssm_fpar
wheat,IN,IN-16-0239,2009,2.2474174832117573,0.8346777241456554,ssm_fpar
wheat,IN,IN-16-0239,2010,1.6869843153329367,0.869318755806872,ssm_fpar
wheat,IN,IN-16-0239,2011,1.8862948106113169,0.9167445372806488,ssm_fpar
wheat,IN,IN-16-0239,2012,2.0119550417079677,0.9190955967365161,ssm_fpar
wheat,IN,IN-16-0239,2013,1.7274294776422014,0.8902349825222614,ssm_fpar
wheat,IN,IN-16-0239,2014,1.9950355239107211,1.154249466702818,ssm_fpar
wheat,IN,IN-16-0239,2015,1.7994623123790918,1.1452719401800346,ssm_fpar
wheat,IN,IN-16-0239,2016,1.4582418627077163,1.0228039536358084,ssm_fpar
wheat,IN,IN-16-0239,2017,1.32585306760917,1.0655552648782247,ssm_fpar
wheat,IN,IN-16-0240,2003,1.8097553157834854,0.2946574125044784,ssm_fpar
wheat,IN,IN-16-0240,2004,1.7599615035853915,0.4697163595333991,ssm_fpar
wheat,IN,IN-16-0240,2005,1.5799766379577773,0.40851501013660113,ssm_fpar
wheat,IN,IN-16-0240,2006,1.575151155073181,0.5016744738442471,ssm_fpar
wheat,IN,IN-16-0240,2007,1.5548412180086015,0.6533429690469851,ssm_fpar
wheat,IN,IN-16-0240,2008,1.72984001289585,0.7097462770435451,ssm_fpar
wheat,IN,IN-16-0240,2009,1.5019320327292658,0.4241819689877684,ssm_fpar
wheat,IN,IN-16-0240,2010,0.8887080264999507,0.045232583992368194,ssm_fpar
wheat,IN,IN-16-0240,2011,1.1634353555563883,0.5014827025970527,ssm_fpar
wheat,IN,IN-16-0240,2012,1.2700996181953188,0.38240215864445665,ssm_fpar
wheat,IN,IN-16-0240,2013,0.8654904528002255,0.45007672768898926,ssm_fpar
wheat,IN,IN-16-0240,2014,1.0688966830198277,0.657731146409116,ssm_fpar
wheat,IN,IN-16-0240,2015,0.9673094782901378,0.7007649903002254,ssm_fpar
wheat,IN,IN-16-0240,2016,0.7156992200969525,0.614691662187216,ssm_fpar
wheat,IN,IN-16-0240,2017,0.623871290461729,0.641443751169982,ssm_fpar
wheat,IN,IN-16-0241,2003,2.0215617749539696,0.5780388756758744,ssm_fpar
wheat,IN,IN-16-0241,2004,2.2936808504342996,0.5261808632758834,ssm_fpar
wheat,IN,IN-16-0241,2005,2.0446860658755845,0.48557166119539263,ssm_fpar
wheat,IN,IN-16-0241,2006,2.100838290279313,0.6199688736510747,ssm_fpar
wheat,IN,IN-16-0241,2007,1.9717596027607134,0.6466455001688259,ssm_fpar
wheat,IN,IN-16-0241,2008,1.9612456141884733,0.7505800601386196,ssm_fpar
wheat,IN,IN-16-0241,2009,1.9539839867291537,0.5398661490412114,ssm_fpar
wheat,IN,IN-16-0241,2010,1.4178038793556118,0.28997309934291204,ssm_fpar
wheat,IN,IN-16-0241,2011,1.7620028909658343,0.6223919302706817,ssm_fpar
wheat,IN,IN-16-0241,2012,1.8864663772058363,0.6215120386659361,ssm_fpar
wheat,IN,IN-16-0241,2013,1.5123334355470428,0.5088418228294093,ssm_fpar
wheat,IN,IN-16-0241,2014,1.7116491825323124,0.9078372015411452,ssm_fpar
wheat,IN,IN-16-0241,2015,1.5376777948313467,0.7786196560049009,ssm_fpar
wheat,IN,IN-16-0241,2016,1.3037839733506327,0.5951823846546269,ssm_fpar
wheat,IN,IN-16-0241,2017,1.1587658948390458,0.6097878185033418,ssm_fpar
wheat,IN,IN-16-0242,2003,1.7507073018066368,0.8209604396408918,ssm_fpar
wheat,IN,IN-16-0242,2004,2.12763177380852,0.7802034092825805,ssm_fpar
wheat,IN,IN-16-0242,2005,1.9593447642844661,0.8521984717196485,ssm_fpar
wheat,IN,IN-16-0242,2006,2.00023339546953,0.8192213376443274,ssm_fpar
wheat,IN,IN-16-0242,2007,1.9155484674545287,0.8336211021758525,ssm_fpar
wheat,IN,IN-16-0242,2008,1.9393167737550805,0.9269121736021615,ssm_fpar
wheat,IN,IN-16-0242,2009,1.9131784992303833,0.8167377119822168,ssm_fpar
wheat,IN,IN-16-0242,2010,1.3247753645788976,0.5585816513922381,ssm_fpar
wheat,IN,IN-16-0242,2011,1.625166701112981,0.8645451558400988,ssm_fpar
wheat,IN,IN-16-0242,2012,1.7971064433788315,0.9085679377314066,ssm_fpar
wheat,IN,IN-16-0242,2013,1.4212755407037205,0.8749421656141261,ssm_fpar
wheat,IN,IN-16-0242,2014,1.6523333375914728,1.2365400129595254,ssm_fpar
wheat,IN,IN-16-0242,2015,1.4312786950842402,1.08119402207541,ssm_fpar
wheat,IN,IN-16-0242,2016,1.149107236829932,0.9316124492685389,ssm_fpar
wheat,IN,IN-16-0242,2017,1.1121650861825974,0.9105082115264923,ssm_fpar
wheat,IN,IN-16-0243,2003,0.9706242079035583,0.6398091833042345,ssm_fpar
wheat,IN,IN-16-0243,2004,1.1921736054866314,0.4438214754914919,ssm_fpar
wheat,IN,IN-16-0243,2005,1.1278446870449343,0.846577192704031,ssm_fpar
wheat,IN,IN-16-0243,2006,0.9842865835041544,0.4622991991911642,ssm_fpar
wheat,IN,IN-16-0243,2007,1.1669073817133537,0.5634411097278503,ssm_fpar
wheat,IN,IN-16-0243,2008,0.7379438301133898,0.4413838498605683,ssm_fpar
wheat,IN,IN-16-0243,2009,0.7950545711973085,0.4785674173055843,ssm_fpar
wheat,IN,IN-16-0243,2010,0.1956805337535646,0.2975639376358847,ssm_fpar
wheat,IN,IN-16-0243,2011,0.8295382838895212,0.877040995375025,ssm_fpar
wheat,IN,IN-16-0243,2012,0.7078457485253317,0.3118377347795469,ssm_fpar
wheat,IN,IN-16-0243,2013,0.4769154827420052,0.5671953139081009,ssm_fpar
wheat,IN,IN-16-0243,2014,0.7758490225706537,0.8999638011075668,ssm_fpar
wheat,IN,IN-16-0243,2015,0.6646518680598963,0.8457624782551849,ssm_fpar
wheat,IN,IN-16-0243,2016,-0.5310074543996482,0.23517636400157993,ssm_fpar
wheat,IN,IN-16-0243,2017,0.07746261040751115,0.7331493882788467,ssm_fpar
wheat,IN,IN-16-0244,2003,-0.19986125339539235,0.3865437908802996,ssm_fpar
wheat,IN,IN-16-0244,2004,0.050006226953904304,0.4349508645725339,ssm_fpar
wheat,IN,IN-16-0244,2005,-0.01946561311006,0.6318054285588453,ssm_fpar
wheat,IN,IN-16-0244,2006,-0.10239020955919348,0.2089295233177744,ssm_fpar
wheat,IN,IN-16-0244,2007,0.06063159092274706,0.6527794373297574,ssm_fpar
wheat,IN,IN-16-0244,2008,-0.2960934664311597,0.04371195080878551,ssm_fpar
wheat,IN,IN-16-0244,2009,-0.34394420031238043,0.27793909599224004,ssm_fpar
wheat,IN,IN-16-0244,2010,-0.647373742681041,0.3088982450481321,ssm_fpar
wheat,IN,IN-16-0244,2011,-0.16202434690431464,0.5952475618105376,ssm_fpar
wheat,IN,IN-16-0244,2012,-0.3225534944335655,0.14884270328698795,ssm_fpar
wheat,IN,IN-16-0244,2013,-0.4264847962549484,0.4412404601175692,ssm_fpar
wheat,IN,IN-16-0244,2014,-0.283745070467376,0.5700631087680217,ssm_fpar
wheat,IN,IN-16-0244,2015,-0.3763120926759251,0.6240819355838498,ssm_fpar
wheat,IN,IN-16-0244,2016,-1.028422268363628,0.22674244002719338,ssm_fpar
wheat,IN,IN-16-0244,2017,-0.6717326288896109,0.5914086273276044,ssm_fpar
wheat,IN,IN-16-0527,2003,-0.44273868538612776,0.003597273552398095,ssm_fpar
wheat,IN,IN-16-0527,2004,0.6809087106187968,0.11819966343725248,ssm_fpar
wheat,IN,IN-16-0527,2005,0.03805234590206828,0.5039692827181614,ssm_fpar
wheat,IN,IN-16-0527,2006,0.0350692546127088,-0.019405606971692236,ssm_fpar
wheat,IN,IN-16-0527,2007,-0.1334197423432019,0.37762802150332153,ssm_fpar
wheat,IN,IN-16-0527,2008,-0.5820910916524779,-0.18971351535703188,ssm_fpar
wheat,IN,IN-16-0527,2009,-0.29532463767203565,0.38014199751688316,ssm_fpar
wheat,IN,IN-16-0527,2010,-0.9689839663679299,0.2596457305335711,ssm_fpar
wheat,IN,IN-16-0527,2011,-0.20954704506996102,0.43449974554343274,ssm_fpar
wheat,IN,IN-16-0527,2012,-0.4715228921017159,0.08743139033794772,ssm_fpar
wheat,IN,IN-16-0527,2013,-0.6253678514104045,0.27299075320555644,ssm_fpar
wheat,IN,IN-16-0527,2014,-0.46315222717626936,0.5109595326892015,ssm_fpar
wheat,IN,IN-16-0527,2015,-0.7798279584476229,0.6667562128629284,ssm_fpar
wheat,IN,IN-16-0527,2016,-1.536897106727537,0.4576422914016026,ssm_fpar
wheat,IN,IN-16-0527,2017,-1.235509126743934,0.669158456609217,ssm_fpar
wheat,IN,IN-16-1030,2003,-0.25210254512016317,0.5132500441682267,ssm_fpar
wheat,IN,IN-16-1030,2004,0.10424561583767113,0.5993537226326774,ssm_fpar
wheat,IN,IN-16-1030,2005,-0.0476283166960069,1.008908348308562,ssm_fpar
wheat,IN,IN-16-1030,2006,-0.28019720198144205,0.4096253495425857,ssm_fpar
wheat,IN,IN-16-1030,2007,-0.2293097170292563,0.8512750689915962,ssm_fpar
wheat,IN,IN-16-1030,2008,-0.47179795535196595,0.5714136725486315,ssm_fpar
wheat,IN,IN-16-1030,2009,-0.2533033123278297,0.7363374823049309,ssm_fpar
wheat,IN,IN-16-1030,2010,-0.7174082791134153,0.9004512331235283,ssm_fpar
wheat,IN,IN-16-1030,2011,-0.34344137448330686,1.0381123696660957,ssm_fpar
wheat,IN,IN-16-1030,2012,-0.4667010568345234,0.595722423946428,ssm_fpar
wheat,IN,IN-16-1030,2013,-0.4850005091141223,0.7991868826439574,ssm_fpar
wheat,IN,IN-16-1030,2014,-0.3582054532146562,0.9815199762941629,ssm_fpar
wheat,IN,IN-16-1030,2015,-0.5006678417884337,1.100780205070804,ssm_fpar
wheat,IN,IN-16-1030,2016,-1.649846053156522,1.1149352866804907,ssm_fpar
wheat,IN,IN-16-1030,2017,-1.1120234996110512,1.204795962631887,ssm_fpar
wheat,IN,IN-16-1032,2003,2.0516572621485953,0.7764055496792348,ssm_fpar
wheat,IN,IN-16-1032,2004,2.431663186048808,0.7281456996803496,ssm_fpar
wheat,IN,IN-16-1032,2005,2.3876656037510773,0.7452700389073619,ssm_fpar
wheat,IN,IN-16-1032,2006,2.3622515768780357,0.763510057685492,ssm_fpar
wheat,IN,IN-16-1032,2007,2.191148413282686,0.9275417893520067,ssm_fpar
wheat,IN,IN-16-1032,2008,2.404658376080443,0.9634294815795833,ssm_fpar
wheat,IN,IN-16-1032,2009,2.292619560215184,0.8380113808376953,ssm_fpar
wheat,IN,IN-16-1032,2010,1.6613601742744277,0.7081650674444663,ssm_fpar
wheat,IN,IN-16-1032,2011,1.8233980537691952,0.7041892609341277,ssm_fpar
wheat,IN,IN-16-1032,2012,1.9510273052492653,0.7292632962066373,ssm_fpar
wheat,IN,IN-16-1032,2013,1.6324414067065252,0.6604611402459648,ssm_fpar
wheat,IN,IN-16-1032,2014,1.9511765350915993,0.9951688395311806,ssm_fpar
wheat,IN,IN-16-1032,2015,1.7149405488155711,1.0168325759696057,ssm_fpar
wheat,IN,IN-16-1032,2016,1.3639656819234085,0.9924467347844714,ssm_fpar
wheat,IN,IN-16-1032,2017,1.2165672565591468,0.990485669181737,ssm_fpar
wheat,IN,IN-16-1043,2003,1.5747747492541406,-1.6755916441250687,ssm_fpar
wheat,IN,IN-16-1043,2004,1.459773662283327,-1.5714308810847732,ssm_fpar
wheat,IN,IN-16-1043,2005,1.2227843688796118,-1.3701542387676822,ssm_fpar
wheat,IN,IN-16-1043,2006,1.2932023032753224,-1.2691948242675295,ssm_fpar
wheat,IN,IN-16-1043,2007,1.2813430006418656,-1.4455546232763623,ssm_fpar
wheat,IN,IN-16-1043,2008,1.3155042721115469,-1.8487596794696286,ssm_fpar
wheat,IN,IN-16-1043,2009,1.2158532573092,-1.370158072718032,ssm_fpar
wheat,IN,IN-16-1043,2010,0.8358947464422479,-0.7273311198073603,ssm_fpar
wheat,IN,IN-16-1043,2011,1.0083992478775576,-1.3771876206801328,ssm_fpar
wheat,IN,IN-16-1043,2012,0.99101526275442,-1.4391634280471166,ssm_fpar
wheat,IN,IN-16-1043,2013,0.7411699512312772,-1.6870973291178513,ssm_fpar
wheat,IN,IN-16-1043,2014,0.8074840885584994,-1.7222431519531927,ssm_fpar
wheat,IN,IN-16-1043,2015,0.6972575087240929,-1.933746856822187,ssm_fpar
wheat,IN,IN-16-1043,2016,0.5549860248942384,-1.1688795134257612,ssm_fpar
wheat,IN,IN-16-1043,2017,0.36202120038851865,-1.4532321088471871,ssm_fpar
wheat,IN,IN-17-0601,2003,2.270642774392577,-0.3370027937231624,ssm_fpar
wheat,IN,IN-17-0601,2004,3.008630083788394,-0.5260193193498487,ssm_fpar
wheat,IN,IN-17-0601,2005,3.0678458529016592,-0.8360178204461477,ssm_fpar
wheat,IN,IN-17-0601,2006,2.9768577747120206,-0.4575604243053907,ssm_fpar
wheat,IN,IN-17-0601,2007,2.7880186839246615,-0.26489952493989516,ssm_fpar
wheat,IN,IN-17-0601,2008,3.0417351451806436,-0.7374075570546552,ssm_fpar
wheat,IN,IN-17-0601,2009,2.9144113541853374,-0.32096505312601253,ssm_fpar
wheat,IN,IN-17-0601,2010,2.8601981968411847,-0.3779811970647739,ssm_fpar
wheat,IN,IN-17-0601,2011,3.0447329450708063,-0.9070851884748863,ssm_fpar
wheat,IN,IN-17-0601,2012,2.8153538611004563,-0.4067139222098365,ssm_fpar
wheat,IN,IN-17-0601,2013,2.833603242838571,-0.594636303666082,ssm_fpar
wheat,IN,IN-17-0601,2014,2.759559099474504,-0.3202848532329828,ssm_fpar
wheat,IN,IN-17-0601,2015,2.5727142053902767,-0.3683897545364425,ssm_fpar
wheat,IN,IN-17-0601,2016,2.882799712318117,-0.5018420613782903,ssm_fpar
wheat,IN,IN-17-0601,2017,3.1259372783363104,-0.6137484645748477,ssm_fpar
wheat,IN,IN-17-0602,2003,2.3543246949471817,-0.7787805768734513,ssm_fpar
wheat,IN,IN-17-0602,2004,2.980433547353432,-0.811328419104579,ssm_fpar
wheat,IN,IN-17-0602,2005,3.040309003024907,-0.8327920712592404,ssm_fpar
wheat,IN,IN-17-0602,2006,2.8077358691333183,-0.6063544109211269,ssm_fpar
wheat,IN,IN-17-0602,2007,2.5369140817609,-0.473824811528463,ssm_fpar
wheat,IN,IN-17-0602,2008,2.67132277477541,-0.6635127398655676,ssm_fpar
wheat,IN,IN-17-0602,2009,2.650625311819191,-0.588772873115181,ssm_fpar
wheat,IN,IN-17-0602,2010,2.392879857020391,-0.46707286553370836,ssm_fpar
wheat,IN,IN-17-0602,2011,2.551642393463691,-0.6609341686349914,ssm_fpar
wheat,IN,IN-17-0602,2012,2.3599504063788106,-0.45246707225214733,ssm_fpar
wheat,IN,IN-17-0602,2013,2.2948357832554334,-0.6631725965831738,ssm_fpar
wheat,IN,IN-17-0602,2014,2.2132418109814016,-0.4179089221185093,ssm_fpar
wheat,IN,IN-17-0602,2015,2.259510075324897,-0.47706330146259857,ssm_fpar
wheat,IN,IN-17-0602,2016,2.5052566550487847,-0.21993534783671048,ssm_fpar
wheat,IN,IN-17-0602,2017,2.6098061501095766,-0.09854289495968167,ssm_fpar
wheat,IN,IN-17-0603,2003,3.1267006261618113,3.1694662619150185,ssm_fpar
wheat,IN,IN-17-0603,2004,3.5846741713138206,2.9776010092133958,ssm_fpar
wheat,IN,IN-17-0603,2005,3.7632767486609997,2.818837278682328,ssm_fpar
wheat,IN,IN-17-0603,2006,3.61522797904077,2.921068951265784,ssm_fpar
wheat,IN,IN-17-0603,2007,3.2778295972301836,2.9922639139778235,ssm_fpar
wheat,IN,IN-17-0603,2008,3.308421062628281,2.7595169420050087,ssm_fpar
wheat,IN,IN-17-0603,2009,3.2680565780971618,2.788357833493906,ssm_fpar
wheat,IN,IN-17-0603,2010,3.2357931765702146,2.459868878351318,ssm_fpar
wheat,IN,IN-17-0603,2011,3.422047375207268,1.8725255896657464,ssm_fpar
wheat,IN,IN-17-0603,2012,3.226857083257503,2.507756490110967,ssm_fpar
wheat,IN,IN-17-0603,2013,3.233469180229786,1.5220823613273902,ssm_fpar
wheat,IN,IN-17-0603,2014,3.016701633646232,2.874219611599737,ssm_fpar
wheat,IN,IN-17-0603,2016,3.24474348518349,2.6156155583354455,ssm_fpar
wheat,IN,IN-17-0603,2017,3.1783828977387336,2.4893002748727433,ssm_fpar
wheat,IN,IN-17-0604,2003,1.9482464975196643,-1.7197281221986123,ssm_fpar
wheat,IN,IN-17-0604,2004,2.677781163770631,-1.6451009871322935,ssm_fpar
wheat,IN,IN-17-0604,2005,2.686056081914382,-1.7522309780232208,ssm_fpar
wheat,IN,IN-17-0604,2006,2.5179431174434157,-1.5489887693790676,ssm_fpar
wheat,IN,IN-17-0604,2007,2.1883874454288645,-1.1265961669179878,ssm_fpar
wheat,IN,IN-17-0604,2008,2.350383537956773,-1.3241105787631324,ssm_fpar
wheat,IN,IN-17-0604,2009,2.3337570684731794,-1.243819407159014,ssm_fpar
wheat,IN,IN-17-0604,2010,2.0316631143933104,-1.1640744484592873,ssm_fpar
wheat,IN,IN-17-0604,2011,2.031138008553841,-1.272989726664191,ssm_fpar
wheat,IN,IN-17-0604,2012,1.905667826515855,-1.1224793793856433,ssm_fpar
wheat,IN,IN-17-0604,2013,1.7716814129653822,-1.455801022273495,ssm_fpar
wheat,IN,IN-17-0604,2014,1.7602210373804343,-1.125971316358098,ssm_fpar
wheat,IN,IN-17-0604,2015,1.8654981708459157,-1.280224390969883,ssm_fpar
wheat,IN,IN-17-0604,2016,2.2292308928211404,-1.1043502117806048,ssm_fpar
wheat,IN,IN-17-0604,2017,2.2306172856398203,-1.0191962575879348,ssm_fpar
wheat,IN,IN-17-0605,2003,2.5576080776004244,-2.5402970913559577,ssm_fpar
wheat,IN,IN-17-0605,2004,3.174215981991791,-2.536621559123064,ssm_fpar
wheat,IN,IN-17-0605,2005,3.225292128339715,-2.5835543550170703,ssm_fpar
wheat,IN,IN-17-0605,2006,3.0757249912166835,-2.425147387943152,ssm_fpar
wheat,IN,IN-17-0605,2007,2.8237075613020863,-2.2706327191485536,ssm_fpar
wheat,IN,IN-17-0605,2008,2.9275816735064146,-2.4661969487914086,ssm_fpar
wheat,IN,IN-17-0605,2009,2.930461513122089,-2.3650540501967723,ssm_fpar
wheat,IN,IN-17-0605,2010,2.7090377521323252,-2.338260128760574,ssm_fpar
wheat,IN,IN-17-0605,2011,2.8063470885546584,-2.4890943250325352,ssm_fpar
wheat,IN,IN-17-0605,2012,2.705258425335917,-2.324513599207289,ssm_fpar
wheat,IN,IN-17-0605,2013,2.6070399484074946,-2.5527500017064644,ssm_fpar
wheat,IN,IN-17-0605,2014,2.60758078037662,-2.342478312819436,ssm_fpar
wheat,IN,IN-17-0605,2015,2.632455487596816,-2.3916666976681,ssm_fpar
wheat,IN,IN-17-0605,2016,2.8625372754002743,-2.291339813598553,ssm_fpar
wheat,IN,IN-17-0605,2017,2.9241716728011595,-2.269290477094098,ssm_fpar
wheat,IN,IN-17-0606,2003,3.2758544939000265,4.6805842826476045,ssm_fpar
wheat,IN,IN-17-0606,2004,3.633985428606098,4.639522674426111,ssm_fpar
wheat,IN,IN-17-0606,2005,3.583497019181434,4.700137429419743,ssm_fpar
wheat,IN,IN-17-0606,2006,3.2923150870197717,4.797903163280443,ssm_fpar
wheat,IN,IN-17-0606,2007,3.0231085681292136,4.8330988274702955,ssm_fpar
wheat,IN,IN-17-0606,2008,3.183602398647559,4.7568415550589505,ssm_fpar
wheat,IN,IN-17-0606,2009,3.058605074391851,4.792037219248803,ssm_fpar
wheat,IN,IN-17-0606,2010,2.948373050498865,4.631701415717255,ssm_fpar
wheat,IN,IN-17-0606,2011,3.1656375472882803,4.543712255242625,ssm_fpar
wheat,IN,IN-17-0606,2012,2.9867376942113113,4.655165191843822,ssm_fpar
wheat,IN,IN-17-0606,2013,2.9119761729783193,4.623880157008397,ssm_fpar
wheat,IN,IN-17-0606,2014,2.9118082643993595,4.655165191843822,ssm_fpar
wheat,IN,IN-17-0606,2015,2.864597699529484,4.64929924781218,ssm_fpar
wheat,IN,IN-17-0606,2016,3.1334974846055004,4.840920086179152,ssm_fpar
wheat,IN,IN-17-0606,2017,3.220811440244203,4.821366939407012,ssm_fpar
wheat,IN,IN-17-0607,2003,2.019718271376645,0.22583158927338806,ssm_fpar
wheat,IN,IN-17-0607,2004,2.4432656287884407,-0.006217416831101478,ssm_fpar
wheat,IN,IN-17-0607,2005,2.633152702083775,0.02637727148082806,ssm_fpar
wheat,IN,IN-17-0607,2006,2.3345683928944756,0.4668037553787954,ssm_fpar
wheat,IN,IN-17-0607,2007,1.9351504316657655,0.496707849223437,ssm_fpar
wheat,IN,IN-17-0607,2008,2.036107638814156,0.09447517868705267,ssm_fpar
wheat,IN,IN-17-0607,2009,1.9573861122894458,0.1301087518931587,ssm_fpar
wheat,IN,IN-17-0607,2010,1.912561222220895,0.3578886542857289,ssm_fpar
wheat,IN,IN-17-0607,2011,2.1775832787326066,-0.08877854229034385,ssm_fpar
wheat,IN,IN-17-0607,2012,1.87431782984415,0.2914222127633141,ssm_fpar
wheat,IN,IN-17-0607,2013,1.9063111143088551,0.17675522766144525,ssm_fpar
wheat,IN,IN-17-0607,2014,1.6410327699949194,0.3860248177763927,ssm_fpar
wheat,IN,IN-17-0607,2015,1.6887609926105134,0.2774274553183729,ssm_fpar
wheat,IN,IN-17-0607,2016,1.8933186301662113,0.30719508449283667,ssm_fpar
wheat,IN,IN-17-0607,2017,1.880530911469468,0.3004757270760325,ssm_fpar
wheat,IN,IN-17-0608,2003,2.378691522559685,0.6304588685177976,ssm_fpar
wheat,IN,IN-17-0608,2004,3.076758206233149,0.4398587044123317,ssm_fpar
wheat,IN,IN-17-0608,2005,3.106572583498061,0.2946687683704929,ssm_fpar
wheat,IN,IN-17-0608,2006,2.8131723946901808,0.8991601667752325,ssm_fpar
wheat,IN,IN-17-0608,2007,2.51526669202656,0.9099730569402257,ssm_fpar
wheat,IN,IN-17-0608,2008,2.690187663638348,0.5759740250372297,ssm_fpar
wheat,IN,IN-17-0608,2009,2.5688454755281906,0.7704163824834306,ssm_fpar
wheat,IN,IN-17-0608,2010,2.3490528100978754,0.587101720865264,ssm_fpar
wheat,IN,IN-17-0608,2011,2.588796013460833,0.6544349370898056,ssm_fpar
wheat,IN,IN-17-0608,2014,2.200333712150891,0.7298572901339809,ssm_fpar
wheat,IN,IN-17-0609,2003,2.357269784990066,-0.31926288929583546,ssm_fpar
wheat,IN,IN-17-0609,2004,3.06500563183736,-0.37380052627268817,ssm_fpar
wheat,IN,IN-17-0609,2005,3.096771080242468,-0.6914961443970636,ssm_fpar
wheat,IN,IN-17-0609,2006,2.799745456968589,0.2232665423026695,ssm_fpar
wheat,IN,IN-17-0609,2007,2.498723042507264,0.1868937786771349,ssm_fpar
wheat,IN,IN-17-0609,2008,2.675931393984382,-0.5324156528882973,ssm_fpar
wheat,IN,IN-17-0609,2009,2.5535073128134163,0.0866721695818541,ssm_fpar
wheat,IN,IN-17-0609,2010,2.3314344323724794,0.11784184085132267,ssm_fpar
wheat,IN,IN-17-0609,2011,2.5753565372435046,-0.03916992772896152,ssm_fpar
wheat,IN,IN-17-0609,2012,2.333227437263002,0.17470043635002805,ssm_fpar
wheat,IN,IN-17-0609,2013,2.2048199830484587,-0.24767881896304017,ssm_fpar
wheat,IN,IN-17-0609,2014,2.1809438240991064,0.33503623988157594,ssm_fpar
wheat,IN,IN-17-0609,2015,2.1244005819623024,-0.350282001335158,ssm_fpar
wheat,IN,IN-17-0609,2016,2.4131048199679968,0.4357095266672934,ssm_fpar
wheat,IN,IN-17-0609,2017,2.586551263042294,0.5067226451143416,ssm_fpar
wheat,IN,IN-17-0610,2003,2.474136558993604,1.5763470689638788,ssm_fpar
wheat,IN,IN-17-0610,2004,3.0292804918428478,1.0144772125358226,ssm_fpar
wheat,IN,IN-17-0610,2005,3.2468416183946642,0.0197373487227949,ssm_fpar
wheat,IN,IN-17-0610,2006,3.03320558664697,1.4506590341553354,ssm_fpar
wheat,IN,IN-17-0610,2007,2.6872722997057648,1.520610416732666,ssm_fpar
wheat,IN,IN-17-0610,2008,2.785146767579735,1.2274130176705556,ssm_fpar
wheat,IN,IN-17-0610,2009,2.6955147257571634,1.213110705521181,ssm_fpar
wheat,IN,IN-17-0610,2010,2.6983901607047898,1.3189237813502896,ssm_fpar
wheat,IN,IN-17-0610,2011,2.9350989635038682,1.1242090648638445,ssm_fpar
wheat,IN,IN-17-0610,2012,2.673929769710401,1.5661122187003365,ssm_fpar
wheat,IN,IN-17-0610,2013,2.7074186767240582,0.7386291576617389,ssm_fpar
wheat,IN,IN-17-0610,2014,2.5193509203517896,1.3344237237394483,ssm_fpar
wheat,IN,IN-17-0610,2015,2.4879825391049675,1.2693911796469937,ssm_fpar
wheat,IN,IN-17-0610,2016,2.700649561591797,1.2733710597295695,ssm_fpar
wheat,IN,IN-17-0610,2017,2.6974601049524387,0.5589398123980202,ssm_fpar
wheat,IN,IN-17-0615,2003,1.9627181000400986,-0.5282429697646746,ssm_fpar
wheat,IN,IN-17-0615,2004,2.6709919241273945,-0.4306665270057084,ssm_fpar
wheat,IN,IN-17-0615,2005,2.743012826569907,-0.8997610789233241,ssm_fpar
wheat,IN,IN-17-0615,2006,2.5625680365883725,-0.32855541829320306,ssm_fpar
wheat,IN,IN-17-0615,2007,2.3061678931727636,0.2316963199005339,ssm_fpar
wheat,IN,IN-17-0615,2008,2.418242688766607,-0.1581622249059788,ssm_fpar
wheat,IN,IN-17-0615,2009,2.4189307648420915,-0.06849024573575176,ssm_fpar
wheat,IN,IN-17-0615,2010,2.1816131409430173,0.1037105736668944,ssm_fpar
wheat,IN,IN-17-0615,2011,2.2672072082195176,-0.25043019632851127,ssm_fpar
wheat,IN,IN-17-0615,2012,2.141172443299112,0.19219272305482288,ssm_fpar
wheat,IN,IN-17-0615,2013,2.1123834746379204,-0.5139379707910636,ssm_fpar
wheat,IN,IN-17-0615,2014,2.0830661806445017,0.20325689195705277,ssm_fpar
wheat,IN,IN-17-0615,2015,2.1472816686161966,0.04734134766921205,ssm_fpar
wheat,IN,IN-17-0615,2016,2.395328457196305,-0.14517810340047899,ssm_fpar
wheat,IN,IN-17-0615,2017,2.410731897546808,0.30931191197594643,ssm_fpar
wheat,IN,IN-17-0616,2003,1.7130092230571912,-2.573063216389144,ssm_fpar
wheat,IN,IN-17-0616,2004,2.57082442852436,-2.579173936515783,ssm_fpar
wheat,IN,IN-17-0616,2005,2.5916016862718285,-2.6473090108293564,ssm_fpar
wheat,IN,IN-17-0616,2006,2.4266121888401373,-2.5709456521961602,ssm_fpar
wheat,IN,IN-17-0616,2007,2.107646319653397,-2.426608066943823,ssm_fpar
wheat,IN,IN-17-0616,2008,2.2542068165709814,-2.575188920189941,ssm_fpar
wheat,IN,IN-17-0616,2009,2.224128179550127,-2.5558106845457242,ssm_fpar
wheat,IN,IN-17-0616,2010,1.9623377717376114,-2.499420657328076,ssm_fpar
wheat,IN,IN-17-0616,2011,1.9564622326348502,-2.590690170192026,ssm_fpar
wheat,IN,IN-17-0616,2012,1.8115228972240922,-2.4276200462953725,ssm_fpar
wheat,IN,IN-17-0616,2013,1.7114883456703862,-2.631957710491234,ssm_fpar
wheat,IN,IN-17-0616,2014,1.7102218560617855,-2.42735899098475,ssm_fpar
wheat,IN,IN-17-0616,2015,1.8338818067922054,-2.468743018115782,ssm_fpar
wheat,IN,IN-17-0616,2016,2.1553609448583155,-2.3972680366157095,ssm_fpar
wheat,IN,IN-17-0616,2017,2.130245812676001,-2.3643437752065326,ssm_fpar
wheat,IN,IN-17-0617,2003,3.0833989047675137,0.6775104435876054,ssm_fpar
wheat,IN,IN-17-0617,2004,3.479670618027965,0.5212648391257423,ssm_fpar
wheat,IN,IN-17-0617,2005,3.499237959952058,0.294055278414414,ssm_fpar
wheat,IN,IN-17-0617,2006,3.2762871407811023,0.7962818436949525,ssm_fpar
wheat,IN,IN-17-0617,2007,3.015727682176515,1.0228788721553526,ssm_fpar
wheat,IN,IN-17-0617,2008,3.1119407969353325,0.512629531041071,ssm_fpar
wheat,IN,IN-17-0617,2009,3.000640195859311,0.7404895331654227,ssm_fpar
wheat,IN,IN-17-0617,2010,2.95955539751473,0.9449077065728568,ssm_fpar
wheat,IN,IN-17-0617,2011,3.125685782989006,0.6022128715433395,ssm_fpar
wheat,IN,IN-17-0617,2012,2.913885361918533,0.7991749113296067,ssm_fpar
wheat,IN,IN-17-0617,2013,2.929444112761243,0.46141425303146705,ssm_fpar
wheat,IN,IN-17-0617,2014,2.8535354166497293,0.777758229956938,ssm_fpar
wheat,IN,IN-17-0617,2015,2.8675842975699752,0.8272735813287944,ssm_fpar
wheat,IN,IN-17-0617,2016,3.094783250291669,1.0069231053454701,ssm_fpar
wheat,IN,IN-17-0617,2017,3.167685859079039,0.9506858609659273,ssm_fpar
wheat,IN,IN-17-0618,2003,2.656552551750268,0.9476074873612329,ssm_fpar
wheat,IN,IN-17-0618,2004,3.148167994002065,0.46006810367302087,ssm_fpar
wheat,IN,IN-17-0618,2005,3.2438069868514665,-0.0796863290412991,ssm_fpar
wheat,IN,IN-17-0618,2006,3.0197318194008247,1.0900786398158564,ssm_fpar
wheat,IN,IN-17-0618,2007,2.756045840883098,1.1636147659680733,ssm_fpar
wheat,IN,IN-17-0618,2008,2.892056325509661,1.044945496136292,ssm_fpar
wheat,IN,IN-17-0618,2009,2.807942058094845,0.8844691543623192,ssm_fpar
wheat,IN,IN-17-0618,2010,2.7881361937012876,0.7248482627596281,ssm_fpar
wheat,IN,IN-17-0618,2011,3.042011364564177,0.005972748109653873,ssm_fpar
wheat,IN,IN-17-0618,2012,2.8099797435077223,0.7947344681810481,ssm_fpar
wheat,IN,IN-17-0618,2013,2.808069695790612,0.6162529370877267,ssm_fpar
wheat,IN,IN-17-0618,2014,2.66803133048464,0.8240030847555956,ssm_fpar
wheat,IN,IN-17-0618,2015,2.6537492901109436,0.8547707759160035,ssm_fpar
wheat,IN,IN-17-0618,2016,2.902286710286211,0.8948710210878702,ssm_fpar
wheat,IN,IN-17-0618,2017,2.990643963002454,0.38513677902715143,ssm_fpar
wheat,IN,IN-17-0619,2004,3.153016740065259,-1.447448428054526,ssm_fpar
wheat,IN,IN-17-0619,2006,3.1935153302020143,-1.4164503143945633,ssm_fpar
wheat,IN,IN-17-0619,2007,3.030771231153303,-1.3236281261199498,ssm_fpar
wheat,IN,IN-17-0619,2008,3.246821357593785,-1.558980002311222,ssm_fpar
wheat,IN,IN-17-0619,2009,3.1113032414796975,-1.2543398502592342,ssm_fpar
wheat,IN,IN-17-0619,2010,3.026083301018112,-1.2624735342480446,ssm_fpar
wheat,IN,IN-17-0619,2011,3.1455582784473353,-1.6627880835929225,ssm_fpar
wheat,IN,IN-17-0619,2012,2.898361354777342,-1.3274558671347958,ssm_fpar
wheat,IN,IN-17-0619,2013,2.942565955172682,-1.4097278575206216,ssm_fpar
wheat,IN,IN-17-0619,2014,2.8884702957203823,-1.318948122946878,ssm_fpar
wheat,IN,IN-17-0619,2015,2.692937203309949,-1.3175347704899816,ssm_fpar
wheat,IN,IN-17-0619,2016,3.034292387565959,-1.4608402082514047,ssm_fpar
wheat,IN,IN-17-0619,2017,3.2304571647131635,-1.4134068245926397,ssm_fpar
wheat,IN,IN-17-0620,2003,2.0384877736660294,-0.011671930066083623,ssm_fpar
wheat,IN,IN-17-0620,2004,2.759827411710571,0.0530489857497003,ssm_fpar
wheat,IN,IN-17-0620,2005,2.8204652860898,0.0009948428272438727,ssm_fpar
wheat,IN,IN-17-0620,2006,2.6452088226744372,0.14538464780889307,ssm_fpar
wheat,IN,IN-17-0620,2007,2.4332082476101817,0.25400645170036845,ssm_fpar
wheat,IN,IN-17-0620,2008,2.536992148772774,0.10125767647363881,ssm_fpar
wheat,IN,IN-17-0620,2009,2.530214236929019,0.08383093441296921,ssm_fpar
wheat,IN,IN-17-0620,2010,2.3654493617452435,0.08609176700849792,ssm_fpar
wheat,IN,IN-17-0620,2011,2.336242723436676,0.04558212782608878,ssm_fpar
wheat,IN,IN-17-0620,2012,2.1940353274528697,0.19879121671641947,ssm_fpar
wheat,IN,IN-17-0620,2013,2.1240275958764228,0.0077875245444432705,ssm_fpar
wheat,IN,IN-17-0620,2014,2.1152754400309344,0.20965543389168986,ssm_fpar
wheat,IN,IN-17-0620,2015,2.237634682227495,0.15760129096923345,ssm_fpar
wheat,IN,IN-17-0620,2016,2.4594406977365613,0.30719508449283667,ssm_fpar
wheat,IN,IN-17-0620,2017,2.4359065712059627,0.3422705783014819,ssm_fpar
wheat,IN,IN-17-0621,2003,2.543061155910047,-3.0949970272754705,ssm_fpar
wheat,IN,IN-17-0621,2004,3.1692615112441174,-3.112085229481122,ssm_fpar
wheat,IN,IN-17-0621,2005,3.2231427966330375,-3.1565686383877405,ssm_fpar
wheat,IN,IN-17-0621,2006,3.0633761403897606,-3.0692575976841456,ssm_fpar
wheat,IN,IN-17-0621,2007,2.802400569270072,-3.0034508581859085,ssm_fpar
wheat,IN,IN-17-0621,2008,2.9107067109949694,-3.061904366424622,ssm_fpar
wheat,IN,IN-17-0621,2009,2.922543103215257,-3.037506615521385,ssm_fpar
wheat,IN,IN-17-0621,2010,2.697981779173778,-3.0123267387472623,ssm_fpar
wheat,IN,IN-17-0621,2011,2.817914737387074,-3.070172851362841,ssm_fpar
wheat,IN,IN-17-0621,2012,2.705448610116881,-2.9793609653382322,ssm_fpar
wheat,IN,IN-17-0621,2013,2.61020150845875,-3.105811581538061,ssm_fpar
wheat,IN,IN-17-0621,2014,2.6057758757541696,-2.9200754083007094,ssm_fpar
wheat,IN,IN-17-0621,2015,2.629710166196486,-2.943381095155502,ssm_fpar
wheat,IN,IN-17-0621,2016,2.855211799052707,-2.9092483733061325,ssm_fpar
wheat,IN,IN-17-0621,2017,2.9118887685570067,-2.892453468302068,ssm_fpar
wheat,IN,IN-17-0622,2003,2.441005513251439,1.2972434400924684,ssm_fpar
wheat,IN,IN-17-0622,2004,3.0273602921900364,0.9201984565161576,ssm_fpar
wheat,IN,IN-17-0622,2005,3.140691644531355,0.48672360678703697,ssm_fpar
wheat,IN,IN-17-0622,2006,2.8717787157142127,1.4103125041309557,ssm_fpar
wheat,IN,IN-17-0622,2007,2.582578542289894,0.9541316042797543,ssm_fpar
wheat,IN,IN-17-0622,2008,2.7332027223561637,0.651422123057995,ssm_fpar
wheat,IN,IN-17-0622,2009,2.649555391639498,0.6519357256972689,ssm_fpar
wheat,IN,IN-17-0622,2010,2.573370363327939,0.6885140766945834,ssm_fpar
wheat,IN,IN-17-0622,2011,2.790445263103645,0.30900345959981146,ssm_fpar
wheat,IN,IN-17-0622,2012,2.5094283171277185,0.945733644128899,ssm_fpar
wheat,IN,IN-17-0622,2013,2.5731770652078216,0.27611027820333545,ssm_fpar
wheat,IN,IN-17-0622,2014,2.3887607572312652,0.7441288127279087,ssm_fpar
wheat,IN,IN-17-0622,2015,2.4387139447633084,0.5917100384200256,ssm_fpar
wheat,IN,IN-17-0622,2016,2.683910382780471,0.8767517717456906,ssm_fpar
wheat,IN,IN-17-0622,2017,2.7450974468457114,1.047461966173669,ssm_fpar
wheat,IN,IN-17-1047,2003,1.952761813821017,-0.02400891695112574,ssm_fpar
wheat,IN,IN-17-1047,2004,2.657959461589509,0.06386375669167073,ssm_fpar
wheat,IN,IN-17-1047,2005,2.6993876983044878,-0.13379983607669146,ssm_fpar
wheat,IN,IN-17-1047,2006,2.535805401091854,0.05930620939616377,ssm_fpar
wheat,IN,IN-17-1047,2007,2.301152912827473,0.3939250344493883,ssm_fpar
wheat,IN,IN-17-1047,2008,2.417033455340156,0.23399693482925382,ssm_fpar
wheat,IN,IN-17-1047,2009,2.4062245406018494,0.3352052705950541,ssm_fpar
wheat,IN,IN-17-1047,2010,2.199488281685593,0.3470162032942255,ssm_fpar
wheat,IN,IN-17-1047,2011,2.238026105870088,0.11461457317535671,ssm_fpar
wheat,IN,IN-17-1047,2012,2.119912561753947,0.588081541530741,ssm_fpar
wheat,IN,IN-17-1047,2013,2.0665873618807464,0.01542603586867984,ssm_fpar
wheat,IN,IN-17-1047,2014,2.0358467281329773,0.658953378091758,ssm_fpar
wheat,IN,IN-17-1047,2015,2.1371997776557525,0.5783486507066149,ssm_fpar
wheat,IN,IN-17-1047,2016,2.3914040125178078,0.7863421293122594,ssm_fpar
wheat,IN,IN-17-1047,2017,2.3933751263927183,0.8860839790701394,ssm_fpar
wheat,IN,IN-17-1048,2003,2.6318915303699497,1.4250651538486314,ssm_fpar
wheat,IN,IN-17-1048,2004,3.093062014099856,0.9330461292707726,ssm_fpar
wheat,IN,IN-17-1048,2005,3.3304250739416985,0.7223310445150966,ssm_fpar
wheat,IN,IN-17-1048,2006,3.0990274015258876,1.3203061771883038,ssm_fpar
wheat,IN,IN-17-1048,2007,2.764846163261964,1.483307593381845,ssm_fpar
wheat,IN,IN-17-1048,2008,2.862601729770419,1.222981386739503,ssm_fpar
wheat,IN,IN-17-1048,2009,2.8183361506221796,1.340138654628613,ssm_fpar
wheat,IN,IN-17-1048,2010,2.7926514753438414,1.4446681810972282,ssm_fpar
wheat,IN,IN-17-1048,2011,3.015734505640876,1.1521750527956545,ssm_fpar
wheat,IN,IN-17-1048,2012,2.7746640602722037,1.5277890070694111,ssm_fpar
wheat,IN,IN-17-1048,2013,2.8210419448309887,1.2277619316033883,ssm_fpar
wheat,IN,IN-17-1048,2014,2.5486570119934986,1.6204549610168801,ssm_fpar
wheat,IN,IN-17-1048,2015,2.588190965509277,1.4628984976336605,ssm_fpar
wheat,IN,IN-17-1048,2016,2.7656441161888967,1.53973039313382,ssm_fpar
wheat,IN,IN-17-1048,2017,2.6655039398469387,1.6164345946142404,ssm_fpar
wheat,IN,IN-17-1049,2004,2.9079988213776153,-0.3139289537992883,ssm_fpar
wheat,IN,IN-17-1049,2006,2.8812066084164782,-0.5155911477482,ssm_fpar
wheat,IN,IN-17-1049,2007,2.687057875980815,-0.48475624264576245,ssm_fpar
wheat,IN,IN-17-1049,2009,2.8122153902712905,-0.3539131021621961,ssm_fpar
wheat,IN,IN-17-1049,2010,2.7588681659177303,-0.38124066156237996,ssm_fpar
wheat,IN,IN-17-1050,2003,2.736350611786849,-0.5994596820625141,ssm_fpar
wheat,IN,IN-17-1050,2004,3.2846393958685907,-0.7192147251656343,ssm_fpar
wheat,IN,IN-17-1050,2005,3.287733316950559,-0.7767508571521823,ssm_fpar
wheat,IN,IN-17-1050,2006,3.082210635075149,-0.2934269972307592,ssm_fpar
wheat,IN,IN-17-1050,2007,2.780236644732172,-0.12300137092098089,ssm_fpar
wheat,IN,IN-17-1050,2008,2.9322235657862663,-0.7521079065621104,ssm_fpar
wheat,IN,IN-17-1050,2009,2.8834746859935794,-0.3373996300584343,ssm_fpar
wheat,IN,IN-17-1050,2010,2.6722555280239786,-0.2904202021097797,ssm_fpar
wheat,IN,IN-17-1050,2011,2.8631860719838254,-0.6666446934153937,ssm_fpar
wheat,IN,IN-17-1050,2012,2.7145678948823755,-0.27070344737485785,ssm_fpar
wheat,IN,IN-17-1050,2013,2.6067392998719505,-0.8106336672016256,ssm_fpar
wheat,IN,IN-17-1050,2014,2.5757332174410332,-0.20699610284072514,ssm_fpar
wheat,IN,IN-17-1050,2015,2.5376054905410337,-0.12437208641408247,ssm_fpar
wheat,IN,IN-17-1050,2016,2.743639176118508,0.00269543453801092,ssm_fpar
wheat,IN,IN-17-1050,2017,2.9066320846998406,0.024227838616057824,ssm_fpar
wheat,IN,IN-17-1051,2003,3.2516423339051794,2.2128324667174155,ssm_fpar
wheat,IN,IN-17-1051,2004,3.7092460255921016,2.129829358669691,ssm_fpar
wheat,IN,IN-17-1051,2005,3.8534385738037726,1.6236922438434833,ssm_fpar
wheat,IN,IN-17-1051,2006,3.7252597360905595,2.0453597646140462,ssm_fpar
wheat,IN,IN-17-1051,2007,3.380028723673004,2.293762941207312,ssm_fpar
wheat,IN,IN-17-1051,2008,3.393587892156131,1.9780988950325518,ssm_fpar
wheat,IN,IN-17-1051,2009,3.3559515583543824,2.094623917906453,ssm_fpar
wheat,IN,IN-17-1051,2010,3.320777574038369,1.9936064957375457,ssm_fpar
wheat,IN,IN-17-1051,2011,3.504879931553582,1.5038705604238192,ssm_fpar
wheat,IN,IN-17-1051,2012,3.3120298334580327,2.1571783450598834,ssm_fpar
wheat,IN,IN-17-1051,2013,3.3089244238866065,1.5100943270413913,ssm_fpar
wheat,IN,IN-17-1051,2014,3.0983401047457573,2.245325886023367,ssm_fpar
wheat,IN,IN-17-1051,2015,3.1459258233606993,2.223504574225649,ssm_fpar
wheat,IN,IN-17-1051,2016,3.329441799727932,2.1377972659793376,ssm_fpar
wheat,IN,IN-17-1051,2017,3.2783958093586003,2.185229289419195,ssm_fpar
wheat,IN,IN-17-2017,2005,3.0425850251188478,0.295754456845016,ssm_fpar
wheat,IN,IN-17-2017,2006,2.8123103896935087,0.44634627556844425,ssm_fpar
wheat,IN,IN-17-2017,2007,2.5933093596246115,0.5373071069952118,ssm_fpar
wheat,IN,IN-17-2017,2009,2.6875202110816763,0.4929723834755133,ssm_fpar
wheat,IN,IN-17-2017,2010,2.4795610034692874,0.5583247029891435,ssm_fpar
wheat,IN,IN-17-2017,2011,2.5495926816639236,0.44595724941912,ssm_fpar
wheat,IN,IN-17-2017,2012,2.338220913461546,0.5274286943030333,ssm_fpar
wheat,IN,IN-17-2017,2013,2.3050716069407327,0.5036003334606166,ssm_fpar
wheat,IN,IN-17-2017,2014,2.212778629873844,0.5789960453423147,ssm_fpar
wheat,IN,IN-17-2017,2015,2.3032655222973895,0.5744560490761589,ssm_fpar
wheat,IN,IN-17-2017,2016,2.526356862509838,0.863370086923507,ssm_fpar
wheat,IN,IN-17-2017,2017,2.557513956207846,0.9873879571119235,ssm_fpar
wheat,IN,IN-17-2018,2005,2.7807480862657363,0.6778055237509027,ssm_fpar
wheat,IN,IN-17-2018,2006,2.5902388155958733,0.7792114711064162,ssm_fpar
wheat,IN,IN-17-2018,2007,2.378096799896974,0.9435411088722746,ssm_fpar
wheat,IN,IN-17-2018,2008,2.5049430003466253,0.9279401938945042,ssm_fpar
wheat,IN,IN-17-2018,2009,2.5138953038305565,0.766730739124198,ssm_fpar
wheat,IN,IN-17-2018,2010,2.3205425759069214,0.7750512271123404,ssm_fpar
wheat,IN,IN-17-2018,2011,2.4372501122083357,0.7792114711064162,ssm_fpar
wheat,IN,IN-17-2018,2012,2.287648366723544,0.9643423288426359,ssm_fpar
wheat,IN,IN-17-2018,2013,2.284672101369433,0.9071389739241436,ssm_fpar
wheat,IN,IN-17-2018,2014,2.2214657286664847,1.0439069952292652,ssm_fpar
wheat,IN,IN-17-2018,2015,2.2915720556600676,1.0350664767418605,ssm_fpar
wheat,IN,IN-17-2018,2016,2.516330952245871,1.3044422753580474,ssm_fpar
wheat,IN,IN-17-2018,2017,2.524135596682973,1.476572370612786,ssm_fpar
wheat,IN,IN-17-2019,2005,3.0771514140322247,-0.17670443238756087,ssm_fpar
wheat,IN,IN-17-2019,2006,2.9325973324771573,-0.08578854026309794,ssm_fpar
wheat,IN,IN-17-2019,2007,2.777905896154897,0.19202215305106268,ssm_fpar
wheat,IN,IN-17-2019,2008,2.901813031495491,0.05217971143431553,ssm_fpar
wheat,IN,IN-17-2019,2009,2.902260924289189,0.03377271188254097,ssm_fpar
wheat,IN,IN-17-2019,2010,2.7795234924428787,0.08709247903256823,ssm_fpar
wheat,IN,IN-17-2019,2011,2.835502688468329,0.02984960179612747,ssm_fpar
wheat,IN,IN-17-2019,2012,2.7182417639631242,0.21236158593808308,ssm_fpar
wheat,IN,IN-17-2019,2013,2.686985475272645,0.045481718603856226,ssm_fpar
wheat,IN,IN-17-2019,2014,2.660024954765861,0.38261333102950285,ssm_fpar
wheat,IN,IN-17-2019,2015,2.731571201567286,0.34116898036055676,ssm_fpar
wheat,IN,IN-17-2019,2016,2.9020055143489842,0.49625039572758745,ssm_fpar
wheat,IN,IN-17-2019,2017,2.8936248536069282,0.557272854632645,ssm_fpar
wheat,IN,IN-17-2028,2009,2.942252269097824,-0.16009847887346693,ssm_fpar
wheat,IN,IN-17-2028,2010,2.740502266030916,-0.34813390859253235,ssm_fpar
wheat,IN,IN-17-2028,2011,2.926933744201282,-0.3112303368886963,ssm_fpar
wheat,IN,IN-17-2028,2012,2.7903263744116407,-0.19245095590512162,ssm_fpar
wheat,IN,IN-17-2028,2013,2.674483918935408,-0.3966935500354227,ssm_fpar
wheat,IN,IN-17-2028,2014,2.6470422556415705,-0.19087074241088509,ssm_fpar
wheat,IN,IN-17-2028,2015,2.605152441103436,0.04390867940793596,ssm_fpar
wheat,IN,IN-17-2028,2016,2.8034518858219273,0.2908409805113615,ssm_fpar
wheat,IN,IN-17-2028,2017,2.965068313641898,0.3865715909325133,ssm_fpar
wheat,IN,IN-18-0626,2003,-0.013998668218395384,0.13855185707266984,ssm_fpar
wheat,IN,IN-18-0626,2004,0.5206458358332017,0.21889084887269944,ssm_fpar
wheat,IN,IN-18-0626,2005,0.3893497459166649,0.4130742775329878,ssm_fpar
wheat,IN,IN-18-0626,2006,0.3333940649548769,0.28347827685955623,ssm_fpar
wheat,IN,IN-18-0626,2007,0.17584483288659913,0.40811454664982055,ssm_fpar
wheat,IN,IN-18-0626,2008,0.21736172692222672,0.4387020605763552,ssm_fpar
wheat,IN,IN-18-0626,2009,0.14426444609006975,0.3135111582574563,ssm_fpar
wheat,IN,IN-18-0626,2010,-0.44166669624427723,0.20818362090468978,ssm_fpar
wheat,IN,IN-18-0626,2011,-0.05934290808771212,0.519830698688335,ssm_fpar
wheat,IN,IN-18-0626,2012,0.006083297032423862,0.5859823784169628,ssm_fpar
wheat,IN,IN-18-0626,2013,-0.22586739936288144,0.4993901398703847,ssm_fpar
wheat,IN,IN-18-0626,2014,-0.041836684221335886,0.8179071405680082,ssm_fpar
wheat,IN,IN-18-0626,2015,-0.19408860484457324,0.755295708471294,ssm_fpar
wheat,IN,IN-18-0626,2016,-0.23028294312701197,0.7271241362372848,ssm_fpar
wheat,IN,IN-18-0626,2017,-0.5966799903294745,0.7308599153369193,ssm_fpar
wheat,IN,IN-18-0627,2003,2.295677594942316,0.2520074060270102,ssm_fpar
wheat,IN,IN-18-0627,2004,2.0819628806046517,0.40946966377311783,ssm_fpar
wheat,IN,IN-18-0627,2005,1.8862032306487608,0.5513181587291234,ssm_fpar
wheat,IN,IN-18-0627,2006,1.957767799027345,0.5225922857506472,ssm_fpar
wheat,IN,IN-18-0627,2007,1.9147450369279226,0.8116932286774271,ssm_fpar
wheat,IN,IN-18-0627,2008,1.9256414222536522,0.6213414278754747,ssm_fpar
wheat,IN,IN-18-0627,2009,1.7491996178924554,0.6260648547035681,ssm_fpar
wheat,IN,IN-18-0627,2010,1.3325049217051033,0.5418847238991559,ssm_fpar
wheat,IN,IN-18-0627,2011,1.6587150045136108,0.6729866560311747,ssm_fpar
wheat,IN,IN-18-0627,2012,1.709641174127062,0.6352471657857741,ssm_fpar
wheat,IN,IN-18-0627,2013,1.5235149939637802,0.6527184775192391,ssm_fpar
wheat,IN,IN-18-0627,2014,1.7422330255454417,0.9682794287691383,ssm_fpar
wheat,IN,IN-18-0627,2015,1.6727793088258618,0.9506835136493923,ssm_fpar
wheat,IN,IN-18-0627,2016,1.7271922251290823,0.9770304204372611,ssm_fpar
wheat,IN,IN-18-0627,2017,1.4131811789619955,0.8610821770536411,ssm_fpar
wheat,IN,IN-18-0628,2003,0.20800956834031914,-0.3132282993732835,ssm_fpar
wheat,IN,IN-18-0628,2004,0.6147050274932223,0.03558761832496118,ssm_fpar
wheat,IN,IN-18-0628,2005,0.8252329593872424,0.4041705453381662,ssm_fpar
wheat,IN,IN-18-0628,2006,0.18783544464563065,-0.0977526219443009,ssm_fpar
wheat,IN,IN-18-0628,2007,0.5342743933986455,0.3609519806133603,ssm_fpar
wheat,IN,IN-18-0628,2008,0.18267610091485958,-0.12161968172304395,ssm_fpar
wheat,IN,IN-18-0628,2009,-0.0784911176292777,-0.30288957301751446,ssm_fpar
wheat,IN,IN-18-0628,2010,-0.4558639804530731,-0.21364778907780396,ssm_fpar
wheat,IN,IN-18-0628,2011,0.27280018570827486,0.5943860012808905,ssm_fpar
wheat,IN,IN-18-0628,2012,0.03849744343386372,0.005683524480319566,ssm_fpar
wheat,IN,IN-18-0628,2013,-0.014042630351600877,0.5969401310780013,ssm_fpar
wheat,IN,IN-18-0628,2014,0.19756165703200773,0.7799453641484985,ssm_fpar
wheat,IN,IN-18-0628,2015,0.19206543468291473,0.7450368868018625,ssm_fpar
wheat,IN,IN-18-0628,2016,-0.32920757287914504,0.11086112303933356,ssm_fpar
wheat,IN,IN-18-0628,2017,-0.4434207853591243,0.29076840441812013,ssm_fpar
wheat,IN,IN-18-0629,2003,0.3701647762425536,-0.17672900382864726,ssm_fpar
wheat,IN,IN-18-0629,2004,0.0846224781798999,0.12364399274161997,ssm_fpar
wheat,IN,IN-18-0629,2005,0.5044266989917621,0.46003144152282327,ssm_fpar
wheat,IN,IN-18-0629,2006,-0.08938472816483653,-0.08959529352529853,ssm_fpar
wheat,IN,IN-18-0629,2007,0.22076138989067529,0.4063641639916652,ssm_fpar
wheat,IN,IN-18-0629,2008,-0.07426017704546155,-0.013270807171923475,ssm_fpar
wheat,IN,IN-18-0629,2009,-0.30024458227091355,0.03359564149754928,ssm_fpar
wheat,IN,IN-18-0629,2010,-0.6581714098493731,0.008879241905891344,ssm_fpar
wheat,IN,IN-18-0629,2011,-0.02171031329078176,0.3433358174433456,ssm_fpar
wheat,IN,IN-18-0629,2012,-0.2853584386551391,0.050050836577978236,ssm_fpar
wheat,IN,IN-18-0629,2013,-0.25985232446390016,0.41702673934084783,ssm_fpar
wheat,IN,IN-18-0629,2014,-0.0669119038882289,0.6811103175736877,ssm_fpar
wheat,IN,IN-18-0629,2015,0.0025819250829730005,0.5641336170093603,ssm_fpar
wheat,IN,IN-18-0629,2016,-0.42146396662101243,0.19108401803040423,ssm_fpar
wheat,IN,IN-18-0629,2017,-0.3557818632310311,0.4479573733910268,ssm_fpar
wheat,IN,IN-18-0631,2003,2.45127530607224,-0.003727893889780952,ssm_fpar
wheat,IN,IN-18-0631,2004,2.4244132712558577,0.18144822730109372,ssm_fpar
wheat,IN,IN-18-0631,2005,2.1890060486504743,0.06596147652080321,ssm_fpar
wheat,IN,IN-18-0631,2006,2.202214928132308,0.24326550082121434,ssm_fpar
wheat,IN,IN-18-0631,2007,2.1214741133087176,0.20624357272284424,ssm_fpar
wheat,IN,IN-18-0631,2008,2.143199988991632,0.16989036224408172,ssm_fpar
wheat,IN,IN-18-0631,2009,1.9837232561718479,0.24997418547873515,ssm_fpar
wheat,IN,IN-18-0631,2010,1.649367821365349,0.17438367537230984,ssm_fpar
wheat,IN,IN-18-0631,2011,2.056818951978792,0.3686735182736882,ssm_fpar
wheat,IN,IN-18-0631,2012,2.0074628081022263,0.11559518428720339,ssm_fpar
wheat,IN,IN-18-0631,2013,1.7772556705823326,0.13137261841763354,ssm_fpar
wheat,IN,IN-18-0631,2014,1.9115353524024723,0.453680823865567,ssm_fpar
wheat,IN,IN-18-0631,2015,1.8362202191961134,0.3739978401397418,ssm_fpar
wheat,IN,IN-18-0631,2016,1.6698256260651274,0.31129871970019846,ssm_fpar
wheat,IN,IN-18-0631,2017,1.230682278653652,0.2920642892204438,ssm_fpar
wheat,IN,IN-18-0633,2003,-0.1984108689661097,-0.14840138244250967,ssm_fpar
wheat,IN,IN-18-0633,2004,0.26394687872194583,0.012337704741213098,ssm_fpar
wheat,IN,IN-18-0633,2005,0.20900474772764302,0.4113502164185611,ssm_fpar
wheat,IN,IN-18-0633,2006,-0.2763055963154349,-0.19749200155732327,ssm_fpar
wheat,IN,IN-18-0633,2007,-0.011900666415630324,0.20163049657062723,ssm_fpar
wheat,IN,IN-18-0633,2008,-0.3373687893261702,-0.3512102869781655,ssm_fpar
wheat,IN,IN-18-0633,2009,-0.427821879708672,-0.17724227393141628,ssm_fpar
wheat,IN,IN-18-0633,2010,-0.9329858308559743,-0.2876686703270768,ssm_fpar
wheat,IN,IN-18-0633,2011,-0.1929185300682437,0.2913977713298488,ssm_fpar
wheat,IN,IN-18-0633,2012,-0.45185731473057045,0.02956280497579561,ssm_fpar
wheat,IN,IN-18-0633,2013,-0.5974451101353024,0.2322311712690265,ssm_fpar
wheat,IN,IN-18-0633,2014,-0.41733100938722817,0.6789900232205839,ssm_fpar
wheat,IN,IN-18-0633,2015,-0.4673371658698829,0.42679109201018567,ssm_fpar
wheat,IN,IN-18-0633,2016,-1.072208096432424,0.014409116227387015,ssm_fpar
wheat,IN,IN-18-0633,2017,-1.027591141706822,0.39598877548569855,ssm_fpar
wheat,IN,IN-18-0634,2003,0.8052528419288079,0.8723961645290519,ssm_fpar
wheat,IN,IN-18-0634,2004,1.2015741370955302,0.931414079202964,ssm_fpar
wheat,IN,IN-18-0634,2005,1.0934053827893306,1.112570150096491,ssm_fpar
wheat,IN,IN-18-0634,2006,1.1376093881058782,1.0441092157167413,ssm_fpar
wheat,IN,IN-18-0634,2007,1.0604085702723867,1.22979126499547,ssm_fpar
wheat,IN,IN-18-0634,2008,1.0896251385721722,1.093986992762268,ssm_fpar
wheat,IN,IN-18-0634,2009,0.9004878305217726,0.9507256871032128,ssm_fpar
wheat,IN,IN-18-0634,2010,0.3600530577710703,0.8222960183633828,ssm_fpar
wheat,IN,IN-18-0634,2011,0.8576336105783452,1.1337412239152729,ssm_fpar
wheat,IN,IN-18-0634,2012,0.9010124017148606,1.1394135534543637,ssm_fpar
wheat,IN,IN-18-0634,2013,0.7289231055616145,1.0937742085179765,ssm_fpar
wheat,IN,IN-18-0634,2014,0.9563145081131469,1.347746581385995,ssm_fpar
wheat,IN,IN-18-0634,2015,0.7341167446672315,1.380222057804307,ssm_fpar
wheat,IN,IN-18-0634,2016,0.7061094273190365,1.3156506660520748,ssm_fpar
wheat,IN,IN-18-0634,2017,0.39295728291924215,1.2831656047578928,ssm_fpar
wheat,IN,IN-18-0635,2003,2.243253769743338,-0.8287889478526869,ssm_fpar
wheat,IN,IN-18-0635,2004,2.2676620753012062,-0.544028036719248,ssm_fpar
wheat,IN,IN-18-0635,2005,2.0347395866897706,-0.6810054977587792,ssm_fpar
wheat,IN,IN-18-0635,2006,2.056692375200045,-0.3394311934012332,ssm_fpar
wheat,IN,IN-18-0635,2007,1.9944312596430842,-0.4105298856200428,ssm_fpar
wheat,IN,IN-18-0635,2008,2.0393129656072975,-0.45662355367260266,ssm_fpar
wheat,IN,IN-18-0635,2009,1.8805814753490435,-0.31668819993999087,ssm_fpar
wheat,IN,IN-18-0635,2010,1.4340708680816803,-0.46717075107851774,ssm_fpar
wheat,IN,IN-18-0635,2011,1.8279887063776852,0.021134584002547654,ssm_fpar
wheat,IN,IN-18-0635,2012,1.8387060099090449,-0.3102471633562246,ssm_fpar
wheat,IN,IN-18-0635,2013,1.5756048284980693,-0.28663386316610534,ssm_fpar
wheat,IN,IN-18-0635,2014,1.7529192744303814,-0.08456167615190874,ssm_fpar
wheat,IN,IN-18-0635,2015,1.6711696429863905,-0.2043726245106069,ssm_fpar
wheat,IN,IN-18-0635,2016,1.5011299265106082,-0.2146552793425501,ssm_fpar
wheat,IN,IN-18-0635,2017,1.0812430088901368,-0.3352464365969633,ssm_fpar
wheat,IN,IN-18-0636,2003,-0.09128298071041036,-0.049634771881410626,ssm_fpar
wheat,IN,IN-18-0636,2004,0.22550852251924614,0.009259306196264855,ssm_fpar
wheat,IN,IN-18-0636,2005,0.10750674997913016,0.3098563492399668,ssm_fpar
wheat,IN,IN-18-0636,2006,-0.09921983068849141,-0.1866176004514396,ssm_fpar
wheat,IN,IN-18-0636,2007,0.08400164821421917,0.24194175278473085,ssm_fpar
wheat,IN,IN-18-0636,2008,-0.27066725762572247,-0.21998830427588817,ssm_fpar
wheat,IN,IN-18-0636,2009,-0.31870951314023016,-0.06609852146356275,ssm_fpar
wheat,IN,IN-18-0636,2010,-0.649045083716141,-0.047145004525765095,ssm_fpar
wheat,IN,IN-18-0636,2011,-0.02558893010441645,0.32161430816561704,ssm_fpar
wheat,IN,IN-18-0636,2012,-0.28067233007638337,0.06233306425144644,ssm_fpar
wheat,IN,IN-18-0636,2013,-0.4292068554546562,0.4003939365105688,ssm_fpar
wheat,IN,IN-18-0636,2014,-0.2965127375499345,0.6758000087961604,ssm_fpar
wheat,IN,IN-18-0636,2015,-0.39313462838659474,0.624648976840242,ssm_fpar
wheat,IN,IN-18-0636,2016,-1.1927018822018747,0.38052142167448066,ssm_fpar
wheat,IN,IN-18-0636,2017,-0.7341402586758291,0.6802646439758021,ssm_fpar
wheat,IN,IN-18-0637,2003,0.06795386489537861,-0.13998130861375732,ssm_fpar
wheat,IN,IN-18-0637,2004,0.5517417640231972,-0.01810410063967188,ssm_fpar
wheat,IN,IN-18-0637,2005,0.7434469058270785,0.5097453171909793,ssm_fpar
wheat,IN,IN-18-0637,2006,0.04195884704607896,-0.08411430207073345,ssm_fpar
wheat,IN,IN-18-0637,2007,0.41682443472940317,0.4666856217837175,ssm_fpar
wheat,IN,IN-18-0637,2008,-0.009575322018866978,-0.14461907061378337,ssm_fpar
wheat,IN,IN-18-0637,2009,-0.1459235346982032,-0.0006162549953393917,ssm_fpar
wheat,IN,IN-18-0637,2010,-0.6760833441327474,0.003269932925633649,ssm_fpar
wheat,IN,IN-18-0637,2011,0.14322425559880878,0.5814687036945453,ssm_fpar
wheat,IN,IN-18-0637,2012,-0.1930129524760495,0.19325319525043863,ssm_fpar
wheat,IN,IN-18-0637,2013,-0.21389448789887802,0.5227542701528285,ssm_fpar
wheat,IN,IN-18-0637,2014,-0.05128893333140845,0.7945857827941387,ssm_fpar
wheat,IN,IN-18-0637,2015,0.02090289663825448,0.6340116752863054,ssm_fpar
wheat,IN,IN-18-0637,2016,-0.6016631664702426,0.4495582872829864,ssm_fpar
wheat,IN,IN-18-0637,2017,-0.6090096553402085,0.5441344140764904,ssm_fpar
wheat,IN,IN-19-0654,2016,2.2762183251552464,2.7549753476451215,ssm_fpar
wheat,IN,IN-19-0654,2017,2.040642529689102,2.484615491314956,ssm_fpar
wheat,IN,IN-20-0056,2003,-0.8249612498522084,-0.7475873540893766,ssm_fpar
wheat,IN,IN-20-0056,2004,0.14242433591419637,-0.5370150042355671,ssm_fpar
wheat,IN,IN-20-0056,2005,0.10129613767659269,-0.26211602454758165,ssm_fpar
wheat,IN,IN-20-0056,2006,0.5476868716127279,-0.11014724887654942,ssm_fpar
wheat,IN,IN-20-0056,2007,0.6412065140950043,-0.2122146750271205,ssm_fpar
wheat,IN,IN-20-0056,2008,0.7062709490868138,-0.04165107164552868,ssm_fpar
wheat,IN,IN-20-0056,2009,0.160800861683396,-0.08908464214754544,ssm_fpar
wheat,IN,IN-20-0056,2010,0.011643918445532522,-0.1102750963746762,ssm_fpar
wheat,IN,IN-20-0056,2011,0.842728215930141,0.325120839153424,ssm_fpar
wheat,IN,IN-20-0056,2012,-0.49224097320726806,-0.041839082672185994,ssm_fpar
wheat,IN,IN-20-0056,2013,-0.018814893861829902,0.09819958759602823,ssm_fpar
wheat,IN,IN-20-0056,2014,1.4158642189885566,0.37541002856315325,ssm_fpar
wheat,IN,IN-20-0056,2015,0.4935181168411478,-0.2922998519411612,ssm_fpar
wheat,IN,IN-20-0056,2016,-0.9550396675109908,-1.2860960570762496,ssm_fpar
wheat,IN,IN-20-0056,2017,0.24833192001951462,0.37813081670602816,ssm_fpar
wheat,IN,IN-20-0057,2003,-0.8340677937581804,-1.0813300248999032,ssm_fpar
wheat,IN,IN-20-0057,2004,-0.1561110771739255,-0.8293039295404319,ssm_fpar
wheat,IN,IN-20-0057,2005,-0.23634408571420074,-0.9925866716212037,ssm_fpar
wheat,IN,IN-20-0057,2006,0.28096743053413425,-0.5420542369242827,ssm_fpar
wheat,IN,IN-20-0057,2007,0.2759899222917983,-0.9171883410144895,ssm_fpar
wheat,IN,IN-20-0057,2008,0.4593844590065504,-0.8935360166869116,ssm_fpar
wheat,IN,IN-20-0057,2009,0.010147294519486516,-1.185527347395295,ssm_fpar
wheat,IN,IN-20-0057,2010,-0.1899334406221811,-0.73105635027713,ssm_fpar
wheat,IN,IN-20-0057,2011,0.6691091045959172,-0.2895812124957267,ssm_fpar
wheat,IN,IN-20-0057,2012,-0.6929801776725548,-1.2001503078741809,ssm_fpar
wheat,IN,IN-20-0057,2013,-0.46005065686688734,-0.4728360973509073,ssm_fpar
wheat,IN,IN-20-0057,2014,0.916983816622315,-0.06772981256569414,ssm_fpar
wheat,IN,IN-20-0057,2015,0.13617782393391212,-1.2326713809162668,ssm_fpar
wheat,IN,IN-20-0057,2016,-1.3179303802924633,-1.2847176676636864,ssm_fpar
wheat,IN,IN-20-0057,2017,-0.037118927489731904,-0.2241410202094008,ssm_fpar
wheat,IN,IN-20-0058,2003,-0.8774395048589849,-1.1237999252401085,ssm_fpar
wheat,IN,IN-20-0058,2004,-0.6734834208444708,-1.1420430111785151,ssm_fpar
wheat,IN,IN-20-0058,2005,-0.6417959970075351,-1.3253407267361397,ssm_fpar
wheat,IN,IN-20-0058,2006,0.47965098858226335,-0.6024283019921739,ssm_fpar
wheat,IN,IN-20-0058,2007,0.1642505760561282,-1.0828882244771978,ssm_fpar
wheat,IN,IN-20-0058,2008,0.8165950444852131,-0.8007232811240397,ssm_fpar
wheat,IN,IN-20-0058,2009,0.24271775696302833,-1.12980925901474,ssm_fpar
wheat,IN,IN-20-0058,2010,0.2608316686639462,-0.6229004466626047,ssm_fpar
wheat,IN,IN-20-0058,2011,0.8868743507646407,-0.5494653451020409,ssm_fpar
wheat,IN,IN-20-0058,2012,-0.5542904050229707,-0.9990834374118057,ssm_fpar
wheat,IN,IN-20-0058,2013,-0.6106439325865606,-0.6978085519466728,ssm_fpar
wheat,IN,IN-20-0058,2017,-0.1475031603885427,-0.8632216559233833,ssm_fpar
wheat,IN,IN-20-0059,2016,-1.0258198103542155,-0.5252110084138231,ssm_fpar
wheat,IN,IN-20-0060,2003,-0.8268706007546666,-0.45671173453059305,ssm_fpar
wheat,IN,IN-20-0060,2004,0.07391913317084578,0.6864369206402048,ssm_fpar
wheat,IN,IN-20-0060,2005,-0.3612242996105616,-0.29181149329942396,ssm_fpar
wheat,IN,IN-20-0060,2006,0.27276115465833106,0.2410606391083206,ssm_fpar
wheat,IN,IN-20-0060,2007,0.19720770323283288,0.14453530799597886,ssm_fpar
wheat,IN,IN-20-0060,2010,-0.30113669474108373,-0.4010035973050932,ssm_fpar
wheat,IN,IN-20-0062,2003,-0.781574803972982,-0.9448625614126619,ssm_fpar
wheat,IN,IN-20-0062,2004,0.03975068544589744,-0.07940117898420218,ssm_fpar
wheat,IN,IN-20-0062,2005,-0.4639600734295075,-1.1532469642789516,ssm_fpar
wheat,IN,IN-20-0062,2006,0.34985671252008405,0.002715519743191654,ssm_fpar
wheat,IN,IN-20-0062,2007,0.2623394722315139,-0.02462629715984422,ssm_fpar
wheat,IN,IN-20-0062,2008,0.5758174099780079,-0.32004827402452235,ssm_fpar
wheat,IN,IN-20-0062,2010,-0.45732260554302173,-0.40792011561851954,ssm_fpar
wheat,IN,IN-20-0062,2011,0.4560688499538231,0.7354631773135532,ssm_fpar
wheat,IN,IN-20-0062,2012,-0.6515641722282091,-0.45290538862561996,ssm_fpar
wheat,IN,IN-20-0063,2003,-0.5381405830505999,-1.3112293711195135,ssm_fpar
wheat,IN,IN-20-0063,2004,0.17504100240906378,-0.7021488491673529,ssm_fpar
wheat,IN,IN-20-0063,2005,0.03278208228201358,-0.9543994834100867,ssm_fpar
wheat,IN,IN-20-0063,2006,0.46224237143049124,-0.7574767340914456,ssm_fpar
wheat,IN,IN-20-0063,2007,0.3959604633703118,-0.8568067196939165,ssm_fpar
wheat,IN,IN-20-0063,2008,0.43094258151318693,-0.7427667513659367,ssm_fpar
wheat,IN,IN-20-0063,2009,-0.10590687899549375,-1.0654914388401073,ssm_fpar
wheat,IN,IN-20-0063,2010,-0.028795423029556618,-0.9503610065575323,ssm_fpar
wheat,IN,IN-20-0063,2011,0.46222213885782126,0.43412211196703054,ssm_fpar
wheat,IN,IN-20-0063,2012,-0.330523779226556,-0.7237024332631009,ssm_fpar
wheat,IN,IN-20-0063,2013,0.07507819938204308,-0.11372697882406597,ssm_fpar
wheat,IN,IN-20-0063,2014,1.141146347303251,0.10759960175443023,ssm_fpar
wheat,IN,IN-20-0063,2015,0.426848857643369,-0.137950319498318,ssm_fpar
wheat,IN,IN-20-0063,2016,-0.5302529924135903,-0.7293878867091592,ssm_fpar
wheat,IN,IN-20-0063,2017,0.06805004256054326,-0.09661797539844377,ssm_fpar
wheat,IN,IN-20-0520,2003,-0.8451877502998746,-1.320080930254434,ssm_fpar
wheat,IN,IN-20-0520,2004,-0.4845470639304166,-0.9345124290546055,ssm_fpar
wheat,IN,IN-20-0520,2005,-0.7326916956061508,-1.1523279663806607,ssm_fpar
wheat,IN,IN-20-0520,2006,0.014061722766885202,-0.6500858383914736,ssm_fpar
wheat,IN,IN-20-0520,2007,-0.21037328440199257,-1.187517112854919,ssm_fpar
wheat,IN,IN-20-0520,2008,0.26270144876207285,-0.7814569138378878,ssm_fpar
wheat,IN,IN-20-0520,2009,-0.218561112595703,-1.1890748468810963,ssm_fpar
wheat,IN,IN-20-0520,2010,-0.30799818165624854,-0.7774028947404609,ssm_fpar
wheat,IN,IN-20-0520,2011,0.28239485070972575,-0.5045843555443856,ssm_fpar
wheat,IN,IN-20-0520,2012,-0.8306673250397535,-1.5113954359886455,ssm_fpar
wheat,IN,IN-20-0520,2013,-0.7525755619209972,-0.8910262306333665,ssm_fpar
wheat,IN,IN-20-0520,2014,0.19740765580490086,-0.4467005233832578,ssm_fpar
wheat,IN,IN-20-0520,2015,-0.27794078106601605,-1.163056126242972,ssm_fpar
wheat,IN,IN-20-0520,2016,-1.3582267359197255,-1.5402363274775521,ssm_fpar
wheat,IN,IN-20-0520,2017,-0.46820878990926085,-0.9795237729240718,ssm_fpar
wheat,IN,IN-20-2101,2016,-0.6198726406101123,-1.00332747298684,ssm_fpar
wheat,IN,IN-20-2101,2017,-0.06046352629706724,-0.4235992325160815,ssm_fpar
wheat,IN,IN-20-2102,2016,-0.5659894108397021,-0.8541853088079799,ssm_fpar
wheat,IN,IN-20-2103,2016,-0.9306399026199194,-1.0763960783861124,ssm_fpar
wheat,IN,IN-20-2103,2017,0.10671695334759934,-0.06574656482165463,ssm_fpar
wheat,IN,IN-20-2111,2016,-1.162060051415767,-1.5009964207636588,ssm_fpar
wheat,IN,IN-20-2111,2017,0.09916268878689874,-0.4827453528043649,ssm_fpar
wheat,IN,IN-20-2112,2016,-1.2576485100834254,-1.073932883255558,ssm_fpar
wheat,IN,IN-20-2112,2017,-0.28572613886526904,-0.22861124200240196,ssm_fpar
wheat,IN,IN-20-2114,2016,-1.2730652501384088,-0.899768787610725,ssm_fpar
wheat,IN,IN-20-2115,2016,-0.890767900753859,-1.2685653717765564,ssm_fpar
wheat,IN,IN-20-2115,2017,0.5736778103973865,-0.056368037637738594,ssm_fpar
wheat,IN,IN-20-2116,2016,-1.3663341137087013,-1.3352281012872582,ssm_fpar
wheat,IN,IN-20-2117,2016,-1.2218832564944895,-1.431879305781946,ssm_fpar
wheat,IN,IN-20-2117,2017,-0.04597287722463521,-0.7543366992649297,ssm_fpar
