LibSize,avg_ssm_z:avg_ndvi_z,avg_ndvi_z:avg_ssm_z,pair_name,adm_id,E,x_col,y_col,avg_ssm_z:avg_fpar_z,avg_fpar_z:avg_ssm_z,avg_ssm_z:yield_z,yield_z:avg_ssm_z,avg_rsm_z:avg_ndvi_z,avg_ndvi_z:avg_rsm_z,avg_rsm_z:avg_fpar_z,avg_fpar_z:avg_rsm_z,avg_rsm_z:yield_z,yield_z:avg_rsm_z,avg_tavg_z:avg_cwb_z,avg_cwb_z:avg_tavg_z,avg_prec_z:yield_z,yield_z:avg_prec_z
6,-0.035881498441036615,-0.30626233941980485,avg_ssm_avg_ndvi,IN-01-0051,2,avg_ssm_z,avg_ndvi_z,,,,,,,,,,,,,,
10,-0.08339822741903694,-0.36311856985682495,avg_ssm_avg_ndvi,IN-01-0051,2,avg_ssm_z,avg_ndvi_z,,,,,,,,,,,,,,
6,0.012309664675731045,-0.3121268197116921,avg_ssm_avg_ndvi,IN-01-0052,2,avg_ssm_z,avg_ndvi_z,,,,,,,,,,,,,,
10,0.031372154244043174,-0.32789910944969314,avg_ssm_avg_ndvi,IN-01-0052,2,avg_ssm_z,avg_ndvi_z,,,,,,,,,,,,,,
6,-0.06060803918512346,-0.23822323639514842,avg_ssm_avg_ndvi,IN-01-0053,2,avg_ssm_z,avg_ndvi_z,,,,,,,,,,,,,,
10,0.04472942289302294,-0.0912199514528808,avg_ssm_avg_ndvi,IN-01-0053,2,avg_ssm_z,avg_ndvi_z,,,,,,,,,,,,,,
6,0.20043201022643903,0.5647707278942882,avg_ssm_avg_ndvi,IN-02-0902,2,avg_ssm_z,avg_ndvi_z,,,,,,,,,,,,,,
10,0.46669784616965504,0.5208272290418153,avg_ssm_avg_ndvi,IN-02-0902,2,avg_ssm_z,avg_ndvi_z,,,,,,,,,,,,,,
6,0.5292414988362673,0.5715138979768322,avg_ssm_avg_ndvi,IN-02-0903,2,avg_ssm_z,avg_ndvi_z,,,,,,,,,,,,,,
10,0.5778984302499397,0.7419143961676766,avg_ssm_avg_ndvi,IN-02-0903,2,avg_ssm_z,avg_ndvi_z,,,,,,,,,,,,,,
6,0.2885815807644708,0.41977861836773434,avg_ssm_avg_ndvi,IN-02-0904,2,avg_ssm_z,avg_ndvi_z,,,,,,,,,,,,,,
10,0.44304628997401174,0.7318102352853522,avg_ssm_avg_ndvi,IN-02-0904,2,avg_ssm_z,avg_ndvi_z,,,,,,,,,,,,,,
6,0.13329038651427766,0.1670987684786622,avg_ssm_avg_ndvi,IN-02-0905,2,avg_ssm_z,avg_ndvi_z,,,,,,,,,,,,,,
10,0.11616143978813498,0.3500375306678901,avg_ssm_avg_ndvi,IN-02-0905,2,avg_ssm_z,avg_ndvi_z,,,,,,,,,,,,,,
6,-0.13371340742127874,-0.19810461046828842,avg_ssm_avg_ndvi,IN-02-0906,2,avg_ssm_z,avg_ndvi_z,,,,,,,,,,,,,,
10,-0.10703914780733789,0.19188073293030647,avg_ssm_avg_ndvi,IN-02-0906,2,avg_ssm_z,avg_ndvi_z,,,,,,,,,,,,,,
6,-0.40307392631867395,-0.021644344070037968,avg_ssm_avg_ndvi,IN-02-0907,2,avg_ssm_z,avg_ndvi_z,,,,,,,,,,,,,,
10,-0.5526665436367606,0.19654780270770078,avg_ssm_avg_ndvi,IN-02-0907,2,avg_ssm_z,avg_ndvi_z,,,,,,,,,,,,,,
6,-0.36805299525163804,-0.40754492179929536,avg_ssm_avg_ndvi,IN-02-0908,2,avg_ssm_z,avg_ndvi_z,,,,,,,,,,,,,,
10,-0.23475304718024487,-0.6209506523959616,avg_ssm_avg_ndvi,IN-02-0908,2,avg_ssm_z,avg_ndvi_z,,,,,,,,,,,,,,
6,0.03020198666373982,-0.03197931955338185,avg_ssm_avg_ndvi,IN-02-0909,2,avg_ssm_z,avg_ndvi_z,,,,,,,,,,,,,,
10,0.09833541278177507,0.21777728836056803,avg_ssm_avg_ndvi,IN-02-0909,2,avg_ssm_z,avg_ndvi_z,,,,,,,,,,,,,,
6,-0.2844631319104681,-0.17893571933814556,avg_ssm_avg_ndvi,IN-02-0912,2,avg_ssm_z,avg_ndvi_z,,,,,,,,,,,,,,
10,-0.10094910710634249,-0.10783962964039126,avg_ssm_avg_ndvi,IN-02-0912,2,avg_ssm_z,avg_ndvi_z,,,,,,,,,,,,,,
6,-0.22212359537112106,-0.34234851815640716,avg_ssm_avg_ndvi,IN-02-0918,2,avg_ssm_z,avg_ndvi_z,,,,,,,,,,,,,,
10,-0.4008379847260102,-0.261892861996142,avg_ssm_avg_ndvi,IN-02-0918,2,avg_ssm_z,avg_ndvi_z,,,,,,,,,,,,,,
6,0.09560821420709967,-0.056157824944804216,avg_ssm_avg_ndvi,IN-02-0919,2,avg_ssm_z,avg_ndvi_z,,,,,,,,,,,,,,
10,0.22702576130666338,-0.20535031002394738,avg_ssm_avg_ndvi,IN-02-0919,2,avg_ssm_z,avg_ndvi_z,,,,,,,,,,,,,,
6,-0.27658905160270797,-0.36941577372775325,avg_ssm_avg_ndvi,IN-02-0920,2,avg_ssm_z,avg_ndvi_z,,,,,,,,,,,,,,
10,-0.18812068627261963,-0.4302707146182022,avg_ssm_avg_ndvi,IN-02-0920,2,avg_ssm_z,avg_ndvi_z,,,,,,,,,,,,,,
6,-0.10368366837753815,-0.2986272462492504,avg_ssm_avg_ndvi,IN-02-0921,2,avg_ssm_z,avg_ndvi_z,,,,,,,,,,,,,,
10,-0.16269605735181464,-0.4741269636528559,avg_ssm_avg_ndvi,IN-02-0921,2,avg_ssm_z,avg_ndvi_z,,,,,,,,,,,,,,
6,-0.2922736995598195,-0.13439750385730195,avg_ssm_avg_ndvi,IN-02-0922,2,avg_ssm_z,avg_ndvi_z,,,,,,,,,,,,,,
10,-0.3123434067719807,-0.35495071255773936,avg_ssm_avg_ndvi,IN-02-0922,2,avg_ssm_z,avg_ndvi_z,,,,,,,,,,,,,,
6,-0.20866997052508057,-0.21713737976311448,avg_ssm_avg_ndvi,IN-02-0923,2,avg_ssm_z,avg_ndvi_z,,,,,,,,,,,,,,
10,-0.019956570326949055,-0.36880017555575045,avg_ssm_avg_ndvi,IN-02-0923,2,avg_ssm_z,avg_ndvi_z,,,,,,,,,,,,,,
6,0.015366076426393593,0.03511444186677287,avg_ssm_avg_ndvi,IN-02-0924,2,avg_ssm_z,avg_ndvi_z,,,,,,,,,,,,,,
10,0.11939749064174796,-0.13126627563274496,avg_ssm_avg_ndvi,IN-02-0924,2,avg_ssm_z,avg_ndvi_z,,,,,,,,,,,,,,
6,0.25831193711560296,0.2504710194129815,avg_ssm_avg_ndvi,IN-02-0925,2,avg_ssm_z,avg_ndvi_z,,,,,,,,,,,,,,
10,0.33421330392804327,-0.02053313332480733,avg_ssm_avg_ndvi,IN-02-0925,2,avg_ssm_z,avg_ndvi_z,,,,,,,,,,,,,,
6,0.1583485661961428,0.09149164852523421,avg_ssm_avg_ndvi,IN-02-0926,2,avg_ssm_z,avg_ndvi_z,,,,,,,,,,,,,,
10,0.339688483462849,0.5172688142066988,avg_ssm_avg_ndvi,IN-02-0926,2,avg_ssm_z,avg_ndvi_z,,,,,,,,,,,,,,
6,-0.47834284868181803,-0.027815134337302767,avg_ssm_avg_ndvi,IN-02-0927,2,avg_ssm_z,avg_ndvi_z,,,,,,,,,,,,,,
10,-0.3853936261342954,0.2091613840101001,avg_ssm_avg_ndvi,IN-02-0927,2,avg_ssm_z,avg_ndvi_z,,,,,,,,,,,,,,
6,0.30758884527897656,0.34299325845434475,avg_ssm_avg_ndvi,IN-02-0928,2,avg_ssm_z,avg_ndvi_z,,,,,,,,,,,,,,
10,0.4618331792359194,0.42557156563625675,avg_ssm_avg_ndvi,IN-02-0928,2,avg_ssm_z,avg_ndvi_z,,,,,,,,,,,,,,
6,0.3203057068283142,0.3934137623163768,avg_ssm_avg_ndvi,IN-02-0929,2,avg_ssm_z,avg_ndvi_z,,,,,,,,,,,,,,
10,0.4344493134348907,0.4035813585709853,avg_ssm_avg_ndvi,IN-02-0929,2,avg_ssm_z,avg_ndvi_z,,,,,,,,,,,,,,
6,0.23876827786686405,0.441124058564899,avg_ssm_avg_ndvi,IN-02-0930,2,avg_ssm_z,avg_ndvi_z,,,,,,,,,,,,,,
10,0.3085408183153886,0.302718969288421,avg_ssm_avg_ndvi,IN-02-0930,2,avg_ssm_z,avg_ndvi_z,,,,,,,,,,,,,,
6,-0.15779538655390296,-0.13361224531424154,avg_ssm_avg_ndvi,IN-02-0931,2,avg_ssm_z,avg_ndvi_z,,,,,,,,,,,,,,
10,-0.14025072955163848,-0.18920985691820835,avg_ssm_avg_ndvi,IN-02-0931,2,avg_ssm_z,avg_ndvi_z,,,,,,,,,,,,,,
6,-0.24679031733219775,0.007375182957372406,avg_ssm_avg_ndvi,IN-02-0932,2,avg_ssm_z,avg_ndvi_z,,,,,,,,,,,,,,
10,-0.1957770202416824,-0.10592272272548256,avg_ssm_avg_ndvi,IN-02-0932,2,avg_ssm_z,avg_ndvi_z,,,,,,,,,,,,,,
6,-0.2854188627508703,-0.16293718333903806,avg_ssm_avg_ndvi,IN-02-0934,2,avg_ssm_z,avg_ndvi_z,,,,,,,,,,,,,,
10,-0.3450603082236914,-0.1085945909269039,avg_ssm_avg_ndvi,IN-02-0934,2,avg_ssm_z,avg_ndvi_z,,,,,,,,,,,,,,
6,0.338063269567144,0.12308401463213507,avg_ssm_avg_ndvi,IN-02-0935,2,avg_ssm_z,avg_ndvi_z,,,,,,,,,,,,,,
10,0.46897856529228416,0.20603267976181733,avg_ssm_avg_ndvi,IN-02-0935,2,avg_ssm_z,avg_ndvi_z,,,,,,,,,,,,,,
6,0.43631831112808717,0.41947588452052675,avg_ssm_avg_ndvi,IN-02-0936,2,avg_ssm_z,avg_ndvi_z,,,,,,,,,,,,,,
10,0.6734282431559517,0.6061461464211891,avg_ssm_avg_ndvi,IN-02-0936,2,avg_ssm_z,avg_ndvi_z,,,,,,,,,,,,,,
6,0.5050740841458621,0.1604428494715077,avg_ssm_avg_ndvi,IN-02-0945,2,avg_ssm_z,avg_ndvi_z,,,,,,,,,,,,,,
10,0.5950560322762921,0.25918701859839954,avg_ssm_avg_ndvi,IN-02-0945,2,avg_ssm_z,avg_ndvi_z,,,,,,,,,,,,,,
6,0.1453495194620234,0.19980732185757635,avg_ssm_avg_ndvi,IN-02-0946,2,avg_ssm_z,avg_ndvi_z,,,,,,,,,,,,,,
10,0.040514501627057775,0.5982036379742105,avg_ssm_avg_ndvi,IN-02-0946,2,avg_ssm_z,avg_ndvi_z,,,,,,,,,,,,,,
6,-0.2618572971087202,-0.32888988907314765,avg_ssm_avg_ndvi,IN-02-0947,2,avg_ssm_z,avg_ndvi_z,,,,,,,,,,,,,,
10,-0.28169530050715985,-0.13872462069447863,avg_ssm_avg_ndvi,IN-02-0947,2,avg_ssm_z,avg_ndvi_z,,,,,,,,,,,,,,
6,-0.020370841959210892,-0.39602875575061397,avg_ssm_avg_ndvi,IN-02-0948,2,avg_ssm_z,avg_ndvi_z,,,,,,,,,,,,,,
10,-0.011714755690742129,-0.5524067377476565,avg_ssm_avg_ndvi,IN-02-0948,2,avg_ssm_z,avg_ndvi_z,,,,,,,,,,,,,,
6,-0.22426615913125914,-0.2594838695384464,avg_ssm_avg_ndvi,IN-02-0949,2,avg_ssm_z,avg_ndvi_z,,,,,,,,,,,,,,
10,-0.04475552542732636,-0.28493900594925975,avg_ssm_avg_ndvi,IN-02-0949,2,avg_ssm_z,avg_ndvi_z,,,,,,,,,,,,,,
6,-0.12256850325351001,-0.5113272009269592,avg_ssm_avg_ndvi,IN-02-0950,2,avg_ssm_z,avg_ndvi_z,,,,,,,,,,,,,,
10,-0.16145122604883724,-0.7318258645451392,avg_ssm_avg_ndvi,IN-02-0950,2,avg_ssm_z,avg_ndvi_z,,,,,,,,,,,,,,
6,0.5701626388812568,0.1621698759898301,avg_ssm_avg_ndvi,IN-02-0951,2,avg_ssm_z,avg_ndvi_z,,,,,,,,,,,,,,
10,0.7908401525695601,0.26226648196937574,avg_ssm_avg_ndvi,IN-02-0951,2,avg_ssm_z,avg_ndvi_z,,,,,,,,,,,,,,
6,-0.2068373137736937,-0.04555660600394247,avg_ssm_avg_ndvi,IN-02-0956,2,avg_ssm_z,avg_ndvi_z,,,,,,,,,,,,,,
10,0.06216527465616491,-0.42002189798008194,avg_ssm_avg_ndvi,IN-02-0956,2,avg_ssm_z,avg_ndvi_z,,,,,,,,,,,,,,
6,-0.32586104635240176,-0.3766095718797434,avg_ssm_avg_ndvi,IN-02-0958,2,avg_ssm_z,avg_ndvi_z,,,,,,,,,,,,,,
10,-0.47124089352606446,-0.6155857238755654,avg_ssm_avg_ndvi,IN-02-0958,2,avg_ssm_z,avg_ndvi_z,,,,,,,,,,,,,,
6,0.23957952159222068,0.4716077637838608,avg_ssm_avg_ndvi,IN-02-0960,2,avg_ssm_z,avg_ndvi_z,,,,,,,,,,,,,,
10,0.32674820072242194,0.5719417522094916,avg_ssm_avg_ndvi,IN-02-0960,2,avg_ssm_z,avg_ndvi_z,,,,,,,,,,,,,,
6,-0.22952166468367827,-0.3139885355480744,avg_ssm_avg_ndvi,IN-02-0961,2,avg_ssm_z,avg_ndvi_z,,,,,,,,,,,,,,
10,-0.22342866909290207,-0.3352344785595709,avg_ssm_avg_ndvi,IN-02-0961,2,avg_ssm_z,avg_ndvi_z,,,,,,,,,,,,,,
6,0.05053878033825472,0.057927668938505594,avg_ssm_avg_ndvi,IN-03-0121,2,avg_ssm_z,avg_ndvi_z,,,,,,,,,,,,,,
10,0.2399323515670868,0.37776346903825914,avg_ssm_avg_ndvi,IN-03-0121,2,avg_ssm_z,avg_ndvi_z,,,,,,,,,,,,,,
6,0.360655632542587,0.39102353261433676,avg_ssm_avg_ndvi,IN-03-0122,2,avg_ssm_z,avg_ndvi_z,,,,,,,,,,,,,,
10,0.5343919940461841,0.3544829745806533,avg_ssm_avg_ndvi,IN-03-0122,2,avg_ssm_z,avg_ndvi_z,,,,,,,,,,,,,,
6,-0.02010962105728601,0.1711939960852205,avg_ssm_avg_ndvi,IN-03-0123,2,avg_ssm_z,avg_ndvi_z,,,,,,,,,,,,,,
10,0.2236271851935853,0.4611876604851142,avg_ssm_avg_ndvi,IN-03-0123,2,avg_ssm_z,avg_ndvi_z,,,,,,,,,,,,,,
6,-0.3021757513629627,-0.17145375273451363,avg_ssm_avg_ndvi,IN-03-0124,2,avg_ssm_z,avg_ndvi_z,,,,,,,,,,,,,,
10,-0.18131656880213595,-0.35653985606794286,avg_ssm_avg_ndvi,IN-03-0124,2,avg_ssm_z,avg_ndvi_z,,,,,,,,,,,,,,
6,-0.4500326049315104,-0.18811886817224313,avg_ssm_avg_ndvi,IN-03-0125,2,avg_ssm_z,avg_ndvi_z,,,,,,,,,,,,,,
10,-0.333711622588947,-0.4049169381479071,avg_ssm_avg_ndvi,IN-03-0125,2,avg_ssm_z,avg_ndvi_z,,,,,,,,,,,,,,
6,0.461038245933344,0.3853370494682645,avg_ssm_avg_ndvi,IN-03-0126,2,avg_ssm_z,avg_ndvi_z,,,,,,,,,,,,,,
10,0.5653407702285755,0.3425211240151437,avg_ssm_avg_ndvi,IN-03-0126,2,avg_ssm_z,avg_ndvi_z,,,,,,,,,,,,,,
6,-0.39592495503153413,-0.5894362298967689,avg_ssm_avg_ndvi,IN-03-0128,2,avg_ssm_z,avg_ndvi_z,,,,,,,,,,,,,,
10,-0.20831467668491538,-0.5332405334845958,avg_ssm_avg_ndvi,IN-03-0128,2,avg_ssm_z,avg_ndvi_z,,,,,,,,,,,,,,
6,0.10092906943949784,0.03656137415214561,avg_ssm_avg_ndvi,IN-03-0129,2,avg_ssm_z,avg_ndvi_z,,,,,,,,,,,,,,
10,0.2057094531886336,0.21937874828257722,avg_ssm_avg_ndvi,IN-03-0129,2,avg_ssm_z,avg_ndvi_z,,,,,,,,,,,,,,
6,0.18009616822210928,0.2008268126941763,avg_ssm_avg_ndvi,IN-03-0130,2,avg_ssm_z,avg_ndvi_z,,,,,,,,,,,,,,
10,0.34075398919730665,0.1596535379958937,avg_ssm_avg_ndvi,IN-03-0130,2,avg_ssm_z,avg_ndvi_z,,,,,,,,,,,,,,
6,-0.09088496500704434,0.17741217666579473,avg_ssm_avg_ndvi,IN-03-0131,2,avg_ssm_z,avg_ndvi_z,,,,,,,,,,,,,,
10,0.03881992956612886,0.049284268572321356,avg_ssm_avg_ndvi,IN-03-0131,2,avg_ssm_z,avg_ndvi_z,,,,,,,,,,,,,,
6,0.3368502986472008,0.44225912447419563,avg_ssm_avg_ndvi,IN-03-0132,2,avg_ssm_z,avg_ndvi_z,,,,,,,,,,,,,,
10,0.5614001873940591,0.5548016575459718,avg_ssm_avg_ndvi,IN-03-0132,2,avg_ssm_z,avg_ndvi_z,,,,,,,,,,,,,,
6,0.26178112649046675,-0.017798906572957934,avg_ssm_avg_ndvi,IN-03-0133,2,avg_ssm_z,avg_ndvi_z,,,,,,,,,,,,,,
10,0.4848919797162279,-0.42918543309432555,avg_ssm_avg_ndvi,IN-03-0133,2,avg_ssm_z,avg_ndvi_z,,,,,,,,,,,,,,
6,0.194191868464024,0.0675990291777963,avg_ssm_avg_ndvi,IN-03-0134,2,avg_ssm_z,avg_ndvi_z,,,,,,,,,,,,,,
10,0.35097743603871107,0.15627371711717913,avg_ssm_avg_ndvi,IN-03-0134,2,avg_ssm_z,avg_ndvi_z,,,,,,,,,,,,,,
6,0.015647164036920937,0.23826749592320806,avg_ssm_avg_ndvi,IN-03-0135,2,avg_ssm_z,avg_ndvi_z,,,,,,,,,,,,,,
10,0.12686498252507974,0.38225766398133165,avg_ssm_avg_ndvi,IN-03-0135,2,avg_ssm_z,avg_ndvi_z,,,,,,,,,,,,,,
6,0.17124495770920714,0.18137231412239382,avg_ssm_avg_ndvi,IN-03-0136,2,avg_ssm_z,avg_ndvi_z,,,,,,,,,,,,,,
10,0.4346697921440163,-0.027043587078228244,avg_ssm_avg_ndvi,IN-03-0136,2,avg_ssm_z,avg_ndvi_z,,,,,,,,,,,,,,
6,-0.23968739037806489,-0.08656220846122975,avg_ssm_avg_ndvi,IN-03-0137,2,avg_ssm_z,avg_ndvi_z,,,,,,,,,,,,,,
10,-0.2947154001773853,-0.18165717144871543,avg_ssm_avg_ndvi,IN-03-0137,2,avg_ssm_z,avg_ndvi_z,,,,,,,,,,,,,,
6,0.35861205997068285,0.18223175877933154,avg_ssm_avg_ndvi,IN-03-0138,2,avg_ssm_z,avg_ndvi_z,,,,,,,,,,,,,,
10,0.38008325206578286,0.37805814647796576,avg_ssm_avg_ndvi,IN-03-0138,2,avg_ssm_z,avg_ndvi_z,,,,,,,,,,,,,,
6,0.05195063547661751,-0.041618254251893104,avg_ssm_avg_ndvi,IN-03-0518,2,avg_ssm_z,avg_ndvi_z,,,,,,,,,,,,,,
10,0.28306256593129697,-0.27741420864405486,avg_ssm_avg_ndvi,IN-03-0518,2,avg_ssm_z,avg_ndvi_z,,,,,,,,,,,,,,
6,-0.003963314763867176,-0.20137444538289442,avg_ssm_avg_ndvi,IN-03-1001,2,avg_ssm_z,avg_ndvi_z,,,,,,,,,,,,,,
10,-0.09259436337938663,-0.2006329616403014,avg_ssm_avg_ndvi,IN-03-1001,2,avg_ssm_z,avg_ndvi_z,,,,,,,,,,,,,,
6,0.4164139398702777,0.4652992612346824,avg_ssm_avg_ndvi,IN-03-1002,2,avg_ssm_z,avg_ndvi_z,,,,,,,,,,,,,,
10,0.4825901997365084,0.5622421831442027,avg_ssm_avg_ndvi,IN-03-1002,2,avg_ssm_z,avg_ndvi_z,,,,,,,,,,,,,,
6,-0.10231730806840053,-0.11619610244252931,avg_ssm_avg_ndvi,IN-03-1003,2,avg_ssm_z,avg_ndvi_z,,,,,,,,,,,,,,
10,-0.09426288578468259,-0.195345220985808,avg_ssm_avg_ndvi,IN-03-1003,2,avg_ssm_z,avg_ndvi_z,,,,,,,,,,,,,,
6,-0.45782059976941014,-0.3637399383041122,avg_ssm_avg_ndvi,IN-03-1004,2,avg_ssm_z,avg_ndvi_z,,,,,,,,,,,,,,
10,-0.2814035917365426,-0.44916786308138895,avg_ssm_avg_ndvi,IN-03-1004,2,avg_ssm_z,avg_ndvi_z,,,,,,,,,,,,,,
6,-0.16246620098922132,0.07022838118054137,avg_ssm_avg_ndvi,IN-03-1005,2,avg_ssm_z,avg_ndvi_z,,,,,,,,,,,,,,
10,0.09722284104076359,0.4339513817119204,avg_ssm_avg_ndvi,IN-03-1005,2,avg_ssm_z,avg_ndvi_z,,,,,,,,,,,,,,
6,-0.18032957204992628,-0.15827471442596716,avg_ssm_avg_ndvi,IN-03-1006,2,avg_ssm_z,avg_ndvi_z,,,,,,,,,,,,,,
10,-0.11490644620127768,-0.13949959603334997,avg_ssm_avg_ndvi,IN-03-1006,2,avg_ssm_z,avg_ndvi_z,,,,,,,,,,,,,,
6,-0.33721031304212157,0.12344766156722246,avg_ssm_avg_ndvi,IN-03-2001,2,avg_ssm_z,avg_ndvi_z,,,,,,,,,,,,,,
6,0.5136137815378327,0.6191098976076713,avg_ssm_avg_ndvi,IN-04-0177,2,avg_ssm_z,avg_ndvi_z,,,,,,,,,,,,,,
10,0.5657107503541946,0.7212674944940687,avg_ssm_avg_ndvi,IN-04-0177,2,avg_ssm_z,avg_ndvi_z,,,,,,,,,,,,,,
6,0.5353854382865251,0.580241561266704,avg_ssm_avg_ndvi,IN-04-0178,2,avg_ssm_z,avg_ndvi_z,,,,,,,,,,,,,,
10,0.5322703906303573,0.615876407474785,avg_ssm_avg_ndvi,IN-04-0178,2,avg_ssm_z,avg_ndvi_z,,,,,,,,,,,,,,
6,0.6988402643308457,0.6160784833003221,avg_ssm_avg_ndvi,IN-04-0179,2,avg_ssm_z,avg_ndvi_z,,,,,,,,,,,,,,
10,0.6707043412459701,0.5569025468014409,avg_ssm_avg_ndvi,IN-04-0179,2,avg_ssm_z,avg_ndvi_z,,,,,,,,,,,,,,
6,0.32159575998760664,0.021383485814384724,avg_ssm_avg_ndvi,IN-04-0180,2,avg_ssm_z,avg_ndvi_z,,,,,,,,,,,,,,
10,0.27696804450415563,0.08602346610755941,avg_ssm_avg_ndvi,IN-04-0180,2,avg_ssm_z,avg_ndvi_z,,,,,,,,,,,,,,
6,0.2614683240956498,0.1848276281218986,avg_ssm_avg_ndvi,IN-04-0181,2,avg_ssm_z,avg_ndvi_z,,,,,,,,,,,,,,
10,0.500025395479182,0.49133035567174954,avg_ssm_avg_ndvi,IN-04-0181,2,avg_ssm_z,avg_ndvi_z,,,,,,,,,,,,,,
6,0.3246696993930057,0.5078056699228395,avg_ssm_avg_ndvi,IN-04-0182,2,avg_ssm_z,avg_ndvi_z,,,,,,,,,,,,,,
10,0.5448847759902049,0.6728746246133049,avg_ssm_avg_ndvi,IN-04-0182,2,avg_ssm_z,avg_ndvi_z,,,,,,,,,,,,,,
6,0.5416180925917946,0.5247398108966997,avg_ssm_avg_ndvi,IN-04-0183,2,avg_ssm_z,avg_ndvi_z,,,,,,,,,,,,,,
10,0.5528754802793874,0.5422478888793149,avg_ssm_avg_ndvi,IN-04-0183,2,avg_ssm_z,avg_ndvi_z,,,,,,,,,,,,,,
6,0.2695322057333374,0.460241351279547,avg_ssm_avg_ndvi,IN-04-0184,2,avg_ssm_z,avg_ndvi_z,,,,,,,,,,,,,,
10,0.1977442007433877,0.4957773763631992,avg_ssm_avg_ndvi,IN-04-0184,2,avg_ssm_z,avg_ndvi_z,,,,,,,,,,,,,,
6,0.19916467727919046,0.14785476670171752,avg_ssm_avg_ndvi,IN-04-0185,2,avg_ssm_z,avg_ndvi_z,,,,,,,,,,,,,,
10,0.07659562693196328,0.046725379395315514,avg_ssm_avg_ndvi,IN-04-0185,2,avg_ssm_z,avg_ndvi_z,,,,,,,,,,,,,,
6,0.3995666828775683,-0.017965837707662562,avg_ssm_avg_ndvi,IN-04-0186,2,avg_ssm_z,avg_ndvi_z,,,,,,,,,,,,,,
10,0.5766833568864188,0.026182786265795142,avg_ssm_avg_ndvi,IN-04-0186,2,avg_ssm_z,avg_ndvi_z,,,,,,,,,,,,,,
6,0.3730007134374136,0.11756055126230976,avg_ssm_avg_ndvi,IN-04-0187,2,avg_ssm_z,avg_ndvi_z,,,,,,,,,,,,,,
10,0.5415182076675432,0.01635664723023438,avg_ssm_avg_ndvi,IN-04-0187,2,avg_ssm_z,avg_ndvi_z,,,,,,,,,,,,,,
6,0.14304800247843036,0.1668245939524892,avg_ssm_avg_ndvi,IN-04-0188,2,avg_ssm_z,avg_ndvi_z,,,,,,,,,,,,,,
10,0.13437531795835062,0.5231105317537564,avg_ssm_avg_ndvi,IN-04-0188,2,avg_ssm_z,avg_ndvi_z,,,,,,,,,,,,,,
6,0.6783039470469963,0.39789863762025746,avg_ssm_avg_ndvi,IN-04-0523,2,avg_ssm_z,avg_ndvi_z,,,,,,,,,,,,,,
10,0.6995981369112546,0.47404459982098396,avg_ssm_avg_ndvi,IN-04-0523,2,avg_ssm_z,avg_ndvi_z,,,,,,,,,,,,,,
6,0.13066852810695578,0.2823722545950246,avg_ssm_avg_ndvi,IN-04-0524,2,avg_ssm_z,avg_ndvi_z,,,,,,,,,,,,,,
10,0.1358500502884626,0.4703228500469274,avg_ssm_avg_ndvi,IN-04-0524,2,avg_ssm_z,avg_ndvi_z,,,,,,,,,,,,,,
6,0.4139063292953812,0.34343861559817185,avg_ssm_avg_ndvi,IN-04-0525,2,avg_ssm_z,avg_ndvi_z,,,,,,,,,,,,,,
10,0.4198245969278306,0.3870916741323541,avg_ssm_avg_ndvi,IN-04-0525,2,avg_ssm_z,avg_ndvi_z,,,,,,,,,,,,,,
6,0.20679105086347258,0.3331916659634332,avg_ssm_avg_ndvi,IN-04-0526,2,avg_ssm_z,avg_ndvi_z,,,,,,,,,,,,,,
10,0.19880762785559208,0.17270202441434795,avg_ssm_avg_ndvi,IN-04-0526,2,avg_ssm_z,avg_ndvi_z,,,,,,,,,,,,,,
6,0.2519330231986462,0.5569885061467967,avg_ssm_avg_ndvi,IN-04-1007,2,avg_ssm_z,avg_ndvi_z,,,,,,,,,,,,,,
10,0.18718793949794418,0.570018725253268,avg_ssm_avg_ndvi,IN-04-1007,2,avg_ssm_z,avg_ndvi_z,,,,,,,,,,,,,,
6,0.5176542661497197,0.3311070780766638,avg_ssm_avg_ndvi,IN-04-1008,2,avg_ssm_z,avg_ndvi_z,,,,,,,,,,,,,,
10,0.5860635138618207,0.2314072945054853,avg_ssm_avg_ndvi,IN-04-1008,2,avg_ssm_z,avg_ndvi_z,,,,,,,,,,,,,,
6,0.6394183001749247,0.4121831068283063,avg_ssm_avg_ndvi,IN-04-1009,2,avg_ssm_z,avg_ndvi_z,,,,,,,,,,,,,,
10,0.6583941785053815,0.5867525884275081,avg_ssm_avg_ndvi,IN-04-1009,2,avg_ssm_z,avg_ndvi_z,,,,,,,,,,,,,,
6,0.3026299460496603,-0.2758712498838639,avg_ssm_avg_ndvi,IN-04-2002,2,avg_ssm_z,avg_ndvi_z,,,,,,,,,,,,,,
10,0.4668823061578249,-0.2166689615038325,avg_ssm_avg_ndvi,IN-04-2002,2,avg_ssm_z,avg_ndvi_z,,,,,,,,,,,,,,
6,-0.2177814374593558,-0.7541692507359867,avg_ssm_avg_ndvi,IN-04-2003,2,avg_ssm_z,avg_ndvi_z,,,,,,,,,,,,,,
6,0.13454219629076888,0.2094768796487108,avg_ssm_avg_ndvi,IN-05-0072,2,avg_ssm_z,avg_ndvi_z,,,,,,,,,,,,,,
10,0.12519070855419767,-0.06055544886131893,avg_ssm_avg_ndvi,IN-05-0072,2,avg_ssm_z,avg_ndvi_z,,,,,,,,,,,,,,
6,-0.08237994633518234,-0.04425520267361695,avg_ssm_avg_ndvi,IN-05-0073,2,avg_ssm_z,avg_ndvi_z,,,,,,,,,,,,,,
10,-0.09820481719919667,-0.0019379639297741808,avg_ssm_avg_ndvi,IN-05-0073,2,avg_ssm_z,avg_ndvi_z,,,,,,,,,,,,,,
6,0.4945523941832456,0.6714188082627819,avg_ssm_avg_ndvi,IN-05-0074,2,avg_ssm_z,avg_ndvi_z,,,,,,,,,,,,,,
10,0.5432606997212782,0.7922090833838612,avg_ssm_avg_ndvi,IN-05-0074,2,avg_ssm_z,avg_ndvi_z,,,,,,,,,,,,,,
6,0.0868285630661488,0.08451715580641095,avg_ssm_avg_ndvi,IN-05-0075,2,avg_ssm_z,avg_ndvi_z,,,,,,,,,,,,,,
10,0.04738750356173733,0.11876759772484982,avg_ssm_avg_ndvi,IN-05-0075,2,avg_ssm_z,avg_ndvi_z,,,,,,,,,,,,,,
6,-0.10824838782538253,-0.4420698262551485,avg_ssm_avg_ndvi,IN-05-0076,2,avg_ssm_z,avg_ndvi_z,,,,,,,,,,,,,,
10,-0.26102758957395067,-0.4994839270228525,avg_ssm_avg_ndvi,IN-05-0076,2,avg_ssm_z,avg_ndvi_z,,,,,,,,,,,,,,
6,-0.11699383389748827,-0.3198766310186046,avg_ssm_avg_ndvi,IN-05-0077,2,avg_ssm_z,avg_ndvi_z,,,,,,,,,,,,,,
10,0.036626537631136234,-0.2266636113728817,avg_ssm_avg_ndvi,IN-05-0077,2,avg_ssm_z,avg_ndvi_z,,,,,,,,,,,,,,
6,-0.0094333624977113,0.10043886867487609,avg_ssm_avg_ndvi,IN-05-0078,2,avg_ssm_z,avg_ndvi_z,,,,,,,,,,,,,,
10,0.012226697089066133,0.14317361378671686,avg_ssm_avg_ndvi,IN-05-0078,2,avg_ssm_z,avg_ndvi_z,,,,,,,,,,,,,,
6,0.12816067860159738,-0.20909263740187325,avg_ssm_avg_ndvi,IN-05-0079,2,avg_ssm_z,avg_ndvi_z,,,,,,,,,,,,,,
10,0.14738725436130504,-0.21509483197811777,avg_ssm_avg_ndvi,IN-05-0079,2,avg_ssm_z,avg_ndvi_z,,,,,,,,,,,,,,
6,-0.13072041952037322,0.009017778541236008,avg_ssm_avg_ndvi,IN-05-1010,2,avg_ssm_z,avg_ndvi_z,,,,,,,,,,,,,,
10,-0.17329228430273896,-0.12059981658099024,avg_ssm_avg_ndvi,IN-05-1010,2,avg_ssm_z,avg_ndvi_z,,,,,,,,,,,,,,
6,0.008478361005952334,-0.07496911339892608,avg_ssm_avg_ndvi,IN-05-1012,2,avg_ssm_z,avg_ndvi_z,,,,,,,,,,,,,,
10,-0.1276449345055624,0.020429393881459545,avg_ssm_avg_ndvi,IN-05-1012,2,avg_ssm_z,avg_ndvi_z,,,,,,,,,,,,,,
6,0.4020500793871159,0.5226595289179222,avg_ssm_avg_ndvi,IN-05-1013,2,avg_ssm_z,avg_ndvi_z,,,,,,,,,,,,,,
10,0.40254189797512263,0.724477748816238,avg_ssm_avg_ndvi,IN-05-1013,2,avg_ssm_z,avg_ndvi_z,,,,,,,,,,,,,,
6,0.11897542331843244,-0.09163156612543663,avg_ssm_avg_ndvi,IN-05-1014,2,avg_ssm_z,avg_ndvi_z,,,,,,,,,,,,,,
10,0.005484543745275988,-0.26199677845397107,avg_ssm_avg_ndvi,IN-05-1014,2,avg_ssm_z,avg_ndvi_z,,,,,,,,,,,,,,
6,0.02671144771848664,-0.0609844611355604,avg_ssm_avg_ndvi,IN-05-1015,2,avg_ssm_z,avg_ndvi_z,,,,,,,,,,,,,,
10,0.016595074038784623,-0.17448850087184384,avg_ssm_avg_ndvi,IN-05-1015,2,avg_ssm_z,avg_ndvi_z,,,,,,,,,,,,,,
6,-0.09974232936072285,0.36563269358432426,avg_ssm_avg_ndvi,IN-06-0007,2,avg_ssm_z,avg_ndvi_z,,,,,,,,,,,,,,
10,0.20498533964767057,0.5803103959281606,avg_ssm_avg_ndvi,IN-06-0007,2,avg_ssm_z,avg_ndvi_z,,,,,,,,,,,,,,
6,0.26238577219230597,0.3046125716946446,avg_ssm_avg_ndvi,IN-06-0008,2,avg_ssm_z,avg_ndvi_z,,,,,,,,,,,,,,
10,0.28745573958501863,0.05483820102795824,avg_ssm_avg_ndvi,IN-06-0008,2,avg_ssm_z,avg_ndvi_z,,,,,,,,,,,,,,
6,0.029462551997727394,0.19755504498042625,avg_ssm_avg_ndvi,IN-06-0009,2,avg_ssm_z,avg_ndvi_z,,,,,,,,,,,,,,
10,0.023065214279452094,0.3928710706907015,avg_ssm_avg_ndvi,IN-06-0009,2,avg_ssm_z,avg_ndvi_z,,,,,,,,,,,,,,
6,0.24936248268948874,0.050632539252828915,avg_ssm_avg_ndvi,IN-06-0010,2,avg_ssm_z,avg_ndvi_z,,,,,,,,,,,,,,
10,0.3597628493082175,0.15368034984771278,avg_ssm_avg_ndvi,IN-06-0010,2,avg_ssm_z,avg_ndvi_z,,,,,,,,,,,,,,
6,0.42314040842900924,0.43764227751384216,avg_ssm_avg_ndvi,IN-06-0011,2,avg_ssm_z,avg_ndvi_z,,,,,,,,,,,,,,
10,0.5045059946648631,0.4825159733464327,avg_ssm_avg_ndvi,IN-06-0011,2,avg_ssm_z,avg_ndvi_z,,,,,,,,,,,,,,
6,0.5145292529247648,0.43948727211469657,avg_ssm_avg_ndvi,IN-06-0012,2,avg_ssm_z,avg_ndvi_z,,,,,,,,,,,,,,
10,0.6112496902098516,0.5260579005182174,avg_ssm_avg_ndvi,IN-06-0012,2,avg_ssm_z,avg_ndvi_z,,,,,,,,,,,,,,
6,-0.40959565468728104,-0.036011294246918464,avg_ssm_avg_ndvi,IN-06-0013,2,avg_ssm_z,avg_ndvi_z,,,,,,,,,,,,,,
10,-0.4970159567635797,0.12812593684091841,avg_ssm_avg_ndvi,IN-06-0013,2,avg_ssm_z,avg_ndvi_z,,,,,,,,,,,,,,
6,-0.5448975669286666,-0.29076662417576715,avg_ssm_avg_ndvi,IN-06-0014,2,avg_ssm_z,avg_ndvi_z,,,,,,,,,,,,,,
10,-0.42553004642053144,-0.289223498437255,avg_ssm_avg_ndvi,IN-06-0014,2,avg_ssm_z,avg_ndvi_z,,,,,,,,,,,,,,
6,0.14940215999120332,-0.034187429503052744,avg_ssm_avg_ndvi,IN-06-0015,2,avg_ssm_z,avg_ndvi_z,,,,,,,,,,,,,,
10,-0.02600554083574866,-0.14583369551112163,avg_ssm_avg_ndvi,IN-06-0015,2,avg_ssm_z,avg_ndvi_z,,,,,,,,,,,,,,
6,0.010833645990661462,-0.010354807628228036,avg_ssm_avg_ndvi,IN-06-0016,2,avg_ssm_z,avg_ndvi_z,,,,,,,,,,,,,,
10,-0.1762262096932905,-0.2839645837648198,avg_ssm_avg_ndvi,IN-06-0016,2,avg_ssm_z,avg_ndvi_z,,,,,,,,,,,,,,
6,-0.1010859396305599,-0.42634461279690516,avg_ssm_avg_ndvi,IN-06-0017,2,avg_ssm_z,avg_ndvi_z,,,,,,,,,,,,,,
10,-0.45305142490948347,-0.4853154010496147,avg_ssm_avg_ndvi,IN-06-0017,2,avg_ssm_z,avg_ndvi_z,,,,,,,,,,,,,,
6,0.1316206684845125,-0.36328023902056883,avg_ssm_avg_ndvi,IN-06-0018,2,avg_ssm_z,avg_ndvi_z,,,,,,,,,,,,,,
10,0.029332743972432275,-0.3020416373685059,avg_ssm_avg_ndvi,IN-06-0018,2,avg_ssm_z,avg_ndvi_z,,,,,,,,,,,,,,
6,0.07219545376258539,0.08865080509252042,avg_ssm_avg_ndvi,IN-06-0019,2,avg_ssm_z,avg_ndvi_z,,,,,,,,,,,,,,
10,-0.0718631436099276,0.14171589373739177,avg_ssm_avg_ndvi,IN-06-0019,2,avg_ssm_z,avg_ndvi_z,,,,,,,,,,,,,,
6,-0.03534630545781411,-0.013626305473797534,avg_ssm_avg_ndvi,IN-06-0020,2,avg_ssm_z,avg_ndvi_z,,,,,,,,,,,,,,
10,-0.2566862737764937,-0.3285309991798719,avg_ssm_avg_ndvi,IN-06-0020,2,avg_ssm_z,avg_ndvi_z,,,,,,,,,,,,,,
6,0.15643598526070351,0.053939478952160703,avg_ssm_avg_ndvi,IN-06-0021,2,avg_ssm_z,avg_ndvi_z,,,,,,,,,,,,,,
10,0.18180143106394914,0.06938929821762649,avg_ssm_avg_ndvi,IN-06-0021,2,avg_ssm_z,avg_ndvi_z,,,,,,,,,,,,,,
6,-0.4448129583883788,0.11348337899545283,avg_ssm_avg_ndvi,IN-06-0022,2,avg_ssm_z,avg_ndvi_z,,,,,,,,,,,,,,
10,-0.6053892531979831,0.21961841150146566,avg_ssm_avg_ndvi,IN-06-0022,2,avg_ssm_z,avg_ndvi_z,,,,,,,,,,,,,,
6,-0.09732928663066505,0.09194102044542109,avg_ssm_avg_ndvi,IN-06-0023,2,avg_ssm_z,avg_ndvi_z,,,,,,,,,,,,,,
10,-0.20547620460670077,0.11545024290842343,avg_ssm_avg_ndvi,IN-06-0023,2,avg_ssm_z,avg_ndvi_z,,,,,,,,,,,,,,
6,0.09058212586793168,-0.2630043414662385,avg_ssm_avg_ndvi,IN-06-0024,2,avg_ssm_z,avg_ndvi_z,,,,,,,,,,,,,,
10,0.11461275387808885,-0.24653024086652015,avg_ssm_avg_ndvi,IN-06-0024,2,avg_ssm_z,avg_ndvi_z,,,,,,,,,,,,,,
6,-0.33982361346831846,-0.2811201327449281,avg_ssm_avg_ndvi,IN-06-0025,2,avg_ssm_z,avg_ndvi_z,,,,,,,,,,,,,,
10,-0.5229441893049491,-0.285443171438694,avg_ssm_avg_ndvi,IN-06-0025,2,avg_ssm_z,avg_ndvi_z,,,,,,,,,,,,,,
6,-0.2728879935526068,-0.11641628323744371,avg_ssm_avg_ndvi,IN-06-0026,2,avg_ssm_z,avg_ndvi_z,,,,,,,,,,,,,,
10,-0.27836011827176915,-0.08426272291424408,avg_ssm_avg_ndvi,IN-06-0026,2,avg_ssm_z,avg_ndvi_z,,,,,,,,,,,,,,
6,-0.320858815742404,-0.20967097420300274,avg_ssm_avg_ndvi,IN-06-0027,2,avg_ssm_z,avg_ndvi_z,,,,,,,,,,,,,,
10,-0.36405405769523635,-0.10124861254577974,avg_ssm_avg_ndvi,IN-06-0027,2,avg_ssm_z,avg_ndvi_z,,,,,,,,,,,,,,
6,-0.005444201347273742,0.4658790713257493,avg_ssm_avg_ndvi,IN-06-0028,2,avg_ssm_z,avg_ndvi_z,,,,,,,,,,,,,,
10,0.23007719827504883,0.6508185222708195,avg_ssm_avg_ndvi,IN-06-0028,2,avg_ssm_z,avg_ndvi_z,,,,,,,,,,,,,,
6,0.6763404985832415,0.553896801607246,avg_ssm_avg_ndvi,IN-06-0029,2,avg_ssm_z,avg_ndvi_z,,,,,,,,,,,,,,
10,0.821385200286073,0.6350529359037929,avg_ssm_avg_ndvi,IN-06-0029,2,avg_ssm_z,avg_ndvi_z,,,,,,,,,,,,,,
6,0.35666519409624764,0.5322584982997363,avg_ssm_avg_ndvi,IN-06-0030,2,avg_ssm_z,avg_ndvi_z,,,,,,,,,,,,,,
10,0.5221498225101351,0.7607340161282501,avg_ssm_avg_ndvi,IN-06-0030,2,avg_ssm_z,avg_ndvi_z,,,,,,,,,,,,,,
6,0.3559701134965264,0.44990783172280696,avg_ssm_avg_ndvi,IN-06-0031,2,avg_ssm_z,avg_ndvi_z,,,,,,,,,,,,,,
10,0.5078583388505646,0.5049385496915585,avg_ssm_avg_ndvi,IN-06-0031,2,avg_ssm_z,avg_ndvi_z,,,,,,,,,,,,,,
6,-0.03867281501662527,0.24831405431797746,avg_ssm_avg_ndvi,IN-06-0032,2,avg_ssm_z,avg_ndvi_z,,,,,,,,,,,,,,
10,-0.19907182076310573,0.32555060095271254,avg_ssm_avg_ndvi,IN-06-0032,2,avg_ssm_z,avg_ndvi_z,,,,,,,,,,,,,,
6,0.48173948238525854,0.34754423132022916,avg_ssm_avg_ndvi,IN-06-0033,2,avg_ssm_z,avg_ndvi_z,,,,,,,,,,,,,,
10,0.4019888987365238,0.3208713775143355,avg_ssm_avg_ndvi,IN-06-0033,2,avg_ssm_z,avg_ndvi_z,,,,,,,,,,,,,,
6,0.4010966001336394,0.05553889122745419,avg_ssm_avg_ndvi,IN-06-0034,2,avg_ssm_z,avg_ndvi_z,,,,,,,,,,,,,,
10,0.5067330156996198,0.38567850073408544,avg_ssm_avg_ndvi,IN-06-0034,2,avg_ssm_z,avg_ndvi_z,,,,,,,,,,,,,,
6,0.23355003297912802,0.2815717832521179,avg_ssm_avg_ndvi,IN-06-0035,2,avg_ssm_z,avg_ndvi_z,,,,,,,,,,,,,,
10,0.2700129774535206,0.15182082635053445,avg_ssm_avg_ndvi,IN-06-0035,2,avg_ssm_z,avg_ndvi_z,,,,,,,,,,,,,,
6,-0.14790140584127248,0.011514049428725354,avg_ssm_avg_ndvi,IN-06-0036,2,avg_ssm_z,avg_ndvi_z,,,,,,,,,,,,,,
10,-0.32828276267216605,-0.0869890815694843,avg_ssm_avg_ndvi,IN-06-0036,2,avg_ssm_z,avg_ndvi_z,,,,,,,,,,,,,,
6,-0.2698505422008481,0.05966911240831646,avg_ssm_avg_ndvi,IN-06-0037,2,avg_ssm_z,avg_ndvi_z,,,,,,,,,,,,,,
10,-0.36201337660289745,0.1569497345094815,avg_ssm_avg_ndvi,IN-06-0037,2,avg_ssm_z,avg_ndvi_z,,,,,,,,,,,,,,
6,-0.25160151035070577,0.04903997432443509,avg_ssm_avg_ndvi,IN-06-0038,2,avg_ssm_z,avg_ndvi_z,,,,,,,,,,,,,,
10,-0.40822862988429953,0.15300467058891937,avg_ssm_avg_ndvi,IN-06-0038,2,avg_ssm_z,avg_ndvi_z,,,,,,,,,,,,,,
6,-0.13920438252317496,0.21566253633282342,avg_ssm_avg_ndvi,IN-06-0039,2,avg_ssm_z,avg_ndvi_z,,,,,,,,,,,,,,
10,-0.46400754034419894,0.3161475724411148,avg_ssm_avg_ndvi,IN-06-0039,2,avg_ssm_z,avg_ndvi_z,,,,,,,,,,,,,,
6,0.07025143711862156,-0.07594988514439163,avg_ssm_avg_ndvi,IN-06-0040,2,avg_ssm_z,avg_ndvi_z,,,,,,,,,,,,,,
10,0.038835112856670226,-0.02758574913432545,avg_ssm_avg_ndvi,IN-06-0040,2,avg_ssm_z,avg_ndvi_z,,,,,,,,,,,,,,
6,0.2231809872486409,-0.11028610160874301,avg_ssm_avg_ndvi,IN-06-0041,2,avg_ssm_z,avg_ndvi_z,,,,,,,,,,,,,,
10,-0.03977304677075165,-0.34078904790866166,avg_ssm_avg_ndvi,IN-06-0041,2,avg_ssm_z,avg_ndvi_z,,,,,,,,,,,,,,
6,-0.20361783661856162,-0.34884658407383534,avg_ssm_avg_ndvi,IN-06-0042,2,avg_ssm_z,avg_ndvi_z,,,,,,,,,,,,,,
10,-0.3505551706288665,-0.19730232858850855,avg_ssm_avg_ndvi,IN-06-0042,2,avg_ssm_z,avg_ndvi_z,,,,,,,,,,,,,,
6,-0.06643917639166337,0.10067288632225871,avg_ssm_avg_ndvi,IN-06-0043,2,avg_ssm_z,avg_ndvi_z,,,,,,,,,,,,,,
10,0.1893613741760687,0.20754468663838832,avg_ssm_avg_ndvi,IN-06-0043,2,avg_ssm_z,avg_ndvi_z,,,,,,,,,,,,,,
6,-0.21537764145735822,-0.039158009895531296,avg_ssm_avg_ndvi,IN-06-0502,2,avg_ssm_z,avg_ndvi_z,,,,,,,,,,,,,,
10,-0.37133497638993535,-0.05461361421573859,avg_ssm_avg_ndvi,IN-06-0502,2,avg_ssm_z,avg_ndvi_z,,,,,,,,,,,,,,
6,-0.18366912434049307,0.01734785591477376,avg_ssm_avg_ndvi,IN-06-1057,2,avg_ssm_z,avg_ndvi_z,,,,,,,,,,,,,,
10,-0.004083064650058721,0.031079308308986364,avg_ssm_avg_ndvi,IN-06-1057,2,avg_ssm_z,avg_ndvi_z,,,,,,,,,,,,,,
6,0.011743268650073814,0.194379776781831,avg_ssm_avg_ndvi,IN-06-1058,2,avg_ssm_z,avg_ndvi_z,,,,,,,,,,,,,,
10,0.05165316891339058,0.6034209865249982,avg_ssm_avg_ndvi,IN-06-1058,2,avg_ssm_z,avg_ndvi_z,,,,,,,,,,,,,,
6,-0.000217099762838735,0.24315493616013625,avg_ssm_avg_ndvi,IN-06-1060,2,avg_ssm_z,avg_ndvi_z,,,,,,,,,,,,,,
10,-0.09356208964869156,0.29408346659763857,avg_ssm_avg_ndvi,IN-06-1060,2,avg_ssm_z,avg_ndvi_z,,,,,,,,,,,,,,
6,-0.05346678501027184,-0.2020291572567003,avg_ssm_avg_ndvi,IN-06-1061,2,avg_ssm_z,avg_ndvi_z,,,,,,,,,,,,,,
10,0.11482753848017166,-0.3412032764219378,avg_ssm_avg_ndvi,IN-06-1061,2,avg_ssm_z,avg_ndvi_z,,,,,,,,,,,,,,
6,-0.1683699823792796,-0.09903502863587986,avg_ssm_avg_ndvi,IN-06-1062,2,avg_ssm_z,avg_ndvi_z,,,,,,,,,,,,,,
10,-0.13950309537848515,0.08830623720476333,avg_ssm_avg_ndvi,IN-06-1062,2,avg_ssm_z,avg_ndvi_z,,,,,,,,,,,,,,
6,-0.20680685868278043,0.2352785024577077,avg_ssm_avg_ndvi,IN-06-1063,2,avg_ssm_z,avg_ndvi_z,,,,,,,,,,,,,,
10,-0.46750158845847134,0.29708225480783695,avg_ssm_avg_ndvi,IN-06-1063,2,avg_ssm_z,avg_ndvi_z,,,,,,,,,,,,,,
6,0.6162265982210907,0.1927254189607582,avg_ssm_avg_ndvi,IN-06-1064,2,avg_ssm_z,avg_ndvi_z,,,,,,,,,,,,,,
10,0.7254308705194681,0.24351614645131833,avg_ssm_avg_ndvi,IN-06-1064,2,avg_ssm_z,avg_ndvi_z,,,,,,,,,,,,,,
6,-0.086147044886071,0.18318045386930942,avg_ssm_avg_ndvi,IN-06-1071,2,avg_ssm_z,avg_ndvi_z,,,,,,,,,,,,,,
10,-0.020028349943989564,0.2585004071044234,avg_ssm_avg_ndvi,IN-06-1071,2,avg_ssm_z,avg_ndvi_z,,,,,,,,,,,,,,
6,-0.2891926898553628,-0.09282244257579836,avg_ssm_avg_ndvi,IN-06-1081,2,avg_ssm_z,avg_ndvi_z,,,,,,,,,,,,,,
10,-0.2861875374432693,-0.09169809961760525,avg_ssm_avg_ndvi,IN-06-1081,2,avg_ssm_z,avg_ndvi_z,,,,,,,,,,,,,,
6,-0.12020614467116757,0.1294580968222061,avg_ssm_avg_ndvi,IN-06-1082,2,avg_ssm_z,avg_ndvi_z,,,,,,,,,,,,,,
10,-0.13347426786896183,0.1967078420227848,avg_ssm_avg_ndvi,IN-06-1082,2,avg_ssm_z,avg_ndvi_z,,,,,,,,,,,,,,
6,-0.5377250361078136,-0.4393361304726352,avg_ssm_avg_ndvi,IN-06-2006,2,avg_ssm_z,avg_ndvi_z,,,,,,,,,,,,,,
6,0.20078227538793114,-0.06922177344151016,avg_ssm_avg_ndvi,IN-06-2007,2,avg_ssm_z,avg_ndvi_z,,,,,,,,,,,,,,
6,0.5335145993727647,0.5043559233289884,avg_ssm_avg_ndvi,IN-07-0096,2,avg_ssm_z,avg_ndvi_z,,,,,,,,,,,,,,
6,0.4826074257450913,0.44436438961266855,avg_ssm_avg_ndvi,IN-07-0099,2,avg_ssm_z,avg_ndvi_z,,,,,,,,,,,,,,
10,0.6456980326037903,0.531118222915489,avg_ssm_avg_ndvi,IN-07-0099,2,avg_ssm_z,avg_ndvi_z,,,,,,,,,,,,,,
6,0.24926138451769927,0.19499288695181577,avg_ssm_avg_ndvi,IN-07-0100,2,avg_ssm_z,avg_ndvi_z,,,,,,,,,,,,,,
10,0.09578984809466165,0.1325014155627335,avg_ssm_avg_ndvi,IN-07-0100,2,avg_ssm_z,avg_ndvi_z,,,,,,,,,,,,,,
6,-0.09486910600213173,0.16100080820590973,avg_ssm_avg_ndvi,IN-07-0101,2,avg_ssm_z,avg_ndvi_z,,,,,,,,,,,,,,
10,-0.08062065281094183,0.23719318815585688,avg_ssm_avg_ndvi,IN-07-0101,2,avg_ssm_z,avg_ndvi_z,,,,,,,,,,,,,,
6,0.1327591523402523,0.18625809000537685,avg_ssm_avg_ndvi,IN-07-0102,2,avg_ssm_z,avg_ndvi_z,,,,,,,,,,,,,,
10,0.19272112612871278,0.3906867263595699,avg_ssm_avg_ndvi,IN-07-0102,2,avg_ssm_z,avg_ndvi_z,,,,,,,,,,,,,,
6,0.13731743563869428,0.16888451006368715,avg_ssm_avg_ndvi,IN-07-0103,2,avg_ssm_z,avg_ndvi_z,,,,,,,,,,,,,,
10,0.19397283403800616,0.2163488937135702,avg_ssm_avg_ndvi,IN-07-0103,2,avg_ssm_z,avg_ndvi_z,,,,,,,,,,,,,,
6,0.034837639235616634,-0.10100125376929789,avg_ssm_avg_ndvi,IN-07-0104,2,avg_ssm_z,avg_ndvi_z,,,,,,,,,,,,,,
10,0.13796985424580668,-0.16047591837182829,avg_ssm_avg_ndvi,IN-07-0104,2,avg_ssm_z,avg_ndvi_z,,,,,,,,,,,,,,
6,-0.28457188980698106,-0.021396867631922334,avg_ssm_avg_ndvi,IN-07-0105,2,avg_ssm_z,avg_ndvi_z,,,,,,,,,,,,,,
10,-0.2986179977663583,0.10008159921083555,avg_ssm_avg_ndvi,IN-07-0105,2,avg_ssm_z,avg_ndvi_z,,,,,,,,,,,,,,
6,0.2683933349958699,-0.07750989174372487,avg_ssm_avg_ndvi,IN-07-0106,2,avg_ssm_z,avg_ndvi_z,,,,,,,,,,,,,,
10,0.2499066196642133,-0.2904557624811123,avg_ssm_avg_ndvi,IN-07-0106,2,avg_ssm_z,avg_ndvi_z,,,,,,,,,,,,,,
6,-0.1648431877916139,-0.37470811944727284,avg_ssm_avg_ndvi,IN-07-0107,2,avg_ssm_z,avg_ndvi_z,,,,,,,,,,,,,,
10,-0.230602696693331,-0.46847022246833053,avg_ssm_avg_ndvi,IN-07-0107,2,avg_ssm_z,avg_ndvi_z,,,,,,,,,,,,,,
6,-0.03641637991089005,0.20761438953842554,avg_ssm_avg_ndvi,IN-07-0108,2,avg_ssm_z,avg_ndvi_z,,,,,,,,,,,,,,
10,-0.009909554335276596,0.27691042796768806,avg_ssm_avg_ndvi,IN-07-0108,2,avg_ssm_z,avg_ndvi_z,,,,,,,,,,,,,,
6,-0.21276402792139174,0.2245782511246746,avg_ssm_avg_ndvi,IN-07-0109,2,avg_ssm_z,avg_ndvi_z,,,,,,,,,,,,,,
10,-0.30036085477038255,0.3107405980510145,avg_ssm_avg_ndvi,IN-07-0109,2,avg_ssm_z,avg_ndvi_z,,,,,,,,,,,,,,
6,-0.02943675819143418,0.00454813793708588,avg_ssm_avg_ndvi,IN-07-0110,2,avg_ssm_z,avg_ndvi_z,,,,,,,,,,,,,,
10,-0.02792461941248601,-0.05073479948980166,avg_ssm_avg_ndvi,IN-07-0110,2,avg_ssm_z,avg_ndvi_z,,,,,,,,,,,,,,
6,-0.35673337412822564,-0.34917900569178134,avg_ssm_avg_ndvi,IN-07-0111,2,avg_ssm_z,avg_ndvi_z,,,,,,,,,,,,,,
10,-0.4372520782679129,-0.5473783452964136,avg_ssm_avg_ndvi,IN-07-0111,2,avg_ssm_z,avg_ndvi_z,,,,,,,,,,,,,,
6,0.21572432781749842,0.11140987817021777,avg_ssm_avg_ndvi,IN-07-0112,2,avg_ssm_z,avg_ndvi_z,,,,,,,,,,,,,,
10,0.2760597353310994,0.14898633480727771,avg_ssm_avg_ndvi,IN-07-0112,2,avg_ssm_z,avg_ndvi_z,,,,,,,,,,,,,,
6,-0.3064833391446139,0.2935076490551843,avg_ssm_avg_ndvi,IN-07-0113,2,avg_ssm_z,avg_ndvi_z,,,,,,,,,,,,,,
10,-0.19547807659801625,0.5984235484800475,avg_ssm_avg_ndvi,IN-07-0113,2,avg_ssm_z,avg_ndvi_z,,,,,,,,,,,,,,
6,-0.2761074696872123,0.38348639178746186,avg_ssm_avg_ndvi,IN-07-0114,2,avg_ssm_z,avg_ndvi_z,,,,,,,,,,,,,,
10,-0.2605365333468246,0.5479377331327062,avg_ssm_avg_ndvi,IN-07-0114,2,avg_ssm_z,avg_ndvi_z,,,,,,,,,,,,,,
6,-0.02934970194457902,0.12031657363028565,avg_ssm_avg_ndvi,IN-07-0115,2,avg_ssm_z,avg_ndvi_z,,,,,,,,,,,,,,
10,-0.16905054010473872,0.26301165796711956,avg_ssm_avg_ndvi,IN-07-0115,2,avg_ssm_z,avg_ndvi_z,,,,,,,,,,,,,,
6,-0.4354110866799846,0.43970232957019084,avg_ssm_avg_ndvi,IN-07-0116,2,avg_ssm_z,avg_ndvi_z,,,,,,,,,,,,,,
10,-0.45016386697582816,0.6183985597232922,avg_ssm_avg_ndvi,IN-07-0116,2,avg_ssm_z,avg_ndvi_z,,,,,,,,,,,,,,
6,-0.5856106235070628,0.19009479342263236,avg_ssm_avg_ndvi,IN-07-0117,2,avg_ssm_z,avg_ndvi_z,,,,,,,,,,,,,,
10,-0.5886246448841395,0.3550765634423311,avg_ssm_avg_ndvi,IN-07-0117,2,avg_ssm_z,avg_ndvi_z,,,,,,,,,,,,,,
6,-0.5316568229870506,0.024922151788942033,avg_ssm_avg_ndvi,IN-07-0118,2,avg_ssm_z,avg_ndvi_z,,,,,,,,,,,,,,
10,-0.5503406073369772,0.10677869717548635,avg_ssm_avg_ndvi,IN-07-0118,2,avg_ssm_z,avg_ndvi_z,,,,,,,,,,,,,,
6,-0.26441666041893364,-0.1486664087972986,avg_ssm_avg_ndvi,IN-07-0119,2,avg_ssm_z,avg_ndvi_z,,,,,,,,,,,,,,
10,-0.3798660588536203,-0.3803887823682704,avg_ssm_avg_ndvi,IN-07-0119,2,avg_ssm_z,avg_ndvi_z,,,,,,,,,,,,,,
6,-0.45187147232856717,0.21419202343209892,avg_ssm_avg_ndvi,IN-07-0120,2,avg_ssm_z,avg_ndvi_z,,,,,,,,,,,,,,
10,-0.39371441799899143,0.31829160038944193,avg_ssm_avg_ndvi,IN-07-0120,2,avg_ssm_z,avg_ndvi_z,,,,,,,,,,,,,,
6,-0.026078119377679905,0.13240296392393566,avg_ssm_avg_ndvi,IN-07-0514,2,avg_ssm_z,avg_ndvi_z,,,,,,,,,,,,,,
10,0.1885519475603076,0.21770548312733912,avg_ssm_avg_ndvi,IN-07-0514,2,avg_ssm_z,avg_ndvi_z,,,,,,,,,,,,,,
6,-0.2151117596885,-0.17101668028039127,avg_ssm_avg_ndvi,IN-07-0515,2,avg_ssm_z,avg_ndvi_z,,,,,,,,,,,,,,
10,-0.10689653955382031,-0.09794724277326275,avg_ssm_avg_ndvi,IN-07-0515,2,avg_ssm_z,avg_ndvi_z,,,,,,,,,,,,,,
6,-0.11645843822183397,0.024614065614172807,avg_ssm_avg_ndvi,IN-07-0516,2,avg_ssm_z,avg_ndvi_z,,,,,,,,,,,,,,
10,-0.03821423303992423,-0.12879201040075997,avg_ssm_avg_ndvi,IN-07-0516,2,avg_ssm_z,avg_ndvi_z,,,,,,,,,,,,,,
6,-0.10482970209963942,-0.3606787270467695,avg_ssm_avg_ndvi,IN-07-1072,2,avg_ssm_z,avg_ndvi_z,,,,,,,,,,,,,,
10,-0.16986985115144748,-0.472636384773146,avg_ssm_avg_ndvi,IN-07-1072,2,avg_ssm_z,avg_ndvi_z,,,,,,,,,,,,,,
6,-0.3425068873615064,0.005023053045640486,avg_ssm_avg_ndvi,IN-07-1073,2,avg_ssm_z,avg_ndvi_z,,,,,,,,,,,,,,
10,-0.3646965370600417,-0.11847039704519702,avg_ssm_avg_ndvi,IN-07-1073,2,avg_ssm_z,avg_ndvi_z,,,,,,,,,,,,,,
6,-0.141875901522199,-0.12007906376607527,avg_ssm_avg_ndvi,IN-07-1074,2,avg_ssm_z,avg_ndvi_z,,,,,,,,,,,,,,
10,-0.21304113643764105,-0.06205677735921296,avg_ssm_avg_ndvi,IN-07-1074,2,avg_ssm_z,avg_ndvi_z,,,,,,,,,,,,,,
6,-0.1765526134606121,0.21313179976689436,avg_ssm_avg_ndvi,IN-07-1075,2,avg_ssm_z,avg_ndvi_z,,,,,,,,,,,,,,
10,-0.10534613027620283,0.36131475009693637,avg_ssm_avg_ndvi,IN-07-1075,2,avg_ssm_z,avg_ndvi_z,,,,,,,,,,,,,,
6,0.271728253439863,-0.10754767905175003,avg_ssm_avg_ndvi,IN-08-0701,2,avg_ssm_z,avg_ndvi_z,,,,,,,,,,,,,,
10,0.3856892826109144,-0.1759239875273512,avg_ssm_avg_ndvi,IN-08-0701,2,avg_ssm_z,avg_ndvi_z,,,,,,,,,,,,,,
6,-0.32428083998258467,-0.29164337413976893,avg_ssm_avg_ndvi,IN-08-0702,2,avg_ssm_z,avg_ndvi_z,,,,,,,,,,,,,,
10,-0.5059891277273533,-0.45621268821930877,avg_ssm_avg_ndvi,IN-08-0702,2,avg_ssm_z,avg_ndvi_z,,,,,,,,,,,,,,
6,0.23429193666547174,-0.07922251985056339,avg_ssm_avg_ndvi,IN-08-0703,2,avg_ssm_z,avg_ndvi_z,,,,,,,,,,,,,,
10,0.02320854775763982,0.0942250707564682,avg_ssm_avg_ndvi,IN-08-0703,2,avg_ssm_z,avg_ndvi_z,,,,,,,,,,,,,,
6,0.24947243729393706,-0.4641797881378511,avg_ssm_avg_ndvi,IN-08-0704,2,avg_ssm_z,avg_ndvi_z,,,,,,,,,,,,,,
10,0.44622174799277586,-0.6945631348531522,avg_ssm_avg_ndvi,IN-08-0704,2,avg_ssm_z,avg_ndvi_z,,,,,,,,,,,,,,
6,-0.024910465085020563,-0.04065317551607624,avg_ssm_avg_ndvi,IN-08-0705,2,avg_ssm_z,avg_ndvi_z,,,,,,,,,,,,,,
10,-0.3729499424509342,0.2813492704011108,avg_ssm_avg_ndvi,IN-08-0705,2,avg_ssm_z,avg_ndvi_z,,,,,,,,,,,,,,
6,-0.3453361585407845,-0.24977087057486802,avg_ssm_avg_ndvi,IN-08-0706,2,avg_ssm_z,avg_ndvi_z,,,,,,,,,,,,,,
10,-0.5794788460808327,-0.16828789821279405,avg_ssm_avg_ndvi,IN-08-0706,2,avg_ssm_z,avg_ndvi_z,,,,,,,,,,,,,,
6,0.4430265858922022,-0.45734429518744557,avg_ssm_avg_ndvi,IN-08-0707,2,avg_ssm_z,avg_ndvi_z,,,,,,,,,,,,,,
10,0.3480866815356755,-0.8064946493434657,avg_ssm_avg_ndvi,IN-08-0707,2,avg_ssm_z,avg_ndvi_z,,,,,,,,,,,,,,
6,-0.31554966788457933,-0.16300772768979715,avg_ssm_avg_ndvi,IN-08-0708,2,avg_ssm_z,avg_ndvi_z,,,,,,,,,,,,,,
10,-0.3605764573880018,-0.40242649154124893,avg_ssm_avg_ndvi,IN-08-0708,2,avg_ssm_z,avg_ndvi_z,,,,,,,,,,,,,,
6,0.18398704063525323,-0.09393704442316944,avg_ssm_avg_ndvi,IN-08-0709,2,avg_ssm_z,avg_ndvi_z,,,,,,,,,,,,,,
10,0.1782660591544189,-0.28257428487300534,avg_ssm_avg_ndvi,IN-08-0709,2,avg_ssm_z,avg_ndvi_z,,,,,,,,,,,,,,
6,-0.23887108223886097,-0.1694191261521224,avg_ssm_avg_ndvi,IN-08-0710,2,avg_ssm_z,avg_ndvi_z,,,,,,,,,,,,,,
10,-0.5327797265162504,0.0022023502098082654,avg_ssm_avg_ndvi,IN-08-0710,2,avg_ssm_z,avg_ndvi_z,,,,,,,,,,,,,,
6,-0.2589539450599263,-0.3290868753728976,avg_ssm_avg_ndvi,IN-08-0711,2,avg_ssm_z,avg_ndvi_z,,,,,,,,,,,,,,
10,-0.27187730800734633,-0.16100215428100748,avg_ssm_avg_ndvi,IN-08-0711,2,avg_ssm_z,avg_ndvi_z,,,,,,,,,,,,,,
6,-0.3836160886554928,-0.14977005557677608,avg_ssm_avg_ndvi,IN-08-0712,2,avg_ssm_z,avg_ndvi_z,,,,,,,,,,,,,,
10,-0.34290060612983964,0.159275292075948,avg_ssm_avg_ndvi,IN-08-0712,2,avg_ssm_z,avg_ndvi_z,,,,,,,,,,,,,,
6,-0.2889445572980503,-0.11181521513192398,avg_ssm_avg_ndvi,IN-08-0713,2,avg_ssm_z,avg_ndvi_z,,,,,,,,,,,,,,
10,-0.3796961225849446,0.1660659961402154,avg_ssm_avg_ndvi,IN-08-0713,2,avg_ssm_z,avg_ndvi_z,,,,,,,,,,,,,,
6,0.1538718354481447,-0.20786421912234995,avg_ssm_avg_ndvi,IN-08-0714,2,avg_ssm_z,avg_ndvi_z,,,,,,,,,,,,,,
10,0.23123518416855587,-0.40750072949789756,avg_ssm_avg_ndvi,IN-08-0714,2,avg_ssm_z,avg_ndvi_z,,,,,,,,,,,,,,
6,-0.0005157369919964571,-0.05843179616275531,avg_ssm_avg_ndvi,IN-08-0716,2,avg_ssm_z,avg_ndvi_z,,,,,,,,,,,,,,
10,-0.10628057060936,-0.4361099561580903,avg_ssm_avg_ndvi,IN-08-0716,2,avg_ssm_z,avg_ndvi_z,,,,,,,,,,,,,,
6,0.19981241644110354,-0.025912403716785874,avg_ssm_avg_ndvi,IN-08-0717,2,avg_ssm_z,avg_ndvi_z,,,,,,,,,,,,,,
10,0.29561063252232433,0.29810241327754256,avg_ssm_avg_ndvi,IN-08-0717,2,avg_ssm_z,avg_ndvi_z,,,,,,,,,,,,,,
6,-0.1556966344611016,-0.38633977789733687,avg_ssm_avg_ndvi,IN-08-0718,2,avg_ssm_z,avg_ndvi_z,,,,,,,,,,,,,,
10,0.06114618854142414,-0.7065929646059306,avg_ssm_avg_ndvi,IN-08-0718,2,avg_ssm_z,avg_ndvi_z,,,,,,,,,,,,,,
6,-0.24054490330744768,-0.2878892339376035,avg_ssm_avg_ndvi,IN-08-0719,2,avg_ssm_z,avg_ndvi_z,,,,,,,,,,,,,,
10,-0.023872867464364223,-0.4428654304837763,avg_ssm_avg_ndvi,IN-08-0719,2,avg_ssm_z,avg_ndvi_z,,,,,,,,,,,,,,
6,-0.28487958155752624,-0.24982891122844303,avg_ssm_avg_ndvi,IN-08-0721,2,avg_ssm_z,avg_ndvi_z,,,,,,,,,,,,,,
10,-0.509729361385307,-0.3062997105544557,avg_ssm_avg_ndvi,IN-08-0721,2,avg_ssm_z,avg_ndvi_z,,,,,,,,,,,,,,
6,0.030890000489240378,0.033856974104677424,avg_ssm_avg_ndvi,IN-08-0722,2,avg_ssm_z,avg_ndvi_z,,,,,,,,,,,,,,
10,-0.10875350442215541,-0.08320892903989946,avg_ssm_avg_ndvi,IN-08-0722,2,avg_ssm_z,avg_ndvi_z,,,,,,,,,,,,,,
6,-0.47470921822219037,-0.12187704713715952,avg_ssm_avg_ndvi,IN-08-0723,2,avg_ssm_z,avg_ndvi_z,,,,,,,,,,,,,,
10,-0.48997947829723804,-0.19457936831619008,avg_ssm_avg_ndvi,IN-08-0723,2,avg_ssm_z,avg_ndvi_z,,,,,,,,,,,,,,
6,0.08243366786358257,0.003692998012337767,avg_ssm_avg_ndvi,IN-08-0724,2,avg_ssm_z,avg_ndvi_z,,,,,,,,,,,,,,
10,0.15758691586668228,-0.3382806614696433,avg_ssm_avg_ndvi,IN-08-0724,2,avg_ssm_z,avg_ndvi_z,,,,,,,,,,,,,,
6,0.17102654335413986,0.44067451514337597,avg_ssm_avg_ndvi,IN-08-0725,2,avg_ssm_z,avg_ndvi_z,,,,,,,,,,,,,,
6,-0.09445684514047978,-0.07554601277206563,avg_ssm_avg_ndvi,IN-08-0726,2,avg_ssm_z,avg_ndvi_z,,,,,,,,,,,,,,
10,-0.34350045712457994,0.10651355538194199,avg_ssm_avg_ndvi,IN-08-0726,2,avg_ssm_z,avg_ndvi_z,,,,,,,,,,,,,,
6,-0.2710563166336401,-0.308916827347643,avg_ssm_avg_ndvi,IN-08-0728,2,avg_ssm_z,avg_ndvi_z,,,,,,,,,,,,,,
10,-0.2764990391159928,-0.39675753113313933,avg_ssm_avg_ndvi,IN-08-0728,2,avg_ssm_z,avg_ndvi_z,,,,,,,,,,,,,,
6,-0.34932900749854057,-0.2614444816442286,avg_ssm_avg_ndvi,IN-08-0729,2,avg_ssm_z,avg_ndvi_z,,,,,,,,,,,,,,
10,-0.1840779472668971,-0.4706505722791305,avg_ssm_avg_ndvi,IN-08-0729,2,avg_ssm_z,avg_ndvi_z,,,,,,,,,,,,,,
6,0.0746843745232551,-0.3016520772946461,avg_ssm_avg_ndvi,IN-08-0730,2,avg_ssm_z,avg_ndvi_z,,,,,,,,,,,,,,
10,0.22248633169823262,-0.37385334151478744,avg_ssm_avg_ndvi,IN-08-0730,2,avg_ssm_z,avg_ndvi_z,,,,,,,,,,,,,,
6,-0.2311032936123832,-0.2514934297996675,avg_ssm_avg_ndvi,IN-08-0731,2,avg_ssm_z,avg_ndvi_z,,,,,,,,,,,,,,
10,-0.15813115999912344,0.03226834331039002,avg_ssm_avg_ndvi,IN-08-0731,2,avg_ssm_z,avg_ndvi_z,,,,,,,,,,,,,,
6,-0.40235592488644645,-0.38214454031352363,avg_ssm_avg_ndvi,IN-08-0732,2,avg_ssm_z,avg_ndvi_z,,,,,,,,,,,,,,
10,-0.3061542162551844,-0.5036916462738239,avg_ssm_avg_ndvi,IN-08-0732,2,avg_ssm_z,avg_ndvi_z,,,,,,,,,,,,,,
6,-0.15947056190890035,-0.40274432906480745,avg_ssm_avg_ndvi,IN-09-0165,2,avg_ssm_z,avg_ndvi_z,,,,,,,,,,,,,,
10,-0.5011051086815901,-0.7761190195019585,avg_ssm_avg_ndvi,IN-09-0165,2,avg_ssm_z,avg_ndvi_z,,,,,,,,,,,,,,
6,-0.25636364625746644,-0.14635369173807353,avg_ssm_avg_ndvi,IN-09-0166,2,avg_ssm_z,avg_ndvi_z,,,,,,,,,,,,,,
10,-0.4424717955564508,-0.1809210253798546,avg_ssm_avg_ndvi,IN-09-0166,2,avg_ssm_z,avg_ndvi_z,,,,,,,,,,,,,,
6,-0.3377399783313271,-0.31931826334032787,avg_ssm_avg_ndvi,IN-09-0167,2,avg_ssm_z,avg_ndvi_z,,,,,,,,,,,,,,
10,-0.665753961278292,-0.590277516373992,avg_ssm_avg_ndvi,IN-09-0167,2,avg_ssm_z,avg_ndvi_z,,,,,,,,,,,,,,
6,-0.0645225513909313,-0.11111221842016654,avg_ssm_avg_ndvi,IN-09-0168,2,avg_ssm_z,avg_ndvi_z,,,,,,,,,,,,,,
10,-0.34934653572246255,-0.4566374242081026,avg_ssm_avg_ndvi,IN-09-0168,2,avg_ssm_z,avg_ndvi_z,,,,,,,,,,,,,,
6,0.16942710047894938,0.08421084056844726,avg_ssm_avg_ndvi,IN-09-0169,2,avg_ssm_z,avg_ndvi_z,,,,,,,,,,,,,,
10,-0.004482220638916174,0.02820653412132997,avg_ssm_avg_ndvi,IN-09-0169,2,avg_ssm_z,avg_ndvi_z,,,,,,,,,,,,,,
6,0.47684842575954567,0.3560474448274262,avg_ssm_avg_ndvi,IN-09-0170,2,avg_ssm_z,avg_ndvi_z,,,,,,,,,,,,,,
10,0.39940956984723974,0.4045940582354618,avg_ssm_avg_ndvi,IN-09-0170,2,avg_ssm_z,avg_ndvi_z,,,,,,,,,,,,,,
6,0.12335171006906812,0.32648628047010764,avg_ssm_avg_ndvi,IN-09-0171,2,avg_ssm_z,avg_ndvi_z,,,,,,,,,,,,,,
10,-0.27135857121049856,0.22136819355359352,avg_ssm_avg_ndvi,IN-09-0171,2,avg_ssm_z,avg_ndvi_z,,,,,,,,,,,,,,
6,0.12198535465122409,0.3177680223438143,avg_ssm_avg_ndvi,IN-09-0172,2,avg_ssm_z,avg_ndvi_z,,,,,,,,,,,,,,
10,0.13933282892514237,-0.052940463479079644,avg_ssm_avg_ndvi,IN-09-0172,2,avg_ssm_z,avg_ndvi_z,,,,,,,,,,,,,,
6,0.2123347304732402,0.4229048521023334,avg_ssm_avg_ndvi,IN-09-0173,2,avg_ssm_z,avg_ndvi_z,,,,,,,,,,,,,,
10,0.3764041427241781,0.4250992500017558,avg_ssm_avg_ndvi,IN-09-0173,2,avg_ssm_z,avg_ndvi_z,,,,,,,,,,,,,,
6,0.6428212316114001,0.41707913653896844,avg_ssm_avg_ndvi,IN-09-0174,2,avg_ssm_z,avg_ndvi_z,,,,,,,,,,,,,,
10,0.787376734428137,0.597808813445183,avg_ssm_avg_ndvi,IN-09-0174,2,avg_ssm_z,avg_ndvi_z,,,,,,,,,,,,,,
6,0.19210162277052226,0.4448772429406301,avg_ssm_avg_ndvi,IN-09-0175,2,avg_ssm_z,avg_ndvi_z,,,,,,,,,,,,,,
10,0.17686786988380349,0.4493218875711536,avg_ssm_avg_ndvi,IN-09-0175,2,avg_ssm_z,avg_ndvi_z,,,,,,,,,,,,,,
6,0.09375838671738648,0.2974216976762659,avg_ssm_avg_ndvi,IN-09-0176,2,avg_ssm_z,avg_ndvi_z,,,,,,,,,,,,,,
10,-0.056892509537584214,0.11974128451480641,avg_ssm_avg_ndvi,IN-09-0176,2,avg_ssm_z,avg_ndvi_z,,,,,,,,,,,,,,
6,0.40008668598335817,0.5084312534180432,avg_ssm_avg_ndvi,IN-09-0545,2,avg_ssm_z,avg_ndvi_z,,,,,,,,,,,,,,
10,0.44082519246329976,0.5808339947291593,avg_ssm_avg_ndvi,IN-09-0545,2,avg_ssm_z,avg_ndvi_z,,,,,,,,,,,,,,
6,0.006595744519626706,0.12291974609765113,avg_ssm_avg_ndvi,IN-09-0546,2,avg_ssm_z,avg_ndvi_z,,,,,,,,,,,,,,
10,-0.15628051838362053,0.014311684513553986,avg_ssm_avg_ndvi,IN-09-0546,2,avg_ssm_z,avg_ndvi_z,,,,,,,,,,,,,,
6,0.28476642436348315,0.2111427684062984,avg_ssm_avg_ndvi,IN-09-1017,2,avg_ssm_z,avg_ndvi_z,,,,,,,,,,,,,,
10,0.03462919011143683,0.2634280022732014,avg_ssm_avg_ndvi,IN-09-1017,2,avg_ssm_z,avg_ndvi_z,,,,,,,,,,,,,,
6,0.4123748585962555,0.2869376071477402,avg_ssm_avg_ndvi,IN-09-1018,2,avg_ssm_z,avg_ndvi_z,,,,,,,,,,,,,,
10,0.6044346797628121,0.2738442025548176,avg_ssm_avg_ndvi,IN-09-1018,2,avg_ssm_z,avg_ndvi_z,,,,,,,,,,,,,,
6,0.17705742604221436,0.32320056235710404,avg_ssm_avg_ndvi,IN-09-1019,2,avg_ssm_z,avg_ndvi_z,,,,,,,,,,,,,,
10,0.3203014214471348,0.16292712094655315,avg_ssm_avg_ndvi,IN-09-1019,2,avg_ssm_z,avg_ndvi_z,,,,,,,,,,,,,,
6,-0.2965749997793928,-0.1276775970885792,avg_ssm_avg_ndvi,IN-09-2009,2,avg_ssm_z,avg_ndvi_z,,,,,,,,,,,,,,
10,-0.2192434827751982,-0.5154053550250598,avg_ssm_avg_ndvi,IN-09-2009,2,avg_ssm_z,avg_ndvi_z,,,,,,,,,,,,,,
6,-0.18565144965723052,0.17426287141718427,avg_ssm_avg_ndvi,IN-09-2010,2,avg_ssm_z,avg_ndvi_z,,,,,,,,,,,,,,
10,-0.17280012543543402,0.10414992884918836,avg_ssm_avg_ndvi,IN-09-2010,2,avg_ssm_z,avg_ndvi_z,,,,,,,,,,,,,,
6,0.38858083609129146,0.4547330406603374,avg_ssm_avg_ndvi,IN-09-2011,2,avg_ssm_z,avg_ndvi_z,,,,,,,,,,,,,,
10,0.5274438222893403,0.5228050311350323,avg_ssm_avg_ndvi,IN-09-2011,2,avg_ssm_z,avg_ndvi_z,,,,,,,,,,,,,,
6,-0.3310810952513293,-0.4129979790957467,avg_ssm_avg_ndvi,IN-10-0139,2,avg_ssm_z,avg_ndvi_z,,,,,,,,,,,,,,
10,-0.3399714883964546,-0.3925598685060839,avg_ssm_avg_ndvi,IN-10-0139,2,avg_ssm_z,avg_ndvi_z,,,,,,,,,,,,,,
6,0.16193946958723948,0.1599672242536461,avg_ssm_avg_ndvi,IN-10-0140,2,avg_ssm_z,avg_ndvi_z,,,,,,,,,,,,,,
10,0.5193455061231813,0.4403881379015727,avg_ssm_avg_ndvi,IN-10-0140,2,avg_ssm_z,avg_ndvi_z,,,,,,,,,,,,,,
6,0.23044563161977322,0.16863894106466346,avg_ssm_avg_ndvi,IN-10-0141,2,avg_ssm_z,avg_ndvi_z,,,,,,,,,,,,,,
10,0.2063378716148932,0.27026097638163,avg_ssm_avg_ndvi,IN-10-0141,2,avg_ssm_z,avg_ndvi_z,,,,,,,,,,,,,,
6,0.1134478873295075,0.046678974239472565,avg_ssm_avg_ndvi,IN-10-0142,2,avg_ssm_z,avg_ndvi_z,,,,,,,,,,,,,,
10,0.16852050481652628,-0.008568233251361367,avg_ssm_avg_ndvi,IN-10-0142,2,avg_ssm_z,avg_ndvi_z,,,,,,,,,,,,,,
6,-0.044456810014730355,0.06671923190486234,avg_ssm_avg_ndvi,IN-10-0143,2,avg_ssm_z,avg_ndvi_z,,,,,,,,,,,,,,
10,0.15914980515505486,0.3206846741482954,avg_ssm_avg_ndvi,IN-10-0143,2,avg_ssm_z,avg_ndvi_z,,,,,,,,,,,,,,
6,-0.36981017519858633,-0.4887542559856243,avg_ssm_avg_ndvi,IN-10-0144,2,avg_ssm_z,avg_ndvi_z,,,,,,,,,,,,,,
10,-0.31150892070313957,-0.3358734214296849,avg_ssm_avg_ndvi,IN-10-0144,2,avg_ssm_z,avg_ndvi_z,,,,,,,,,,,,,,
6,0.6798624467816706,0.34931255479275525,avg_ssm_avg_ndvi,IN-10-0145,2,avg_ssm_z,avg_ndvi_z,,,,,,,,,,,,,,
10,0.7467750638053229,0.5273011343176831,avg_ssm_avg_ndvi,IN-10-0145,2,avg_ssm_z,avg_ndvi_z,,,,,,,,,,,,,,
6,-0.4840497133964748,-0.30539481824671777,avg_ssm_avg_ndvi,IN-10-0146,2,avg_ssm_z,avg_ndvi_z,,,,,,,,,,,,,,
10,-0.5889158090588584,-0.24537550819015413,avg_ssm_avg_ndvi,IN-10-0146,2,avg_ssm_z,avg_ndvi_z,,,,,,,,,,,,,,
6,-0.015109246629674899,0.1557738147881851,avg_ssm_avg_ndvi,IN-10-0147,2,avg_ssm_z,avg_ndvi_z,,,,,,,,,,,,,,
10,0.08720189123202127,0.33667863455523306,avg_ssm_avg_ndvi,IN-10-0147,2,avg_ssm_z,avg_ndvi_z,,,,,,,,,,,,,,
6,0.6230655241741123,0.5891430415382742,avg_ssm_avg_ndvi,IN-10-0148,2,avg_ssm_z,avg_ndvi_z,,,,,,,,,,,,,,
10,0.7520730042381393,0.6761856702188977,avg_ssm_avg_ndvi,IN-10-0148,2,avg_ssm_z,avg_ndvi_z,,,,,,,,,,,,,,
6,0.31159572666703245,0.3883134598215935,avg_ssm_avg_ndvi,IN-10-0149,2,avg_ssm_z,avg_ndvi_z,,,,,,,,,,,,,,
10,0.30048797131218896,0.3175540790850379,avg_ssm_avg_ndvi,IN-10-0149,2,avg_ssm_z,avg_ndvi_z,,,,,,,,,,,,,,
6,0.5081148051943254,0.32337526689845275,avg_ssm_avg_ndvi,IN-10-0150,2,avg_ssm_z,avg_ndvi_z,,,,,,,,,,,,,,
10,0.5676226571832363,0.4149045036174684,avg_ssm_avg_ndvi,IN-10-0150,2,avg_ssm_z,avg_ndvi_z,,,,,,,,,,,,,,
6,-0.1334239084706314,0.21442162454885869,avg_ssm_avg_ndvi,IN-10-0151,2,avg_ssm_z,avg_ndvi_z,,,,,,,,,,,,,,
10,0.02515993964674578,0.3992380620328691,avg_ssm_avg_ndvi,IN-10-0151,2,avg_ssm_z,avg_ndvi_z,,,,,,,,,,,,,,
6,0.13132322278930805,-0.061955823293427824,avg_ssm_avg_ndvi,IN-10-0152,2,avg_ssm_z,avg_ndvi_z,,,,,,,,,,,,,,
10,-0.11034821954891963,-0.038024093771246596,avg_ssm_avg_ndvi,IN-10-0152,2,avg_ssm_z,avg_ndvi_z,,,,,,,,,,,,,,
6,0.18067907423629453,0.26962095170905653,avg_ssm_avg_ndvi,IN-10-0153,2,avg_ssm_z,avg_ndvi_z,,,,,,,,,,,,,,
10,0.32941625537144475,0.2869308986542586,avg_ssm_avg_ndvi,IN-10-0153,2,avg_ssm_z,avg_ndvi_z,,,,,,,,,,,,,,
6,0.4349642858032368,0.12560656397588538,avg_ssm_avg_ndvi,IN-10-0154,2,avg_ssm_z,avg_ndvi_z,,,,,,,,,,,,,,
10,0.6347833904255563,0.1934354025440101,avg_ssm_avg_ndvi,IN-10-0154,2,avg_ssm_z,avg_ndvi_z,,,,,,,,,,,,,,
6,0.19958346852412748,0.35272182531881646,avg_ssm_avg_ndvi,IN-10-0155,2,avg_ssm_z,avg_ndvi_z,,,,,,,,,,,,,,
10,0.3865452669820145,0.6626381391919673,avg_ssm_avg_ndvi,IN-10-0155,2,avg_ssm_z,avg_ndvi_z,,,,,,,,,,,,,,
6,0.13417224674212302,-0.005922051797318637,avg_ssm_avg_ndvi,IN-10-0156,2,avg_ssm_z,avg_ndvi_z,,,,,,,,,,,,,,
10,-0.09007408983658778,-0.05411457504473651,avg_ssm_avg_ndvi,IN-10-0156,2,avg_ssm_z,avg_ndvi_z,,,,,,,,,,,,,,
6,-0.028271896483491894,-0.47039293407141985,avg_ssm_avg_ndvi,IN-10-0157,2,avg_ssm_z,avg_ndvi_z,,,,,,,,,,,,,,
10,0.007704567121996825,-0.6280709729413178,avg_ssm_avg_ndvi,IN-10-0157,2,avg_ssm_z,avg_ndvi_z,,,,,,,,,,,,,,
6,0.014639201477497716,0.20818417200727524,avg_ssm_avg_ndvi,IN-10-0158,2,avg_ssm_z,avg_ndvi_z,,,,,,,,,,,,,,
10,0.08336053120120446,0.30162829285622944,avg_ssm_avg_ndvi,IN-10-0158,2,avg_ssm_z,avg_ndvi_z,,,,,,,,,,,,,,
6,-0.21828836616332392,-0.07551959964125478,avg_ssm_avg_ndvi,IN-10-0159,2,avg_ssm_z,avg_ndvi_z,,,,,,,,,,,,,,
10,-0.15156526718507962,0.029510716298783983,avg_ssm_avg_ndvi,IN-10-0159,2,avg_ssm_z,avg_ndvi_z,,,,,,,,,,,,,,
6,-0.2856893618943109,0.03219233644857676,avg_ssm_avg_ndvi,IN-10-0160,2,avg_ssm_z,avg_ndvi_z,,,,,,,,,,,,,,
10,-0.43559486965888994,0.1545123256685347,avg_ssm_avg_ndvi,IN-10-0160,2,avg_ssm_z,avg_ndvi_z,,,,,,,,,,,,,,
6,0.0879539914294429,0.4445714715907685,avg_ssm_avg_ndvi,IN-10-0161,2,avg_ssm_z,avg_ndvi_z,,,,,,,,,,,,,,
10,0.3315398344029691,0.6083150744875397,avg_ssm_avg_ndvi,IN-10-0161,2,avg_ssm_z,avg_ndvi_z,,,,,,,,,,,,,,
6,0.3432002477889303,0.48336319561415725,avg_ssm_avg_ndvi,IN-10-0162,2,avg_ssm_z,avg_ndvi_z,,,,,,,,,,,,,,
10,0.40452642561950025,0.5671762276841383,avg_ssm_avg_ndvi,IN-10-0162,2,avg_ssm_z,avg_ndvi_z,,,,,,,,,,,,,,
6,-0.34816708980033184,0.09204331047201475,avg_ssm_avg_ndvi,IN-10-0163,2,avg_ssm_z,avg_ndvi_z,,,,,,,,,,,,,,
10,-0.5766452356444225,0.03511787333444916,avg_ssm_avg_ndvi,IN-10-0163,2,avg_ssm_z,avg_ndvi_z,,,,,,,,,,,,,,
6,0.40350201885976017,0.4506098042451633,avg_ssm_avg_ndvi,IN-10-0164,2,avg_ssm_z,avg_ndvi_z,,,,,,,,,,,,,,
10,0.42080097535854594,0.30959990937546766,avg_ssm_avg_ndvi,IN-10-0164,2,avg_ssm_z,avg_ndvi_z,,,,,,,,,,,,,,
6,-0.22949979169616172,0.03794002790316257,avg_ssm_avg_ndvi,IN-10-0519,2,avg_ssm_z,avg_ndvi_z,,,,,,,,,,,,,,
10,-0.3874043327279374,0.3419129784425158,avg_ssm_avg_ndvi,IN-10-0519,2,avg_ssm_z,avg_ndvi_z,,,,,,,,,,,,,,
6,0.094211736416448,-0.08329974216231303,avg_ssm_avg_ndvi,IN-10-0536,2,avg_ssm_z,avg_ndvi_z,,,,,,,,,,,,,,
10,0.2780127021275383,-0.11243651200556595,avg_ssm_avg_ndvi,IN-10-0536,2,avg_ssm_z,avg_ndvi_z,,,,,,,,,,,,,,
6,-0.033526252725604576,0.2703770029999036,avg_ssm_avg_ndvi,IN-10-0537,2,avg_ssm_z,avg_ndvi_z,,,,,,,,,,,,,,
10,0.2412133001818259,0.5707371420368925,avg_ssm_avg_ndvi,IN-10-0537,2,avg_ssm_z,avg_ndvi_z,,,,,,,,,,,,,,
6,0.07995167442539561,0.4088726388383625,avg_ssm_avg_ndvi,IN-10-0538,2,avg_ssm_z,avg_ndvi_z,,,,,,,,,,,,,,
10,0.2766510635629888,0.5015507501309326,avg_ssm_avg_ndvi,IN-10-0538,2,avg_ssm_z,avg_ndvi_z,,,,,,,,,,,,,,
6,0.49316579423315704,0.3803677129528738,avg_ssm_avg_ndvi,IN-10-0539,2,avg_ssm_z,avg_ndvi_z,,,,,,,,,,,,,,
10,0.42098326724616664,0.4873023401328872,avg_ssm_avg_ndvi,IN-10-0539,2,avg_ssm_z,avg_ndvi_z,,,,,,,,,,,,,,
6,-0.20428515954806553,0.3622335579121382,avg_ssm_avg_ndvi,IN-10-1020,2,avg_ssm_z,avg_ndvi_z,,,,,,,,,,,,,,
10,-0.24178415893863997,0.6092841460764313,avg_ssm_avg_ndvi,IN-10-1020,2,avg_ssm_z,avg_ndvi_z,,,,,,,,,,,,,,
6,-0.1663459217778831,0.11381861049605453,avg_ssm_avg_ndvi,IN-10-2012,2,avg_ssm_z,avg_ndvi_z,,,,,,,,,,,,,,
6,0.604311263227122,0.3526587297148432,avg_ssm_avg_ndvi,IN-12-0189,2,avg_ssm_z,avg_ndvi_z,,,,,,,,,,,,,,
10,0.4624919906400451,0.4336447506382271,avg_ssm_avg_ndvi,IN-12-0189,2,avg_ssm_z,avg_ndvi_z,,,,,,,,,,,,,,
6,0.6459328145152375,0.4965294264695791,avg_ssm_avg_ndvi,IN-12-0190,2,avg_ssm_z,avg_ndvi_z,,,,,,,,,,,,,,
10,0.6452490117929421,0.5860508652736309,avg_ssm_avg_ndvi,IN-12-0190,2,avg_ssm_z,avg_ndvi_z,,,,,,,,,,,,,,
6,0.0942738021667966,0.08591056807412387,avg_ssm_avg_ndvi,IN-12-0191,2,avg_ssm_z,avg_ndvi_z,,,,,,,,,,,,,,
10,0.039038434689574505,0.22137959814102487,avg_ssm_avg_ndvi,IN-12-0191,2,avg_ssm_z,avg_ndvi_z,,,,,,,,,,,,,,
6,0.3920992998167507,0.15730099325379537,avg_ssm_avg_ndvi,IN-12-0192,2,avg_ssm_z,avg_ndvi_z,,,,,,,,,,,,,,
10,0.4057606429337673,0.2733940544383227,avg_ssm_avg_ndvi,IN-12-0192,2,avg_ssm_z,avg_ndvi_z,,,,,,,,,,,,,,
6,0.024752012090605263,-0.37911817602003695,avg_ssm_avg_ndvi,IN-12-0193,2,avg_ssm_z,avg_ndvi_z,,,,,,,,,,,,,,
10,0.03279839914778197,-0.3738680794679237,avg_ssm_avg_ndvi,IN-12-0193,2,avg_ssm_z,avg_ndvi_z,,,,,,,,,,,,,,
6,0.34381396843140327,0.18590771302805714,avg_ssm_avg_ndvi,IN-12-0194,2,avg_ssm_z,avg_ndvi_z,,,,,,,,,,,,,,
10,0.4623804787195881,0.31232917147078676,avg_ssm_avg_ndvi,IN-12-0194,2,avg_ssm_z,avg_ndvi_z,,,,,,,,,,,,,,
6,0.26152665387500945,0.12113973467790362,avg_ssm_avg_ndvi,IN-12-0195,2,avg_ssm_z,avg_ndvi_z,,,,,,,,,,,,,,
10,0.4796991404387688,0.1538616257559701,avg_ssm_avg_ndvi,IN-12-0195,2,avg_ssm_z,avg_ndvi_z,,,,,,,,,,,,,,
6,0.14361007785370639,0.0489918819591065,avg_ssm_avg_ndvi,IN-12-0196,2,avg_ssm_z,avg_ndvi_z,,,,,,,,,,,,,,
10,0.17396032419923993,0.30433222081479994,avg_ssm_avg_ndvi,IN-12-0196,2,avg_ssm_z,avg_ndvi_z,,,,,,,,,,,,,,
6,0.017160920630693383,0.26947404696492316,avg_ssm_avg_ndvi,IN-12-0197,2,avg_ssm_z,avg_ndvi_z,,,,,,,,,,,,,,
10,0.13267266248902684,0.3698261861281799,avg_ssm_avg_ndvi,IN-12-0197,2,avg_ssm_z,avg_ndvi_z,,,,,,,,,,,,,,
6,0.31671323505682153,0.236776649221574,avg_ssm_avg_ndvi,IN-12-0198,2,avg_ssm_z,avg_ndvi_z,,,,,,,,,,,,,,
10,0.42451522363374644,0.2219249004587161,avg_ssm_avg_ndvi,IN-12-0198,2,avg_ssm_z,avg_ndvi_z,,,,,,,,,,,,,,
6,0.15454167358447474,0.5447456141750295,avg_ssm_avg_ndvi,IN-12-0199,2,avg_ssm_z,avg_ndvi_z,,,,,,,,,,,,,,
10,0.05076822545393245,0.6245517623529637,avg_ssm_avg_ndvi,IN-12-0199,2,avg_ssm_z,avg_ndvi_z,,,,,,,,,,,,,,
6,-0.06986524624462909,0.15268911565988075,avg_ssm_avg_ndvi,IN-12-0200,2,avg_ssm_z,avg_ndvi_z,,,,,,,,,,,,,,
10,0.053071856014641886,0.3792241903625128,avg_ssm_avg_ndvi,IN-12-0200,2,avg_ssm_z,avg_ndvi_z,,,,,,,,,,,,,,
6,0.4536668818381406,0.5805175331924739,avg_ssm_avg_ndvi,IN-12-0201,2,avg_ssm_z,avg_ndvi_z,,,,,,,,,,,,,,
10,0.4006316556817883,0.5559773179313964,avg_ssm_avg_ndvi,IN-12-0201,2,avg_ssm_z,avg_ndvi_z,,,,,,,,,,,,,,
6,0.05006362318173506,0.4587443107304109,avg_ssm_avg_ndvi,IN-12-0202,2,avg_ssm_z,avg_ndvi_z,,,,,,,,,,,,,,
10,-0.12965795090939106,0.651569952162867,avg_ssm_avg_ndvi,IN-12-0202,2,avg_ssm_z,avg_ndvi_z,,,,,,,,,,,,,,
6,0.05301215418359754,0.7007331300823576,avg_ssm_avg_ndvi,IN-12-0203,2,avg_ssm_z,avg_ndvi_z,,,,,,,,,,,,,,
10,0.04221801193903837,0.7500714015674343,avg_ssm_avg_ndvi,IN-12-0203,2,avg_ssm_z,avg_ndvi_z,,,,,,,,,,,,,,
6,0.14326232657531546,0.6044269633116706,avg_ssm_avg_ndvi,IN-12-0204,2,avg_ssm_z,avg_ndvi_z,,,,,,,,,,,,,,
10,0.0917023580713254,0.7113980064713451,avg_ssm_avg_ndvi,IN-12-0204,2,avg_ssm_z,avg_ndvi_z,,,,,,,,,,,,,,
6,0.2687842752763594,0.5455531580231693,avg_ssm_avg_ndvi,IN-12-0205,2,avg_ssm_z,avg_ndvi_z,,,,,,,,,,,,,,
10,0.2281113955166958,0.6077702382310937,avg_ssm_avg_ndvi,IN-12-0205,2,avg_ssm_z,avg_ndvi_z,,,,,,,,,,,,,,
6,-0.25563818306908015,-0.21563550647688134,avg_ssm_avg_ndvi,IN-12-0206,2,avg_ssm_z,avg_ndvi_z,,,,,,,,,,,,,,
10,-0.30776331668507756,-0.02507304022535247,avg_ssm_avg_ndvi,IN-12-0206,2,avg_ssm_z,avg_ndvi_z,,,,,,,,,,,,,,
6,-0.1832438172062544,0.35975380606260543,avg_ssm_avg_ndvi,IN-12-0207,2,avg_ssm_z,avg_ndvi_z,,,,,,,,,,,,,,
10,-0.18275808924429132,0.4324292454112545,avg_ssm_avg_ndvi,IN-12-0207,2,avg_ssm_z,avg_ndvi_z,,,,,,,,,,,,,,
6,-0.20080453616220856,-0.5784380658276749,avg_ssm_avg_ndvi,IN-12-0209,2,avg_ssm_z,avg_ndvi_z,,,,,,,,,,,,,,
10,-0.27920815513710656,-0.5036604772782535,avg_ssm_avg_ndvi,IN-12-0209,2,avg_ssm_z,avg_ndvi_z,,,,,,,,,,,,,,
6,-0.45894955996500136,-0.06603470344779039,avg_ssm_avg_ndvi,IN-12-0210,2,avg_ssm_z,avg_ndvi_z,,,,,,,,,,,,,,
10,-0.492636113398291,0.0196985359395967,avg_ssm_avg_ndvi,IN-12-0210,2,avg_ssm_z,avg_ndvi_z,,,,,,,,,,,,,,
6,-0.2770189239349301,-0.5680148304450283,avg_ssm_avg_ndvi,IN-12-0211,2,avg_ssm_z,avg_ndvi_z,,,,,,,,,,,,,,
10,-0.5728647754684294,-0.636987961609578,avg_ssm_avg_ndvi,IN-12-0211,2,avg_ssm_z,avg_ndvi_z,,,,,,,,,,,,,,
6,-0.2357581433973416,-0.31843796939390423,avg_ssm_avg_ndvi,IN-12-0212,2,avg_ssm_z,avg_ndvi_z,,,,,,,,,,,,,,
10,-0.29311665748992966,-0.17680606653239261,avg_ssm_avg_ndvi,IN-12-0212,2,avg_ssm_z,avg_ndvi_z,,,,,,,,,,,,,,
6,-0.47278826423163894,-0.3540250087468288,avg_ssm_avg_ndvi,IN-12-0213,2,avg_ssm_z,avg_ndvi_z,,,,,,,,,,,,,,
10,-0.5397043823332706,-0.43316006747499197,avg_ssm_avg_ndvi,IN-12-0213,2,avg_ssm_z,avg_ndvi_z,,,,,,,,,,,,,,
6,-0.21745826994857248,-0.47872252930214465,avg_ssm_avg_ndvi,IN-12-0214,2,avg_ssm_z,avg_ndvi_z,,,,,,,,,,,,,,
10,-0.22610496831035848,-0.4485651285536784,avg_ssm_avg_ndvi,IN-12-0214,2,avg_ssm_z,avg_ndvi_z,,,,,,,,,,,,,,
6,-0.10470423583453745,-0.08123541414321486,avg_ssm_avg_ndvi,IN-12-0215,2,avg_ssm_z,avg_ndvi_z,,,,,,,,,,,,,,
10,-0.05930585667278736,0.0882344174800315,avg_ssm_avg_ndvi,IN-12-0215,2,avg_ssm_z,avg_ndvi_z,,,,,,,,,,,,,,
6,-0.3981284094165388,-0.10445918891054431,avg_ssm_avg_ndvi,IN-12-0216,2,avg_ssm_z,avg_ndvi_z,,,,,,,,,,,,,,
10,-0.38055905187532735,0.11646692816702484,avg_ssm_avg_ndvi,IN-12-0216,2,avg_ssm_z,avg_ndvi_z,,,,,,,,,,,,,,
6,-0.2750589633932218,-0.3554848412136434,avg_ssm_avg_ndvi,IN-12-0217,2,avg_ssm_z,avg_ndvi_z,,,,,,,,,,,,,,
10,-0.4481551127539071,-0.35357890861482355,avg_ssm_avg_ndvi,IN-12-0217,2,avg_ssm_z,avg_ndvi_z,,,,,,,,,,,,,,
6,-0.4097752161490549,-0.16121806415168743,avg_ssm_avg_ndvi,IN-12-0218,2,avg_ssm_z,avg_ndvi_z,,,,,,,,,,,,,,
10,-0.4523646983788832,-0.18779102485067609,avg_ssm_avg_ndvi,IN-12-0218,2,avg_ssm_z,avg_ndvi_z,,,,,,,,,,,,,,
6,0.27770537937276474,-0.24089003729998648,avg_ssm_avg_ndvi,IN-12-0219,2,avg_ssm_z,avg_ndvi_z,,,,,,,,,,,,,,
10,0.1945686629353744,-0.19615375083157977,avg_ssm_avg_ndvi,IN-12-0219,2,avg_ssm_z,avg_ndvi_z,,,,,,,,,,,,,,
6,0.17837767590002146,0.1316604591480039,avg_ssm_avg_ndvi,IN-12-0220,2,avg_ssm_z,avg_ndvi_z,,,,,,,,,,,,,,
10,0.29488269739411954,0.19206029561769128,avg_ssm_avg_ndvi,IN-12-0220,2,avg_ssm_z,avg_ndvi_z,,,,,,,,,,,,,,
6,-0.2335587762983305,-0.19135302145356806,avg_ssm_avg_ndvi,IN-12-0221,2,avg_ssm_z,avg_ndvi_z,,,,,,,,,,,,,,
10,-0.2124691604503754,-0.4606166111083863,avg_ssm_avg_ndvi,IN-12-0221,2,avg_ssm_z,avg_ndvi_z,,,,,,,,,,,,,,
6,-0.010887877761475978,0.06513981612293923,avg_ssm_avg_ndvi,IN-12-0222,2,avg_ssm_z,avg_ndvi_z,,,,,,,,,,,,,,
10,0.08707205687082878,-0.07534483106548759,avg_ssm_avg_ndvi,IN-12-0222,2,avg_ssm_z,avg_ndvi_z,,,,,,,,,,,,,,
6,-0.4352523450546628,-0.32999102527647206,avg_ssm_avg_ndvi,IN-12-0223,2,avg_ssm_z,avg_ndvi_z,,,,,,,,,,,,,,
10,-0.5332513152619411,-0.45325038100136716,avg_ssm_avg_ndvi,IN-12-0223,2,avg_ssm_z,avg_ndvi_z,,,,,,,,,,,,,,
6,-0.4650001428306381,-0.0839905844961284,avg_ssm_avg_ndvi,IN-12-0224,2,avg_ssm_z,avg_ndvi_z,,,,,,,,,,,,,,
10,-0.5234939561491452,0.1834940549079822,avg_ssm_avg_ndvi,IN-12-0224,2,avg_ssm_z,avg_ndvi_z,,,,,,,,,,,,,,
6,-0.2049357335188387,-0.13571778872744286,avg_ssm_avg_ndvi,IN-12-0225,2,avg_ssm_z,avg_ndvi_z,,,,,,,,,,,,,,
10,-0.3185880660935324,0.10356868737512345,avg_ssm_avg_ndvi,IN-12-0225,2,avg_ssm_z,avg_ndvi_z,,,,,,,,,,,,,,
6,-0.15297247533499844,0.001250346088964477,avg_ssm_avg_ndvi,IN-12-0226,2,avg_ssm_z,avg_ndvi_z,,,,,,,,,,,,,,
10,-0.3774530807036473,0.1238821502833749,avg_ssm_avg_ndvi,IN-12-0226,2,avg_ssm_z,avg_ndvi_z,,,,,,,,,,,,,,
6,-0.10938538797091324,-0.25731946762558555,avg_ssm_avg_ndvi,IN-12-0227,2,avg_ssm_z,avg_ndvi_z,,,,,,,,,,,,,,
10,-0.1397624844436562,-0.2929232472492712,avg_ssm_avg_ndvi,IN-12-0227,2,avg_ssm_z,avg_ndvi_z,,,,,,,,,,,,,,
6,-0.06341597565123003,0.3560781122343796,avg_ssm_avg_ndvi,IN-12-0228,2,avg_ssm_z,avg_ndvi_z,,,,,,,,,,,,,,
10,-0.012133299848100196,0.2299203641466841,avg_ssm_avg_ndvi,IN-12-0228,2,avg_ssm_z,avg_ndvi_z,,,,,,,,,,,,,,
6,0.13873849050760592,-0.23720558212230552,avg_ssm_avg_ndvi,IN-12-0229,2,avg_ssm_z,avg_ndvi_z,,,,,,,,,,,,,,
10,-0.021164589988727573,-0.11342845106480856,avg_ssm_avg_ndvi,IN-12-0229,2,avg_ssm_z,avg_ndvi_z,,,,,,,,,,,,,,
6,0.07106452097918983,0.5601889491932337,avg_ssm_avg_ndvi,IN-12-0230,2,avg_ssm_z,avg_ndvi_z,,,,,,,,,,,,,,
10,0.2601955821144039,0.6056510240114779,avg_ssm_avg_ndvi,IN-12-0230,2,avg_ssm_z,avg_ndvi_z,,,,,,,,,,,,,,
6,-0.4298042804683405,-0.3696726719296988,avg_ssm_avg_ndvi,IN-12-0231,2,avg_ssm_z,avg_ndvi_z,,,,,,,,,,,,,,
10,-0.3981611116299083,-0.02246910571026771,avg_ssm_avg_ndvi,IN-12-0231,2,avg_ssm_z,avg_ndvi_z,,,,,,,,,,,,,,
6,-0.3190848091036715,-0.12495786800263056,avg_ssm_avg_ndvi,IN-12-0232,2,avg_ssm_z,avg_ndvi_z,,,,,,,,,,,,,,
10,-0.4033060950065358,-0.06869868546141447,avg_ssm_avg_ndvi,IN-12-0232,2,avg_ssm_z,avg_ndvi_z,,,,,,,,,,,,,,
6,-0.2623470075416218,0.08219263918614964,avg_ssm_avg_ndvi,IN-12-0233,2,avg_ssm_z,avg_ndvi_z,,,,,,,,,,,,,,
10,-0.1386720083477708,0.09239739305559966,avg_ssm_avg_ndvi,IN-12-0233,2,avg_ssm_z,avg_ndvi_z,,,,,,,,,,,,,,
6,-0.5064406377031269,-0.16374182419885167,avg_ssm_avg_ndvi,IN-12-0234,2,avg_ssm_z,avg_ndvi_z,,,,,,,,,,,,,,
10,-0.6632356467555862,-0.029187735513519508,avg_ssm_avg_ndvi,IN-12-0234,2,avg_ssm_z,avg_ndvi_z,,,,,,,,,,,,,,
6,-0.3035745446861432,-0.26821814886934814,avg_ssm_avg_ndvi,IN-12-0235,2,avg_ssm_z,avg_ndvi_z,,,,,,,,,,,,,,
10,-0.4753028396906669,-0.2305826212233776,avg_ssm_avg_ndvi,IN-12-0235,2,avg_ssm_z,avg_ndvi_z,,,,,,,,,,,,,,
6,-0.19727019540587698,-0.39866878716849075,avg_ssm_avg_ndvi,IN-12-0236,2,avg_ssm_z,avg_ndvi_z,,,,,,,,,,,,,,
10,-0.1657386830581799,-0.5287551960228501,avg_ssm_avg_ndvi,IN-12-0236,2,avg_ssm_z,avg_ndvi_z,,,,,,,,,,,,,,
6,0.10703333567463427,0.015534678250310418,avg_ssm_avg_ndvi,IN-12-0528,2,avg_ssm_z,avg_ndvi_z,,,,,,,,,,,,,,
10,0.10402683355170095,-0.08150739819576966,avg_ssm_avg_ndvi,IN-12-0528,2,avg_ssm_z,avg_ndvi_z,,,,,,,,,,,,,,
6,-0.42537876157468374,-0.42938129718625995,avg_ssm_avg_ndvi,IN-12-0529,2,avg_ssm_z,avg_ndvi_z,,,,,,,,,,,,,,
10,-0.45447796803952656,-0.21238303177673026,avg_ssm_avg_ndvi,IN-12-0529,2,avg_ssm_z,avg_ndvi_z,,,,,,,,,,,,,,
6,-0.3750278602360466,-0.22254990209221903,avg_ssm_avg_ndvi,IN-12-0530,2,avg_ssm_z,avg_ndvi_z,,,,,,,,,,,,,,
10,-0.3211433711332589,-0.1111899475316402,avg_ssm_avg_ndvi,IN-12-0530,2,avg_ssm_z,avg_ndvi_z,,,,,,,,,,,,,,
6,-0.3217397118705728,-0.20383347388427914,avg_ssm_avg_ndvi,IN-12-0531,2,avg_ssm_z,avg_ndvi_z,,,,,,,,,,,,,,
10,-0.44293756140268464,-0.1923287898307545,avg_ssm_avg_ndvi,IN-12-0531,2,avg_ssm_z,avg_ndvi_z,,,,,,,,,,,,,,
6,-0.2039446093423754,-0.07505953576058189,avg_ssm_avg_ndvi,IN-12-0532,2,avg_ssm_z,avg_ndvi_z,,,,,,,,,,,,,,
10,-0.34145282889673323,0.19172470463727648,avg_ssm_avg_ndvi,IN-12-0532,2,avg_ssm_z,avg_ndvi_z,,,,,,,,,,,,,,
6,-0.044725146677135744,-0.25429623004915125,avg_ssm_avg_ndvi,IN-12-0533,2,avg_ssm_z,avg_ndvi_z,,,,,,,,,,,,,,
10,-0.14269521555900022,-0.500642720472576,avg_ssm_avg_ndvi,IN-12-0533,2,avg_ssm_z,avg_ndvi_z,,,,,,,,,,,,,,
6,-0.26843803660107307,0.030049700021168795,avg_ssm_avg_ndvi,IN-12-0547,2,avg_ssm_z,avg_ndvi_z,,,,,,,,,,,,,,
10,-0.34205766840904916,0.021387080540083436,avg_ssm_avg_ndvi,IN-12-0547,2,avg_ssm_z,avg_ndvi_z,,,,,,,,,,,,,,
6,-0.5022856550905266,-0.08061596853935199,avg_ssm_avg_ndvi,IN-12-0548,2,avg_ssm_z,avg_ndvi_z,,,,,,,,,,,,,,
10,-0.5559214863557722,-0.02688058341236508,avg_ssm_avg_ndvi,IN-12-0548,2,avg_ssm_z,avg_ndvi_z,,,,,,,,,,,,,,
6,-0.6000044340625854,-0.41527070117010156,avg_ssm_avg_ndvi,IN-12-1028,2,avg_ssm_z,avg_ndvi_z,,,,,,,,,,,,,,
10,-0.7407305270609965,-0.5566256226943753,avg_ssm_avg_ndvi,IN-12-1028,2,avg_ssm_z,avg_ndvi_z,,,,,,,,,,,,,,
6,0.028199852295444937,-0.23451749992189233,avg_ssm_avg_ndvi,IN-12-1029,2,avg_ssm_z,avg_ndvi_z,,,,,,,,,,,,,,
10,0.08498269447417083,-0.19845892154011285,avg_ssm_avg_ndvi,IN-12-1029,2,avg_ssm_z,avg_ndvi_z,,,,,,,,,,,,,,
6,-0.3760976309033838,0.0677493373868928,avg_ssm_avg_ndvi,IN-12-1031,2,avg_ssm_z,avg_ndvi_z,,,,,,,,,,,,,,
10,-0.3821666990202236,0.19597408671547747,avg_ssm_avg_ndvi,IN-12-1031,2,avg_ssm_z,avg_ndvi_z,,,,,,,,,,,,,,
6,0.052597826186942684,-0.4949617966944214,avg_ssm_avg_ndvi,IN-12-1033,2,avg_ssm_z,avg_ndvi_z,,,,,,,,,,,,,,
10,0.0851901184676949,-0.5067582041674719,avg_ssm_avg_ndvi,IN-12-1033,2,avg_ssm_z,avg_ndvi_z,,,,,,,,,,,,,,
6,-0.3968110264210801,0.13385426600099112,avg_ssm_avg_ndvi,IN-12-1034,2,avg_ssm_z,avg_ndvi_z,,,,,,,,,,,,,,
10,-0.3634920417097488,0.10292223433749212,avg_ssm_avg_ndvi,IN-12-1034,2,avg_ssm_z,avg_ndvi_z,,,,,,,,,,,,,,
6,-0.2721500252034047,0.06941818711438744,avg_ssm_avg_ndvi,IN-12-1036,2,avg_ssm_z,avg_ndvi_z,,,,,,,,,,,,,,
10,-0.16727575358436844,0.0036426746050986906,avg_ssm_avg_ndvi,IN-12-1036,2,avg_ssm_z,avg_ndvi_z,,,,,,,,,,,,,,
6,0.14314980926567514,0.3562303989684875,avg_ssm_avg_ndvi,IN-12-1037,2,avg_ssm_z,avg_ndvi_z,,,,,,,,,,,,,,
10,0.06468048697934817,0.4343594932309256,avg_ssm_avg_ndvi,IN-12-1037,2,avg_ssm_z,avg_ndvi_z,,,,,,,,,,,,,,
6,0.04261779353134976,-0.38752885559322875,avg_ssm_avg_ndvi,IN-12-1038,2,avg_ssm_z,avg_ndvi_z,,,,,,,,,,,,,,
10,0.01145772321137703,-0.606180042623182,avg_ssm_avg_ndvi,IN-12-1038,2,avg_ssm_z,avg_ndvi_z,,,,,,,,,,,,,,
6,-0.0035677177208729206,0.17114353318633851,avg_ssm_avg_ndvi,IN-12-1039,2,avg_ssm_z,avg_ndvi_z,,,,,,,,,,,,,,
10,0.06527531230572726,0.21284105910043608,avg_ssm_avg_ndvi,IN-12-1039,2,avg_ssm_z,avg_ndvi_z,,,,,,,,,,,,,,
6,0.46729071349364837,0.5775779773145722,avg_ssm_avg_ndvi,IN-12-1040,2,avg_ssm_z,avg_ndvi_z,,,,,,,,,,,,,,
10,0.48648674340204545,0.6502575551346038,avg_ssm_avg_ndvi,IN-12-1040,2,avg_ssm_z,avg_ndvi_z,,,,,,,,,,,,,,
6,-0.16479033062296686,0.04649095115728528,avg_ssm_avg_ndvi,IN-12-1041,2,avg_ssm_z,avg_ndvi_z,,,,,,,,,,,,,,
10,-0.24300356877233759,0.10464164280521918,avg_ssm_avg_ndvi,IN-12-1041,2,avg_ssm_z,avg_ndvi_z,,,,,,,,,,,,,,
6,-0.36553004493589214,-0.45843279529776887,avg_ssm_avg_ndvi,IN-12-1042,2,avg_ssm_z,avg_ndvi_z,,,,,,,,,,,,,,
10,-0.5142467701034862,-0.3406340807860368,avg_ssm_avg_ndvi,IN-12-1042,2,avg_ssm_z,avg_ndvi_z,,,,,,,,,,,,,,
6,-0.4397028607127577,-0.3169329577010526,avg_ssm_avg_ndvi,IN-12-1044,2,avg_ssm_z,avg_ndvi_z,,,,,,,,,,,,,,
10,-0.5795900159297981,-0.5433243076414076,avg_ssm_avg_ndvi,IN-12-1044,2,avg_ssm_z,avg_ndvi_z,,,,,,,,,,,,,,
6,-0.06565596986511457,-0.17012397786154718,avg_ssm_avg_ndvi,IN-12-1045,2,avg_ssm_z,avg_ndvi_z,,,,,,,,,,,,,,
10,-0.2522647256679801,-0.2256429906880471,avg_ssm_avg_ndvi,IN-12-1045,2,avg_ssm_z,avg_ndvi_z,,,,,,,,,,,,,,
6,-0.34923698230037487,0.35010316818212384,avg_ssm_avg_ndvi,IN-12-1046,2,avg_ssm_z,avg_ndvi_z,,,,,,,,,,,,,,
10,-0.5398389464900912,0.34040635388282603,avg_ssm_avg_ndvi,IN-12-1046,2,avg_ssm_z,avg_ndvi_z,,,,,,,,,,,,,,
6,-0.45417127576482574,-0.3855799039603727,avg_ssm_avg_ndvi,IN-12-2013,2,avg_ssm_z,avg_ndvi_z,,,,,,,,,,,,,,
6,-0.21857119335014338,-0.23620973666868822,avg_ssm_avg_ndvi,IN-13-0801,2,avg_ssm_z,avg_ndvi_z,,,,,,,,,,,,,,
10,-0.2359388032786871,-0.25714857411685915,avg_ssm_avg_ndvi,IN-13-0801,2,avg_ssm_z,avg_ndvi_z,,,,,,,,,,,,,,
6,-0.30756056243510954,-0.2481084673272788,avg_ssm_avg_ndvi,IN-13-0802,2,avg_ssm_z,avg_ndvi_z,,,,,,,,,,,,,,
10,-0.48829133972647315,-0.3368268441179839,avg_ssm_avg_ndvi,IN-13-0802,2,avg_ssm_z,avg_ndvi_z,,,,,,,,,,,,,,
6,-0.23066879597515225,-0.19217562998462592,avg_ssm_avg_ndvi,IN-13-0803,2,avg_ssm_z,avg_ndvi_z,,,,,,,,,,,,,,
10,-0.14540711622747002,0.09323927172346616,avg_ssm_avg_ndvi,IN-13-0803,2,avg_ssm_z,avg_ndvi_z,,,,,,,,,,,,,,
6,-0.06509577773176387,0.2048669738980733,avg_ssm_avg_ndvi,IN-13-0804,2,avg_ssm_z,avg_ndvi_z,,,,,,,,,,,,,,
10,0.05083920949045133,0.45654403366495816,avg_ssm_avg_ndvi,IN-13-0804,2,avg_ssm_z,avg_ndvi_z,,,,,,,,,,,,,,
6,-0.24350178878385656,0.1274133612926816,avg_ssm_avg_ndvi,IN-13-0805,2,avg_ssm_z,avg_ndvi_z,,,,,,,,,,,,,,
10,-0.3882026904059243,-0.4564946187126754,avg_ssm_avg_ndvi,IN-13-0805,2,avg_ssm_z,avg_ndvi_z,,,,,,,,,,,,,,
6,-0.05279027424792708,-0.07674319696814921,avg_ssm_avg_ndvi,IN-13-0806,2,avg_ssm_z,avg_ndvi_z,,,,,,,,,,,,,,
10,-0.06081421341448294,-0.3190809461961413,avg_ssm_avg_ndvi,IN-13-0806,2,avg_ssm_z,avg_ndvi_z,,,,,,,,,,,,,,
6,0.17898032854773827,-0.25049576285405456,avg_ssm_avg_ndvi,IN-13-0807,2,avg_ssm_z,avg_ndvi_z,,,,,,,,,,,,,,
10,0.25733271915354144,-0.553632764385826,avg_ssm_avg_ndvi,IN-13-0807,2,avg_ssm_z,avg_ndvi_z,,,,,,,,,,,,,,
6,-0.3329471048078541,-0.26205759851296473,avg_ssm_avg_ndvi,IN-13-0810,2,avg_ssm_z,avg_ndvi_z,,,,,,,,,,,,,,
10,-0.5250623803618346,-0.4194265140763819,avg_ssm_avg_ndvi,IN-13-0810,2,avg_ssm_z,avg_ndvi_z,,,,,,,,,,,,,,
6,0.10332040602047332,-0.10880703319312686,avg_ssm_avg_ndvi,IN-13-0814,2,avg_ssm_z,avg_ndvi_z,,,,,,,,,,,,,,
10,0.24562113402432262,-0.11811031997620103,avg_ssm_avg_ndvi,IN-13-0814,2,avg_ssm_z,avg_ndvi_z,,,,,,,,,,,,,,
6,0.07712536333500877,0.15800118377695951,avg_ssm_avg_ndvi,IN-13-0816,2,avg_ssm_z,avg_ndvi_z,,,,,,,,,,,,,,
10,0.16193951809527135,0.10847131050438899,avg_ssm_avg_ndvi,IN-13-0816,2,avg_ssm_z,avg_ndvi_z,,,,,,,,,,,,,,
6,-0.4129625572119745,-0.36385239995069457,avg_ssm_avg_ndvi,IN-13-0817,2,avg_ssm_z,avg_ndvi_z,,,,,,,,,,,,,,
10,-0.3388240888450526,-0.3047609460624237,avg_ssm_avg_ndvi,IN-13-0817,2,avg_ssm_z,avg_ndvi_z,,,,,,,,,,,,,,
6,0.11762213145372007,0.0687769737056274,avg_ssm_avg_ndvi,IN-13-0819,2,avg_ssm_z,avg_ndvi_z,,,,,,,,,,,,,,
10,0.09983136785570006,0.2596548316205469,avg_ssm_avg_ndvi,IN-13-0819,2,avg_ssm_z,avg_ndvi_z,,,,,,,,,,,,,,
6,0.012202846745817892,-0.07233945221296716,avg_ssm_avg_ndvi,IN-13-0820,2,avg_ssm_z,avg_ndvi_z,,,,,,,,,,,,,,
10,0.13512163284499473,0.2628756167189935,avg_ssm_avg_ndvi,IN-13-0820,2,avg_ssm_z,avg_ndvi_z,,,,,,,,,,,,,,
6,0.07690431552770176,-0.13657498722565753,avg_ssm_avg_ndvi,IN-13-0824,2,avg_ssm_z,avg_ndvi_z,,,,,,,,,,,,,,
10,0.1218602359287098,-0.14197118236567632,avg_ssm_avg_ndvi,IN-13-0824,2,avg_ssm_z,avg_ndvi_z,,,,,,,,,,,,,,
6,-0.3035967268082553,0.06380948354932625,avg_ssm_avg_ndvi,IN-14-0001,2,avg_ssm_z,avg_ndvi_z,,,,,,,,,,,,,,
10,-0.3541288012850474,-0.034595511073841304,avg_ssm_avg_ndvi,IN-14-0001,2,avg_ssm_z,avg_ndvi_z,,,,,,,,,,,,,,
6,-0.3826101690752063,-0.2422609316592499,avg_ssm_avg_ndvi,IN-14-0002,2,avg_ssm_z,avg_ndvi_z,,,,,,,,,,,,,,
10,-0.396139244004143,-0.10416360925977453,avg_ssm_avg_ndvi,IN-14-0002,2,avg_ssm_z,avg_ndvi_z,,,,,,,,,,,,,,
6,-0.09424408537224953,0.1212834052997835,avg_ssm_avg_ndvi,IN-14-0003,2,avg_ssm_z,avg_ndvi_z,,,,,,,,,,,,,,
10,-0.2829965328393611,0.12219744188618889,avg_ssm_avg_ndvi,IN-14-0003,2,avg_ssm_z,avg_ndvi_z,,,,,,,,,,,,,,
6,0.3518532972136167,-0.009347512190076523,avg_ssm_avg_ndvi,IN-14-0004,2,avg_ssm_z,avg_ndvi_z,,,,,,,,,,,,,,
10,0.2722267611661135,-0.14219738224563588,avg_ssm_avg_ndvi,IN-14-0004,2,avg_ssm_z,avg_ndvi_z,,,,,,,,,,,,,,
6,0.2874001881123514,-0.03191104022951843,avg_ssm_avg_ndvi,IN-14-0005,2,avg_ssm_z,avg_ndvi_z,,,,,,,,,,,,,,
10,0.14161817346755268,-0.3228140641135263,avg_ssm_avg_ndvi,IN-14-0005,2,avg_ssm_z,avg_ndvi_z,,,,,,,,,,,,,,
6,-0.10517296127411395,-0.18023104752971011,avg_ssm_avg_ndvi,IN-14-0006,2,avg_ssm_z,avg_ndvi_z,,,,,,,,,,,,,,
10,-0.2797565017980868,-0.4217379259000504,avg_ssm_avg_ndvi,IN-14-0006,2,avg_ssm_z,avg_ndvi_z,,,,,,,,,,,,,,
6,-0.37402310674597083,-0.21110941133487354,avg_ssm_avg_ndvi,IN-14-0501,2,avg_ssm_z,avg_ndvi_z,,,,,,,,,,,,,,
10,-0.43992288793833934,-0.2614742841798653,avg_ssm_avg_ndvi,IN-14-0501,2,avg_ssm_z,avg_ndvi_z,,,,,,,,,,,,,,
6,-0.4300712074004351,-0.09210707800412829,avg_ssm_avg_ndvi,IN-14-1055,2,avg_ssm_z,avg_ndvi_z,,,,,,,,,,,,,,
10,-0.24950167352421943,0.14417019946636328,avg_ssm_avg_ndvi,IN-14-1055,2,avg_ssm_z,avg_ndvi_z,,,,,,,,,,,,,,
6,-0.3103448630929363,-0.2255525549098331,avg_ssm_avg_ndvi,IN-14-1056,2,avg_ssm_z,avg_ndvi_z,,,,,,,,,,,,,,
10,-0.20608024859608168,-0.2492931406352227,avg_ssm_avg_ndvi,IN-14-1056,2,avg_ssm_z,avg_ndvi_z,,,,,,,,,,,,,,
6,-0.012713109630557815,-0.3988007419275806,avg_ssm_avg_ndvi,IN-14-1059,2,avg_ssm_z,avg_ndvi_z,,,,,,,,,,,,,,
10,-0.0701176809954704,-0.45558670860712647,avg_ssm_avg_ndvi,IN-14-1059,2,avg_ssm_z,avg_ndvi_z,,,,,,,,,,,,,,
6,0.18128381270382715,-0.1726159807295554,avg_ssm_avg_ndvi,IN-14-1065,2,avg_ssm_z,avg_ndvi_z,,,,,,,,,,,,,,
10,0.21817045604910104,-0.17882289484999098,avg_ssm_avg_ndvi,IN-14-1065,2,avg_ssm_z,avg_ndvi_z,,,,,,,,,,,,,,
6,-0.37280605894779983,-0.09912861842807819,avg_ssm_avg_ndvi,IN-14-1066,2,avg_ssm_z,avg_ndvi_z,,,,,,,,,,,,,,
10,-0.5950375195589105,-0.36868051841763555,avg_ssm_avg_ndvi,IN-14-1066,2,avg_ssm_z,avg_ndvi_z,,,,,,,,,,,,,,
6,0.2500662307176257,-0.24075093988869617,avg_ssm_avg_ndvi,IN-14-1067,2,avg_ssm_z,avg_ndvi_z,,,,,,,,,,,,,,
10,0.26699235266789095,-0.2770191643109931,avg_ssm_avg_ndvi,IN-14-1067,2,avg_ssm_z,avg_ndvi_z,,,,,,,,,,,,,,
6,0.2029255793486561,-0.20526590952090693,avg_ssm_avg_ndvi,IN-14-1068,2,avg_ssm_z,avg_ndvi_z,,,,,,,,,,,,,,
10,0.21298280013236726,-0.2609455701261795,avg_ssm_avg_ndvi,IN-14-1068,2,avg_ssm_z,avg_ndvi_z,,,,,,,,,,,,,,
6,-0.2588582738138544,-0.2743812849258386,avg_ssm_avg_ndvi,IN-14-1069,2,avg_ssm_z,avg_ndvi_z,,,,,,,,,,,,,,
10,0.033819324044563226,-0.5077554934857493,avg_ssm_avg_ndvi,IN-14-1069,2,avg_ssm_z,avg_ndvi_z,,,,,,,,,,,,,,
6,-0.3273928142363968,-0.3490292556568623,avg_ssm_avg_ndvi,IN-14-1070,2,avg_ssm_z,avg_ndvi_z,,,,,,,,,,,,,,
10,-0.3174849019403363,-0.3049994624721616,avg_ssm_avg_ndvi,IN-14-1070,2,avg_ssm_z,avg_ndvi_z,,,,,,,,,,,,,,
6,-0.436772748869215,-0.2786208966873347,avg_ssm_avg_ndvi,IN-14-2015,2,avg_ssm_z,avg_ndvi_z,,,,,,,,,,,,,,
6,-0.06230255480503251,-0.42261009407940175,avg_ssm_avg_ndvi,IN-15-0910,2,avg_ssm_z,avg_ndvi_z,,,,,,,,,,,,,,
10,0.09691882505667304,-0.41494368246874896,avg_ssm_avg_ndvi,IN-15-0910,2,avg_ssm_z,avg_ndvi_z,,,,,,,,,,,,,,
6,0.17090757338544202,-0.206902495482204,avg_ssm_avg_ndvi,IN-15-0913,2,avg_ssm_z,avg_ndvi_z,,,,,,,,,,,,,,
10,0.3799038099232381,-0.12085698602228004,avg_ssm_avg_ndvi,IN-15-0913,2,avg_ssm_z,avg_ndvi_z,,,,,,,,,,,,,,
6,-0.35602698865377536,-0.15021190490278666,avg_ssm_avg_ndvi,IN-15-0914,2,avg_ssm_z,avg_ndvi_z,,,,,,,,,,,,,,
10,-0.3422656916341996,-0.13442418441859783,avg_ssm_avg_ndvi,IN-15-0914,2,avg_ssm_z,avg_ndvi_z,,,,,,,,,,,,,,
6,0.26899926684491615,0.18459786648104587,avg_ssm_avg_ndvi,IN-15-0915,2,avg_ssm_z,avg_ndvi_z,,,,,,,,,,,,,,
10,0.40927528959356796,0.40831388766763554,avg_ssm_avg_ndvi,IN-15-0915,2,avg_ssm_z,avg_ndvi_z,,,,,,,,,,,,,,
6,-0.15059567637352061,0.003752545326763013,avg_ssm_avg_ndvi,IN-15-0916,2,avg_ssm_z,avg_ndvi_z,,,,,,,,,,,,,,
10,-0.19470892954856264,0.39111354723688585,avg_ssm_avg_ndvi,IN-15-0916,2,avg_ssm_z,avg_ndvi_z,,,,,,,,,,,,,,
6,0.10088746105178492,-0.2079438506900134,avg_ssm_avg_ndvi,IN-15-0933,2,avg_ssm_z,avg_ndvi_z,,,,,,,,,,,,,,
10,0.41055912467175093,-0.3072488136282381,avg_ssm_avg_ndvi,IN-15-0933,2,avg_ssm_z,avg_ndvi_z,,,,,,,,,,,,,,
6,-0.20920982381470493,-0.062397377078641625,avg_ssm_avg_ndvi,IN-15-0937,2,avg_ssm_z,avg_ndvi_z,,,,,,,,,,,,,,
10,0.0366271262012672,-0.09701966084879465,avg_ssm_avg_ndvi,IN-15-0937,2,avg_ssm_z,avg_ndvi_z,,,,,,,,,,,,,,
6,-0.47573533370103094,-0.5789729012454149,avg_ssm_avg_ndvi,IN-15-0938,2,avg_ssm_z,avg_ndvi_z,,,,,,,,,,,,,,
10,-0.6313027044921646,-0.6759714951223749,avg_ssm_avg_ndvi,IN-15-0938,2,avg_ssm_z,avg_ndvi_z,,,,,,,,,,,,,,
6,0.06913315319720217,-0.37273523942497927,avg_ssm_avg_ndvi,IN-15-0940,2,avg_ssm_z,avg_ndvi_z,,,,,,,,,,,,,,
10,0.11968449959750024,-0.41815006963963414,avg_ssm_avg_ndvi,IN-15-0940,2,avg_ssm_z,avg_ndvi_z,,,,,,,,,,,,,,
6,-0.3346021674499707,-0.4344209837369937,avg_ssm_avg_ndvi,IN-15-0941,2,avg_ssm_z,avg_ndvi_z,,,,,,,,,,,,,,
10,-0.2836247949137576,-0.5428578180362962,avg_ssm_avg_ndvi,IN-15-0941,2,avg_ssm_z,avg_ndvi_z,,,,,,,,,,,,,,
6,-0.3870280653533297,-0.5251799848842137,avg_ssm_avg_ndvi,IN-15-0942,2,avg_ssm_z,avg_ndvi_z,,,,,,,,,,,,,,
10,-0.35376056903135245,-0.4939336178610273,avg_ssm_avg_ndvi,IN-15-0942,2,avg_ssm_z,avg_ndvi_z,,,,,,,,,,,,,,
6,0.2066946484283942,-0.4720620275007447,avg_ssm_avg_ndvi,IN-15-0943,2,avg_ssm_z,avg_ndvi_z,,,,,,,,,,,,,,
10,0.15224518620617852,-0.7736190657443456,avg_ssm_avg_ndvi,IN-15-0943,2,avg_ssm_z,avg_ndvi_z,,,,,,,,,,,,,,
6,0.054680205085921973,0.07796669163424749,avg_ssm_avg_ndvi,IN-15-0944,2,avg_ssm_z,avg_ndvi_z,,,,,,,,,,,,,,
10,0.1139191454792923,0.3410514034074318,avg_ssm_avg_ndvi,IN-15-0944,2,avg_ssm_z,avg_ndvi_z,,,,,,,,,,,,,,
6,0.04582796551098013,0.17488427903392365,avg_ssm_avg_ndvi,IN-15-0952,2,avg_ssm_z,avg_ndvi_z,,,,,,,,,,,,,,
10,0.05757918707790307,0.3167582639893834,avg_ssm_avg_ndvi,IN-15-0952,2,avg_ssm_z,avg_ndvi_z,,,,,,,,,,,,,,
6,-0.24908293109471608,-0.18754384926406523,avg_ssm_avg_ndvi,IN-15-0953,2,avg_ssm_z,avg_ndvi_z,,,,,,,,,,,,,,
10,-0.3472112001668457,-0.2820104293226226,avg_ssm_avg_ndvi,IN-15-0953,2,avg_ssm_z,avg_ndvi_z,,,,,,,,,,,,,,
6,0.04907531749208449,0.23640813093780091,avg_ssm_avg_ndvi,IN-15-0954,2,avg_ssm_z,avg_ndvi_z,,,,,,,,,,,,,,
10,0.10938824420495534,0.3725416298936115,avg_ssm_avg_ndvi,IN-15-0954,2,avg_ssm_z,avg_ndvi_z,,,,,,,,,,,,,,
6,0.249059104653443,-0.294072830533686,avg_ssm_avg_ndvi,IN-15-0955,2,avg_ssm_z,avg_ndvi_z,,,,,,,,,,,,,,
10,0.45804428729941815,-0.35325895667591933,avg_ssm_avg_ndvi,IN-15-0955,2,avg_ssm_z,avg_ndvi_z,,,,,,,,,,,,,,
6,-0.39786834953102124,-0.1956301404755508,avg_ssm_avg_ndvi,IN-15-0957,2,avg_ssm_z,avg_ndvi_z,,,,,,,,,,,,,,
10,-0.4209926874079836,-0.1645307243109991,avg_ssm_avg_ndvi,IN-15-0957,2,avg_ssm_z,avg_ndvi_z,,,,,,,,,,,,,,
6,0.10297915220912571,-0.047260499572302425,avg_ssm_avg_ndvi,IN-15-0962,2,avg_ssm_z,avg_ndvi_z,,,,,,,,,,,,,,
10,0.046692728593369315,0.003014656182363312,avg_ssm_avg_ndvi,IN-15-0962,2,avg_ssm_z,avg_ndvi_z,,,,,,,,,,,,,,
6,-0.07854487386527506,0.319301249698137,avg_ssm_avg_ndvi,IN-15-0963,2,avg_ssm_z,avg_ndvi_z,,,,,,,,,,,,,,
10,0.09861587814062026,0.6849738298351401,avg_ssm_avg_ndvi,IN-15-0963,2,avg_ssm_z,avg_ndvi_z,,,,,,,,,,,,,,
6,-0.1885417315001313,-0.10961943162708199,avg_ssm_avg_ndvi,IN-15-0964,2,avg_ssm_z,avg_ndvi_z,,,,,,,,,,,,,,
10,-0.23252028614516845,0.16017382546268252,avg_ssm_avg_ndvi,IN-15-0964,2,avg_ssm_z,avg_ndvi_z,,,,,,,,,,,,,,
6,-0.1611597956278231,0.39193227017994686,avg_ssm_avg_ndvi,IN-15-0965,2,avg_ssm_z,avg_ndvi_z,,,,,,,,,,,,,,
10,0.09616093575739551,0.4344210315499003,avg_ssm_avg_ndvi,IN-15-0965,2,avg_ssm_z,avg_ndvi_z,,,,,,,,,,,,,,
6,-0.11844060074259148,0.5425181027697047,avg_ssm_avg_ndvi,IN-16-0237,2,avg_ssm_z,avg_ndvi_z,,,,,,,,,,,,,,
10,-0.11206660534939214,0.6697023223348997,avg_ssm_avg_ndvi,IN-16-0237,2,avg_ssm_z,avg_ndvi_z,,,,,,,,,,,,,,
6,-0.09991146740184417,-0.008461965357853618,avg_ssm_avg_ndvi,IN-16-0238,2,avg_ssm_z,avg_ndvi_z,,,,,,,,,,,,,,
10,-0.3183202358038876,-0.17612476236831326,avg_ssm_avg_ndvi,IN-16-0238,2,avg_ssm_z,avg_ndvi_z,,,,,,,,,,,,,,
6,-0.23883285029598764,-0.20194769278491892,avg_ssm_avg_ndvi,IN-16-0239,2,avg_ssm_z,avg_ndvi_z,,,,,,,,,,,,,,
10,-0.4597998285848529,-0.1825896109548623,avg_ssm_avg_ndvi,IN-16-0239,2,avg_ssm_z,avg_ndvi_z,,,,,,,,,,,,,,
6,0.021005277347094474,-0.16250789179949923,avg_ssm_avg_ndvi,IN-16-0240,2,avg_ssm_z,avg_ndvi_z,,,,,,,,,,,,,,
10,-0.08981533213415789,-0.2352752243669402,avg_ssm_avg_ndvi,IN-16-0240,2,avg_ssm_z,avg_ndvi_z,,,,,,,,,,,,,,
6,0.3435668003787334,-0.042292148432935786,avg_ssm_avg_ndvi,IN-16-0241,2,avg_ssm_z,avg_ndvi_z,,,,,,,,,,,,,,
10,0.29390651300219217,0.0053011315294613625,avg_ssm_avg_ndvi,IN-16-0241,2,avg_ssm_z,avg_ndvi_z,,,,,,,,,,,,,,
6,0.34131818648326234,0.5938763864869194,avg_ssm_avg_ndvi,IN-16-0242,2,avg_ssm_z,avg_ndvi_z,,,,,,,,,,,,,,
10,0.06083326332344209,0.663585812717729,avg_ssm_avg_ndvi,IN-16-0242,2,avg_ssm_z,avg_ndvi_z,,,,,,,,,,,,,,
6,0.2765005380845846,0.44060732928876495,avg_ssm_avg_ndvi,IN-16-0243,2,avg_ssm_z,avg_ndvi_z,,,,,,,,,,,,,,
10,0.23635480346961607,0.480565695803101,avg_ssm_avg_ndvi,IN-16-0243,2,avg_ssm_z,avg_ndvi_z,,,,,,,,,,,,,,
6,0.19735179798287056,0.3878098762288681,avg_ssm_avg_ndvi,IN-16-0244,2,avg_ssm_z,avg_ndvi_z,,,,,,,,,,,,,,
10,-0.10360748695545571,0.5906281667245963,avg_ssm_avg_ndvi,IN-16-0244,2,avg_ssm_z,avg_ndvi_z,,,,,,,,,,,,,,
6,0.5319299710671883,0.4091102553620115,avg_ssm_avg_ndvi,IN-16-0527,2,avg_ssm_z,avg_ndvi_z,,,,,,,,,,,,,,
10,0.38406658620519485,0.4632943062834542,avg_ssm_avg_ndvi,IN-16-0527,2,avg_ssm_z,avg_ndvi_z,,,,,,,,,,,,,,
6,0.3856492861821608,0.6909237359649091,avg_ssm_avg_ndvi,IN-16-1030,2,avg_ssm_z,avg_ndvi_z,,,,,,,,,,,,,,
10,0.38363237794727467,0.6701660731494203,avg_ssm_avg_ndvi,IN-16-1030,2,avg_ssm_z,avg_ndvi_z,,,,,,,,,,,,,,
6,0.0382117082806407,0.10766013208165719,avg_ssm_avg_ndvi,IN-16-1032,2,avg_ssm_z,avg_ndvi_z,,,,,,,,,,,,,,
10,-0.1041780007408254,0.1734687094474802,avg_ssm_avg_ndvi,IN-16-1032,2,avg_ssm_z,avg_ndvi_z,,,,,,,,,,,,,,
6,-0.1196124790190023,-0.4089347318641394,avg_ssm_avg_ndvi,IN-16-1043,2,avg_ssm_z,avg_ndvi_z,,,,,,,,,,,,,,
10,0.3652036220242401,-0.5200252313644315,avg_ssm_avg_ndvi,IN-16-1043,2,avg_ssm_z,avg_ndvi_z,,,,,,,,,,,,,,
6,-0.5802240187148981,-0.16789242047669667,avg_ssm_avg_ndvi,IN-17-0601,2,avg_ssm_z,avg_ndvi_z,,,,,,,,,,,,,,
10,-0.5139464204209966,0.18585163939737193,avg_ssm_avg_ndvi,IN-17-0601,2,avg_ssm_z,avg_ndvi_z,,,,,,,,,,,,,,
6,-0.14815074645171494,-0.27682540221690416,avg_ssm_avg_ndvi,IN-17-0602,2,avg_ssm_z,avg_ndvi_z,,,,,,,,,,,,,,
10,-0.4494835606822484,-0.3520578969904335,avg_ssm_avg_ndvi,IN-17-0602,2,avg_ssm_z,avg_ndvi_z,,,,,,,,,,,,,,
6,-0.2866324596989658,-0.25249247552691834,avg_ssm_avg_ndvi,IN-17-0603,2,avg_ssm_z,avg_ndvi_z,,,,,,,,,,,,,,
10,-0.2962279876123298,-0.27710096197205597,avg_ssm_avg_ndvi,IN-17-0603,2,avg_ssm_z,avg_ndvi_z,,,,,,,,,,,,,,
6,0.2568035405335395,-0.3423520359150539,avg_ssm_avg_ndvi,IN-17-0604,2,avg_ssm_z,avg_ndvi_z,,,,,,,,,,,,,,
10,0.35820792257247186,-0.5460769515558546,avg_ssm_avg_ndvi,IN-17-0604,2,avg_ssm_z,avg_ndvi_z,,,,,,,,,,,,,,
6,0.03526124445626524,-0.40642905277154895,avg_ssm_avg_ndvi,IN-17-0605,2,avg_ssm_z,avg_ndvi_z,,,,,,,,,,,,,,
10,0.020948520038673337,-0.27555570470326946,avg_ssm_avg_ndvi,IN-17-0605,2,avg_ssm_z,avg_ndvi_z,,,,,,,,,,,,,,
6,0.15592075611037506,0.03497405588507167,avg_ssm_avg_ndvi,IN-17-0606,2,avg_ssm_z,avg_ndvi_z,,,,,,,,,,,,,,
10,-0.09476202671911257,0.1434243390172479,avg_ssm_avg_ndvi,IN-17-0606,2,avg_ssm_z,avg_ndvi_z,,,,,,,,,,,,,,
6,-0.36781814180980654,-0.15186658067476608,avg_ssm_avg_ndvi,IN-17-0607,2,avg_ssm_z,avg_ndvi_z,,,,,,,,,,,,,,
10,-0.21233296230601556,-0.021571228562059595,avg_ssm_avg_ndvi,IN-17-0607,2,avg_ssm_z,avg_ndvi_z,,,,,,,,,,,,,,
6,0.48711069339731045,-0.3536054165142649,avg_ssm_avg_ndvi,IN-17-0608,2,avg_ssm_z,avg_ndvi_z,,,,,,,,,,,,,,
6,-0.43931244067065933,-0.5575749262354419,avg_ssm_avg_ndvi,IN-17-0609,2,avg_ssm_z,avg_ndvi_z,,,,,,,,,,,,,,
10,-0.5270586245396254,-0.5857480999079665,avg_ssm_avg_ndvi,IN-17-0609,2,avg_ssm_z,avg_ndvi_z,,,,,,,,,,,,,,
6,-0.12583083030094405,-0.40134652978562774,avg_ssm_avg_ndvi,IN-17-0610,2,avg_ssm_z,avg_ndvi_z,,,,,,,,,,,,,,
10,-0.22987711968351993,-0.5437649191336813,avg_ssm_avg_ndvi,IN-17-0610,2,avg_ssm_z,avg_ndvi_z,,,,,,,,,,,,,,
6,0.008166643841853907,-0.41295205210090424,avg_ssm_avg_ndvi,IN-17-0615,2,avg_ssm_z,avg_ndvi_z,,,,,,,,,,,,,,
10,-0.0017800460197865311,-0.4458459282119806,avg_ssm_avg_ndvi,IN-17-0615,2,avg_ssm_z,avg_ndvi_z,,,,,,,,,,,,,,
6,-0.15268507880403778,-0.5225746353538636,avg_ssm_avg_ndvi,IN-17-0616,2,avg_ssm_z,avg_ndvi_z,,,,,,,,,,,,,,
10,-0.3492113589733566,-0.6728803272000425,avg_ssm_avg_ndvi,IN-17-0616,2,avg_ssm_z,avg_ndvi_z,,,,,,,,,,,,,,
6,-0.0032776658863221675,-0.46617765931601607,avg_ssm_avg_ndvi,IN-17-0617,2,avg_ssm_z,avg_ndvi_z,,,,,,,,,,,,,,
10,0.05985790823740369,-0.4166402556857996,avg_ssm_avg_ndvi,IN-17-0617,2,avg_ssm_z,avg_ndvi_z,,,,,,,,,,,,,,
6,-0.3719584999969798,0.03874443047935182,avg_ssm_avg_ndvi,IN-17-0618,2,avg_ssm_z,avg_ndvi_z,,,,,,,,,,,,,,
10,-0.419680504977576,0.05026252910881239,avg_ssm_avg_ndvi,IN-17-0618,2,avg_ssm_z,avg_ndvi_z,,,,,,,,,,,,,,
6,-0.34809351600380134,-0.28463991503018765,avg_ssm_avg_ndvi,IN-17-0619,2,avg_ssm_z,avg_ndvi_z,,,,,,,,,,,,,,
10,-0.5073854062777838,-0.2879113877931717,avg_ssm_avg_ndvi,IN-17-0619,2,avg_ssm_z,avg_ndvi_z,,,,,,,,,,,,,,
6,0.16288709922047176,-0.1507135235958365,avg_ssm_avg_ndvi,IN-17-0620,2,avg_ssm_z,avg_ndvi_z,,,,,,,,,,,,,,
10,0.017963791958033545,-0.03478566503646356,avg_ssm_avg_ndvi,IN-17-0620,2,avg_ssm_z,avg_ndvi_z,,,,,,,,,,,,,,
6,-0.021032535386868733,-0.2557449425110013,avg_ssm_avg_ndvi,IN-17-0621,2,avg_ssm_z,avg_ndvi_z,,,,,,,,,,,,,,
10,-0.10398638997221894,0.01609372927724078,avg_ssm_avg_ndvi,IN-17-0621,2,avg_ssm_z,avg_ndvi_z,,,,,,,,,,,,,,
6,-0.24297553364594449,-0.046767487683229296,avg_ssm_avg_ndvi,IN-17-0622,2,avg_ssm_z,avg_ndvi_z,,,,,,,,,,,,,,
10,-0.3162089039714725,-0.02466328505185242,avg_ssm_avg_ndvi,IN-17-0622,2,avg_ssm_z,avg_ndvi_z,,,,,,,,,,,,,,
6,-0.016947012735346677,0.31621240414557433,avg_ssm_avg_ndvi,IN-17-1047,2,avg_ssm_z,avg_ndvi_z,,,,,,,,,,,,,,
10,-0.24379994589917225,0.5286846774195137,avg_ssm_avg_ndvi,IN-17-1047,2,avg_ssm_z,avg_ndvi_z,,,,,,,,,,,,,,
6,-0.093415783484041,-0.498080445294538,avg_ssm_avg_ndvi,IN-17-1048,2,avg_ssm_z,avg_ndvi_z,,,,,,,,,,,,,,
10,-0.08057217544171348,-0.6480887682999419,avg_ssm_avg_ndvi,IN-17-1048,2,avg_ssm_z,avg_ndvi_z,,,,,,,,,,,,,,
6,-0.5134202039983733,-0.4122418584273822,avg_ssm_avg_ndvi,IN-17-1050,2,avg_ssm_z,avg_ndvi_z,,,,,,,,,,,,,,
10,-0.5181815197051028,-0.4705188981444454,avg_ssm_avg_ndvi,IN-17-1050,2,avg_ssm_z,avg_ndvi_z,,,,,,,,,,,,,,
6,-0.33845026142771817,-0.5004237679068928,avg_ssm_avg_ndvi,IN-17-1051,2,avg_ssm_z,avg_ndvi_z,,,,,,,,,,,,,,
10,-0.17482721187096598,-0.5458546325099721,avg_ssm_avg_ndvi,IN-17-1051,2,avg_ssm_z,avg_ndvi_z,,,,,,,,,,,,,,
6,-0.046007092511634054,-0.13365483510558168,avg_ssm_avg_ndvi,IN-17-2017,2,avg_ssm_z,avg_ndvi_z,,,,,,,,,,,,,,
10,-0.1423355986134557,-0.24916738174917996,avg_ssm_avg_ndvi,IN-17-2017,2,avg_ssm_z,avg_ndvi_z,,,,,,,,,,,,,,
6,0.4737232393030267,-0.14316987176751916,avg_ssm_avg_ndvi,IN-17-2018,2,avg_ssm_z,avg_ndvi_z,,,,,,,,,,,,,,
10,0.45348564408659264,-0.4027052517846449,avg_ssm_avg_ndvi,IN-17-2018,2,avg_ssm_z,avg_ndvi_z,,,,,,,,,,,,,,
6,0.270866124574212,0.16567426071848063,avg_ssm_avg_ndvi,IN-17-2019,2,avg_ssm_z,avg_ndvi_z,,,,,,,,,,,,,,
10,-0.026374143869309898,0.05579859448555189,avg_ssm_avg_ndvi,IN-17-2019,2,avg_ssm_z,avg_ndvi_z,,,,,,,,,,,,,,
6,0.12588116167718652,0.4216343299419022,avg_ssm_avg_ndvi,IN-18-0626,2,avg_ssm_z,avg_ndvi_z,,,,,,,,,,,,,,
10,-0.0014985195939223428,0.4974002826379934,avg_ssm_avg_ndvi,IN-18-0626,2,avg_ssm_z,avg_ndvi_z,,,,,,,,,,,,,,
6,-0.1724418957461208,-0.36740455063150546,avg_ssm_avg_ndvi,IN-18-0627,2,avg_ssm_z,avg_ndvi_z,,,,,,,,,,,,,,
10,-0.024985557569077547,-0.538209265376103,avg_ssm_avg_ndvi,IN-18-0627,2,avg_ssm_z,avg_ndvi_z,,,,,,,,,,,,,,
6,0.016984925745453648,0.21184626484231464,avg_ssm_avg_ndvi,IN-18-0628,2,avg_ssm_z,avg_ndvi_z,,,,,,,,,,,,,,
10,0.08816858465053505,0.3886231513757413,avg_ssm_avg_ndvi,IN-18-0628,2,avg_ssm_z,avg_ndvi_z,,,,,,,,,,,,,,
6,-0.2391107156344888,-0.07155659751179295,avg_ssm_avg_ndvi,IN-18-0629,2,avg_ssm_z,avg_ndvi_z,,,,,,,,,,,,,,
10,0.04358943976025629,0.2773809381037784,avg_ssm_avg_ndvi,IN-18-0629,2,avg_ssm_z,avg_ndvi_z,,,,,,,,,,,,,,
6,0.6320342367195831,0.09712856476955038,avg_ssm_avg_ndvi,IN-18-0631,2,avg_ssm_z,avg_ndvi_z,,,,,,,,,,,,,,
10,0.7386700859267024,0.25896849573573977,avg_ssm_avg_ndvi,IN-18-0631,2,avg_ssm_z,avg_ndvi_z,,,,,,,,,,,,,,
6,0.36896421591890644,0.5854487535800441,avg_ssm_avg_ndvi,IN-18-0633,2,avg_ssm_z,avg_ndvi_z,,,,,,,,,,,,,,
10,0.2674634137027415,0.715166710488127,avg_ssm_avg_ndvi,IN-18-0633,2,avg_ssm_z,avg_ndvi_z,,,,,,,,,,,,,,
6,-0.1902587503607262,0.3320686220579636,avg_ssm_avg_ndvi,IN-18-0634,2,avg_ssm_z,avg_ndvi_z,,,,,,,,,,,,,,
10,-0.30332734512746906,0.4865720190554269,avg_ssm_avg_ndvi,IN-18-0634,2,avg_ssm_z,avg_ndvi_z,,,,,,,,,,,,,,
6,0.2938519160818257,-0.18511550807350624,avg_ssm_avg_ndvi,IN-18-0635,2,avg_ssm_z,avg_ndvi_z,,,,,,,,,,,,,,
10,0.4907477721065726,0.24752734769878396,avg_ssm_avg_ndvi,IN-18-0635,2,avg_ssm_z,avg_ndvi_z,,,,,,,,,,,,,,
6,0.4303417464914131,0.23950408993067418,avg_ssm_avg_ndvi,IN-18-0636,2,avg_ssm_z,avg_ndvi_z,,,,,,,,,,,,,,
10,0.3060075139400206,0.3617266588842447,avg_ssm_avg_ndvi,IN-18-0636,2,avg_ssm_z,avg_ndvi_z,,,,,,,,,,,,,,
6,0.018030696057686074,0.20638173560668024,avg_ssm_avg_ndvi,IN-18-0637,2,avg_ssm_z,avg_ndvi_z,,,,,,,,,,,,,,
10,-0.05350479990448168,0.2386263985400192,avg_ssm_avg_ndvi,IN-18-0637,2,avg_ssm_z,avg_ndvi_z,,,,,,,,,,,,,,
6,0.0995559091440962,0.3170396616416535,avg_ssm_avg_ndvi,IN-20-0056,2,avg_ssm_z,avg_ndvi_z,,,,,,,,,,,,,,
10,0.060649818821486255,0.49179848432825823,avg_ssm_avg_ndvi,IN-20-0056,2,avg_ssm_z,avg_ndvi_z,,,,,,,,,,,,,,
6,-0.3490595635305027,-0.2467782430851222,avg_ssm_avg_ndvi,IN-20-0057,2,avg_ssm_z,avg_ndvi_z,,,,,,,,,,,,,,
10,-0.18668936351574367,-0.2332706333534774,avg_ssm_avg_ndvi,IN-20-0057,2,avg_ssm_z,avg_ndvi_z,,,,,,,,,,,,,,
6,-0.11299151773360734,-0.21572365825168335,avg_ssm_avg_ndvi,IN-20-0058,2,avg_ssm_z,avg_ndvi_z,,,,,,,,,,,,,,
10,-0.12081757495256278,-0.09985095388819705,avg_ssm_avg_ndvi,IN-20-0058,2,avg_ssm_z,avg_ndvi_z,,,,,,,,,,,,,,
6,-0.29355088921479205,-0.1768344108403926,avg_ssm_avg_ndvi,IN-20-0063,2,avg_ssm_z,avg_ndvi_z,,,,,,,,,,,,,,
10,-0.11838293572611044,-0.49245315618394514,avg_ssm_avg_ndvi,IN-20-0063,2,avg_ssm_z,avg_ndvi_z,,,,,,,,,,,,,,
6,0.19384827916375535,0.438526193748506,avg_ssm_avg_ndvi,IN-20-0520,2,avg_ssm_z,avg_ndvi_z,,,,,,,,,,,,,,
10,0.475834304384264,0.3264005797092557,avg_ssm_avg_ndvi,IN-20-0520,2,avg_ssm_z,avg_ndvi_z,,,,,,,,,,,,,,
6,,,avg_ssm_avg_fpar,IN-01-0051,2,avg_ssm_z,avg_fpar_z,-0.0837025686128953,-0.27430043944123556,,,,,,,,,,,,
10,,,avg_ssm_avg_fpar,IN-01-0051,2,avg_ssm_z,avg_fpar_z,-0.15967397840492095,-0.3854024247170716,,,,,,,,,,,,
6,,,avg_ssm_avg_fpar,IN-01-0052,2,avg_ssm_z,avg_fpar_z,0.27636371397432546,-0.045571239176340025,,,,,,,,,,,,
10,,,avg_ssm_avg_fpar,IN-01-0052,2,avg_ssm_z,avg_fpar_z,0.20440967299447474,-0.0508125110670643,,,,,,,,,,,,
6,,,avg_ssm_avg_fpar,IN-01-0053,2,avg_ssm_z,avg_fpar_z,0.48831208413238114,0.6145519782681444,,,,,,,,,,,,
10,,,avg_ssm_avg_fpar,IN-01-0053,2,avg_ssm_z,avg_fpar_z,0.4540373701336927,0.7845795960861033,,,,,,,,,,,,
6,,,avg_ssm_avg_fpar,IN-02-0902,2,avg_ssm_z,avg_fpar_z,0.2504257872707797,0.5487363826335586,,,,,,,,,,,,
10,,,avg_ssm_avg_fpar,IN-02-0902,2,avg_ssm_z,avg_fpar_z,0.4860576917276818,0.6349645007053117,,,,,,,,,,,,
6,,,avg_ssm_avg_fpar,IN-02-0903,2,avg_ssm_z,avg_fpar_z,0.4132393498609295,0.50284248237755,,,,,,,,,,,,
10,,,avg_ssm_avg_fpar,IN-02-0903,2,avg_ssm_z,avg_fpar_z,0.6045627874518831,0.7879758690598122,,,,,,,,,,,,
6,,,avg_ssm_avg_fpar,IN-02-0904,2,avg_ssm_z,avg_fpar_z,0.31249315019161933,0.5514159868909622,,,,,,,,,,,,
10,,,avg_ssm_avg_fpar,IN-02-0904,2,avg_ssm_z,avg_fpar_z,0.54234367752584,0.8464187505494867,,,,,,,,,,,,
6,,,avg_ssm_avg_fpar,IN-02-0905,2,avg_ssm_z,avg_fpar_z,0.0983512572149429,0.3086492936269416,,,,,,,,,,,,
10,,,avg_ssm_avg_fpar,IN-02-0905,2,avg_ssm_z,avg_fpar_z,0.31377092219919644,0.45066146527198664,,,,,,,,,,,,
6,,,avg_ssm_avg_fpar,IN-02-0906,2,avg_ssm_z,avg_fpar_z,0.17734804192098266,0.3313037444498924,,,,,,,,,,,,
10,,,avg_ssm_avg_fpar,IN-02-0906,2,avg_ssm_z,avg_fpar_z,0.40707752437822986,0.05170119117918377,,,,,,,,,,,,
6,,,avg_ssm_avg_fpar,IN-02-0907,2,avg_ssm_z,avg_fpar_z,0.012184669280947335,0.2625408610308361,,,,,,,,,,,,
10,,,avg_ssm_avg_fpar,IN-02-0907,2,avg_ssm_z,avg_fpar_z,0.17710177092153906,0.6916608929986878,,,,,,,,,,,,
6,,,avg_ssm_avg_fpar,IN-02-0908,2,avg_ssm_z,avg_fpar_z,-0.011386765421666195,-0.06835544706197652,,,,,,,,,,,,
10,,,avg_ssm_avg_fpar,IN-02-0908,2,avg_ssm_z,avg_fpar_z,0.13182696062396648,-0.07921121087129869,,,,,,,,,,,,
6,,,avg_ssm_avg_fpar,IN-02-0909,2,avg_ssm_z,avg_fpar_z,0.08869366352045163,0.14556638278737993,,,,,,,,,,,,
10,,,avg_ssm_avg_fpar,IN-02-0909,2,avg_ssm_z,avg_fpar_z,0.22388307412109576,0.19115988399641495,,,,,,,,,,,,
6,,,avg_ssm_avg_fpar,IN-02-0912,2,avg_ssm_z,avg_fpar_z,-0.10499569330233183,-0.2094151700025435,,,,,,,,,,,,
10,,,avg_ssm_avg_fpar,IN-02-0912,2,avg_ssm_z,avg_fpar_z,-0.07252409913319682,-0.2111485000779323,,,,,,,,,,,,
6,,,avg_ssm_avg_fpar,IN-02-0918,2,avg_ssm_z,avg_fpar_z,0.2125435355923621,-0.022290290568603814,,,,,,,,,,,,
10,,,avg_ssm_avg_fpar,IN-02-0918,2,avg_ssm_z,avg_fpar_z,0.23851859586042315,-0.0699878501988563,,,,,,,,,,,,
6,,,avg_ssm_avg_fpar,IN-02-0919,2,avg_ssm_z,avg_fpar_z,0.03087351658941777,-0.10390206672923294,,,,,,,,,,,,
10,,,avg_ssm_avg_fpar,IN-02-0919,2,avg_ssm_z,avg_fpar_z,0.06558766947886278,-0.45108820906138447,,,,,,,,,,,,
6,,,avg_ssm_avg_fpar,IN-02-0920,2,avg_ssm_z,avg_fpar_z,-0.050167365387934204,-0.2798803694504267,,,,,,,,,,,,
10,,,avg_ssm_avg_fpar,IN-02-0920,2,avg_ssm_z,avg_fpar_z,0.05523748167600971,-0.25971480119611207,,,,,,,,,,,,
6,,,avg_ssm_avg_fpar,IN-02-0921,2,avg_ssm_z,avg_fpar_z,-0.2229065361662505,-0.17001763542723572,,,,,,,,,,,,
10,,,avg_ssm_avg_fpar,IN-02-0921,2,avg_ssm_z,avg_fpar_z,-0.12129734961441045,-0.169374483308385,,,,,,,,,,,,
6,,,avg_ssm_avg_fpar,IN-02-0922,2,avg_ssm_z,avg_fpar_z,0.19779114950468737,-0.16460456845948246,,,,,,,,,,,,
10,,,avg_ssm_avg_fpar,IN-02-0922,2,avg_ssm_z,avg_fpar_z,0.2512753052129106,-0.5028810694660266,,,,,,,,,,,,
6,,,avg_ssm_avg_fpar,IN-02-0923,2,avg_ssm_z,avg_fpar_z,0.20132612872371142,0.2405546666956731,,,,,,,,,,,,
10,,,avg_ssm_avg_fpar,IN-02-0923,2,avg_ssm_z,avg_fpar_z,0.4001580441931846,0.16828175076863033,,,,,,,,,,,,
6,,,avg_ssm_avg_fpar,IN-02-0924,2,avg_ssm_z,avg_fpar_z,0.07411780038700505,0.2564247342826938,,,,,,,,,,,,
10,,,avg_ssm_avg_fpar,IN-02-0924,2,avg_ssm_z,avg_fpar_z,0.33962020501574497,0.00944614788498054,,,,,,,,,,,,
6,,,avg_ssm_avg_fpar,IN-02-0925,2,avg_ssm_z,avg_fpar_z,0.3164552456953174,0.35413417824640403,,,,,,,,,,,,
10,,,avg_ssm_avg_fpar,IN-02-0925,2,avg_ssm_z,avg_fpar_z,0.4135191073082073,0.3601219162214996,,,,,,,,,,,,
6,,,avg_ssm_avg_fpar,IN-02-0926,2,avg_ssm_z,avg_fpar_z,0.24346971901470557,0.31168363768297863,,,,,,,,,,,,
10,,,avg_ssm_avg_fpar,IN-02-0926,2,avg_ssm_z,avg_fpar_z,0.3326820407977631,0.17939522880870626,,,,,,,,,,,,
6,,,avg_ssm_avg_fpar,IN-02-0927,2,avg_ssm_z,avg_fpar_z,0.013184058738849392,0.344456983985444,,,,,,,,,,,,
10,,,avg_ssm_avg_fpar,IN-02-0927,2,avg_ssm_z,avg_fpar_z,0.2196952575313126,0.49526225888714037,,,,,,,,,,,,
6,,,avg_ssm_avg_fpar,IN-02-0928,2,avg_ssm_z,avg_fpar_z,0.3633164222972177,0.44836533273599877,,,,,,,,,,,,
10,,,avg_ssm_avg_fpar,IN-02-0928,2,avg_ssm_z,avg_fpar_z,0.537066135628581,0.5793326413160147,,,,,,,,,,,,
6,,,avg_ssm_avg_fpar,IN-02-0929,2,avg_ssm_z,avg_fpar_z,0.3297092181499226,0.4855676386528064,,,,,,,,,,,,
10,,,avg_ssm_avg_fpar,IN-02-0929,2,avg_ssm_z,avg_fpar_z,0.4282916157837766,0.7231383880880876,,,,,,,,,,,,
6,,,avg_ssm_avg_fpar,IN-02-0930,2,avg_ssm_z,avg_fpar_z,0.2809337301408741,0.45798546800439227,,,,,,,,,,,,
10,,,avg_ssm_avg_fpar,IN-02-0930,2,avg_ssm_z,avg_fpar_z,0.5371999309675435,0.6952306607292102,,,,,,,,,,,,
6,,,avg_ssm_avg_fpar,IN-02-0931,2,avg_ssm_z,avg_fpar_z,0.2321272807587907,0.30260431104963176,,,,,,,,,,,,
10,,,avg_ssm_avg_fpar,IN-02-0931,2,avg_ssm_z,avg_fpar_z,0.49819173774563447,0.4807441230478471,,,,,,,,,,,,
6,,,avg_ssm_avg_fpar,IN-02-0932,2,avg_ssm_z,avg_fpar_z,-0.11095147831561322,0.05089135601617012,,,,,,,,,,,,
10,,,avg_ssm_avg_fpar,IN-02-0932,2,avg_ssm_z,avg_fpar_z,0.09865431526172821,0.270714839597752,,,,,,,,,,,,
6,,,avg_ssm_avg_fpar,IN-02-0934,2,avg_ssm_z,avg_fpar_z,-0.0742732569027977,-0.4189255102163762,,,,,,,,,,,,
10,,,avg_ssm_avg_fpar,IN-02-0934,2,avg_ssm_z,avg_fpar_z,-0.06356549601525709,-0.38039559238246456,,,,,,,,,,,,
6,,,avg_ssm_avg_fpar,IN-02-0935,2,avg_ssm_z,avg_fpar_z,0.4237067073929133,0.3288773333150604,,,,,,,,,,,,
10,,,avg_ssm_avg_fpar,IN-02-0935,2,avg_ssm_z,avg_fpar_z,0.6944917601001437,0.6869194704444153,,,,,,,,,,,,
6,,,avg_ssm_avg_fpar,IN-02-0936,2,avg_ssm_z,avg_fpar_z,0.4044116789767429,0.552542109077543,,,,,,,,,,,,
10,,,avg_ssm_avg_fpar,IN-02-0936,2,avg_ssm_z,avg_fpar_z,0.6445139744685608,0.8186240854642307,,,,,,,,,,,,
6,,,avg_ssm_avg_fpar,IN-02-0945,2,avg_ssm_z,avg_fpar_z,0.3906913869205686,0.23614811459578436,,,,,,,,,,,,
10,,,avg_ssm_avg_fpar,IN-02-0945,2,avg_ssm_z,avg_fpar_z,0.6312665373529166,0.5375735359996414,,,,,,,,,,,,
6,,,avg_ssm_avg_fpar,IN-02-0946,2,avg_ssm_z,avg_fpar_z,0.06753484997479256,0.09055401588549927,,,,,,,,,,,,
10,,,avg_ssm_avg_fpar,IN-02-0946,2,avg_ssm_z,avg_fpar_z,-0.01786128645685391,-0.05806221274501838,,,,,,,,,,,,
6,,,avg_ssm_avg_fpar,IN-02-0947,2,avg_ssm_z,avg_fpar_z,0.12198391733654759,-0.2406461446310954,,,,,,,,,,,,
10,,,avg_ssm_avg_fpar,IN-02-0947,2,avg_ssm_z,avg_fpar_z,0.10608456789387868,-0.2787753980285945,,,,,,,,,,,,
6,,,avg_ssm_avg_fpar,IN-02-0948,2,avg_ssm_z,avg_fpar_z,0.08850180075541714,-0.43045586652577184,,,,,,,,,,,,
10,,,avg_ssm_avg_fpar,IN-02-0948,2,avg_ssm_z,avg_fpar_z,0.2998610325099149,-0.533085016602494,,,,,,,,,,,,
6,,,avg_ssm_avg_fpar,IN-02-0949,2,avg_ssm_z,avg_fpar_z,0.24945020465271606,0.1369233174855205,,,,,,,,,,,,
10,,,avg_ssm_avg_fpar,IN-02-0949,2,avg_ssm_z,avg_fpar_z,0.405750878173839,-0.13558642345531302,,,,,,,,,,,,
6,,,avg_ssm_avg_fpar,IN-02-0950,2,avg_ssm_z,avg_fpar_z,-0.13342014778196246,-0.05576032859055624,,,,,,,,,,,,
10,,,avg_ssm_avg_fpar,IN-02-0950,2,avg_ssm_z,avg_fpar_z,-0.08657473706498944,0.05119580780152627,,,,,,,,,,,,
6,,,avg_ssm_avg_fpar,IN-02-0951,2,avg_ssm_z,avg_fpar_z,0.4771868852009168,0.2525513291359124,,,,,,,,,,,,
10,,,avg_ssm_avg_fpar,IN-02-0951,2,avg_ssm_z,avg_fpar_z,0.777995345015295,0.5467207971657282,,,,,,,,,,,,
6,,,avg_ssm_avg_fpar,IN-02-0956,2,avg_ssm_z,avg_fpar_z,-0.09738177689171923,0.3462935321295736,,,,,,,,,,,,
10,,,avg_ssm_avg_fpar,IN-02-0956,2,avg_ssm_z,avg_fpar_z,0.19646714234363333,0.5749207935654662,,,,,,,,,,,,
6,,,avg_ssm_avg_fpar,IN-02-0958,2,avg_ssm_z,avg_fpar_z,0.12330849693155059,-0.04073491345865713,,,,,,,,,,,,
10,,,avg_ssm_avg_fpar,IN-02-0958,2,avg_ssm_z,avg_fpar_z,0.13432388060619477,-0.37685762213005625,,,,,,,,,,,,
6,,,avg_ssm_avg_fpar,IN-02-0960,2,avg_ssm_z,avg_fpar_z,0.3544078266015004,0.3785450911201759,,,,,,,,,,,,
10,,,avg_ssm_avg_fpar,IN-02-0960,2,avg_ssm_z,avg_fpar_z,0.605811753422191,0.6991875096126525,,,,,,,,,,,,
6,,,avg_ssm_avg_fpar,IN-02-0961,2,avg_ssm_z,avg_fpar_z,-0.21624817216318726,-0.058698941076981793,,,,,,,,,,,,
10,,,avg_ssm_avg_fpar,IN-02-0961,2,avg_ssm_z,avg_fpar_z,-0.3030454188728174,-0.09100964744318903,,,,,,,,,,,,
6,,,avg_ssm_avg_fpar,IN-03-0121,2,avg_ssm_z,avg_fpar_z,0.05886598959104837,-0.07166385090170954,,,,,,,,,,,,
10,,,avg_ssm_avg_fpar,IN-03-0121,2,avg_ssm_z,avg_fpar_z,0.3014075028822371,-0.15543859139383526,,,,,,,,,,,,
6,,,avg_ssm_avg_fpar,IN-03-0122,2,avg_ssm_z,avg_fpar_z,0.2553792545185304,0.32761502506991064,,,,,,,,,,,,
10,,,avg_ssm_avg_fpar,IN-03-0122,2,avg_ssm_z,avg_fpar_z,0.38191371726848267,0.15438146838205286,,,,,,,,,,,,
6,,,avg_ssm_avg_fpar,IN-03-0123,2,avg_ssm_z,avg_fpar_z,-0.01743931855061581,-0.002698166320230255,,,,,,,,,,,,
10,,,avg_ssm_avg_fpar,IN-03-0123,2,avg_ssm_z,avg_fpar_z,0.24845345122181534,0.10991809494688713,,,,,,,,,,,,
6,,,avg_ssm_avg_fpar,IN-03-0124,2,avg_ssm_z,avg_fpar_z,-0.20288054889882137,-0.3654603358717133,,,,,,,,,,,,
10,,,avg_ssm_avg_fpar,IN-03-0124,2,avg_ssm_z,avg_fpar_z,-0.09688681318669683,-0.5474629417722178,,,,,,,,,,,,
6,,,avg_ssm_avg_fpar,IN-03-0125,2,avg_ssm_z,avg_fpar_z,-0.2421067752091389,-0.3647930920204539,,,,,,,,,,,,
10,,,avg_ssm_avg_fpar,IN-03-0125,2,avg_ssm_z,avg_fpar_z,0.03020937178397929,-0.14245610796377248,,,,,,,,,,,,
6,,,avg_ssm_avg_fpar,IN-03-0126,2,avg_ssm_z,avg_fpar_z,0.3519391387062562,0.4892162933490732,,,,,,,,,,,,
10,,,avg_ssm_avg_fpar,IN-03-0126,2,avg_ssm_z,avg_fpar_z,0.45335027187717997,0.511000101808788,,,,,,,,,,,,
6,,,avg_ssm_avg_fpar,IN-03-0128,2,avg_ssm_z,avg_fpar_z,-0.3447890091558124,-0.3467875381711917,,,,,,,,,,,,
10,,,avg_ssm_avg_fpar,IN-03-0128,2,avg_ssm_z,avg_fpar_z,-0.09240092882339981,-0.2867924744549669,,,,,,,,,,,,
6,,,avg_ssm_avg_fpar,IN-03-0129,2,avg_ssm_z,avg_fpar_z,-0.11271498457023736,-0.12518969454958753,,,,,,,,,,,,
10,,,avg_ssm_avg_fpar,IN-03-0129,2,avg_ssm_z,avg_fpar_z,-0.06298828564557601,0.10934170287134179,,,,,,,,,,,,
6,,,avg_ssm_avg_fpar,IN-03-0130,2,avg_ssm_z,avg_fpar_z,0.07508664454437766,0.08205805891958054,,,,,,,,,,,,
10,,,avg_ssm_avg_fpar,IN-03-0130,2,avg_ssm_z,avg_fpar_z,0.23720495833188707,0.0928866356702148,,,,,,,,,,,,
6,,,avg_ssm_avg_fpar,IN-03-0131,2,avg_ssm_z,avg_fpar_z,-0.10324143388014595,-0.1956386173987908,,,,,,,,,,,,
10,,,avg_ssm_avg_fpar,IN-03-0131,2,avg_ssm_z,avg_fpar_z,-0.1239694561403917,-0.5671409113554332,,,,,,,,,,,,
6,,,avg_ssm_avg_fpar,IN-03-0132,2,avg_ssm_z,avg_fpar_z,0.3768561458618064,0.5282264627846074,,,,,,,,,,,,
10,,,avg_ssm_avg_fpar,IN-03-0132,2,avg_ssm_z,avg_fpar_z,0.556982588701721,0.5535838689903775,,,,,,,,,,,,
6,,,avg_ssm_avg_fpar,IN-03-0133,2,avg_ssm_z,avg_fpar_z,0.30356763246549057,-0.172583109186863,,,,,,,,,,,,
10,,,avg_ssm_avg_fpar,IN-03-0133,2,avg_ssm_z,avg_fpar_z,0.5167359220347614,-0.43049500740696606,,,,,,,,,,,,
6,,,avg_ssm_avg_fpar,IN-03-0134,2,avg_ssm_z,avg_fpar_z,0.03912705758075971,0.039425136950030595,,,,,,,,,,,,
10,,,avg_ssm_avg_fpar,IN-03-0134,2,avg_ssm_z,avg_fpar_z,0.22160531566912653,-0.31446423735211787,,,,,,,,,,,,
6,,,avg_ssm_avg_fpar,IN-03-0135,2,avg_ssm_z,avg_fpar_z,-0.1495402997274354,-0.018968218039220684,,,,,,,,,,,,
10,,,avg_ssm_avg_fpar,IN-03-0135,2,avg_ssm_z,avg_fpar_z,-0.11639619695012567,0.12496595357655191,,,,,,,,,,,,
6,,,avg_ssm_avg_fpar,IN-03-0136,2,avg_ssm_z,avg_fpar_z,0.3429334370596019,-0.0470654328696519,,,,,,,,,,,,
10,,,avg_ssm_avg_fpar,IN-03-0136,2,avg_ssm_z,avg_fpar_z,0.47439063452756686,-0.3164853589196488,,,,,,,,,,,,
6,,,avg_ssm_avg_fpar,IN-03-0137,2,avg_ssm_z,avg_fpar_z,-0.39102292503854097,-0.536074778058065,,,,,,,,,,,,
10,,,avg_ssm_avg_fpar,IN-03-0137,2,avg_ssm_z,avg_fpar_z,-0.34165941984238074,-0.6182896708097407,,,,,,,,,,,,
6,,,avg_ssm_avg_fpar,IN-03-0138,2,avg_ssm_z,avg_fpar_z,0.23767520119384322,0.21170705760822095,,,,,,,,,,,,
10,,,avg_ssm_avg_fpar,IN-03-0138,2,avg_ssm_z,avg_fpar_z,0.333127481452679,0.2266698246437894,,,,,,,,,,,,
6,,,avg_ssm_avg_fpar,IN-03-0518,2,avg_ssm_z,avg_fpar_z,-0.016750346550094206,-0.09840861302036243,,,,,,,,,,,,
10,,,avg_ssm_avg_fpar,IN-03-0518,2,avg_ssm_z,avg_fpar_z,0.14957082251310388,-0.3805470618102149,,,,,,,,,,,,
6,,,avg_ssm_avg_fpar,IN-03-1001,2,avg_ssm_z,avg_fpar_z,-0.1304308748611509,-0.44135087002197537,,,,,,,,,,,,
10,,,avg_ssm_avg_fpar,IN-03-1001,2,avg_ssm_z,avg_fpar_z,-0.11369684439509031,-0.638514283961496,,,,,,,,,,,,
6,,,avg_ssm_avg_fpar,IN-03-1002,2,avg_ssm_z,avg_fpar_z,0.3417352396033924,0.2094394412962112,,,,,,,,,,,,
10,,,avg_ssm_avg_fpar,IN-03-1002,2,avg_ssm_z,avg_fpar_z,0.4029352914715738,0.288519846350083,,,,,,,,,,,,
6,,,avg_ssm_avg_fpar,IN-03-1003,2,avg_ssm_z,avg_fpar_z,-0.2655310572756617,-0.3092821179766522,,,,,,,,,,,,
10,,,avg_ssm_avg_fpar,IN-03-1003,2,avg_ssm_z,avg_fpar_z,-0.18097866687282677,-0.3799473261243605,,,,,,,,,,,,
6,,,avg_ssm_avg_fpar,IN-03-1004,2,avg_ssm_z,avg_fpar_z,-0.13009396838950354,-0.5593648089350971,,,,,,,,,,,,
10,,,avg_ssm_avg_fpar,IN-03-1004,2,avg_ssm_z,avg_fpar_z,0.019205400622583406,-0.5433905898110012,,,,,,,,,,,,
6,,,avg_ssm_avg_fpar,IN-03-1005,2,avg_ssm_z,avg_fpar_z,-0.14803140871980244,-0.05024739309460948,,,,,,,,,,,,
10,,,avg_ssm_avg_fpar,IN-03-1005,2,avg_ssm_z,avg_fpar_z,0.14116987820071486,0.026971509013330154,,,,,,,,,,,,
6,,,avg_ssm_avg_fpar,IN-03-1006,2,avg_ssm_z,avg_fpar_z,0.06796140378275713,0.027975408870022044,,,,,,,,,,,,
10,,,avg_ssm_avg_fpar,IN-03-1006,2,avg_ssm_z,avg_fpar_z,0.12405174555002792,0.18798578508619523,,,,,,,,,,,,
6,,,avg_ssm_avg_fpar,IN-03-2001,2,avg_ssm_z,avg_fpar_z,-0.7227314633629429,-0.544047292127168,,,,,,,,,,,,
6,,,avg_ssm_avg_fpar,IN-04-0177,2,avg_ssm_z,avg_fpar_z,0.2735802086068268,0.2766071167694418,,,,,,,,,,,,
10,,,avg_ssm_avg_fpar,IN-04-0177,2,avg_ssm_z,avg_fpar_z,0.5491500584067303,0.4432380233324261,,,,,,,,,,,,
6,,,avg_ssm_avg_fpar,IN-04-0178,2,avg_ssm_z,avg_fpar_z,0.5735255291586872,0.5751524623395288,,,,,,,,,,,,
10,,,avg_ssm_avg_fpar,IN-04-0178,2,avg_ssm_z,avg_fpar_z,0.6134645569721211,0.6523643442178738,,,,,,,,,,,,
6,,,avg_ssm_avg_fpar,IN-04-0179,2,avg_ssm_z,avg_fpar_z,0.6140583515457255,0.5078936706338547,,,,,,,,,,,,
10,,,avg_ssm_avg_fpar,IN-04-0179,2,avg_ssm_z,avg_fpar_z,0.7358864400558784,0.6031757833583773,,,,,,,,,,,,
6,,,avg_ssm_avg_fpar,IN-04-0180,2,avg_ssm_z,avg_fpar_z,0.32152838891844154,0.08319178829845576,,,,,,,,,,,,
10,,,avg_ssm_avg_fpar,IN-04-0180,2,avg_ssm_z,avg_fpar_z,0.4774280245757817,-0.025191279032147924,,,,,,,,,,,,
6,,,avg_ssm_avg_fpar,IN-04-0181,2,avg_ssm_z,avg_fpar_z,0.4704939427940543,0.34631424333743244,,,,,,,,,,,,
10,,,avg_ssm_avg_fpar,IN-04-0181,2,avg_ssm_z,avg_fpar_z,0.6333160298455355,0.6383488310564585,,,,,,,,,,,,
6,,,avg_ssm_avg_fpar,IN-04-0182,2,avg_ssm_z,avg_fpar_z,0.2982397109735131,0.38470387987103044,,,,,,,,,,,,
10,,,avg_ssm_avg_fpar,IN-04-0182,2,avg_ssm_z,avg_fpar_z,0.5744130679398479,0.5632160029332979,,,,,,,,,,,,
6,,,avg_ssm_avg_fpar,IN-04-0183,2,avg_ssm_z,avg_fpar_z,0.6852870226237379,0.4496555339107921,,,,,,,,,,,,
10,,,avg_ssm_avg_fpar,IN-04-0183,2,avg_ssm_z,avg_fpar_z,0.6798896723834781,0.6048109286202746,,,,,,,,,,,,
6,,,avg_ssm_avg_fpar,IN-04-0184,2,avg_ssm_z,avg_fpar_z,0.43491837004313344,0.3610226133462742,,,,,,,,,,,,
10,,,avg_ssm_avg_fpar,IN-04-0184,2,avg_ssm_z,avg_fpar_z,0.4746508235649006,0.5361166700472528,,,,,,,,,,,,
6,,,avg_ssm_avg_fpar,IN-04-0185,2,avg_ssm_z,avg_fpar_z,0.44674581472996877,0.49032562712957406,,,,,,,,,,,,
10,,,avg_ssm_avg_fpar,IN-04-0185,2,avg_ssm_z,avg_fpar_z,0.4454842109626703,0.522542408236969,,,,,,,,,,,,
6,,,avg_ssm_avg_fpar,IN-04-0186,2,avg_ssm_z,avg_fpar_z,0.3726109501165082,0.1030689540452924,,,,,,,,,,,,
10,,,avg_ssm_avg_fpar,IN-04-0186,2,avg_ssm_z,avg_fpar_z,0.542766868981068,0.34575436673849147,,,,,,,,,,,,
6,,,avg_ssm_avg_fpar,IN-04-0187,2,avg_ssm_z,avg_fpar_z,0.45386573104033373,0.38556747933206353,,,,,,,,,,,,
10,,,avg_ssm_avg_fpar,IN-04-0187,2,avg_ssm_z,avg_fpar_z,0.6049034841030023,0.6175665398368911,,,,,,,,,,,,
6,,,avg_ssm_avg_fpar,IN-04-0188,2,avg_ssm_z,avg_fpar_z,0.3141076239059634,-0.482700585943142,,,,,,,,,,,,
10,,,avg_ssm_avg_fpar,IN-04-0188,2,avg_ssm_z,avg_fpar_z,0.4264016605319926,-0.643736061032387,,,,,,,,,,,,
6,,,avg_ssm_avg_fpar,IN-04-0523,2,avg_ssm_z,avg_fpar_z,0.627233175399907,0.4469666426177201,,,,,,,,,,,,
10,,,avg_ssm_avg_fpar,IN-04-0523,2,avg_ssm_z,avg_fpar_z,0.6608499721907766,0.5072295237061722,,,,,,,,,,,,
6,,,avg_ssm_avg_fpar,IN-04-0524,2,avg_ssm_z,avg_fpar_z,0.48317170569766865,0.5361711289291359,,,,,,,,,,,,
10,,,avg_ssm_avg_fpar,IN-04-0524,2,avg_ssm_z,avg_fpar_z,0.5952235412599539,0.7579423912254033,,,,,,,,,,,,
6,,,avg_ssm_avg_fpar,IN-04-0525,2,avg_ssm_z,avg_fpar_z,0.558726770512349,0.5990984210702612,,,,,,,,,,,,
10,,,avg_ssm_avg_fpar,IN-04-0525,2,avg_ssm_z,avg_fpar_z,0.5926909736811953,0.7006785749801597,,,,,,,,,,,,
6,,,avg_ssm_avg_fpar,IN-04-0526,2,avg_ssm_z,avg_fpar_z,0.2603235721823247,0.2702013646329104,,,,,,,,,,,,
10,,,avg_ssm_avg_fpar,IN-04-0526,2,avg_ssm_z,avg_fpar_z,0.4326092591311251,0.40296249317954186,,,,,,,,,,,,
6,,,avg_ssm_avg_fpar,IN-04-1007,2,avg_ssm_z,avg_fpar_z,0.3670863844733182,0.5466588731215877,,,,,,,,,,,,
10,,,avg_ssm_avg_fpar,IN-04-1007,2,avg_ssm_z,avg_fpar_z,0.46197968202261064,0.6283974924457414,,,,,,,,,,,,
6,,,avg_ssm_avg_fpar,IN-04-1008,2,avg_ssm_z,avg_fpar_z,0.3456575605175366,0.13707808222208223,,,,,,,,,,,,
10,,,avg_ssm_avg_fpar,IN-04-1008,2,avg_ssm_z,avg_fpar_z,0.5066977613572444,0.18465423879776438,,,,,,,,,,,,
6,,,avg_ssm_avg_fpar,IN-04-1009,2,avg_ssm_z,avg_fpar_z,0.6594049121737388,0.41624168827927494,,,,,,,,,,,,
10,,,avg_ssm_avg_fpar,IN-04-1009,2,avg_ssm_z,avg_fpar_z,0.7192061795342292,0.569609939495179,,,,,,,,,,,,
6,,,avg_ssm_avg_fpar,IN-04-2002,2,avg_ssm_z,avg_fpar_z,0.40613687971587165,0.09897019183368273,,,,,,,,,,,,
10,,,avg_ssm_avg_fpar,IN-04-2002,2,avg_ssm_z,avg_fpar_z,0.6186546487003389,0.342347243014281,,,,,,,,,,,,
6,,,avg_ssm_avg_fpar,IN-04-2003,2,avg_ssm_z,avg_fpar_z,0.3966682707037156,-0.029509416950041577,,,,,,,,,,,,
6,,,avg_ssm_avg_fpar,IN-05-0072,2,avg_ssm_z,avg_fpar_z,0.06975729663919353,-0.04912061897276458,,,,,,,,,,,,
10,,,avg_ssm_avg_fpar,IN-05-0072,2,avg_ssm_z,avg_fpar_z,0.17366262124002124,-0.33574108406381253,,,,,,,,,,,,
6,,,avg_ssm_avg_fpar,IN-05-0073,2,avg_ssm_z,avg_fpar_z,0.34012722391689276,0.05647886735832114,,,,,,,,,,,,
10,,,avg_ssm_avg_fpar,IN-05-0073,2,avg_ssm_z,avg_fpar_z,0.37843549287894784,0.00013457148531502704,,,,,,,,,,,,
6,,,avg_ssm_avg_fpar,IN-05-0074,2,avg_ssm_z,avg_fpar_z,0.43566944716692513,0.7018457990711997,,,,,,,,,,,,
10,,,avg_ssm_avg_fpar,IN-05-0074,2,avg_ssm_z,avg_fpar_z,0.5753060317857763,0.7215136165769609,,,,,,,,,,,,
6,,,avg_ssm_avg_fpar,IN-05-0075,2,avg_ssm_z,avg_fpar_z,0.15920457047831066,0.14268667203359411,,,,,,,,,,,,
10,,,avg_ssm_avg_fpar,IN-05-0075,2,avg_ssm_z,avg_fpar_z,0.1579604890885091,0.25405562762510203,,,,,,,,,,,,
6,,,avg_ssm_avg_fpar,IN-05-0076,2,avg_ssm_z,avg_fpar_z,-0.3014574163334359,-0.5205979479135621,,,,,,,,,,,,
10,,,avg_ssm_avg_fpar,IN-05-0076,2,avg_ssm_z,avg_fpar_z,-0.40109550909203584,-0.6051167602361762,,,,,,,,,,,,
6,,,avg_ssm_avg_fpar,IN-05-0077,2,avg_ssm_z,avg_fpar_z,-0.019455063635136764,-0.22584189418095962,,,,,,,,,,,,
10,,,avg_ssm_avg_fpar,IN-05-0077,2,avg_ssm_z,avg_fpar_z,0.15717030396256101,-0.12222576003131921,,,,,,,,,,,,
6,,,avg_ssm_avg_fpar,IN-05-0078,2,avg_ssm_z,avg_fpar_z,0.2620659923202949,-0.1233546304443165,,,,,,,,,,,,
10,,,avg_ssm_avg_fpar,IN-05-0078,2,avg_ssm_z,avg_fpar_z,0.3395373969321928,-0.1835061139080974,,,,,,,,,,,,
6,,,avg_ssm_avg_fpar,IN-05-0079,2,avg_ssm_z,avg_fpar_z,0.00040873604106162544,-0.40379419936794514,,,,,,,,,,,,
10,,,avg_ssm_avg_fpar,IN-05-0079,2,avg_ssm_z,avg_fpar_z,0.12242793252971187,-0.5476329077563485,,,,,,,,,,,,
6,,,avg_ssm_avg_fpar,IN-05-1010,2,avg_ssm_z,avg_fpar_z,0.027436207460283652,-0.011461026071739124,,,,,,,,,,,,
10,,,avg_ssm_avg_fpar,IN-05-1010,2,avg_ssm_z,avg_fpar_z,-0.002580706473991179,-0.12165421173297193,,,,,,,,,,,,
6,,,avg_ssm_avg_fpar,IN-05-1012,2,avg_ssm_z,avg_fpar_z,0.09946774217192003,-0.3743679767785714,,,,,,,,,,,,
10,,,avg_ssm_avg_fpar,IN-05-1012,2,avg_ssm_z,avg_fpar_z,0.0663837358385414,-0.38869547614796884,,,,,,,,,,,,
6,,,avg_ssm_avg_fpar,IN-05-1013,2,avg_ssm_z,avg_fpar_z,0.45402628883298746,0.597584467573039,,,,,,,,,,,,
10,,,avg_ssm_avg_fpar,IN-05-1013,2,avg_ssm_z,avg_fpar_z,0.47775241908873556,0.7684710397544123,,,,,,,,,,,,
6,,,avg_ssm_avg_fpar,IN-05-1014,2,avg_ssm_z,avg_fpar_z,0.05497677099396188,-0.30396520363843793,,,,,,,,,,,,
10,,,avg_ssm_avg_fpar,IN-05-1014,2,avg_ssm_z,avg_fpar_z,-0.15884014695377002,-0.4129188366044061,,,,,,,,,,,,
6,,,avg_ssm_avg_fpar,IN-05-1015,2,avg_ssm_z,avg_fpar_z,0.3292689517697943,-0.03492770804447344,,,,,,,,,,,,
10,,,avg_ssm_avg_fpar,IN-05-1015,2,avg_ssm_z,avg_fpar_z,0.3291150154213559,-0.1287079062769742,,,,,,,,,,,,
6,,,avg_ssm_avg_fpar,IN-06-0007,2,avg_ssm_z,avg_fpar_z,0.04315085969993343,0.2897059022213481,,,,,,,,,,,,
10,,,avg_ssm_avg_fpar,IN-06-0007,2,avg_ssm_z,avg_fpar_z,0.3398432006728743,0.4983710387204838,,,,,,,,,,,,
6,,,avg_ssm_avg_fpar,IN-06-0008,2,avg_ssm_z,avg_fpar_z,-0.12881536199528895,-0.1955955251276626,,,,,,,,,,,,
10,,,avg_ssm_avg_fpar,IN-06-0008,2,avg_ssm_z,avg_fpar_z,-0.10783993118861843,-0.17395905332052214,,,,,,,,,,,,
6,,,avg_ssm_avg_fpar,IN-06-0009,2,avg_ssm_z,avg_fpar_z,-0.06069982465580004,-0.10398533756038386,,,,,,,,,,,,
10,,,avg_ssm_avg_fpar,IN-06-0009,2,avg_ssm_z,avg_fpar_z,-0.10676206000815744,0.2077914963363073,,,,,,,,,,,,
6,,,avg_ssm_avg_fpar,IN-06-0010,2,avg_ssm_z,avg_fpar_z,0.3793548407192705,-0.1999803582034795,,,,,,,,,,,,
10,,,avg_ssm_avg_fpar,IN-06-0010,2,avg_ssm_z,avg_fpar_z,0.40620866298837566,-0.1093944863827934,,,,,,,,,,,,
6,,,avg_ssm_avg_fpar,IN-06-0011,2,avg_ssm_z,avg_fpar_z,-0.23537671616068337,-0.1483294848500119,,,,,,,,,,,,
10,,,avg_ssm_avg_fpar,IN-06-0011,2,avg_ssm_z,avg_fpar_z,-0.12022514301278756,-0.011784376492393694,,,,,,,,,,,,
6,,,avg_ssm_avg_fpar,IN-06-0012,2,avg_ssm_z,avg_fpar_z,0.05739125798909428,-0.06993230123384477,,,,,,,,,,,,
10,,,avg_ssm_avg_fpar,IN-06-0012,2,avg_ssm_z,avg_fpar_z,0.40724413522876785,-0.21092400415005078,,,,,,,,,,,,
6,,,avg_ssm_avg_fpar,IN-06-0013,2,avg_ssm_z,avg_fpar_z,-0.18478053242141979,-0.16065305022389959,,,,,,,,,,,,
10,,,avg_ssm_avg_fpar,IN-06-0013,2,avg_ssm_z,avg_fpar_z,-0.4959940307659664,-0.06084509228537386,,,,,,,,,,,,
6,,,avg_ssm_avg_fpar,IN-06-0014,2,avg_ssm_z,avg_fpar_z,-0.3548234011950126,-0.08478018726030377,,,,,,,,,,,,
10,,,avg_ssm_avg_fpar,IN-06-0014,2,avg_ssm_z,avg_fpar_z,-0.2362245800994221,-0.09233148140564448,,,,,,,,,,,,
6,,,avg_ssm_avg_fpar,IN-06-0015,2,avg_ssm_z,avg_fpar_z,0.18678067061013565,0.18336428656865927,,,,,,,,,,,,
10,,,avg_ssm_avg_fpar,IN-06-0015,2,avg_ssm_z,avg_fpar_z,0.07920577100206934,0.28568205338369107,,,,,,,,,,,,
6,,,avg_ssm_avg_fpar,IN-06-0016,2,avg_ssm_z,avg_fpar_z,-0.13071586144324623,0.2288504004529325,,,,,,,,,,,,
10,,,avg_ssm_avg_fpar,IN-06-0016,2,avg_ssm_z,avg_fpar_z,-0.18982343403237317,0.07118998987723675,,,,,,,,,,,,
6,,,avg_ssm_avg_fpar,IN-06-0017,2,avg_ssm_z,avg_fpar_z,-0.11060551295693084,-0.31360856205858434,,,,,,,,,,,,
10,,,avg_ssm_avg_fpar,IN-06-0017,2,avg_ssm_z,avg_fpar_z,-0.40571933716413355,-0.517895380528628,,,,,,,,,,,,
6,,,avg_ssm_avg_fpar,IN-06-0018,2,avg_ssm_z,avg_fpar_z,-0.06520175539126427,-0.4084732619466484,,,,,,,,,,,,
10,,,avg_ssm_avg_fpar,IN-06-0018,2,avg_ssm_z,avg_fpar_z,-0.3008483953817031,-0.4772414630572541,,,,,,,,,,,,
6,,,avg_ssm_avg_fpar,IN-06-0019,2,avg_ssm_z,avg_fpar_z,-0.1431423890566159,-0.3379843731513871,,,,,,,,,,,,
10,,,avg_ssm_avg_fpar,IN-06-0019,2,avg_ssm_z,avg_fpar_z,-0.3168644816863323,-0.45830251154094004,,,,,,,,,,,,
6,,,avg_ssm_avg_fpar,IN-06-0020,2,avg_ssm_z,avg_fpar_z,-0.23319783634486485,-0.27932399584558454,,,,,,,,,,,,
10,,,avg_ssm_avg_fpar,IN-06-0020,2,avg_ssm_z,avg_fpar_z,-0.4404182033785589,-0.4606506370196408,,,,,,,,,,,,
6,,,avg_ssm_avg_fpar,IN-06-0021,2,avg_ssm_z,avg_fpar_z,0.04557247411105117,-0.20461066983818252,,,,,,,,,,,,
10,,,avg_ssm_avg_fpar,IN-06-0021,2,avg_ssm_z,avg_fpar_z,-0.012748565158628392,-0.25982916644671944,,,,,,,,,,,,
6,,,avg_ssm_avg_fpar,IN-06-0022,2,avg_ssm_z,avg_fpar_z,-0.3680538644319193,0.012741412620269722,,,,,,,,,,,,
10,,,avg_ssm_avg_fpar,IN-06-0022,2,avg_ssm_z,avg_fpar_z,-0.5681719871679582,-0.007902055319345683,,,,,,,,,,,,
6,,,avg_ssm_avg_fpar,IN-06-0023,2,avg_ssm_z,avg_fpar_z,-0.07605132223621758,-0.25954975522869334,,,,,,,,,,,,
10,,,avg_ssm_avg_fpar,IN-06-0023,2,avg_ssm_z,avg_fpar_z,-0.06788316225849544,-0.18961361273370297,,,,,,,,,,,,
6,,,avg_ssm_avg_fpar,IN-06-0024,2,avg_ssm_z,avg_fpar_z,0.06494380971342333,-0.14336002930847053,,,,,,,,,,,,
10,,,avg_ssm_avg_fpar,IN-06-0024,2,avg_ssm_z,avg_fpar_z,-0.09011446330280068,-0.1898506935595263,,,,,,,,,,,,
6,,,avg_ssm_avg_fpar,IN-06-0025,2,avg_ssm_z,avg_fpar_z,-0.18877562986534366,-0.187679928094396,,,,,,,,,,,,
10,,,avg_ssm_avg_fpar,IN-06-0025,2,avg_ssm_z,avg_fpar_z,-0.4465707855968474,-0.29447256032177954,,,,,,,,,,,,
6,,,avg_ssm_avg_fpar,IN-06-0026,2,avg_ssm_z,avg_fpar_z,-0.08392149554527795,0.4111583434475966,,,,,,,,,,,,
10,,,avg_ssm_avg_fpar,IN-06-0026,2,avg_ssm_z,avg_fpar_z,-0.22901751171389706,0.49330619267727327,,,,,,,,,,,,
6,,,avg_ssm_avg_fpar,IN-06-0027,2,avg_ssm_z,avg_fpar_z,-0.2341429004544076,0.10976250215528158,,,,,,,,,,,,
10,,,avg_ssm_avg_fpar,IN-06-0027,2,avg_ssm_z,avg_fpar_z,-0.41372005212071733,0.12907331400554214,,,,,,,,,,,,
6,,,avg_ssm_avg_fpar,IN-06-0028,2,avg_ssm_z,avg_fpar_z,0.1372329613301097,0.08520287330149441,,,,,,,,,,,,
10,,,avg_ssm_avg_fpar,IN-06-0028,2,avg_ssm_z,avg_fpar_z,0.06638215989469393,0.30979084242917154,,,,,,,,,,,,
6,,,avg_ssm_avg_fpar,IN-06-0029,2,avg_ssm_z,avg_fpar_z,0.5696274121794648,0.24988965490031148,,,,,,,,,,,,
10,,,avg_ssm_avg_fpar,IN-06-0029,2,avg_ssm_z,avg_fpar_z,0.7069473073280365,0.32297800840185703,,,,,,,,,,,,
6,,,avg_ssm_avg_fpar,IN-06-0030,2,avg_ssm_z,avg_fpar_z,0.453571601038241,0.183943829109601,,,,,,,,,,,,
10,,,avg_ssm_avg_fpar,IN-06-0030,2,avg_ssm_z,avg_fpar_z,0.5476139465736868,0.3993617172698398,,,,,,,,,,,,
6,,,avg_ssm_avg_fpar,IN-06-0031,2,avg_ssm_z,avg_fpar_z,0.2839886414900218,0.3186274883889176,,,,,,,,,,,,
10,,,avg_ssm_avg_fpar,IN-06-0031,2,avg_ssm_z,avg_fpar_z,0.4374876692739809,0.3726044425183832,,,,,,,,,,,,
6,,,avg_ssm_avg_fpar,IN-06-0032,2,avg_ssm_z,avg_fpar_z,0.026142996074932267,-0.11515460183002771,,,,,,,,,,,,
10,,,avg_ssm_avg_fpar,IN-06-0032,2,avg_ssm_z,avg_fpar_z,-0.11149957343628811,-0.18248879089896253,,,,,,,,,,,,
6,,,avg_ssm_avg_fpar,IN-06-0033,2,avg_ssm_z,avg_fpar_z,0.30121594901874305,-0.061503675065413696,,,,,,,,,,,,
10,,,avg_ssm_avg_fpar,IN-06-0033,2,avg_ssm_z,avg_fpar_z,0.3080108497695622,-0.13633527308020707,,,,,,,,,,,,
6,,,avg_ssm_avg_fpar,IN-06-0034,2,avg_ssm_z,avg_fpar_z,0.303366843444853,-0.06982258300186808,,,,,,,,,,,,
10,,,avg_ssm_avg_fpar,IN-06-0034,2,avg_ssm_z,avg_fpar_z,0.3059878153603265,-0.5239935924558002,,,,,,,,,,,,
6,,,avg_ssm_avg_fpar,IN-06-0035,2,avg_ssm_z,avg_fpar_z,0.0642209209006263,0.349604788315296,,,,,,,,,,,,
10,,,avg_ssm_avg_fpar,IN-06-0035,2,avg_ssm_z,avg_fpar_z,0.13566205405454354,0.3008163025572941,,,,,,,,,,,,
6,,,avg_ssm_avg_fpar,IN-06-0036,2,avg_ssm_z,avg_fpar_z,0.06680400454497606,0.17434246283326243,,,,,,,,,,,,
10,,,avg_ssm_avg_fpar,IN-06-0036,2,avg_ssm_z,avg_fpar_z,0.04068096016987046,0.1867893448128001,,,,,,,,,,,,
6,,,avg_ssm_avg_fpar,IN-06-0037,2,avg_ssm_z,avg_fpar_z,-0.21899141723706048,-0.10664274927501674,,,,,,,,,,,,
10,,,avg_ssm_avg_fpar,IN-06-0037,2,avg_ssm_z,avg_fpar_z,-0.5186939770006924,-0.086207680922357,,,,,,,,,,,,
6,,,avg_ssm_avg_fpar,IN-06-0038,2,avg_ssm_z,avg_fpar_z,-0.06474216247806723,-0.19127098221576763,,,,,,,,,,,,
10,,,avg_ssm_avg_fpar,IN-06-0038,2,avg_ssm_z,avg_fpar_z,-0.31008741484927244,-0.06728105146243786,,,,,,,,,,,,
6,,,avg_ssm_avg_fpar,IN-06-0039,2,avg_ssm_z,avg_fpar_z,0.04272171795395096,-0.15970347973431356,,,,,,,,,,,,
10,,,avg_ssm_avg_fpar,IN-06-0039,2,avg_ssm_z,avg_fpar_z,-0.3508463357973973,-0.05178294156872112,,,,,,,,,,,,
6,,,avg_ssm_avg_fpar,IN-06-0040,2,avg_ssm_z,avg_fpar_z,-0.3522747469351202,-0.22780089023007602,,,,,,,,,,,,
10,,,avg_ssm_avg_fpar,IN-06-0040,2,avg_ssm_z,avg_fpar_z,-0.4574684053594288,-0.043471521727279576,,,,,,,,,,,,
6,,,avg_ssm_avg_fpar,IN-06-0041,2,avg_ssm_z,avg_fpar_z,0.28817772498961053,0.09349664974452913,,,,,,,,,,,,
10,,,avg_ssm_avg_fpar,IN-06-0041,2,avg_ssm_z,avg_fpar_z,0.13586427283455121,-0.20290147866243383,,,,,,,,,,,,
6,,,avg_ssm_avg_fpar,IN-06-0042,2,avg_ssm_z,avg_fpar_z,-0.05540387433510567,-0.09208697905153321,,,,,,,,,,,,
10,,,avg_ssm_avg_fpar,IN-06-0042,2,avg_ssm_z,avg_fpar_z,-0.2582649107475711,-0.1726677895411789,,,,,,,,,,,,
6,,,avg_ssm_avg_fpar,IN-06-0043,2,avg_ssm_z,avg_fpar_z,-0.12800278500005588,-0.08772367771994674,,,,,,,,,,,,
10,,,avg_ssm_avg_fpar,IN-06-0043,2,avg_ssm_z,avg_fpar_z,0.03743516167512463,-0.04212672076945483,,,,,,,,,,,,
6,,,avg_ssm_avg_fpar,IN-06-0502,2,avg_ssm_z,avg_fpar_z,-0.2659591936422217,-0.13212987801825155,,,,,,,,,,,,
10,,,avg_ssm_avg_fpar,IN-06-0502,2,avg_ssm_z,avg_fpar_z,-0.4399363524093842,-0.08397804662994106,,,,,,,,,,,,
6,,,avg_ssm_avg_fpar,IN-06-1057,2,avg_ssm_z,avg_fpar_z,-0.21289329256092424,-0.14921000675844526,,,,,,,,,,,,
10,,,avg_ssm_avg_fpar,IN-06-1057,2,avg_ssm_z,avg_fpar_z,-0.06858981561782924,-0.20677649738708373,,,,,,,,,,,,
6,,,avg_ssm_avg_fpar,IN-06-1058,2,avg_ssm_z,avg_fpar_z,-0.09879850531712756,0.01620793412099133,,,,,,,,,,,,
10,,,avg_ssm_avg_fpar,IN-06-1058,2,avg_ssm_z,avg_fpar_z,-0.15332700604458077,0.014344446550283201,,,,,,,,,,,,
6,,,avg_ssm_avg_fpar,IN-06-1060,2,avg_ssm_z,avg_fpar_z,-0.2059733283102599,0.0241053386156259,,,,,,,,,,,,
10,,,avg_ssm_avg_fpar,IN-06-1060,2,avg_ssm_z,avg_fpar_z,-0.17231641096615938,-0.0727611081665968,,,,,,,,,,,,
6,,,avg_ssm_avg_fpar,IN-06-1061,2,avg_ssm_z,avg_fpar_z,-0.039731475249532695,-0.27977312692353984,,,,,,,,,,,,
10,,,avg_ssm_avg_fpar,IN-06-1061,2,avg_ssm_z,avg_fpar_z,0.11335206360914776,-0.3301406477891806,,,,,,,,,,,,
6,,,avg_ssm_avg_fpar,IN-06-1062,2,avg_ssm_z,avg_fpar_z,-0.2827599412792878,0.3178389277185772,,,,,,,,,,,,
10,,,avg_ssm_avg_fpar,IN-06-1062,2,avg_ssm_z,avg_fpar_z,-0.29482660732996974,0.41475278383578634,,,,,,,,,,,,
6,,,avg_ssm_avg_fpar,IN-06-1063,2,avg_ssm_z,avg_fpar_z,-0.09452686586190846,-0.07546541698719475,,,,,,,,,,,,
10,,,avg_ssm_avg_fpar,IN-06-1063,2,avg_ssm_z,avg_fpar_z,-0.24655457718633983,-0.0739787665934358,,,,,,,,,,,,
6,,,avg_ssm_avg_fpar,IN-06-1064,2,avg_ssm_z,avg_fpar_z,0.29530920066704974,0.051226966840983844,,,,,,,,,,,,
10,,,avg_ssm_avg_fpar,IN-06-1064,2,avg_ssm_z,avg_fpar_z,0.4433970904372062,-0.06843724612914716,,,,,,,,,,,,
6,,,avg_ssm_avg_fpar,IN-06-1071,2,avg_ssm_z,avg_fpar_z,-0.044842798867097786,-0.27818664593043363,,,,,,,,,,,,
10,,,avg_ssm_avg_fpar,IN-06-1071,2,avg_ssm_z,avg_fpar_z,0.06702182301297162,-0.35764083384580897,,,,,,,,,,,,
6,,,avg_ssm_avg_fpar,IN-06-1081,2,avg_ssm_z,avg_fpar_z,-0.015206824374176725,-0.2823388784765185,,,,,,,,,,,,
10,,,avg_ssm_avg_fpar,IN-06-1081,2,avg_ssm_z,avg_fpar_z,-0.09187010997152881,-0.23052530626893158,,,,,,,,,,,,
6,,,avg_ssm_avg_fpar,IN-06-1082,2,avg_ssm_z,avg_fpar_z,-0.23653571600913548,0.11051368660071348,,,,,,,,,,,,
10,,,avg_ssm_avg_fpar,IN-06-1082,2,avg_ssm_z,avg_fpar_z,-0.14890129003756464,0.2748564851232572,,,,,,,,,,,,
6,,,avg_ssm_avg_fpar,IN-06-2006,2,avg_ssm_z,avg_fpar_z,-0.5361235196123915,-0.14162694303951137,,,,,,,,,,,,
6,,,avg_ssm_avg_fpar,IN-06-2007,2,avg_ssm_z,avg_fpar_z,0.33466170420651536,-0.15184712071622808,,,,,,,,,,,,
6,,,avg_ssm_avg_fpar,IN-07-0096,2,avg_ssm_z,avg_fpar_z,0.6000682689270128,0.6667095333563762,,,,,,,,,,,,
6,,,avg_ssm_avg_fpar,IN-07-0099,2,avg_ssm_z,avg_fpar_z,0.10981230952273777,0.03833466139645736,,,,,,,,,,,,
10,,,avg_ssm_avg_fpar,IN-07-0099,2,avg_ssm_z,avg_fpar_z,0.32463587735656874,0.149318930380809,,,,,,,,,,,,
6,,,avg_ssm_avg_fpar,IN-07-0100,2,avg_ssm_z,avg_fpar_z,0.03425117547522865,0.2141738573228582,,,,,,,,,,,,
10,,,avg_ssm_avg_fpar,IN-07-0100,2,avg_ssm_z,avg_fpar_z,-0.012554098648286433,0.11179274934449564,,,,,,,,,,,,
6,,,avg_ssm_avg_fpar,IN-07-0101,2,avg_ssm_z,avg_fpar_z,-0.2344270445643967,-0.17765818486850654,,,,,,,,,,,,
10,,,avg_ssm_avg_fpar,IN-07-0101,2,avg_ssm_z,avg_fpar_z,-0.1870844553918612,-0.24304415251554684,,,,,,,,,,,,
6,,,avg_ssm_avg_fpar,IN-07-0102,2,avg_ssm_z,avg_fpar_z,0.11386004208367362,0.14578344205059274,,,,,,,,,,,,
10,,,avg_ssm_avg_fpar,IN-07-0102,2,avg_ssm_z,avg_fpar_z,0.23756452188297655,0.4496321447712287,,,,,,,,,,,,
6,,,avg_ssm_avg_fpar,IN-07-0103,2,avg_ssm_z,avg_fpar_z,0.22575881520289648,-0.08382244539961606,,,,,,,,,,,,
10,,,avg_ssm_avg_fpar,IN-07-0103,2,avg_ssm_z,avg_fpar_z,0.2841616087120432,-0.017315634561951947,,,,,,,,,,,,
6,,,avg_ssm_avg_fpar,IN-07-0104,2,avg_ssm_z,avg_fpar_z,0.02488925549463303,-0.16195287250242868,,,,,,,,,,,,
10,,,avg_ssm_avg_fpar,IN-07-0104,2,avg_ssm_z,avg_fpar_z,0.1493969183519767,-0.12288619609613498,,,,,,,,,,,,
6,,,avg_ssm_avg_fpar,IN-07-0105,2,avg_ssm_z,avg_fpar_z,-0.29394477270576347,-0.23454375999783403,,,,,,,,,,,,
10,,,avg_ssm_avg_fpar,IN-07-0105,2,avg_ssm_z,avg_fpar_z,-0.27583083312450846,-0.03199748715129651,,,,,,,,,,,,
6,,,avg_ssm_avg_fpar,IN-07-0106,2,avg_ssm_z,avg_fpar_z,0.2623579477944521,-0.0896844193764094,,,,,,,,,,,,
10,,,avg_ssm_avg_fpar,IN-07-0106,2,avg_ssm_z,avg_fpar_z,0.30378361123140374,-0.10639457394957272,,,,,,,,,,,,
6,,,avg_ssm_avg_fpar,IN-07-0107,2,avg_ssm_z,avg_fpar_z,-0.09047466826975133,-0.4758491001360878,,,,,,,,,,,,
10,,,avg_ssm_avg_fpar,IN-07-0107,2,avg_ssm_z,avg_fpar_z,-0.20326936310083576,-0.5572325978282756,,,,,,,,,,,,
6,,,avg_ssm_avg_fpar,IN-07-0108,2,avg_ssm_z,avg_fpar_z,-0.13239496356145755,0.23757588399912666,,,,,,,,,,,,
10,,,avg_ssm_avg_fpar,IN-07-0108,2,avg_ssm_z,avg_fpar_z,-0.07411950700048411,0.34792330981699127,,,,,,,,,,,,
6,,,avg_ssm_avg_fpar,IN-07-0109,2,avg_ssm_z,avg_fpar_z,-0.4795948643417526,0.20301850459164497,,,,,,,,,,,,
10,,,avg_ssm_avg_fpar,IN-07-0109,2,avg_ssm_z,avg_fpar_z,-0.5665481295946536,0.3557497441742688,,,,,,,,,,,,
6,,,avg_ssm_avg_fpar,IN-07-0110,2,avg_ssm_z,avg_fpar_z,0.020040347616126653,-0.03836781897355408,,,,,,,,,,,,
10,,,avg_ssm_avg_fpar,IN-07-0110,2,avg_ssm_z,avg_fpar_z,0.06541263696465638,0.17794958191528026,,,,,,,,,,,,
6,,,avg_ssm_avg_fpar,IN-07-0111,2,avg_ssm_z,avg_fpar_z,-0.3398668613350805,-0.4360967269852202,,,,,,,,,,,,
10,,,avg_ssm_avg_fpar,IN-07-0111,2,avg_ssm_z,avg_fpar_z,-0.40621437692153217,-0.5801795990511461,,,,,,,,,,,,
6,,,avg_ssm_avg_fpar,IN-07-0112,2,avg_ssm_z,avg_fpar_z,0.18648984170976615,-0.09846819307762401,,,,,,,,,,,,
10,,,avg_ssm_avg_fpar,IN-07-0112,2,avg_ssm_z,avg_fpar_z,0.27943260900730305,0.15253140938087456,,,,,,,,,,,,
6,,,avg_ssm_avg_fpar,IN-07-0113,2,avg_ssm_z,avg_fpar_z,-0.33760695220877157,-0.10726997873952064,,,,,,,,,,,,
10,,,avg_ssm_avg_fpar,IN-07-0113,2,avg_ssm_z,avg_fpar_z,-0.3595113030501097,-0.14479762393180087,,,,,,,,,,,,
6,,,avg_ssm_avg_fpar,IN-07-0114,2,avg_ssm_z,avg_fpar_z,-0.2942968351372621,0.24468834761764313,,,,,,,,,,,,
10,,,avg_ssm_avg_fpar,IN-07-0114,2,avg_ssm_z,avg_fpar_z,-0.25708380647323015,0.321641863816603,,,,,,,,,,,,
6,,,avg_ssm_avg_fpar,IN-07-0115,2,avg_ssm_z,avg_fpar_z,-0.22568817300341998,0.2826889718802813,,,,,,,,,,,,
10,,,avg_ssm_avg_fpar,IN-07-0115,2,avg_ssm_z,avg_fpar_z,-0.21644613538018712,0.3267694872393836,,,,,,,,,,,,
6,,,avg_ssm_avg_fpar,IN-07-0116,2,avg_ssm_z,avg_fpar_z,-0.5173918635719302,0.21526654792373376,,,,,,,,,,,,
10,,,avg_ssm_avg_fpar,IN-07-0116,2,avg_ssm_z,avg_fpar_z,-0.4693919151509317,0.3834156091130308,,,,,,,,,,,,
6,,,avg_ssm_avg_fpar,IN-07-0117,2,avg_ssm_z,avg_fpar_z,-0.543676443303582,0.00021236498748263832,,,,,,,,,,,,
10,,,avg_ssm_avg_fpar,IN-07-0117,2,avg_ssm_z,avg_fpar_z,-0.5544960526282626,0.06171602327591611,,,,,,,,,,,,
6,,,avg_ssm_avg_fpar,IN-07-0118,2,avg_ssm_z,avg_fpar_z,-0.3475448538118795,-0.16076352931382593,,,,,,,,,,,,
10,,,avg_ssm_avg_fpar,IN-07-0118,2,avg_ssm_z,avg_fpar_z,-0.3107133174160276,0.0017965919040591471,,,,,,,,,,,,
6,,,avg_ssm_avg_fpar,IN-07-0119,2,avg_ssm_z,avg_fpar_z,-0.34435086007450993,-0.12071167622604513,,,,,,,,,,,,
10,,,avg_ssm_avg_fpar,IN-07-0119,2,avg_ssm_z,avg_fpar_z,-0.20142481086193312,0.17960791818530447,,,,,,,,,,,,
6,,,avg_ssm_avg_fpar,IN-07-0120,2,avg_ssm_z,avg_fpar_z,-0.5160750608097213,-0.15465007685433513,,,,,,,,,,,,
10,,,avg_ssm_avg_fpar,IN-07-0120,2,avg_ssm_z,avg_fpar_z,-0.5040312181712385,-0.01836280706758671,,,,,,,,,,,,
6,,,avg_ssm_avg_fpar,IN-07-0514,2,avg_ssm_z,avg_fpar_z,-0.19598730070331202,-0.025961487355478395,,,,,,,,,,,,
10,,,avg_ssm_avg_fpar,IN-07-0514,2,avg_ssm_z,avg_fpar_z,0.010378042608883803,-0.010836432114263083,,,,,,,,,,,,
6,,,avg_ssm_avg_fpar,IN-07-0515,2,avg_ssm_z,avg_fpar_z,-0.237021443363991,-0.09114784366425596,,,,,,,,,,,,
10,,,avg_ssm_avg_fpar,IN-07-0515,2,avg_ssm_z,avg_fpar_z,-0.1632260455383681,-0.05353065685231345,,,,,,,,,,,,
6,,,avg_ssm_avg_fpar,IN-07-0516,2,avg_ssm_z,avg_fpar_z,-0.44648853013323536,0.07675744036965654,,,,,,,,,,,,
10,,,avg_ssm_avg_fpar,IN-07-0516,2,avg_ssm_z,avg_fpar_z,-0.2759980908430565,-0.17442881979609487,,,,,,,,,,,,
6,,,avg_ssm_avg_fpar,IN-07-1072,2,avg_ssm_z,avg_fpar_z,-0.4337321716824431,-0.2653676029486367,,,,,,,,,,,,
10,,,avg_ssm_avg_fpar,IN-07-1072,2,avg_ssm_z,avg_fpar_z,-0.45455163274285404,0.05950135853167451,,,,,,,,,,,,
6,,,avg_ssm_avg_fpar,IN-07-1073,2,avg_ssm_z,avg_fpar_z,-0.41740327786142295,0.03970869533142719,,,,,,,,,,,,
10,,,avg_ssm_avg_fpar,IN-07-1073,2,avg_ssm_z,avg_fpar_z,-0.47138130680831203,0.16575977099642375,,,,,,,,,,,,
6,,,avg_ssm_avg_fpar,IN-07-1074,2,avg_ssm_z,avg_fpar_z,-0.22878858448354328,-0.31391136180095114,,,,,,,,,,,,
10,,,avg_ssm_avg_fpar,IN-07-1074,2,avg_ssm_z,avg_fpar_z,-0.19657408745384783,-0.5753997654306267,,,,,,,,,,,,
6,,,avg_ssm_avg_fpar,IN-07-1075,2,avg_ssm_z,avg_fpar_z,-0.3779399470647238,-0.00968266323932555,,,,,,,,,,,,
10,,,avg_ssm_avg_fpar,IN-07-1075,2,avg_ssm_z,avg_fpar_z,-0.38668986233621305,0.23454417060128158,,,,,,,,,,,,
6,,,avg_ssm_avg_fpar,IN-08-0701,2,avg_ssm_z,avg_fpar_z,0.08767840741233338,-0.2988241357372458,,,,,,,,,,,,
10,,,avg_ssm_avg_fpar,IN-08-0701,2,avg_ssm_z,avg_fpar_z,0.129441525911261,-0.30834092209371045,,,,,,,,,,,,
6,,,avg_ssm_avg_fpar,IN-08-0702,2,avg_ssm_z,avg_fpar_z,-0.3519881999139288,-0.3423038563808802,,,,,,,,,,,,
10,,,avg_ssm_avg_fpar,IN-08-0702,2,avg_ssm_z,avg_fpar_z,-0.32423518372635596,-0.4614773452987128,,,,,,,,,,,,
6,,,avg_ssm_avg_fpar,IN-08-0703,2,avg_ssm_z,avg_fpar_z,-0.017068533364615758,-0.2763738952849483,,,,,,,,,,,,
10,,,avg_ssm_avg_fpar,IN-08-0703,2,avg_ssm_z,avg_fpar_z,0.12400490227419185,-0.0697253568214872,,,,,,,,,,,,
6,,,avg_ssm_avg_fpar,IN-08-0704,2,avg_ssm_z,avg_fpar_z,0.14281557658862318,-0.29593731226610515,,,,,,,,,,,,
10,,,avg_ssm_avg_fpar,IN-08-0704,2,avg_ssm_z,avg_fpar_z,0.25104562827700483,-0.3807489822443053,,,,,,,,,,,,
6,,,avg_ssm_avg_fpar,IN-08-0705,2,avg_ssm_z,avg_fpar_z,-0.32160830810050917,-0.02452553260862214,,,,,,,,,,,,
10,,,avg_ssm_avg_fpar,IN-08-0705,2,avg_ssm_z,avg_fpar_z,-0.6135638175060395,-0.1099421440111175,,,,,,,,,,,,
6,,,avg_ssm_avg_fpar,IN-08-0706,2,avg_ssm_z,avg_fpar_z,-0.32398998034127585,-0.14508984310584921,,,,,,,,,,,,
10,,,avg_ssm_avg_fpar,IN-08-0706,2,avg_ssm_z,avg_fpar_z,-0.31930637995415406,-0.19813696972484693,,,,,,,,,,,,
6,,,avg_ssm_avg_fpar,IN-08-0707,2,avg_ssm_z,avg_fpar_z,0.43685984612234624,-0.3238370243841123,,,,,,,,,,,,
10,,,avg_ssm_avg_fpar,IN-08-0707,2,avg_ssm_z,avg_fpar_z,0.5301827182581815,-0.4832819670003693,,,,,,,,,,,,
6,,,avg_ssm_avg_fpar,IN-08-0708,2,avg_ssm_z,avg_fpar_z,-0.3630004771087752,-0.09644675699509464,,,,,,,,,,,,
10,,,avg_ssm_avg_fpar,IN-08-0708,2,avg_ssm_z,avg_fpar_z,-0.39902365705438064,-0.03808470880269005,,,,,,,,,,,,
6,,,avg_ssm_avg_fpar,IN-08-0709,2,avg_ssm_z,avg_fpar_z,0.3436268882843006,-0.2323645397943015,,,,,,,,,,,,
10,,,avg_ssm_avg_fpar,IN-08-0709,2,avg_ssm_z,avg_fpar_z,0.4443414702112703,-0.24986251635710666,,,,,,,,,,,,
6,,,avg_ssm_avg_fpar,IN-08-0710,2,avg_ssm_z,avg_fpar_z,-0.42825326834042043,-0.31246779734411356,,,,,,,,,,,,
10,,,avg_ssm_avg_fpar,IN-08-0710,2,avg_ssm_z,avg_fpar_z,-0.6403100481962505,-0.5509128379589111,,,,,,,,,,,,
6,,,avg_ssm_avg_fpar,IN-08-0711,2,avg_ssm_z,avg_fpar_z,-0.061871530475735084,0.007074301440127365,,,,,,,,,,,,
10,,,avg_ssm_avg_fpar,IN-08-0711,2,avg_ssm_z,avg_fpar_z,-0.019749287177557574,0.17107650470329328,,,,,,,,,,,,
6,,,avg_ssm_avg_fpar,IN-08-0712,2,avg_ssm_z,avg_fpar_z,-0.5070911295139501,-0.1832914599951135,,,,,,,,,,,,
10,,,avg_ssm_avg_fpar,IN-08-0712,2,avg_ssm_z,avg_fpar_z,-0.34296042051299597,0.007234416815060857,,,,,,,,,,,,
6,,,avg_ssm_avg_fpar,IN-08-0713,2,avg_ssm_z,avg_fpar_z,-0.3539159739393022,-0.137261141935741,,,,,,,,,,,,
10,,,avg_ssm_avg_fpar,IN-08-0713,2,avg_ssm_z,avg_fpar_z,-0.42639731066213404,-0.43227691387722755,,,,,,,,,,,,
6,,,avg_ssm_avg_fpar,IN-08-0714,2,avg_ssm_z,avg_fpar_z,-0.3759604522165675,-0.19253588427138363,,,,,,,,,,,,
10,,,avg_ssm_avg_fpar,IN-08-0714,2,avg_ssm_z,avg_fpar_z,-0.1841701822263035,-0.12583739194386373,,,,,,,,,,,,
6,,,avg_ssm_avg_fpar,IN-08-0716,2,avg_ssm_z,avg_fpar_z,-0.16075675047014745,-0.08747646027386684,,,,,,,,,,,,
10,,,avg_ssm_avg_fpar,IN-08-0716,2,avg_ssm_z,avg_fpar_z,-0.128232328356394,0.295868854925607,,,,,,,,,,,,
6,,,avg_ssm_avg_fpar,IN-08-0717,2,avg_ssm_z,avg_fpar_z,0.2656547848320029,-0.1315677919934369,,,,,,,,,,,,
10,,,avg_ssm_avg_fpar,IN-08-0717,2,avg_ssm_z,avg_fpar_z,0.36639365362233606,0.06301405619652758,,,,,,,,,,,,
6,,,avg_ssm_avg_fpar,IN-08-0718,2,avg_ssm_z,avg_fpar_z,0.07206453305083767,0.007068551266363132,,,,,,,,,,,,
10,,,avg_ssm_avg_fpar,IN-08-0718,2,avg_ssm_z,avg_fpar_z,0.22051747174694766,0.5590563596360276,,,,,,,,,,,,
6,,,avg_ssm_avg_fpar,IN-08-0719,2,avg_ssm_z,avg_fpar_z,-0.11814265430281501,-0.3688895825494308,,,,,,,,,,,,
10,,,avg_ssm_avg_fpar,IN-08-0719,2,avg_ssm_z,avg_fpar_z,0.03919832452186157,-0.41238059713417907,,,,,,,,,,,,
6,,,avg_ssm_avg_fpar,IN-08-0721,2,avg_ssm_z,avg_fpar_z,-0.32627773924632786,-0.37006784577842416,,,,,,,,,,,,
10,,,avg_ssm_avg_fpar,IN-08-0721,2,avg_ssm_z,avg_fpar_z,-0.40324202838204215,-0.5591128265615368,,,,,,,,,,,,
6,,,avg_ssm_avg_fpar,IN-08-0722,2,avg_ssm_z,avg_fpar_z,-0.19065238206633195,-0.5695458103526255,,,,,,,,,,,,
10,,,avg_ssm_avg_fpar,IN-08-0722,2,avg_ssm_z,avg_fpar_z,-0.22610240643335153,-0.6137364202698368,,,,,,,,,,,,
6,,,avg_ssm_avg_fpar,IN-08-0723,2,avg_ssm_z,avg_fpar_z,-0.3215097863300379,-0.20663937781130798,,,,,,,,,,,,
10,,,avg_ssm_avg_fpar,IN-08-0723,2,avg_ssm_z,avg_fpar_z,-0.1737121525885028,-0.3542243861495059,,,,,,,,,,,,
6,,,avg_ssm_avg_fpar,IN-08-0724,2,avg_ssm_z,avg_fpar_z,-0.2424528813182895,-0.2939471727881404,,,,,,,,,,,,
10,,,avg_ssm_avg_fpar,IN-08-0724,2,avg_ssm_z,avg_fpar_z,-0.3678298124937183,-0.29436697391407035,,,,,,,,,,,,
6,,,avg_ssm_avg_fpar,IN-08-0725,2,avg_ssm_z,avg_fpar_z,-0.5577895896578107,-0.3752543144437018,,,,,,,,,,,,
6,,,avg_ssm_avg_fpar,IN-08-0726,2,avg_ssm_z,avg_fpar_z,-0.21911315330801293,-0.3087249587607534,,,,,,,,,,,,
10,,,avg_ssm_avg_fpar,IN-08-0726,2,avg_ssm_z,avg_fpar_z,-0.3216969422831105,-0.3495742397816689,,,,,,,,,,,,
6,,,avg_ssm_avg_fpar,IN-08-0728,2,avg_ssm_z,avg_fpar_z,-0.4530582331536612,-0.37800471129420427,,,,,,,,,,,,
10,,,avg_ssm_avg_fpar,IN-08-0728,2,avg_ssm_z,avg_fpar_z,-0.4190028429373471,-0.5193216033925196,,,,,,,,,,,,
6,,,avg_ssm_avg_fpar,IN-08-0729,2,avg_ssm_z,avg_fpar_z,-0.5703135847061913,-0.25670070579476095,,,,,,,,,,,,
10,,,avg_ssm_avg_fpar,IN-08-0729,2,avg_ssm_z,avg_fpar_z,-0.5872466518070887,-0.3351210893084614,,,,,,,,,,,,
6,,,avg_ssm_avg_fpar,IN-08-0730,2,avg_ssm_z,avg_fpar_z,-0.3116050205552806,-0.38669563822284525,,,,,,,,,,,,
10,,,avg_ssm_avg_fpar,IN-08-0730,2,avg_ssm_z,avg_fpar_z,-0.08744023252155231,-0.5430555965186022,,,,,,,,,,,,
6,,,avg_ssm_avg_fpar,IN-08-0731,2,avg_ssm_z,avg_fpar_z,-0.4276584511675446,0.11181528693843254,,,,,,,,,,,,
10,,,avg_ssm_avg_fpar,IN-08-0731,2,avg_ssm_z,avg_fpar_z,-0.4325071909068825,0.364227596275846,,,,,,,,,,,,
6,,,avg_ssm_avg_fpar,IN-08-0732,2,avg_ssm_z,avg_fpar_z,-0.32390913962272466,-0.30476934917542614,,,,,,,,,,,,
10,,,avg_ssm_avg_fpar,IN-08-0732,2,avg_ssm_z,avg_fpar_z,-0.2288563494564812,-0.4739878130498562,,,,,,,,,,,,
6,,,avg_ssm_avg_fpar,IN-09-0165,2,avg_ssm_z,avg_fpar_z,-0.07700593924234869,0.21737321809457386,,,,,,,,,,,,
10,,,avg_ssm_avg_fpar,IN-09-0165,2,avg_ssm_z,avg_fpar_z,-0.480236322715462,0.3151303347013316,,,,,,,,,,,,
6,,,avg_ssm_avg_fpar,IN-09-0166,2,avg_ssm_z,avg_fpar_z,-0.03230161007656398,-0.08556575013654465,,,,,,,,,,,,
10,,,avg_ssm_avg_fpar,IN-09-0166,2,avg_ssm_z,avg_fpar_z,-0.22020435259349297,0.04741802823430086,,,,,,,,,,,,
6,,,avg_ssm_avg_fpar,IN-09-0167,2,avg_ssm_z,avg_fpar_z,-0.19735479958839058,-0.1126806774657596,,,,,,,,,,,,
10,,,avg_ssm_avg_fpar,IN-09-0167,2,avg_ssm_z,avg_fpar_z,-0.34321330484143625,-0.07126646453824113,,,,,,,,,,,,
6,,,avg_ssm_avg_fpar,IN-09-0168,2,avg_ssm_z,avg_fpar_z,0.18995934781735666,0.2763252150313601,,,,,,,,,,,,
10,,,avg_ssm_avg_fpar,IN-09-0168,2,avg_ssm_z,avg_fpar_z,-0.015256802144061776,0.3459345281164939,,,,,,,,,,,,
6,,,avg_ssm_avg_fpar,IN-09-0169,2,avg_ssm_z,avg_fpar_z,0.32935300106151966,0.322945576200842,,,,,,,,,,,,
10,,,avg_ssm_avg_fpar,IN-09-0169,2,avg_ssm_z,avg_fpar_z,0.33317542842069287,0.30062686916687664,,,,,,,,,,,,
6,,,avg_ssm_avg_fpar,IN-09-0170,2,avg_ssm_z,avg_fpar_z,0.4697452907852034,0.49146002322763305,,,,,,,,,,,,
10,,,avg_ssm_avg_fpar,IN-09-0170,2,avg_ssm_z,avg_fpar_z,0.4134588643012188,0.5654761978430987,,,,,,,,,,,,
6,,,avg_ssm_avg_fpar,IN-09-0171,2,avg_ssm_z,avg_fpar_z,0.08023817752528598,0.34174094791319554,,,,,,,,,,,,
10,,,avg_ssm_avg_fpar,IN-09-0171,2,avg_ssm_z,avg_fpar_z,-0.363063313910265,0.4630758037026303,,,,,,,,,,,,
6,,,avg_ssm_avg_fpar,IN-09-0172,2,avg_ssm_z,avg_fpar_z,0.30495829986074485,0.3096265325772504,,,,,,,,,,,,
10,,,avg_ssm_avg_fpar,IN-09-0172,2,avg_ssm_z,avg_fpar_z,0.3111880719965811,0.21495926834319562,,,,,,,,,,,,
6,,,avg_ssm_avg_fpar,IN-09-0173,2,avg_ssm_z,avg_fpar_z,0.4242923445713889,0.26894791819832303,,,,,,,,,,,,
10,,,avg_ssm_avg_fpar,IN-09-0173,2,avg_ssm_z,avg_fpar_z,0.5579922652146143,0.5053975984542787,,,,,,,,,,,,
6,,,avg_ssm_avg_fpar,IN-09-0174,2,avg_ssm_z,avg_fpar_z,0.5803826346063969,0.35334942340085984,,,,,,,,,,,,
10,,,avg_ssm_avg_fpar,IN-09-0174,2,avg_ssm_z,avg_fpar_z,0.6916514855537617,0.49227680047314043,,,,,,,,,,,,
6,,,avg_ssm_avg_fpar,IN-09-0175,2,avg_ssm_z,avg_fpar_z,0.3347193201229916,0.5381359001055877,,,,,,,,,,,,
10,,,avg_ssm_avg_fpar,IN-09-0175,2,avg_ssm_z,avg_fpar_z,0.41500419603441197,0.6135000144727695,,,,,,,,,,,,
6,,,avg_ssm_avg_fpar,IN-09-0176,2,avg_ssm_z,avg_fpar_z,0.15613959137356642,0.48371711190151306,,,,,,,,,,,,
10,,,avg_ssm_avg_fpar,IN-09-0176,2,avg_ssm_z,avg_fpar_z,0.17580126826032247,0.7201339828954205,,,,,,,,,,,,
6,,,avg_ssm_avg_fpar,IN-09-0545,2,avg_ssm_z,avg_fpar_z,0.5168497536847726,0.5169861666694827,,,,,,,,,,,,
10,,,avg_ssm_avg_fpar,IN-09-0545,2,avg_ssm_z,avg_fpar_z,0.6578122339293883,0.6230283524523996,,,,,,,,,,,,
6,,,avg_ssm_avg_fpar,IN-09-0546,2,avg_ssm_z,avg_fpar_z,0.12196823830031245,0.44999328905744224,,,,,,,,,,,,
10,,,avg_ssm_avg_fpar,IN-09-0546,2,avg_ssm_z,avg_fpar_z,0.13310134963978854,0.5475827918833771,,,,,,,,,,,,
6,,,avg_ssm_avg_fpar,IN-09-1017,2,avg_ssm_z,avg_fpar_z,0.46173578476812926,0.5196676370971549,,,,,,,,,,,,
10,,,avg_ssm_avg_fpar,IN-09-1017,2,avg_ssm_z,avg_fpar_z,0.37335143433176143,0.6531729180002223,,,,,,,,,,,,
6,,,avg_ssm_avg_fpar,IN-09-1018,2,avg_ssm_z,avg_fpar_z,0.4636621072218764,0.21296200819147026,,,,,,,,,,,,
10,,,avg_ssm_avg_fpar,IN-09-1018,2,avg_ssm_z,avg_fpar_z,0.61290153442602,0.37904672898448755,,,,,,,,,,,,
6,,,avg_ssm_avg_fpar,IN-09-1019,2,avg_ssm_z,avg_fpar_z,0.42402234568080355,0.3828815413506127,,,,,,,,,,,,
10,,,avg_ssm_avg_fpar,IN-09-1019,2,avg_ssm_z,avg_fpar_z,0.46937504685782727,0.4947520379012723,,,,,,,,,,,,
6,,,avg_ssm_avg_fpar,IN-09-2009,2,avg_ssm_z,avg_fpar_z,-0.19455430095194587,-0.1142820935174407,,,,,,,,,,,,
10,,,avg_ssm_avg_fpar,IN-09-2009,2,avg_ssm_z,avg_fpar_z,-0.10513725271561211,-0.18126458795447203,,,,,,,,,,,,
6,,,avg_ssm_avg_fpar,IN-09-2010,2,avg_ssm_z,avg_fpar_z,0.14412810177133603,0.4661467951565329,,,,,,,,,,,,
10,,,avg_ssm_avg_fpar,IN-09-2010,2,avg_ssm_z,avg_fpar_z,0.19296624203741158,0.4020077945593526,,,,,,,,,,,,
6,,,avg_ssm_avg_fpar,IN-09-2011,2,avg_ssm_z,avg_fpar_z,0.4739157093858958,0.4393930025164268,,,,,,,,,,,,
10,,,avg_ssm_avg_fpar,IN-09-2011,2,avg_ssm_z,avg_fpar_z,0.6029419931058544,0.515136523962606,,,,,,,,,,,,
6,,,avg_ssm_avg_fpar,IN-10-0139,2,avg_ssm_z,avg_fpar_z,-0.36490409971574084,-0.22630772572507324,,,,,,,,,,,,
10,,,avg_ssm_avg_fpar,IN-10-0139,2,avg_ssm_z,avg_fpar_z,-0.4701668637312434,-0.1781090513314309,,,,,,,,,,,,
6,,,avg_ssm_avg_fpar,IN-10-0140,2,avg_ssm_z,avg_fpar_z,0.23398043701735646,0.5706179193440065,,,,,,,,,,,,
10,,,avg_ssm_avg_fpar,IN-10-0140,2,avg_ssm_z,avg_fpar_z,0.4737899751177646,0.6120555693098297,,,,,,,,,,,,
6,,,avg_ssm_avg_fpar,IN-10-0141,2,avg_ssm_z,avg_fpar_z,0.3763013194302414,0.30921408299660125,,,,,,,,,,,,
10,,,avg_ssm_avg_fpar,IN-10-0141,2,avg_ssm_z,avg_fpar_z,0.4471440344058252,0.4120966532839888,,,,,,,,,,,,
6,,,avg_ssm_avg_fpar,IN-10-0142,2,avg_ssm_z,avg_fpar_z,0.02348274158288264,0.04626408650063479,,,,,,,,,,,,
10,,,avg_ssm_avg_fpar,IN-10-0142,2,avg_ssm_z,avg_fpar_z,0.06581287410116332,-0.10671667019254576,,,,,,,,,,,,
6,,,avg_ssm_avg_fpar,IN-10-0143,2,avg_ssm_z,avg_fpar_z,-0.06879788083046981,0.27110021792909,,,,,,,,,,,,
10,,,avg_ssm_avg_fpar,IN-10-0143,2,avg_ssm_z,avg_fpar_z,0.12015879326201358,0.5401794099440969,,,,,,,,,,,,
6,,,avg_ssm_avg_fpar,IN-10-0144,2,avg_ssm_z,avg_fpar_z,-0.45382662011553554,-0.5409358116401257,,,,,,,,,,,,
10,,,avg_ssm_avg_fpar,IN-10-0144,2,avg_ssm_z,avg_fpar_z,-0.4621500050582982,-0.3429558353883304,,,,,,,,,,,,
6,,,avg_ssm_avg_fpar,IN-10-0145,2,avg_ssm_z,avg_fpar_z,0.6897902194322025,0.37999452158770197,,,,,,,,,,,,
10,,,avg_ssm_avg_fpar,IN-10-0145,2,avg_ssm_z,avg_fpar_z,0.7518033894848387,0.5434299048171812,,,,,,,,,,,,
6,,,avg_ssm_avg_fpar,IN-10-0146,2,avg_ssm_z,avg_fpar_z,-0.5028460793115401,-0.4566749524823147,,,,,,,,,,,,
10,,,avg_ssm_avg_fpar,IN-10-0146,2,avg_ssm_z,avg_fpar_z,-0.6426653270354551,-0.42779185023753896,,,,,,,,,,,,
6,,,avg_ssm_avg_fpar,IN-10-0147,2,avg_ssm_z,avg_fpar_z,-0.07814114550794607,0.24502819081386434,,,,,,,,,,,,
10,,,avg_ssm_avg_fpar,IN-10-0147,2,avg_ssm_z,avg_fpar_z,-0.022037329795851168,0.44256146157499004,,,,,,,,,,,,
6,,,avg_ssm_avg_fpar,IN-10-0148,2,avg_ssm_z,avg_fpar_z,0.7364380497143818,0.5506694640325246,,,,,,,,,,,,
10,,,avg_ssm_avg_fpar,IN-10-0148,2,avg_ssm_z,avg_fpar_z,0.8150634213417092,0.6451067893725412,,,,,,,,,,,,
6,,,avg_ssm_avg_fpar,IN-10-0149,2,avg_ssm_z,avg_fpar_z,0.3113537804067304,0.36210583599666485,,,,,,,,,,,,
10,,,avg_ssm_avg_fpar,IN-10-0149,2,avg_ssm_z,avg_fpar_z,0.3584245104777951,0.1374100044509357,,,,,,,,,,,,
6,,,avg_ssm_avg_fpar,IN-10-0150,2,avg_ssm_z,avg_fpar_z,0.5414960789877787,0.37988756516990235,,,,,,,,,,,,
10,,,avg_ssm_avg_fpar,IN-10-0150,2,avg_ssm_z,avg_fpar_z,0.6303280255725002,0.5115568548141483,,,,,,,,,,,,
6,,,avg_ssm_avg_fpar,IN-10-0151,2,avg_ssm_z,avg_fpar_z,-0.03804124004012242,0.375021974793968,,,,,,,,,,,,
10,,,avg_ssm_avg_fpar,IN-10-0151,2,avg_ssm_z,avg_fpar_z,0.06349917700483396,0.5346778622429871,,,,,,,,,,,,
6,,,avg_ssm_avg_fpar,IN-10-0152,2,avg_ssm_z,avg_fpar_z,0.03792973348422463,-0.18923614650984613,,,,,,,,,,,,
10,,,avg_ssm_avg_fpar,IN-10-0152,2,avg_ssm_z,avg_fpar_z,-0.2069279010625153,-0.2212414304350417,,,,,,,,,,,,
6,,,avg_ssm_avg_fpar,IN-10-0153,2,avg_ssm_z,avg_fpar_z,0.1757346352217363,0.15404162994976675,,,,,,,,,,,,
10,,,avg_ssm_avg_fpar,IN-10-0153,2,avg_ssm_z,avg_fpar_z,0.35345111584434075,0.22681991711994592,,,,,,,,,,,,
6,,,avg_ssm_avg_fpar,IN-10-0154,2,avg_ssm_z,avg_fpar_z,0.49626027267144046,0.3166781032260375,,,,,,,,,,,,
10,,,avg_ssm_avg_fpar,IN-10-0154,2,avg_ssm_z,avg_fpar_z,0.6499846746220259,0.30344613142633586,,,,,,,,,,,,
6,,,avg_ssm_avg_fpar,IN-10-0155,2,avg_ssm_z,avg_fpar_z,0.21518954485635072,0.43805027105763134,,,,,,,,,,,,
10,,,avg_ssm_avg_fpar,IN-10-0155,2,avg_ssm_z,avg_fpar_z,0.3973046444273417,0.6595541265119131,,,,,,,,,,,,
6,,,avg_ssm_avg_fpar,IN-10-0156,2,avg_ssm_z,avg_fpar_z,0.09641160272704707,-0.007235148551206444,,,,,,,,,,,,
10,,,avg_ssm_avg_fpar,IN-10-0156,2,avg_ssm_z,avg_fpar_z,-0.08529034548353447,-0.08027601804331308,,,,,,,,,,,,
6,,,avg_ssm_avg_fpar,IN-10-0157,2,avg_ssm_z,avg_fpar_z,-0.1525684985364541,-0.037689412164914705,,,,,,,,,,,,
10,,,avg_ssm_avg_fpar,IN-10-0157,2,avg_ssm_z,avg_fpar_z,-0.128116235693681,0.022565962749065076,,,,,,,,,,,,
6,,,avg_ssm_avg_fpar,IN-10-0158,2,avg_ssm_z,avg_fpar_z,-0.022291733939540766,0.21482007626910588,,,,,,,,,,,,
10,,,avg_ssm_avg_fpar,IN-10-0158,2,avg_ssm_z,avg_fpar_z,0.006192069717316004,0.30559064690166027,,,,,,,,,,,,
6,,,avg_ssm_avg_fpar,IN-10-0159,2,avg_ssm_z,avg_fpar_z,-0.1984945704061735,-0.11231694175320497,,,,,,,,,,,,
10,,,avg_ssm_avg_fpar,IN-10-0159,2,avg_ssm_z,avg_fpar_z,-0.10008848345188884,0.03414899563392558,,,,,,,,,,,,
6,,,avg_ssm_avg_fpar,IN-10-0160,2,avg_ssm_z,avg_fpar_z,-0.21411249285441677,0.18442836712224267,,,,,,,,,,,,
10,,,avg_ssm_avg_fpar,IN-10-0160,2,avg_ssm_z,avg_fpar_z,-0.2808762214779572,0.3676021540058954,,,,,,,,,,,,
6,,,avg_ssm_avg_fpar,IN-10-0161,2,avg_ssm_z,avg_fpar_z,0.17886767829731226,0.517313015657335,,,,,,,,,,,,
10,,,avg_ssm_avg_fpar,IN-10-0161,2,avg_ssm_z,avg_fpar_z,0.37719289607696294,0.6425735557872138,,,,,,,,,,,,
6,,,avg_ssm_avg_fpar,IN-10-0162,2,avg_ssm_z,avg_fpar_z,0.4923125438755439,0.5002446246112104,,,,,,,,,,,,
10,,,avg_ssm_avg_fpar,IN-10-0162,2,avg_ssm_z,avg_fpar_z,0.5936176572922275,0.5723828393314538,,,,,,,,,,,,
6,,,avg_ssm_avg_fpar,IN-10-0163,2,avg_ssm_z,avg_fpar_z,-0.3479487048675623,0.11111706442482128,,,,,,,,,,,,
10,,,avg_ssm_avg_fpar,IN-10-0163,2,avg_ssm_z,avg_fpar_z,-0.494563995629819,0.011471012136545658,,,,,,,,,,,,
6,,,avg_ssm_avg_fpar,IN-10-0164,2,avg_ssm_z,avg_fpar_z,0.4877426339908727,0.5731702359419696,,,,,,,,,,,,
10,,,avg_ssm_avg_fpar,IN-10-0164,2,avg_ssm_z,avg_fpar_z,0.5652216963651349,0.6349897870788066,,,,,,,,,,,,
6,,,avg_ssm_avg_fpar,IN-10-0519,2,avg_ssm_z,avg_fpar_z,-0.36034787149907344,0.12744502884675873,,,,,,,,,,,,
10,,,avg_ssm_avg_fpar,IN-10-0519,2,avg_ssm_z,avg_fpar_z,-0.47455485049740903,0.3787928370998665,,,,,,,,,,,,
6,,,avg_ssm_avg_fpar,IN-10-0536,2,avg_ssm_z,avg_fpar_z,-0.04088854232093536,-0.28583665248744883,,,,,,,,,,,,
10,,,avg_ssm_avg_fpar,IN-10-0536,2,avg_ssm_z,avg_fpar_z,0.11906803371960979,-0.23007342975009645,,,,,,,,,,,,
6,,,avg_ssm_avg_fpar,IN-10-0537,2,avg_ssm_z,avg_fpar_z,-0.09906475861815844,0.40362383787770495,,,,,,,,,,,,
10,,,avg_ssm_avg_fpar,IN-10-0537,2,avg_ssm_z,avg_fpar_z,0.2021076077892566,0.6368587523967303,,,,,,,,,,,,
6,,,avg_ssm_avg_fpar,IN-10-0538,2,avg_ssm_z,avg_fpar_z,0.06915498101778768,0.3550014735287986,,,,,,,,,,,,
10,,,avg_ssm_avg_fpar,IN-10-0538,2,avg_ssm_z,avg_fpar_z,0.2920223041489882,0.5170916465694808,,,,,,,,,,,,
6,,,avg_ssm_avg_fpar,IN-10-0539,2,avg_ssm_z,avg_fpar_z,0.5009374162843023,0.5521039984571063,,,,,,,,,,,,
10,,,avg_ssm_avg_fpar,IN-10-0539,2,avg_ssm_z,avg_fpar_z,0.580244010041197,0.5953299964615245,,,,,,,,,,,,
6,,,avg_ssm_avg_fpar,IN-10-1020,2,avg_ssm_z,avg_fpar_z,-0.2501090630949575,0.4180111776360341,,,,,,,,,,,,
10,,,avg_ssm_avg_fpar,IN-10-1020,2,avg_ssm_z,avg_fpar_z,-0.1985038828666695,0.5892709004578427,,,,,,,,,,,,
6,,,avg_ssm_avg_fpar,IN-10-2012,2,avg_ssm_z,avg_fpar_z,-0.3271921848584106,0.15969278162357028,,,,,,,,,,,,
6,,,avg_ssm_avg_fpar,IN-12-0189,2,avg_ssm_z,avg_fpar_z,0.5616129586300229,0.4489094548465557,,,,,,,,,,,,
10,,,avg_ssm_avg_fpar,IN-12-0189,2,avg_ssm_z,avg_fpar_z,0.45445538388895146,0.4121627605600546,,,,,,,,,,,,
6,,,avg_ssm_avg_fpar,IN-12-0190,2,avg_ssm_z,avg_fpar_z,0.5536737140911695,0.3156958916889868,,,,,,,,,,,,
10,,,avg_ssm_avg_fpar,IN-12-0190,2,avg_ssm_z,avg_fpar_z,0.6102809887530418,0.3030244207870576,,,,,,,,,,,,
6,,,avg_ssm_avg_fpar,IN-12-0191,2,avg_ssm_z,avg_fpar_z,0.40484820876491556,0.395965382341154,,,,,,,,,,,,
10,,,avg_ssm_avg_fpar,IN-12-0191,2,avg_ssm_z,avg_fpar_z,0.3609221884357004,0.23078826429140803,,,,,,,,,,,,
6,,,avg_ssm_avg_fpar,IN-12-0192,2,avg_ssm_z,avg_fpar_z,0.5491701089451108,0.45525896495600787,,,,,,,,,,,,
10,,,avg_ssm_avg_fpar,IN-12-0192,2,avg_ssm_z,avg_fpar_z,0.6047861987261771,0.5016571008603565,,,,,,,,,,,,
6,,,avg_ssm_avg_fpar,IN-12-0193,2,avg_ssm_z,avg_fpar_z,0.18012220714052313,0.27181125041944365,,,,,,,,,,,,
10,,,avg_ssm_avg_fpar,IN-12-0193,2,avg_ssm_z,avg_fpar_z,0.21750660384178752,0.4815641439944929,,,,,,,,,,,,
6,,,avg_ssm_avg_fpar,IN-12-0194,2,avg_ssm_z,avg_fpar_z,0.5322279647234154,0.5104825203274663,,,,,,,,,,,,
10,,,avg_ssm_avg_fpar,IN-12-0194,2,avg_ssm_z,avg_fpar_z,0.694374297722374,0.5917821107745389,,,,,,,,,,,,
6,,,avg_ssm_avg_fpar,IN-12-0195,2,avg_ssm_z,avg_fpar_z,0.41275326980175386,0.4867839563891403,,,,,,,,,,,,
10,,,avg_ssm_avg_fpar,IN-12-0195,2,avg_ssm_z,avg_fpar_z,0.6408916002513185,0.5177657283278781,,,,,,,,,,,,
6,,,avg_ssm_avg_fpar,IN-12-0196,2,avg_ssm_z,avg_fpar_z,-0.11443094721537336,0.13061275983272883,,,,,,,,,,,,
10,,,avg_ssm_avg_fpar,IN-12-0196,2,avg_ssm_z,avg_fpar_z,-0.04833401281396739,0.3591535898611555,,,,,,,,,,,,
6,,,avg_ssm_avg_fpar,IN-12-0197,2,avg_ssm_z,avg_fpar_z,0.021223188557436674,0.28095181095363364,,,,,,,,,,,,
10,,,avg_ssm_avg_fpar,IN-12-0197,2,avg_ssm_z,avg_fpar_z,0.04129884700280901,0.32195166355239363,,,,,,,,,,,,
6,,,avg_ssm_avg_fpar,IN-12-0198,2,avg_ssm_z,avg_fpar_z,0.31087116887322763,0.22687341624336604,,,,,,,,,,,,
10,,,avg_ssm_avg_fpar,IN-12-0198,2,avg_ssm_z,avg_fpar_z,0.507976253292395,0.23660858979794427,,,,,,,,,,,,
6,,,avg_ssm_avg_fpar,IN-12-0199,2,avg_ssm_z,avg_fpar_z,0.25262978208290865,0.5264452233311303,,,,,,,,,,,,
10,,,avg_ssm_avg_fpar,IN-12-0199,2,avg_ssm_z,avg_fpar_z,0.22420040341312655,0.5232440247418687,,,,,,,,,,,,
6,,,avg_ssm_avg_fpar,IN-12-0200,2,avg_ssm_z,avg_fpar_z,0.36025917346188313,0.473152654314826,,,,,,,,,,,,
10,,,avg_ssm_avg_fpar,IN-12-0200,2,avg_ssm_z,avg_fpar_z,0.4639513089514396,0.5838250500052975,,,,,,,,,,,,
6,,,avg_ssm_avg_fpar,IN-12-0201,2,avg_ssm_z,avg_fpar_z,0.27302336030833646,0.49599613776961754,,,,,,,,,,,,
10,,,avg_ssm_avg_fpar,IN-12-0201,2,avg_ssm_z,avg_fpar_z,0.2377598057945673,0.5278734733800524,,,,,,,,,,,,
6,,,avg_ssm_avg_fpar,IN-12-0202,2,avg_ssm_z,avg_fpar_z,0.21205408747390003,0.5069338741735099,,,,,,,,,,,,
10,,,avg_ssm_avg_fpar,IN-12-0202,2,avg_ssm_z,avg_fpar_z,0.18458621196952457,0.5153831896530061,,,,,,,,,,,,
6,,,avg_ssm_avg_fpar,IN-12-0203,2,avg_ssm_z,avg_fpar_z,0.35656827948956504,0.6485175449611484,,,,,,,,,,,,
10,,,avg_ssm_avg_fpar,IN-12-0203,2,avg_ssm_z,avg_fpar_z,0.35489055868249747,0.638985134817623,,,,,,,,,,,,
6,,,avg_ssm_avg_fpar,IN-12-0204,2,avg_ssm_z,avg_fpar_z,0.28730571528499904,0.5590193708715361,,,,,,,,,,,,
10,,,avg_ssm_avg_fpar,IN-12-0204,2,avg_ssm_z,avg_fpar_z,0.26222014185013875,0.6075227880710623,,,,,,,,,,,,
6,,,avg_ssm_avg_fpar,IN-12-0205,2,avg_ssm_z,avg_fpar_z,0.44899517973028197,0.5073341958997126,,,,,,,,,,,,
10,,,avg_ssm_avg_fpar,IN-12-0205,2,avg_ssm_z,avg_fpar_z,0.4019702501017523,0.5737837657257471,,,,,,,,,,,,
6,,,avg_ssm_avg_fpar,IN-12-0206,2,avg_ssm_z,avg_fpar_z,-0.2347859053358341,0.10147217119972804,,,,,,,,,,,,
10,,,avg_ssm_avg_fpar,IN-12-0206,2,avg_ssm_z,avg_fpar_z,-0.3551615733942972,0.046732385013016055,,,,,,,,,,,,
6,,,avg_ssm_avg_fpar,IN-12-0207,2,avg_ssm_z,avg_fpar_z,-0.15247427944144895,0.2923794552641108,,,,,,,,,,,,
10,,,avg_ssm_avg_fpar,IN-12-0207,2,avg_ssm_z,avg_fpar_z,-0.19064309089369785,0.3404429041298166,,,,,,,,,,,,
6,,,avg_ssm_avg_fpar,IN-12-0209,2,avg_ssm_z,avg_fpar_z,-0.21006863237421847,-0.38958429433188646,,,,,,,,,,,,
10,,,avg_ssm_avg_fpar,IN-12-0209,2,avg_ssm_z,avg_fpar_z,-0.42838498163555183,-0.5297724317182035,,,,,,,,,,,,
6,,,avg_ssm_avg_fpar,IN-12-0210,2,avg_ssm_z,avg_fpar_z,-0.5892601683297409,-0.34170466747316103,,,,,,,,,,,,
10,,,avg_ssm_avg_fpar,IN-12-0210,2,avg_ssm_z,avg_fpar_z,-0.7577732523877565,-0.5395572622654174,,,,,,,,,,,,
6,,,avg_ssm_avg_fpar,IN-12-0211,2,avg_ssm_z,avg_fpar_z,-0.15814803488414977,-0.5787260685241902,,,,,,,,,,,,
10,,,avg_ssm_avg_fpar,IN-12-0211,2,avg_ssm_z,avg_fpar_z,-0.49829982304875553,-0.6774950934549565,,,,,,,,,,,,
6,,,avg_ssm_avg_fpar,IN-12-0212,2,avg_ssm_z,avg_fpar_z,-0.12487947462993063,-0.3129605833387511,,,,,,,,,,,,
10,,,avg_ssm_avg_fpar,IN-12-0212,2,avg_ssm_z,avg_fpar_z,-0.26860535385462714,-0.23574998084239462,,,,,,,,,,,,
6,,,avg_ssm_avg_fpar,IN-12-0213,2,avg_ssm_z,avg_fpar_z,-0.3864708138746082,-0.4559971512975013,,,,,,,,,,,,
10,,,avg_ssm_avg_fpar,IN-12-0213,2,avg_ssm_z,avg_fpar_z,-0.7356591980781119,-0.5126372982461881,,,,,,,,,,,,
6,,,avg_ssm_avg_fpar,IN-12-0214,2,avg_ssm_z,avg_fpar_z,-0.113018439662774,-0.49804501821869973,,,,,,,,,,,,
10,,,avg_ssm_avg_fpar,IN-12-0214,2,avg_ssm_z,avg_fpar_z,-0.34204967626174654,-0.5200778979181738,,,,,,,,,,,,
6,,,avg_ssm_avg_fpar,IN-12-0215,2,avg_ssm_z,avg_fpar_z,-0.248656532645484,-0.16467754031965648,,,,,,,,,,,,
10,,,avg_ssm_avg_fpar,IN-12-0215,2,avg_ssm_z,avg_fpar_z,-0.49508207040234825,-0.14336706392263712,,,,,,,,,,,,
6,,,avg_ssm_avg_fpar,IN-12-0216,2,avg_ssm_z,avg_fpar_z,-0.22110889896981406,-0.11073992100390753,,,,,,,,,,,,
10,,,avg_ssm_avg_fpar,IN-12-0216,2,avg_ssm_z,avg_fpar_z,-0.176966396958742,-0.15612102903879452,,,,,,,,,,,,
6,,,avg_ssm_avg_fpar,IN-12-0217,2,avg_ssm_z,avg_fpar_z,-0.5788208615294734,-0.2454078559337039,,,,,,,,,,,,
10,,,avg_ssm_avg_fpar,IN-12-0217,2,avg_ssm_z,avg_fpar_z,-0.6957363560985298,-0.2995512816523823,,,,,,,,,,,,
6,,,avg_ssm_avg_fpar,IN-12-0218,2,avg_ssm_z,avg_fpar_z,-0.23311834171835172,0.1452357995127334,,,,,,,,,,,,
10,,,avg_ssm_avg_fpar,IN-12-0218,2,avg_ssm_z,avg_fpar_z,-0.2375686719917618,0.05051772459492789,,,,,,,,,,,,
6,,,avg_ssm_avg_fpar,IN-12-0219,2,avg_ssm_z,avg_fpar_z,0.19477390888705548,0.022034019632740355,,,,,,,,,,,,
10,,,avg_ssm_avg_fpar,IN-12-0219,2,avg_ssm_z,avg_fpar_z,0.24995132603071343,-0.035873766552962164,,,,,,,,,,,,
6,,,avg_ssm_avg_fpar,IN-12-0220,2,avg_ssm_z,avg_fpar_z,0.37979890059152266,0.2522110867869435,,,,,,,,,,,,
10,,,avg_ssm_avg_fpar,IN-12-0220,2,avg_ssm_z,avg_fpar_z,0.5341824667822153,-0.1432987751391896,,,,,,,,,,,,
6,,,avg_ssm_avg_fpar,IN-12-0221,2,avg_ssm_z,avg_fpar_z,-0.009036932259823244,0.2743247108854476,,,,,,,,,,,,
10,,,avg_ssm_avg_fpar,IN-12-0221,2,avg_ssm_z,avg_fpar_z,0.10923367599334113,-0.11411783259900647,,,,,,,,,,,,
6,,,avg_ssm_avg_fpar,IN-12-0222,2,avg_ssm_z,avg_fpar_z,0.2655606228947863,0.20229076378284425,,,,,,,,,,,,
10,,,avg_ssm_avg_fpar,IN-12-0222,2,avg_ssm_z,avg_fpar_z,0.4165175481137542,-0.15706397852140835,,,,,,,,,,,,
6,,,avg_ssm_avg_fpar,IN-12-0223,2,avg_ssm_z,avg_fpar_z,-0.08132076200994091,-0.023114063086755784,,,,,,,,,,,,
10,,,avg_ssm_avg_fpar,IN-12-0223,2,avg_ssm_z,avg_fpar_z,-0.382654691339918,-0.2896101305814484,,,,,,,,,,,,
6,,,avg_ssm_avg_fpar,IN-12-0224,2,avg_ssm_z,avg_fpar_z,0.11242719264154702,0.14653361903848386,,,,,,,,,,,,
10,,,avg_ssm_avg_fpar,IN-12-0224,2,avg_ssm_z,avg_fpar_z,0.012558828662302063,-0.02492348176066479,,,,,,,,,,,,
6,,,avg_ssm_avg_fpar,IN-12-0225,2,avg_ssm_z,avg_fpar_z,-0.3115361815862867,0.23340139330949566,,,,,,,,,,,,
10,,,avg_ssm_avg_fpar,IN-12-0225,2,avg_ssm_z,avg_fpar_z,-0.38219134988592646,0.33704646435224184,,,,,,,,,,,,
6,,,avg_ssm_avg_fpar,IN-12-0226,2,avg_ssm_z,avg_fpar_z,-0.47795600315229514,0.1557139330500356,,,,,,,,,,,,
10,,,avg_ssm_avg_fpar,IN-12-0226,2,avg_ssm_z,avg_fpar_z,-0.6259291653231894,0.058006237278908065,,,,,,,,,,,,
6,,,avg_ssm_avg_fpar,IN-12-0227,2,avg_ssm_z,avg_fpar_z,-0.27539455979493493,0.11503707451687588,,,,,,,,,,,,
10,,,avg_ssm_avg_fpar,IN-12-0227,2,avg_ssm_z,avg_fpar_z,-0.45064274920943037,0.022349640530025333,,,,,,,,,,,,
6,,,avg_ssm_avg_fpar,IN-12-0228,2,avg_ssm_z,avg_fpar_z,0.05812655205944406,0.2829679589602202,,,,,,,,,,,,
10,,,avg_ssm_avg_fpar,IN-12-0228,2,avg_ssm_z,avg_fpar_z,0.22741999019216258,0.38973390891637194,,,,,,,,,,,,
6,,,avg_ssm_avg_fpar,IN-12-0229,2,avg_ssm_z,avg_fpar_z,-0.040903194742900925,0.2808297624873843,,,,,,,,,,,,
10,,,avg_ssm_avg_fpar,IN-12-0229,2,avg_ssm_z,avg_fpar_z,-0.17563869737091026,0.22090694584186812,,,,,,,,,,,,
6,,,avg_ssm_avg_fpar,IN-12-0230,2,avg_ssm_z,avg_fpar_z,0.28780242053601574,0.589273054651321,,,,,,,,,,,,
10,,,avg_ssm_avg_fpar,IN-12-0230,2,avg_ssm_z,avg_fpar_z,0.3578699539737412,0.5528460076211387,,,,,,,,,,,,
6,,,avg_ssm_avg_fpar,IN-12-0231,2,avg_ssm_z,avg_fpar_z,-0.3678864789691811,-0.03183769416825797,,,,,,,,,,,,
10,,,avg_ssm_avg_fpar,IN-12-0231,2,avg_ssm_z,avg_fpar_z,-0.355144831069073,-0.1870063120418346,,,,,,,,,,,,
6,,,avg_ssm_avg_fpar,IN-12-0232,2,avg_ssm_z,avg_fpar_z,-0.23882963396643034,0.12261612242371363,,,,,,,,,,,,
10,,,avg_ssm_avg_fpar,IN-12-0232,2,avg_ssm_z,avg_fpar_z,-0.18985650840998097,0.10215909572889721,,,,,,,,,,,,
6,,,avg_ssm_avg_fpar,IN-12-0233,2,avg_ssm_z,avg_fpar_z,0.08609441544901145,0.25224364098988983,,,,,,,,,,,,
10,,,avg_ssm_avg_fpar,IN-12-0233,2,avg_ssm_z,avg_fpar_z,0.17088058169210169,0.3287131675608424,,,,,,,,,,,,
6,,,avg_ssm_avg_fpar,IN-12-0234,2,avg_ssm_z,avg_fpar_z,-0.3984212209252555,0.15080597287836506,,,,,,,,,,,,
10,,,avg_ssm_avg_fpar,IN-12-0234,2,avg_ssm_z,avg_fpar_z,-0.5233254779352664,0.14339725847513496,,,,,,,,,,,,
6,,,avg_ssm_avg_fpar,IN-12-0235,2,avg_ssm_z,avg_fpar_z,-0.5150593841903264,0.06884046035661125,,,,,,,,,,,,
10,,,avg_ssm_avg_fpar,IN-12-0235,2,avg_ssm_z,avg_fpar_z,-0.6493804026037268,0.035388228236617435,,,,,,,,,,,,
6,,,avg_ssm_avg_fpar,IN-12-0236,2,avg_ssm_z,avg_fpar_z,-0.20690212087355073,0.3643559219231909,,,,,,,,,,,,
10,,,avg_ssm_avg_fpar,IN-12-0236,2,avg_ssm_z,avg_fpar_z,-0.19553201713332624,0.3197316913916605,,,,,,,,,,,,
6,,,avg_ssm_avg_fpar,IN-12-0528,2,avg_ssm_z,avg_fpar_z,0.03368335691995213,0.1177870822866025,,,,,,,,,,,,
10,,,avg_ssm_avg_fpar,IN-12-0528,2,avg_ssm_z,avg_fpar_z,0.20784573209177548,0.09405334762114223,,,,,,,,,,,,
6,,,avg_ssm_avg_fpar,IN-12-0529,2,avg_ssm_z,avg_fpar_z,-0.4370391143731057,-0.36397225708607317,,,,,,,,,,,,
10,,,avg_ssm_avg_fpar,IN-12-0529,2,avg_ssm_z,avg_fpar_z,-0.4054162294304503,-0.5835947570509562,,,,,,,,,,,,
6,,,avg_ssm_avg_fpar,IN-12-0530,2,avg_ssm_z,avg_fpar_z,0.3037989916046324,0.24004951338791045,,,,,,,,,,,,
10,,,avg_ssm_avg_fpar,IN-12-0530,2,avg_ssm_z,avg_fpar_z,0.3233872415701704,-0.11359612796250562,,,,,,,,,,,,
6,,,avg_ssm_avg_fpar,IN-12-0531,2,avg_ssm_z,avg_fpar_z,0.03088068579391745,0.00548034590289376,,,,,,,,,,,,
10,,,avg_ssm_avg_fpar,IN-12-0531,2,avg_ssm_z,avg_fpar_z,-0.12249602562270497,-0.2936054774530791,,,,,,,,,,,,
6,,,avg_ssm_avg_fpar,IN-12-0532,2,avg_ssm_z,avg_fpar_z,-0.35406962674073716,-0.02758219586520108,,,,,,,,,,,,
10,,,avg_ssm_avg_fpar,IN-12-0532,2,avg_ssm_z,avg_fpar_z,-0.38946582068410074,-0.24744558255280324,,,,,,,,,,,,
6,,,avg_ssm_avg_fpar,IN-12-0533,2,avg_ssm_z,avg_fpar_z,-0.08487054816521211,0.24711069084217052,,,,,,,,,,,,
10,,,avg_ssm_avg_fpar,IN-12-0533,2,avg_ssm_z,avg_fpar_z,-0.20267463631299507,0.01699025685552452,,,,,,,,,,,,
6,,,avg_ssm_avg_fpar,IN-12-0547,2,avg_ssm_z,avg_fpar_z,-0.2392085889266614,-0.20565969069179832,,,,,,,,,,,,
10,,,avg_ssm_avg_fpar,IN-12-0547,2,avg_ssm_z,avg_fpar_z,-0.48770569236144085,-0.12154450877759686,,,,,,,,,,,,
6,,,avg_ssm_avg_fpar,IN-12-0548,2,avg_ssm_z,avg_fpar_z,-0.13778847089764917,-0.12546641513162438,,,,,,,,,,,,
10,,,avg_ssm_avg_fpar,IN-12-0548,2,avg_ssm_z,avg_fpar_z,-0.28823021442015556,-0.14095632187648727,,,,,,,,,,,,
6,,,avg_ssm_avg_fpar,IN-12-1028,2,avg_ssm_z,avg_fpar_z,-0.26467705025473776,0.034100047087932864,,,,,,,,,,,,
10,,,avg_ssm_avg_fpar,IN-12-1028,2,avg_ssm_z,avg_fpar_z,-0.29725110105288677,-0.04542667059587164,,,,,,,,,,,,
6,,,avg_ssm_avg_fpar,IN-12-1029,2,avg_ssm_z,avg_fpar_z,0.27104786789589097,0.08352677482564234,,,,,,,,,,,,
10,,,avg_ssm_avg_fpar,IN-12-1029,2,avg_ssm_z,avg_fpar_z,0.2312128879342902,-0.1702902105035508,,,,,,,,,,,,
6,,,avg_ssm_avg_fpar,IN-12-1031,2,avg_ssm_z,avg_fpar_z,-0.18258475908626423,0.03441341390532425,,,,,,,,,,,,
10,,,avg_ssm_avg_fpar,IN-12-1031,2,avg_ssm_z,avg_fpar_z,-0.22831759781677308,-0.019423002524355342,,,,,,,,,,,,
6,,,avg_ssm_avg_fpar,IN-12-1033,2,avg_ssm_z,avg_fpar_z,0.13952198057071666,0.09809494192402386,,,,,,,,,,,,
10,,,avg_ssm_avg_fpar,IN-12-1033,2,avg_ssm_z,avg_fpar_z,0.1941332050506812,0.244992453391987,,,,,,,,,,,,
6,,,avg_ssm_avg_fpar,IN-12-1034,2,avg_ssm_z,avg_fpar_z,-0.28688219725724007,-0.01090946000397564,,,,,,,,,,,,
10,,,avg_ssm_avg_fpar,IN-12-1034,2,avg_ssm_z,avg_fpar_z,-0.4510482399177514,0.00122120141180539,,,,,,,,,,,,
6,,,avg_ssm_avg_fpar,IN-12-1036,2,avg_ssm_z,avg_fpar_z,-0.23153300756626655,-0.27854926765697163,,,,,,,,,,,,
10,,,avg_ssm_avg_fpar,IN-12-1036,2,avg_ssm_z,avg_fpar_z,-0.15131440697623683,-0.3161795813139488,,,,,,,,,,,,
6,,,avg_ssm_avg_fpar,IN-12-1037,2,avg_ssm_z,avg_fpar_z,-0.04064297186785592,-0.005001842705885063,,,,,,,,,,,,
10,,,avg_ssm_avg_fpar,IN-12-1037,2,avg_ssm_z,avg_fpar_z,-0.14065433582674972,0.11002702008615994,,,,,,,,,,,,
6,,,avg_ssm_avg_fpar,IN-12-1038,2,avg_ssm_z,avg_fpar_z,0.37679029701135014,0.15832798341086957,,,,,,,,,,,,
10,,,avg_ssm_avg_fpar,IN-12-1038,2,avg_ssm_z,avg_fpar_z,0.3723741794212855,0.6035194505170783,,,,,,,,,,,,
6,,,avg_ssm_avg_fpar,IN-12-1039,2,avg_ssm_z,avg_fpar_z,0.3038109376934971,0.2326305478104176,,,,,,,,,,,,
10,,,avg_ssm_avg_fpar,IN-12-1039,2,avg_ssm_z,avg_fpar_z,0.5376246719833107,0.23256578152274696,,,,,,,,,,,,
6,,,avg_ssm_avg_fpar,IN-12-1040,2,avg_ssm_z,avg_fpar_z,0.5284134563234856,0.5596542304172768,,,,,,,,,,,,
10,,,avg_ssm_avg_fpar,IN-12-1040,2,avg_ssm_z,avg_fpar_z,0.6059057951449152,0.6324872066938453,,,,,,,,,,,,
6,,,avg_ssm_avg_fpar,IN-12-1041,2,avg_ssm_z,avg_fpar_z,-0.17567759577109548,0.3814893352617813,,,,,,,,,,,,
10,,,avg_ssm_avg_fpar,IN-12-1041,2,avg_ssm_z,avg_fpar_z,-0.1523504796953996,0.43484823700664804,,,,,,,,,,,,
6,,,avg_ssm_avg_fpar,IN-12-1042,2,avg_ssm_z,avg_fpar_z,-0.43999550033408497,-0.20907537672382964,,,,,,,,,,,,
10,,,avg_ssm_avg_fpar,IN-12-1042,2,avg_ssm_z,avg_fpar_z,-0.6302854017773969,-0.3945152397112497,,,,,,,,,,,,
6,,,avg_ssm_avg_fpar,IN-12-1044,2,avg_ssm_z,avg_fpar_z,-0.38578519892345875,-0.020025181047366933,,,,,,,,,,,,
10,,,avg_ssm_avg_fpar,IN-12-1044,2,avg_ssm_z,avg_fpar_z,-0.4972849407594218,-0.2843562777079801,,,,,,,,,,,,
6,,,avg_ssm_avg_fpar,IN-12-1045,2,avg_ssm_z,avg_fpar_z,-0.10530328865004775,0.13709460528696615,,,,,,,,,,,,
10,,,avg_ssm_avg_fpar,IN-12-1045,2,avg_ssm_z,avg_fpar_z,-0.2577742535085411,-0.13888090694679506,,,,,,,,,,,,
6,,,avg_ssm_avg_fpar,IN-12-1046,2,avg_ssm_z,avg_fpar_z,-0.01548264849325991,0.13327797693720264,,,,,,,,,,,,
10,,,avg_ssm_avg_fpar,IN-12-1046,2,avg_ssm_z,avg_fpar_z,-0.0865399228562264,0.10623302298651685,,,,,,,,,,,,
6,,,avg_ssm_avg_fpar,IN-12-2013,2,avg_ssm_z,avg_fpar_z,-0.03358855884587736,0.06400083861142064,,,,,,,,,,,,
6,,,avg_ssm_avg_fpar,IN-13-0801,2,avg_ssm_z,avg_fpar_z,-0.12690748853398198,-0.4929806990246369,,,,,,,,,,,,
10,,,avg_ssm_avg_fpar,IN-13-0801,2,avg_ssm_z,avg_fpar_z,-0.15110978760489577,-0.6236701753387237,,,,,,,,,,,,
6,,,avg_ssm_avg_fpar,IN-13-0802,2,avg_ssm_z,avg_fpar_z,-0.07570306985802308,-0.29732987161334623,,,,,,,,,,,,
10,,,avg_ssm_avg_fpar,IN-13-0802,2,avg_ssm_z,avg_fpar_z,-0.10498556958454164,-0.2748117799664817,,,,,,,,,,,,
6,,,avg_ssm_avg_fpar,IN-13-0803,2,avg_ssm_z,avg_fpar_z,0.2217014326608552,0.09064271709538692,,,,,,,,,,,,
10,,,avg_ssm_avg_fpar,IN-13-0803,2,avg_ssm_z,avg_fpar_z,0.29556079030700916,0.2862701859169875,,,,,,,,,,,,
6,,,avg_ssm_avg_fpar,IN-13-0804,2,avg_ssm_z,avg_fpar_z,0.1257882393073491,0.2014189720698109,,,,,,,,,,,,
10,,,avg_ssm_avg_fpar,IN-13-0804,2,avg_ssm_z,avg_fpar_z,0.37703662460127046,0.5506847386506115,,,,,,,,,,,,
6,,,avg_ssm_avg_fpar,IN-13-0805,2,avg_ssm_z,avg_fpar_z,0.06205898988620508,0.13681110730768498,,,,,,,,,,,,
10,,,avg_ssm_avg_fpar,IN-13-0805,2,avg_ssm_z,avg_fpar_z,0.07944673830501799,0.6578708131951914,,,,,,,,,,,,
6,,,avg_ssm_avg_fpar,IN-13-0806,2,avg_ssm_z,avg_fpar_z,0.18118892596117853,0.16097157252926092,,,,,,,,,,,,
10,,,avg_ssm_avg_fpar,IN-13-0806,2,avg_ssm_z,avg_fpar_z,0.31951056262950744,0.43511992145769174,,,,,,,,,,,,
6,,,avg_ssm_avg_fpar,IN-13-0807,2,avg_ssm_z,avg_fpar_z,0.44361910120312764,-0.36072828601452395,,,,,,,,,,,,
10,,,avg_ssm_avg_fpar,IN-13-0807,2,avg_ssm_z,avg_fpar_z,0.5707478991065357,-0.567617113814446,,,,,,,,,,,,
6,,,avg_ssm_avg_fpar,IN-13-0810,2,avg_ssm_z,avg_fpar_z,0.09992172541750254,0.45032081775653515,,,,,,,,,,,,
10,,,avg_ssm_avg_fpar,IN-13-0810,2,avg_ssm_z,avg_fpar_z,0.22284023715286977,0.7987477584731566,,,,,,,,,,,,
6,,,avg_ssm_avg_fpar,IN-13-0814,2,avg_ssm_z,avg_fpar_z,0.09716309731883185,0.3898538474877962,,,,,,,,,,,,
10,,,avg_ssm_avg_fpar,IN-13-0814,2,avg_ssm_z,avg_fpar_z,0.36437434565755605,0.6409577304300353,,,,,,,,,,,,
6,,,avg_ssm_avg_fpar,IN-13-0816,2,avg_ssm_z,avg_fpar_z,0.12544652293883546,0.12344147625482985,,,,,,,,,,,,
10,,,avg_ssm_avg_fpar,IN-13-0816,2,avg_ssm_z,avg_fpar_z,0.198605211091239,0.22547323194161456,,,,,,,,,,,,
6,,,avg_ssm_avg_fpar,IN-13-0817,2,avg_ssm_z,avg_fpar_z,-0.19113988406413235,-0.3254212628707903,,,,,,,,,,,,
10,,,avg_ssm_avg_fpar,IN-13-0817,2,avg_ssm_z,avg_fpar_z,0.11450442957198673,-0.3740006268957297,,,,,,,,,,,,
6,,,avg_ssm_avg_fpar,IN-13-0819,2,avg_ssm_z,avg_fpar_z,0.1135307385163161,0.2552292896126385,,,,,,,,,,,,
10,,,avg_ssm_avg_fpar,IN-13-0819,2,avg_ssm_z,avg_fpar_z,0.25258004520450916,0.5676305467838926,,,,,,,,,,,,
6,,,avg_ssm_avg_fpar,IN-13-0820,2,avg_ssm_z,avg_fpar_z,0.12201620844240266,0.170094677348488,,,,,,,,,,,,
10,,,avg_ssm_avg_fpar,IN-13-0820,2,avg_ssm_z,avg_fpar_z,0.1734139426086156,0.43161962914756896,,,,,,,,,,,,
6,,,avg_ssm_avg_fpar,IN-13-0824,2,avg_ssm_z,avg_fpar_z,0.33088269715632873,-0.10394599945084053,,,,,,,,,,,,
10,,,avg_ssm_avg_fpar,IN-13-0824,2,avg_ssm_z,avg_fpar_z,0.4136544669909762,-0.21874658357777674,,,,,,,,,,,,
6,,,avg_ssm_avg_fpar,IN-14-0001,2,avg_ssm_z,avg_fpar_z,-0.442452602487642,-0.3808376356673612,,,,,,,,,,,,
10,,,avg_ssm_avg_fpar,IN-14-0001,2,avg_ssm_z,avg_fpar_z,-0.4380274089178253,-0.6031418068640305,,,,,,,,,,,,
6,,,avg_ssm_avg_fpar,IN-14-0002,2,avg_ssm_z,avg_fpar_z,-0.40376215561947226,-0.21493139122018473,,,,,,,,,,,,
10,,,avg_ssm_avg_fpar,IN-14-0002,2,avg_ssm_z,avg_fpar_z,-0.34529506078302885,-0.042033559412137975,,,,,,,,,,,,
6,,,avg_ssm_avg_fpar,IN-14-0003,2,avg_ssm_z,avg_fpar_z,-0.23821474335613013,-0.4162449481414109,,,,,,,,,,,,
10,,,avg_ssm_avg_fpar,IN-14-0003,2,avg_ssm_z,avg_fpar_z,-0.42409116999948626,-0.5047185763749302,,,,,,,,,,,,
6,,,avg_ssm_avg_fpar,IN-14-0004,2,avg_ssm_z,avg_fpar_z,-0.05304206577988774,-0.2838275357603641,,,,,,,,,,,,
10,,,avg_ssm_avg_fpar,IN-14-0004,2,avg_ssm_z,avg_fpar_z,-0.28522792580374345,-0.42807382834950714,,,,,,,,,,,,
6,,,avg_ssm_avg_fpar,IN-14-0005,2,avg_ssm_z,avg_fpar_z,-0.46340262429418305,-0.32015980016800755,,,,,,,,,,,,
10,,,avg_ssm_avg_fpar,IN-14-0005,2,avg_ssm_z,avg_fpar_z,-0.4919960928242365,-0.48520211308990024,,,,,,,,,,,,
6,,,avg_ssm_avg_fpar,IN-14-0006,2,avg_ssm_z,avg_fpar_z,-0.3792788430896817,-0.2747601341333889,,,,,,,,,,,,
10,,,avg_ssm_avg_fpar,IN-14-0006,2,avg_ssm_z,avg_fpar_z,-0.3763064940906892,-0.46123997873798694,,,,,,,,,,,,
6,,,avg_ssm_avg_fpar,IN-14-0501,2,avg_ssm_z,avg_fpar_z,-0.41062468411201625,-0.41200941446131195,,,,,,,,,,,,
10,,,avg_ssm_avg_fpar,IN-14-0501,2,avg_ssm_z,avg_fpar_z,-0.3836142414988216,-0.30410568810850414,,,,,,,,,,,,
6,,,avg_ssm_avg_fpar,IN-14-1055,2,avg_ssm_z,avg_fpar_z,-0.5529714170546017,-0.4993405603229727,,,,,,,,,,,,
10,,,avg_ssm_avg_fpar,IN-14-1055,2,avg_ssm_z,avg_fpar_z,-0.34875011371265396,-0.6530537672574653,,,,,,,,,,,,
6,,,avg_ssm_avg_fpar,IN-14-1056,2,avg_ssm_z,avg_fpar_z,-0.3311737596974921,-0.4596417798555037,,,,,,,,,,,,
10,,,avg_ssm_avg_fpar,IN-14-1056,2,avg_ssm_z,avg_fpar_z,-0.45181629700611037,-0.5085157931594789,,,,,,,,,,,,
6,,,avg_ssm_avg_fpar,IN-14-1059,2,avg_ssm_z,avg_fpar_z,-0.40035946985018755,-0.2773322050346224,,,,,,,,,,,,
10,,,avg_ssm_avg_fpar,IN-14-1059,2,avg_ssm_z,avg_fpar_z,-0.5309171240473635,-0.2614013689158187,,,,,,,,,,,,
6,,,avg_ssm_avg_fpar,IN-14-1065,2,avg_ssm_z,avg_fpar_z,-0.08769424943970888,-0.2730467176497503,,,,,,,,,,,,
10,,,avg_ssm_avg_fpar,IN-14-1065,2,avg_ssm_z,avg_fpar_z,-0.1089302939054512,-0.26423716913353323,,,,,,,,,,,,
6,,,avg_ssm_avg_fpar,IN-14-1066,2,avg_ssm_z,avg_fpar_z,-0.46703829719353374,-0.34858058590606955,,,,,,,,,,,,
10,,,avg_ssm_avg_fpar,IN-14-1066,2,avg_ssm_z,avg_fpar_z,-0.4802322490667015,-0.5651604692142932,,,,,,,,,,,,
6,,,avg_ssm_avg_fpar,IN-14-1067,2,avg_ssm_z,avg_fpar_z,0.06939325854465934,-0.4138367325448066,,,,,,,,,,,,
10,,,avg_ssm_avg_fpar,IN-14-1067,2,avg_ssm_z,avg_fpar_z,0.1250036510472841,-0.3852293649125949,,,,,,,,,,,,
6,,,avg_ssm_avg_fpar,IN-14-1068,2,avg_ssm_z,avg_fpar_z,-0.2449989769139596,-0.3208886377938485,,,,,,,,,,,,
10,,,avg_ssm_avg_fpar,IN-14-1068,2,avg_ssm_z,avg_fpar_z,-0.3317249656549789,-0.4544219425191131,,,,,,,,,,,,
6,,,avg_ssm_avg_fpar,IN-14-1069,2,avg_ssm_z,avg_fpar_z,-0.38806738873781826,-0.3736497934542249,,,,,,,,,,,,
10,,,avg_ssm_avg_fpar,IN-14-1069,2,avg_ssm_z,avg_fpar_z,-0.49023251628157166,-0.2078609618123659,,,,,,,,,,,,
6,,,avg_ssm_avg_fpar,IN-14-1070,2,avg_ssm_z,avg_fpar_z,-0.15708748111166537,-0.10667258287758836,,,,,,,,,,,,
10,,,avg_ssm_avg_fpar,IN-14-1070,2,avg_ssm_z,avg_fpar_z,-0.08494503088002722,0.029617531486973485,,,,,,,,,,,,
6,,,avg_ssm_avg_fpar,IN-14-2015,2,avg_ssm_z,avg_fpar_z,-0.4601545733098423,0.0035044988062971376,,,,,,,,,,,,
6,,,avg_ssm_avg_fpar,IN-15-0910,2,avg_ssm_z,avg_fpar_z,0.3158863407688838,-0.25658020001652104,,,,,,,,,,,,
10,,,avg_ssm_avg_fpar,IN-15-0910,2,avg_ssm_z,avg_fpar_z,0.32592973624231397,-0.40669457005460263,,,,,,,,,,,,
6,,,avg_ssm_avg_fpar,IN-15-0913,2,avg_ssm_z,avg_fpar_z,0.13767241922513682,-0.3261322086811257,,,,,,,,,,,,
10,,,avg_ssm_avg_fpar,IN-15-0913,2,avg_ssm_z,avg_fpar_z,0.31611301408558157,-0.4712305946934344,,,,,,,,,,,,
6,,,avg_ssm_avg_fpar,IN-15-0914,2,avg_ssm_z,avg_fpar_z,0.022410165818169493,-0.19661085765359682,,,,,,,,,,,,
10,,,avg_ssm_avg_fpar,IN-15-0914,2,avg_ssm_z,avg_fpar_z,0.008114558527349899,0.06467827874151828,,,,,,,,,,,,
6,,,avg_ssm_avg_fpar,IN-15-0915,2,avg_ssm_z,avg_fpar_z,0.19229875804541313,0.1497217824913802,,,,,,,,,,,,
10,,,avg_ssm_avg_fpar,IN-15-0915,2,avg_ssm_z,avg_fpar_z,0.36887998409877043,0.1971645076827782,,,,,,,,,,,,
6,,,avg_ssm_avg_fpar,IN-15-0916,2,avg_ssm_z,avg_fpar_z,-0.1236327426581881,-0.4699052348188616,,,,,,,,,,,,
10,,,avg_ssm_avg_fpar,IN-15-0916,2,avg_ssm_z,avg_fpar_z,-0.28180496529175114,-0.5235539530595901,,,,,,,,,,,,
6,,,avg_ssm_avg_fpar,IN-15-0933,2,avg_ssm_z,avg_fpar_z,0.1721220949714754,-0.25952309774106386,,,,,,,,,,,,
10,,,avg_ssm_avg_fpar,IN-15-0933,2,avg_ssm_z,avg_fpar_z,0.4095538375748321,-0.3661096636872002,,,,,,,,,,,,
6,,,avg_ssm_avg_fpar,IN-15-0937,2,avg_ssm_z,avg_fpar_z,0.07197348900349886,0.244252824573703,,,,,,,,,,,,
10,,,avg_ssm_avg_fpar,IN-15-0937,2,avg_ssm_z,avg_fpar_z,0.1976246136336058,0.5063331052656717,,,,,,,,,,,,
6,,,avg_ssm_avg_fpar,IN-15-0938,2,avg_ssm_z,avg_fpar_z,0.034685935637614955,0.5000050784375653,,,,,,,,,,,,
10,,,avg_ssm_avg_fpar,IN-15-0938,2,avg_ssm_z,avg_fpar_z,0.032764266765861735,0.6084669392282314,,,,,,,,,,,,
6,,,avg_ssm_avg_fpar,IN-15-0940,2,avg_ssm_z,avg_fpar_z,0.3650086894497241,-0.31153768305333873,,,,,,,,,,,,
10,,,avg_ssm_avg_fpar,IN-15-0940,2,avg_ssm_z,avg_fpar_z,0.4933876748538708,-0.37569624930547796,,,,,,,,,,,,
6,,,avg_ssm_avg_fpar,IN-15-0941,2,avg_ssm_z,avg_fpar_z,0.006315800532590288,-0.38944372551288964,,,,,,,,,,,,
10,,,avg_ssm_avg_fpar,IN-15-0941,2,avg_ssm_z,avg_fpar_z,0.07903575808202289,-0.7122243195756928,,,,,,,,,,,,
6,,,avg_ssm_avg_fpar,IN-15-0942,2,avg_ssm_z,avg_fpar_z,-0.18571573971406935,0.09684385978593263,,,,,,,,,,,,
10,,,avg_ssm_avg_fpar,IN-15-0942,2,avg_ssm_z,avg_fpar_z,-0.30541783709672676,0.3349965219232991,,,,,,,,,,,,
6,,,avg_ssm_avg_fpar,IN-15-0943,2,avg_ssm_z,avg_fpar_z,0.18703151419499014,-0.01859501811077859,,,,,,,,,,,,
10,,,avg_ssm_avg_fpar,IN-15-0943,2,avg_ssm_z,avg_fpar_z,0.17588686628835176,-0.059996075014878955,,,,,,,,,,,,
6,,,avg_ssm_avg_fpar,IN-15-0944,2,avg_ssm_z,avg_fpar_z,-0.022820588911431662,-0.041485989217786325,,,,,,,,,,,,
10,,,avg_ssm_avg_fpar,IN-15-0944,2,avg_ssm_z,avg_fpar_z,0.09477828960359994,0.4071519899501295,,,,,,,,,,,,
6,,,avg_ssm_avg_fpar,IN-15-0952,2,avg_ssm_z,avg_fpar_z,0.05590472226394753,-0.06601170707722923,,,,,,,,,,,,
10,,,avg_ssm_avg_fpar,IN-15-0952,2,avg_ssm_z,avg_fpar_z,0.0975108603897443,-0.09354131184258643,,,,,,,,,,,,
6,,,avg_ssm_avg_fpar,IN-15-0953,2,avg_ssm_z,avg_fpar_z,-0.07501460622895009,-0.08447193307753502,,,,,,,,,,,,
10,,,avg_ssm_avg_fpar,IN-15-0953,2,avg_ssm_z,avg_fpar_z,-0.016550665733339055,0.20785765865013622,,,,,,,,,,,,
6,,,avg_ssm_avg_fpar,IN-15-0954,2,avg_ssm_z,avg_fpar_z,-0.14304102205984107,-0.15134235235099242,,,,,,,,,,,,
10,,,avg_ssm_avg_fpar,IN-15-0954,2,avg_ssm_z,avg_fpar_z,-0.06467071903399965,0.005683325505185485,,,,,,,,,,,,
6,,,avg_ssm_avg_fpar,IN-15-0955,2,avg_ssm_z,avg_fpar_z,0.2327551465071891,-0.45029135103166995,,,,,,,,,,,,
10,,,avg_ssm_avg_fpar,IN-15-0955,2,avg_ssm_z,avg_fpar_z,0.5145235632817133,-0.7420717768449204,,,,,,,,,,,,
6,,,avg_ssm_avg_fpar,IN-15-0957,2,avg_ssm_z,avg_fpar_z,-0.14987875884359153,-0.30282262709151336,,,,,,,,,,,,
10,,,avg_ssm_avg_fpar,IN-15-0957,2,avg_ssm_z,avg_fpar_z,-0.19098478878858693,-0.5482438638346169,,,,,,,,,,,,
6,,,avg_ssm_avg_fpar,IN-15-0962,2,avg_ssm_z,avg_fpar_z,0.036960185052656594,-0.03435904053252391,,,,,,,,,,,,
10,,,avg_ssm_avg_fpar,IN-15-0962,2,avg_ssm_z,avg_fpar_z,0.11036285628786864,0.05666612258675994,,,,,,,,,,,,
6,,,avg_ssm_avg_fpar,IN-15-0963,2,avg_ssm_z,avg_fpar_z,-0.032685676637120104,0.026853334866533574,,,,,,,,,,,,
10,,,avg_ssm_avg_fpar,IN-15-0963,2,avg_ssm_z,avg_fpar_z,0.16688586951248605,0.33460862729042007,,,,,,,,,,,,
6,,,avg_ssm_avg_fpar,IN-15-0964,2,avg_ssm_z,avg_fpar_z,-0.13695869415789907,-0.5580562866689259,,,,,,,,,,,,
10,,,avg_ssm_avg_fpar,IN-15-0964,2,avg_ssm_z,avg_fpar_z,-0.09060913621282718,-0.6509724874741672,,,,,,,,,,,,
6,,,avg_ssm_avg_fpar,IN-15-0965,2,avg_ssm_z,avg_fpar_z,-0.5221601661946279,-0.15808688590829093,,,,,,,,,,,,
10,,,avg_ssm_avg_fpar,IN-15-0965,2,avg_ssm_z,avg_fpar_z,-0.7280555421020682,-0.4897512057473259,,,,,,,,,,,,
6,,,avg_ssm_avg_fpar,IN-16-0237,2,avg_ssm_z,avg_fpar_z,0.07268045818150423,0.21943641908830216,,,,,,,,,,,,
10,,,avg_ssm_avg_fpar,IN-16-0237,2,avg_ssm_z,avg_fpar_z,-0.091206955393668,-0.04102790340806813,,,,,,,,,,,,
6,,,avg_ssm_avg_fpar,IN-16-0238,2,avg_ssm_z,avg_fpar_z,-0.1906683738422547,-0.20109575421745615,,,,,,,,,,,,
10,,,avg_ssm_avg_fpar,IN-16-0238,2,avg_ssm_z,avg_fpar_z,-0.29939722645943745,-0.4536047631310177,,,,,,,,,,,,
6,,,avg_ssm_avg_fpar,IN-16-0239,2,avg_ssm_z,avg_fpar_z,0.14470924776678998,0.09784668735862043,,,,,,,,,,,,
10,,,avg_ssm_avg_fpar,IN-16-0239,2,avg_ssm_z,avg_fpar_z,0.11456458158160059,0.023962519321462587,,,,,,,,,,,,
6,,,avg_ssm_avg_fpar,IN-16-0240,2,avg_ssm_z,avg_fpar_z,0.25629420193961405,-0.2922724385965662,,,,,,,,,,,,
10,,,avg_ssm_avg_fpar,IN-16-0240,2,avg_ssm_z,avg_fpar_z,0.23563318877442377,-0.35719832296464227,,,,,,,,,,,,
6,,,avg_ssm_avg_fpar,IN-16-0241,2,avg_ssm_z,avg_fpar_z,0.4241156993488082,-0.2686686495352873,,,,,,,,,,,,
10,,,avg_ssm_avg_fpar,IN-16-0241,2,avg_ssm_z,avg_fpar_z,0.3329738077284909,-0.2060634682165424,,,,,,,,,,,,
6,,,avg_ssm_avg_fpar,IN-16-0242,2,avg_ssm_z,avg_fpar_z,0.42638912933174583,0.10535753345514869,,,,,,,,,,,,
10,,,avg_ssm_avg_fpar,IN-16-0242,2,avg_ssm_z,avg_fpar_z,0.17973815558221123,0.2201940368951163,,,,,,,,,,,,
6,,,avg_ssm_avg_fpar,IN-16-0243,2,avg_ssm_z,avg_fpar_z,-0.06235440714590464,0.15283456472144324,,,,,,,,,,,,
10,,,avg_ssm_avg_fpar,IN-16-0243,2,avg_ssm_z,avg_fpar_z,-0.17671326448329375,0.3779595047464964,,,,,,,,,,,,
6,,,avg_ssm_avg_fpar,IN-16-0244,2,avg_ssm_z,avg_fpar_z,-0.024016397302669974,-0.3001101148068887,,,,,,,,,,,,
10,,,avg_ssm_avg_fpar,IN-16-0244,2,avg_ssm_z,avg_fpar_z,-0.018683566389950772,-0.4957500344430687,,,,,,,,,,,,
6,,,avg_ssm_avg_fpar,IN-16-0527,2,avg_ssm_z,avg_fpar_z,0.4887587871179436,0.3705445566943267,,,,,,,,,,,,
10,,,avg_ssm_avg_fpar,IN-16-0527,2,avg_ssm_z,avg_fpar_z,0.28277291700091417,0.34570289939041177,,,,,,,,,,,,
6,,,avg_ssm_avg_fpar,IN-16-1030,2,avg_ssm_z,avg_fpar_z,0.4198128332375826,0.5403093475212596,,,,,,,,,,,,
10,,,avg_ssm_avg_fpar,IN-16-1030,2,avg_ssm_z,avg_fpar_z,0.33901015675800517,0.5260138137433212,,,,,,,,,,,,
6,,,avg_ssm_avg_fpar,IN-16-1032,2,avg_ssm_z,avg_fpar_z,-0.08317636637288033,-0.01472999630548676,,,,,,,,,,,,
10,,,avg_ssm_avg_fpar,IN-16-1032,2,avg_ssm_z,avg_fpar_z,-0.12774279573158223,-0.16099896545796927,,,,,,,,,,,,
6,,,avg_ssm_avg_fpar,IN-16-1043,2,avg_ssm_z,avg_fpar_z,-0.030441202565761688,-0.1798604974808565,,,,,,,,,,,,
10,,,avg_ssm_avg_fpar,IN-16-1043,2,avg_ssm_z,avg_fpar_z,0.1445985566116236,-0.2810210056085025,,,,,,,,,,,,
6,,,avg_ssm_avg_fpar,IN-17-0601,2,avg_ssm_z,avg_fpar_z,0.6402094586233371,0.5831180158934964,,,,,,,,,,,,
10,,,avg_ssm_avg_fpar,IN-17-0601,2,avg_ssm_z,avg_fpar_z,0.6769380498306032,0.7190498183107538,,,,,,,,,,,,
6,,,avg_ssm_avg_fpar,IN-17-0602,2,avg_ssm_z,avg_fpar_z,-0.20981954833282926,0.35179105159100293,,,,,,,,,,,,
10,,,avg_ssm_avg_fpar,IN-17-0602,2,avg_ssm_z,avg_fpar_z,-0.4625686514700561,0.5427939999291852,,,,,,,,,,,,
6,,,avg_ssm_avg_fpar,IN-17-0603,2,avg_ssm_z,avg_fpar_z,0.2313384676479922,-0.37217819048314366,,,,,,,,,,,,
10,,,avg_ssm_avg_fpar,IN-17-0603,2,avg_ssm_z,avg_fpar_z,0.19922338915512913,-0.43261151814634163,,,,,,,,,,,,
6,,,avg_ssm_avg_fpar,IN-17-0604,2,avg_ssm_z,avg_fpar_z,0.17631620900417774,0.14402519448857962,,,,,,,,,,,,
10,,,avg_ssm_avg_fpar,IN-17-0604,2,avg_ssm_z,avg_fpar_z,0.38183564025472505,0.3051238596778419,,,,,,,,,,,,
6,,,avg_ssm_avg_fpar,IN-17-0605,2,avg_ssm_z,avg_fpar_z,-0.054875415581136414,-0.4147877476025199,,,,,,,,,,,,
10,,,avg_ssm_avg_fpar,IN-17-0605,2,avg_ssm_z,avg_fpar_z,-0.16174222644642033,-0.3712590794379624,,,,,,,,,,,,
6,,,avg_ssm_avg_fpar,IN-17-0606,2,avg_ssm_z,avg_fpar_z,0.056050172348624985,-0.18097221140985392,,,,,,,,,,,,
10,,,avg_ssm_avg_fpar,IN-17-0606,2,avg_ssm_z,avg_fpar_z,-0.03253388722435345,-0.22700169956430133,,,,,,,,,,,,
6,,,avg_ssm_avg_fpar,IN-17-0607,2,avg_ssm_z,avg_fpar_z,0.22274047671464978,-0.015655334139595984,,,,,,,,,,,,
10,,,avg_ssm_avg_fpar,IN-17-0607,2,avg_ssm_z,avg_fpar_z,0.33717209584346686,-0.15948606418473962,,,,,,,,,,,,
6,,,avg_ssm_avg_fpar,IN-17-0608,2,avg_ssm_z,avg_fpar_z,-0.39568647106567517,-0.4900724114517051,,,,,,,,,,,,
6,,,avg_ssm_avg_fpar,IN-17-0609,2,avg_ssm_z,avg_fpar_z,-0.5348733326632138,-0.29099091891194034,,,,,,,,,,,,
10,,,avg_ssm_avg_fpar,IN-17-0609,2,avg_ssm_z,avg_fpar_z,-0.5324249972895047,-0.15515526353201137,,,,,,,,,,,,
6,,,avg_ssm_avg_fpar,IN-17-0610,2,avg_ssm_z,avg_fpar_z,0.14468279567318995,0.23925033052050743,,,,,,,,,,,,
10,,,avg_ssm_avg_fpar,IN-17-0610,2,avg_ssm_z,avg_fpar_z,0.08653179608306091,0.2456197927969815,,,,,,,,,,,,
6,,,avg_ssm_avg_fpar,IN-17-0615,2,avg_ssm_z,avg_fpar_z,-0.0023933249871485375,-0.1821294861386075,,,,,,,,,,,,
10,,,avg_ssm_avg_fpar,IN-17-0615,2,avg_ssm_z,avg_fpar_z,0.06921757805610151,-0.16262937349241263,,,,,,,,,,,,
6,,,avg_ssm_avg_fpar,IN-17-0616,2,avg_ssm_z,avg_fpar_z,-0.14419866340265833,-0.023875721669921583,,,,,,,,,,,,
10,,,avg_ssm_avg_fpar,IN-17-0616,2,avg_ssm_z,avg_fpar_z,-0.35001603684779325,0.2708289421169187,,,,,,,,,,,,
6,,,avg_ssm_avg_fpar,IN-17-0617,2,avg_ssm_z,avg_fpar_z,-0.14434980098462047,-0.07615829431522687,,,,,,,,,,,,
10,,,avg_ssm_avg_fpar,IN-17-0617,2,avg_ssm_z,avg_fpar_z,-0.028219286528861808,-0.019022142868567564,,,,,,,,,,,,
6,,,avg_ssm_avg_fpar,IN-17-0618,2,avg_ssm_z,avg_fpar_z,0.16899303028605048,0.5247558290280366,,,,,,,,,,,,
10,,,avg_ssm_avg_fpar,IN-17-0618,2,avg_ssm_z,avg_fpar_z,0.20538421612810973,0.54771056036982,,,,,,,,,,,,
6,,,avg_ssm_avg_fpar,IN-17-0619,2,avg_ssm_z,avg_fpar_z,0.6511330428881101,0.38322081741785224,,,,,,,,,,,,
10,,,avg_ssm_avg_fpar,IN-17-0619,2,avg_ssm_z,avg_fpar_z,0.7419417772621315,0.429868806435959,,,,,,,,,,,,
6,,,avg_ssm_avg_fpar,IN-17-0620,2,avg_ssm_z,avg_fpar_z,-0.285224821418813,-0.031652078830195884,,,,,,,,,,,,
10,,,avg_ssm_avg_fpar,IN-17-0620,2,avg_ssm_z,avg_fpar_z,-0.5196564526788332,-0.0786064174893026,,,,,,,,,,,,
6,,,avg_ssm_avg_fpar,IN-17-0621,2,avg_ssm_z,avg_fpar_z,-0.14355530780384834,0.03105629871272144,,,,,,,,,,,,
10,,,avg_ssm_avg_fpar,IN-17-0621,2,avg_ssm_z,avg_fpar_z,-0.2184192357496772,0.3612484941449702,,,,,,,,,,,,
6,,,avg_ssm_avg_fpar,IN-17-0622,2,avg_ssm_z,avg_fpar_z,-0.10513392830809402,-0.13141131073900383,,,,,,,,,,,,
10,,,avg_ssm_avg_fpar,IN-17-0622,2,avg_ssm_z,avg_fpar_z,-0.11074649108964305,-0.04899814478047415,,,,,,,,,,,,
6,,,avg_ssm_avg_fpar,IN-17-1047,2,avg_ssm_z,avg_fpar_z,-0.07747535436791855,-0.023280677966358243,,,,,,,,,,,,
10,,,avg_ssm_avg_fpar,IN-17-1047,2,avg_ssm_z,avg_fpar_z,-0.16843235032801032,0.42154945399143784,,,,,,,,,,,,
6,,,avg_ssm_avg_fpar,IN-17-1048,2,avg_ssm_z,avg_fpar_z,0.2688402065007424,0.46273439066254196,,,,,,,,,,,,
10,,,avg_ssm_avg_fpar,IN-17-1048,2,avg_ssm_z,avg_fpar_z,0.5508307600888596,0.5249867038599205,,,,,,,,,,,,
6,,,avg_ssm_avg_fpar,IN-17-1050,2,avg_ssm_z,avg_fpar_z,-0.46686337592025173,-0.35502481091746896,,,,,,,,,,,,
10,,,avg_ssm_avg_fpar,IN-17-1050,2,avg_ssm_z,avg_fpar_z,-0.4133479998289209,-0.19334089500827253,,,,,,,,,,,,
6,,,avg_ssm_avg_fpar,IN-17-1051,2,avg_ssm_z,avg_fpar_z,0.18591793022512,0.25166762116847385,,,,,,,,,,,,
10,,,avg_ssm_avg_fpar,IN-17-1051,2,avg_ssm_z,avg_fpar_z,0.2793862845790765,0.2515397450487892,,,,,,,,,,,,
6,,,avg_ssm_avg_fpar,IN-17-2017,2,avg_ssm_z,avg_fpar_z,-0.4115552318540104,-0.06717186404656297,,,,,,,,,,,,
10,,,avg_ssm_avg_fpar,IN-17-2017,2,avg_ssm_z,avg_fpar_z,-0.4837010101297003,0.012196944269855523,,,,,,,,,,,,
6,,,avg_ssm_avg_fpar,IN-17-2018,2,avg_ssm_z,avg_fpar_z,-0.046918212299372125,0.28531854889926217,,,,,,,,,,,,
10,,,avg_ssm_avg_fpar,IN-17-2018,2,avg_ssm_z,avg_fpar_z,-0.28185185689779035,0.3612867557481563,,,,,,,,,,,,
6,,,avg_ssm_avg_fpar,IN-17-2019,2,avg_ssm_z,avg_fpar_z,-0.2455866549441649,0.20130858868041393,,,,,,,,,,,,
10,,,avg_ssm_avg_fpar,IN-17-2019,2,avg_ssm_z,avg_fpar_z,-0.3559613052217827,0.23800537619313503,,,,,,,,,,,,
6,,,avg_ssm_avg_fpar,IN-18-0626,2,avg_ssm_z,avg_fpar_z,0.36542412064158,0.3096653791149665,,,,,,,,,,,,
10,,,avg_ssm_avg_fpar,IN-18-0626,2,avg_ssm_z,avg_fpar_z,0.3554424719919648,0.34555992393161017,,,,,,,,,,,,
6,,,avg_ssm_avg_fpar,IN-18-0627,2,avg_ssm_z,avg_fpar_z,-0.1857509728284658,-0.21965516853022216,,,,,,,,,,,,
10,,,avg_ssm_avg_fpar,IN-18-0627,2,avg_ssm_z,avg_fpar_z,-0.17294857759168844,-0.3724945202241147,,,,,,,,,,,,
6,,,avg_ssm_avg_fpar,IN-18-0628,2,avg_ssm_z,avg_fpar_z,0.049518338520484664,-0.041977831866596996,,,,,,,,,,,,
10,,,avg_ssm_avg_fpar,IN-18-0628,2,avg_ssm_z,avg_fpar_z,0.19952351958441397,-0.008108713714553826,,,,,,,,,,,,
6,,,avg_ssm_avg_fpar,IN-18-0629,2,avg_ssm_z,avg_fpar_z,-0.15372174390164137,0.046439602554767236,,,,,,,,,,,,
10,,,avg_ssm_avg_fpar,IN-18-0629,2,avg_ssm_z,avg_fpar_z,-0.03552397892510604,0.16842300933125118,,,,,,,,,,,,
6,,,avg_ssm_avg_fpar,IN-18-0631,2,avg_ssm_z,avg_fpar_z,0.32202982123059665,0.0015753681918942663,,,,,,,,,,,,
10,,,avg_ssm_avg_fpar,IN-18-0631,2,avg_ssm_z,avg_fpar_z,0.49901105163526643,0.11773902377586529,,,,,,,,,,,,
6,,,avg_ssm_avg_fpar,IN-18-0633,2,avg_ssm_z,avg_fpar_z,0.3401080614971701,0.2392565693020452,,,,,,,,,,,,
10,,,avg_ssm_avg_fpar,IN-18-0633,2,avg_ssm_z,avg_fpar_z,0.2570636897496359,0.4989923794660897,,,,,,,,,,,,
6,,,avg_ssm_avg_fpar,IN-18-0634,2,avg_ssm_z,avg_fpar_z,-0.2788742318393907,0.17231427827765913,,,,,,,,,,,,
10,,,avg_ssm_avg_fpar,IN-18-0634,2,avg_ssm_z,avg_fpar_z,-0.40006834540443387,0.2787643391857984,,,,,,,,,,,,
6,,,avg_ssm_avg_fpar,IN-18-0635,2,avg_ssm_z,avg_fpar_z,0.48152540954091794,0.09254458100554139,,,,,,,,,,,,
10,,,avg_ssm_avg_fpar,IN-18-0635,2,avg_ssm_z,avg_fpar_z,0.657136969534115,0.4313982929962442,,,,,,,,,,,,
6,,,avg_ssm_avg_fpar,IN-18-0636,2,avg_ssm_z,avg_fpar_z,0.6182127580247266,0.39132276924409287,,,,,,,,,,,,
10,,,avg_ssm_avg_fpar,IN-18-0636,2,avg_ssm_z,avg_fpar_z,0.5908416983970315,0.41889035759509935,,,,,,,,,,,,
6,,,avg_ssm_avg_fpar,IN-18-0637,2,avg_ssm_z,avg_fpar_z,0.17457783686834044,0.22309326109654776,,,,,,,,,,,,
10,,,avg_ssm_avg_fpar,IN-18-0637,2,avg_ssm_z,avg_fpar_z,0.08455425265031376,0.27183470550815364,,,,,,,,,,,,
6,,,avg_ssm_avg_fpar,IN-20-0056,2,avg_ssm_z,avg_fpar_z,0.02183716479761671,-0.2627485736007547,,,,,,,,,,,,
10,,,avg_ssm_avg_fpar,IN-20-0056,2,avg_ssm_z,avg_fpar_z,0.019564560812656406,-0.06104915543948367,,,,,,,,,,,,
6,,,avg_ssm_avg_fpar,IN-20-0057,2,avg_ssm_z,avg_fpar_z,-0.411395915666954,-0.1961936544097596,,,,,,,,,,,,
10,,,avg_ssm_avg_fpar,IN-20-0057,2,avg_ssm_z,avg_fpar_z,-0.23773756124930606,0.34185792941369514,,,,,,,,,,,,
6,,,avg_ssm_avg_fpar,IN-20-0058,2,avg_ssm_z,avg_fpar_z,0.01839658315142161,-0.153045500547713,,,,,,,,,,,,
10,,,avg_ssm_avg_fpar,IN-20-0058,2,avg_ssm_z,avg_fpar_z,0.28010596797073106,-0.1930754307046029,,,,,,,,,,,,
6,,,avg_ssm_avg_fpar,IN-20-0063,2,avg_ssm_z,avg_fpar_z,-0.39087562006435367,-0.24603247402717993,,,,,,,,,,,,
10,,,avg_ssm_avg_fpar,IN-20-0063,2,avg_ssm_z,avg_fpar_z,-0.24541503486543595,-0.2462587523855908,,,,,,,,,,,,
6,,,avg_ssm_avg_fpar,IN-20-0520,2,avg_ssm_z,avg_fpar_z,-0.034207090183954424,0.07544690202286124,,,,,,,,,,,,
10,,,avg_ssm_avg_fpar,IN-20-0520,2,avg_ssm_z,avg_fpar_z,0.1843636635553645,-0.04633368226116224,,,,,,,,,,,,
6,,,avg_ssm_yield,IN-01-0051,2,avg_ssm_z,yield_z,,,-0.33695252636499273,-0.5409940712824028,,,,,,,,,,
10,,,avg_ssm_yield,IN-01-0051,2,avg_ssm_z,yield_z,,,-0.3513308654668399,-0.5823550423187431,,,,,,,,,,
6,,,avg_ssm_yield,IN-01-0052,2,avg_ssm_z,yield_z,,,0.24902328953560743,-0.1262387559706945,,,,,,,,,,
10,,,avg_ssm_yield,IN-01-0052,2,avg_ssm_z,yield_z,,,0.2888171303091622,-0.15352304226539265,,,,,,,,,,
6,,,avg_ssm_yield,IN-01-0053,2,avg_ssm_z,yield_z,,,-0.45880333066376267,-0.41938863935345616,,,,,,,,,,
10,,,avg_ssm_yield,IN-01-0053,2,avg_ssm_z,yield_z,,,-0.6482613507381209,-0.27635211949561445,,,,,,,,,,
6,,,avg_ssm_yield,IN-02-0902,2,avg_ssm_z,yield_z,,,0.4183249652498874,-0.31780104056274416,,,,,,,,,,
10,,,avg_ssm_yield,IN-02-0902,2,avg_ssm_z,yield_z,,,0.4649440133983968,-0.6570935745262474,,,,,,,,,,
6,,,avg_ssm_yield,IN-02-0903,2,avg_ssm_z,yield_z,,,0.1385390568925257,-0.14713175992789967,,,,,,,,,,
10,,,avg_ssm_yield,IN-02-0903,2,avg_ssm_z,yield_z,,,0.2244762894016005,-0.424693371432713,,,,,,,,,,
6,,,avg_ssm_yield,IN-02-0904,2,avg_ssm_z,yield_z,,,-0.23753390016355086,0.1557745149087938,,,,,,,,,,
10,,,avg_ssm_yield,IN-02-0904,2,avg_ssm_z,yield_z,,,-0.17960854396209822,-0.23968050694047646,,,,,,,,,,
6,,,avg_ssm_yield,IN-02-0905,2,avg_ssm_z,yield_z,,,-0.3700069276496561,0.3788968687811685,,,,,,,,,,
10,,,avg_ssm_yield,IN-02-0905,2,avg_ssm_z,yield_z,,,-0.1073375255607569,0.45102829037168013,,,,,,,,,,
6,,,avg_ssm_yield,IN-02-0906,2,avg_ssm_z,yield_z,,,0.5413265034831823,-0.14055607780706775,,,,,,,,,,
10,,,avg_ssm_yield,IN-02-0906,2,avg_ssm_z,yield_z,,,0.5922195499067411,-0.12832834319307976,,,,,,,,,,
6,,,avg_ssm_yield,IN-02-0907,2,avg_ssm_z,yield_z,,,0.5686566913414552,0.20245176366533896,,,,,,,,,,
10,,,avg_ssm_yield,IN-02-0907,2,avg_ssm_z,yield_z,,,0.5673162572250698,-0.018407278001511367,,,,,,,,,,
6,,,avg_ssm_yield,IN-02-0908,2,avg_ssm_z,yield_z,,,0.3865472901004138,0.048099726469056026,,,,,,,,,,
10,,,avg_ssm_yield,IN-02-0908,2,avg_ssm_z,yield_z,,,0.4337543853874578,-0.36223463424366564,,,,,,,,,,
6,,,avg_ssm_yield,IN-02-0909,2,avg_ssm_z,yield_z,,,0.026379357425643412,0.3832642303179531,,,,,,,,,,
10,,,avg_ssm_yield,IN-02-0909,2,avg_ssm_z,yield_z,,,0.32118874677472986,0.4818741650124448,,,,,,,,,,
6,,,avg_ssm_yield,IN-02-0912,2,avg_ssm_z,yield_z,,,0.2752191558602851,0.1045438998054136,,,,,,,,,,
10,,,avg_ssm_yield,IN-02-0912,2,avg_ssm_z,yield_z,,,0.22189187779658467,-0.23489590268403457,,,,,,,,,,
6,,,avg_ssm_yield,IN-02-0918,2,avg_ssm_z,yield_z,,,0.6865238355721386,0.23556939865021526,,,,,,,,,,
10,,,avg_ssm_yield,IN-02-0918,2,avg_ssm_z,yield_z,,,0.712618398139331,0.14415827440904233,,,,,,,,,,
6,,,avg_ssm_yield,IN-02-0919,2,avg_ssm_z,yield_z,,,0.21640082063701221,-0.08046394791929545,,,,,,,,,,
10,,,avg_ssm_yield,IN-02-0919,2,avg_ssm_z,yield_z,,,0.09421204501613262,-0.2561743189781902,,,,,,,,,,
6,,,avg_ssm_yield,IN-02-0920,2,avg_ssm_z,yield_z,,,0.41705264100624284,0.1416540622234768,,,,,,,,,,
10,,,avg_ssm_yield,IN-02-0920,2,avg_ssm_z,yield_z,,,0.5891351173492764,0.2957567732006666,,,,,,,,,,
6,,,avg_ssm_yield,IN-02-0921,2,avg_ssm_z,yield_z,,,-0.1627352887307839,-0.26799144496256067,,,,,,,,,,
10,,,avg_ssm_yield,IN-02-0921,2,avg_ssm_z,yield_z,,,-0.06601097540587891,-0.5436984655187559,,,,,,,,,,
6,,,avg_ssm_yield,IN-02-0922,2,avg_ssm_z,yield_z,,,0.16546492833557336,-0.23141703148307302,,,,,,,,,,
10,,,avg_ssm_yield,IN-02-0922,2,avg_ssm_z,yield_z,,,0.2638248546582943,-0.48906552006227455,,,,,,,,,,
6,,,avg_ssm_yield,IN-02-0923,2,avg_ssm_z,yield_z,,,0.1113121217946357,-0.1252171083110555,,,,,,,,,,
10,,,avg_ssm_yield,IN-02-0923,2,avg_ssm_z,yield_z,,,0.2241549052682772,0.017374870224317655,,,,,,,,,,
6,,,avg_ssm_yield,IN-02-0924,2,avg_ssm_z,yield_z,,,0.3832575555838717,-0.08039947603234136,,,,,,,,,,
10,,,avg_ssm_yield,IN-02-0924,2,avg_ssm_z,yield_z,,,0.5190936441519522,0.25156074103374904,,,,,,,,,,
6,,,avg_ssm_yield,IN-02-0925,2,avg_ssm_z,yield_z,,,0.1596269741678946,-0.17920680736855807,,,,,,,,,,
10,,,avg_ssm_yield,IN-02-0925,2,avg_ssm_z,yield_z,,,0.2599274667790895,-0.25407749853047384,,,,,,,,,,
6,,,avg_ssm_yield,IN-02-0926,2,avg_ssm_z,yield_z,,,0.3276078855549789,-0.4211795691266704,,,,,,,,,,
10,,,avg_ssm_yield,IN-02-0926,2,avg_ssm_z,yield_z,,,0.491667030372969,-0.5691849088519265,,,,,,,,,,
6,,,avg_ssm_yield,IN-02-0927,2,avg_ssm_z,yield_z,,,0.32312945518248015,-0.07021152486900337,,,,,,,,,,
10,,,avg_ssm_yield,IN-02-0927,2,avg_ssm_z,yield_z,,,0.3169558050666722,-0.2570368814412821,,,,,,,,,,
6,,,avg_ssm_yield,IN-02-0928,2,avg_ssm_z,yield_z,,,0.25637686760110084,0.1328622614054816,,,,,,,,,,
10,,,avg_ssm_yield,IN-02-0928,2,avg_ssm_z,yield_z,,,0.34820911499476725,-0.15061340125156994,,,,,,,,,,
6,,,avg_ssm_yield,IN-02-0929,2,avg_ssm_z,yield_z,,,-0.22214566582439854,-0.019711927728853024,,,,,,,,,,
10,,,avg_ssm_yield,IN-02-0929,2,avg_ssm_z,yield_z,,,-0.15066495746597663,0.15625506050424914,,,,,,,,,,
6,,,avg_ssm_yield,IN-02-0930,2,avg_ssm_z,yield_z,,,0.4389476742914238,0.2134980341407376,,,,,,,,,,
10,,,avg_ssm_yield,IN-02-0930,2,avg_ssm_z,yield_z,,,0.42188863285622513,-0.14788192187238824,,,,,,,,,,
6,,,avg_ssm_yield,IN-02-0931,2,avg_ssm_z,yield_z,,,0.4364806440643747,0.3916371187557746,,,,,,,,,,
10,,,avg_ssm_yield,IN-02-0931,2,avg_ssm_z,yield_z,,,0.5142333910225265,0.2582635903092069,,,,,,,,,,
6,,,avg_ssm_yield,IN-02-0932,2,avg_ssm_z,yield_z,,,0.3160525405382889,0.626775684244519,,,,,,,,,,
10,,,avg_ssm_yield,IN-02-0932,2,avg_ssm_z,yield_z,,,0.6201461774355761,0.7165910932043145,,,,,,,,,,
6,,,avg_ssm_yield,IN-02-0934,2,avg_ssm_z,yield_z,,,0.1540734213748108,-0.0836138499204653,,,,,,,,,,
10,,,avg_ssm_yield,IN-02-0934,2,avg_ssm_z,yield_z,,,0.33856917835629513,-0.1570928061586062,,,,,,,,,,
6,,,avg_ssm_yield,IN-02-0935,2,avg_ssm_z,yield_z,,,0.24548017035515604,0.452372173929232,,,,,,,,,,
10,,,avg_ssm_yield,IN-02-0935,2,avg_ssm_z,yield_z,,,0.38787557069347384,0.4835161087477318,,,,,,,,,,
6,,,avg_ssm_yield,IN-02-0936,2,avg_ssm_z,yield_z,,,0.01805975839508398,0.7411194083780075,,,,,,,,,,
10,,,avg_ssm_yield,IN-02-0936,2,avg_ssm_z,yield_z,,,0.14624728129211167,0.831186698504435,,,,,,,,,,
6,,,avg_ssm_yield,IN-02-0945,2,avg_ssm_z,yield_z,,,-0.05678869621169691,0.17104167222961125,,,,,,,,,,
10,,,avg_ssm_yield,IN-02-0945,2,avg_ssm_z,yield_z,,,0.2784032812767805,0.22727738297619654,,,,,,,,,,
6,,,avg_ssm_yield,IN-02-0946,2,avg_ssm_z,yield_z,,,-0.21174707783832553,-0.09151819414349802,,,,,,,,,,
10,,,avg_ssm_yield,IN-02-0946,2,avg_ssm_z,yield_z,,,-0.27373936446297037,-0.07745696539003986,,,,,,,,,,
6,,,avg_ssm_yield,IN-02-0947,2,avg_ssm_z,yield_z,,,0.3027355987233574,-0.3119688497235652,,,,,,,,,,
10,,,avg_ssm_yield,IN-02-0947,2,avg_ssm_z,yield_z,,,0.4860255565740276,-0.5649474311822162,,,,,,,,,,
6,,,avg_ssm_yield,IN-02-0948,2,avg_ssm_z,yield_z,,,0.22987757337672948,0.5625075697111954,,,,,,,,,,
10,,,avg_ssm_yield,IN-02-0948,2,avg_ssm_z,yield_z,,,0.45770954272581027,0.6547543967092725,,,,,,,,,,
6,,,avg_ssm_yield,IN-02-0949,2,avg_ssm_z,yield_z,,,0.31785309735716316,0.4327221966055955,,,,,,,,,,
10,,,avg_ssm_yield,IN-02-0949,2,avg_ssm_z,yield_z,,,0.4081844946757777,0.25500615165388724,,,,,,,,,,
6,,,avg_ssm_yield,IN-02-0950,2,avg_ssm_z,yield_z,,,0.08452444406211339,-0.08385997535914173,,,,,,,,,,
10,,,avg_ssm_yield,IN-02-0950,2,avg_ssm_z,yield_z,,,0.018747203521570957,-0.4980755756779794,,,,,,,,,,
6,,,avg_ssm_yield,IN-02-0951,2,avg_ssm_z,yield_z,,,-0.0017339006959009805,-0.08345305599028081,,,,,,,,,,
10,,,avg_ssm_yield,IN-02-0951,2,avg_ssm_z,yield_z,,,0.1041144171161712,-0.4906935443959255,,,,,,,,,,
6,,,avg_ssm_yield,IN-02-0956,2,avg_ssm_z,yield_z,,,0.4325781430375356,-0.052336497674561264,,,,,,,,,,
10,,,avg_ssm_yield,IN-02-0956,2,avg_ssm_z,yield_z,,,0.40511796640749925,-0.4596412477540013,,,,,,,,,,
6,,,avg_ssm_yield,IN-02-0958,2,avg_ssm_z,yield_z,,,0.27396422500782086,0.24356431373542878,,,,,,,,,,
10,,,avg_ssm_yield,IN-02-0958,2,avg_ssm_z,yield_z,,,0.08766638062984371,0.27647691178301514,,,,,,,,,,
6,,,avg_ssm_yield,IN-02-0960,2,avg_ssm_z,yield_z,,,0.1748543888269256,-0.04215570901678215,,,,,,,,,,
10,,,avg_ssm_yield,IN-02-0960,2,avg_ssm_z,yield_z,,,0.3283559178501289,0.11870573249140967,,,,,,,,,,
6,,,avg_ssm_yield,IN-02-0961,2,avg_ssm_z,yield_z,,,0.2305335565068555,-0.3469069790377897,,,,,,,,,,
10,,,avg_ssm_yield,IN-02-0961,2,avg_ssm_z,yield_z,,,0.4501974311601207,-0.5687560516761191,,,,,,,,,,
6,,,avg_ssm_yield,IN-03-0121,2,avg_ssm_z,yield_z,,,0.07217187643927754,-0.404778831337835,,,,,,,,,,
10,,,avg_ssm_yield,IN-03-0121,2,avg_ssm_z,yield_z,,,0.371906074805724,-0.515003349308235,,,,,,,,,,
6,,,avg_ssm_yield,IN-03-0122,2,avg_ssm_z,yield_z,,,0.3699983742027693,0.3110604506602623,,,,,,,,,,
10,,,avg_ssm_yield,IN-03-0122,2,avg_ssm_z,yield_z,,,0.44927551583414227,0.35810869588443683,,,,,,,,,,
6,,,avg_ssm_yield,IN-03-0123,2,avg_ssm_z,yield_z,,,-0.22759058565949628,-0.38364075681293286,,,,,,,,,,
10,,,avg_ssm_yield,IN-03-0123,2,avg_ssm_z,yield_z,,,-0.04706858595186518,-0.7623756650812069,,,,,,,,,,
6,,,avg_ssm_yield,IN-03-0124,2,avg_ssm_z,yield_z,,,0.0932147077195232,-0.23049296493534924,,,,,,,,,,
10,,,avg_ssm_yield,IN-03-0124,2,avg_ssm_z,yield_z,,,0.022567237033056766,-0.2363752794743454,,,,,,,,,,
6,,,avg_ssm_yield,IN-03-0125,2,avg_ssm_z,yield_z,,,-0.1516179219158023,-0.004380493575907235,,,,,,,,,,
10,,,avg_ssm_yield,IN-03-0125,2,avg_ssm_z,yield_z,,,0.018065672009623994,-0.18443456855049792,,,,,,,,,,
6,,,avg_ssm_yield,IN-03-0126,2,avg_ssm_z,yield_z,,,-0.31705053256400456,-0.11933695497541694,,,,,,,,,,
10,,,avg_ssm_yield,IN-03-0126,2,avg_ssm_z,yield_z,,,-0.2156834598979454,-0.34855087007951313,,,,,,,,,,
6,,,avg_ssm_yield,IN-03-0128,2,avg_ssm_z,yield_z,,,-0.49583124815334917,-0.29762764285619275,,,,,,,,,,
10,,,avg_ssm_yield,IN-03-0128,2,avg_ssm_z,yield_z,,,-0.5246413428898219,-0.09655119640126815,,,,,,,,,,
6,,,avg_ssm_yield,IN-03-0129,2,avg_ssm_z,yield_z,,,0.3021592520632019,0.14241267562969437,,,,,,,,,,
10,,,avg_ssm_yield,IN-03-0129,2,avg_ssm_z,yield_z,,,0.4582496767955052,0.23231104871180913,,,,,,,,,,
6,,,avg_ssm_yield,IN-03-0130,2,avg_ssm_z,yield_z,,,-0.06942269345871876,-0.19698208286289132,,,,,,,,,,
10,,,avg_ssm_yield,IN-03-0130,2,avg_ssm_z,yield_z,,,0.1060717814661876,0.08417414071331794,,,,,,,,,,
6,,,avg_ssm_yield,IN-03-0131,2,avg_ssm_z,yield_z,,,-0.018071424226005994,-0.06666053396633576,,,,,,,,,,
10,,,avg_ssm_yield,IN-03-0131,2,avg_ssm_z,yield_z,,,-0.6304235016173272,-0.20970577662712184,,,,,,,,,,
6,,,avg_ssm_yield,IN-03-0132,2,avg_ssm_z,yield_z,,,-0.30225265796225587,-0.03126597755139778,,,,,,,,,,
10,,,avg_ssm_yield,IN-03-0132,2,avg_ssm_z,yield_z,,,-0.3831840686775393,-0.013063214520661984,,,,,,,,,,
6,,,avg_ssm_yield,IN-03-0133,2,avg_ssm_z,yield_z,,,-0.0812081249906135,0.08129821374334645,,,,,,,,,,
10,,,avg_ssm_yield,IN-03-0133,2,avg_ssm_z,yield_z,,,-0.2586220983477802,0.01297263219179973,,,,,,,,,,
6,,,avg_ssm_yield,IN-03-0134,2,avg_ssm_z,yield_z,,,-0.4026707040713058,-0.25245456384072823,,,,,,,,,,
10,,,avg_ssm_yield,IN-03-0134,2,avg_ssm_z,yield_z,,,-0.5621389207699866,-0.18401858887174455,,,,,,,,,,
6,,,avg_ssm_yield,IN-03-0135,2,avg_ssm_z,yield_z,,,-0.08748107381957264,-0.24196235084154843,,,,,,,,,,
10,,,avg_ssm_yield,IN-03-0135,2,avg_ssm_z,yield_z,,,0.04902635926017529,-0.14605812805146784,,,,,,,,,,
6,,,avg_ssm_yield,IN-03-0136,2,avg_ssm_z,yield_z,,,0.04381842956135107,0.09133740599836908,,,,,,,,,,
10,,,avg_ssm_yield,IN-03-0136,2,avg_ssm_z,yield_z,,,0.23789418006166518,0.28418627830855314,,,,,,,,,,
6,,,avg_ssm_yield,IN-03-0137,2,avg_ssm_z,yield_z,,,-0.2742235499415277,-0.00023743946309773834,,,,,,,,,,
10,,,avg_ssm_yield,IN-03-0137,2,avg_ssm_z,yield_z,,,-0.0951338864181548,-0.024330798098650165,,,,,,,,,,
6,,,avg_ssm_yield,IN-03-0138,2,avg_ssm_z,yield_z,,,0.22799878726859574,-0.13347302766736008,,,,,,,,,,
10,,,avg_ssm_yield,IN-03-0138,2,avg_ssm_z,yield_z,,,0.1779383678152497,-0.37601161074928036,,,,,,,,,,
6,,,avg_ssm_yield,IN-03-0518,2,avg_ssm_z,yield_z,,,-0.06094094194102111,-0.2458447318887777,,,,,,,,,,
10,,,avg_ssm_yield,IN-03-0518,2,avg_ssm_z,yield_z,,,0.07891296632381438,-0.609265872400752,,,,,,,,,,
6,,,avg_ssm_yield,IN-03-1001,2,avg_ssm_z,yield_z,,,0.12158004335305886,-0.3180579434403194,,,,,,,,,,
10,,,avg_ssm_yield,IN-03-1001,2,avg_ssm_z,yield_z,,,0.23311855621582703,-0.5156376695199681,,,,,,,,,,
6,,,avg_ssm_yield,IN-03-1002,2,avg_ssm_z,yield_z,,,-0.03263844547015678,-0.3332262953856016,,,,,,,,,,
10,,,avg_ssm_yield,IN-03-1002,2,avg_ssm_z,yield_z,,,-0.11515394638151744,-0.3357911261723089,,,,,,,,,,
6,,,avg_ssm_yield,IN-03-1003,2,avg_ssm_z,yield_z,,,-0.08074506427306558,-0.09181453041542943,,,,,,,,,,
10,,,avg_ssm_yield,IN-03-1003,2,avg_ssm_z,yield_z,,,0.14399670893365327,-0.08861968537154759,,,,,,,,,,
6,,,avg_ssm_yield,IN-03-1004,2,avg_ssm_z,yield_z,,,-0.09584365483020474,0.301632362668688,,,,,,,,,,
10,,,avg_ssm_yield,IN-03-1004,2,avg_ssm_z,yield_z,,,-0.07537130191283792,0.35694444084645427,,,,,,,,,,
6,,,avg_ssm_yield,IN-03-1005,2,avg_ssm_z,yield_z,,,0.016854546346674736,-0.3007880097546376,,,,,,,,,,
10,,,avg_ssm_yield,IN-03-1005,2,avg_ssm_z,yield_z,,,-0.15368051673586164,-0.34853394671512683,,,,,,,,,,
6,,,avg_ssm_yield,IN-03-1006,2,avg_ssm_z,yield_z,,,-0.0178960367528656,-0.3011828927163752,,,,,,,,,,
10,,,avg_ssm_yield,IN-03-1006,2,avg_ssm_z,yield_z,,,0.2092842755437752,-0.1688262145062945,,,,,,,,,,
6,,,avg_ssm_yield,IN-03-2001,2,avg_ssm_z,yield_z,,,-0.22082250914355733,-0.5154305473630394,,,,,,,,,,
6,,,avg_ssm_yield,IN-04-0177,2,avg_ssm_z,yield_z,,,-0.011795778013397928,0.13260393472861834,,,,,,,,,,
10,,,avg_ssm_yield,IN-04-0177,2,avg_ssm_z,yield_z,,,0.04986503762829751,0.3363523648351045,,,,,,,,,,
6,,,avg_ssm_yield,IN-04-0178,2,avg_ssm_z,yield_z,,,0.2415275509038867,0.24506772449762373,,,,,,,,,,
10,,,avg_ssm_yield,IN-04-0178,2,avg_ssm_z,yield_z,,,0.5531020735789405,0.5996004065573503,,,,,,,,,,
6,,,avg_ssm_yield,IN-04-0179,2,avg_ssm_z,yield_z,,,0.38483922109883295,0.31281425206891444,,,,,,,,,,
10,,,avg_ssm_yield,IN-04-0179,2,avg_ssm_z,yield_z,,,0.5326610472123334,0.5876764008291552,,,,,,,,,,
6,,,avg_ssm_yield,IN-04-0180,2,avg_ssm_z,yield_z,,,0.08534778554664649,0.014676785434248963,,,,,,,,,,
10,,,avg_ssm_yield,IN-04-0180,2,avg_ssm_z,yield_z,,,0.44715580822148643,0.3421454350137264,,,,,,,,,,
6,,,avg_ssm_yield,IN-04-0181,2,avg_ssm_z,yield_z,,,-0.2886787420424294,-0.03606858114605278,,,,,,,,,,
10,,,avg_ssm_yield,IN-04-0181,2,avg_ssm_z,yield_z,,,-0.17425551192750313,0.1393464626262834,,,,,,,,,,
6,,,avg_ssm_yield,IN-04-0182,2,avg_ssm_z,yield_z,,,-0.09775115061926667,0.020785173707215287,,,,,,,,,,
10,,,avg_ssm_yield,IN-04-0182,2,avg_ssm_z,yield_z,,,-0.038862192497698234,0.39494965947140326,,,,,,,,,,
6,,,avg_ssm_yield,IN-04-0183,2,avg_ssm_z,yield_z,,,-0.17318377136468185,0.514487701435474,,,,,,,,,,
10,,,avg_ssm_yield,IN-04-0183,2,avg_ssm_z,yield_z,,,-0.011554401312477614,0.6071442497397989,,,,,,,,,,
6,,,avg_ssm_yield,IN-04-0184,2,avg_ssm_z,yield_z,,,0.012729809736618945,0.2202626033075566,,,,,,,,,,
10,,,avg_ssm_yield,IN-04-0184,2,avg_ssm_z,yield_z,,,0.08454524874965737,0.48890854582085463,,,,,,,,,,
6,,,avg_ssm_yield,IN-04-0185,2,avg_ssm_z,yield_z,,,-0.2942894966017846,-0.08651455358598187,,,,,,,,,,
10,,,avg_ssm_yield,IN-04-0185,2,avg_ssm_z,yield_z,,,-0.22741008367985857,-0.2837416999693233,,,,,,,,,,
6,,,avg_ssm_yield,IN-04-0186,2,avg_ssm_z,yield_z,,,-0.3297460642591073,-0.31803900811905195,,,,,,,,,,
10,,,avg_ssm_yield,IN-04-0186,2,avg_ssm_z,yield_z,,,-0.1837317190899286,-0.08497493271032193,,,,,,,,,,
6,,,avg_ssm_yield,IN-04-0187,2,avg_ssm_z,yield_z,,,-0.20200545678856185,-0.0905237316008974,,,,,,,,,,
10,,,avg_ssm_yield,IN-04-0187,2,avg_ssm_z,yield_z,,,-0.049139794079444826,0.13037521700195992,,,,,,,,,,
6,,,avg_ssm_yield,IN-04-0188,2,avg_ssm_z,yield_z,,,0.05608646008119209,-0.14177787828909078,,,,,,,,,,
10,,,avg_ssm_yield,IN-04-0188,2,avg_ssm_z,yield_z,,,0.22385978548119945,0.09934949886705004,,,,,,,,,,
6,,,avg_ssm_yield,IN-04-0523,2,avg_ssm_z,yield_z,,,-0.27625488506246726,0.36898010076058013,,,,,,,,,,
10,,,avg_ssm_yield,IN-04-0523,2,avg_ssm_z,yield_z,,,-0.2872078478808449,0.4662753948184225,,,,,,,,,,
6,,,avg_ssm_yield,IN-04-0524,2,avg_ssm_z,yield_z,,,-0.10459008799055784,0.2647806080015322,,,,,,,,,,
10,,,avg_ssm_yield,IN-04-0524,2,avg_ssm_z,yield_z,,,0.12043903125628315,0.5205356406925813,,,,,,,,,,
6,,,avg_ssm_yield,IN-04-0525,2,avg_ssm_z,yield_z,,,-0.3683426494740166,0.009819907189934234,,,,,,,,,,
10,,,avg_ssm_yield,IN-04-0525,2,avg_ssm_z,yield_z,,,-0.30826841959581164,0.18432365099242062,,,,,,,,,,
6,,,avg_ssm_yield,IN-04-0526,2,avg_ssm_z,yield_z,,,-0.025250142585103295,0.003759362144486167,,,,,,,,,,
10,,,avg_ssm_yield,IN-04-0526,2,avg_ssm_z,yield_z,,,0.2035305201561881,0.34623550102881484,,,,,,,,,,
6,,,avg_ssm_yield,IN-04-1007,2,avg_ssm_z,yield_z,,,0.13714180717138288,0.18306310491835567,,,,,,,,,,
10,,,avg_ssm_yield,IN-04-1007,2,avg_ssm_z,yield_z,,,0.4408986955305507,0.4624530376068809,,,,,,,,,,
6,,,avg_ssm_yield,IN-04-1008,2,avg_ssm_z,yield_z,,,-0.0768526982510733,-0.09943265162452304,,,,,,,,,,
10,,,avg_ssm_yield,IN-04-1008,2,avg_ssm_z,yield_z,,,0.05435706628191306,0.14377073042166463,,,,,,,,,,
6,,,avg_ssm_yield,IN-04-1009,2,avg_ssm_z,yield_z,,,0.12918855082961467,0.47494402854652584,,,,,,,,,,
10,,,avg_ssm_yield,IN-04-1009,2,avg_ssm_z,yield_z,,,0.4050167018669469,0.5919970025256632,,,,,,,,,,
6,,,avg_ssm_yield,IN-04-2002,2,avg_ssm_z,yield_z,,,0.05019311965860425,-0.6171764010303049,,,,,,,,,,
10,,,avg_ssm_yield,IN-04-2002,2,avg_ssm_z,yield_z,,,0.1044472982391211,-0.5712724248284637,,,,,,,,,,
6,,,avg_ssm_yield,IN-04-2003,2,avg_ssm_z,yield_z,,,0.04701524452925482,0.1006923339759325,,,,,,,,,,
6,,,avg_ssm_yield,IN-05-0072,2,avg_ssm_z,yield_z,,,-0.33858553369821365,-0.012784913508575853,,,,,,,,,,
10,,,avg_ssm_yield,IN-05-0072,2,avg_ssm_z,yield_z,,,-0.5896095481238282,-0.07619148940503864,,,,,,,,,,
6,,,avg_ssm_yield,IN-05-0073,2,avg_ssm_z,yield_z,,,-0.43509775680077123,-0.5327469605743463,,,,,,,,,,
10,,,avg_ssm_yield,IN-05-0073,2,avg_ssm_z,yield_z,,,-0.5490176968202742,-0.5094027078371284,,,,,,,,,,
6,,,avg_ssm_yield,IN-05-0074,2,avg_ssm_z,yield_z,,,-0.09145821248123001,0.42990207144093084,,,,,,,,,,
10,,,avg_ssm_yield,IN-05-0074,2,avg_ssm_z,yield_z,,,-0.0282278204157078,0.5073842280551125,,,,,,,,,,
6,,,avg_ssm_yield,IN-05-0075,2,avg_ssm_z,yield_z,,,0.11296898885545185,0.1388958402701861,,,,,,,,,,
10,,,avg_ssm_yield,IN-05-0075,2,avg_ssm_z,yield_z,,,0.06408512953437806,0.23668881429345734,,,,,,,,,,
6,,,avg_ssm_yield,IN-05-0076,2,avg_ssm_z,yield_z,,,-0.009397424326978963,0.062080687639445874,,,,,,,,,,
10,,,avg_ssm_yield,IN-05-0076,2,avg_ssm_z,yield_z,,,-0.11718458476322154,-0.07271921950937164,,,,,,,,,,
6,,,avg_ssm_yield,IN-05-0077,2,avg_ssm_z,yield_z,,,-0.17692253150896972,0.13848918033916063,,,,,,,,,,
10,,,avg_ssm_yield,IN-05-0077,2,avg_ssm_z,yield_z,,,-0.12377775550352135,0.15930127232171376,,,,,,,,,,
6,,,avg_ssm_yield,IN-05-0078,2,avg_ssm_z,yield_z,,,0.1256014536996104,-0.1614091606579467,,,,,,,,,,
10,,,avg_ssm_yield,IN-05-0078,2,avg_ssm_z,yield_z,,,0.05949419103631929,0.04463589725326582,,,,,,,,,,
6,,,avg_ssm_yield,IN-05-0079,2,avg_ssm_z,yield_z,,,-0.38380828394833266,-0.09893222961578159,,,,,,,,,,
10,,,avg_ssm_yield,IN-05-0079,2,avg_ssm_z,yield_z,,,-0.5793416553720763,-0.009604701541606009,,,,,,,,,,
6,,,avg_ssm_yield,IN-05-1010,2,avg_ssm_z,yield_z,,,-0.11565029772510052,-0.41701614046153496,,,,,,,,,,
10,,,avg_ssm_yield,IN-05-1010,2,avg_ssm_z,yield_z,,,-0.28830750057980364,-0.5589454898905981,,,,,,,,,,
6,,,avg_ssm_yield,IN-05-1012,2,avg_ssm_z,yield_z,,,-0.3456349250842626,-0.27476116002741274,,,,,,,,,,
10,,,avg_ssm_yield,IN-05-1012,2,avg_ssm_z,yield_z,,,-0.3076019564676127,-0.3677568945208236,,,,,,,,,,
6,,,avg_ssm_yield,IN-05-1013,2,avg_ssm_z,yield_z,,,-0.1759570541429501,0.04973345872058745,,,,,,,,,,
10,,,avg_ssm_yield,IN-05-1013,2,avg_ssm_z,yield_z,,,-0.24648744026435837,0.14850204972918882,,,,,,,,,,
6,,,avg_ssm_yield,IN-05-1014,2,avg_ssm_z,yield_z,,,-0.16238195415988477,0.3582387694904222,,,,,,,,,,
10,,,avg_ssm_yield,IN-05-1014,2,avg_ssm_z,yield_z,,,0.04430647319748684,0.5441998375211315,,,,,,,,,,
6,,,avg_ssm_yield,IN-05-1015,2,avg_ssm_z,yield_z,,,-0.47963163589515256,-0.40296998521503136,,,,,,,,,,
10,,,avg_ssm_yield,IN-05-1015,2,avg_ssm_z,yield_z,,,-0.49506094658094835,-0.6931744640094315,,,,,,,,,,
6,,,avg_ssm_yield,IN-06-0007,2,avg_ssm_z,yield_z,,,-0.10873912094697655,0.2804682240884531,,,,,,,,,,
10,,,avg_ssm_yield,IN-06-0007,2,avg_ssm_z,yield_z,,,0.2639920913283499,0.4750808725807188,,,,,,,,,,
6,,,avg_ssm_yield,IN-06-0008,2,avg_ssm_z,yield_z,,,-0.3772310427383969,-0.0855785782495722,,,,,,,,,,
10,,,avg_ssm_yield,IN-06-0008,2,avg_ssm_z,yield_z,,,-0.48210490665183425,-0.008426190965872358,,,,,,,,,,
6,,,avg_ssm_yield,IN-06-0009,2,avg_ssm_z,yield_z,,,-0.10285244355846315,0.019339904416140245,,,,,,,,,,
10,,,avg_ssm_yield,IN-06-0009,2,avg_ssm_z,yield_z,,,-0.12564944679863116,0.19389444057479943,,,,,,,,,,
6,,,avg_ssm_yield,IN-06-0010,2,avg_ssm_z,yield_z,,,-0.15094399206557232,-0.04011170174548813,,,,,,,,,,
10,,,avg_ssm_yield,IN-06-0010,2,avg_ssm_z,yield_z,,,-0.01811296466924487,0.13684928723956605,,,,,,,,,,
6,,,avg_ssm_yield,IN-06-0011,2,avg_ssm_z,yield_z,,,0.3463480897751254,0.36749037704912874,,,,,,,,,,
10,,,avg_ssm_yield,IN-06-0011,2,avg_ssm_z,yield_z,,,0.52178613548318,0.3759508723760248,,,,,,,,,,
6,,,avg_ssm_yield,IN-06-0012,2,avg_ssm_z,yield_z,,,-0.024980924345374488,0.5891830928213139,,,,,,,,,,
10,,,avg_ssm_yield,IN-06-0012,2,avg_ssm_z,yield_z,,,0.24704764892694087,0.5727295807028682,,,,,,,,,,
6,,,avg_ssm_yield,IN-06-0013,2,avg_ssm_z,yield_z,,,0.07598793840910914,0.6481787451984593,,,,,,,,,,
10,,,avg_ssm_yield,IN-06-0013,2,avg_ssm_z,yield_z,,,0.3917903054421755,0.7022803995566219,,,,,,,,,,
6,,,avg_ssm_yield,IN-06-0014,2,avg_ssm_z,yield_z,,,-0.32098187065930006,-0.3804186991755344,,,,,,,,,,
10,,,avg_ssm_yield,IN-06-0014,2,avg_ssm_z,yield_z,,,-0.41125037471330517,-0.21441660271518237,,,,,,,,,,
6,,,avg_ssm_yield,IN-06-0015,2,avg_ssm_z,yield_z,,,-0.3030064577128037,-0.26469287591563395,,,,,,,,,,
10,,,avg_ssm_yield,IN-06-0015,2,avg_ssm_z,yield_z,,,-0.08334972400168597,-0.15086189569614786,,,,,,,,,,
6,,,avg_ssm_yield,IN-06-0016,2,avg_ssm_z,yield_z,,,-0.27877302490008493,-0.11521437608336713,,,,,,,,,,
10,,,avg_ssm_yield,IN-06-0016,2,avg_ssm_z,yield_z,,,-0.18269228289620978,0.01311589112379028,,,,,,,,,,
6,,,avg_ssm_yield,IN-06-0017,2,avg_ssm_z,yield_z,,,-0.14749899218261758,0.056421985594067345,,,,,,,,,,
10,,,avg_ssm_yield,IN-06-0017,2,avg_ssm_z,yield_z,,,-0.047770474626524756,0.1953267282673942,,,,,,,,,,
6,,,avg_ssm_yield,IN-06-0018,2,avg_ssm_z,yield_z,,,-0.5473287503818152,-0.35405008330707416,,,,,,,,,,
10,,,avg_ssm_yield,IN-06-0018,2,avg_ssm_z,yield_z,,,-0.6767663712339095,-0.26875338407137517,,,,,,,,,,
6,,,avg_ssm_yield,IN-06-0019,2,avg_ssm_z,yield_z,,,-0.4961396899406244,-0.11061278173938031,,,,,,,,,,
10,,,avg_ssm_yield,IN-06-0019,2,avg_ssm_z,yield_z,,,-0.7090773238083928,-0.07488888159022213,,,,,,,,,,
6,,,avg_ssm_yield,IN-06-0020,2,avg_ssm_z,yield_z,,,-0.23286937117998202,-0.22546737014188648,,,,,,,,,,
10,,,avg_ssm_yield,IN-06-0020,2,avg_ssm_z,yield_z,,,-0.25585632287835314,-0.12744838021397722,,,,,,,,,,
6,,,avg_ssm_yield,IN-06-0021,2,avg_ssm_z,yield_z,,,-0.2793623620593941,-0.07988376242940917,,,,,,,,,,
10,,,avg_ssm_yield,IN-06-0021,2,avg_ssm_z,yield_z,,,-0.20926026698095831,-0.0684215223660563,,,,,,,,,,
6,,,avg_ssm_yield,IN-06-0022,2,avg_ssm_z,yield_z,,,-0.12630940764231013,0.1673081763598213,,,,,,,,,,
10,,,avg_ssm_yield,IN-06-0022,2,avg_ssm_z,yield_z,,,-0.30870898436572924,0.10464607843727572,,,,,,,,,,
6,,,avg_ssm_yield,IN-06-0023,2,avg_ssm_z,yield_z,,,-0.2946216712424932,-0.48904105158765876,,,,,,,,,,
10,,,avg_ssm_yield,IN-06-0023,2,avg_ssm_z,yield_z,,,-0.2664700261789409,-0.5015108009164045,,,,,,,,,,
6,,,avg_ssm_yield,IN-06-0024,2,avg_ssm_z,yield_z,,,0.6080529677820911,0.2568423716583895,,,,,,,,,,
10,,,avg_ssm_yield,IN-06-0024,2,avg_ssm_z,yield_z,,,0.7133870024550137,0.39339268715491876,,,,,,,,,,
6,,,avg_ssm_yield,IN-06-0025,2,avg_ssm_z,yield_z,,,-0.17015135932239378,-0.22112591113598387,,,,,,,,,,
10,,,avg_ssm_yield,IN-06-0025,2,avg_ssm_z,yield_z,,,-0.5990894819355407,-0.363721511033264,,,,,,,,,,
6,,,avg_ssm_yield,IN-06-0026,2,avg_ssm_z,yield_z,,,0.16419851574573166,0.3434441117554594,,,,,,,,,,
10,,,avg_ssm_yield,IN-06-0026,2,avg_ssm_z,yield_z,,,0.034179127247197176,0.42187281479122574,,,,,,,,,,
6,,,avg_ssm_yield,IN-06-0027,2,avg_ssm_z,yield_z,,,-0.11135969089166757,0.24677850841912258,,,,,,,,,,
10,,,avg_ssm_yield,IN-06-0027,2,avg_ssm_z,yield_z,,,-0.1772163015518264,0.2860697989119355,,,,,,,,,,
6,,,avg_ssm_yield,IN-06-0028,2,avg_ssm_z,yield_z,,,0.19764534815114096,0.2836978798142847,,,,,,,,,,
10,,,avg_ssm_yield,IN-06-0028,2,avg_ssm_z,yield_z,,,0.16150551781070258,0.10653523632482258,,,,,,,,,,
6,,,avg_ssm_yield,IN-06-0029,2,avg_ssm_z,yield_z,,,-0.29641031432351417,-0.19607522027994329,,,,,,,,,,
10,,,avg_ssm_yield,IN-06-0029,2,avg_ssm_z,yield_z,,,-0.2969758720992993,-0.46386726836858794,,,,,,,,,,
6,,,avg_ssm_yield,IN-06-0030,2,avg_ssm_z,yield_z,,,0.07644687382982965,0.613558510198785,,,,,,,,,,
10,,,avg_ssm_yield,IN-06-0030,2,avg_ssm_z,yield_z,,,-0.04252094039372444,0.6105018226040784,,,,,,,,,,
6,,,avg_ssm_yield,IN-06-0031,2,avg_ssm_z,yield_z,,,0.008679884982917895,0.3179296314759134,,,,,,,,,,
10,,,avg_ssm_yield,IN-06-0031,2,avg_ssm_z,yield_z,,,-0.09018845765645352,0.24727521497415247,,,,,,,,,,
6,,,avg_ssm_yield,IN-06-0032,2,avg_ssm_z,yield_z,,,0.525827778770368,0.47252781078210193,,,,,,,,,,
10,,,avg_ssm_yield,IN-06-0032,2,avg_ssm_z,yield_z,,,0.4878354516386989,0.4626758459110496,,,,,,,,,,
6,,,avg_ssm_yield,IN-06-0033,2,avg_ssm_z,yield_z,,,0.20232826851567592,0.3350125819130325,,,,,,,,,,
10,,,avg_ssm_yield,IN-06-0033,2,avg_ssm_z,yield_z,,,0.25002100365126934,-0.04639056229392982,,,,,,,,,,
6,,,avg_ssm_yield,IN-06-0034,2,avg_ssm_z,yield_z,,,0.29075629392347385,0.13495519834877123,,,,,,,,,,
10,,,avg_ssm_yield,IN-06-0034,2,avg_ssm_z,yield_z,,,0.2760134940634174,-0.04824449372845169,,,,,,,,,,
6,,,avg_ssm_yield,IN-06-0035,2,avg_ssm_z,yield_z,,,-0.26580264873100257,-0.17954938006687937,,,,,,,,,,
10,,,avg_ssm_yield,IN-06-0035,2,avg_ssm_z,yield_z,,,-0.1804506750618265,-0.1270604663048448,,,,,,,,,,
6,,,avg_ssm_yield,IN-06-0036,2,avg_ssm_z,yield_z,,,0.35349438638503977,0.5444600841336138,,,,,,,,,,
10,,,avg_ssm_yield,IN-06-0036,2,avg_ssm_z,yield_z,,,0.35994004374788147,0.5185496771166023,,,,,,,,,,
6,,,avg_ssm_yield,IN-06-0037,2,avg_ssm_z,yield_z,,,0.47093860568636386,-0.02734176778126717,,,,,,,,,,
10,,,avg_ssm_yield,IN-06-0037,2,avg_ssm_z,yield_z,,,0.5107818465499286,0.08110352344983122,,,,,,,,,,
6,,,avg_ssm_yield,IN-06-0038,2,avg_ssm_z,yield_z,,,0.8322076691352265,0.5685466702490443,,,,,,,,,,
10,,,avg_ssm_yield,IN-06-0038,2,avg_ssm_z,yield_z,,,0.8735887440654174,0.7752025556298816,,,,,,,,,,
6,,,avg_ssm_yield,IN-06-0039,2,avg_ssm_z,yield_z,,,0.2565170100704294,0.40401323540597167,,,,,,,,,,
10,,,avg_ssm_yield,IN-06-0039,2,avg_ssm_z,yield_z,,,0.527513788158165,0.49685767569053374,,,,,,,,,,
6,,,avg_ssm_yield,IN-06-0040,2,avg_ssm_z,yield_z,,,-0.2613295392307108,0.20881361877851118,,,,,,,,,,
10,,,avg_ssm_yield,IN-06-0040,2,avg_ssm_z,yield_z,,,0.11446898017393141,0.4042018935019243,,,,,,,,,,
6,,,avg_ssm_yield,IN-06-0041,2,avg_ssm_z,yield_z,,,0.6801306576235167,0.6569606703153477,,,,,,,,,,
10,,,avg_ssm_yield,IN-06-0041,2,avg_ssm_z,yield_z,,,0.728581432054825,0.62613482925521,,,,,,,,,,
6,,,avg_ssm_yield,IN-06-0042,2,avg_ssm_z,yield_z,,,0.2147301271972656,0.06930163165837264,,,,,,,,,,
10,,,avg_ssm_yield,IN-06-0042,2,avg_ssm_z,yield_z,,,0.262892283041574,0.06770992801080374,,,,,,,,,,
6,,,avg_ssm_yield,IN-06-0043,2,avg_ssm_z,yield_z,,,0.46064753546749965,0.39542175786495276,,,,,,,,,,
10,,,avg_ssm_yield,IN-06-0043,2,avg_ssm_z,yield_z,,,0.7794986438116418,0.6255222022981322,,,,,,,,,,
6,,,avg_ssm_yield,IN-06-0502,2,avg_ssm_z,yield_z,,,0.33985487281710525,0.5421264213160442,,,,,,,,,,
10,,,avg_ssm_yield,IN-06-0502,2,avg_ssm_z,yield_z,,,0.6933750237062725,0.742548093425022,,,,,,,,,,
6,,,avg_ssm_yield,IN-06-1057,2,avg_ssm_z,yield_z,,,-0.2318472175426523,0.43064256270925505,,,,,,,,,,
10,,,avg_ssm_yield,IN-06-1057,2,avg_ssm_z,yield_z,,,0.016258139378948905,0.49898593771084043,,,,,,,,,,
6,,,avg_ssm_yield,IN-06-1058,2,avg_ssm_z,yield_z,,,0.46471681992264535,0.31683990077547186,,,,,,,,,,
10,,,avg_ssm_yield,IN-06-1058,2,avg_ssm_z,yield_z,,,0.6704500193366691,0.5409647565790017,,,,,,,,,,
6,,,avg_ssm_yield,IN-06-1060,2,avg_ssm_z,yield_z,,,-0.07025057703068979,0.08096251945689989,,,,,,,,,,
10,,,avg_ssm_yield,IN-06-1060,2,avg_ssm_z,yield_z,,,0.03674443872112003,-0.28714272317118095,,,,,,,,,,
6,,,avg_ssm_yield,IN-06-1061,2,avg_ssm_z,yield_z,,,-0.37962555647741725,0.2046250843272575,,,,,,,,,,
10,,,avg_ssm_yield,IN-06-1061,2,avg_ssm_z,yield_z,,,-0.10617850886780626,0.22262459033841608,,,,,,,,,,
6,,,avg_ssm_yield,IN-06-1062,2,avg_ssm_z,yield_z,,,0.016464243789986767,0.11953036269645465,,,,,,,,,,
10,,,avg_ssm_yield,IN-06-1062,2,avg_ssm_z,yield_z,,,-0.11798756313593603,-0.07673094637031044,,,,,,,,,,
6,,,avg_ssm_yield,IN-06-1063,2,avg_ssm_z,yield_z,,,-0.43657014802930527,-0.25973301386601777,,,,,,,,,,
10,,,avg_ssm_yield,IN-06-1063,2,avg_ssm_z,yield_z,,,-0.43000353542740377,-0.3080277212877254,,,,,,,,,,
6,,,avg_ssm_yield,IN-06-1064,2,avg_ssm_z,yield_z,,,-0.3095442885243934,0.059928481349580384,,,,,,,,,,
10,,,avg_ssm_yield,IN-06-1064,2,avg_ssm_z,yield_z,,,-0.03740419289703743,0.16251948850595546,,,,,,,,,,
6,,,avg_ssm_yield,IN-06-1071,2,avg_ssm_z,yield_z,,,-0.26743193514288477,0.08335444980597631,,,,,,,,,,
10,,,avg_ssm_yield,IN-06-1071,2,avg_ssm_z,yield_z,,,-0.07414469164882156,0.12975954037048482,,,,,,,,,,
6,,,avg_ssm_yield,IN-06-1081,2,avg_ssm_z,yield_z,,,-0.09732135514789483,0.1060051961363705,,,,,,,,,,
10,,,avg_ssm_yield,IN-06-1081,2,avg_ssm_z,yield_z,,,0.11034679953446853,0.24969386043256803,,,,,,,,,,
6,,,avg_ssm_yield,IN-06-1082,2,avg_ssm_z,yield_z,,,-0.31507758847780887,-0.07288171694661524,,,,,,,,,,
10,,,avg_ssm_yield,IN-06-1082,2,avg_ssm_z,yield_z,,,-0.2759046227813343,-0.1698649628284215,,,,,,,,,,
6,,,avg_ssm_yield,IN-06-2006,2,avg_ssm_z,yield_z,,,-0.21142941934271425,0.28407788547295854,,,,,,,,,,
6,,,avg_ssm_yield,IN-06-2007,2,avg_ssm_z,yield_z,,,-0.4634086141468571,0.24355160728275113,,,,,,,,,,
6,,,avg_ssm_yield,IN-07-0096,2,avg_ssm_z,yield_z,,,0.15676296083612326,0.24708132250795023,,,,,,,,,,
6,,,avg_ssm_yield,IN-07-0099,2,avg_ssm_z,yield_z,,,-0.31409383399302987,-0.27062243374519657,,,,,,,,,,
10,,,avg_ssm_yield,IN-07-0099,2,avg_ssm_z,yield_z,,,-0.1641493256434856,-0.02981023081785552,,,,,,,,,,
6,,,avg_ssm_yield,IN-07-0100,2,avg_ssm_z,yield_z,,,0.12077689060841816,-0.3116706171269418,,,,,,,,,,
10,,,avg_ssm_yield,IN-07-0100,2,avg_ssm_z,yield_z,,,0.08887692550514309,-0.2855644106185173,,,,,,,,,,
6,,,avg_ssm_yield,IN-07-0101,2,avg_ssm_z,yield_z,,,0.07790931062672932,0.35284777071527074,,,,,,,,,,
10,,,avg_ssm_yield,IN-07-0101,2,avg_ssm_z,yield_z,,,0.43499198419922197,0.4737650873742679,,,,,,,,,,
6,,,avg_ssm_yield,IN-07-0102,2,avg_ssm_z,yield_z,,,0.10414075202911555,0.01637912758628977,,,,,,,,,,
10,,,avg_ssm_yield,IN-07-0102,2,avg_ssm_z,yield_z,,,0.2181795314001747,0.33080482682033474,,,,,,,,,,
6,,,avg_ssm_yield,IN-07-0103,2,avg_ssm_z,yield_z,,,-0.5210057085714113,-0.48029551270658366,,,,,,,,,,
10,,,avg_ssm_yield,IN-07-0103,2,avg_ssm_z,yield_z,,,-0.5156951279114621,-0.560869848339771,,,,,,,,,,
6,,,avg_ssm_yield,IN-07-0104,2,avg_ssm_z,yield_z,,,0.038900986185061166,-0.17771352978895213,,,,,,,,,,
10,,,avg_ssm_yield,IN-07-0104,2,avg_ssm_z,yield_z,,,0.024268989980483748,-0.3544223325370021,,,,,,,,,,
6,,,avg_ssm_yield,IN-07-0105,2,avg_ssm_z,yield_z,,,-0.3252146984316797,-0.4028309121710021,,,,,,,,,,
10,,,avg_ssm_yield,IN-07-0105,2,avg_ssm_z,yield_z,,,-0.50881458802216,-0.4557472622051001,,,,,,,,,,
6,,,avg_ssm_yield,IN-07-0106,2,avg_ssm_z,yield_z,,,0.47540509054632646,0.4177306241542807,,,,,,,,,,
10,,,avg_ssm_yield,IN-07-0106,2,avg_ssm_z,yield_z,,,0.7225350184176855,0.6030699840911093,,,,,,,,,,
6,,,avg_ssm_yield,IN-07-0107,2,avg_ssm_z,yield_z,,,0.09079408186830813,-0.06301137951448783,,,,,,,,,,
10,,,avg_ssm_yield,IN-07-0107,2,avg_ssm_z,yield_z,,,-0.0758390634693107,-0.045818328546572216,,,,,,,,,,
6,,,avg_ssm_yield,IN-07-0108,2,avg_ssm_z,yield_z,,,-0.4266169445396182,-0.3124501013925373,,,,,,,,,,
10,,,avg_ssm_yield,IN-07-0108,2,avg_ssm_z,yield_z,,,-0.35951356248539684,-0.09738648206804387,,,,,,,,,,
6,,,avg_ssm_yield,IN-07-0109,2,avg_ssm_z,yield_z,,,-0.40844584030193065,-0.4900054358896012,,,,,,,,,,
10,,,avg_ssm_yield,IN-07-0109,2,avg_ssm_z,yield_z,,,-0.3350027900456033,-0.285616016440662,,,,,,,,,,
6,,,avg_ssm_yield,IN-07-0110,2,avg_ssm_z,yield_z,,,-0.3918793046626865,-0.35066679743120444,,,,,,,,,,
10,,,avg_ssm_yield,IN-07-0110,2,avg_ssm_z,yield_z,,,-0.20458566559820596,-0.15697893020046566,,,,,,,,,,
6,,,avg_ssm_yield,IN-07-0111,2,avg_ssm_z,yield_z,,,-0.37774793878772756,-0.4000471598750396,,,,,,,,,,
10,,,avg_ssm_yield,IN-07-0111,2,avg_ssm_z,yield_z,,,-0.39138984241096664,-0.13550571311446305,,,,,,,,,,
6,,,avg_ssm_yield,IN-07-0112,2,avg_ssm_z,yield_z,,,-0.16623594860838398,0.11331917547297987,,,,,,,,,,
10,,,avg_ssm_yield,IN-07-0112,2,avg_ssm_z,yield_z,,,-0.0022810400807592003,0.19118174294843301,,,,,,,,,,
6,,,avg_ssm_yield,IN-07-0113,2,avg_ssm_z,yield_z,,,-0.28922383194092915,-0.25955236572270446,,,,,,,,,,
10,,,avg_ssm_yield,IN-07-0113,2,avg_ssm_z,yield_z,,,-0.1553657181688853,-0.2832215744003743,,,,,,,,,,
6,,,avg_ssm_yield,IN-07-0114,2,avg_ssm_z,yield_z,,,-0.10219613655952509,-0.47300561102601585,,,,,,,,,,
10,,,avg_ssm_yield,IN-07-0114,2,avg_ssm_z,yield_z,,,-0.15503339929581844,-0.3919680250412351,,,,,,,,,,
6,,,avg_ssm_yield,IN-07-0115,2,avg_ssm_z,yield_z,,,0.2187258156553482,-0.05584270058957733,,,,,,,,,,
10,,,avg_ssm_yield,IN-07-0115,2,avg_ssm_z,yield_z,,,0.35107292505971943,-0.0015760415991577994,,,,,,,,,,
6,,,avg_ssm_yield,IN-07-0116,2,avg_ssm_z,yield_z,,,-0.02877990502753878,-0.08862517592754368,,,,,,,,,,
10,,,avg_ssm_yield,IN-07-0116,2,avg_ssm_z,yield_z,,,-0.1171383627047335,0.12688751201150072,,,,,,,,,,
6,,,avg_ssm_yield,IN-07-0117,2,avg_ssm_z,yield_z,,,0.07176964850216797,-0.18015804128410046,,,,,,,,,,
10,,,avg_ssm_yield,IN-07-0117,2,avg_ssm_z,yield_z,,,0.22098094313140576,0.021186005519638333,,,,,,,,,,
6,,,avg_ssm_yield,IN-07-0118,2,avg_ssm_z,yield_z,,,-0.23945993064500826,-0.2506655349807286,,,,,,,,,,
10,,,avg_ssm_yield,IN-07-0118,2,avg_ssm_z,yield_z,,,-0.13731781925221798,-0.07123578139420447,,,,,,,,,,
6,,,avg_ssm_yield,IN-07-0119,2,avg_ssm_z,yield_z,,,-0.5673693502563766,-0.1386868813894564,,,,,,,,,,
10,,,avg_ssm_yield,IN-07-0119,2,avg_ssm_z,yield_z,,,-0.5794469228893242,-0.22414287765647023,,,,,,,,,,
6,,,avg_ssm_yield,IN-07-0120,2,avg_ssm_z,yield_z,,,-0.16573255024736486,-0.32622492024959354,,,,,,,,,,
10,,,avg_ssm_yield,IN-07-0120,2,avg_ssm_z,yield_z,,,-0.12003348312676225,-0.30039919227115613,,,,,,,,,,
6,,,avg_ssm_yield,IN-07-0514,2,avg_ssm_z,yield_z,,,-0.5515277557614711,-0.408788820037833,,,,,,,,,,
10,,,avg_ssm_yield,IN-07-0514,2,avg_ssm_z,yield_z,,,-0.48158816915241276,-0.27839729735522434,,,,,,,,,,
6,,,avg_ssm_yield,IN-07-0515,2,avg_ssm_z,yield_z,,,-0.6063353367153976,-0.31436695204770376,,,,,,,,,,
10,,,avg_ssm_yield,IN-07-0515,2,avg_ssm_z,yield_z,,,-0.6752441902382562,-0.12740982653113062,,,,,,,,,,
6,,,avg_ssm_yield,IN-07-0516,2,avg_ssm_z,yield_z,,,-0.1777999780679495,-0.38796035258065353,,,,,,,,,,
10,,,avg_ssm_yield,IN-07-0516,2,avg_ssm_z,yield_z,,,-0.11244008180654377,-0.4922335539518604,,,,,,,,,,
6,,,avg_ssm_yield,IN-07-1072,2,avg_ssm_z,yield_z,,,-0.351125766298091,-0.43421308738568315,,,,,,,,,,
10,,,avg_ssm_yield,IN-07-1072,2,avg_ssm_z,yield_z,,,-0.2133800639402096,-0.4864271409357922,,,,,,,,,,
6,,,avg_ssm_yield,IN-07-1073,2,avg_ssm_z,yield_z,,,-0.49084749130760497,-0.07566762422510892,,,,,,,,,,
10,,,avg_ssm_yield,IN-07-1073,2,avg_ssm_z,yield_z,,,-0.5244855055927703,-0.13994281443555862,,,,,,,,,,
6,,,avg_ssm_yield,IN-07-1074,2,avg_ssm_z,yield_z,,,-0.1224908492026244,-0.04614905866810738,,,,,,,,,,
10,,,avg_ssm_yield,IN-07-1074,2,avg_ssm_z,yield_z,,,-0.05592103322743652,-0.038943457132808536,,,,,,,,,,
6,,,avg_ssm_yield,IN-07-1075,2,avg_ssm_z,yield_z,,,-0.329869019252142,0.05285504085390573,,,,,,,,,,
10,,,avg_ssm_yield,IN-07-1075,2,avg_ssm_z,yield_z,,,-0.08796194765042106,0.14233637068895982,,,,,,,,,,
6,,,avg_ssm_yield,IN-08-0701,2,avg_ssm_z,yield_z,,,-0.07450337387091252,-0.1694608093784206,,,,,,,,,,
10,,,avg_ssm_yield,IN-08-0701,2,avg_ssm_z,yield_z,,,-0.06765130047244773,-0.07915833473975001,,,,,,,,,,
6,,,avg_ssm_yield,IN-08-0702,2,avg_ssm_z,yield_z,,,-0.38769613163224376,-0.2563176025942225,,,,,,,,,,
10,,,avg_ssm_yield,IN-08-0702,2,avg_ssm_z,yield_z,,,-0.48306717464912996,-0.42637695187529623,,,,,,,,,,
6,,,avg_ssm_yield,IN-08-0703,2,avg_ssm_z,yield_z,,,-0.1524468450472206,0.2834276312220691,,,,,,,,,,
10,,,avg_ssm_yield,IN-08-0703,2,avg_ssm_z,yield_z,,,0.07155499249331881,0.5961329036440833,,,,,,,,,,
6,,,avg_ssm_yield,IN-08-0704,2,avg_ssm_z,yield_z,,,0.3467516151175398,-0.049158655281998975,,,,,,,,,,
10,,,avg_ssm_yield,IN-08-0704,2,avg_ssm_z,yield_z,,,0.31181010215287364,-0.07819729430003716,,,,,,,,,,
6,,,avg_ssm_yield,IN-08-0705,2,avg_ssm_z,yield_z,,,-0.4984796426856519,0.09835212939389844,,,,,,,,,,
10,,,avg_ssm_yield,IN-08-0705,2,avg_ssm_z,yield_z,,,-0.4949777698323146,0.06302811825443985,,,,,,,,,,
6,,,avg_ssm_yield,IN-08-0706,2,avg_ssm_z,yield_z,,,-0.4031014771846995,-0.13675112424455266,,,,,,,,,,
10,,,avg_ssm_yield,IN-08-0706,2,avg_ssm_z,yield_z,,,-0.406563237227288,-0.27514709733327286,,,,,,,,,,
6,,,avg_ssm_yield,IN-08-0707,2,avg_ssm_z,yield_z,,,0.30268469286045807,0.23609507300393848,,,,,,,,,,
10,,,avg_ssm_yield,IN-08-0707,2,avg_ssm_z,yield_z,,,0.4053473398607558,0.5594631858269359,,,,,,,,,,
6,,,avg_ssm_yield,IN-08-0708,2,avg_ssm_z,yield_z,,,-0.1423833291474483,-0.28864546303746247,,,,,,,,,,
10,,,avg_ssm_yield,IN-08-0708,2,avg_ssm_z,yield_z,,,-0.15432532116766223,-0.18441095691228143,,,,,,,,,,
6,,,avg_ssm_yield,IN-08-0709,2,avg_ssm_z,yield_z,,,-0.17819869799427976,-0.06636269193743753,,,,,,,,,,
10,,,avg_ssm_yield,IN-08-0709,2,avg_ssm_z,yield_z,,,-0.32336737424304,-0.2401829758059047,,,,,,,,,,
6,,,avg_ssm_yield,IN-08-0710,2,avg_ssm_z,yield_z,,,-0.34483017756031853,-0.34211820771039786,,,,,,,,,,
10,,,avg_ssm_yield,IN-08-0710,2,avg_ssm_z,yield_z,,,-0.3713056269920571,-0.00021280491914300314,,,,,,,,,,
6,,,avg_ssm_yield,IN-08-0711,2,avg_ssm_z,yield_z,,,0.1515124932775797,-0.007894868685199608,,,,,,,,,,
10,,,avg_ssm_yield,IN-08-0711,2,avg_ssm_z,yield_z,,,0.24044370098622517,0.28043743426831047,,,,,,,,,,
6,,,avg_ssm_yield,IN-08-0712,2,avg_ssm_z,yield_z,,,0.29164507435621095,-0.1840949730173715,,,,,,,,,,
10,,,avg_ssm_yield,IN-08-0712,2,avg_ssm_z,yield_z,,,0.2617825040003778,-0.19651645255803854,,,,,,,,,,
6,,,avg_ssm_yield,IN-08-0713,2,avg_ssm_z,yield_z,,,0.5910772839862338,0.18172157100494046,,,,,,,,,,
10,,,avg_ssm_yield,IN-08-0713,2,avg_ssm_z,yield_z,,,0.6695001911218934,0.30148785495791636,,,,,,,,,,
6,,,avg_ssm_yield,IN-08-0714,2,avg_ssm_z,yield_z,,,-0.1446245576482391,-0.10859432047162776,,,,,,,,,,
10,,,avg_ssm_yield,IN-08-0714,2,avg_ssm_z,yield_z,,,-0.03197806172199456,-0.03721763016438236,,,,,,,,,,
6,,,avg_ssm_yield,IN-08-0716,2,avg_ssm_z,yield_z,,,0.23481187865985378,0.14456940304544258,,,,,,,,,,
10,,,avg_ssm_yield,IN-08-0716,2,avg_ssm_z,yield_z,,,0.31674256506548215,0.2905620451492686,,,,,,,,,,
6,,,avg_ssm_yield,IN-08-0717,2,avg_ssm_z,yield_z,,,0.19603134089733582,-0.3857692704594135,,,,,,,,,,
10,,,avg_ssm_yield,IN-08-0717,2,avg_ssm_z,yield_z,,,0.053079860724923586,-0.3702275935159935,,,,,,,,,,
6,,,avg_ssm_yield,IN-08-0718,2,avg_ssm_z,yield_z,,,-0.26457515465593745,-0.2107831373784394,,,,,,,,,,
10,,,avg_ssm_yield,IN-08-0718,2,avg_ssm_z,yield_z,,,-0.29696905630017634,0.24157969080683556,,,,,,,,,,
6,,,avg_ssm_yield,IN-08-0719,2,avg_ssm_z,yield_z,,,0.5151217510237368,0.0961727450887638,,,,,,,,,,
10,,,avg_ssm_yield,IN-08-0719,2,avg_ssm_z,yield_z,,,0.6041143057888302,0.21509113843945066,,,,,,,,,,
6,,,avg_ssm_yield,IN-08-0721,2,avg_ssm_z,yield_z,,,-0.2818435996837515,-0.3959858260347665,,,,,,,,,,
10,,,avg_ssm_yield,IN-08-0721,2,avg_ssm_z,yield_z,,,-0.33684176353799966,-0.39842688722062747,,,,,,,,,,
6,,,avg_ssm_yield,IN-08-0722,2,avg_ssm_z,yield_z,,,-0.4254757047535639,-0.3826382417392981,,,,,,,,,,
10,,,avg_ssm_yield,IN-08-0722,2,avg_ssm_z,yield_z,,,-0.2542385809577036,-0.3504458566817999,,,,,,,,,,
6,,,avg_ssm_yield,IN-08-0723,2,avg_ssm_z,yield_z,,,-0.43170414807174406,-0.4221704692479248,,,,,,,,,,
10,,,avg_ssm_yield,IN-08-0723,2,avg_ssm_z,yield_z,,,-0.4535361046484513,-0.3601111171299286,,,,,,,,,,
6,,,avg_ssm_yield,IN-08-0724,2,avg_ssm_z,yield_z,,,-0.4565683682298175,-0.2613516995623473,,,,,,,,,,
10,,,avg_ssm_yield,IN-08-0724,2,avg_ssm_z,yield_z,,,-0.39996802722534863,-0.21134524384718184,,,,,,,,,,
6,,,avg_ssm_yield,IN-08-0725,2,avg_ssm_z,yield_z,,,0.48679863655913663,0.23402866981210657,,,,,,,,,,
6,,,avg_ssm_yield,IN-08-0726,2,avg_ssm_z,yield_z,,,-0.12508699246684693,-0.25839399655354106,,,,,,,,,,
10,,,avg_ssm_yield,IN-08-0726,2,avg_ssm_z,yield_z,,,-0.12452013039767436,-0.3801181231616687,,,,,,,,,,
6,,,avg_ssm_yield,IN-08-0728,2,avg_ssm_z,yield_z,,,0.29310299092585745,-0.23644471587433524,,,,,,,,,,
10,,,avg_ssm_yield,IN-08-0728,2,avg_ssm_z,yield_z,,,0.15814977591117235,-0.5564324579782504,,,,,,,,,,
6,,,avg_ssm_yield,IN-08-0729,2,avg_ssm_z,yield_z,,,-0.40094870515618053,-0.3193872476967716,,,,,,,,,,
10,,,avg_ssm_yield,IN-08-0729,2,avg_ssm_z,yield_z,,,-0.52346216935714,-0.40317794392981804,,,,,,,,,,
6,,,avg_ssm_yield,IN-08-0730,2,avg_ssm_z,yield_z,,,0.36937140000704316,-0.2181753741656806,,,,,,,,,,
10,,,avg_ssm_yield,IN-08-0730,2,avg_ssm_z,yield_z,,,0.3557990672835541,0.0718539132225838,,,,,,,,,,
6,,,avg_ssm_yield,IN-08-0731,2,avg_ssm_z,yield_z,,,-0.12283408127856019,-0.33220341327159464,,,,,,,,,,
10,,,avg_ssm_yield,IN-08-0731,2,avg_ssm_z,yield_z,,,-0.04125182876333165,-0.24765168862269663,,,,,,,,,,
6,,,avg_ssm_yield,IN-08-0732,2,avg_ssm_z,yield_z,,,-0.35659607286391487,-0.15105731482151225,,,,,,,,,,
10,,,avg_ssm_yield,IN-08-0732,2,avg_ssm_z,yield_z,,,-0.39835598165700875,0.17705683516877313,,,,,,,,,,
6,,,avg_ssm_yield,IN-09-0165,2,avg_ssm_z,yield_z,,,0.22973129381569604,0.2413535344665605,,,,,,,,,,
10,,,avg_ssm_yield,IN-09-0165,2,avg_ssm_z,yield_z,,,0.17220896094787758,0.17558424316135057,,,,,,,,,,
6,,,avg_ssm_yield,IN-09-0166,2,avg_ssm_z,yield_z,,,0.293581409042067,0.30575350446821076,,,,,,,,,,
10,,,avg_ssm_yield,IN-09-0166,2,avg_ssm_z,yield_z,,,0.18576561137489928,0.4787654644475235,,,,,,,,,,
6,,,avg_ssm_yield,IN-09-0167,2,avg_ssm_z,yield_z,,,0.13298424552410845,0.07588248720917752,,,,,,,,,,
10,,,avg_ssm_yield,IN-09-0167,2,avg_ssm_z,yield_z,,,0.08276802075056625,-0.052932559407856274,,,,,,,,,,
6,,,avg_ssm_yield,IN-09-0168,2,avg_ssm_z,yield_z,,,0.1800457516855667,0.10406652516614627,,,,,,,,,,
10,,,avg_ssm_yield,IN-09-0168,2,avg_ssm_z,yield_z,,,0.3956407068971801,0.40135514567693864,,,,,,,,,,
6,,,avg_ssm_yield,IN-09-0169,2,avg_ssm_z,yield_z,,,0.4056210573502456,0.3088182797750809,,,,,,,,,,
10,,,avg_ssm_yield,IN-09-0169,2,avg_ssm_z,yield_z,,,0.666164901934466,0.5516867458041317,,,,,,,,,,
6,,,avg_ssm_yield,IN-09-0170,2,avg_ssm_z,yield_z,,,0.26736918345230043,0.49944547923350574,,,,,,,,,,
10,,,avg_ssm_yield,IN-09-0170,2,avg_ssm_z,yield_z,,,0.5562348633288577,0.5927586964797528,,,,,,,,,,
6,,,avg_ssm_yield,IN-09-0171,2,avg_ssm_z,yield_z,,,-0.315742707865729,0.047578652334705596,,,,,,,,,,
10,,,avg_ssm_yield,IN-09-0171,2,avg_ssm_z,yield_z,,,0.04104152333730568,0.32537987387470346,,,,,,,,,,
6,,,avg_ssm_yield,IN-09-0172,2,avg_ssm_z,yield_z,,,0.4815910196755892,0.31476812372281837,,,,,,,,,,
10,,,avg_ssm_yield,IN-09-0172,2,avg_ssm_z,yield_z,,,0.5099473977769098,0.2979275183874854,,,,,,,,,,
6,,,avg_ssm_yield,IN-09-0173,2,avg_ssm_z,yield_z,,,0.45813181154476706,0.2562983763282015,,,,,,,,,,
10,,,avg_ssm_yield,IN-09-0173,2,avg_ssm_z,yield_z,,,0.605663321304939,0.3717757032727399,,,,,,,,,,
6,,,avg_ssm_yield,IN-09-0174,2,avg_ssm_z,yield_z,,,0.31858147170748835,0.41482682342264193,,,,,,,,,,
10,,,avg_ssm_yield,IN-09-0174,2,avg_ssm_z,yield_z,,,0.49750181580612346,0.47351893072889767,,,,,,,,,,
6,,,avg_ssm_yield,IN-09-0175,2,avg_ssm_z,yield_z,,,0.1864149326504672,0.2939705150399747,,,,,,,,,,
10,,,avg_ssm_yield,IN-09-0175,2,avg_ssm_z,yield_z,,,0.5226117223505921,0.5893946467965681,,,,,,,,,,
6,,,avg_ssm_yield,IN-09-0176,2,avg_ssm_z,yield_z,,,-0.25779770975974087,-0.031219891261039724,,,,,,,,,,
10,,,avg_ssm_yield,IN-09-0176,2,avg_ssm_z,yield_z,,,-0.045505860037118054,0.13461783899654542,,,,,,,,,,
6,,,avg_ssm_yield,IN-09-0545,2,avg_ssm_z,yield_z,,,0.375328005791283,0.3091984659405921,,,,,,,,,,
10,,,avg_ssm_yield,IN-09-0545,2,avg_ssm_z,yield_z,,,0.5383726873052812,0.6034069096636218,,,,,,,,,,
6,,,avg_ssm_yield,IN-09-0546,2,avg_ssm_z,yield_z,,,-0.5142491670715509,-0.13192632794963557,,,,,,,,,,
10,,,avg_ssm_yield,IN-09-0546,2,avg_ssm_z,yield_z,,,-0.3162610347918412,0.10008378161640716,,,,,,,,,,
6,,,avg_ssm_yield,IN-09-1017,2,avg_ssm_z,yield_z,,,-0.09318608544596646,0.2089039570373034,,,,,,,,,,
10,,,avg_ssm_yield,IN-09-1017,2,avg_ssm_z,yield_z,,,0.18477928482529826,0.3286853102151549,,,,,,,,,,
6,,,avg_ssm_yield,IN-09-1018,2,avg_ssm_z,yield_z,,,0.2833889702510275,0.2952701836964974,,,,,,,,,,
10,,,avg_ssm_yield,IN-09-1018,2,avg_ssm_z,yield_z,,,0.5211464873917002,0.44884699283878843,,,,,,,,,,
6,,,avg_ssm_yield,IN-09-1019,2,avg_ssm_z,yield_z,,,0.18909585084117805,0.39099188854224254,,,,,,,,,,
10,,,avg_ssm_yield,IN-09-1019,2,avg_ssm_z,yield_z,,,0.3403738749835335,0.5355991283526829,,,,,,,,,,
6,,,avg_ssm_yield,IN-09-2009,2,avg_ssm_z,yield_z,,,0.3057540570862774,-0.255003700824835,,,,,,,,,,
10,,,avg_ssm_yield,IN-09-2009,2,avg_ssm_z,yield_z,,,0.27044205821667394,-0.2957711253126435,,,,,,,,,,
6,,,avg_ssm_yield,IN-09-2010,2,avg_ssm_z,yield_z,,,-0.22521600445948414,0.13305832567749068,,,,,,,,,,
10,,,avg_ssm_yield,IN-09-2010,2,avg_ssm_z,yield_z,,,-0.11456170158504334,-0.1120429245510495,,,,,,,,,,
6,,,avg_ssm_yield,IN-09-2011,2,avg_ssm_z,yield_z,,,-0.29345669912412115,0.23614064802794857,,,,,,,,,,
10,,,avg_ssm_yield,IN-09-2011,2,avg_ssm_z,yield_z,,,-0.4036710328180189,0.40231446728203,,,,,,,,,,
6,,,avg_ssm_yield,IN-10-0139,2,avg_ssm_z,yield_z,,,0.2921698398495526,-0.1668031998207064,,,,,,,,,,
10,,,avg_ssm_yield,IN-10-0139,2,avg_ssm_z,yield_z,,,0.5221335831204403,0.0009406817423872505,,,,,,,,,,
6,,,avg_ssm_yield,IN-10-0140,2,avg_ssm_z,yield_z,,,0.25019327661290947,-0.09199352061890104,,,,,,,,,,
10,,,avg_ssm_yield,IN-10-0140,2,avg_ssm_z,yield_z,,,0.314885694196341,0.17175170234652098,,,,,,,,,,
6,,,avg_ssm_yield,IN-10-0141,2,avg_ssm_z,yield_z,,,-0.4069006745213059,0.11113533899746944,,,,,,,,,,
10,,,avg_ssm_yield,IN-10-0141,2,avg_ssm_z,yield_z,,,-0.5107231158688557,0.08311591826534588,,,,,,,,,,
6,,,avg_ssm_yield,IN-10-0142,2,avg_ssm_z,yield_z,,,-0.450713060085768,-0.29839054869695186,,,,,,,,,,
10,,,avg_ssm_yield,IN-10-0142,2,avg_ssm_z,yield_z,,,-0.47849237668450206,-0.47493144677537347,,,,,,,,,,
6,,,avg_ssm_yield,IN-10-0143,2,avg_ssm_z,yield_z,,,0.2941499603804118,-0.18609077504766444,,,,,,,,,,
10,,,avg_ssm_yield,IN-10-0143,2,avg_ssm_z,yield_z,,,0.3381673162365046,-0.059140058773790284,,,,,,,,,,
6,,,avg_ssm_yield,IN-10-0144,2,avg_ssm_z,yield_z,,,-0.20147662753244594,-0.2804676643722218,,,,,,,,,,
10,,,avg_ssm_yield,IN-10-0144,2,avg_ssm_z,yield_z,,,-0.2940262108488774,-0.1475473716115098,,,,,,,,,,
6,,,avg_ssm_yield,IN-10-0145,2,avg_ssm_z,yield_z,,,0.037265733156906955,0.11387473432054211,,,,,,,,,,
10,,,avg_ssm_yield,IN-10-0145,2,avg_ssm_z,yield_z,,,0.16821571640858968,0.09469738496154485,,,,,,,,,,
6,,,avg_ssm_yield,IN-10-0146,2,avg_ssm_z,yield_z,,,-0.25265594851370954,-0.28160943467201177,,,,,,,,,,
10,,,avg_ssm_yield,IN-10-0146,2,avg_ssm_z,yield_z,,,-0.22404411393938933,-0.4660678702499201,,,,,,,,,,
6,,,avg_ssm_yield,IN-10-0147,2,avg_ssm_z,yield_z,,,-0.18571219517097945,-0.08306311620849496,,,,,,,,,,
10,,,avg_ssm_yield,IN-10-0147,2,avg_ssm_z,yield_z,,,-0.31042221739477727,-0.09872948140196885,,,,,,,,,,
6,,,avg_ssm_yield,IN-10-0148,2,avg_ssm_z,yield_z,,,-0.07848465188757643,0.29405430241567165,,,,,,,,,,
10,,,avg_ssm_yield,IN-10-0148,2,avg_ssm_z,yield_z,,,-0.04481903175625564,0.4921062047749266,,,,,,,,,,
6,,,avg_ssm_yield,IN-10-0149,2,avg_ssm_z,yield_z,,,-0.2001119998415855,-0.1381114919305962,,,,,,,,,,
10,,,avg_ssm_yield,IN-10-0149,2,avg_ssm_z,yield_z,,,-0.3028084808182333,-0.19462769505033486,,,,,,,,,,
6,,,avg_ssm_yield,IN-10-0150,2,avg_ssm_z,yield_z,,,0.13439971788671246,0.4965439320440825,,,,,,,,,,
10,,,avg_ssm_yield,IN-10-0150,2,avg_ssm_z,yield_z,,,0.45125288278686176,0.627576481229086,,,,,,,,,,
6,,,avg_ssm_yield,IN-10-0151,2,avg_ssm_z,yield_z,,,0.43520222691375104,0.22933638735907022,,,,,,,,,,
10,,,avg_ssm_yield,IN-10-0151,2,avg_ssm_z,yield_z,,,0.4472730213344243,0.4430083543970973,,,,,,,,,,
6,,,avg_ssm_yield,IN-10-0152,2,avg_ssm_z,yield_z,,,-0.02944908494300987,-0.13472122921999646,,,,,,,,,,
10,,,avg_ssm_yield,IN-10-0152,2,avg_ssm_z,yield_z,,,0.18085140215329767,-0.05632680611912981,,,,,,,,,,
6,,,avg_ssm_yield,IN-10-0153,2,avg_ssm_z,yield_z,,,-0.2851586135868657,-0.2639136745544892,,,,,,,,,,
10,,,avg_ssm_yield,IN-10-0153,2,avg_ssm_z,yield_z,,,-0.20437460342841174,-0.3437369933293631,,,,,,,,,,
6,,,avg_ssm_yield,IN-10-0154,2,avg_ssm_z,yield_z,,,-0.30399495028506,0.054814926667974676,,,,,,,,,,
10,,,avg_ssm_yield,IN-10-0154,2,avg_ssm_z,yield_z,,,-0.4433833991414161,-0.20972939636503737,,,,,,,,,,
6,,,avg_ssm_yield,IN-10-0155,2,avg_ssm_z,yield_z,,,0.2178344780092631,0.6120968151647659,,,,,,,,,,
10,,,avg_ssm_yield,IN-10-0155,2,avg_ssm_z,yield_z,,,0.30935869109949676,0.7022252273111339,,,,,,,,,,
6,,,avg_ssm_yield,IN-10-0156,2,avg_ssm_z,yield_z,,,-0.1486089835430418,0.12123781345606006,,,,,,,,,,
10,,,avg_ssm_yield,IN-10-0156,2,avg_ssm_z,yield_z,,,-0.16851184959444662,-0.002686906962187913,,,,,,,,,,
6,,,avg_ssm_yield,IN-10-0157,2,avg_ssm_z,yield_z,,,-0.38237523850074623,-0.3615120814114867,,,,,,,,,,
10,,,avg_ssm_yield,IN-10-0157,2,avg_ssm_z,yield_z,,,-0.5039769444602834,-0.49092387848690633,,,,,,,,,,
6,,,avg_ssm_yield,IN-10-0158,2,avg_ssm_z,yield_z,,,0.1366994744068312,0.018432318025956438,,,,,,,,,,
10,,,avg_ssm_yield,IN-10-0158,2,avg_ssm_z,yield_z,,,0.21675879637704645,0.037664801361458555,,,,,,,,,,
6,,,avg_ssm_yield,IN-10-0159,2,avg_ssm_z,yield_z,,,-0.0704814002694077,-0.25123217020615013,,,,,,,,,,
10,,,avg_ssm_yield,IN-10-0159,2,avg_ssm_z,yield_z,,,-0.15912384243140265,-0.6496947343538232,,,,,,,,,,
6,,,avg_ssm_yield,IN-10-0160,2,avg_ssm_z,yield_z,,,0.2941672391662865,0.3655788302453023,,,,,,,,,,
10,,,avg_ssm_yield,IN-10-0160,2,avg_ssm_z,yield_z,,,0.2853170369734811,0.4554152825927151,,,,,,,,,,
6,,,avg_ssm_yield,IN-10-0161,2,avg_ssm_z,yield_z,,,0.4464264428154977,0.5433428013830875,,,,,,,,,,
10,,,avg_ssm_yield,IN-10-0161,2,avg_ssm_z,yield_z,,,0.4307166008288642,0.679297244503352,,,,,,,,,,
6,,,avg_ssm_yield,IN-10-0162,2,avg_ssm_z,yield_z,,,-0.05596006063694934,-0.059278266254782476,,,,,,,,,,
10,,,avg_ssm_yield,IN-10-0162,2,avg_ssm_z,yield_z,,,-0.21698005678336924,-0.09737321597008888,,,,,,,,,,
6,,,avg_ssm_yield,IN-10-0163,2,avg_ssm_z,yield_z,,,0.17432710547809976,-0.3030250734515012,,,,,,,,,,
10,,,avg_ssm_yield,IN-10-0163,2,avg_ssm_z,yield_z,,,0.23451758535117798,-0.10992585271386093,,,,,,,,,,
6,,,avg_ssm_yield,IN-10-0164,2,avg_ssm_z,yield_z,,,-0.1550655099423561,-0.16814932051062334,,,,,,,,,,
10,,,avg_ssm_yield,IN-10-0164,2,avg_ssm_z,yield_z,,,-0.22423626844843736,-0.33939585215380985,,,,,,,,,,
6,,,avg_ssm_yield,IN-10-0519,2,avg_ssm_z,yield_z,,,0.1991557529816835,-0.36722508055578074,,,,,,,,,,
10,,,avg_ssm_yield,IN-10-0519,2,avg_ssm_z,yield_z,,,0.1660472145285862,-0.3584989999368648,,,,,,,,,,
6,,,avg_ssm_yield,IN-10-0536,2,avg_ssm_z,yield_z,,,-0.2561286998279683,0.0020031338398634026,,,,,,,,,,
10,,,avg_ssm_yield,IN-10-0536,2,avg_ssm_z,yield_z,,,-0.29308895993877804,-0.2137375053569593,,,,,,,,,,
6,,,avg_ssm_yield,IN-10-0537,2,avg_ssm_z,yield_z,,,0.5192831320027221,0.3300231019425131,,,,,,,,,,
10,,,avg_ssm_yield,IN-10-0537,2,avg_ssm_z,yield_z,,,0.5524273891768494,0.43667107750963324,,,,,,,,,,
6,,,avg_ssm_yield,IN-10-0538,2,avg_ssm_z,yield_z,,,0.44136218935041943,0.08564389828460775,,,,,,,,,,
10,,,avg_ssm_yield,IN-10-0538,2,avg_ssm_z,yield_z,,,0.6018074559066834,0.15169595584740717,,,,,,,,,,
6,,,avg_ssm_yield,IN-10-0539,2,avg_ssm_z,yield_z,,,0.3900221471770754,0.2673818337909855,,,,,,,,,,
10,,,avg_ssm_yield,IN-10-0539,2,avg_ssm_z,yield_z,,,0.5014018672711266,0.5348118905068401,,,,,,,,,,
6,,,avg_ssm_yield,IN-10-1020,2,avg_ssm_z,yield_z,,,0.3164633929570916,-0.025269907690621086,,,,,,,,,,
10,,,avg_ssm_yield,IN-10-1020,2,avg_ssm_z,yield_z,,,0.3532169143335363,0.10548158325966739,,,,,,,,,,
6,,,avg_ssm_yield,IN-10-2012,2,avg_ssm_z,yield_z,,,-0.6376469311229099,-0.060367287930010574,,,,,,,,,,
6,,,avg_ssm_yield,IN-12-0189,2,avg_ssm_z,yield_z,,,-0.28027043506235577,0.2311957765057456,,,,,,,,,,
10,,,avg_ssm_yield,IN-12-0189,2,avg_ssm_z,yield_z,,,-0.1125164222293233,0.3294503205902191,,,,,,,,,,
6,,,avg_ssm_yield,IN-12-0190,2,avg_ssm_z,yield_z,,,-0.2795785168706345,0.06494372585385051,,,,,,,,,,
10,,,avg_ssm_yield,IN-12-0190,2,avg_ssm_z,yield_z,,,-0.07450633256019502,0.17535049179982823,,,,,,,,,,
6,,,avg_ssm_yield,IN-12-0191,2,avg_ssm_z,yield_z,,,-0.2386645045046068,0.09566367323912921,,,,,,,,,,
10,,,avg_ssm_yield,IN-12-0191,2,avg_ssm_z,yield_z,,,-0.0660445207465934,0.21629069093726389,,,,,,,,,,
6,,,avg_ssm_yield,IN-12-0192,2,avg_ssm_z,yield_z,,,-0.20326454005533576,0.03162825853677397,,,,,,,,,,
10,,,avg_ssm_yield,IN-12-0192,2,avg_ssm_z,yield_z,,,0.010893541894851816,0.13512838642252564,,,,,,,,,,
6,,,avg_ssm_yield,IN-12-0193,2,avg_ssm_z,yield_z,,,-0.295280954530509,-0.12120992485110035,,,,,,,,,,
10,,,avg_ssm_yield,IN-12-0193,2,avg_ssm_z,yield_z,,,-0.1497615923496774,0.056660394417370516,,,,,,,,,,
6,,,avg_ssm_yield,IN-12-0194,2,avg_ssm_z,yield_z,,,0.29064628671418724,-0.02521291016060928,,,,,,,,,,
10,,,avg_ssm_yield,IN-12-0194,2,avg_ssm_z,yield_z,,,0.4896971394820332,0.06575218945259406,,,,,,,,,,
6,,,avg_ssm_yield,IN-12-0195,2,avg_ssm_z,yield_z,,,0.01259776577203906,0.055708529115308124,,,,,,,,,,
10,,,avg_ssm_yield,IN-12-0195,2,avg_ssm_z,yield_z,,,0.1437890017464137,0.17967856308171645,,,,,,,,,,
6,,,avg_ssm_yield,IN-12-0196,2,avg_ssm_z,yield_z,,,0.37925079687246255,-0.1061410144522165,,,,,,,,,,
10,,,avg_ssm_yield,IN-12-0196,2,avg_ssm_z,yield_z,,,0.5019524007218222,0.19623654278657016,,,,,,,,,,
6,,,avg_ssm_yield,IN-12-0197,2,avg_ssm_z,yield_z,,,0.3910861070747441,-0.17196199956173902,,,,,,,,,,
10,,,avg_ssm_yield,IN-12-0197,2,avg_ssm_z,yield_z,,,0.5207232583575637,-0.22300353785716678,,,,,,,,,,
6,,,avg_ssm_yield,IN-12-0198,2,avg_ssm_z,yield_z,,,0.13266027830145297,-0.08866957544832281,,,,,,,,,,
10,,,avg_ssm_yield,IN-12-0198,2,avg_ssm_z,yield_z,,,0.3389788725337901,-0.23473962345446303,,,,,,,,,,
6,,,avg_ssm_yield,IN-12-0199,2,avg_ssm_z,yield_z,,,-0.08659609540301978,0.16353547130133422,,,,,,,,,,
10,,,avg_ssm_yield,IN-12-0199,2,avg_ssm_z,yield_z,,,-0.017498153647384877,0.2591992066400717,,,,,,,,,,
6,,,avg_ssm_yield,IN-12-0200,2,avg_ssm_z,yield_z,,,0.36208840635758366,-0.2842477105044706,,,,,,,,,,
10,,,avg_ssm_yield,IN-12-0200,2,avg_ssm_z,yield_z,,,0.5542278019496993,-0.21162957981740735,,,,,,,,,,
6,,,avg_ssm_yield,IN-12-0201,2,avg_ssm_z,yield_z,,,-0.0831833171476795,-0.05415800675952285,,,,,,,,,,
10,,,avg_ssm_yield,IN-12-0201,2,avg_ssm_z,yield_z,,,-0.01144948044216652,-0.2485877108660562,,,,,,,,,,
6,,,avg_ssm_yield,IN-12-0202,2,avg_ssm_z,yield_z,,,-0.09180493296402974,0.08034632630224593,,,,,,,,,,
10,,,avg_ssm_yield,IN-12-0202,2,avg_ssm_z,yield_z,,,0.0412083718335264,-0.09553876592522197,,,,,,,,,,
6,,,avg_ssm_yield,IN-12-0203,2,avg_ssm_z,yield_z,,,0.410531038796967,0.22182000604557556,,,,,,,,,,
10,,,avg_ssm_yield,IN-12-0203,2,avg_ssm_z,yield_z,,,0.596885143700457,0.3345411090998029,,,,,,,,,,
6,,,avg_ssm_yield,IN-12-0204,2,avg_ssm_z,yield_z,,,-0.10758085021464003,0.1978926825787401,,,,,,,,,,
10,,,avg_ssm_yield,IN-12-0204,2,avg_ssm_z,yield_z,,,-0.03091554511734068,0.08267343454947855,,,,,,,,,,
6,,,avg_ssm_yield,IN-12-0205,2,avg_ssm_z,yield_z,,,-0.32265583755450394,0.020216713429944088,,,,,,,,,,
10,,,avg_ssm_yield,IN-12-0205,2,avg_ssm_z,yield_z,,,-0.2164382208108216,0.3080202046991166,,,,,,,,,,
6,,,avg_ssm_yield,IN-12-0206,2,avg_ssm_z,yield_z,,,0.15463786441785485,-0.037751469099276874,,,,,,,,,,
10,,,avg_ssm_yield,IN-12-0206,2,avg_ssm_z,yield_z,,,0.3255978358666749,-0.04589938692240629,,,,,,,,,,
6,,,avg_ssm_yield,IN-12-0207,2,avg_ssm_z,yield_z,,,0.2865159048392696,-0.22335716146154422,,,,,,,,,,
10,,,avg_ssm_yield,IN-12-0207,2,avg_ssm_z,yield_z,,,0.34519114185229055,-0.48189203927932,,,,,,,,,,
6,,,avg_ssm_yield,IN-12-0209,2,avg_ssm_z,yield_z,,,0.4441304442575239,-0.3297684442048782,,,,,,,,,,
10,,,avg_ssm_yield,IN-12-0209,2,avg_ssm_z,yield_z,,,0.6174661763987365,-0.37934923589451797,,,,,,,,,,
6,,,avg_ssm_yield,IN-12-0210,2,avg_ssm_z,yield_z,,,0.37092095743614145,-0.1749531009197248,,,,,,,,,,
10,,,avg_ssm_yield,IN-12-0210,2,avg_ssm_z,yield_z,,,0.47785367315155947,-0.3788687921235011,,,,,,,,,,
6,,,avg_ssm_yield,IN-12-0211,2,avg_ssm_z,yield_z,,,0.25688682914780714,-0.47049548633270194,,,,,,,,,,
10,,,avg_ssm_yield,IN-12-0211,2,avg_ssm_z,yield_z,,,0.3600125173565532,-0.5383983298744062,,,,,,,,,,
6,,,avg_ssm_yield,IN-12-0212,2,avg_ssm_z,yield_z,,,-0.20190823912886743,-0.10235984694852043,,,,,,,,,,
10,,,avg_ssm_yield,IN-12-0212,2,avg_ssm_z,yield_z,,,-0.08372275286706714,-0.10996515221800722,,,,,,,,,,
6,,,avg_ssm_yield,IN-12-0213,2,avg_ssm_z,yield_z,,,-0.0037828907863347817,-0.12881141413867034,,,,,,,,,,
10,,,avg_ssm_yield,IN-12-0213,2,avg_ssm_z,yield_z,,,0.010604154926521645,-0.11203751677454285,,,,,,,,,,
6,,,avg_ssm_yield,IN-12-0214,2,avg_ssm_z,yield_z,,,0.24855942212895288,-0.32615462065172374,,,,,,,,,,
10,,,avg_ssm_yield,IN-12-0214,2,avg_ssm_z,yield_z,,,0.26986824905535367,-0.32227510955870164,,,,,,,,,,
6,,,avg_ssm_yield,IN-12-0215,2,avg_ssm_z,yield_z,,,0.314306119011717,-0.45238873722306294,,,,,,,,,,
10,,,avg_ssm_yield,IN-12-0215,2,avg_ssm_z,yield_z,,,0.39385486414637205,-0.6352912297482419,,,,,,,,,,
6,,,avg_ssm_yield,IN-12-0216,2,avg_ssm_z,yield_z,,,0.4839168785824704,-0.276390727454964,,,,,,,,,,
10,,,avg_ssm_yield,IN-12-0216,2,avg_ssm_z,yield_z,,,0.6200047459127305,-0.5095332525462111,,,,,,,,,,
6,,,avg_ssm_yield,IN-12-0217,2,avg_ssm_z,yield_z,,,0.3637114321116365,-0.15717838977280568,,,,,,,,,,
10,,,avg_ssm_yield,IN-12-0217,2,avg_ssm_z,yield_z,,,0.38758921257490175,-0.1112029607043287,,,,,,,,,,
6,,,avg_ssm_yield,IN-12-0218,2,avg_ssm_z,yield_z,,,0.4040047423893303,-0.23049703316921094,,,,,,,,,,
10,,,avg_ssm_yield,IN-12-0218,2,avg_ssm_z,yield_z,,,0.536182119186846,-0.5192514688578301,,,,,,,,,,
6,,,avg_ssm_yield,IN-12-0219,2,avg_ssm_z,yield_z,,,0.13512617583119363,-0.10012919361147739,,,,,,,,,,
10,,,avg_ssm_yield,IN-12-0219,2,avg_ssm_z,yield_z,,,0.27490880723836864,0.10201862234448686,,,,,,,,,,
6,,,avg_ssm_yield,IN-12-0220,2,avg_ssm_z,yield_z,,,0.5292016999797843,-0.1495475341541282,,,,,,,,,,
10,,,avg_ssm_yield,IN-12-0220,2,avg_ssm_z,yield_z,,,0.6215724907572745,-0.1203437178685512,,,,,,,,,,
6,,,avg_ssm_yield,IN-12-0221,2,avg_ssm_z,yield_z,,,0.1262910450214165,-0.32186918288477806,,,,,,,,,,
10,,,avg_ssm_yield,IN-12-0221,2,avg_ssm_z,yield_z,,,0.30147880282544826,-0.5371014419528007,,,,,,,,,,
6,,,avg_ssm_yield,IN-12-0222,2,avg_ssm_z,yield_z,,,0.32979945851743037,-0.17841272910746842,,,,,,,,,,
10,,,avg_ssm_yield,IN-12-0222,2,avg_ssm_z,yield_z,,,0.5016015463382429,-0.23001918513991976,,,,,,,,,,
6,,,avg_ssm_yield,IN-12-0223,2,avg_ssm_z,yield_z,,,0.43725577908009533,-0.28609905332659935,,,,,,,,,,
10,,,avg_ssm_yield,IN-12-0223,2,avg_ssm_z,yield_z,,,0.4135838508117529,-0.4108922511510401,,,,,,,,,,
6,,,avg_ssm_yield,IN-12-0224,2,avg_ssm_z,yield_z,,,0.283193982215764,-0.2559387286446034,,,,,,,,,,
10,,,avg_ssm_yield,IN-12-0224,2,avg_ssm_z,yield_z,,,0.3942727454908811,-0.4554021475090798,,,,,,,,,,
6,,,avg_ssm_yield,IN-12-0225,2,avg_ssm_z,yield_z,,,-0.06465338722935861,-0.171925834830836,,,,,,,,,,
10,,,avg_ssm_yield,IN-12-0225,2,avg_ssm_z,yield_z,,,0.0698809715575471,0.019029427439222802,,,,,,,,,,
6,,,avg_ssm_yield,IN-12-0226,2,avg_ssm_z,yield_z,,,0.10805457766663698,-0.2003135911792485,,,,,,,,,,
10,,,avg_ssm_yield,IN-12-0226,2,avg_ssm_z,yield_z,,,0.23574896187140065,-0.22300230498196552,,,,,,,,,,
6,,,avg_ssm_yield,IN-12-0227,2,avg_ssm_z,yield_z,,,0.33681447156470473,-0.10119655141663082,,,,,,,,,,
10,,,avg_ssm_yield,IN-12-0227,2,avg_ssm_z,yield_z,,,0.4578977175585594,-0.22066717311587558,,,,,,,,,,
6,,,avg_ssm_yield,IN-12-0228,2,avg_ssm_z,yield_z,,,0.07566816497383476,-0.11134572738249016,,,,,,,,,,
10,,,avg_ssm_yield,IN-12-0228,2,avg_ssm_z,yield_z,,,0.26248673451881244,-0.03421214011283784,,,,,,,,,,
6,,,avg_ssm_yield,IN-12-0229,2,avg_ssm_z,yield_z,,,0.22992097998775513,-0.1467208885875234,,,,,,,,,,
10,,,avg_ssm_yield,IN-12-0229,2,avg_ssm_z,yield_z,,,0.4297463593601815,-0.046187068934265885,,,,,,,,,,
6,,,avg_ssm_yield,IN-12-0230,2,avg_ssm_z,yield_z,,,0.39864735233885507,0.039380856570352986,,,,,,,,,,
10,,,avg_ssm_yield,IN-12-0230,2,avg_ssm_z,yield_z,,,0.46692482859148193,0.1885937964105503,,,,,,,,,,
6,,,avg_ssm_yield,IN-12-0231,2,avg_ssm_z,yield_z,,,0.4730503346107035,0.13795584054908328,,,,,,,,,,
10,,,avg_ssm_yield,IN-12-0231,2,avg_ssm_z,yield_z,,,0.5665004558833809,-0.004192017754758628,,,,,,,,,,
6,,,avg_ssm_yield,IN-12-0232,2,avg_ssm_z,yield_z,,,0.570049780904752,-0.13698828796172308,,,,,,,,,,
10,,,avg_ssm_yield,IN-12-0232,2,avg_ssm_z,yield_z,,,0.7211969105897287,-0.3114902963576299,,,,,,,,,,
6,,,avg_ssm_yield,IN-12-0233,2,avg_ssm_z,yield_z,,,0.42482756073984806,-0.3199086604968041,,,,,,,,,,
10,,,avg_ssm_yield,IN-12-0233,2,avg_ssm_z,yield_z,,,0.5528643606527054,-0.16565694038846857,,,,,,,,,,
6,,,avg_ssm_yield,IN-12-0234,2,avg_ssm_z,yield_z,,,0.5049534741169694,0.019261073209370882,,,,,,,,,,
10,,,avg_ssm_yield,IN-12-0234,2,avg_ssm_z,yield_z,,,0.6118944406381656,0.22107381221669664,,,,,,,,,,
6,,,avg_ssm_yield,IN-12-0235,2,avg_ssm_z,yield_z,,,0.38553450816114854,-0.1991894206511976,,,,,,,,,,
10,,,avg_ssm_yield,IN-12-0235,2,avg_ssm_z,yield_z,,,0.5499402961185836,-0.45891456485553145,,,,,,,,,,
6,,,avg_ssm_yield,IN-12-0236,2,avg_ssm_z,yield_z,,,0.3001401327120311,-0.12814853040910804,,,,,,,,,,
10,,,avg_ssm_yield,IN-12-0236,2,avg_ssm_z,yield_z,,,0.46938140100813647,-0.03682308997916149,,,,,,,,,,
6,,,avg_ssm_yield,IN-12-0528,2,avg_ssm_z,yield_z,,,-0.05422261541149922,-0.15019721449833778,,,,,,,,,,
10,,,avg_ssm_yield,IN-12-0528,2,avg_ssm_z,yield_z,,,0.21192959597817143,-0.09222478747656696,,,,,,,,,,
6,,,avg_ssm_yield,IN-12-0529,2,avg_ssm_z,yield_z,,,-0.09942406174028588,-0.12827068353021814,,,,,,,,,,
10,,,avg_ssm_yield,IN-12-0529,2,avg_ssm_z,yield_z,,,-0.20985658187434897,0.008663304363967849,,,,,,,,,,
6,,,avg_ssm_yield,IN-12-0530,2,avg_ssm_z,yield_z,,,0.2442557343617125,-0.1979364025430203,,,,,,,,,,
10,,,avg_ssm_yield,IN-12-0530,2,avg_ssm_z,yield_z,,,0.33686592276852173,-0.36909199695048106,,,,,,,,,,
6,,,avg_ssm_yield,IN-12-0531,2,avg_ssm_z,yield_z,,,0.38527524596543195,-0.20271824507429903,,,,,,,,,,
10,,,avg_ssm_yield,IN-12-0531,2,avg_ssm_z,yield_z,,,0.34541496316951675,-0.22786284838665555,,,,,,,,,,
6,,,avg_ssm_yield,IN-12-0532,2,avg_ssm_z,yield_z,,,0.5385264484552946,-0.20752803970242883,,,,,,,,,,
10,,,avg_ssm_yield,IN-12-0532,2,avg_ssm_z,yield_z,,,0.3678918594695224,-0.005153029270122423,,,,,,,,,,
6,,,avg_ssm_yield,IN-12-0533,2,avg_ssm_z,yield_z,,,0.13296239864671405,-0.3809974649116251,,,,,,,,,,
10,,,avg_ssm_yield,IN-12-0533,2,avg_ssm_z,yield_z,,,0.25261537573957876,-0.4412494197027662,,,,,,,,,,
6,,,avg_ssm_yield,IN-12-0547,2,avg_ssm_z,yield_z,,,0.07733083291142398,-0.23261332366944112,,,,,,,,,,
10,,,avg_ssm_yield,IN-12-0547,2,avg_ssm_z,yield_z,,,0.18310282039817022,-0.23555776421304692,,,,,,,,,,
6,,,avg_ssm_yield,IN-12-0548,2,avg_ssm_z,yield_z,,,0.2011736371401019,-0.08087483401485217,,,,,,,,,,
10,,,avg_ssm_yield,IN-12-0548,2,avg_ssm_z,yield_z,,,0.29427179714312085,-0.3107626190814803,,,,,,,,,,
6,,,avg_ssm_yield,IN-12-1028,2,avg_ssm_z,yield_z,,,0.27543905434101296,-0.22277545865134848,,,,,,,,,,
10,,,avg_ssm_yield,IN-12-1028,2,avg_ssm_z,yield_z,,,0.4571990259124089,-0.3897132641671298,,,,,,,,,,
6,,,avg_ssm_yield,IN-12-1029,2,avg_ssm_z,yield_z,,,0.2947868017257954,-0.3797414419123733,,,,,,,,,,
10,,,avg_ssm_yield,IN-12-1029,2,avg_ssm_z,yield_z,,,0.5003716375844708,-0.5065969819576004,,,,,,,,,,
6,,,avg_ssm_yield,IN-12-1031,2,avg_ssm_z,yield_z,,,0.5119440330895022,-0.3160219653534515,,,,,,,,,,
10,,,avg_ssm_yield,IN-12-1031,2,avg_ssm_z,yield_z,,,0.6460322054725529,-0.5365171871674429,,,,,,,,,,
6,,,avg_ssm_yield,IN-12-1033,2,avg_ssm_z,yield_z,,,0.017053490698004874,0.017625671832056766,,,,,,,,,,
10,,,avg_ssm_yield,IN-12-1033,2,avg_ssm_z,yield_z,,,0.20023506338723776,0.2996932985089492,,,,,,,,,,
6,,,avg_ssm_yield,IN-12-1034,2,avg_ssm_z,yield_z,,,0.22497341731914638,-0.3660933442846771,,,,,,,,,,
10,,,avg_ssm_yield,IN-12-1034,2,avg_ssm_z,yield_z,,,0.23636746910134834,-0.4039697255837059,,,,,,,,,,
6,,,avg_ssm_yield,IN-12-1036,2,avg_ssm_z,yield_z,,,0.3494296906699396,-0.21590103352212067,,,,,,,,,,
10,,,avg_ssm_yield,IN-12-1036,2,avg_ssm_z,yield_z,,,0.46524100724855033,-0.08958387872990765,,,,,,,,,,
6,,,avg_ssm_yield,IN-12-1037,2,avg_ssm_z,yield_z,,,0.21464420867445208,-0.07582926795303303,,,,,,,,,,
10,,,avg_ssm_yield,IN-12-1037,2,avg_ssm_z,yield_z,,,0.1748127822827468,-0.16805521199122408,,,,,,,,,,
6,,,avg_ssm_yield,IN-12-1038,2,avg_ssm_z,yield_z,,,-0.46242526769552217,0.11282002159228965,,,,,,,,,,
10,,,avg_ssm_yield,IN-12-1038,2,avg_ssm_z,yield_z,,,-0.2702952672902693,0.26786990732858007,,,,,,,,,,
6,,,avg_ssm_yield,IN-12-1039,2,avg_ssm_z,yield_z,,,0.1891255641972926,0.26384125687633125,,,,,,,,,,
10,,,avg_ssm_yield,IN-12-1039,2,avg_ssm_z,yield_z,,,0.3525471289001347,0.41220414598188293,,,,,,,,,,
6,,,avg_ssm_yield,IN-12-1040,2,avg_ssm_z,yield_z,,,-0.1614502278488131,-0.16620940394098813,,,,,,,,,,
10,,,avg_ssm_yield,IN-12-1040,2,avg_ssm_z,yield_z,,,-0.06912712044554528,-0.24189175699165016,,,,,,,,,,
6,,,avg_ssm_yield,IN-12-1041,2,avg_ssm_z,yield_z,,,0.08304418169445038,0.014996501300034965,,,,,,,,,,
10,,,avg_ssm_yield,IN-12-1041,2,avg_ssm_z,yield_z,,,0.23514831102137945,-0.042889856581441656,,,,,,,,,,
6,,,avg_ssm_yield,IN-12-1042,2,avg_ssm_z,yield_z,,,0.4424254387666827,-0.29729257183003793,,,,,,,,,,
10,,,avg_ssm_yield,IN-12-1042,2,avg_ssm_z,yield_z,,,0.5172279133097308,-0.5118575447258519,,,,,,,,,,
6,,,avg_ssm_yield,IN-12-1044,2,avg_ssm_z,yield_z,,,0.5139045584814756,-0.20118013364394094,,,,,,,,,,
10,,,avg_ssm_yield,IN-12-1044,2,avg_ssm_z,yield_z,,,0.5728496039650758,-0.3458441946825025,,,,,,,,,,
6,,,avg_ssm_yield,IN-12-1045,2,avg_ssm_z,yield_z,,,0.2914581080502615,-0.2797853404424814,,,,,,,,,,
10,,,avg_ssm_yield,IN-12-1045,2,avg_ssm_z,yield_z,,,0.30051311091574356,-0.17107823083387488,,,,,,,,,,
6,,,avg_ssm_yield,IN-12-1046,2,avg_ssm_z,yield_z,,,0.35683520830127063,-0.03566888868493112,,,,,,,,,,
10,,,avg_ssm_yield,IN-12-1046,2,avg_ssm_z,yield_z,,,0.5488911547815453,0.18987985307756994,,,,,,,,,,
6,,,avg_ssm_yield,IN-12-2013,2,avg_ssm_z,yield_z,,,-0.15035695918364203,-0.5572968919960122,,,,,,,,,,
6,,,avg_ssm_yield,IN-13-0801,2,avg_ssm_z,yield_z,,,0.3249837563504008,0.32575290036752585,,,,,,,,,,
10,,,avg_ssm_yield,IN-13-0801,2,avg_ssm_z,yield_z,,,0.3176022236126181,0.2757638891713423,,,,,,,,,,
6,,,avg_ssm_yield,IN-13-0802,2,avg_ssm_z,yield_z,,,0.3373901050131363,0.5918740559686797,,,,,,,,,,
10,,,avg_ssm_yield,IN-13-0802,2,avg_ssm_z,yield_z,,,0.31802454943983505,0.4941435878741659,,,,,,,,,,
6,,,avg_ssm_yield,IN-13-0803,2,avg_ssm_z,yield_z,,,0.37417257272436605,0.2522109551249281,,,,,,,,,,
10,,,avg_ssm_yield,IN-13-0803,2,avg_ssm_z,yield_z,,,0.4307019239463762,0.3780529207612827,,,,,,,,,,
6,,,avg_ssm_yield,IN-13-0804,2,avg_ssm_z,yield_z,,,0.2160864893095371,0.3730151314545141,,,,,,,,,,
10,,,avg_ssm_yield,IN-13-0804,2,avg_ssm_z,yield_z,,,0.28437852401405705,0.4155438444803221,,,,,,,,,,
6,,,avg_ssm_yield,IN-13-0805,2,avg_ssm_z,yield_z,,,0.3116121742410593,0.018671953220355978,,,,,,,,,,
10,,,avg_ssm_yield,IN-13-0805,2,avg_ssm_z,yield_z,,,0.2770071406055775,-0.3418050522900423,,,,,,,,,,
6,,,avg_ssm_yield,IN-13-0806,2,avg_ssm_z,yield_z,,,0.006301481721723174,-0.2243467499903795,,,,,,,,,,
10,,,avg_ssm_yield,IN-13-0806,2,avg_ssm_z,yield_z,,,0.03330233404846679,-0.28377276841472493,,,,,,,,,,
6,,,avg_ssm_yield,IN-13-0807,2,avg_ssm_z,yield_z,,,0.2967146980874068,0.4536081777944016,,,,,,,,,,
10,,,avg_ssm_yield,IN-13-0807,2,avg_ssm_z,yield_z,,,0.44344590094759384,0.5119379908693129,,,,,,,,,,
6,,,avg_ssm_yield,IN-13-0810,2,avg_ssm_z,yield_z,,,0.2521375438672755,0.40611575763691227,,,,,,,,,,
10,,,avg_ssm_yield,IN-13-0810,2,avg_ssm_z,yield_z,,,0.1442405990502964,0.4592773529737039,,,,,,,,,,
6,,,avg_ssm_yield,IN-13-0814,2,avg_ssm_z,yield_z,,,0.21788306845871047,0.15538205855494797,,,,,,,,,,
10,,,avg_ssm_yield,IN-13-0814,2,avg_ssm_z,yield_z,,,0.4300621514921292,0.2013887312276578,,,,,,,,,,
6,,,avg_ssm_yield,IN-13-0816,2,avg_ssm_z,yield_z,,,-0.3057109552483606,0.2033591425319498,,,,,,,,,,
10,,,avg_ssm_yield,IN-13-0816,2,avg_ssm_z,yield_z,,,-0.24844653133041522,0.31448409947469164,,,,,,,,,,
6,,,avg_ssm_yield,IN-13-0817,2,avg_ssm_z,yield_z,,,-0.21869302161687737,-0.1936187239037793,,,,,,,,,,
10,,,avg_ssm_yield,IN-13-0817,2,avg_ssm_z,yield_z,,,-0.1866695939379425,-0.30740958060240176,,,,,,,,,,
6,,,avg_ssm_yield,IN-13-0819,2,avg_ssm_z,yield_z,,,-0.24102956912855128,-0.09116694283340912,,,,,,,,,,
10,,,avg_ssm_yield,IN-13-0819,2,avg_ssm_z,yield_z,,,-0.008643246399370313,-0.177524189643221,,,,,,,,,,
6,,,avg_ssm_yield,IN-13-0820,2,avg_ssm_z,yield_z,,,0.3552215304076632,0.25623889580295545,,,,,,,,,,
10,,,avg_ssm_yield,IN-13-0820,2,avg_ssm_z,yield_z,,,0.4623734173932109,0.3229284839218553,,,,,,,,,,
6,,,avg_ssm_yield,IN-13-0824,2,avg_ssm_z,yield_z,,,-0.2820789678814942,-0.26069855777554274,,,,,,,,,,
10,,,avg_ssm_yield,IN-13-0824,2,avg_ssm_z,yield_z,,,-0.4888294450695474,-0.5353590772833217,,,,,,,,,,
6,,,avg_ssm_yield,IN-14-0001,2,avg_ssm_z,yield_z,,,-0.46790038409518964,0.16812295829699903,,,,,,,,,,
10,,,avg_ssm_yield,IN-14-0001,2,avg_ssm_z,yield_z,,,-0.5437016827618548,-0.028244343423151304,,,,,,,,,,
6,,,avg_ssm_yield,IN-14-0002,2,avg_ssm_z,yield_z,,,-0.5138689103681977,-0.0034660062111403988,,,,,,,,,,
10,,,avg_ssm_yield,IN-14-0002,2,avg_ssm_z,yield_z,,,-0.5559173887756622,-0.14184806531328978,,,,,,,,,,
6,,,avg_ssm_yield,IN-14-0003,2,avg_ssm_z,yield_z,,,-0.2355524760557378,-0.22822989436853985,,,,,,,,,,
10,,,avg_ssm_yield,IN-14-0003,2,avg_ssm_z,yield_z,,,-0.4051909455021526,-0.18765713641061452,,,,,,,,,,
6,,,avg_ssm_yield,IN-14-0004,2,avg_ssm_z,yield_z,,,-0.476691416568919,-0.003022061861899741,,,,,,,,,,
10,,,avg_ssm_yield,IN-14-0004,2,avg_ssm_z,yield_z,,,-0.679180198891551,0.08204634883006863,,,,,,,,,,
6,,,avg_ssm_yield,IN-14-0005,2,avg_ssm_z,yield_z,,,-0.4051936345318081,-0.2933623430096661,,,,,,,,,,
10,,,avg_ssm_yield,IN-14-0005,2,avg_ssm_z,yield_z,,,-0.3901155682352099,-0.475831852120881,,,,,,,,,,
6,,,avg_ssm_yield,IN-14-0006,2,avg_ssm_z,yield_z,,,-0.4821219486694567,-0.23916620303675368,,,,,,,,,,
10,,,avg_ssm_yield,IN-14-0006,2,avg_ssm_z,yield_z,,,-0.6067296365120567,-0.15277912919882386,,,,,,,,,,
6,,,avg_ssm_yield,IN-14-0501,2,avg_ssm_z,yield_z,,,-0.3035064977862031,-0.09397836760198329,,,,,,,,,,
10,,,avg_ssm_yield,IN-14-0501,2,avg_ssm_z,yield_z,,,-0.5333389190670793,-0.14618880194357567,,,,,,,,,,
6,,,avg_ssm_yield,IN-14-1055,2,avg_ssm_z,yield_z,,,-0.142270967323616,-0.3302107884589257,,,,,,,,,,
10,,,avg_ssm_yield,IN-14-1055,2,avg_ssm_z,yield_z,,,0.023105554984068938,-0.24144787039070156,,,,,,,,,,
6,,,avg_ssm_yield,IN-14-1056,2,avg_ssm_z,yield_z,,,-0.5392099699626418,-0.32319134529755694,,,,,,,,,,
10,,,avg_ssm_yield,IN-14-1056,2,avg_ssm_z,yield_z,,,-0.5967807128169064,-0.46931295553751723,,,,,,,,,,
6,,,avg_ssm_yield,IN-14-1059,2,avg_ssm_z,yield_z,,,-0.3805495066049536,-0.2622103908278691,,,,,,,,,,
10,,,avg_ssm_yield,IN-14-1059,2,avg_ssm_z,yield_z,,,-0.6280366644996354,-0.19928907149772995,,,,,,,,,,
6,,,avg_ssm_yield,IN-14-1065,2,avg_ssm_z,yield_z,,,-0.3704747343054387,-0.5152227745786677,,,,,,,,,,
10,,,avg_ssm_yield,IN-14-1065,2,avg_ssm_z,yield_z,,,-0.24297211632641152,-0.37682092443274096,,,,,,,,,,
6,,,avg_ssm_yield,IN-14-1066,2,avg_ssm_z,yield_z,,,-0.41330278479333826,0.0809380623320698,,,,,,,,,,
10,,,avg_ssm_yield,IN-14-1066,2,avg_ssm_z,yield_z,,,-0.4486045649330001,0.10561997282301734,,,,,,,,,,
6,,,avg_ssm_yield,IN-14-1067,2,avg_ssm_z,yield_z,,,-0.4339321399325337,-0.3438922996931907,,,,,,,,,,
10,,,avg_ssm_yield,IN-14-1067,2,avg_ssm_z,yield_z,,,-0.5128605156684765,-0.1925154185553138,,,,,,,,,,
6,,,avg_ssm_yield,IN-14-1068,2,avg_ssm_z,yield_z,,,-0.45201321192471244,-0.18820742809031077,,,,,,,,,,
10,,,avg_ssm_yield,IN-14-1068,2,avg_ssm_z,yield_z,,,-0.5196002655603892,-0.3702807648489016,,,,,,,,,,
6,,,avg_ssm_yield,IN-14-1069,2,avg_ssm_z,yield_z,,,-0.3904159979773546,-0.040343459583589446,,,,,,,,,,
10,,,avg_ssm_yield,IN-14-1069,2,avg_ssm_z,yield_z,,,-0.5249922504201125,-0.17226657157041442,,,,,,,,,,
6,,,avg_ssm_yield,IN-14-1070,2,avg_ssm_z,yield_z,,,-0.22721192188245234,-0.2713222707790934,,,,,,,,,,
10,,,avg_ssm_yield,IN-14-1070,2,avg_ssm_z,yield_z,,,-0.2823200143148168,-0.23631010242409908,,,,,,,,,,
6,,,avg_ssm_yield,IN-14-2015,2,avg_ssm_z,yield_z,,,-0.2242076950019356,-0.5770496523541959,,,,,,,,,,
6,,,avg_ssm_yield,IN-15-0910,2,avg_ssm_z,yield_z,,,-0.3985499290035556,0.05186101596453403,,,,,,,,,,
10,,,avg_ssm_yield,IN-15-0910,2,avg_ssm_z,yield_z,,,-0.4117670001077814,0.44001156454783397,,,,,,,,,,
6,,,avg_ssm_yield,IN-15-0913,2,avg_ssm_z,yield_z,,,0.2855203238928202,-0.07368472386627141,,,,,,,,,,
10,,,avg_ssm_yield,IN-15-0913,2,avg_ssm_z,yield_z,,,0.4407474216655782,0.12262215181621679,,,,,,,,,,
6,,,avg_ssm_yield,IN-15-0914,2,avg_ssm_z,yield_z,,,0.09602970589129425,-0.23569563455367057,,,,,,,,,,
10,,,avg_ssm_yield,IN-15-0914,2,avg_ssm_z,yield_z,,,0.19267798547798617,-0.20676313893681875,,,,,,,,,,
6,,,avg_ssm_yield,IN-15-0915,2,avg_ssm_z,yield_z,,,0.30765907460150327,-0.3698861385464047,,,,,,,,,,
10,,,avg_ssm_yield,IN-15-0915,2,avg_ssm_z,yield_z,,,0.5406649222417151,-0.28730624281164,,,,,,,,,,
6,,,avg_ssm_yield,IN-15-0916,2,avg_ssm_z,yield_z,,,-0.11471086449511511,-0.48393197169433044,,,,,,,,,,
10,,,avg_ssm_yield,IN-15-0916,2,avg_ssm_z,yield_z,,,-0.12656891767799833,-0.5418880171112264,,,,,,,,,,
6,,,avg_ssm_yield,IN-15-0933,2,avg_ssm_z,yield_z,,,-0.15390891778005134,0.2781314888607009,,,,,,,,,,
10,,,avg_ssm_yield,IN-15-0933,2,avg_ssm_z,yield_z,,,0.05692243901733359,0.44266877796597576,,,,,,,,,,
6,,,avg_ssm_yield,IN-15-0937,2,avg_ssm_z,yield_z,,,-0.3520049625807657,-0.043035965985482996,,,,,,,,,,
10,,,avg_ssm_yield,IN-15-0937,2,avg_ssm_z,yield_z,,,-0.5002840675751195,0.03551828769467573,,,,,,,,,,
6,,,avg_ssm_yield,IN-15-0938,2,avg_ssm_z,yield_z,,,0.0897762042627309,0.22600659748826296,,,,,,,,,,
10,,,avg_ssm_yield,IN-15-0938,2,avg_ssm_z,yield_z,,,0.1840888268712939,0.2469212243069876,,,,,,,,,,
6,,,avg_ssm_yield,IN-15-0940,2,avg_ssm_z,yield_z,,,-0.30457121085350974,-0.6161776509601425,,,,,,,,,,
10,,,avg_ssm_yield,IN-15-0940,2,avg_ssm_z,yield_z,,,-0.38932838127645136,-0.6422186785314948,,,,,,,,,,
6,,,avg_ssm_yield,IN-15-0941,2,avg_ssm_z,yield_z,,,-0.08963005654007324,-0.4523305298014509,,,,,,,,,,
10,,,avg_ssm_yield,IN-15-0941,2,avg_ssm_z,yield_z,,,0.10571714178859995,-0.3407694471934402,,,,,,,,,,
6,,,avg_ssm_yield,IN-15-0942,2,avg_ssm_z,yield_z,,,0.3102513230333572,-0.23374478858619835,,,,,,,,,,
10,,,avg_ssm_yield,IN-15-0942,2,avg_ssm_z,yield_z,,,0.5065914857699786,-0.24050797228157936,,,,,,,,,,
6,,,avg_ssm_yield,IN-15-0943,2,avg_ssm_z,yield_z,,,-0.4576770262036892,-0.029804612100707607,,,,,,,,,,
10,,,avg_ssm_yield,IN-15-0943,2,avg_ssm_z,yield_z,,,-0.5667204210529985,-0.25029330924170257,,,,,,,,,,
6,,,avg_ssm_yield,IN-15-0944,2,avg_ssm_z,yield_z,,,-0.25088627242405537,0.1763917757938948,,,,,,,,,,
10,,,avg_ssm_yield,IN-15-0944,2,avg_ssm_z,yield_z,,,-0.22641317368761915,-0.08920582896961028,,,,,,,,,,
6,,,avg_ssm_yield,IN-15-0952,2,avg_ssm_z,yield_z,,,0.5137699213607246,-0.4112492070002059,,,,,,,,,,
10,,,avg_ssm_yield,IN-15-0952,2,avg_ssm_z,yield_z,,,0.5571103616144093,-0.7320344287032666,,,,,,,,,,
6,,,avg_ssm_yield,IN-15-0953,2,avg_ssm_z,yield_z,,,0.44766230459037876,-0.11567698832930766,,,,,,,,,,
10,,,avg_ssm_yield,IN-15-0953,2,avg_ssm_z,yield_z,,,0.6755026087056784,0.08115546615023086,,,,,,,,,,
6,,,avg_ssm_yield,IN-15-0954,2,avg_ssm_z,yield_z,,,-0.04031575872140532,0.04449084703719805,,,,,,,,,,
10,,,avg_ssm_yield,IN-15-0954,2,avg_ssm_z,yield_z,,,0.16452938938162162,0.24713542684069273,,,,,,,,,,
6,,,avg_ssm_yield,IN-15-0955,2,avg_ssm_z,yield_z,,,-0.3530462639347075,-0.37282076072672016,,,,,,,,,,
10,,,avg_ssm_yield,IN-15-0955,2,avg_ssm_z,yield_z,,,-0.37550396944032455,-0.524326047560298,,,,,,,,,,
6,,,avg_ssm_yield,IN-15-0957,2,avg_ssm_z,yield_z,,,-0.1983577054892636,-0.49000109936276665,,,,,,,,,,
10,,,avg_ssm_yield,IN-15-0957,2,avg_ssm_z,yield_z,,,-0.2622451051657926,-0.5486647909307931,,,,,,,,,,
6,,,avg_ssm_yield,IN-15-0962,2,avg_ssm_z,yield_z,,,0.1557477499275574,-0.2490686954111963,,,,,,,,,,
10,,,avg_ssm_yield,IN-15-0962,2,avg_ssm_z,yield_z,,,0.25848573542451725,-0.2401460591258234,,,,,,,,,,
6,,,avg_ssm_yield,IN-15-0963,2,avg_ssm_z,yield_z,,,-0.1935539132039145,0.053791461210115424,,,,,,,,,,
10,,,avg_ssm_yield,IN-15-0963,2,avg_ssm_z,yield_z,,,-0.1861404886219267,-0.1955539800406739,,,,,,,,,,
6,,,avg_ssm_yield,IN-15-0964,2,avg_ssm_z,yield_z,,,-0.23428399414643683,0.2332020158710733,,,,,,,,,,
10,,,avg_ssm_yield,IN-15-0964,2,avg_ssm_z,yield_z,,,-0.17379215587513897,0.16367141561277693,,,,,,,,,,
6,,,avg_ssm_yield,IN-15-0965,2,avg_ssm_z,yield_z,,,-0.2709362112468995,-0.39082079535177006,,,,,,,,,,
10,,,avg_ssm_yield,IN-15-0965,2,avg_ssm_z,yield_z,,,-0.20345513790242037,-0.45965845633839797,,,,,,,,,,
6,,,avg_ssm_yield,IN-16-0237,2,avg_ssm_z,yield_z,,,0.05316364859520878,0.22144696476399592,,,,,,,,,,
10,,,avg_ssm_yield,IN-16-0237,2,avg_ssm_z,yield_z,,,0.12685098024858638,0.3730409553516251,,,,,,,,,,
6,,,avg_ssm_yield,IN-16-0238,2,avg_ssm_z,yield_z,,,-0.07212781656409555,-0.22461238358306165,,,,,,,,,,
10,,,avg_ssm_yield,IN-16-0238,2,avg_ssm_z,yield_z,,,-0.11436600703319677,-0.15144839719762715,,,,,,,,,,
6,,,avg_ssm_yield,IN-16-0239,2,avg_ssm_z,yield_z,,,-0.14284027053666265,-0.3754907617453264,,,,,,,,,,
10,,,avg_ssm_yield,IN-16-0239,2,avg_ssm_z,yield_z,,,-0.21857443554362396,-0.5134848597529853,,,,,,,,,,
6,,,avg_ssm_yield,IN-16-0240,2,avg_ssm_z,yield_z,,,0.13294300689544608,-0.01087095727422005,,,,,,,,,,
10,,,avg_ssm_yield,IN-16-0240,2,avg_ssm_z,yield_z,,,0.3573750219733963,0.28874434312210634,,,,,,,,,,
6,,,avg_ssm_yield,IN-16-0241,2,avg_ssm_z,yield_z,,,-0.016368167208486467,0.06000242544514932,,,,,,,,,,
10,,,avg_ssm_yield,IN-16-0241,2,avg_ssm_z,yield_z,,,0.0621283463357478,0.1440927825294461,,,,,,,,,,
6,,,avg_ssm_yield,IN-16-0242,2,avg_ssm_z,yield_z,,,-0.38462285330594653,-0.285158756684784,,,,,,,,,,
10,,,avg_ssm_yield,IN-16-0242,2,avg_ssm_z,yield_z,,,-0.48315125817203264,-0.5752576605550956,,,,,,,,,,
6,,,avg_ssm_yield,IN-16-0243,2,avg_ssm_z,yield_z,,,0.25573745153829386,-0.2716043335943844,,,,,,,,,,
10,,,avg_ssm_yield,IN-16-0243,2,avg_ssm_z,yield_z,,,0.4377979996303994,-0.1771618842885468,,,,,,,,,,
6,,,avg_ssm_yield,IN-16-0244,2,avg_ssm_z,yield_z,,,-0.21456338011299453,-0.28551741621049154,,,,,,,,,,
10,,,avg_ssm_yield,IN-16-0244,2,avg_ssm_z,yield_z,,,0.07284721230408116,-0.3885925509715841,,,,,,,,,,
6,,,avg_ssm_yield,IN-16-0527,2,avg_ssm_z,yield_z,,,0.15540374093577092,0.26939281581144825,,,,,,,,,,
10,,,avg_ssm_yield,IN-16-0527,2,avg_ssm_z,yield_z,,,0.4049401154791907,0.41927656749230824,,,,,,,,,,
6,,,avg_ssm_yield,IN-16-1030,2,avg_ssm_z,yield_z,,,0.044021986425481156,-0.1706003386018494,,,,,,,,,,
10,,,avg_ssm_yield,IN-16-1030,2,avg_ssm_z,yield_z,,,0.2636075511319814,-0.09239573536306761,,,,,,,,,,
6,,,avg_ssm_yield,IN-16-1032,2,avg_ssm_z,yield_z,,,-0.14465962207605884,-0.12415103528474525,,,,,,,,,,
10,,,avg_ssm_yield,IN-16-1032,2,avg_ssm_z,yield_z,,,-0.21222228740490082,-0.11470129727177114,,,,,,,,,,
6,,,avg_ssm_yield,IN-16-1043,2,avg_ssm_z,yield_z,,,0.03207392355305279,-0.4196730089412982,,,,,,,,,,
10,,,avg_ssm_yield,IN-16-1043,2,avg_ssm_z,yield_z,,,0.31347364370907116,-0.5768854844415443,,,,,,,,,,
6,,,avg_ssm_yield,IN-17-0601,2,avg_ssm_z,yield_z,,,-0.16691409652959907,0.01469932521680325,,,,,,,,,,
10,,,avg_ssm_yield,IN-17-0601,2,avg_ssm_z,yield_z,,,0.10341816649957125,0.18574900325896476,,,,,,,,,,
6,,,avg_ssm_yield,IN-17-0602,2,avg_ssm_z,yield_z,,,-0.12264476504316493,-0.18221970866374418,,,,,,,,,,
10,,,avg_ssm_yield,IN-17-0602,2,avg_ssm_z,yield_z,,,-0.1446572567544741,-0.11782692941773634,,,,,,,,,,
6,,,avg_ssm_yield,IN-17-0603,2,avg_ssm_z,yield_z,,,0.1907874516635053,-0.27132681902080835,,,,,,,,,,
10,,,avg_ssm_yield,IN-17-0603,2,avg_ssm_z,yield_z,,,0.3108218787367213,-0.3487081088680012,,,,,,,,,,
6,,,avg_ssm_yield,IN-17-0604,2,avg_ssm_z,yield_z,,,-0.028190403658622375,-0.16753826417511292,,,,,,,,,,
10,,,avg_ssm_yield,IN-17-0604,2,avg_ssm_z,yield_z,,,-0.004091868132307747,-0.09826517544907806,,,,,,,,,,
6,,,avg_ssm_yield,IN-17-0605,2,avg_ssm_z,yield_z,,,0.0628449608839343,-0.18147676202167318,,,,,,,,,,
10,,,avg_ssm_yield,IN-17-0605,2,avg_ssm_z,yield_z,,,-0.16204632206393946,-0.19581283414031841,,,,,,,,,,
6,,,avg_ssm_yield,IN-17-0606,2,avg_ssm_z,yield_z,,,0.038310600772980326,-0.1738760949173296,,,,,,,,,,
10,,,avg_ssm_yield,IN-17-0606,2,avg_ssm_z,yield_z,,,-0.008931682737216645,-0.210503363956561,,,,,,,,,,
6,,,avg_ssm_yield,IN-17-0607,2,avg_ssm_z,yield_z,,,-0.22319610269036297,0.15785004031517663,,,,,,,,,,
10,,,avg_ssm_yield,IN-17-0607,2,avg_ssm_z,yield_z,,,-0.21368186933004713,0.16314968214321357,,,,,,,,,,
6,,,avg_ssm_yield,IN-17-0608,2,avg_ssm_z,yield_z,,,-0.006636007688616286,-0.6128944006718438,,,,,,,,,,
6,,,avg_ssm_yield,IN-17-0609,2,avg_ssm_z,yield_z,,,-0.2480271622078664,0.15866303612148558,,,,,,,,,,
10,,,avg_ssm_yield,IN-17-0609,2,avg_ssm_z,yield_z,,,-0.3077875834207878,0.12003743924364366,,,,,,,,,,
6,,,avg_ssm_yield,IN-17-0610,2,avg_ssm_z,yield_z,,,-0.20426240042018878,-0.1806227490428171,,,,,,,,,,
10,,,avg_ssm_yield,IN-17-0610,2,avg_ssm_z,yield_z,,,-0.24652518118459693,-0.16099887819387404,,,,,,,,,,
6,,,avg_ssm_yield,IN-17-0615,2,avg_ssm_z,yield_z,,,-0.14913438183219827,-0.03979939429890195,,,,,,,,,,
10,,,avg_ssm_yield,IN-17-0615,2,avg_ssm_z,yield_z,,,-0.2508070253242635,0.05188190113740314,,,,,,,,,,
6,,,avg_ssm_yield,IN-17-0616,2,avg_ssm_z,yield_z,,,0.3689425254564399,-0.19255546223121237,,,,,,,,,,
10,,,avg_ssm_yield,IN-17-0616,2,avg_ssm_z,yield_z,,,0.5494389024580449,-0.35451632983628073,,,,,,,,,,
6,,,avg_ssm_yield,IN-17-0617,2,avg_ssm_z,yield_z,,,0.18689911424098044,0.20409947991981142,,,,,,,,,,
10,,,avg_ssm_yield,IN-17-0617,2,avg_ssm_z,yield_z,,,0.18374760343477098,0.12798442346116218,,,,,,,,,,
6,,,avg_ssm_yield,IN-17-0618,2,avg_ssm_z,yield_z,,,-0.29102742621913724,-0.17995135216175928,,,,,,,,,,
10,,,avg_ssm_yield,IN-17-0618,2,avg_ssm_z,yield_z,,,-0.3304030774819071,-0.020608008786389947,,,,,,,,,,
6,,,avg_ssm_yield,IN-17-0619,2,avg_ssm_z,yield_z,,,-0.06081818830355947,0.06218559903046095,,,,,,,,,,
10,,,avg_ssm_yield,IN-17-0619,2,avg_ssm_z,yield_z,,,-0.32697569442759117,0.2300294238351297,,,,,,,,,,
6,,,avg_ssm_yield,IN-17-0620,2,avg_ssm_z,yield_z,,,0.7400908725333334,0.2930848645733263,,,,,,,,,,
10,,,avg_ssm_yield,IN-17-0620,2,avg_ssm_z,yield_z,,,0.7943855228474848,0.4507630030389983,,,,,,,,,,
6,,,avg_ssm_yield,IN-17-0621,2,avg_ssm_z,yield_z,,,0.13430539613162154,-0.05961904998462712,,,,,,,,,,
10,,,avg_ssm_yield,IN-17-0621,2,avg_ssm_z,yield_z,,,0.3092858608142673,0.10175756794153182,,,,,,,,,,
6,,,avg_ssm_yield,IN-17-0622,2,avg_ssm_z,yield_z,,,0.29820556656402625,-0.16696272880870028,,,,,,,,,,
10,,,avg_ssm_yield,IN-17-0622,2,avg_ssm_z,yield_z,,,0.46272487079506286,-0.16307318807938237,,,,,,,,,,
6,,,avg_ssm_yield,IN-17-1047,2,avg_ssm_z,yield_z,,,-0.42928286362051615,0.48963175766802036,,,,,,,,,,
10,,,avg_ssm_yield,IN-17-1047,2,avg_ssm_z,yield_z,,,-0.4939313950805042,0.5696348566868622,,,,,,,,,,
6,,,avg_ssm_yield,IN-17-1048,2,avg_ssm_z,yield_z,,,-0.22947663479956532,0.05037428745794671,,,,,,,,,,
10,,,avg_ssm_yield,IN-17-1048,2,avg_ssm_z,yield_z,,,-0.17275225854817142,0.19668105437758182,,,,,,,,,,
6,,,avg_ssm_yield,IN-17-1050,2,avg_ssm_z,yield_z,,,0.06414133605902583,0.23507835944741934,,,,,,,,,,
10,,,avg_ssm_yield,IN-17-1050,2,avg_ssm_z,yield_z,,,0.18465168173061067,0.44582574385446055,,,,,,,,,,
6,,,avg_ssm_yield,IN-17-1051,2,avg_ssm_z,yield_z,,,-0.029082837704815213,-0.2864051314680932,,,,,,,,,,
10,,,avg_ssm_yield,IN-17-1051,2,avg_ssm_z,yield_z,,,-0.018520794435945006,-0.22258555536659755,,,,,,,,,,
6,,,avg_ssm_yield,IN-17-2017,2,avg_ssm_z,yield_z,,,0.05224664221405245,-0.3297518125139959,,,,,,,,,,
10,,,avg_ssm_yield,IN-17-2017,2,avg_ssm_z,yield_z,,,-0.06892634747918117,-0.5792866024447704,,,,,,,,,,
6,,,avg_ssm_yield,IN-17-2018,2,avg_ssm_z,yield_z,,,-0.08890117258240622,0.06866513266684485,,,,,,,,,,
10,,,avg_ssm_yield,IN-17-2018,2,avg_ssm_z,yield_z,,,-0.4188439251895145,-0.08994808447155414,,,,,,,,,,
6,,,avg_ssm_yield,IN-17-2019,2,avg_ssm_z,yield_z,,,0.2783977843763279,0.6414988541753922,,,,,,,,,,
10,,,avg_ssm_yield,IN-17-2019,2,avg_ssm_z,yield_z,,,0.28620542329919507,0.5902790289980856,,,,,,,,,,
6,,,avg_ssm_yield,IN-18-0626,2,avg_ssm_z,yield_z,,,-0.26340890885446944,-0.2791683812767933,,,,,,,,,,
10,,,avg_ssm_yield,IN-18-0626,2,avg_ssm_z,yield_z,,,-0.36369780713629196,-0.3115266660147376,,,,,,,,,,
6,,,avg_ssm_yield,IN-18-0627,2,avg_ssm_z,yield_z,,,-0.09054356453427514,-0.21708510064056466,,,,,,,,,,
10,,,avg_ssm_yield,IN-18-0627,2,avg_ssm_z,yield_z,,,0.11649161117130916,0.15421883766239314,,,,,,,,,,
6,,,avg_ssm_yield,IN-18-0628,2,avg_ssm_z,yield_z,,,-0.03668813433275904,-0.09412087049936746,,,,,,,,,,
10,,,avg_ssm_yield,IN-18-0628,2,avg_ssm_z,yield_z,,,-0.08627816258638694,-0.0942371617480231,,,,,,,,,,
6,,,avg_ssm_yield,IN-18-0629,2,avg_ssm_z,yield_z,,,-0.2487489175799796,-0.2503892279503478,,,,,,,,,,
10,,,avg_ssm_yield,IN-18-0629,2,avg_ssm_z,yield_z,,,-0.1352960132466605,-0.04181333547178241,,,,,,,,,,
6,,,avg_ssm_yield,IN-18-0631,2,avg_ssm_z,yield_z,,,-0.39967469399844985,-0.11775093734802566,,,,,,,,,,
10,,,avg_ssm_yield,IN-18-0631,2,avg_ssm_z,yield_z,,,-0.35798584279061896,-0.09452198320567677,,,,,,,,,,
6,,,avg_ssm_yield,IN-18-0633,2,avg_ssm_z,yield_z,,,-0.06796497766984344,-0.06896261530666639,,,,,,,,,,
10,,,avg_ssm_yield,IN-18-0633,2,avg_ssm_z,yield_z,,,0.15096709867562125,0.14731918368791924,,,,,,,,,,
6,,,avg_ssm_yield,IN-18-0634,2,avg_ssm_z,yield_z,,,-0.1629073050013016,-0.33651912707664766,,,,,,,,,,
10,,,avg_ssm_yield,IN-18-0634,2,avg_ssm_z,yield_z,,,-0.312189359537001,-0.3647737731336694,,,,,,,,,,
6,,,avg_ssm_yield,IN-18-0635,2,avg_ssm_z,yield_z,,,-0.4402745275728292,-0.3846043308743942,,,,,,,,,,
10,,,avg_ssm_yield,IN-18-0635,2,avg_ssm_z,yield_z,,,-0.5896198713242075,-0.4145356974714086,,,,,,,,,,
6,,,avg_ssm_yield,IN-18-0636,2,avg_ssm_z,yield_z,,,-0.1418926802028227,-0.4196636271744458,,,,,,,,,,
10,,,avg_ssm_yield,IN-18-0636,2,avg_ssm_z,yield_z,,,-0.2018605407662776,-0.4437505157109299,,,,,,,,,,
6,,,avg_ssm_yield,IN-18-0637,2,avg_ssm_z,yield_z,,,0.12920722511292126,0.17810596500117865,,,,,,,,,,
10,,,avg_ssm_yield,IN-18-0637,2,avg_ssm_z,yield_z,,,0.13341911348353608,0.18896627509428443,,,,,,,,,,
6,,,avg_ssm_yield,IN-20-0056,2,avg_ssm_z,yield_z,,,0.24338244331203227,-0.2822618387571446,,,,,,,,,,
10,,,avg_ssm_yield,IN-20-0056,2,avg_ssm_z,yield_z,,,0.27978914723674964,-0.2843175380944173,,,,,,,,,,
6,,,avg_ssm_yield,IN-20-0057,2,avg_ssm_z,yield_z,,,-0.2899452108290088,-0.29373557849833426,,,,,,,,,,
10,,,avg_ssm_yield,IN-20-0057,2,avg_ssm_z,yield_z,,,-0.2311421839893383,-0.23752164850711535,,,,,,,,,,
6,,,avg_ssm_yield,IN-20-0058,2,avg_ssm_z,yield_z,,,0.20482010857813035,0.05450383984372709,,,,,,,,,,
10,,,avg_ssm_yield,IN-20-0058,2,avg_ssm_z,yield_z,,,0.3052616526883045,0.029134541397119452,,,,,,,,,,
6,,,avg_ssm_yield,IN-20-0063,2,avg_ssm_z,yield_z,,,0.050278729571497,-0.11306623800247062,,,,,,,,,,
10,,,avg_ssm_yield,IN-20-0063,2,avg_ssm_z,yield_z,,,0.10284142259191542,0.027154809724502228,,,,,,,,,,
6,,,avg_ssm_yield,IN-20-0520,2,avg_ssm_z,yield_z,,,-0.0846966774249528,-0.23022051514839706,,,,,,,,,,
10,,,avg_ssm_yield,IN-20-0520,2,avg_ssm_z,yield_z,,,-0.015998970719502847,0.06202540635211738,,,,,,,,,,
6,,,avg_rsm_avg_ndvi,IN-01-0051,2,avg_rsm_z,avg_ndvi_z,,,,,-0.3079827333706171,-0.19710836166315776,,,,,,,,
10,,,avg_rsm_avg_ndvi,IN-01-0051,2,avg_rsm_z,avg_ndvi_z,,,,,-0.4676339765485443,-0.21105494789428483,,,,,,,,
6,,,avg_rsm_avg_ndvi,IN-01-0052,2,avg_rsm_z,avg_ndvi_z,,,,,0.13925638995858022,-0.21586012930972406,,,,,,,,
10,,,avg_rsm_avg_ndvi,IN-01-0052,2,avg_rsm_z,avg_ndvi_z,,,,,0.20710099071708257,-0.2214757564076173,,,,,,,,
6,,,avg_rsm_avg_ndvi,IN-01-0053,2,avg_rsm_z,avg_ndvi_z,,,,,-0.1606042652609288,-0.2995766630422666,,,,,,,,
10,,,avg_rsm_avg_ndvi,IN-01-0053,2,avg_rsm_z,avg_ndvi_z,,,,,0.04841422668283384,-0.1736665303132239,,,,,,,,
6,,,avg_rsm_avg_ndvi,IN-02-0902,2,avg_rsm_z,avg_ndvi_z,,,,,0.1970091106140262,0.5988201898790659,,,,,,,,
10,,,avg_rsm_avg_ndvi,IN-02-0902,2,avg_rsm_z,avg_ndvi_z,,,,,0.3914257064278616,0.5209633875487698,,,,,,,,
6,,,avg_rsm_avg_ndvi,IN-02-0903,2,avg_rsm_z,avg_ndvi_z,,,,,0.49345458920257385,0.5911316329205867,,,,,,,,
10,,,avg_rsm_avg_ndvi,IN-02-0903,2,avg_rsm_z,avg_ndvi_z,,,,,0.5131256605891111,0.7602901985089381,,,,,,,,
6,,,avg_rsm_avg_ndvi,IN-02-0904,2,avg_rsm_z,avg_ndvi_z,,,,,0.4345767921886643,0.49379579824911835,,,,,,,,
10,,,avg_rsm_avg_ndvi,IN-02-0904,2,avg_rsm_z,avg_ndvi_z,,,,,0.5222041428840918,0.736520965545977,,,,,,,,
6,,,avg_rsm_avg_ndvi,IN-02-0905,2,avg_rsm_z,avg_ndvi_z,,,,,0.0588341764689984,0.23111000471406365,,,,,,,,
10,,,avg_rsm_avg_ndvi,IN-02-0905,2,avg_rsm_z,avg_ndvi_z,,,,,0.07240154936799435,0.38822555099022604,,,,,,,,
6,,,avg_rsm_avg_ndvi,IN-02-0906,2,avg_rsm_z,avg_ndvi_z,,,,,-0.04454269101075736,-0.24362536032499577,,,,,,,,
10,,,avg_rsm_avg_ndvi,IN-02-0906,2,avg_rsm_z,avg_ndvi_z,,,,,0.19668966876792504,0.1364467678579372,,,,,,,,
6,,,avg_rsm_avg_ndvi,IN-02-0907,2,avg_rsm_z,avg_ndvi_z,,,,,-0.18134551800167134,0.09167169815213468,,,,,,,,
10,,,avg_rsm_avg_ndvi,IN-02-0907,2,avg_rsm_z,avg_ndvi_z,,,,,-0.2953395325440774,0.2157416978440398,,,,,,,,
6,,,avg_rsm_avg_ndvi,IN-02-0908,2,avg_rsm_z,avg_ndvi_z,,,,,-0.1072961839847271,-0.39829906016463,,,,,,,,
10,,,avg_rsm_avg_ndvi,IN-02-0908,2,avg_rsm_z,avg_ndvi_z,,,,,0.03922404939903029,-0.5915408640323387,,,,,,,,
6,,,avg_rsm_avg_ndvi,IN-02-0909,2,avg_rsm_z,avg_ndvi_z,,,,,-0.04915077252627957,0.0335401476915161,,,,,,,,
10,,,avg_rsm_avg_ndvi,IN-02-0909,2,avg_rsm_z,avg_ndvi_z,,,,,0.02442520097099854,0.23443448205319237,,,,,,,,
6,,,avg_rsm_avg_ndvi,IN-02-0912,2,avg_rsm_z,avg_ndvi_z,,,,,-0.20317626358269267,-0.16812610469821654,,,,,,,,
10,,,avg_rsm_avg_ndvi,IN-02-0912,2,avg_rsm_z,avg_ndvi_z,,,,,0.014079413748351777,-0.07563062375128024,,,,,,,,
6,,,avg_rsm_avg_ndvi,IN-02-0918,2,avg_rsm_z,avg_ndvi_z,,,,,-0.15162458607694887,-0.29775501116755293,,,,,,,,
10,,,avg_rsm_avg_ndvi,IN-02-0918,2,avg_rsm_z,avg_ndvi_z,,,,,-0.25362095098074244,-0.2000898911836413,,,,,,,,
6,,,avg_rsm_avg_ndvi,IN-02-0919,2,avg_rsm_z,avg_ndvi_z,,,,,0.11939909879258341,0.025813389770286195,,,,,,,,
10,,,avg_rsm_avg_ndvi,IN-02-0919,2,avg_rsm_z,avg_ndvi_z,,,,,0.23192577223106192,-0.14146761184847478,,,,,,,,
6,,,avg_rsm_avg_ndvi,IN-02-0920,2,avg_rsm_z,avg_ndvi_z,,,,,-0.2668412548638626,-0.35293288780367643,,,,,,,,
10,,,avg_rsm_avg_ndvi,IN-02-0920,2,avg_rsm_z,avg_ndvi_z,,,,,-0.2841757933040142,-0.32111075569146613,,,,,,,,
6,,,avg_rsm_avg_ndvi,IN-02-0921,2,avg_rsm_z,avg_ndvi_z,,,,,-0.09301988926314382,-0.22299725489217131,,,,,,,,
10,,,avg_rsm_avg_ndvi,IN-02-0921,2,avg_rsm_z,avg_ndvi_z,,,,,-0.08444627501453385,-0.4487471369358015,,,,,,,,
6,,,avg_rsm_avg_ndvi,IN-02-0922,2,avg_rsm_z,avg_ndvi_z,,,,,-0.36371901300095194,-0.0572205175908624,,,,,,,,
10,,,avg_rsm_avg_ndvi,IN-02-0922,2,avg_rsm_z,avg_ndvi_z,,,,,-0.3146439599813235,-0.18361867418700473,,,,,,,,
6,,,avg_rsm_avg_ndvi,IN-02-0923,2,avg_rsm_z,avg_ndvi_z,,,,,-0.13939514374575354,-0.12379107616449289,,,,,,,,
10,,,avg_rsm_avg_ndvi,IN-02-0923,2,avg_rsm_z,avg_ndvi_z,,,,,-0.014795548334437875,-0.26450866656248084,,,,,,,,
6,,,avg_rsm_avg_ndvi,IN-02-0924,2,avg_rsm_z,avg_ndvi_z,,,,,0.0771263379912346,0.02108129171546418,,,,,,,,
10,,,avg_rsm_avg_ndvi,IN-02-0924,2,avg_rsm_z,avg_ndvi_z,,,,,0.1209793984200794,-0.11906829002283148,,,,,,,,
6,,,avg_rsm_avg_ndvi,IN-02-0925,2,avg_rsm_z,avg_ndvi_z,,,,,0.26271332087861055,0.2560501564138461,,,,,,,,
10,,,avg_rsm_avg_ndvi,IN-02-0925,2,avg_rsm_z,avg_ndvi_z,,,,,0.35378829777893356,-0.041542424354824324,,,,,,,,
6,,,avg_rsm_avg_ndvi,IN-02-0926,2,avg_rsm_z,avg_ndvi_z,,,,,0.11341111951947772,0.11576403788866471,,,,,,,,
10,,,avg_rsm_avg_ndvi,IN-02-0926,2,avg_rsm_z,avg_ndvi_z,,,,,0.30596358602718154,0.5076350728815162,,,,,,,,
6,,,avg_rsm_avg_ndvi,IN-02-0927,2,avg_rsm_z,avg_ndvi_z,,,,,-0.1901316163221558,-0.06679470433591088,,,,,,,,
10,,,avg_rsm_avg_ndvi,IN-02-0927,2,avg_rsm_z,avg_ndvi_z,,,,,-0.1614004332908178,0.13400724326227,,,,,,,,
6,,,avg_rsm_avg_ndvi,IN-02-0928,2,avg_rsm_z,avg_ndvi_z,,,,,0.33577525911334394,0.38755496099583353,,,,,,,,
10,,,avg_rsm_avg_ndvi,IN-02-0928,2,avg_rsm_z,avg_ndvi_z,,,,,0.46439672111457664,0.42470799695162426,,,,,,,,
6,,,avg_rsm_avg_ndvi,IN-02-0929,2,avg_rsm_z,avg_ndvi_z,,,,,0.36312052888190555,0.4236026478298932,,,,,,,,
10,,,avg_rsm_avg_ndvi,IN-02-0929,2,avg_rsm_z,avg_ndvi_z,,,,,0.45124067615623753,0.41263122768819305,,,,,,,,
6,,,avg_rsm_avg_ndvi,IN-02-0930,2,avg_rsm_z,avg_ndvi_z,,,,,0.21266882826445627,0.5151833892667901,,,,,,,,
10,,,avg_rsm_avg_ndvi,IN-02-0930,2,avg_rsm_z,avg_ndvi_z,,,,,0.28690086311565294,0.328971833699944,,,,,,,,
6,,,avg_rsm_avg_ndvi,IN-02-0931,2,avg_rsm_z,avg_ndvi_z,,,,,-0.14639933768498858,-0.011977436600360377,,,,,,,,
10,,,avg_rsm_avg_ndvi,IN-02-0931,2,avg_rsm_z,avg_ndvi_z,,,,,-0.17850980305118483,-0.09393165694515687,,,,,,,,
6,,,avg_rsm_avg_ndvi,IN-02-0932,2,avg_rsm_z,avg_ndvi_z,,,,,-0.18106848951974144,0.10132138105654513,,,,,,,,
10,,,avg_rsm_avg_ndvi,IN-02-0932,2,avg_rsm_z,avg_ndvi_z,,,,,-0.09151858587394526,-0.025016973374628694,,,,,,,,
6,,,avg_rsm_avg_ndvi,IN-02-0934,2,avg_rsm_z,avg_ndvi_z,,,,,-0.2766709694303988,-0.16736655402775713,,,,,,,,
10,,,avg_rsm_avg_ndvi,IN-02-0934,2,avg_rsm_z,avg_ndvi_z,,,,,-0.29353593551872265,-0.09425807869278821,,,,,,,,
6,,,avg_rsm_avg_ndvi,IN-02-0935,2,avg_rsm_z,avg_ndvi_z,,,,,0.4002251841580785,0.19109942524256027,,,,,,,,
10,,,avg_rsm_avg_ndvi,IN-02-0935,2,avg_rsm_z,avg_ndvi_z,,,,,0.5030442492889338,0.2518655196593469,,,,,,,,
6,,,avg_rsm_avg_ndvi,IN-02-0936,2,avg_rsm_z,avg_ndvi_z,,,,,0.6863185691791156,0.4579613661803725,,,,,,,,
10,,,avg_rsm_avg_ndvi,IN-02-0936,2,avg_rsm_z,avg_ndvi_z,,,,,0.7406125847364353,0.6250052030368243,,,,,,,,
6,,,avg_rsm_avg_ndvi,IN-02-0945,2,avg_rsm_z,avg_ndvi_z,,,,,0.5065963654427537,0.1776089005727819,,,,,,,,
10,,,avg_rsm_avg_ndvi,IN-02-0945,2,avg_rsm_z,avg_ndvi_z,,,,,0.5777347074031629,0.2776047226258965,,,,,,,,
6,,,avg_rsm_avg_ndvi,IN-02-0946,2,avg_rsm_z,avg_ndvi_z,,,,,0.17189348438947646,0.19248360630357492,,,,,,,,
10,,,avg_rsm_avg_ndvi,IN-02-0946,2,avg_rsm_z,avg_ndvi_z,,,,,0.14550242793615253,0.6143100257355202,,,,,,,,
6,,,avg_rsm_avg_ndvi,IN-02-0947,2,avg_rsm_z,avg_ndvi_z,,,,,-0.3076396343710022,-0.351497876570737,,,,,,,,
10,,,avg_rsm_avg_ndvi,IN-02-0947,2,avg_rsm_z,avg_ndvi_z,,,,,-0.31122255786238606,-0.2006293442535311,,,,,,,,
6,,,avg_rsm_avg_ndvi,IN-02-0948,2,avg_rsm_z,avg_ndvi_z,,,,,-0.1264492010965867,-0.5312095997905967,,,,,,,,
10,,,avg_rsm_avg_ndvi,IN-02-0948,2,avg_rsm_z,avg_ndvi_z,,,,,0.06273539142647422,-0.6507586536694693,,,,,,,,
6,,,avg_rsm_avg_ndvi,IN-02-0949,2,avg_rsm_z,avg_ndvi_z,,,,,-0.07639816681469362,-0.2370194529266581,,,,,,,,
10,,,avg_rsm_avg_ndvi,IN-02-0949,2,avg_rsm_z,avg_ndvi_z,,,,,0.0027878870576570846,-0.3003303239833901,,,,,,,,
6,,,avg_rsm_avg_ndvi,IN-02-0950,2,avg_rsm_z,avg_ndvi_z,,,,,-0.35817105443751485,-0.44495502130505427,,,,,,,,
10,,,avg_rsm_avg_ndvi,IN-02-0950,2,avg_rsm_z,avg_ndvi_z,,,,,-0.3633691513207138,-0.6710053961401136,,,,,,,,
6,,,avg_rsm_avg_ndvi,IN-02-0951,2,avg_rsm_z,avg_ndvi_z,,,,,0.5944561006760042,0.17347760174345522,,,,,,,,
10,,,avg_rsm_avg_ndvi,IN-02-0951,2,avg_rsm_z,avg_ndvi_z,,,,,0.7552143451748636,0.2634523314905168,,,,,,,,
6,,,avg_rsm_avg_ndvi,IN-02-0956,2,avg_rsm_z,avg_ndvi_z,,,,,-0.13478876840205917,-0.13186037925571173,,,,,,,,
10,,,avg_rsm_avg_ndvi,IN-02-0956,2,avg_rsm_z,avg_ndvi_z,,,,,-0.06120677938286906,-0.41417175063528366,,,,,,,,
6,,,avg_rsm_avg_ndvi,IN-02-0958,2,avg_rsm_z,avg_ndvi_z,,,,,-0.305417568968603,-0.2639194508730688,,,,,,,,
10,,,avg_rsm_avg_ndvi,IN-02-0958,2,avg_rsm_z,avg_ndvi_z,,,,,-0.45830500493433945,-0.519753355745065,,,,,,,,
6,,,avg_rsm_avg_ndvi,IN-02-0960,2,avg_rsm_z,avg_ndvi_z,,,,,0.2646826184375751,0.49420679927900313,,,,,,,,
10,,,avg_rsm_avg_ndvi,IN-02-0960,2,avg_rsm_z,avg_ndvi_z,,,,,0.3301110775238724,0.5763705713977751,,,,,,,,
6,,,avg_rsm_avg_ndvi,IN-02-0961,2,avg_rsm_z,avg_ndvi_z,,,,,-0.09824883766568687,-0.25995650694324646,,,,,,,,
10,,,avg_rsm_avg_ndvi,IN-02-0961,2,avg_rsm_z,avg_ndvi_z,,,,,-0.11414072079387214,-0.37804394876079184,,,,,,,,
6,,,avg_rsm_avg_ndvi,IN-03-0121,2,avg_rsm_z,avg_ndvi_z,,,,,-0.34716832731535124,-0.019099770337275185,,,,,,,,
10,,,avg_rsm_avg_ndvi,IN-03-0121,2,avg_rsm_z,avg_ndvi_z,,,,,-0.2844650720173885,0.35286473354208836,,,,,,,,
6,,,avg_rsm_avg_ndvi,IN-03-0122,2,avg_rsm_z,avg_ndvi_z,,,,,0.10403033218170936,0.2684084660561425,,,,,,,,
10,,,avg_rsm_avg_ndvi,IN-03-0122,2,avg_rsm_z,avg_ndvi_z,,,,,0.17586095702351087,0.2359836116575303,,,,,,,,
6,,,avg_rsm_avg_ndvi,IN-03-0123,2,avg_rsm_z,avg_ndvi_z,,,,,0.168076616156724,-0.09845915720783907,,,,,,,,
10,,,avg_rsm_avg_ndvi,IN-03-0123,2,avg_rsm_z,avg_ndvi_z,,,,,-0.13400902058611372,0.09424025409746237,,,,,,,,
6,,,avg_rsm_avg_ndvi,IN-03-0124,2,avg_rsm_z,avg_ndvi_z,,,,,-0.3492125480929832,-0.21532195227587972,,,,,,,,
10,,,avg_rsm_avg_ndvi,IN-03-0124,2,avg_rsm_z,avg_ndvi_z,,,,,-0.10637544976425106,0.006859611998388743,,,,,,,,
6,,,avg_rsm_avg_ndvi,IN-03-0125,2,avg_rsm_z,avg_ndvi_z,,,,,-0.5645419557078195,-0.21195815109025212,,,,,,,,
10,,,avg_rsm_avg_ndvi,IN-03-0125,2,avg_rsm_z,avg_ndvi_z,,,,,-0.4072181345736066,-0.13889675109689875,,,,,,,,
6,,,avg_rsm_avg_ndvi,IN-03-0126,2,avg_rsm_z,avg_ndvi_z,,,,,-0.05414071629898407,0.10329465537808731,,,,,,,,
10,,,avg_rsm_avg_ndvi,IN-03-0126,2,avg_rsm_z,avg_ndvi_z,,,,,-0.03264239017153283,0.07292890739311313,,,,,,,,
6,,,avg_rsm_avg_ndvi,IN-03-0128,2,avg_rsm_z,avg_ndvi_z,,,,,-0.5514542930584232,-0.38795121688387874,,,,,,,,
10,,,avg_rsm_avg_ndvi,IN-03-0128,2,avg_rsm_z,avg_ndvi_z,,,,,-0.6219790191471789,-0.5675268377697635,,,,,,,,
6,,,avg_rsm_avg_ndvi,IN-03-0129,2,avg_rsm_z,avg_ndvi_z,,,,,0.17494746154417046,0.17603190326299792,,,,,,,,
10,,,avg_rsm_avg_ndvi,IN-03-0129,2,avg_rsm_z,avg_ndvi_z,,,,,0.2945422697336443,0.41340730892468447,,,,,,,,
6,,,avg_rsm_avg_ndvi,IN-03-0130,2,avg_rsm_z,avg_ndvi_z,,,,,-0.17227083187466335,0.017095797539592054,,,,,,,,
10,,,avg_rsm_avg_ndvi,IN-03-0130,2,avg_rsm_z,avg_ndvi_z,,,,,-0.04550797866738627,-0.00848701930773935,,,,,,,,
6,,,avg_rsm_avg_ndvi,IN-03-0131,2,avg_rsm_z,avg_ndvi_z,,,,,-0.3048509712933939,0.07453469897172865,,,,,,,,
10,,,avg_rsm_avg_ndvi,IN-03-0131,2,avg_rsm_z,avg_ndvi_z,,,,,-0.2859362807046317,0.002654445602918001,,,,,,,,
6,,,avg_rsm_avg_ndvi,IN-03-0132,2,avg_rsm_z,avg_ndvi_z,,,,,0.2437128722503002,0.36258919404662415,,,,,,,,
10,,,avg_rsm_avg_ndvi,IN-03-0132,2,avg_rsm_z,avg_ndvi_z,,,,,0.5291467955434943,0.6244786157699647,,,,,,,,
6,,,avg_rsm_avg_ndvi,IN-03-0133,2,avg_rsm_z,avg_ndvi_z,,,,,0.04767340445201538,-0.13485207537272964,,,,,,,,
10,,,avg_rsm_avg_ndvi,IN-03-0133,2,avg_rsm_z,avg_ndvi_z,,,,,-0.13253283621682482,-0.4210188718811084,,,,,,,,
6,,,avg_rsm_avg_ndvi,IN-03-0134,2,avg_rsm_z,avg_ndvi_z,,,,,-0.17630105274192637,0.07282712109431416,,,,,,,,
10,,,avg_rsm_avg_ndvi,IN-03-0134,2,avg_rsm_z,avg_ndvi_z,,,,,-0.12717547300902504,-0.06598752029338296,,,,,,,,
6,,,avg_rsm_avg_ndvi,IN-03-0135,2,avg_rsm_z,avg_ndvi_z,,,,,0.08768065730302119,0.12395286805409292,,,,,,,,
10,,,avg_rsm_avg_ndvi,IN-03-0135,2,avg_rsm_z,avg_ndvi_z,,,,,0.273194633493949,0.4032926020972858,,,,,,,,
6,,,avg_rsm_avg_ndvi,IN-03-0136,2,avg_rsm_z,avg_ndvi_z,,,,,0.12238598916211271,0.025229928548783975,,,,,,,,
10,,,avg_rsm_avg_ndvi,IN-03-0136,2,avg_rsm_z,avg_ndvi_z,,,,,0.33978452910924145,-0.1275378311962799,,,,,,,,
6,,,avg_rsm_avg_ndvi,IN-03-0137,2,avg_rsm_z,avg_ndvi_z,,,,,-0.43429588257708324,-0.30887940038092604,,,,,,,,
10,,,avg_rsm_avg_ndvi,IN-03-0137,2,avg_rsm_z,avg_ndvi_z,,,,,-0.37334782979386566,-0.2409262316707091,,,,,,,,
6,,,avg_rsm_avg_ndvi,IN-03-0138,2,avg_rsm_z,avg_ndvi_z,,,,,-0.1536546597319415,0.39997504039612924,,,,,,,,
10,,,avg_rsm_avg_ndvi,IN-03-0138,2,avg_rsm_z,avg_ndvi_z,,,,,-0.3539509332805221,0.6116067767265595,,,,,,,,
6,,,avg_rsm_avg_ndvi,IN-03-0518,2,avg_rsm_z,avg_ndvi_z,,,,,-0.16691232185072374,-0.121594456470804,,,,,,,,
10,,,avg_rsm_avg_ndvi,IN-03-0518,2,avg_rsm_z,avg_ndvi_z,,,,,-0.1950496019544976,-0.3275905734550414,,,,,,,,
6,,,avg_rsm_avg_ndvi,IN-03-1001,2,avg_rsm_z,avg_ndvi_z,,,,,-0.11100907814785507,-0.08346315735979638,,,,,,,,
10,,,avg_rsm_avg_ndvi,IN-03-1001,2,avg_rsm_z,avg_ndvi_z,,,,,-0.31624880235672836,0.08631989634727343,,,,,,,,
6,,,avg_rsm_avg_ndvi,IN-03-1002,2,avg_rsm_z,avg_ndvi_z,,,,,0.22147639846457498,-0.06417084158414066,,,,,,,,
10,,,avg_rsm_avg_ndvi,IN-03-1002,2,avg_rsm_z,avg_ndvi_z,,,,,0.3733925028229227,-0.02078527449121219,,,,,,,,
6,,,avg_rsm_avg_ndvi,IN-03-1003,2,avg_rsm_z,avg_ndvi_z,,,,,-0.1153857642012488,-0.10471588262712613,,,,,,,,
10,,,avg_rsm_avg_ndvi,IN-03-1003,2,avg_rsm_z,avg_ndvi_z,,,,,-0.11208830165046654,0.074990133664207,,,,,,,,
6,,,avg_rsm_avg_ndvi,IN-03-1004,2,avg_rsm_z,avg_ndvi_z,,,,,-0.4312449260731947,-0.08393937022676481,,,,,,,,
10,,,avg_rsm_avg_ndvi,IN-03-1004,2,avg_rsm_z,avg_ndvi_z,,,,,-0.20929925277362268,0.07278121418848173,,,,,,,,
6,,,avg_rsm_avg_ndvi,IN-03-1005,2,avg_rsm_z,avg_ndvi_z,,,,,-0.03621541109281727,-0.20186621918792164,,,,,,,,
10,,,avg_rsm_avg_ndvi,IN-03-1005,2,avg_rsm_z,avg_ndvi_z,,,,,-0.3315464528913883,0.0405519083242328,,,,,,,,
6,,,avg_rsm_avg_ndvi,IN-03-1006,2,avg_rsm_z,avg_ndvi_z,,,,,-0.3876991449981443,-0.1220299134431434,,,,,,,,
10,,,avg_rsm_avg_ndvi,IN-03-1006,2,avg_rsm_z,avg_ndvi_z,,,,,-0.3656718594104237,0.028530311330641676,,,,,,,,
6,,,avg_rsm_avg_ndvi,IN-03-2001,2,avg_rsm_z,avg_ndvi_z,,,,,-0.38405903577359524,-0.4087341332490565,,,,,,,,
6,,,avg_rsm_avg_ndvi,IN-04-0177,2,avg_rsm_z,avg_ndvi_z,,,,,0.3001569208277265,0.51036616266516,,,,,,,,
10,,,avg_rsm_avg_ndvi,IN-04-0177,2,avg_rsm_z,avg_ndvi_z,,,,,0.38406098293008867,0.7294162886616181,,,,,,,,
6,,,avg_rsm_avg_ndvi,IN-04-0178,2,avg_rsm_z,avg_ndvi_z,,,,,0.3290840204289624,0.5488397821862433,,,,,,,,
10,,,avg_rsm_avg_ndvi,IN-04-0178,2,avg_rsm_z,avg_ndvi_z,,,,,0.4828693547085857,0.7051071846261083,,,,,,,,
6,,,avg_rsm_avg_ndvi,IN-04-0179,2,avg_rsm_z,avg_ndvi_z,,,,,0.693707436071704,0.6265285259644482,,,,,,,,
10,,,avg_rsm_avg_ndvi,IN-04-0179,2,avg_rsm_z,avg_ndvi_z,,,,,0.6730631037021755,0.5689218853056108,,,,,,,,
6,,,avg_rsm_avg_ndvi,IN-04-0180,2,avg_rsm_z,avg_ndvi_z,,,,,-0.11982918158125352,-0.16232204723006383,,,,,,,,
10,,,avg_rsm_avg_ndvi,IN-04-0180,2,avg_rsm_z,avg_ndvi_z,,,,,-0.06817691026138874,-0.18187258094742376,,,,,,,,
6,,,avg_rsm_avg_ndvi,IN-04-0181,2,avg_rsm_z,avg_ndvi_z,,,,,0.25076507966475126,0.1952215389061912,,,,,,,,
10,,,avg_rsm_avg_ndvi,IN-04-0181,2,avg_rsm_z,avg_ndvi_z,,,,,0.4571925330752048,0.5081490056894955,,,,,,,,
6,,,avg_rsm_avg_ndvi,IN-04-0182,2,avg_rsm_z,avg_ndvi_z,,,,,0.3120103791347884,0.4501437361201314,,,,,,,,
10,,,avg_rsm_avg_ndvi,IN-04-0182,2,avg_rsm_z,avg_ndvi_z,,,,,0.5556714036176384,0.6707319203906981,,,,,,,,
6,,,avg_rsm_avg_ndvi,IN-04-0183,2,avg_rsm_z,avg_ndvi_z,,,,,0.558138892242253,0.5807826235288016,,,,,,,,
10,,,avg_rsm_avg_ndvi,IN-04-0183,2,avg_rsm_z,avg_ndvi_z,,,,,0.6734424337923309,0.5816515399438325,,,,,,,,
6,,,avg_rsm_avg_ndvi,IN-04-0184,2,avg_rsm_z,avg_ndvi_z,,,,,0.2988781694695774,0.43084526863287353,,,,,,,,
10,,,avg_rsm_avg_ndvi,IN-04-0184,2,avg_rsm_z,avg_ndvi_z,,,,,0.3509644772674695,0.5386272869560748,,,,,,,,
6,,,avg_rsm_avg_ndvi,IN-04-0185,2,avg_rsm_z,avg_ndvi_z,,,,,0.2517990214115191,0.15117177575953405,,,,,,,,
10,,,avg_rsm_avg_ndvi,IN-04-0185,2,avg_rsm_z,avg_ndvi_z,,,,,0.30592462006022936,0.04965402112918537,,,,,,,,
6,,,avg_rsm_avg_ndvi,IN-04-0186,2,avg_rsm_z,avg_ndvi_z,,,,,0.3748030707742826,-0.01703943982542261,,,,,,,,
10,,,avg_rsm_avg_ndvi,IN-04-0186,2,avg_rsm_z,avg_ndvi_z,,,,,0.5110810834771842,0.13829631753441868,,,,,,,,
6,,,avg_rsm_avg_ndvi,IN-04-0187,2,avg_rsm_z,avg_ndvi_z,,,,,0.2797280001557244,0.08378227688263991,,,,,,,,
10,,,avg_rsm_avg_ndvi,IN-04-0187,2,avg_rsm_z,avg_ndvi_z,,,,,0.27734675575943296,0.03558775510961516,,,,,,,,
6,,,avg_rsm_avg_ndvi,IN-04-0188,2,avg_rsm_z,avg_ndvi_z,,,,,-0.28990724447444255,0.18309145169113986,,,,,,,,
10,,,avg_rsm_avg_ndvi,IN-04-0188,2,avg_rsm_z,avg_ndvi_z,,,,,-0.44127716806547046,0.5477028054660117,,,,,,,,
6,,,avg_rsm_avg_ndvi,IN-04-0523,2,avg_rsm_z,avg_ndvi_z,,,,,0.6809426003522574,0.4921553128716871,,,,,,,,
10,,,avg_rsm_avg_ndvi,IN-04-0523,2,avg_rsm_z,avg_ndvi_z,,,,,0.7562146893997219,0.5684095250239994,,,,,,,,
6,,,avg_rsm_avg_ndvi,IN-04-0524,2,avg_rsm_z,avg_ndvi_z,,,,,0.2027046656959579,0.24342534767293106,,,,,,,,
10,,,avg_rsm_avg_ndvi,IN-04-0524,2,avg_rsm_z,avg_ndvi_z,,,,,0.3322440458468721,0.5252509154005851,,,,,,,,
6,,,avg_rsm_avg_ndvi,IN-04-0525,2,avg_rsm_z,avg_ndvi_z,,,,,0.3811984117734111,0.3160542446075624,,,,,,,,
10,,,avg_rsm_avg_ndvi,IN-04-0525,2,avg_rsm_z,avg_ndvi_z,,,,,0.3770484105974609,0.4486099615425173,,,,,,,,
6,,,avg_rsm_avg_ndvi,IN-04-0526,2,avg_rsm_z,avg_ndvi_z,,,,,0.10645345243977462,0.20230217740784032,,,,,,,,
10,,,avg_rsm_avg_ndvi,IN-04-0526,2,avg_rsm_z,avg_ndvi_z,,,,,0.3499553123712653,0.14766593093477742,,,,,,,,
6,,,avg_rsm_avg_ndvi,IN-04-1007,2,avg_rsm_z,avg_ndvi_z,,,,,0.08064940581129396,0.5136745048744559,,,,,,,,
10,,,avg_rsm_avg_ndvi,IN-04-1007,2,avg_rsm_z,avg_ndvi_z,,,,,0.21365332324282518,0.6598382380864904,,,,,,,,
6,,,avg_rsm_avg_ndvi,IN-04-1008,2,avg_rsm_z,avg_ndvi_z,,,,,0.476500084699499,0.18722334078710368,,,,,,,,
10,,,avg_rsm_avg_ndvi,IN-04-1008,2,avg_rsm_z,avg_ndvi_z,,,,,0.638862585633042,0.16585586540639374,,,,,,,,
6,,,avg_rsm_avg_ndvi,IN-04-1009,2,avg_rsm_z,avg_ndvi_z,,,,,0.6234854056517829,0.47309230039483463,,,,,,,,
10,,,avg_rsm_avg_ndvi,IN-04-1009,2,avg_rsm_z,avg_ndvi_z,,,,,0.6788297485585206,0.6563410347418326,,,,,,,,
6,,,avg_rsm_avg_ndvi,IN-04-2002,2,avg_rsm_z,avg_ndvi_z,,,,,0.2496447493966431,-0.3353836601852676,,,,,,,,
10,,,avg_rsm_avg_ndvi,IN-04-2002,2,avg_rsm_z,avg_ndvi_z,,,,,0.48768962644931557,-0.17360215308529847,,,,,,,,
6,,,avg_rsm_avg_ndvi,IN-04-2003,2,avg_rsm_z,avg_ndvi_z,,,,,-0.22630026860421415,-0.7527498851037296,,,,,,,,
6,,,avg_rsm_avg_ndvi,IN-05-0072,2,avg_rsm_z,avg_ndvi_z,,,,,0.0017043503754422457,-0.06001207978396526,,,,,,,,
10,,,avg_rsm_avg_ndvi,IN-05-0072,2,avg_rsm_z,avg_ndvi_z,,,,,0.03275700184998022,-0.21647245870312357,,,,,,,,
6,,,avg_rsm_avg_ndvi,IN-05-0073,2,avg_rsm_z,avg_ndvi_z,,,,,-0.3510512143441837,-0.17654346570792878,,,,,,,,
10,,,avg_rsm_avg_ndvi,IN-05-0073,2,avg_rsm_z,avg_ndvi_z,,,,,-0.33974146346899436,-0.12350823867018752,,,,,,,,
6,,,avg_rsm_avg_ndvi,IN-05-0074,2,avg_rsm_z,avg_ndvi_z,,,,,0.37680783125563355,0.15778584405265356,,,,,,,,
10,,,avg_rsm_avg_ndvi,IN-05-0074,2,avg_rsm_z,avg_ndvi_z,,,,,0.4477566080441092,0.38826369411916944,,,,,,,,
6,,,avg_rsm_avg_ndvi,IN-05-0075,2,avg_rsm_z,avg_ndvi_z,,,,,-0.14648157929665803,-0.2911055545634185,,,,,,,,
10,,,avg_rsm_avg_ndvi,IN-05-0075,2,avg_rsm_z,avg_ndvi_z,,,,,-0.25269195368701336,-0.3737974566160351,,,,,,,,
6,,,avg_rsm_avg_ndvi,IN-05-0076,2,avg_rsm_z,avg_ndvi_z,,,,,-0.10675181518664492,-0.031061425189082316,,,,,,,,
10,,,avg_rsm_avg_ndvi,IN-05-0076,2,avg_rsm_z,avg_ndvi_z,,,,,0.048639424594326804,-0.02608520881261315,,,,,,,,
6,,,avg_rsm_avg_ndvi,IN-05-0077,2,avg_rsm_z,avg_ndvi_z,,,,,-0.4549037555940263,-0.355779687919041,,,,,,,,
10,,,avg_rsm_avg_ndvi,IN-05-0077,2,avg_rsm_z,avg_ndvi_z,,,,,-0.49285190134167933,-0.3412214743755721,,,,,,,,
6,,,avg_rsm_avg_ndvi,IN-05-0078,2,avg_rsm_z,avg_ndvi_z,,,,,-0.27905405218981744,-0.1542694668835992,,,,,,,,
10,,,avg_rsm_avg_ndvi,IN-05-0078,2,avg_rsm_z,avg_ndvi_z,,,,,-0.13613810018716646,-0.11992740455409281,,,,,,,,
6,,,avg_rsm_avg_ndvi,IN-05-0079,2,avg_rsm_z,avg_ndvi_z,,,,,-0.04088268340496294,0.18462485495151376,,,,,,,,
10,,,avg_rsm_avg_ndvi,IN-05-0079,2,avg_rsm_z,avg_ndvi_z,,,,,0.0292238447070197,0.4137429372489464,,,,,,,,
6,,,avg_rsm_avg_ndvi,IN-05-1010,2,avg_rsm_z,avg_ndvi_z,,,,,-0.28962042078205413,-0.24402154630120756,,,,,,,,
10,,,avg_rsm_avg_ndvi,IN-05-1010,2,avg_rsm_z,avg_ndvi_z,,,,,-0.39723868711183474,-0.5004861872954777,,,,,,,,
6,,,avg_rsm_avg_ndvi,IN-05-1012,2,avg_rsm_z,avg_ndvi_z,,,,,-0.0024288571320479208,-0.27406001566929283,,,,,,,,
10,,,avg_rsm_avg_ndvi,IN-05-1012,2,avg_rsm_z,avg_ndvi_z,,,,,-0.06682786546425797,-0.37431125250280095,,,,,,,,
6,,,avg_rsm_avg_ndvi,IN-05-1013,2,avg_rsm_z,avg_ndvi_z,,,,,0.2712907553723093,0.20868788920657613,,,,,,,,
10,,,avg_rsm_avg_ndvi,IN-05-1013,2,avg_rsm_z,avg_ndvi_z,,,,,0.2938889596775007,0.3558769171992845,,,,,,,,
6,,,avg_rsm_avg_ndvi,IN-05-1014,2,avg_rsm_z,avg_ndvi_z,,,,,-0.05947083908843218,-0.3255870394958496,,,,,,,,
10,,,avg_rsm_avg_ndvi,IN-05-1014,2,avg_rsm_z,avg_ndvi_z,,,,,-0.28879345968881076,-0.3962551749010138,,,,,,,,
6,,,avg_rsm_avg_ndvi,IN-05-1015,2,avg_rsm_z,avg_ndvi_z,,,,,-0.2882779493331736,-0.23948470741062797,,,,,,,,
10,,,avg_rsm_avg_ndvi,IN-05-1015,2,avg_rsm_z,avg_ndvi_z,,,,,-0.12054272778292927,-0.20485169727733896,,,,,,,,
6,,,avg_rsm_avg_ndvi,IN-06-0007,2,avg_rsm_z,avg_ndvi_z,,,,,-0.32476472726057554,0.15664439676842296,,,,,,,,
10,,,avg_rsm_avg_ndvi,IN-06-0007,2,avg_rsm_z,avg_ndvi_z,,,,,-0.1560000269616813,0.34488941878630974,,,,,,,,
6,,,avg_rsm_avg_ndvi,IN-06-0008,2,avg_rsm_z,avg_ndvi_z,,,,,-0.3886984832703414,0.23889368473042055,,,,,,,,
10,,,avg_rsm_avg_ndvi,IN-06-0008,2,avg_rsm_z,avg_ndvi_z,,,,,-0.29295459825907405,0.1247612405437053,,,,,,,,
6,,,avg_rsm_avg_ndvi,IN-06-0009,2,avg_rsm_z,avg_ndvi_z,,,,,-0.2310276567555359,0.1867392603779086,,,,,,,,
10,,,avg_rsm_avg_ndvi,IN-06-0009,2,avg_rsm_z,avg_ndvi_z,,,,,-0.3524536889854742,0.29516396365610326,,,,,,,,
6,,,avg_rsm_avg_ndvi,IN-06-0010,2,avg_rsm_z,avg_ndvi_z,,,,,-0.10197832836064746,-0.18329518753082855,,,,,,,,
10,,,avg_rsm_avg_ndvi,IN-06-0010,2,avg_rsm_z,avg_ndvi_z,,,,,-0.07554837463477895,-0.35622445079702314,,,,,,,,
6,,,avg_rsm_avg_ndvi,IN-06-0011,2,avg_rsm_z,avg_ndvi_z,,,,,-0.13398008858818394,0.025963431264199487,,,,,,,,
10,,,avg_rsm_avg_ndvi,IN-06-0011,2,avg_rsm_z,avg_ndvi_z,,,,,0.052909845904942875,0.11290972567345885,,,,,,,,
6,,,avg_rsm_avg_ndvi,IN-06-0012,2,avg_rsm_z,avg_ndvi_z,,,,,-0.23319966504200088,-0.10457909203855306,,,,,,,,
10,,,avg_rsm_avg_ndvi,IN-06-0012,2,avg_rsm_z,avg_ndvi_z,,,,,-0.21109515301129514,0.053386789137628565,,,,,,,,
6,,,avg_rsm_avg_ndvi,IN-06-0013,2,avg_rsm_z,avg_ndvi_z,,,,,-0.4806447948772933,-0.13521203435961154,,,,,,,,
10,,,avg_rsm_avg_ndvi,IN-06-0013,2,avg_rsm_z,avg_ndvi_z,,,,,-0.5905830781845036,0.044751003023952914,,,,,,,,
6,,,avg_rsm_avg_ndvi,IN-06-0014,2,avg_rsm_z,avg_ndvi_z,,,,,-0.14498324812685048,-0.44704762425072503,,,,,,,,
10,,,avg_rsm_avg_ndvi,IN-06-0014,2,avg_rsm_z,avg_ndvi_z,,,,,-0.11781483265461004,-0.5048835110520449,,,,,,,,
6,,,avg_rsm_avg_ndvi,IN-06-0015,2,avg_rsm_z,avg_ndvi_z,,,,,0.26932929625611507,-0.21589267566254883,,,,,,,,
10,,,avg_rsm_avg_ndvi,IN-06-0015,2,avg_rsm_z,avg_ndvi_z,,,,,0.009085995614004234,-0.2517835399955491,,,,,,,,
6,,,avg_rsm_avg_ndvi,IN-06-0016,2,avg_rsm_z,avg_ndvi_z,,,,,0.09123138070632664,-0.09061213524084318,,,,,,,,
10,,,avg_rsm_avg_ndvi,IN-06-0016,2,avg_rsm_z,avg_ndvi_z,,,,,-0.21269692531788217,-0.35693831595396763,,,,,,,,
6,,,avg_rsm_avg_ndvi,IN-06-0017,2,avg_rsm_z,avg_ndvi_z,,,,,0.016660215066801994,-0.22946035508315318,,,,,,,,
10,,,avg_rsm_avg_ndvi,IN-06-0017,2,avg_rsm_z,avg_ndvi_z,,,,,-0.2423009009927425,-0.34788801928628404,,,,,,,,
6,,,avg_rsm_avg_ndvi,IN-06-0018,2,avg_rsm_z,avg_ndvi_z,,,,,-0.023925571483391517,-0.4794576812520338,,,,,,,,
10,,,avg_rsm_avg_ndvi,IN-06-0018,2,avg_rsm_z,avg_ndvi_z,,,,,-0.16664507367657103,-0.3804180256025382,,,,,,,,
6,,,avg_rsm_avg_ndvi,IN-06-0019,2,avg_rsm_z,avg_ndvi_z,,,,,-0.10447955040496024,-0.4049286015198055,,,,,,,,
10,,,avg_rsm_avg_ndvi,IN-06-0019,2,avg_rsm_z,avg_ndvi_z,,,,,-0.28236377817538477,-0.1161870528695057,,,,,,,,
6,,,avg_rsm_avg_ndvi,IN-06-0020,2,avg_rsm_z,avg_ndvi_z,,,,,-0.25235185193190496,-0.12300748949861981,,,,,,,,
10,,,avg_rsm_avg_ndvi,IN-06-0020,2,avg_rsm_z,avg_ndvi_z,,,,,-0.383761612316028,-0.3598107920793908,,,,,,,,
6,,,avg_rsm_avg_ndvi,IN-06-0021,2,avg_rsm_z,avg_ndvi_z,,,,,-0.0945371182911593,-0.14992893321372874,,,,,,,,
10,,,avg_rsm_avg_ndvi,IN-06-0021,2,avg_rsm_z,avg_ndvi_z,,,,,-0.12144903648993013,0.027932448561287588,,,,,,,,
6,,,avg_rsm_avg_ndvi,IN-06-0022,2,avg_rsm_z,avg_ndvi_z,,,,,-0.4954356405044155,-0.06537813959554413,,,,,,,,
10,,,avg_rsm_avg_ndvi,IN-06-0022,2,avg_rsm_z,avg_ndvi_z,,,,,-0.7920348991020518,-0.0004615027306978381,,,,,,,,
6,,,avg_rsm_avg_ndvi,IN-06-0023,2,avg_rsm_z,avg_ndvi_z,,,,,-0.4003760365689801,-0.08858095026772153,,,,,,,,
10,,,avg_rsm_avg_ndvi,IN-06-0023,2,avg_rsm_z,avg_ndvi_z,,,,,-0.4432777711663863,-0.1808315480508595,,,,,,,,
6,,,avg_rsm_avg_ndvi,IN-06-0024,2,avg_rsm_z,avg_ndvi_z,,,,,-0.1478449895730723,-0.4633976925558908,,,,,,,,
10,,,avg_rsm_avg_ndvi,IN-06-0024,2,avg_rsm_z,avg_ndvi_z,,,,,-0.02684963259526856,-0.4134605895780107,,,,,,,,
6,,,avg_rsm_avg_ndvi,IN-06-0025,2,avg_rsm_z,avg_ndvi_z,,,,,-0.4139346798864949,-0.34229623632427914,,,,,,,,
10,,,avg_rsm_avg_ndvi,IN-06-0025,2,avg_rsm_z,avg_ndvi_z,,,,,-0.6455996525577085,-0.3832227928294726,,,,,,,,
6,,,avg_rsm_avg_ndvi,IN-06-0026,2,avg_rsm_z,avg_ndvi_z,,,,,-0.4360304792743854,-0.20663956934286992,,,,,,,,
10,,,avg_rsm_avg_ndvi,IN-06-0026,2,avg_rsm_z,avg_ndvi_z,,,,,-0.560723542066089,-0.27903972264275045,,,,,,,,
6,,,avg_rsm_avg_ndvi,IN-06-0027,2,avg_rsm_z,avg_ndvi_z,,,,,-0.3894542717995294,-0.28059264744222956,,,,,,,,
10,,,avg_rsm_avg_ndvi,IN-06-0027,2,avg_rsm_z,avg_ndvi_z,,,,,-0.533847765651397,-0.2580954677102126,,,,,,,,
6,,,avg_rsm_avg_ndvi,IN-06-0028,2,avg_rsm_z,avg_ndvi_z,,,,,-0.19044310129033226,-0.038476071159125526,,,,,,,,
10,,,avg_rsm_avg_ndvi,IN-06-0028,2,avg_rsm_z,avg_ndvi_z,,,,,0.13572534578576279,0.067436588981028,,,,,,,,
6,,,avg_rsm_avg_ndvi,IN-06-0029,2,avg_rsm_z,avg_ndvi_z,,,,,0.49777386999318346,-0.34573808137321965,,,,,,,,
10,,,avg_rsm_avg_ndvi,IN-06-0029,2,avg_rsm_z,avg_ndvi_z,,,,,0.8270910483903162,-0.06833377472749642,,,,,,,,
6,,,avg_rsm_avg_ndvi,IN-06-0030,2,avg_rsm_z,avg_ndvi_z,,,,,0.3460128096800069,-0.15487699569248026,,,,,,,,
10,,,avg_rsm_avg_ndvi,IN-06-0030,2,avg_rsm_z,avg_ndvi_z,,,,,0.6753699404523145,0.22648875991333361,,,,,,,,
6,,,avg_rsm_avg_ndvi,IN-06-0031,2,avg_rsm_z,avg_ndvi_z,,,,,0.5462521887337326,-0.03064830695216344,,,,,,,,
10,,,avg_rsm_avg_ndvi,IN-06-0031,2,avg_rsm_z,avg_ndvi_z,,,,,0.6870106707902435,0.1890671188128177,,,,,,,,
6,,,avg_rsm_avg_ndvi,IN-06-0032,2,avg_rsm_z,avg_ndvi_z,,,,,-0.2818877613788289,-0.29294929368485195,,,,,,,,
10,,,avg_rsm_avg_ndvi,IN-06-0032,2,avg_rsm_z,avg_ndvi_z,,,,,-0.3324755967955032,-0.1204446001681518,,,,,,,,
6,,,avg_rsm_avg_ndvi,IN-06-0033,2,avg_rsm_z,avg_ndvi_z,,,,,0.07088298351904743,-0.30844098707167905,,,,,,,,
10,,,avg_rsm_avg_ndvi,IN-06-0033,2,avg_rsm_z,avg_ndvi_z,,,,,0.08271362909128668,-0.30903174061910843,,,,,,,,
6,,,avg_rsm_avg_ndvi,IN-06-0034,2,avg_rsm_z,avg_ndvi_z,,,,,0.07209327511384041,-0.41883639802973766,,,,,,,,
10,,,avg_rsm_avg_ndvi,IN-06-0034,2,avg_rsm_z,avg_ndvi_z,,,,,0.1505587542359553,-0.2585871611751332,,,,,,,,
6,,,avg_rsm_avg_ndvi,IN-06-0035,2,avg_rsm_z,avg_ndvi_z,,,,,-0.08476283332621759,-0.17263441667038598,,,,,,,,
10,,,avg_rsm_avg_ndvi,IN-06-0035,2,avg_rsm_z,avg_ndvi_z,,,,,-0.20030241797301757,-0.2965642235484322,,,,,,,,
6,,,avg_rsm_avg_ndvi,IN-06-0036,2,avg_rsm_z,avg_ndvi_z,,,,,-0.35391759114424337,-0.28603487656285226,,,,,,,,
10,,,avg_rsm_avg_ndvi,IN-06-0036,2,avg_rsm_z,avg_ndvi_z,,,,,-0.5015934890892901,-0.30094745498948444,,,,,,,,
6,,,avg_rsm_avg_ndvi,IN-06-0037,2,avg_rsm_z,avg_ndvi_z,,,,,-0.12777124442947846,-0.19602888828059722,,,,,,,,
10,,,avg_rsm_avg_ndvi,IN-06-0037,2,avg_rsm_z,avg_ndvi_z,,,,,0.04575439857642063,-0.14151494847690424,,,,,,,,
6,,,avg_rsm_avg_ndvi,IN-06-0038,2,avg_rsm_z,avg_ndvi_z,,,,,-0.37859758033103413,-0.1258608489128109,,,,,,,,
10,,,avg_rsm_avg_ndvi,IN-06-0038,2,avg_rsm_z,avg_ndvi_z,,,,,-0.36203645526801015,0.11530823285672287,,,,,,,,
6,,,avg_rsm_avg_ndvi,IN-06-0039,2,avg_rsm_z,avg_ndvi_z,,,,,-0.4819875784907842,-0.028084362943733544,,,,,,,,
10,,,avg_rsm_avg_ndvi,IN-06-0039,2,avg_rsm_z,avg_ndvi_z,,,,,-0.6340729356810508,0.24548961610510694,,,,,,,,
6,,,avg_rsm_avg_ndvi,IN-06-0040,2,avg_rsm_z,avg_ndvi_z,,,,,-0.2347106859934251,-0.2058133455052234,,,,,,,,
10,,,avg_rsm_avg_ndvi,IN-06-0040,2,avg_rsm_z,avg_ndvi_z,,,,,-0.09454314507668639,-0.18113503910528092,,,,,,,,
6,,,avg_rsm_avg_ndvi,IN-06-0041,2,avg_rsm_z,avg_ndvi_z,,,,,0.06341783564741126,-0.3013762361859674,,,,,,,,
10,,,avg_rsm_avg_ndvi,IN-06-0041,2,avg_rsm_z,avg_ndvi_z,,,,,-0.19945318003346263,-0.4473832447294286,,,,,,,,
6,,,avg_rsm_avg_ndvi,IN-06-0042,2,avg_rsm_z,avg_ndvi_z,,,,,-0.36871475674855636,-0.35697062588165834,,,,,,,,
10,,,avg_rsm_avg_ndvi,IN-06-0042,2,avg_rsm_z,avg_ndvi_z,,,,,-0.5828775289370879,-0.2613900773654839,,,,,,,,
6,,,avg_rsm_avg_ndvi,IN-06-0043,2,avg_rsm_z,avg_ndvi_z,,,,,-0.23658324080920404,0.06831351684811873,,,,,,,,
10,,,avg_rsm_avg_ndvi,IN-06-0043,2,avg_rsm_z,avg_ndvi_z,,,,,0.08823624560113145,0.11436023506533868,,,,,,,,
6,,,avg_rsm_avg_ndvi,IN-06-0502,2,avg_rsm_z,avg_ndvi_z,,,,,-0.21679022714241367,-0.33846588417762985,,,,,,,,
10,,,avg_rsm_avg_ndvi,IN-06-0502,2,avg_rsm_z,avg_ndvi_z,,,,,-0.43581290293887276,-0.26700976127382464,,,,,,,,
6,,,avg_rsm_avg_ndvi,IN-06-1057,2,avg_rsm_z,avg_ndvi_z,,,,,-0.38310916563409986,-0.17582157536419793,,,,,,,,
10,,,avg_rsm_avg_ndvi,IN-06-1057,2,avg_rsm_z,avg_ndvi_z,,,,,-0.5173278207904869,-0.19185732890883073,,,,,,,,
6,,,avg_rsm_avg_ndvi,IN-06-1058,2,avg_rsm_z,avg_ndvi_z,,,,,-0.16799462596495005,-0.15027828994136966,,,,,,,,
10,,,avg_rsm_avg_ndvi,IN-06-1058,2,avg_rsm_z,avg_ndvi_z,,,,,0.04617662962522913,0.13817201085990852,,,,,,,,
6,,,avg_rsm_avg_ndvi,IN-06-1060,2,avg_rsm_z,avg_ndvi_z,,,,,-0.2685192882585077,-0.11106261994639657,,,,,,,,
10,,,avg_rsm_avg_ndvi,IN-06-1060,2,avg_rsm_z,avg_ndvi_z,,,,,-0.30367129350156163,-0.17663079874810955,,,,,,,,
6,,,avg_rsm_avg_ndvi,IN-06-1061,2,avg_rsm_z,avg_ndvi_z,,,,,-0.29350084599139253,-0.44875149045353047,,,,,,,,
10,,,avg_rsm_avg_ndvi,IN-06-1061,2,avg_rsm_z,avg_ndvi_z,,,,,-0.276880433221632,-0.6274510635441699,,,,,,,,
6,,,avg_rsm_avg_ndvi,IN-06-1062,2,avg_rsm_z,avg_ndvi_z,,,,,0.08139085489734235,-0.017335873034764533,,,,,,,,
10,,,avg_rsm_avg_ndvi,IN-06-1062,2,avg_rsm_z,avg_ndvi_z,,,,,0.1701260587289644,0.2726651236289307,,,,,,,,
6,,,avg_rsm_avg_ndvi,IN-06-1063,2,avg_rsm_z,avg_ndvi_z,,,,,-0.20682275335238726,0.16166649970555685,,,,,,,,
10,,,avg_rsm_avg_ndvi,IN-06-1063,2,avg_rsm_z,avg_ndvi_z,,,,,-0.10442995304927968,0.20937409788938238,,,,,,,,
6,,,avg_rsm_avg_ndvi,IN-06-1064,2,avg_rsm_z,avg_ndvi_z,,,,,0.09210504321440133,-0.26255853573657256,,,,,,,,
10,,,avg_rsm_avg_ndvi,IN-06-1064,2,avg_rsm_z,avg_ndvi_z,,,,,0.16131520159579665,-0.04625830847530567,,,,,,,,
6,,,avg_rsm_avg_ndvi,IN-06-1071,2,avg_rsm_z,avg_ndvi_z,,,,,-0.09686938595445013,0.01510204925611111,,,,,,,,
10,,,avg_rsm_avg_ndvi,IN-06-1071,2,avg_rsm_z,avg_ndvi_z,,,,,-0.08828885154474982,0.12549885753067724,,,,,,,,
6,,,avg_rsm_avg_ndvi,IN-06-1081,2,avg_rsm_z,avg_ndvi_z,,,,,-0.44934380125141066,-0.3156432550034539,,,,,,,,
10,,,avg_rsm_avg_ndvi,IN-06-1081,2,avg_rsm_z,avg_ndvi_z,,,,,-0.28676691228261886,-0.21693964824598524,,,,,,,,
6,,,avg_rsm_avg_ndvi,IN-06-1082,2,avg_rsm_z,avg_ndvi_z,,,,,-0.41480554691202337,0.0496495540711817,,,,,,,,
10,,,avg_rsm_avg_ndvi,IN-06-1082,2,avg_rsm_z,avg_ndvi_z,,,,,-0.5253284988439298,0.171947460856278,,,,,,,,
6,,,avg_rsm_avg_ndvi,IN-06-2006,2,avg_rsm_z,avg_ndvi_z,,,,,-0.5356185690619555,-0.43600883511820215,,,,,,,,
6,,,avg_rsm_avg_ndvi,IN-06-2007,2,avg_rsm_z,avg_ndvi_z,,,,,-0.1330495743303778,-0.31452780454115503,,,,,,,,
6,,,avg_rsm_avg_ndvi,IN-07-0096,2,avg_rsm_z,avg_ndvi_z,,,,,0.39551626205679324,0.4306223962876965,,,,,,,,
6,,,avg_rsm_avg_ndvi,IN-07-0099,2,avg_rsm_z,avg_ndvi_z,,,,,0.1824784508005997,0.28169972703093304,,,,,,,,
10,,,avg_rsm_avg_ndvi,IN-07-0099,2,avg_rsm_z,avg_ndvi_z,,,,,0.49840975435045703,0.45486857432547173,,,,,,,,
6,,,avg_rsm_avg_ndvi,IN-07-0100,2,avg_rsm_z,avg_ndvi_z,,,,,-0.28136391720511866,-0.18022092698835382,,,,,,,,
10,,,avg_rsm_avg_ndvi,IN-07-0100,2,avg_rsm_z,avg_ndvi_z,,,,,-0.3910296647869278,-0.08344140823049996,,,,,,,,
6,,,avg_rsm_avg_ndvi,IN-07-0101,2,avg_rsm_z,avg_ndvi_z,,,,,-0.1676351099661141,-0.08083676153581458,,,,,,,,
10,,,avg_rsm_avg_ndvi,IN-07-0101,2,avg_rsm_z,avg_ndvi_z,,,,,-0.39316988710142076,0.0908017884311179,,,,,,,,
6,,,avg_rsm_avg_ndvi,IN-07-0102,2,avg_rsm_z,avg_ndvi_z,,,,,-0.08794031423723989,0.3130620842526963,,,,,,,,
10,,,avg_rsm_avg_ndvi,IN-07-0102,2,avg_rsm_z,avg_ndvi_z,,,,,-0.03835319167241591,0.5342574089226378,,,,,,,,
6,,,avg_rsm_avg_ndvi,IN-07-0103,2,avg_rsm_z,avg_ndvi_z,,,,,-0.07030507754441111,-0.16187372223334087,,,,,,,,
10,,,avg_rsm_avg_ndvi,IN-07-0103,2,avg_rsm_z,avg_ndvi_z,,,,,0.1738608989371379,-0.01207917439363485,,,,,,,,
6,,,avg_rsm_avg_ndvi,IN-07-0104,2,avg_rsm_z,avg_ndvi_z,,,,,-0.23504872068722232,-0.39428658561635255,,,,,,,,
10,,,avg_rsm_avg_ndvi,IN-07-0104,2,avg_rsm_z,avg_ndvi_z,,,,,-0.19377369021681948,-0.34538490119756415,,,,,,,,
6,,,avg_rsm_avg_ndvi,IN-07-0105,2,avg_rsm_z,avg_ndvi_z,,,,,-0.42213244512414494,-0.43716502991912726,,,,,,,,
10,,,avg_rsm_avg_ndvi,IN-07-0105,2,avg_rsm_z,avg_ndvi_z,,,,,-0.38293924145735764,-0.3759664408084284,,,,,,,,
6,,,avg_rsm_avg_ndvi,IN-07-0106,2,avg_rsm_z,avg_ndvi_z,,,,,-0.019600033395749058,-0.27754039694914745,,,,,,,,
10,,,avg_rsm_avg_ndvi,IN-07-0106,2,avg_rsm_z,avg_ndvi_z,,,,,-0.09786410098934036,-0.39392544299303955,,,,,,,,
6,,,avg_rsm_avg_ndvi,IN-07-0107,2,avg_rsm_z,avg_ndvi_z,,,,,-0.4019270059478128,-0.1202180247805225,,,,,,,,
10,,,avg_rsm_avg_ndvi,IN-07-0107,2,avg_rsm_z,avg_ndvi_z,,,,,-0.5925219655784325,-0.039556395402829556,,,,,,,,
6,,,avg_rsm_avg_ndvi,IN-07-0108,2,avg_rsm_z,avg_ndvi_z,,,,,-0.4574465058476408,-0.046358779356940556,,,,,,,,
10,,,avg_rsm_avg_ndvi,IN-07-0108,2,avg_rsm_z,avg_ndvi_z,,,,,-0.41075665264472727,0.012809047589026568,,,,,,,,
6,,,avg_rsm_avg_ndvi,IN-07-0109,2,avg_rsm_z,avg_ndvi_z,,,,,0.03109730346870726,-0.33363536670796473,,,,,,,,
10,,,avg_rsm_avg_ndvi,IN-07-0109,2,avg_rsm_z,avg_ndvi_z,,,,,0.15315682350124135,-0.2284870652727145,,,,,,,,
6,,,avg_rsm_avg_ndvi,IN-07-0110,2,avg_rsm_z,avg_ndvi_z,,,,,-0.37803957185547893,-0.3126696597276111,,,,,,,,
10,,,avg_rsm_avg_ndvi,IN-07-0110,2,avg_rsm_z,avg_ndvi_z,,,,,-0.2889959992971395,-0.32797315444248964,,,,,,,,
6,,,avg_rsm_avg_ndvi,IN-07-0111,2,avg_rsm_z,avg_ndvi_z,,,,,-0.34979707051110687,-0.4026103646958398,,,,,,,,
10,,,avg_rsm_avg_ndvi,IN-07-0111,2,avg_rsm_z,avg_ndvi_z,,,,,-0.4491645414990195,-0.42411896161898116,,,,,,,,
6,,,avg_rsm_avg_ndvi,IN-07-0112,2,avg_rsm_z,avg_ndvi_z,,,,,-0.11338711049532743,-0.3429888505629152,,,,,,,,
10,,,avg_rsm_avg_ndvi,IN-07-0112,2,avg_rsm_z,avg_ndvi_z,,,,,-0.2327419103063606,-0.14046308593215573,,,,,,,,
6,,,avg_rsm_avg_ndvi,IN-07-0113,2,avg_rsm_z,avg_ndvi_z,,,,,-0.2104518490442442,0.1360715204322737,,,,,,,,
10,,,avg_rsm_avg_ndvi,IN-07-0113,2,avg_rsm_z,avg_ndvi_z,,,,,-0.24665536485180223,0.6315254059084999,,,,,,,,
6,,,avg_rsm_avg_ndvi,IN-07-0114,2,avg_rsm_z,avg_ndvi_z,,,,,-0.4130269379629202,0.009785149581616973,,,,,,,,
10,,,avg_rsm_avg_ndvi,IN-07-0114,2,avg_rsm_z,avg_ndvi_z,,,,,-0.39852259423491826,0.2615603036383016,,,,,,,,
6,,,avg_rsm_avg_ndvi,IN-07-0115,2,avg_rsm_z,avg_ndvi_z,,,,,-0.29159160320895827,-0.13490808701690893,,,,,,,,
10,,,avg_rsm_avg_ndvi,IN-07-0115,2,avg_rsm_z,avg_ndvi_z,,,,,-0.3648597911707495,0.18296740532305084,,,,,,,,
6,,,avg_rsm_avg_ndvi,IN-07-0116,2,avg_rsm_z,avg_ndvi_z,,,,,-0.36329877051976656,0.10251803059411842,,,,,,,,
10,,,avg_rsm_avg_ndvi,IN-07-0116,2,avg_rsm_z,avg_ndvi_z,,,,,-0.5254353686168665,0.23191931596923165,,,,,,,,
6,,,avg_rsm_avg_ndvi,IN-07-0117,2,avg_rsm_z,avg_ndvi_z,,,,,-0.5040024213972907,0.036675415760466304,,,,,,,,
10,,,avg_rsm_avg_ndvi,IN-07-0117,2,avg_rsm_z,avg_ndvi_z,,,,,-0.7974307057339036,0.06106723571892232,,,,,,,,
6,,,avg_rsm_avg_ndvi,IN-07-0118,2,avg_rsm_z,avg_ndvi_z,,,,,-0.25739923812395615,-0.12582311279124972,,,,,,,,
10,,,avg_rsm_avg_ndvi,IN-07-0118,2,avg_rsm_z,avg_ndvi_z,,,,,-0.4633334690581452,-0.20573070838383684,,,,,,,,
6,,,avg_rsm_avg_ndvi,IN-07-0119,2,avg_rsm_z,avg_ndvi_z,,,,,0.03681222782583714,-0.005638082778137326,,,,,,,,
10,,,avg_rsm_avg_ndvi,IN-07-0119,2,avg_rsm_z,avg_ndvi_z,,,,,0.16844299696047793,-0.07075019601435942,,,,,,,,
6,,,avg_rsm_avg_ndvi,IN-07-0120,2,avg_rsm_z,avg_ndvi_z,,,,,-0.29999571813091735,0.09584244843767549,,,,,,,,
10,,,avg_rsm_avg_ndvi,IN-07-0120,2,avg_rsm_z,avg_ndvi_z,,,,,-0.3847891197808367,0.1370077182296539,,,,,,,,
6,,,avg_rsm_avg_ndvi,IN-07-0514,2,avg_rsm_z,avg_ndvi_z,,,,,-0.3887032885734434,-0.0565318158459344,,,,,,,,
10,,,avg_rsm_avg_ndvi,IN-07-0514,2,avg_rsm_z,avg_ndvi_z,,,,,-0.4251125774848227,0.05936745782457693,,,,,,,,
6,,,avg_rsm_avg_ndvi,IN-07-0515,2,avg_rsm_z,avg_ndvi_z,,,,,-0.385297672945909,-0.1809790673618687,,,,,,,,
10,,,avg_rsm_avg_ndvi,IN-07-0515,2,avg_rsm_z,avg_ndvi_z,,,,,-0.4474032115923704,-0.15124744375797383,,,,,,,,
6,,,avg_rsm_avg_ndvi,IN-07-0516,2,avg_rsm_z,avg_ndvi_z,,,,,-0.13145881950092295,-0.11251428027713847,,,,,,,,
10,,,avg_rsm_avg_ndvi,IN-07-0516,2,avg_rsm_z,avg_ndvi_z,,,,,-0.16329878560619487,-0.11904578241634525,,,,,,,,
6,,,avg_rsm_avg_ndvi,IN-07-1072,2,avg_rsm_z,avg_ndvi_z,,,,,-0.07814103393812502,-0.46986065678200994,,,,,,,,
10,,,avg_rsm_avg_ndvi,IN-07-1072,2,avg_rsm_z,avg_ndvi_z,,,,,0.0299917926066803,-0.5180429899146166,,,,,,,,
6,,,avg_rsm_avg_ndvi,IN-07-1073,2,avg_rsm_z,avg_ndvi_z,,,,,-0.22101120278514666,-0.18514770051915702,,,,,,,,
10,,,avg_rsm_avg_ndvi,IN-07-1073,2,avg_rsm_z,avg_ndvi_z,,,,,-0.4242792308920995,-0.43891051039638623,,,,,,,,
6,,,avg_rsm_avg_ndvi,IN-07-1074,2,avg_rsm_z,avg_ndvi_z,,,,,-0.46824193903305505,0.02591248351195859,,,,,,,,
10,,,avg_rsm_avg_ndvi,IN-07-1074,2,avg_rsm_z,avg_ndvi_z,,,,,-0.2849475539602733,0.35897190362509795,,,,,,,,
6,,,avg_rsm_avg_ndvi,IN-07-1075,2,avg_rsm_z,avg_ndvi_z,,,,,-0.46141723145509916,0.047121740939068665,,,,,,,,
10,,,avg_rsm_avg_ndvi,IN-07-1075,2,avg_rsm_z,avg_ndvi_z,,,,,-0.37546428824557554,0.07452088528604035,,,,,,,,
6,,,avg_rsm_avg_ndvi,IN-08-0701,2,avg_rsm_z,avg_ndvi_z,,,,,0.33899116139047286,-0.11690746702793506,,,,,,,,
10,,,avg_rsm_avg_ndvi,IN-08-0701,2,avg_rsm_z,avg_ndvi_z,,,,,0.40570234572328684,-0.19635120304811382,,,,,,,,
6,,,avg_rsm_avg_ndvi,IN-08-0702,2,avg_rsm_z,avg_ndvi_z,,,,,-0.2661370168856494,-0.21097771468187645,,,,,,,,
10,,,avg_rsm_avg_ndvi,IN-08-0702,2,avg_rsm_z,avg_ndvi_z,,,,,-0.3319889527731134,-0.23906699919120866,,,,,,,,
6,,,avg_rsm_avg_ndvi,IN-08-0703,2,avg_rsm_z,avg_ndvi_z,,,,,0.26211882672908576,-0.06383699034035688,,,,,,,,
10,,,avg_rsm_avg_ndvi,IN-08-0703,2,avg_rsm_z,avg_ndvi_z,,,,,0.035562465065902896,0.12607220099263539,,,,,,,,
6,,,avg_rsm_avg_ndvi,IN-08-0704,2,avg_rsm_z,avg_ndvi_z,,,,,0.1324961877529287,-0.45835926113933506,,,,,,,,
10,,,avg_rsm_avg_ndvi,IN-08-0704,2,avg_rsm_z,avg_ndvi_z,,,,,0.35236693540861264,-0.6973571104897306,,,,,,,,
6,,,avg_rsm_avg_ndvi,IN-08-0705,2,avg_rsm_z,avg_ndvi_z,,,,,-0.072011781825383,-0.2089423129904123,,,,,,,,
10,,,avg_rsm_avg_ndvi,IN-08-0705,2,avg_rsm_z,avg_ndvi_z,,,,,-0.3706478396533678,0.19105332535917824,,,,,,,,
6,,,avg_rsm_avg_ndvi,IN-08-0706,2,avg_rsm_z,avg_ndvi_z,,,,,-0.14450464624795797,-0.25018377467335345,,,,,,,,
10,,,avg_rsm_avg_ndvi,IN-08-0706,2,avg_rsm_z,avg_ndvi_z,,,,,-0.1556483799803492,-0.19161229220725667,,,,,,,,
6,,,avg_rsm_avg_ndvi,IN-08-0707,2,avg_rsm_z,avg_ndvi_z,,,,,0.30596927648108735,-0.4619849249924659,,,,,,,,
10,,,avg_rsm_avg_ndvi,IN-08-0707,2,avg_rsm_z,avg_ndvi_z,,,,,0.31106497074149897,-0.7864082058258977,,,,,,,,
6,,,avg_rsm_avg_ndvi,IN-08-0708,2,avg_rsm_z,avg_ndvi_z,,,,,-0.2975967826862568,-0.20102433723143984,,,,,,,,
10,,,avg_rsm_avg_ndvi,IN-08-0708,2,avg_rsm_z,avg_ndvi_z,,,,,-0.4005156260181425,-0.4309268187961015,,,,,,,,
6,,,avg_rsm_avg_ndvi,IN-08-0709,2,avg_rsm_z,avg_ndvi_z,,,,,0.2663863142546471,-0.08850391006195756,,,,,,,,
10,,,avg_rsm_avg_ndvi,IN-08-0709,2,avg_rsm_z,avg_ndvi_z,,,,,0.24990101187263183,-0.2612100714756339,,,,,,,,
6,,,avg_rsm_avg_ndvi,IN-08-0710,2,avg_rsm_z,avg_ndvi_z,,,,,-0.28326997144504407,-0.29944615096513827,,,,,,,,
10,,,avg_rsm_avg_ndvi,IN-08-0710,2,avg_rsm_z,avg_ndvi_z,,,,,-0.46964681390240237,-0.12629804758130464,,,,,,,,
6,,,avg_rsm_avg_ndvi,IN-08-0711,2,avg_rsm_z,avg_ndvi_z,,,,,-0.23515966361150578,-0.3173998767066776,,,,,,,,
10,,,avg_rsm_avg_ndvi,IN-08-0711,2,avg_rsm_z,avg_ndvi_z,,,,,-0.25487661347944446,-0.18212634001177652,,,,,,,,
6,,,avg_rsm_avg_ndvi,IN-08-0712,2,avg_rsm_z,avg_ndvi_z,,,,,-0.5151467603820554,-0.061964062495286146,,,,,,,,
10,,,avg_rsm_avg_ndvi,IN-08-0712,2,avg_rsm_z,avg_ndvi_z,,,,,-0.5279299234568845,0.1899275864781959,,,,,,,,
6,,,avg_rsm_avg_ndvi,IN-08-0713,2,avg_rsm_z,avg_ndvi_z,,,,,-0.34627277682977725,-0.11536693053420208,,,,,,,,
10,,,avg_rsm_avg_ndvi,IN-08-0713,2,avg_rsm_z,avg_ndvi_z,,,,,-0.3646072542107104,0.18759513483736837,,,,,,,,
6,,,avg_rsm_avg_ndvi,IN-08-0714,2,avg_rsm_z,avg_ndvi_z,,,,,0.09235193394495997,-0.20610935811137274,,,,,,,,
10,,,avg_rsm_avg_ndvi,IN-08-0714,2,avg_rsm_z,avg_ndvi_z,,,,,0.19562437995863607,-0.3956324281882485,,,,,,,,
6,,,avg_rsm_avg_ndvi,IN-08-0716,2,avg_rsm_z,avg_ndvi_z,,,,,-0.08257059231389838,-0.06906829714312297,,,,,,,,
10,,,avg_rsm_avg_ndvi,IN-08-0716,2,avg_rsm_z,avg_ndvi_z,,,,,-0.172126553863666,-0.43189840998851015,,,,,,,,
6,,,avg_rsm_avg_ndvi,IN-08-0717,2,avg_rsm_z,avg_ndvi_z,,,,,0.27156093282304566,-0.0033003358528835513,,,,,,,,
10,,,avg_rsm_avg_ndvi,IN-08-0717,2,avg_rsm_z,avg_ndvi_z,,,,,0.409437558593959,0.3344529351500959,,,,,,,,
6,,,avg_rsm_avg_ndvi,IN-08-0718,2,avg_rsm_z,avg_ndvi_z,,,,,-0.15648878538132766,-0.35421324371694185,,,,,,,,
10,,,avg_rsm_avg_ndvi,IN-08-0718,2,avg_rsm_z,avg_ndvi_z,,,,,0.006238194580782147,-0.6942385909679278,,,,,,,,
6,,,avg_rsm_avg_ndvi,IN-08-0719,2,avg_rsm_z,avg_ndvi_z,,,,,-0.2902737514427345,-0.1663060437395523,,,,,,,,
10,,,avg_rsm_avg_ndvi,IN-08-0719,2,avg_rsm_z,avg_ndvi_z,,,,,-0.04217658482607268,-0.32897007774398523,,,,,,,,
6,,,avg_rsm_avg_ndvi,IN-08-0721,2,avg_rsm_z,avg_ndvi_z,,,,,-0.22454134703252535,-0.25394755167111205,,,,,,,,
10,,,avg_rsm_avg_ndvi,IN-08-0721,2,avg_rsm_z,avg_ndvi_z,,,,,-0.1588241664837695,-0.12231792030774549,,,,,,,,
6,,,avg_rsm_avg_ndvi,IN-08-0722,2,avg_rsm_z,avg_ndvi_z,,,,,0.1915824016210263,-0.10834863503266541,,,,,,,,
10,,,avg_rsm_avg_ndvi,IN-08-0722,2,avg_rsm_z,avg_ndvi_z,,,,,-0.05230071646638644,-0.16478824976448142,,,,,,,,
6,,,avg_rsm_avg_ndvi,IN-08-0723,2,avg_rsm_z,avg_ndvi_z,,,,,-0.2848972697411993,-0.17022388920314183,,,,,,,,
10,,,avg_rsm_avg_ndvi,IN-08-0723,2,avg_rsm_z,avg_ndvi_z,,,,,0.02465241022170209,-0.15128873993110947,,,,,,,,
6,,,avg_rsm_avg_ndvi,IN-08-0724,2,avg_rsm_z,avg_ndvi_z,,,,,-0.047155374004052,-0.1980111477239129,,,,,,,,
10,,,avg_rsm_avg_ndvi,IN-08-0724,2,avg_rsm_z,avg_ndvi_z,,,,,0.003462736156496317,-0.5518916107505821,,,,,,,,
6,,,avg_rsm_avg_ndvi,IN-08-0725,2,avg_rsm_z,avg_ndvi_z,,,,,0.08539125750036279,0.3994157374726422,,,,,,,,
6,,,avg_rsm_avg_ndvi,IN-08-0726,2,avg_rsm_z,avg_ndvi_z,,,,,-0.34215141069783195,-0.18430816302341818,,,,,,,,
10,,,avg_rsm_avg_ndvi,IN-08-0726,2,avg_rsm_z,avg_ndvi_z,,,,,-0.5182228033627553,0.01918784747357053,,,,,,,,
6,,,avg_rsm_avg_ndvi,IN-08-0728,2,avg_rsm_z,avg_ndvi_z,,,,,-0.3713745321316676,-0.33553768933866474,,,,,,,,
10,,,avg_rsm_avg_ndvi,IN-08-0728,2,avg_rsm_z,avg_ndvi_z,,,,,-0.4233677873082119,-0.30963851365280565,,,,,,,,
6,,,avg_rsm_avg_ndvi,IN-08-0729,2,avg_rsm_z,avg_ndvi_z,,,,,-0.19337350193775465,-0.248058867511247,,,,,,,,
10,,,avg_rsm_avg_ndvi,IN-08-0729,2,avg_rsm_z,avg_ndvi_z,,,,,0.06902460068122354,-0.4303135110749027,,,,,,,,
6,,,avg_rsm_avg_ndvi,IN-08-0730,2,avg_rsm_z,avg_ndvi_z,,,,,-0.16681561272945875,-0.38869355689751073,,,,,,,,
10,,,avg_rsm_avg_ndvi,IN-08-0730,2,avg_rsm_z,avg_ndvi_z,,,,,-0.08319257353112348,-0.5148480826997492,,,,,,,,
6,,,avg_rsm_avg_ndvi,IN-08-0731,2,avg_rsm_z,avg_ndvi_z,,,,,-0.1454011884459508,-0.20942052514000303,,,,,,,,
10,,,avg_rsm_avg_ndvi,IN-08-0731,2,avg_rsm_z,avg_ndvi_z,,,,,-0.010116653578799886,0.029726859606123424,,,,,,,,
6,,,avg_rsm_avg_ndvi,IN-08-0732,2,avg_rsm_z,avg_ndvi_z,,,,,-0.3740785843216502,-0.17746908350223983,,,,,,,,
10,,,avg_rsm_avg_ndvi,IN-08-0732,2,avg_rsm_z,avg_ndvi_z,,,,,-0.34613262108637444,-0.2224524500076684,,,,,,,,
6,,,avg_rsm_avg_ndvi,IN-09-0165,2,avg_rsm_z,avg_ndvi_z,,,,,-0.1553061462491182,-0.3596491545817967,,,,,,,,
10,,,avg_rsm_avg_ndvi,IN-09-0165,2,avg_rsm_z,avg_ndvi_z,,,,,-0.445028221797508,-0.7434871792351732,,,,,,,,
6,,,avg_rsm_avg_ndvi,IN-09-0166,2,avg_rsm_z,avg_ndvi_z,,,,,-0.1866139402547387,-0.07762469516941764,,,,,,,,
10,,,avg_rsm_avg_ndvi,IN-09-0166,2,avg_rsm_z,avg_ndvi_z,,,,,-0.46973123247977505,-0.11787227633406072,,,,,,,,
6,,,avg_rsm_avg_ndvi,IN-09-0167,2,avg_rsm_z,avg_ndvi_z,,,,,-0.29208397111993567,-0.26575790854438114,,,,,,,,
10,,,avg_rsm_avg_ndvi,IN-09-0167,2,avg_rsm_z,avg_ndvi_z,,,,,-0.6404458089333882,-0.55141075974202,,,,,,,,
6,,,avg_rsm_avg_ndvi,IN-09-0168,2,avg_rsm_z,avg_ndvi_z,,,,,-0.046218891428547064,-0.011513216088370526,,,,,,,,
10,,,avg_rsm_avg_ndvi,IN-09-0168,2,avg_rsm_z,avg_ndvi_z,,,,,-0.4598899613587376,-0.3656387048755444,,,,,,,,
6,,,avg_rsm_avg_ndvi,IN-09-0169,2,avg_rsm_z,avg_ndvi_z,,,,,0.2168777868694746,0.17264354500310763,,,,,,,,
10,,,avg_rsm_avg_ndvi,IN-09-0169,2,avg_rsm_z,avg_ndvi_z,,,,,-0.17440507542879127,0.0982525484562191,,,,,,,,
6,,,avg_rsm_avg_ndvi,IN-09-0170,2,avg_rsm_z,avg_ndvi_z,,,,,0.4649127948065468,0.4296121095334177,,,,,,,,
10,,,avg_rsm_avg_ndvi,IN-09-0170,2,avg_rsm_z,avg_ndvi_z,,,,,0.4333706931768643,0.47200402584919116,,,,,,,,
6,,,avg_rsm_avg_ndvi,IN-09-0171,2,avg_rsm_z,avg_ndvi_z,,,,,0.07684810312247328,0.3772240587388495,,,,,,,,
10,,,avg_rsm_avg_ndvi,IN-09-0171,2,avg_rsm_z,avg_ndvi_z,,,,,-0.16176987012306487,0.3095058350970291,,,,,,,,
6,,,avg_rsm_avg_ndvi,IN-09-0172,2,avg_rsm_z,avg_ndvi_z,,,,,0.2655971043900062,0.42442101524729414,,,,,,,,
10,,,avg_rsm_avg_ndvi,IN-09-0172,2,avg_rsm_z,avg_ndvi_z,,,,,0.09097758181739901,0.17401736459476988,,,,,,,,
6,,,avg_rsm_avg_ndvi,IN-09-0173,2,avg_rsm_z,avg_ndvi_z,,,,,0.14661642335251662,0.41971381454735307,,,,,,,,
10,,,avg_rsm_avg_ndvi,IN-09-0173,2,avg_rsm_z,avg_ndvi_z,,,,,0.08612440633509301,0.5294897015481841,,,,,,,,
6,,,avg_rsm_avg_ndvi,IN-09-0174,2,avg_rsm_z,avg_ndvi_z,,,,,0.4880022095883415,0.4386402582607472,,,,,,,,
10,,,avg_rsm_avg_ndvi,IN-09-0174,2,avg_rsm_z,avg_ndvi_z,,,,,0.6069657729353859,0.7347782518821339,,,,,,,,
6,,,avg_rsm_avg_ndvi,IN-09-0175,2,avg_rsm_z,avg_ndvi_z,,,,,0.20561780971104632,0.43788197103964627,,,,,,,,
10,,,avg_rsm_avg_ndvi,IN-09-0175,2,avg_rsm_z,avg_ndvi_z,,,,,0.3464002811226444,0.5158016087113326,,,,,,,,
6,,,avg_rsm_avg_ndvi,IN-09-0176,2,avg_rsm_z,avg_ndvi_z,,,,,0.16071596075738728,0.3460069884946543,,,,,,,,
10,,,avg_rsm_avg_ndvi,IN-09-0176,2,avg_rsm_z,avg_ndvi_z,,,,,0.25091023837589665,0.22516104118951913,,,,,,,,
6,,,avg_rsm_avg_ndvi,IN-09-0545,2,avg_rsm_z,avg_ndvi_z,,,,,0.30312881087891963,0.46639884412378746,,,,,,,,
10,,,avg_rsm_avg_ndvi,IN-09-0545,2,avg_rsm_z,avg_ndvi_z,,,,,0.42822758276963696,0.6086449723661504,,,,,,,,
6,,,avg_rsm_avg_ndvi,IN-09-0546,2,avg_rsm_z,avg_ndvi_z,,,,,0.015604928894996034,0.1626795516914354,,,,,,,,
10,,,avg_rsm_avg_ndvi,IN-09-0546,2,avg_rsm_z,avg_ndvi_z,,,,,-0.14837384094371364,0.04208111639801228,,,,,,,,
6,,,avg_rsm_avg_ndvi,IN-09-1017,2,avg_rsm_z,avg_ndvi_z,,,,,0.3791500692329156,0.25083776874291963,,,,,,,,
10,,,avg_rsm_avg_ndvi,IN-09-1017,2,avg_rsm_z,avg_ndvi_z,,,,,0.1299226014469245,0.2890701069922477,,,,,,,,
6,,,avg_rsm_avg_ndvi,IN-09-1018,2,avg_rsm_z,avg_ndvi_z,,,,,0.35594758916976604,0.2638130612151116,,,,,,,,
10,,,avg_rsm_avg_ndvi,IN-09-1018,2,avg_rsm_z,avg_ndvi_z,,,,,0.5020637865665198,0.37102390074883007,,,,,,,,
6,,,avg_rsm_avg_ndvi,IN-09-1019,2,avg_rsm_z,avg_ndvi_z,,,,,0.1591631777976786,0.3938500997514397,,,,,,,,
10,,,avg_rsm_avg_ndvi,IN-09-1019,2,avg_rsm_z,avg_ndvi_z,,,,,0.025250628664049944,0.3592928670331404,,,,,,,,
6,,,avg_rsm_avg_ndvi,IN-09-2009,2,avg_rsm_z,avg_ndvi_z,,,,,-0.33664053699540564,-0.18752926919009366,,,,,,,,
10,,,avg_rsm_avg_ndvi,IN-09-2009,2,avg_rsm_z,avg_ndvi_z,,,,,-0.23186231434801452,-0.5612468456489836,,,,,,,,
6,,,avg_rsm_avg_ndvi,IN-09-2010,2,avg_rsm_z,avg_ndvi_z,,,,,-0.45740291469141503,0.004515125383278001,,,,,,,,
10,,,avg_rsm_avg_ndvi,IN-09-2010,2,avg_rsm_z,avg_ndvi_z,,,,,-0.4520340717949419,-0.1551863006747248,,,,,,,,
6,,,avg_rsm_avg_ndvi,IN-09-2011,2,avg_rsm_z,avg_ndvi_z,,,,,0.35275793873609923,0.5353559872291116,,,,,,,,
10,,,avg_rsm_avg_ndvi,IN-09-2011,2,avg_rsm_z,avg_ndvi_z,,,,,0.5276079136930445,0.6110423304435318,,,,,,,,
6,,,avg_rsm_avg_ndvi,IN-10-0139,2,avg_rsm_z,avg_ndvi_z,,,,,-0.47793955935341537,-0.6545800188535849,,,,,,,,
10,,,avg_rsm_avg_ndvi,IN-10-0139,2,avg_rsm_z,avg_ndvi_z,,,,,-0.5880738889216164,-0.7096470296598337,,,,,,,,
6,,,avg_rsm_avg_ndvi,IN-10-0140,2,avg_rsm_z,avg_ndvi_z,,,,,-0.13030360355981985,-0.03462735308497262,,,,,,,,
10,,,avg_rsm_avg_ndvi,IN-10-0140,2,avg_rsm_z,avg_ndvi_z,,,,,-0.012394621463764518,0.058840879452725516,,,,,,,,
6,,,avg_rsm_avg_ndvi,IN-10-0141,2,avg_rsm_z,avg_ndvi_z,,,,,-0.05653438678439071,-0.10537904285332703,,,,,,,,
10,,,avg_rsm_avg_ndvi,IN-10-0141,2,avg_rsm_z,avg_ndvi_z,,,,,-0.08087505930222647,0.07881508277009833,,,,,,,,
6,,,avg_rsm_avg_ndvi,IN-10-0142,2,avg_rsm_z,avg_ndvi_z,,,,,-0.04033227128194945,-0.08184420879415942,,,,,,,,
10,,,avg_rsm_avg_ndvi,IN-10-0142,2,avg_rsm_z,avg_ndvi_z,,,,,-0.1676718412615635,-0.15229117995064237,,,,,,,,
6,,,avg_rsm_avg_ndvi,IN-10-0143,2,avg_rsm_z,avg_ndvi_z,,,,,-0.1764635420272383,-0.025597741530368888,,,,,,,,
10,,,avg_rsm_avg_ndvi,IN-10-0143,2,avg_rsm_z,avg_ndvi_z,,,,,0.062330553248041196,0.17887812017340113,,,,,,,,
6,,,avg_rsm_avg_ndvi,IN-10-0144,2,avg_rsm_z,avg_ndvi_z,,,,,-0.17752320576111214,-0.43798933515677696,,,,,,,,
10,,,avg_rsm_avg_ndvi,IN-10-0144,2,avg_rsm_z,avg_ndvi_z,,,,,-0.0015232285420932496,-0.38928146827082744,,,,,,,,
6,,,avg_rsm_avg_ndvi,IN-10-0145,2,avg_rsm_z,avg_ndvi_z,,,,,0.7897573549924861,0.5959469991838131,,,,,,,,
10,,,avg_rsm_avg_ndvi,IN-10-0145,2,avg_rsm_z,avg_ndvi_z,,,,,0.8627612646549606,0.7104540965517353,,,,,,,,
6,,,avg_rsm_avg_ndvi,IN-10-0146,2,avg_rsm_z,avg_ndvi_z,,,,,-0.51811588835398,-0.5087515851084212,,,,,,,,
10,,,avg_rsm_avg_ndvi,IN-10-0146,2,avg_rsm_z,avg_ndvi_z,,,,,-0.38171710042196916,-0.526051713619907,,,,,,,,
6,,,avg_rsm_avg_ndvi,IN-10-0147,2,avg_rsm_z,avg_ndvi_z,,,,,0.3680782102165249,0.08438283966400832,,,,,,,,
10,,,avg_rsm_avg_ndvi,IN-10-0147,2,avg_rsm_z,avg_ndvi_z,,,,,0.5518916004742326,0.22581293557185805,,,,,,,,
6,,,avg_rsm_avg_ndvi,IN-10-0148,2,avg_rsm_z,avg_ndvi_z,,,,,0.6471408228285046,0.6789183365053201,,,,,,,,
10,,,avg_rsm_avg_ndvi,IN-10-0148,2,avg_rsm_z,avg_ndvi_z,,,,,0.8313547619517123,0.7508942217682476,,,,,,,,
6,,,avg_rsm_avg_ndvi,IN-10-0149,2,avg_rsm_z,avg_ndvi_z,,,,,0.19498851569372005,0.16485025643375179,,,,,,,,
10,,,avg_rsm_avg_ndvi,IN-10-0149,2,avg_rsm_z,avg_ndvi_z,,,,,0.094750790039744,0.1283683924787761,,,,,,,,
6,,,avg_rsm_avg_ndvi,IN-10-0150,2,avg_rsm_z,avg_ndvi_z,,,,,0.5121938015998314,0.46875989191627304,,,,,,,,
10,,,avg_rsm_avg_ndvi,IN-10-0150,2,avg_rsm_z,avg_ndvi_z,,,,,0.4802574068832297,0.5636310691711157,,,,,,,,
6,,,avg_rsm_avg_ndvi,IN-10-0151,2,avg_rsm_z,avg_ndvi_z,,,,,-0.4239119179027712,0.03507303736164861,,,,,,,,
10,,,avg_rsm_avg_ndvi,IN-10-0151,2,avg_rsm_z,avg_ndvi_z,,,,,-0.39777658561078627,0.1975529998994178,,,,,,,,
6,,,avg_rsm_avg_ndvi,IN-10-0152,2,avg_rsm_z,avg_ndvi_z,,,,,-0.13661044479482803,-0.4323706569026339,,,,,,,,
10,,,avg_rsm_avg_ndvi,IN-10-0152,2,avg_rsm_z,avg_ndvi_z,,,,,-0.3270578560000113,-0.5048295538284177,,,,,,,,
6,,,avg_rsm_avg_ndvi,IN-10-0153,2,avg_rsm_z,avg_ndvi_z,,,,,0.21211199289071975,0.1407338862087122,,,,,,,,
10,,,avg_rsm_avg_ndvi,IN-10-0153,2,avg_rsm_z,avg_ndvi_z,,,,,0.2257846706448668,0.21805721722211455,,,,,,,,
6,,,avg_rsm_avg_ndvi,IN-10-0154,2,avg_rsm_z,avg_ndvi_z,,,,,0.42558907518402406,-0.35129371588086583,,,,,,,,
10,,,avg_rsm_avg_ndvi,IN-10-0154,2,avg_rsm_z,avg_ndvi_z,,,,,0.5911623779133734,-0.3089511274883835,,,,,,,,
6,,,avg_rsm_avg_ndvi,IN-10-0155,2,avg_rsm_z,avg_ndvi_z,,,,,0.18676172264522628,0.4573314834596605,,,,,,,,
10,,,avg_rsm_avg_ndvi,IN-10-0155,2,avg_rsm_z,avg_ndvi_z,,,,,0.49955035944575654,0.7096423108216517,,,,,,,,
6,,,avg_rsm_avg_ndvi,IN-10-0156,2,avg_rsm_z,avg_ndvi_z,,,,,0.2534070833815949,0.19296117964428788,,,,,,,,
10,,,avg_rsm_avg_ndvi,IN-10-0156,2,avg_rsm_z,avg_ndvi_z,,,,,0.20621523862172048,0.28666924982897024,,,,,,,,
6,,,avg_rsm_avg_ndvi,IN-10-0157,2,avg_rsm_z,avg_ndvi_z,,,,,0.05322262503807097,-0.2320041988741039,,,,,,,,
10,,,avg_rsm_avg_ndvi,IN-10-0157,2,avg_rsm_z,avg_ndvi_z,,,,,0.0821511350078971,-0.40533983389986084,,,,,,,,
6,,,avg_rsm_avg_ndvi,IN-10-0158,2,avg_rsm_z,avg_ndvi_z,,,,,-0.05555253199402006,0.33878399878625937,,,,,,,,
10,,,avg_rsm_avg_ndvi,IN-10-0158,2,avg_rsm_z,avg_ndvi_z,,,,,0.004888942971622528,0.44352467428135717,,,,,,,,
6,,,avg_rsm_avg_ndvi,IN-10-0159,2,avg_rsm_z,avg_ndvi_z,,,,,0.3768460463639734,0.4068959602306238,,,,,,,,
10,,,avg_rsm_avg_ndvi,IN-10-0159,2,avg_rsm_z,avg_ndvi_z,,,,,0.4033682149732657,0.3408651757725255,,,,,,,,
6,,,avg_rsm_avg_ndvi,IN-10-0160,2,avg_rsm_z,avg_ndvi_z,,,,,-0.4288450764195885,-0.13576643174721809,,,,,,,,
10,,,avg_rsm_avg_ndvi,IN-10-0160,2,avg_rsm_z,avg_ndvi_z,,,,,-0.17915939632362454,-0.10346994987134547,,,,,,,,
6,,,avg_rsm_avg_ndvi,IN-10-0161,2,avg_rsm_z,avg_ndvi_z,,,,,0.06995990819399003,0.4656120276065412,,,,,,,,
10,,,avg_rsm_avg_ndvi,IN-10-0161,2,avg_rsm_z,avg_ndvi_z,,,,,0.3411143593807292,0.6565092696470612,,,,,,,,
6,,,avg_rsm_avg_ndvi,IN-10-0162,2,avg_rsm_z,avg_ndvi_z,,,,,0.45929926966415585,0.2951727085324873,,,,,,,,
10,,,avg_rsm_avg_ndvi,IN-10-0162,2,avg_rsm_z,avg_ndvi_z,,,,,0.4892442447743891,0.46871215559648416,,,,,,,,
6,,,avg_rsm_avg_ndvi,IN-10-0163,2,avg_rsm_z,avg_ndvi_z,,,,,-0.48749009515191,-0.0572191602015794,,,,,,,,
10,,,avg_rsm_avg_ndvi,IN-10-0163,2,avg_rsm_z,avg_ndvi_z,,,,,-0.3499395218456861,0.15468698373632586,,,,,,,,
6,,,avg_rsm_avg_ndvi,IN-10-0164,2,avg_rsm_z,avg_ndvi_z,,,,,0.5444045660473547,0.24450598354197273,,,,,,,,
10,,,avg_rsm_avg_ndvi,IN-10-0164,2,avg_rsm_z,avg_ndvi_z,,,,,0.55891262878125,0.34453555434970584,,,,,,,,
6,,,avg_rsm_avg_ndvi,IN-10-0519,2,avg_rsm_z,avg_ndvi_z,,,,,-0.26426561695991013,-0.08402924742957195,,,,,,,,
10,,,avg_rsm_avg_ndvi,IN-10-0519,2,avg_rsm_z,avg_ndvi_z,,,,,-0.41717744599387946,0.124091158524786,,,,,,,,
6,,,avg_rsm_avg_ndvi,IN-10-0536,2,avg_rsm_z,avg_ndvi_z,,,,,-0.1772799757298217,-0.10468336743536437,,,,,,,,
10,,,avg_rsm_avg_ndvi,IN-10-0536,2,avg_rsm_z,avg_ndvi_z,,,,,0.2573824224673382,-0.017730116073425877,,,,,,,,
6,,,avg_rsm_avg_ndvi,IN-10-0537,2,avg_rsm_z,avg_ndvi_z,,,,,-0.31321800691288265,0.05410933809291031,,,,,,,,
10,,,avg_rsm_avg_ndvi,IN-10-0537,2,avg_rsm_z,avg_ndvi_z,,,,,-0.2330912141902767,0.32335824940146307,,,,,,,,
6,,,avg_rsm_avg_ndvi,IN-10-0538,2,avg_rsm_z,avg_ndvi_z,,,,,0.5713424047990602,0.3674313319208914,,,,,,,,
10,,,avg_rsm_avg_ndvi,IN-10-0538,2,avg_rsm_z,avg_ndvi_z,,,,,0.6636192960008687,0.4521153841643078,,,,,,,,
6,,,avg_rsm_avg_ndvi,IN-10-0539,2,avg_rsm_z,avg_ndvi_z,,,,,0.49791432664443047,0.5146451095802965,,,,,,,,
10,,,avg_rsm_avg_ndvi,IN-10-0539,2,avg_rsm_z,avg_ndvi_z,,,,,0.5657861367734667,0.6519473683202268,,,,,,,,
6,,,avg_rsm_avg_ndvi,IN-10-1020,2,avg_rsm_z,avg_ndvi_z,,,,,-0.4040370987148861,0.1347557320516642,,,,,,,,
10,,,avg_rsm_avg_ndvi,IN-10-1020,2,avg_rsm_z,avg_ndvi_z,,,,,-0.3660526267744447,0.28003432387614124,,,,,,,,
6,,,avg_rsm_avg_ndvi,IN-10-2012,2,avg_rsm_z,avg_ndvi_z,,,,,0.1321015066226603,-0.265723937532126,,,,,,,,
6,,,avg_rsm_avg_ndvi,IN-12-0189,2,avg_rsm_z,avg_ndvi_z,,,,,0.6189751423691277,0.413325301023763,,,,,,,,
10,,,avg_rsm_avg_ndvi,IN-12-0189,2,avg_rsm_z,avg_ndvi_z,,,,,0.6418742491993435,0.5109601375907079,,,,,,,,
6,,,avg_rsm_avg_ndvi,IN-12-0190,2,avg_rsm_z,avg_ndvi_z,,,,,0.6322370702620038,0.4973250081158983,,,,,,,,
10,,,avg_rsm_avg_ndvi,IN-12-0190,2,avg_rsm_z,avg_ndvi_z,,,,,0.6863472524610652,0.5956233826108286,,,,,,,,
6,,,avg_rsm_avg_ndvi,IN-12-0191,2,avg_rsm_z,avg_ndvi_z,,,,,-0.002437389845815871,0.10118276716155279,,,,,,,,
10,,,avg_rsm_avg_ndvi,IN-12-0191,2,avg_rsm_z,avg_ndvi_z,,,,,0.05141627871378647,0.3158189131595434,,,,,,,,
6,,,avg_rsm_avg_ndvi,IN-12-0192,2,avg_rsm_z,avg_ndvi_z,,,,,0.13913502498731106,0.15740319385785503,,,,,,,,
10,,,avg_rsm_avg_ndvi,IN-12-0192,2,avg_rsm_z,avg_ndvi_z,,,,,-0.015252033840017786,0.3341920223537191,,,,,,,,
6,,,avg_rsm_avg_ndvi,IN-12-0193,2,avg_rsm_z,avg_ndvi_z,,,,,-0.2940965989581628,-0.4560050291441991,,,,,,,,
10,,,avg_rsm_avg_ndvi,IN-12-0193,2,avg_rsm_z,avg_ndvi_z,,,,,-0.2638014581599216,-0.3614317056537925,,,,,,,,
6,,,avg_rsm_avg_ndvi,IN-12-0194,2,avg_rsm_z,avg_ndvi_z,,,,,0.19907836001538617,0.1471172665153327,,,,,,,,
10,,,avg_rsm_avg_ndvi,IN-12-0194,2,avg_rsm_z,avg_ndvi_z,,,,,0.3506092758000984,0.1853943202595601,,,,,,,,
6,,,avg_rsm_avg_ndvi,IN-12-0195,2,avg_rsm_z,avg_ndvi_z,,,,,0.03308785583459861,-0.04326672030577062,,,,,,,,
10,,,avg_rsm_avg_ndvi,IN-12-0195,2,avg_rsm_z,avg_ndvi_z,,,,,0.19377355070353977,0.002626303643145351,,,,,,,,
6,,,avg_rsm_avg_ndvi,IN-12-0196,2,avg_rsm_z,avg_ndvi_z,,,,,0.19523949453559486,-0.061351985931814415,,,,,,,,
10,,,avg_rsm_avg_ndvi,IN-12-0196,2,avg_rsm_z,avg_ndvi_z,,,,,0.2982363705015593,0.05602754491118726,,,,,,,,
6,,,avg_rsm_avg_ndvi,IN-12-0197,2,avg_rsm_z,avg_ndvi_z,,,,,-0.018598445718003575,0.21053104651197393,,,,,,,,
10,,,avg_rsm_avg_ndvi,IN-12-0197,2,avg_rsm_z,avg_ndvi_z,,,,,0.0575393107590368,0.22699235061105347,,,,,,,,
6,,,avg_rsm_avg_ndvi,IN-12-0198,2,avg_rsm_z,avg_ndvi_z,,,,,0.24277669653504858,0.20942170682881764,,,,,,,,
10,,,avg_rsm_avg_ndvi,IN-12-0198,2,avg_rsm_z,avg_ndvi_z,,,,,0.3227464341314985,0.17246324155276951,,,,,,,,
6,,,avg_rsm_avg_ndvi,IN-12-0199,2,avg_rsm_z,avg_ndvi_z,,,,,0.18921824426030218,0.5021663546883849,,,,,,,,
10,,,avg_rsm_avg_ndvi,IN-12-0199,2,avg_rsm_z,avg_ndvi_z,,,,,0.0809930098809841,0.5915898907822987,,,,,,,,
6,,,avg_rsm_avg_ndvi,IN-12-0200,2,avg_rsm_z,avg_ndvi_z,,,,,-0.1155248302218459,0.17542522646325298,,,,,,,,
10,,,avg_rsm_avg_ndvi,IN-12-0200,2,avg_rsm_z,avg_ndvi_z,,,,,-0.24886826170224183,0.3796914390400024,,,,,,,,
6,,,avg_rsm_avg_ndvi,IN-12-0201,2,avg_rsm_z,avg_ndvi_z,,,,,0.5231125454613392,0.5858809468655022,,,,,,,,
10,,,avg_rsm_avg_ndvi,IN-12-0201,2,avg_rsm_z,avg_ndvi_z,,,,,0.4471243235708814,0.6005143738155121,,,,,,,,
6,,,avg_rsm_avg_ndvi,IN-12-0202,2,avg_rsm_z,avg_ndvi_z,,,,,0.12189208357056361,0.46279958420251655,,,,,,,,
10,,,avg_rsm_avg_ndvi,IN-12-0202,2,avg_rsm_z,avg_ndvi_z,,,,,-0.025895833088929752,0.631288116990732,,,,,,,,
6,,,avg_rsm_avg_ndvi,IN-12-0203,2,avg_rsm_z,avg_ndvi_z,,,,,0.16696741385455038,0.7298869833663241,,,,,,,,
10,,,avg_rsm_avg_ndvi,IN-12-0203,2,avg_rsm_z,avg_ndvi_z,,,,,0.2796718212094921,0.7833563159317953,,,,,,,,
6,,,avg_rsm_avg_ndvi,IN-12-0204,2,avg_rsm_z,avg_ndvi_z,,,,,0.146336253264811,0.5947465655747383,,,,,,,,
10,,,avg_rsm_avg_ndvi,IN-12-0204,2,avg_rsm_z,avg_ndvi_z,,,,,0.17250214973056452,0.6936052736210152,,,,,,,,
6,,,avg_rsm_avg_ndvi,IN-12-0205,2,avg_rsm_z,avg_ndvi_z,,,,,0.3563738514163168,0.5289313444803406,,,,,,,,
10,,,avg_rsm_avg_ndvi,IN-12-0205,2,avg_rsm_z,avg_ndvi_z,,,,,0.340569616200419,0.6160109340961307,,,,,,,,
6,,,avg_rsm_avg_ndvi,IN-12-0206,2,avg_rsm_z,avg_ndvi_z,,,,,-0.32348150510021856,-0.10422118608130977,,,,,,,,
10,,,avg_rsm_avg_ndvi,IN-12-0206,2,avg_rsm_z,avg_ndvi_z,,,,,-0.2550057575003442,0.13645696825728745,,,,,,,,
6,,,avg_rsm_avg_ndvi,IN-12-0207,2,avg_rsm_z,avg_ndvi_z,,,,,-0.2755684714166715,0.2934779856008027,,,,,,,,
10,,,avg_rsm_avg_ndvi,IN-12-0207,2,avg_rsm_z,avg_ndvi_z,,,,,-0.3125240845519346,0.28587890595456283,,,,,,,,
6,,,avg_rsm_avg_ndvi,IN-12-0209,2,avg_rsm_z,avg_ndvi_z,,,,,-0.316338800681623,-0.4491701390314405,,,,,,,,
10,,,avg_rsm_avg_ndvi,IN-12-0209,2,avg_rsm_z,avg_ndvi_z,,,,,-0.08211260119854044,-0.37987122008015417,,,,,,,,
6,,,avg_rsm_avg_ndvi,IN-12-0210,2,avg_rsm_z,avg_ndvi_z,,,,,-0.3593300587919062,-0.24766185675847358,,,,,,,,
10,,,avg_rsm_avg_ndvi,IN-12-0210,2,avg_rsm_z,avg_ndvi_z,,,,,-0.47283005507879083,-0.18081601967119348,,,,,,,,
6,,,avg_rsm_avg_ndvi,IN-12-0211,2,avg_rsm_z,avg_ndvi_z,,,,,-0.36510360139463527,-0.6053005250793286,,,,,,,,
10,,,avg_rsm_avg_ndvi,IN-12-0211,2,avg_rsm_z,avg_ndvi_z,,,,,-0.6153378959848814,-0.708912437875739,,,,,,,,
6,,,avg_rsm_avg_ndvi,IN-12-0212,2,avg_rsm_z,avg_ndvi_z,,,,,-0.1851523385093337,-0.37579253959708275,,,,,,,,
10,,,avg_rsm_avg_ndvi,IN-12-0212,2,avg_rsm_z,avg_ndvi_z,,,,,-0.2833873941417525,-0.26746966069989153,,,,,,,,
6,,,avg_rsm_avg_ndvi,IN-12-0213,2,avg_rsm_z,avg_ndvi_z,,,,,-0.44987892664265133,-0.3694603418680729,,,,,,,,
10,,,avg_rsm_avg_ndvi,IN-12-0213,2,avg_rsm_z,avg_ndvi_z,,,,,-0.5038463737455334,-0.5089192649157221,,,,,,,,
6,,,avg_rsm_avg_ndvi,IN-12-0214,2,avg_rsm_z,avg_ndvi_z,,,,,-0.2895333644695013,-0.5548461428333447,,,,,,,,
10,,,avg_rsm_avg_ndvi,IN-12-0214,2,avg_rsm_z,avg_ndvi_z,,,,,-0.2211143287437936,-0.5231826354263381,,,,,,,,
6,,,avg_rsm_avg_ndvi,IN-12-0215,2,avg_rsm_z,avg_ndvi_z,,,,,-0.18330934514306485,-0.22205122816105444,,,,,,,,
10,,,avg_rsm_avg_ndvi,IN-12-0215,2,avg_rsm_z,avg_ndvi_z,,,,,-0.023103274111181005,-0.06614947528698567,,,,,,,,
6,,,avg_rsm_avg_ndvi,IN-12-0216,2,avg_rsm_z,avg_ndvi_z,,,,,-0.27449966578678653,0.07565434044640847,,,,,,,,
10,,,avg_rsm_avg_ndvi,IN-12-0216,2,avg_rsm_z,avg_ndvi_z,,,,,-0.42118334232230425,0.3024212797162212,,,,,,,,
6,,,avg_rsm_avg_ndvi,IN-12-0217,2,avg_rsm_z,avg_ndvi_z,,,,,-0.20378232054088405,-0.43149966015583024,,,,,,,,
10,,,avg_rsm_avg_ndvi,IN-12-0217,2,avg_rsm_z,avg_ndvi_z,,,,,-0.29104357054129293,-0.4391830408517875,,,,,,,,
6,,,avg_rsm_avg_ndvi,IN-12-0218,2,avg_rsm_z,avg_ndvi_z,,,,,-0.2882441983076717,-0.11751968387171363,,,,,,,,
10,,,avg_rsm_avg_ndvi,IN-12-0218,2,avg_rsm_z,avg_ndvi_z,,,,,-0.5330822759836903,-0.04287932089403839,,,,,,,,
6,,,avg_rsm_avg_ndvi,IN-12-0219,2,avg_rsm_z,avg_ndvi_z,,,,,0.1425837553213416,-0.19540229449808402,,,,,,,,
10,,,avg_rsm_avg_ndvi,IN-12-0219,2,avg_rsm_z,avg_ndvi_z,,,,,0.08215044858395353,-0.12323415752187956,,,,,,,,
6,,,avg_rsm_avg_ndvi,IN-12-0220,2,avg_rsm_z,avg_ndvi_z,,,,,0.10882610138733713,0.22314149303124592,,,,,,,,
10,,,avg_rsm_avg_ndvi,IN-12-0220,2,avg_rsm_z,avg_ndvi_z,,,,,0.1928062397565969,0.2720654785279738,,,,,,,,
6,,,avg_rsm_avg_ndvi,IN-12-0221,2,avg_rsm_z,avg_ndvi_z,,,,,-0.1854149124386391,-0.14329973859235834,,,,,,,,
10,,,avg_rsm_avg_ndvi,IN-12-0221,2,avg_rsm_z,avg_ndvi_z,,,,,-0.3199719916500337,-0.3872603570917598,,,,,,,,
6,,,avg_rsm_avg_ndvi,IN-12-0222,2,avg_rsm_z,avg_ndvi_z,,,,,0.013291581839315721,0.04409425273775759,,,,,,,,
10,,,avg_rsm_avg_ndvi,IN-12-0222,2,avg_rsm_z,avg_ndvi_z,,,,,0.07795288564504989,-0.10108761138698104,,,,,,,,
6,,,avg_rsm_avg_ndvi,IN-12-0223,2,avg_rsm_z,avg_ndvi_z,,,,,-0.3744138431232389,-0.22612188493889782,,,,,,,,
10,,,avg_rsm_avg_ndvi,IN-12-0223,2,avg_rsm_z,avg_ndvi_z,,,,,-0.5436177652929947,-0.3118074180493016,,,,,,,,
6,,,avg_rsm_avg_ndvi,IN-12-0224,2,avg_rsm_z,avg_ndvi_z,,,,,-0.3363070175676923,-0.06593725470579045,,,,,,,,
10,,,avg_rsm_avg_ndvi,IN-12-0224,2,avg_rsm_z,avg_ndvi_z,,,,,-0.4780901067959876,0.13616884314612973,,,,,,,,
6,,,avg_rsm_avg_ndvi,IN-12-0225,2,avg_rsm_z,avg_ndvi_z,,,,,-0.36236086703663667,-0.18897872608440933,,,,,,,,
10,,,avg_rsm_avg_ndvi,IN-12-0225,2,avg_rsm_z,avg_ndvi_z,,,,,-0.39217594535316,-0.0889110679288541,,,,,,,,
6,,,avg_rsm_avg_ndvi,IN-12-0226,2,avg_rsm_z,avg_ndvi_z,,,,,-0.18240478921077471,-0.05074757956843105,,,,,,,,
10,,,avg_rsm_avg_ndvi,IN-12-0226,2,avg_rsm_z,avg_ndvi_z,,,,,-0.0025061523237589617,-0.013214246506062488,,,,,,,,
6,,,avg_rsm_avg_ndvi,IN-12-0227,2,avg_rsm_z,avg_ndvi_z,,,,,-0.5105528917473598,-0.11707190797392239,,,,,,,,
10,,,avg_rsm_avg_ndvi,IN-12-0227,2,avg_rsm_z,avg_ndvi_z,,,,,-0.6589662835035744,-0.14732528910584727,,,,,,,,
6,,,avg_rsm_avg_ndvi,IN-12-0228,2,avg_rsm_z,avg_ndvi_z,,,,,0.09810086080168728,0.4631198533820454,,,,,,,,
10,,,avg_rsm_avg_ndvi,IN-12-0228,2,avg_rsm_z,avg_ndvi_z,,,,,0.13751737512040157,0.386136303139761,,,,,,,,
6,,,avg_rsm_avg_ndvi,IN-12-0229,2,avg_rsm_z,avg_ndvi_z,,,,,-0.09172769734878083,-0.09557085430587574,,,,,,,,
10,,,avg_rsm_avg_ndvi,IN-12-0229,2,avg_rsm_z,avg_ndvi_z,,,,,-0.02966954683080291,0.18437800439379856,,,,,,,,
6,,,avg_rsm_avg_ndvi,IN-12-0230,2,avg_rsm_z,avg_ndvi_z,,,,,0.23274448298597838,0.6524439876153778,,,,,,,,
10,,,avg_rsm_avg_ndvi,IN-12-0230,2,avg_rsm_z,avg_ndvi_z,,,,,0.40494977047070596,0.7015630484745097,,,,,,,,
6,,,avg_rsm_avg_ndvi,IN-12-0231,2,avg_rsm_z,avg_ndvi_z,,,,,-0.4315112088546618,-0.2605793650006922,,,,,,,,
10,,,avg_rsm_avg_ndvi,IN-12-0231,2,avg_rsm_z,avg_ndvi_z,,,,,-0.5028499763135531,0.04414801463456665,,,,,,,,
6,,,avg_rsm_avg_ndvi,IN-12-0232,2,avg_rsm_z,avg_ndvi_z,,,,,-0.4141771140283531,-0.17235572059208681,,,,,,,,
10,,,avg_rsm_avg_ndvi,IN-12-0232,2,avg_rsm_z,avg_ndvi_z,,,,,-0.5382251808069156,-0.15924775321223777,,,,,,,,
6,,,avg_rsm_avg_ndvi,IN-12-0233,2,avg_rsm_z,avg_ndvi_z,,,,,-0.30200574630872584,0.019242590700484,,,,,,,,
10,,,avg_rsm_avg_ndvi,IN-12-0233,2,avg_rsm_z,avg_ndvi_z,,,,,-0.3375403353516158,0.032701885867705914,,,,,,,,
6,,,avg_rsm_avg_ndvi,IN-12-0234,2,avg_rsm_z,avg_ndvi_z,,,,,-0.3239120676760852,-0.13835954876262332,,,,,,,,
10,,,avg_rsm_avg_ndvi,IN-12-0234,2,avg_rsm_z,avg_ndvi_z,,,,,-0.356615699073495,-0.06939809931774928,,,,,,,,
6,,,avg_rsm_avg_ndvi,IN-12-0235,2,avg_rsm_z,avg_ndvi_z,,,,,-0.17955891831035942,-0.2626001409230637,,,,,,,,
10,,,avg_rsm_avg_ndvi,IN-12-0235,2,avg_rsm_z,avg_ndvi_z,,,,,-0.32004155622648167,-0.24245593839939442,,,,,,,,
6,,,avg_rsm_avg_ndvi,IN-12-0236,2,avg_rsm_z,avg_ndvi_z,,,,,-0.23923223636980717,-0.3543662336065597,,,,,,,,
10,,,avg_rsm_avg_ndvi,IN-12-0236,2,avg_rsm_z,avg_ndvi_z,,,,,-0.2501627961746621,-0.4213049584534755,,,,,,,,
6,,,avg_rsm_avg_ndvi,IN-12-0528,2,avg_rsm_z,avg_ndvi_z,,,,,0.16843191255831932,0.011864036275655729,,,,,,,,
10,,,avg_rsm_avg_ndvi,IN-12-0528,2,avg_rsm_z,avg_ndvi_z,,,,,0.22648030553645238,-0.09423217599460375,,,,,,,,
6,,,avg_rsm_avg_ndvi,IN-12-0529,2,avg_rsm_z,avg_ndvi_z,,,,,-0.4086984000694904,-0.30340154997694846,,,,,,,,
10,,,avg_rsm_avg_ndvi,IN-12-0529,2,avg_rsm_z,avg_ndvi_z,,,,,-0.5064100519042877,-0.0035747938105735954,,,,,,,,
6,,,avg_rsm_avg_ndvi,IN-12-0530,2,avg_rsm_z,avg_ndvi_z,,,,,-0.33549766038562007,-0.1052470366394462,,,,,,,,
10,,,avg_rsm_avg_ndvi,IN-12-0530,2,avg_rsm_z,avg_ndvi_z,,,,,-0.3688287461121473,0.005845934665563012,,,,,,,,
6,,,avg_rsm_avg_ndvi,IN-12-0531,2,avg_rsm_z,avg_ndvi_z,,,,,-0.2785937092668163,-0.1700587189750161,,,,,,,,
10,,,avg_rsm_avg_ndvi,IN-12-0531,2,avg_rsm_z,avg_ndvi_z,,,,,-0.47059753974831453,-0.18932271793152544,,,,,,,,
6,,,avg_rsm_avg_ndvi,IN-12-0532,2,avg_rsm_z,avg_ndvi_z,,,,,-0.1851373974083966,-0.05352917283806504,,,,,,,,
10,,,avg_rsm_avg_ndvi,IN-12-0532,2,avg_rsm_z,avg_ndvi_z,,,,,-0.3653439127175056,0.18190003904211627,,,,,,,,
6,,,avg_rsm_avg_ndvi,IN-12-0533,2,avg_rsm_z,avg_ndvi_z,,,,,-0.12776619680115373,-0.3144382978951251,,,,,,,,
10,,,avg_rsm_avg_ndvi,IN-12-0533,2,avg_rsm_z,avg_ndvi_z,,,,,-0.31828289768385826,-0.49962046361777085,,,,,,,,
6,,,avg_rsm_avg_ndvi,IN-12-0547,2,avg_rsm_z,avg_ndvi_z,,,,,-0.3450090976196284,-0.050817498959179676,,,,,,,,
10,,,avg_rsm_avg_ndvi,IN-12-0547,2,avg_rsm_z,avg_ndvi_z,,,,,-0.21829764929572498,-0.07956096816545606,,,,,,,,
6,,,avg_rsm_avg_ndvi,IN-12-0548,2,avg_rsm_z,avg_ndvi_z,,,,,-0.4782442408262213,-0.1290601940366782,,,,,,,,
10,,,avg_rsm_avg_ndvi,IN-12-0548,2,avg_rsm_z,avg_ndvi_z,,,,,-0.4559054165286149,-0.16812855384673714,,,,,,,,
6,,,avg_rsm_avg_ndvi,IN-12-1028,2,avg_rsm_z,avg_ndvi_z,,,,,-0.4520167775684012,-0.42889690969327504,,,,,,,,
10,,,avg_rsm_avg_ndvi,IN-12-1028,2,avg_rsm_z,avg_ndvi_z,,,,,-0.7002652190629098,-0.5052917872138801,,,,,,,,
6,,,avg_rsm_avg_ndvi,IN-12-1029,2,avg_rsm_z,avg_ndvi_z,,,,,-0.06010751903804322,-0.2367712791979919,,,,,,,,
10,,,avg_rsm_avg_ndvi,IN-12-1029,2,avg_rsm_z,avg_ndvi_z,,,,,0.03925583362086715,-0.15128545888030126,,,,,,,,
6,,,avg_rsm_avg_ndvi,IN-12-1031,2,avg_rsm_z,avg_ndvi_z,,,,,-0.4342147630618037,0.03907374556334047,,,,,,,,
10,,,avg_rsm_avg_ndvi,IN-12-1031,2,avg_rsm_z,avg_ndvi_z,,,,,-0.5470526823348258,0.1318150728807314,,,,,,,,
6,,,avg_rsm_avg_ndvi,IN-12-1033,2,avg_rsm_z,avg_ndvi_z,,,,,-0.24057001307218395,-0.5162858408992251,,,,,,,,
10,,,avg_rsm_avg_ndvi,IN-12-1033,2,avg_rsm_z,avg_ndvi_z,,,,,-0.2440483162557591,-0.4570883712885655,,,,,,,,
6,,,avg_rsm_avg_ndvi,IN-12-1034,2,avg_rsm_z,avg_ndvi_z,,,,,-0.37024727702490845,0.15862948242447547,,,,,,,,
10,,,avg_rsm_avg_ndvi,IN-12-1034,2,avg_rsm_z,avg_ndvi_z,,,,,-0.27203735600150725,0.15845020106848057,,,,,,,,
6,,,avg_rsm_avg_ndvi,IN-12-1036,2,avg_rsm_z,avg_ndvi_z,,,,,-0.42962966916369105,0.10030697087300315,,,,,,,,
10,,,avg_rsm_avg_ndvi,IN-12-1036,2,avg_rsm_z,avg_ndvi_z,,,,,-0.49054010265589465,0.2705522129852433,,,,,,,,
6,,,avg_rsm_avg_ndvi,IN-12-1037,2,avg_rsm_z,avg_ndvi_z,,,,,0.04723943526358488,0.05416169751544939,,,,,,,,
10,,,avg_rsm_avg_ndvi,IN-12-1037,2,avg_rsm_z,avg_ndvi_z,,,,,0.02038009701621257,0.1502714173783915,,,,,,,,
6,,,avg_rsm_avg_ndvi,IN-12-1038,2,avg_rsm_z,avg_ndvi_z,,,,,-0.29841478624506934,-0.38532938256471133,,,,,,,,
10,,,avg_rsm_avg_ndvi,IN-12-1038,2,avg_rsm_z,avg_ndvi_z,,,,,-0.43864904073488936,-0.5882297980002033,,,,,,,,
6,,,avg_rsm_avg_ndvi,IN-12-1039,2,avg_rsm_z,avg_ndvi_z,,,,,0.018108627087231738,0.19601405409689998,,,,,,,,
10,,,avg_rsm_avg_ndvi,IN-12-1039,2,avg_rsm_z,avg_ndvi_z,,,,,0.13225760460606545,0.32140084431165306,,,,,,,,
6,,,avg_rsm_avg_ndvi,IN-12-1040,2,avg_rsm_z,avg_ndvi_z,,,,,0.3927678638091117,0.611256284441148,,,,,,,,
10,,,avg_rsm_avg_ndvi,IN-12-1040,2,avg_rsm_z,avg_ndvi_z,,,,,0.4067333071103224,0.7224943102975943,,,,,,,,
6,,,avg_rsm_avg_ndvi,IN-12-1041,2,avg_rsm_z,avg_ndvi_z,,,,,-0.18069832483384832,0.07885206918934153,,,,,,,,
10,,,avg_rsm_avg_ndvi,IN-12-1041,2,avg_rsm_z,avg_ndvi_z,,,,,-0.09552055960839952,0.1396037672104581,,,,,,,,
6,,,avg_rsm_avg_ndvi,IN-12-1042,2,avg_rsm_z,avg_ndvi_z,,,,,-0.3608010493054076,-0.40539493403969,,,,,,,,
10,,,avg_rsm_avg_ndvi,IN-12-1042,2,avg_rsm_z,avg_ndvi_z,,,,,-0.22088451734869502,-0.327838616902412,,,,,,,,
6,,,avg_rsm_avg_ndvi,IN-12-1044,2,avg_rsm_z,avg_ndvi_z,,,,,-0.3436202208063362,-0.16538983649686576,,,,,,,,
10,,,avg_rsm_avg_ndvi,IN-12-1044,2,avg_rsm_z,avg_ndvi_z,,,,,-0.5251804670087237,-0.4239437849916209,,,,,,,,
6,,,avg_rsm_avg_ndvi,IN-12-1045,2,avg_rsm_z,avg_ndvi_z,,,,,-0.16147546893172268,-0.2093669094467796,,,,,,,,
10,,,avg_rsm_avg_ndvi,IN-12-1045,2,avg_rsm_z,avg_ndvi_z,,,,,-0.2628924253429511,-0.2363329431178136,,,,,,,,
6,,,avg_rsm_avg_ndvi,IN-12-1046,2,avg_rsm_z,avg_ndvi_z,,,,,-0.31803998013070334,0.46152190630698336,,,,,,,,
10,,,avg_rsm_avg_ndvi,IN-12-1046,2,avg_rsm_z,avg_ndvi_z,,,,,-0.4994601053460029,0.4263691265534325,,,,,,,,
6,,,avg_rsm_avg_ndvi,IN-12-2013,2,avg_rsm_z,avg_ndvi_z,,,,,-0.5081202628172237,-0.1989621712567048,,,,,,,,
6,,,avg_rsm_avg_ndvi,IN-13-0801,2,avg_rsm_z,avg_ndvi_z,,,,,-0.08686030685551874,-0.15111759192446025,,,,,,,,
10,,,avg_rsm_avg_ndvi,IN-13-0801,2,avg_rsm_z,avg_ndvi_z,,,,,0.039772700025524445,-0.14994541388080154,,,,,,,,
6,,,avg_rsm_avg_ndvi,IN-13-0802,2,avg_rsm_z,avg_ndvi_z,,,,,-0.2916143556639477,-0.274336891006227,,,,,,,,
10,,,avg_rsm_avg_ndvi,IN-13-0802,2,avg_rsm_z,avg_ndvi_z,,,,,-0.3654853765534695,-0.33283649250905994,,,,,,,,
6,,,avg_rsm_avg_ndvi,IN-13-0803,2,avg_rsm_z,avg_ndvi_z,,,,,-0.24469043021370984,-0.17233355544022885,,,,,,,,
10,,,avg_rsm_avg_ndvi,IN-13-0803,2,avg_rsm_z,avg_ndvi_z,,,,,-0.19978366418375787,0.0818536828048701,,,,,,,,
6,,,avg_rsm_avg_ndvi,IN-13-0804,2,avg_rsm_z,avg_ndvi_z,,,,,0.07782661878101135,0.3481151339992353,,,,,,,,
10,,,avg_rsm_avg_ndvi,IN-13-0804,2,avg_rsm_z,avg_ndvi_z,,,,,0.29822796377922456,0.548711594237779,,,,,,,,
6,,,avg_rsm_avg_ndvi,IN-13-0805,2,avg_rsm_z,avg_ndvi_z,,,,,-0.2446143532756781,0.14789438259075655,,,,,,,,
10,,,avg_rsm_avg_ndvi,IN-13-0805,2,avg_rsm_z,avg_ndvi_z,,,,,-0.3840238068817833,-0.43257025851500897,,,,,,,,
6,,,avg_rsm_avg_ndvi,IN-13-0806,2,avg_rsm_z,avg_ndvi_z,,,,,0.09086375946130713,0.055658776820040244,,,,,,,,
10,,,avg_rsm_avg_ndvi,IN-13-0806,2,avg_rsm_z,avg_ndvi_z,,,,,0.2381380436400288,-0.26337347190337074,,,,,,,,
6,,,avg_rsm_avg_ndvi,IN-13-0807,2,avg_rsm_z,avg_ndvi_z,,,,,0.1909775618324431,-0.21190423061396388,,,,,,,,
10,,,avg_rsm_avg_ndvi,IN-13-0807,2,avg_rsm_z,avg_ndvi_z,,,,,0.2721109727652801,-0.5081396696061419,,,,,,,,
6,,,avg_rsm_avg_ndvi,IN-13-0810,2,avg_rsm_z,avg_ndvi_z,,,,,-0.31808910328813356,-0.2717414798684465,,,,,,,,
10,,,avg_rsm_avg_ndvi,IN-13-0810,2,avg_rsm_z,avg_ndvi_z,,,,,-0.48369189901298115,-0.4555017005908577,,,,,,,,
6,,,avg_rsm_avg_ndvi,IN-13-0814,2,avg_rsm_z,avg_ndvi_z,,,,,0.09461400197281146,-0.05448298299578118,,,,,,,,
10,,,avg_rsm_avg_ndvi,IN-13-0814,2,avg_rsm_z,avg_ndvi_z,,,,,0.26296420337803406,-0.05851247436258646,,,,,,,,
6,,,avg_rsm_avg_ndvi,IN-13-0816,2,avg_rsm_z,avg_ndvi_z,,,,,0.06558457853181264,0.15536773895394304,,,,,,,,
10,,,avg_rsm_avg_ndvi,IN-13-0816,2,avg_rsm_z,avg_ndvi_z,,,,,0.11070223021281658,0.13705178735832296,,,,,,,,
6,,,avg_rsm_avg_ndvi,IN-13-0817,2,avg_rsm_z,avg_ndvi_z,,,,,-0.405574717343514,-0.32342978899995517,,,,,,,,
10,,,avg_rsm_avg_ndvi,IN-13-0817,2,avg_rsm_z,avg_ndvi_z,,,,,-0.3354405972231493,-0.26889853823898324,,,,,,,,
6,,,avg_rsm_avg_ndvi,IN-13-0819,2,avg_rsm_z,avg_ndvi_z,,,,,0.12304117374958039,0.08168920528558482,,,,,,,,
10,,,avg_rsm_avg_ndvi,IN-13-0819,2,avg_rsm_z,avg_ndvi_z,,,,,0.14244564374046037,0.2819415332225458,,,,,,,,
6,,,avg_rsm_avg_ndvi,IN-13-0820,2,avg_rsm_z,avg_ndvi_z,,,,,-0.03464961441463273,-0.040761061786438034,,,,,,,,
10,,,avg_rsm_avg_ndvi,IN-13-0820,2,avg_rsm_z,avg_ndvi_z,,,,,0.15460770818422315,0.3005139043945889,,,,,,,,
6,,,avg_rsm_avg_ndvi,IN-13-0824,2,avg_rsm_z,avg_ndvi_z,,,,,-0.05652048595803345,-0.1574423710906658,,,,,,,,
10,,,avg_rsm_avg_ndvi,IN-13-0824,2,avg_rsm_z,avg_ndvi_z,,,,,0.012223529479316497,-0.1452406489080174,,,,,,,,
6,,,avg_rsm_avg_ndvi,IN-14-0001,2,avg_rsm_z,avg_ndvi_z,,,,,-0.36441682473918946,-0.06659685851199808,,,,,,,,
10,,,avg_rsm_avg_ndvi,IN-14-0001,2,avg_rsm_z,avg_ndvi_z,,,,,-0.45848567349512753,-0.14139459642030316,,,,,,,,
6,,,avg_rsm_avg_ndvi,IN-14-0002,2,avg_rsm_z,avg_ndvi_z,,,,,-0.25799851750563463,-0.26377001593433935,,,,,,,,
10,,,avg_rsm_avg_ndvi,IN-14-0002,2,avg_rsm_z,avg_ndvi_z,,,,,-0.28617194480155267,-0.1565465662421961,,,,,,,,
6,,,avg_rsm_avg_ndvi,IN-14-0003,2,avg_rsm_z,avg_ndvi_z,,,,,-0.23534775163219468,-0.11881790782998,,,,,,,,
10,,,avg_rsm_avg_ndvi,IN-14-0003,2,avg_rsm_z,avg_ndvi_z,,,,,-0.5035822207389176,-0.04721716141467081,,,,,,,,
6,,,avg_rsm_avg_ndvi,IN-14-0004,2,avg_rsm_z,avg_ndvi_z,,,,,0.19272228103995803,-0.24056183103099965,,,,,,,,
10,,,avg_rsm_avg_ndvi,IN-14-0004,2,avg_rsm_z,avg_ndvi_z,,,,,0.12593176243267604,-0.2487016892600237,,,,,,,,
6,,,avg_rsm_avg_ndvi,IN-14-0005,2,avg_rsm_z,avg_ndvi_z,,,,,0.34854538793350953,0.014821211243211924,,,,,,,,
10,,,avg_rsm_avg_ndvi,IN-14-0005,2,avg_rsm_z,avg_ndvi_z,,,,,0.32855896666570683,-0.19460718307713387,,,,,,,,
6,,,avg_rsm_avg_ndvi,IN-14-0006,2,avg_rsm_z,avg_ndvi_z,,,,,-0.13734224191303207,-0.21428601057553337,,,,,,,,
10,,,avg_rsm_avg_ndvi,IN-14-0006,2,avg_rsm_z,avg_ndvi_z,,,,,-0.20591555648801477,-0.4439251798818864,,,,,,,,
6,,,avg_rsm_avg_ndvi,IN-14-0501,2,avg_rsm_z,avg_ndvi_z,,,,,-0.3187894614030165,-0.36912571150673357,,,,,,,,
10,,,avg_rsm_avg_ndvi,IN-14-0501,2,avg_rsm_z,avg_ndvi_z,,,,,-0.35792871717576585,-0.47341307842014774,,,,,,,,
6,,,avg_rsm_avg_ndvi,IN-14-1055,2,avg_rsm_z,avg_ndvi_z,,,,,-0.40006728725457313,-0.18156477707577476,,,,,,,,
10,,,avg_rsm_avg_ndvi,IN-14-1055,2,avg_rsm_z,avg_ndvi_z,,,,,-0.32744470966288536,0.14623171225598403,,,,,,,,
6,,,avg_rsm_avg_ndvi,IN-14-1056,2,avg_rsm_z,avg_ndvi_z,,,,,-0.3243566042516349,-0.3364993109074991,,,,,,,,
10,,,avg_rsm_avg_ndvi,IN-14-1056,2,avg_rsm_z,avg_ndvi_z,,,,,-0.28611264260143227,-0.332607659140772,,,,,,,,
6,,,avg_rsm_avg_ndvi,IN-14-1059,2,avg_rsm_z,avg_ndvi_z,,,,,0.026230664075006037,-0.5117047544563466,,,,,,,,
10,,,avg_rsm_avg_ndvi,IN-14-1059,2,avg_rsm_z,avg_ndvi_z,,,,,-0.011111760786426842,-0.5449415204156635,,,,,,,,
6,,,avg_rsm_avg_ndvi,IN-14-1065,2,avg_rsm_z,avg_ndvi_z,,,,,0.19462836273165024,-0.26208667872283165,,,,,,,,
10,,,avg_rsm_avg_ndvi,IN-14-1065,2,avg_rsm_z,avg_ndvi_z,,,,,0.30566380663825277,-0.03591725480427545,,,,,,,,
6,,,avg_rsm_avg_ndvi,IN-14-1066,2,avg_rsm_z,avg_ndvi_z,,,,,-0.26645476885893493,-0.03064459268067285,,,,,,,,
10,,,avg_rsm_avg_ndvi,IN-14-1066,2,avg_rsm_z,avg_ndvi_z,,,,,-0.4007033873471758,-0.35951525592238476,,,,,,,,
6,,,avg_rsm_avg_ndvi,IN-14-1067,2,avg_rsm_z,avg_ndvi_z,,,,,0.29710621199769094,-0.3488230314738069,,,,,,,,
10,,,avg_rsm_avg_ndvi,IN-14-1067,2,avg_rsm_z,avg_ndvi_z,,,,,0.22893804606667684,-0.33544003267112565,,,,,,,,
6,,,avg_rsm_avg_ndvi,IN-14-1068,2,avg_rsm_z,avg_ndvi_z,,,,,0.18982626910375777,-0.41507612077875855,,,,,,,,
10,,,avg_rsm_avg_ndvi,IN-14-1068,2,avg_rsm_z,avg_ndvi_z,,,,,0.17199658913191562,-0.5453699165456186,,,,,,,,
6,,,avg_rsm_avg_ndvi,IN-14-1069,2,avg_rsm_z,avg_ndvi_z,,,,,-0.2659136595487431,-0.24163316645913224,,,,,,,,
10,,,avg_rsm_avg_ndvi,IN-14-1069,2,avg_rsm_z,avg_ndvi_z,,,,,-0.15742731541176727,-0.46226730232699725,,,,,,,,
6,,,avg_rsm_avg_ndvi,IN-14-1070,2,avg_rsm_z,avg_ndvi_z,,,,,-0.331768259062981,-0.3871968141479611,,,,,,,,
10,,,avg_rsm_avg_ndvi,IN-14-1070,2,avg_rsm_z,avg_ndvi_z,,,,,-0.3685842589065921,-0.25376127874108795,,,,,,,,
6,,,avg_rsm_avg_ndvi,IN-14-2015,2,avg_rsm_z,avg_ndvi_z,,,,,-0.3456991108339215,-0.658014563199529,,,,,,,,
6,,,avg_rsm_avg_ndvi,IN-15-0910,2,avg_rsm_z,avg_ndvi_z,,,,,0.16057729175432053,-0.30286391647507604,,,,,,,,
10,,,avg_rsm_avg_ndvi,IN-15-0910,2,avg_rsm_z,avg_ndvi_z,,,,,0.2926414652316113,-0.167123776489738,,,,,,,,
6,,,avg_rsm_avg_ndvi,IN-15-0913,2,avg_rsm_z,avg_ndvi_z,,,,,0.3373849514639929,-0.16090834925983816,,,,,,,,
10,,,avg_rsm_avg_ndvi,IN-15-0913,2,avg_rsm_z,avg_ndvi_z,,,,,0.49720552869087625,0.0009753470766076161,,,,,,,,
6,,,avg_rsm_avg_ndvi,IN-15-0914,2,avg_rsm_z,avg_ndvi_z,,,,,-0.18960494816301612,-0.2102856293802903,,,,,,,,
10,,,avg_rsm_avg_ndvi,IN-15-0914,2,avg_rsm_z,avg_ndvi_z,,,,,-0.04600551246184508,-0.11717107079408182,,,,,,,,
6,,,avg_rsm_avg_ndvi,IN-15-0915,2,avg_rsm_z,avg_ndvi_z,,,,,0.2515521192465411,0.24529197841665923,,,,,,,,
10,,,avg_rsm_avg_ndvi,IN-15-0915,2,avg_rsm_z,avg_ndvi_z,,,,,0.3127399728868994,0.46282103978252864,,,,,,,,
6,,,avg_rsm_avg_ndvi,IN-15-0916,2,avg_rsm_z,avg_ndvi_z,,,,,-0.13092080395444275,-0.03952319200038106,,,,,,,,
10,,,avg_rsm_avg_ndvi,IN-15-0916,2,avg_rsm_z,avg_ndvi_z,,,,,-0.07171179677371883,0.41777482435420854,,,,,,,,
6,,,avg_rsm_avg_ndvi,IN-15-0933,2,avg_rsm_z,avg_ndvi_z,,,,,0.010990924897481574,-0.1013310209897031,,,,,,,,
10,,,avg_rsm_avg_ndvi,IN-15-0933,2,avg_rsm_z,avg_ndvi_z,,,,,0.28740447478727915,-0.10315893911949314,,,,,,,,
6,,,avg_rsm_avg_ndvi,IN-15-0937,2,avg_rsm_z,avg_ndvi_z,,,,,-0.15335206143290664,-0.12164937797649052,,,,,,,,
10,,,avg_rsm_avg_ndvi,IN-15-0937,2,avg_rsm_z,avg_ndvi_z,,,,,-0.009808665782772414,-0.19833382682229425,,,,,,,,
6,,,avg_rsm_avg_ndvi,IN-15-0938,2,avg_rsm_z,avg_ndvi_z,,,,,-0.5941018563894702,-0.5686014756716286,,,,,,,,
10,,,avg_rsm_avg_ndvi,IN-15-0938,2,avg_rsm_z,avg_ndvi_z,,,,,-0.6511980792495954,-0.6727150753631557,,,,,,,,
6,,,avg_rsm_avg_ndvi,IN-15-0940,2,avg_rsm_z,avg_ndvi_z,,,,,-0.016649132436058325,-0.47451837747440884,,,,,,,,
10,,,avg_rsm_avg_ndvi,IN-15-0940,2,avg_rsm_z,avg_ndvi_z,,,,,0.08236988162714873,-0.5473027859114481,,,,,,,,
6,,,avg_rsm_avg_ndvi,IN-15-0941,2,avg_rsm_z,avg_ndvi_z,,,,,-0.31123304702750876,-0.4706840819516577,,,,,,,,
10,,,avg_rsm_avg_ndvi,IN-15-0941,2,avg_rsm_z,avg_ndvi_z,,,,,-0.26863640856799875,-0.5649898769585971,,,,,,,,
6,,,avg_rsm_avg_ndvi,IN-15-0942,2,avg_rsm_z,avg_ndvi_z,,,,,-0.4546626290760273,-0.545460438516826,,,,,,,,
10,,,avg_rsm_avg_ndvi,IN-15-0942,2,avg_rsm_z,avg_ndvi_z,,,,,-0.4777164636617391,-0.4625643637434268,,,,,,,,
6,,,avg_rsm_avg_ndvi,IN-15-0943,2,avg_rsm_z,avg_ndvi_z,,,,,0.21555957911697235,-0.4463772410324391,,,,,,,,
10,,,avg_rsm_avg_ndvi,IN-15-0943,2,avg_rsm_z,avg_ndvi_z,,,,,0.1110819659576412,-0.7542740702152608,,,,,,,,
6,,,avg_rsm_avg_ndvi,IN-15-0944,2,avg_rsm_z,avg_ndvi_z,,,,,-0.16498975538863286,0.08203694996667492,,,,,,,,
10,,,avg_rsm_avg_ndvi,IN-15-0944,2,avg_rsm_z,avg_ndvi_z,,,,,-0.26079425706560677,0.41376561899820946,,,,,,,,
6,,,avg_rsm_avg_ndvi,IN-15-0952,2,avg_rsm_z,avg_ndvi_z,,,,,0.40119992794058945,0.15525790112670584,,,,,,,,
10,,,avg_rsm_avg_ndvi,IN-15-0952,2,avg_rsm_z,avg_ndvi_z,,,,,0.46728222853295404,0.29329041633952035,,,,,,,,
6,,,avg_rsm_avg_ndvi,IN-15-0953,2,avg_rsm_z,avg_ndvi_z,,,,,-0.2650237242533822,-0.18647061532888007,,,,,,,,
10,,,avg_rsm_avg_ndvi,IN-15-0953,2,avg_rsm_z,avg_ndvi_z,,,,,-0.3729579800737699,-0.22231053299960069,,,,,,,,
6,,,avg_rsm_avg_ndvi,IN-15-0954,2,avg_rsm_z,avg_ndvi_z,,,,,0.05260900265670587,0.256460318309646,,,,,,,,
10,,,avg_rsm_avg_ndvi,IN-15-0954,2,avg_rsm_z,avg_ndvi_z,,,,,0.23261493635102864,0.5114979886101008,,,,,,,,
6,,,avg_rsm_avg_ndvi,IN-15-0955,2,avg_rsm_z,avg_ndvi_z,,,,,0.433316680553596,-0.3830513062363552,,,,,,,,
10,,,avg_rsm_avg_ndvi,IN-15-0955,2,avg_rsm_z,avg_ndvi_z,,,,,0.49464799755116823,-0.4607115005603267,,,,,,,,
6,,,avg_rsm_avg_ndvi,IN-15-0957,2,avg_rsm_z,avg_ndvi_z,,,,,-0.2867823141805549,-0.1352445963309538,,,,,,,,
10,,,avg_rsm_avg_ndvi,IN-15-0957,2,avg_rsm_z,avg_ndvi_z,,,,,-0.45384259250858,-0.04722778522538402,,,,,,,,
6,,,avg_rsm_avg_ndvi,IN-15-0962,2,avg_rsm_z,avg_ndvi_z,,,,,-0.07578302934196161,-0.08214787728713867,,,,,,,,
10,,,avg_rsm_avg_ndvi,IN-15-0962,2,avg_rsm_z,avg_ndvi_z,,,,,-0.30604844671193515,0.00024344139677031536,,,,,,,,
6,,,avg_rsm_avg_ndvi,IN-15-0963,2,avg_rsm_z,avg_ndvi_z,,,,,0.10965804687117356,0.25044232497860813,,,,,,,,
10,,,avg_rsm_avg_ndvi,IN-15-0963,2,avg_rsm_z,avg_ndvi_z,,,,,0.15202368526877413,0.5356731114376347,,,,,,,,
6,,,avg_rsm_avg_ndvi,IN-15-0964,2,avg_rsm_z,avg_ndvi_z,,,,,-0.4077027117074354,-0.06285875869255388,,,,,,,,
10,,,avg_rsm_avg_ndvi,IN-15-0964,2,avg_rsm_z,avg_ndvi_z,,,,,-0.6069607454646391,0.23696473986365799,,,,,,,,
6,,,avg_rsm_avg_ndvi,IN-15-0965,2,avg_rsm_z,avg_ndvi_z,,,,,-0.04103034609031268,0.2783722247584223,,,,,,,,
10,,,avg_rsm_avg_ndvi,IN-15-0965,2,avg_rsm_z,avg_ndvi_z,,,,,0.17426126204328124,0.36825079358378765,,,,,,,,
6,,,avg_rsm_avg_ndvi,IN-16-0237,2,avg_rsm_z,avg_ndvi_z,,,,,-0.1407799069366758,0.5653738595341584,,,,,,,,
10,,,avg_rsm_avg_ndvi,IN-16-0237,2,avg_rsm_z,avg_ndvi_z,,,,,-0.05216374169704745,0.6959137868594292,,,,,,,,
6,,,avg_rsm_avg_ndvi,IN-16-0238,2,avg_rsm_z,avg_ndvi_z,,,,,-0.1516800959339462,0.12861139468587762,,,,,,,,
10,,,avg_rsm_avg_ndvi,IN-16-0238,2,avg_rsm_z,avg_ndvi_z,,,,,-0.28060258681846445,0.0035468532427075624,,,,,,,,
6,,,avg_rsm_avg_ndvi,IN-16-0239,2,avg_rsm_z,avg_ndvi_z,,,,,-0.13102668569019266,-0.1799691830624992,,,,,,,,
10,,,avg_rsm_avg_ndvi,IN-16-0239,2,avg_rsm_z,avg_ndvi_z,,,,,-0.19279157639581518,-0.1989418809055129,,,,,,,,
6,,,avg_rsm_avg_ndvi,IN-16-0240,2,avg_rsm_z,avg_ndvi_z,,,,,-0.18615716649268937,-0.11810778195763619,,,,,,,,
10,,,avg_rsm_avg_ndvi,IN-16-0240,2,avg_rsm_z,avg_ndvi_z,,,,,-0.20136632586231965,-0.1356731455341427,,,,,,,,
6,,,avg_rsm_avg_ndvi,IN-16-0241,2,avg_rsm_z,avg_ndvi_z,,,,,0.2872709940659672,0.018209075905169726,,,,,,,,
10,,,avg_rsm_avg_ndvi,IN-16-0241,2,avg_rsm_z,avg_ndvi_z,,,,,0.23853919228952342,0.048643766038499646,,,,,,,,
6,,,avg_rsm_avg_ndvi,IN-16-0242,2,avg_rsm_z,avg_ndvi_z,,,,,0.14712421857588126,0.6608351507924217,,,,,,,,
10,,,avg_rsm_avg_ndvi,IN-16-0242,2,avg_rsm_z,avg_ndvi_z,,,,,-0.12357583034884542,0.7559559936210644,,,,,,,,
6,,,avg_rsm_avg_ndvi,IN-16-0243,2,avg_rsm_z,avg_ndvi_z,,,,,-0.01707498349564982,0.4601717219512208,,,,,,,,
10,,,avg_rsm_avg_ndvi,IN-16-0243,2,avg_rsm_z,avg_ndvi_z,,,,,-0.04606995268179348,0.5858237864616171,,,,,,,,
6,,,avg_rsm_avg_ndvi,IN-16-0244,2,avg_rsm_z,avg_ndvi_z,,,,,0.29310606809591844,0.4569614558598293,,,,,,,,
10,,,avg_rsm_avg_ndvi,IN-16-0244,2,avg_rsm_z,avg_ndvi_z,,,,,0.1348308345728911,0.6337875368609817,,,,,,,,
6,,,avg_rsm_avg_ndvi,IN-16-0527,2,avg_rsm_z,avg_ndvi_z,,,,,0.5216350908745199,0.43480588716913965,,,,,,,,
10,,,avg_rsm_avg_ndvi,IN-16-0527,2,avg_rsm_z,avg_ndvi_z,,,,,0.45808880012154984,0.5095548250252585,,,,,,,,
6,,,avg_rsm_avg_ndvi,IN-16-1030,2,avg_rsm_z,avg_ndvi_z,,,,,0.5010672700546587,0.6343217501237443,,,,,,,,
10,,,avg_rsm_avg_ndvi,IN-16-1030,2,avg_rsm_z,avg_ndvi_z,,,,,0.5820760352335645,0.6293661842310656,,,,,,,,
6,,,avg_rsm_avg_ndvi,IN-16-1032,2,avg_rsm_z,avg_ndvi_z,,,,,0.15019311617557035,0.15745942473953403,,,,,,,,
10,,,avg_rsm_avg_ndvi,IN-16-1032,2,avg_rsm_z,avg_ndvi_z,,,,,0.09601537549191942,0.2958040235415037,,,,,,,,
6,,,avg_rsm_avg_ndvi,IN-16-1043,2,avg_rsm_z,avg_ndvi_z,,,,,-0.11262209226652158,-0.38236056202269014,,,,,,,,
10,,,avg_rsm_avg_ndvi,IN-16-1043,2,avg_rsm_z,avg_ndvi_z,,,,,0.3802747619456818,-0.4884509388836736,,,,,,,,
6,,,avg_rsm_avg_ndvi,IN-17-0601,2,avg_rsm_z,avg_ndvi_z,,,,,-0.5327370908854243,-0.19886694677066813,,,,,,,,
10,,,avg_rsm_avg_ndvi,IN-17-0601,2,avg_rsm_z,avg_ndvi_z,,,,,-0.43451714985689077,0.16252990101150602,,,,,,,,
6,,,avg_rsm_avg_ndvi,IN-17-0602,2,avg_rsm_z,avg_ndvi_z,,,,,-0.135732508724059,-0.2951205982900896,,,,,,,,
10,,,avg_rsm_avg_ndvi,IN-17-0602,2,avg_rsm_z,avg_ndvi_z,,,,,-0.41865338968202986,-0.36279077648965297,,,,,,,,
6,,,avg_rsm_avg_ndvi,IN-17-0603,2,avg_rsm_z,avg_ndvi_z,,,,,-0.2968733541662585,-0.25980614595180734,,,,,,,,
10,,,avg_rsm_avg_ndvi,IN-17-0603,2,avg_rsm_z,avg_ndvi_z,,,,,-0.3201201295879537,-0.3092392477159994,,,,,,,,
6,,,avg_rsm_avg_ndvi,IN-17-0604,2,avg_rsm_z,avg_ndvi_z,,,,,0.289429518630622,-0.3502504560827043,,,,,,,,
10,,,avg_rsm_avg_ndvi,IN-17-0604,2,avg_rsm_z,avg_ndvi_z,,,,,0.35790832177849136,-0.5494089141951035,,,,,,,,
6,,,avg_rsm_avg_ndvi,IN-17-0605,2,avg_rsm_z,avg_ndvi_z,,,,,0.06439080312042818,-0.4058402263225327,,,,,,,,
10,,,avg_rsm_avg_ndvi,IN-17-0605,2,avg_rsm_z,avg_ndvi_z,,,,,0.15041669601699484,-0.28796160528605313,,,,,,,,
6,,,avg_rsm_avg_ndvi,IN-17-0606,2,avg_rsm_z,avg_ndvi_z,,,,,0.18540220399516696,0.09673312466480655,,,,,,,,
10,,,avg_rsm_avg_ndvi,IN-17-0606,2,avg_rsm_z,avg_ndvi_z,,,,,-0.08094580646360824,0.20164114362585844,,,,,,,,
6,,,avg_rsm_avg_ndvi,IN-17-0607,2,avg_rsm_z,avg_ndvi_z,,,,,-0.3508319869160224,-0.16102720029770148,,,,,,,,
10,,,avg_rsm_avg_ndvi,IN-17-0607,2,avg_rsm_z,avg_ndvi_z,,,,,-0.19435030964330563,-0.04360706510961051,,,,,,,,
6,,,avg_rsm_avg_ndvi,IN-17-0608,2,avg_rsm_z,avg_ndvi_z,,,,,0.3595315766860242,-0.40271029355276183,,,,,,,,
6,,,avg_rsm_avg_ndvi,IN-17-0609,2,avg_rsm_z,avg_ndvi_z,,,,,-0.44751669955176504,-0.5538916324098514,,,,,,,,
10,,,avg_rsm_avg_ndvi,IN-17-0609,2,avg_rsm_z,avg_ndvi_z,,,,,-0.5510618099718095,-0.5795802801645239,,,,,,,,
6,,,avg_rsm_avg_ndvi,IN-17-0610,2,avg_rsm_z,avg_ndvi_z,,,,,-0.11174493417148716,-0.3757581960929125,,,,,,,,
10,,,avg_rsm_avg_ndvi,IN-17-0610,2,avg_rsm_z,avg_ndvi_z,,,,,-0.2019936944540607,-0.5285002423012122,,,,,,,,
6,,,avg_rsm_avg_ndvi,IN-17-0615,2,avg_rsm_z,avg_ndvi_z,,,,,0.03342202868335195,-0.3782079324097995,,,,,,,,
10,,,avg_rsm_avg_ndvi,IN-17-0615,2,avg_rsm_z,avg_ndvi_z,,,,,0.023689167503301113,-0.4158865834099942,,,,,,,,
6,,,avg_rsm_avg_ndvi,IN-17-0616,2,avg_rsm_z,avg_ndvi_z,,,,,-0.13468201669477944,-0.5259279007784449,,,,,,,,
10,,,avg_rsm_avg_ndvi,IN-17-0616,2,avg_rsm_z,avg_ndvi_z,,,,,-0.3152569501474041,-0.6705113025764826,,,,,,,,
6,,,avg_rsm_avg_ndvi,IN-17-0617,2,avg_rsm_z,avg_ndvi_z,,,,,-0.019865391759347213,-0.4615172441563776,,,,,,,,
10,,,avg_rsm_avg_ndvi,IN-17-0617,2,avg_rsm_z,avg_ndvi_z,,,,,0.06542298794495968,-0.4071360605834523,,,,,,,,
6,,,avg_rsm_avg_ndvi,IN-17-0618,2,avg_rsm_z,avg_ndvi_z,,,,,-0.46429334458763716,0.05856498482256896,,,,,,,,
10,,,avg_rsm_avg_ndvi,IN-17-0618,2,avg_rsm_z,avg_ndvi_z,,,,,-0.3644269238713193,0.0573714739820688,,,,,,,,
6,,,avg_rsm_avg_ndvi,IN-17-0619,2,avg_rsm_z,avg_ndvi_z,,,,,-0.2768401048025882,-0.2558160707202239,,,,,,,,
10,,,avg_rsm_avg_ndvi,IN-17-0619,2,avg_rsm_z,avg_ndvi_z,,,,,-0.3794499493691082,-0.2761948916502641,,,,,,,,
6,,,avg_rsm_avg_ndvi,IN-17-0620,2,avg_rsm_z,avg_ndvi_z,,,,,0.18286004026018876,-0.1573961013028001,,,,,,,,
10,,,avg_rsm_avg_ndvi,IN-17-0620,2,avg_rsm_z,avg_ndvi_z,,,,,0.017776788518071816,-0.055851244776928835,,,,,,,,
6,,,avg_rsm_avg_ndvi,IN-17-0621,2,avg_rsm_z,avg_ndvi_z,,,,,-0.05476070408037724,-0.2395642473930734,,,,,,,,
10,,,avg_rsm_avg_ndvi,IN-17-0621,2,avg_rsm_z,avg_ndvi_z,,,,,-0.15283789098090209,0.041025324671867314,,,,,,,,
6,,,avg_rsm_avg_ndvi,IN-17-0622,2,avg_rsm_z,avg_ndvi_z,,,,,-0.2310476541825545,-0.0017001512503113474,,,,,,,,
10,,,avg_rsm_avg_ndvi,IN-17-0622,2,avg_rsm_z,avg_ndvi_z,,,,,-0.21383008007002174,0.026147974153830217,,,,,,,,
6,,,avg_rsm_avg_ndvi,IN-17-1047,2,avg_rsm_z,avg_ndvi_z,,,,,-0.037956380624755925,0.3303168177873753,,,,,,,,
10,,,avg_rsm_avg_ndvi,IN-17-1047,2,avg_rsm_z,avg_ndvi_z,,,,,-0.30030187208048587,0.522749883335478,,,,,,,,
6,,,avg_rsm_avg_ndvi,IN-17-1048,2,avg_rsm_z,avg_ndvi_z,,,,,-0.04370594901469607,-0.46583464331922253,,,,,,,,
10,,,avg_rsm_avg_ndvi,IN-17-1048,2,avg_rsm_z,avg_ndvi_z,,,,,-0.010534732355640564,-0.6432218393495889,,,,,,,,
6,,,avg_rsm_avg_ndvi,IN-17-1050,2,avg_rsm_z,avg_ndvi_z,,,,,-0.49649226058150964,-0.3874144428720637,,,,,,,,
10,,,avg_rsm_avg_ndvi,IN-17-1050,2,avg_rsm_z,avg_ndvi_z,,,,,-0.5165779143474285,-0.4302952952018789,,,,,,,,
6,,,avg_rsm_avg_ndvi,IN-17-1051,2,avg_rsm_z,avg_ndvi_z,,,,,-0.33834755489206453,-0.5083598304770063,,,,,,,,
10,,,avg_rsm_avg_ndvi,IN-17-1051,2,avg_rsm_z,avg_ndvi_z,,,,,-0.19001761143493476,-0.5562853206813031,,,,,,,,
6,,,avg_rsm_avg_ndvi,IN-17-2017,2,avg_rsm_z,avg_ndvi_z,,,,,0.05657442892530461,-0.16295387404911393,,,,,,,,
10,,,avg_rsm_avg_ndvi,IN-17-2017,2,avg_rsm_z,avg_ndvi_z,,,,,0.012328248909608285,-0.25345416336557763,,,,,,,,
6,,,avg_rsm_avg_ndvi,IN-17-2018,2,avg_rsm_z,avg_ndvi_z,,,,,0.5216338325090855,-0.22113931487255392,,,,,,,,
10,,,avg_rsm_avg_ndvi,IN-17-2018,2,avg_rsm_z,avg_ndvi_z,,,,,0.5524474756291715,-0.4742730278150205,,,,,,,,
6,,,avg_rsm_avg_ndvi,IN-17-2019,2,avg_rsm_z,avg_ndvi_z,,,,,0.2682860518534447,0.155276244300826,,,,,,,,
10,,,avg_rsm_avg_ndvi,IN-17-2019,2,avg_rsm_z,avg_ndvi_z,,,,,0.16059546282657133,0.0401393725858521,,,,,,,,
6,,,avg_rsm_avg_ndvi,IN-18-0626,2,avg_rsm_z,avg_ndvi_z,,,,,0.1361307799518947,0.48100009591348136,,,,,,,,
10,,,avg_rsm_avg_ndvi,IN-18-0626,2,avg_rsm_z,avg_ndvi_z,,,,,-0.21650112591164908,0.5638253402635007,,,,,,,,
6,,,avg_rsm_avg_ndvi,IN-18-0627,2,avg_rsm_z,avg_ndvi_z,,,,,-0.13215291164274096,-0.2943264551079919,,,,,,,,
10,,,avg_rsm_avg_ndvi,IN-18-0627,2,avg_rsm_z,avg_ndvi_z,,,,,-0.02042811591618024,-0.47960510162276593,,,,,,,,
6,,,avg_rsm_avg_ndvi,IN-18-0628,2,avg_rsm_z,avg_ndvi_z,,,,,-0.02378680533197351,0.3050896258353174,,,,,,,,
10,,,avg_rsm_avg_ndvi,IN-18-0628,2,avg_rsm_z,avg_ndvi_z,,,,,-0.05466742120310234,0.45070544047717426,,,,,,,,
6,,,avg_rsm_avg_ndvi,IN-18-0629,2,avg_rsm_z,avg_ndvi_z,,,,,-0.13646756010649025,0.0639823689995184,,,,,,,,
10,,,avg_rsm_avg_ndvi,IN-18-0629,2,avg_rsm_z,avg_ndvi_z,,,,,-0.031676372260493864,0.3485123752340872,,,,,,,,
6,,,avg_rsm_avg_ndvi,IN-18-0631,2,avg_rsm_z,avg_ndvi_z,,,,,0.6400210888466382,0.296918562489624,,,,,,,,
10,,,avg_rsm_avg_ndvi,IN-18-0631,2,avg_rsm_z,avg_ndvi_z,,,,,0.7047769463675746,0.45061085448045707,,,,,,,,
6,,,avg_rsm_avg_ndvi,IN-18-0633,2,avg_rsm_z,avg_ndvi_z,,,,,0.3960801460953841,0.5948024456239928,,,,,,,,
10,,,avg_rsm_avg_ndvi,IN-18-0633,2,avg_rsm_z,avg_ndvi_z,,,,,0.3462001322867731,0.7202810407816591,,,,,,,,
6,,,avg_rsm_avg_ndvi,IN-18-0634,2,avg_rsm_z,avg_ndvi_z,,,,,-0.11889279382638582,0.43404210449581954,,,,,,,,
10,,,avg_rsm_avg_ndvi,IN-18-0634,2,avg_rsm_z,avg_ndvi_z,,,,,-0.3374788182749618,0.5609254272166331,,,,,,,,
6,,,avg_rsm_avg_ndvi,IN-18-0635,2,avg_rsm_z,avg_ndvi_z,,,,,0.27464162313881035,-0.096609419641562,,,,,,,,
10,,,avg_rsm_avg_ndvi,IN-18-0635,2,avg_rsm_z,avg_ndvi_z,,,,,0.4224633743412912,0.41086194519676605,,,,,,,,
6,,,avg_rsm_avg_ndvi,IN-18-0636,2,avg_rsm_z,avg_ndvi_z,,,,,0.4788650944276524,0.30565272477527883,,,,,,,,
10,,,avg_rsm_avg_ndvi,IN-18-0636,2,avg_rsm_z,avg_ndvi_z,,,,,0.46686631993684113,0.4231574312387593,,,,,,,,
6,,,avg_rsm_avg_ndvi,IN-18-0637,2,avg_rsm_z,avg_ndvi_z,,,,,-0.04150111328173953,0.2760757031193174,,,,,,,,
10,,,avg_rsm_avg_ndvi,IN-18-0637,2,avg_rsm_z,avg_ndvi_z,,,,,-0.34383410929910774,0.3101098129518218,,,,,,,,
6,,,avg_rsm_avg_ndvi,IN-20-0056,2,avg_rsm_z,avg_ndvi_z,,,,,0.08223809796643922,0.009841729830865755,,,,,,,,
10,,,avg_rsm_avg_ndvi,IN-20-0056,2,avg_rsm_z,avg_ndvi_z,,,,,-0.041398266607571864,0.3619754309286118,,,,,,,,
6,,,avg_rsm_avg_ndvi,IN-20-0057,2,avg_rsm_z,avg_ndvi_z,,,,,-0.24335794234786062,-0.20465958961210923,,,,,,,,
10,,,avg_rsm_avg_ndvi,IN-20-0057,2,avg_rsm_z,avg_ndvi_z,,,,,-0.2808760841961451,-0.20216147879376606,,,,,,,,
6,,,avg_rsm_avg_ndvi,IN-20-0058,2,avg_rsm_z,avg_ndvi_z,,,,,0.2964000262541578,0.0032966054601658466,,,,,,,,
10,,,avg_rsm_avg_ndvi,IN-20-0058,2,avg_rsm_z,avg_ndvi_z,,,,,0.23178902512509097,-0.012903346625106865,,,,,,,,
6,,,avg_rsm_avg_ndvi,IN-20-0063,2,avg_rsm_z,avg_ndvi_z,,,,,-0.4063753832512222,-0.2458582477279357,,,,,,,,
10,,,avg_rsm_avg_ndvi,IN-20-0063,2,avg_rsm_z,avg_ndvi_z,,,,,-0.45821959885603836,-0.39201371001052343,,,,,,,,
6,,,avg_rsm_avg_ndvi,IN-20-0520,2,avg_rsm_z,avg_ndvi_z,,,,,0.12550174607099976,0.043831582512009234,,,,,,,,
10,,,avg_rsm_avg_ndvi,IN-20-0520,2,avg_rsm_z,avg_ndvi_z,,,,,0.16036304544075614,0.02560550800292319,,,,,,,,
6,,,avg_rsm_avg_fpar,IN-01-0051,2,avg_rsm_z,avg_fpar_z,,,,,,,-0.2576119735681403,-0.3452175040023634,,,,,,
10,,,avg_rsm_avg_fpar,IN-01-0051,2,avg_rsm_z,avg_fpar_z,,,,,,,-0.46105755299050044,-0.41842183860152815,,,,,,
6,,,avg_rsm_avg_fpar,IN-01-0052,2,avg_rsm_z,avg_fpar_z,,,,,,,0.3277255840820757,-0.13649603981087077,,,,,,
10,,,avg_rsm_avg_fpar,IN-01-0052,2,avg_rsm_z,avg_fpar_z,,,,,,,0.404244210665193,-0.05572236453887434,,,,,,
6,,,avg_rsm_avg_fpar,IN-01-0053,2,avg_rsm_z,avg_fpar_z,,,,,,,0.30236491693267087,0.3560157122912906,,,,,,
10,,,avg_rsm_avg_fpar,IN-01-0053,2,avg_rsm_z,avg_fpar_z,,,,,,,0.2680759457122308,0.41611486200954273,,,,,,
6,,,avg_rsm_avg_fpar,IN-02-0902,2,avg_rsm_z,avg_fpar_z,,,,,,,0.23239523934301104,0.5862390305735311,,,,,,
10,,,avg_rsm_avg_fpar,IN-02-0902,2,avg_rsm_z,avg_fpar_z,,,,,,,0.43802938434334965,0.6325437181256144,,,,,,
6,,,avg_rsm_avg_fpar,IN-02-0903,2,avg_rsm_z,avg_fpar_z,,,,,,,0.485355323680608,0.5280932712286831,,,,,,
10,,,avg_rsm_avg_fpar,IN-02-0903,2,avg_rsm_z,avg_fpar_z,,,,,,,0.6121760501249797,0.7946408382746352,,,,,,
6,,,avg_rsm_avg_fpar,IN-02-0904,2,avg_rsm_z,avg_fpar_z,,,,,,,0.3162139233759582,0.5878744519199676,,,,,,
10,,,avg_rsm_avg_fpar,IN-02-0904,2,avg_rsm_z,avg_fpar_z,,,,,,,0.4865050946016802,0.8405780551573663,,,,,,
6,,,avg_rsm_avg_fpar,IN-02-0905,2,avg_rsm_z,avg_fpar_z,,,,,,,-0.05763161155222611,0.3375332668407188,,,,,,
10,,,avg_rsm_avg_fpar,IN-02-0905,2,avg_rsm_z,avg_fpar_z,,,,,,,0.13787789828698654,0.46155366126897557,,,,,,
6,,,avg_rsm_avg_fpar,IN-02-0906,2,avg_rsm_z,avg_fpar_z,,,,,,,0.12123825776576273,0.3408267664445401,,,,,,
10,,,avg_rsm_avg_fpar,IN-02-0906,2,avg_rsm_z,avg_fpar_z,,,,,,,0.30085965094112377,0.05547761490194025,,,,,,
6,,,avg_rsm_avg_fpar,IN-02-0907,2,avg_rsm_z,avg_fpar_z,,,,,,,0.25216180807226796,0.35747858868827187,,,,,,
10,,,avg_rsm_avg_fpar,IN-02-0907,2,avg_rsm_z,avg_fpar_z,,,,,,,0.3780135408835784,0.6858035532075999,,,,,,
6,,,avg_rsm_avg_fpar,IN-02-0908,2,avg_rsm_z,avg_fpar_z,,,,,,,-0.033862779243233894,0.12681891121194613,,,,,,
10,,,avg_rsm_avg_fpar,IN-02-0908,2,avg_rsm_z,avg_fpar_z,,,,,,,0.09360800992000624,0.005861078033686459,,,,,,
6,,,avg_rsm_avg_fpar,IN-02-0909,2,avg_rsm_z,avg_fpar_z,,,,,,,-0.053958000092783884,0.28339609493515044,,,,,,
10,,,avg_rsm_avg_fpar,IN-02-0909,2,avg_rsm_z,avg_fpar_z,,,,,,,0.0065857681376425715,0.28381600984261723,,,,,,
6,,,avg_rsm_avg_fpar,IN-02-0912,2,avg_rsm_z,avg_fpar_z,,,,,,,0.04795446672442936,-0.09552100992735503,,,,,,
10,,,avg_rsm_avg_fpar,IN-02-0912,2,avg_rsm_z,avg_fpar_z,,,,,,,0.1604032865009608,-0.06175529890827647,,,,,,
6,,,avg_rsm_avg_fpar,IN-02-0918,2,avg_rsm_z,avg_fpar_z,,,,,,,0.25817769284933945,0.02646929702575679,,,,,,
10,,,avg_rsm_avg_fpar,IN-02-0918,2,avg_rsm_z,avg_fpar_z,,,,,,,0.3503382270456562,-0.04335993966177437,,,,,,
6,,,avg_rsm_avg_fpar,IN-02-0919,2,avg_rsm_z,avg_fpar_z,,,,,,,0.04195622683482416,-0.06467055752575239,,,,,,
10,,,avg_rsm_avg_fpar,IN-02-0919,2,avg_rsm_z,avg_fpar_z,,,,,,,0.09742333901805544,-0.408426536192502,,,,,,
6,,,avg_rsm_avg_fpar,IN-02-0920,2,avg_rsm_z,avg_fpar_z,,,,,,,-0.04853407053118561,-0.14744094348840173,,,,,,
10,,,avg_rsm_avg_fpar,IN-02-0920,2,avg_rsm_z,avg_fpar_z,,,,,,,-0.01466610897677722,-0.0901934831829935,,,,,,
6,,,avg_rsm_avg_fpar,IN-02-0921,2,avg_rsm_z,avg_fpar_z,,,,,,,0.22719048316695364,-0.04099425797464293,,,,,,
10,,,avg_rsm_avg_fpar,IN-02-0921,2,avg_rsm_z,avg_fpar_z,,,,,,,0.3497559609140571,-0.15918985006908218,,,,,,
6,,,avg_rsm_avg_fpar,IN-02-0922,2,avg_rsm_z,avg_fpar_z,,,,,,,0.08610013588686914,-0.03735663773770583,,,,,,
10,,,avg_rsm_avg_fpar,IN-02-0922,2,avg_rsm_z,avg_fpar_z,,,,,,,-0.027482066464100785,-0.28175232279914064,,,,,,
6,,,avg_rsm_avg_fpar,IN-02-0923,2,avg_rsm_z,avg_fpar_z,,,,,,,0.08763223502931093,0.3016888236062721,,,,,,
10,,,avg_rsm_avg_fpar,IN-02-0923,2,avg_rsm_z,avg_fpar_z,,,,,,,0.18886338155816107,0.19392341681667746,,,,,,
6,,,avg_rsm_avg_fpar,IN-02-0924,2,avg_rsm_z,avg_fpar_z,,,,,,,0.018577273551917683,0.31086132848539283,,,,,,
10,,,avg_rsm_avg_fpar,IN-02-0924,2,avg_rsm_z,avg_fpar_z,,,,,,,0.18078535965391307,0.05450310779754838,,,,,,
6,,,avg_rsm_avg_fpar,IN-02-0925,2,avg_rsm_z,avg_fpar_z,,,,,,,0.27673806342939716,0.3880243675041345,,,,,,
10,,,avg_rsm_avg_fpar,IN-02-0925,2,avg_rsm_z,avg_fpar_z,,,,,,,0.39087458792000135,0.3440685674852021,,,,,,
6,,,avg_rsm_avg_fpar,IN-02-0926,2,avg_rsm_z,avg_fpar_z,,,,,,,0.21712172009239863,0.3404818874627063,,,,,,
10,,,avg_rsm_avg_fpar,IN-02-0926,2,avg_rsm_z,avg_fpar_z,,,,,,,0.28671885621068577,0.17390867084324305,,,,,,
6,,,avg_rsm_avg_fpar,IN-02-0927,2,avg_rsm_z,avg_fpar_z,,,,,,,0.19208421661890523,0.43165774153574593,,,,,,
10,,,avg_rsm_avg_fpar,IN-02-0927,2,avg_rsm_z,avg_fpar_z,,,,,,,0.3483346368440262,0.47335056945419546,,,,,,
6,,,avg_rsm_avg_fpar,IN-02-0928,2,avg_rsm_z,avg_fpar_z,,,,,,,0.4104697107483147,0.4906906775918811,,,,,,
10,,,avg_rsm_avg_fpar,IN-02-0928,2,avg_rsm_z,avg_fpar_z,,,,,,,0.564230829035375,0.5759272191594763,,,,,,
6,,,avg_rsm_avg_fpar,IN-02-0929,2,avg_rsm_z,avg_fpar_z,,,,,,,0.3401885669407899,0.5047213096732247,,,,,,
10,,,avg_rsm_avg_fpar,IN-02-0929,2,avg_rsm_z,avg_fpar_z,,,,,,,0.4531346322882495,0.7218063130992866,,,,,,
6,,,avg_rsm_avg_fpar,IN-02-0930,2,avg_rsm_z,avg_fpar_z,,,,,,,0.22126407836450407,0.4917442561033501,,,,,,
10,,,avg_rsm_avg_fpar,IN-02-0930,2,avg_rsm_z,avg_fpar_z,,,,,,,0.4403689956784317,0.6762239106019946,,,,,,
6,,,avg_rsm_avg_fpar,IN-02-0931,2,avg_rsm_z,avg_fpar_z,,,,,,,0.28365153090664313,0.37004392579734063,,,,,,
10,,,avg_rsm_avg_fpar,IN-02-0931,2,avg_rsm_z,avg_fpar_z,,,,,,,0.4297615084985029,0.4798731239168547,,,,,,
6,,,avg_rsm_avg_fpar,IN-02-0932,2,avg_rsm_z,avg_fpar_z,,,,,,,-0.11635722785016464,0.09022779743814802,,,,,,
10,,,avg_rsm_avg_fpar,IN-02-0932,2,avg_rsm_z,avg_fpar_z,,,,,,,0.09205873276931462,0.30498239002437855,,,,,,
6,,,avg_rsm_avg_fpar,IN-02-0934,2,avg_rsm_z,avg_fpar_z,,,,,,,0.03778752932767996,-0.29815679688585206,,,,,,
10,,,avg_rsm_avg_fpar,IN-02-0934,2,avg_rsm_z,avg_fpar_z,,,,,,,0.11449617914115975,-0.2906136144944573,,,,,,
6,,,avg_rsm_avg_fpar,IN-02-0935,2,avg_rsm_z,avg_fpar_z,,,,,,,0.34878987724857197,0.3533543513042302,,,,,,
10,,,avg_rsm_avg_fpar,IN-02-0935,2,avg_rsm_z,avg_fpar_z,,,,,,,0.6492930889608666,0.6884057367879305,,,,,,
6,,,avg_rsm_avg_fpar,IN-02-0936,2,avg_rsm_z,avg_fpar_z,,,,,,,0.530905033617201,0.6385557952433778,,,,,,
10,,,avg_rsm_avg_fpar,IN-02-0936,2,avg_rsm_z,avg_fpar_z,,,,,,,0.6674110144942699,0.8375991571696202,,,,,,
6,,,avg_rsm_avg_fpar,IN-02-0945,2,avg_rsm_z,avg_fpar_z,,,,,,,0.37126767188831356,0.23820132761515617,,,,,,
10,,,avg_rsm_avg_fpar,IN-02-0945,2,avg_rsm_z,avg_fpar_z,,,,,,,0.6010212405813032,0.5398361874881027,,,,,,
6,,,avg_rsm_avg_fpar,IN-02-0946,2,avg_rsm_z,avg_fpar_z,,,,,,,0.04960400812985002,0.10185011426408881,,,,,,
10,,,avg_rsm_avg_fpar,IN-02-0946,2,avg_rsm_z,avg_fpar_z,,,,,,,0.030248397123392425,-0.02534121488865417,,,,,,
6,,,avg_rsm_avg_fpar,IN-02-0947,2,avg_rsm_z,avg_fpar_z,,,,,,,0.2288210145000745,-0.10757239620508212,,,,,,
10,,,avg_rsm_avg_fpar,IN-02-0947,2,avg_rsm_z,avg_fpar_z,,,,,,,0.09143288013945025,-0.11937190929035077,,,,,,
6,,,avg_rsm_avg_fpar,IN-02-0948,2,avg_rsm_z,avg_fpar_z,,,,,,,0.049544625336144385,-0.19816729093996618,,,,,,
10,,,avg_rsm_avg_fpar,IN-02-0948,2,avg_rsm_z,avg_fpar_z,,,,,,,0.09947187194603432,-0.18271853758910905,,,,,,
6,,,avg_rsm_avg_fpar,IN-02-0949,2,avg_rsm_z,avg_fpar_z,,,,,,,0.3223745804489978,0.21821610772180197,,,,,,
10,,,avg_rsm_avg_fpar,IN-02-0949,2,avg_rsm_z,avg_fpar_z,,,,,,,0.42776917443434526,-0.13681984205326078,,,,,,
6,,,avg_rsm_avg_fpar,IN-02-0950,2,avg_rsm_z,avg_fpar_z,,,,,,,-0.22972739124778396,-0.04181200924536156,,,,,,
10,,,avg_rsm_avg_fpar,IN-02-0950,2,avg_rsm_z,avg_fpar_z,,,,,,,-0.2969539613844051,0.025654749035705214,,,,,,
6,,,avg_rsm_avg_fpar,IN-02-0951,2,avg_rsm_z,avg_fpar_z,,,,,,,0.47601332796161977,0.251881213339589,,,,,,
10,,,avg_rsm_avg_fpar,IN-02-0951,2,avg_rsm_z,avg_fpar_z,,,,,,,0.7468095340356883,0.535886269731191,,,,,,
6,,,avg_rsm_avg_fpar,IN-02-0956,2,avg_rsm_z,avg_fpar_z,,,,,,,-0.0962735520803702,0.4155752619445828,,,,,,
10,,,avg_rsm_avg_fpar,IN-02-0956,2,avg_rsm_z,avg_fpar_z,,,,,,,-0.01934093726297933,0.5469912141370874,,,,,,
6,,,avg_rsm_avg_fpar,IN-02-0958,2,avg_rsm_z,avg_fpar_z,,,,,,,0.05547463408683266,0.03802230793973045,,,,,,
10,,,avg_rsm_avg_fpar,IN-02-0958,2,avg_rsm_z,avg_fpar_z,,,,,,,0.05951147384115274,-0.32219459753093993,,,,,,
6,,,avg_rsm_avg_fpar,IN-02-0960,2,avg_rsm_z,avg_fpar_z,,,,,,,0.37968920330810063,0.3951053472542981,,,,,,
10,,,avg_rsm_avg_fpar,IN-02-0960,2,avg_rsm_z,avg_fpar_z,,,,,,,0.5922785337790181,0.6907503799723989,,,,,,
6,,,avg_rsm_avg_fpar,IN-02-0961,2,avg_rsm_z,avg_fpar_z,,,,,,,-0.1867937111165638,0.06840047009233019,,,,,,
10,,,avg_rsm_avg_fpar,IN-02-0961,2,avg_rsm_z,avg_fpar_z,,,,,,,-0.11811835734711718,0.08490288395721853,,,,,,
6,,,avg_rsm_avg_fpar,IN-03-0121,2,avg_rsm_z,avg_fpar_z,,,,,,,-0.47591641651478545,-0.14530830994105898,,,,,,
10,,,avg_rsm_avg_fpar,IN-03-0121,2,avg_rsm_z,avg_fpar_z,,,,,,,-0.32631897056534626,0.0038168934946071513,,,,,,
6,,,avg_rsm_avg_fpar,IN-03-0122,2,avg_rsm_z,avg_fpar_z,,,,,,,0.027934788258421238,0.2239103984344708,,,,,,
10,,,avg_rsm_avg_fpar,IN-03-0122,2,avg_rsm_z,avg_fpar_z,,,,,,,0.09122864216443097,-0.13759514413248414,,,,,,
6,,,avg_rsm_avg_fpar,IN-03-0123,2,avg_rsm_z,avg_fpar_z,,,,,,,-0.04059854729967328,-0.17104199051283184,,,,,,
10,,,avg_rsm_avg_fpar,IN-03-0123,2,avg_rsm_z,avg_fpar_z,,,,,,,-0.3902924685202103,-0.1271712996934175,,,,,,
6,,,avg_rsm_avg_fpar,IN-03-0124,2,avg_rsm_z,avg_fpar_z,,,,,,,-0.38714916005706146,-0.3092713149167836,,,,,,
10,,,avg_rsm_avg_fpar,IN-03-0124,2,avg_rsm_z,avg_fpar_z,,,,,,,-0.20791050942134767,-0.11608270672229684,,,,,,
6,,,avg_rsm_avg_fpar,IN-03-0125,2,avg_rsm_z,avg_fpar_z,,,,,,,-0.4526747371078855,-0.3908492106568279,,,,,,
10,,,avg_rsm_avg_fpar,IN-03-0125,2,avg_rsm_z,avg_fpar_z,,,,,,,-0.013312118577749993,0.10804155299073852,,,,,,
6,,,avg_rsm_avg_fpar,IN-03-0126,2,avg_rsm_z,avg_fpar_z,,,,,,,-0.2872306854599442,0.4216463932507833,,,,,,
10,,,avg_rsm_avg_fpar,IN-03-0126,2,avg_rsm_z,avg_fpar_z,,,,,,,-0.284399075734891,0.394424833912036,,,,,,
6,,,avg_rsm_avg_fpar,IN-03-0128,2,avg_rsm_z,avg_fpar_z,,,,,,,-0.47571608808705496,-0.6825862041517057,,,,,,
10,,,avg_rsm_avg_fpar,IN-03-0128,2,avg_rsm_z,avg_fpar_z,,,,,,,-0.3107419540009037,-0.6565803233250355,,,,,,
6,,,avg_rsm_avg_fpar,IN-03-0129,2,avg_rsm_z,avg_fpar_z,,,,,,,-0.0780515713835023,-0.045948626939305424,,,,,,
10,,,avg_rsm_avg_fpar,IN-03-0129,2,avg_rsm_z,avg_fpar_z,,,,,,,0.055194764634741336,0.2724999736830106,,,,,,
6,,,avg_rsm_avg_fpar,IN-03-0130,2,avg_rsm_z,avg_fpar_z,,,,,,,-0.1878371597441212,0.09146341174186522,,,,,,
10,,,avg_rsm_avg_fpar,IN-03-0130,2,avg_rsm_z,avg_fpar_z,,,,,,,-0.05891771538128647,0.1854859816968782,,,,,,
6,,,avg_rsm_avg_fpar,IN-03-0131,2,avg_rsm_z,avg_fpar_z,,,,,,,-0.41541251039879656,-0.15209668042661775,,,,,,
10,,,avg_rsm_avg_fpar,IN-03-0131,2,avg_rsm_z,avg_fpar_z,,,,,,,-0.3662288578880248,-0.3091645322098395,,,,,,
6,,,avg_rsm_avg_fpar,IN-03-0132,2,avg_rsm_z,avg_fpar_z,,,,,,,0.30970275061199815,0.5560318045021442,,,,,,
10,,,avg_rsm_avg_fpar,IN-03-0132,2,avg_rsm_z,avg_fpar_z,,,,,,,0.5249516346109739,0.730229976944171,,,,,,
6,,,avg_rsm_avg_fpar,IN-03-0133,2,avg_rsm_z,avg_fpar_z,,,,,,,-0.04598417977950505,-0.2529042745668916,,,,,,
10,,,avg_rsm_avg_fpar,IN-03-0133,2,avg_rsm_z,avg_fpar_z,,,,,,,-0.19920481518983962,-0.3824311815226756,,,,,,
6,,,avg_rsm_avg_fpar,IN-03-0134,2,avg_rsm_z,avg_fpar_z,,,,,,,-0.4348667105287838,-0.06184702102229576,,,,,,
10,,,avg_rsm_avg_fpar,IN-03-0134,2,avg_rsm_z,avg_fpar_z,,,,,,,-0.37934361580161613,-0.0074404235130062085,,,,,,
6,,,avg_rsm_avg_fpar,IN-03-0135,2,avg_rsm_z,avg_fpar_z,,,,,,,-0.06583895553732276,-0.11680218561182151,,,,,,
10,,,avg_rsm_avg_fpar,IN-03-0135,2,avg_rsm_z,avg_fpar_z,,,,,,,0.08388941158576875,0.12238060710932323,,,,,,
6,,,avg_rsm_avg_fpar,IN-03-0136,2,avg_rsm_z,avg_fpar_z,,,,,,,0.2072770429958227,-0.1843973318717706,,,,,,
10,,,avg_rsm_avg_fpar,IN-03-0136,2,avg_rsm_z,avg_fpar_z,,,,,,,0.37850589506210375,-0.343954985024845,,,,,,
6,,,avg_rsm_avg_fpar,IN-03-0137,2,avg_rsm_z,avg_fpar_z,,,,,,,-0.12015977895752424,-0.45307587209223577,,,,,,
10,,,avg_rsm_avg_fpar,IN-03-0137,2,avg_rsm_z,avg_fpar_z,,,,,,,0.0409947753347669,-0.2586763221064881,,,,,,
6,,,avg_rsm_avg_fpar,IN-03-0138,2,avg_rsm_z,avg_fpar_z,,,,,,,-0.2954227670447548,0.2969507132379771,,,,,,
10,,,avg_rsm_avg_fpar,IN-03-0138,2,avg_rsm_z,avg_fpar_z,,,,,,,-0.5622941920948618,0.46170069275264625,,,,,,
6,,,avg_rsm_avg_fpar,IN-03-0518,2,avg_rsm_z,avg_fpar_z,,,,,,,-0.3605634856788802,-0.12944941748353841,,,,,,
10,,,avg_rsm_avg_fpar,IN-03-0518,2,avg_rsm_z,avg_fpar_z,,,,,,,-0.45525514863311206,-0.2556291873068803,,,,,,
6,,,avg_rsm_avg_fpar,IN-03-1001,2,avg_rsm_z,avg_fpar_z,,,,,,,-0.36659481081862105,-0.39024322766603303,,,,,,
10,,,avg_rsm_avg_fpar,IN-03-1001,2,avg_rsm_z,avg_fpar_z,,,,,,,-0.3073493416248013,-0.338925246256764,,,,,,
6,,,avg_rsm_avg_fpar,IN-03-1002,2,avg_rsm_z,avg_fpar_z,,,,,,,-0.0837622160092278,-0.030025461181989656,,,,,,
10,,,avg_rsm_avg_fpar,IN-03-1002,2,avg_rsm_z,avg_fpar_z,,,,,,,0.1044084961696724,-0.0802654883778782,,,,,,
6,,,avg_rsm_avg_fpar,IN-03-1003,2,avg_rsm_z,avg_fpar_z,,,,,,,-0.05323890115568514,-0.34961146144332284,,,,,,
10,,,avg_rsm_avg_fpar,IN-03-1003,2,avg_rsm_z,avg_fpar_z,,,,,,,0.15248850081888216,-0.16208678138688093,,,,,,
6,,,avg_rsm_avg_fpar,IN-03-1004,2,avg_rsm_z,avg_fpar_z,,,,,,,-0.3199545042058204,-0.6213018860977745,,,,,,
10,,,avg_rsm_avg_fpar,IN-03-1004,2,avg_rsm_z,avg_fpar_z,,,,,,,-0.19240242141296232,-0.6373956237351145,,,,,,
6,,,avg_rsm_avg_fpar,IN-03-1005,2,avg_rsm_z,avg_fpar_z,,,,,,,-0.1111963912168302,-0.2815561128349876,,,,,,
10,,,avg_rsm_avg_fpar,IN-03-1005,2,avg_rsm_z,avg_fpar_z,,,,,,,-0.45800094703563154,-0.19936620188493515,,,,,,
6,,,avg_rsm_avg_fpar,IN-03-1006,2,avg_rsm_z,avg_fpar_z,,,,,,,-0.2832603871696281,0.06104327769381372,,,,,,
10,,,avg_rsm_avg_fpar,IN-03-1006,2,avg_rsm_z,avg_fpar_z,,,,,,,-0.1866932073530065,0.17833394636159444,,,,,,
6,,,avg_rsm_avg_fpar,IN-03-2001,2,avg_rsm_z,avg_fpar_z,,,,,,,-0.5942255426265584,-0.5422809831926625,,,,,,
6,,,avg_rsm_avg_fpar,IN-04-0177,2,avg_rsm_z,avg_fpar_z,,,,,,,-0.1456288164365462,0.17899565364352116,,,,,,
10,,,avg_rsm_avg_fpar,IN-04-0177,2,avg_rsm_z,avg_fpar_z,,,,,,,-0.17426927171299864,0.41387203469071154,,,,,,
6,,,avg_rsm_avg_fpar,IN-04-0178,2,avg_rsm_z,avg_fpar_z,,,,,,,0.45028717497938053,0.5598081559450581,,,,,,
10,,,avg_rsm_avg_fpar,IN-04-0178,2,avg_rsm_z,avg_fpar_z,,,,,,,0.5948376927893211,0.7440362969509837,,,,,,
6,,,avg_rsm_avg_fpar,IN-04-0179,2,avg_rsm_z,avg_fpar_z,,,,,,,0.5568308722005753,0.54017283431091,,,,,,
10,,,avg_rsm_avg_fpar,IN-04-0179,2,avg_rsm_z,avg_fpar_z,,,,,,,0.7040236245656816,0.6273760386925137,,,,,,
6,,,avg_rsm_avg_fpar,IN-04-0180,2,avg_rsm_z,avg_fpar_z,,,,,,,-0.04280080346246597,-0.03477210956183724,,,,,,
10,,,avg_rsm_avg_fpar,IN-04-0180,2,avg_rsm_z,avg_fpar_z,,,,,,,0.05998363376355551,0.005390575281976717,,,,,,
6,,,avg_rsm_avg_fpar,IN-04-0181,2,avg_rsm_z,avg_fpar_z,,,,,,,0.23088601509040507,0.2471694101541087,,,,,,
10,,,avg_rsm_avg_fpar,IN-04-0181,2,avg_rsm_z,avg_fpar_z,,,,,,,0.2911876935357871,0.5024882292289934,,,,,,
6,,,avg_rsm_avg_fpar,IN-04-0182,2,avg_rsm_z,avg_fpar_z,,,,,,,0.3084115771084607,0.3260048614321295,,,,,,
10,,,avg_rsm_avg_fpar,IN-04-0182,2,avg_rsm_z,avg_fpar_z,,,,,,,0.5663078315846987,0.5618645130050877,,,,,,
6,,,avg_rsm_avg_fpar,IN-04-0183,2,avg_rsm_z,avg_fpar_z,,,,,,,0.6890840826352973,0.4923817810200518,,,,,,
10,,,avg_rsm_avg_fpar,IN-04-0183,2,avg_rsm_z,avg_fpar_z,,,,,,,0.7545213539208805,0.6397946588752343,,,,,,
6,,,avg_rsm_avg_fpar,IN-04-0184,2,avg_rsm_z,avg_fpar_z,,,,,,,0.34961129545318004,0.36630974295304225,,,,,,
10,,,avg_rsm_avg_fpar,IN-04-0184,2,avg_rsm_z,avg_fpar_z,,,,,,,0.5288433773635016,0.5838145772303672,,,,,,
6,,,avg_rsm_avg_fpar,IN-04-0185,2,avg_rsm_z,avg_fpar_z,,,,,,,0.44038667204153725,0.5294383618867393,,,,,,
10,,,avg_rsm_avg_fpar,IN-04-0185,2,avg_rsm_z,avg_fpar_z,,,,,,,0.5758817994560298,0.5809189784336779,,,,,,
6,,,avg_rsm_avg_fpar,IN-04-0186,2,avg_rsm_z,avg_fpar_z,,,,,,,0.2232520673046298,0.007129295953431936,,,,,,
10,,,avg_rsm_avg_fpar,IN-04-0186,2,avg_rsm_z,avg_fpar_z,,,,,,,0.27014724117076017,0.22380437872037837,,,,,,
6,,,avg_rsm_avg_fpar,IN-04-0187,2,avg_rsm_z,avg_fpar_z,,,,,,,0.28254333791589054,0.2825672043542671,,,,,,
10,,,avg_rsm_avg_fpar,IN-04-0187,2,avg_rsm_z,avg_fpar_z,,,,,,,0.2680217476905911,0.5138443956999594,,,,,,
6,,,avg_rsm_avg_fpar,IN-04-0188,2,avg_rsm_z,avg_fpar_z,,,,,,,0.011354196286671855,-0.5708921648107216,,,,,,
10,,,avg_rsm_avg_fpar,IN-04-0188,2,avg_rsm_z,avg_fpar_z,,,,,,,0.04239820008267362,-0.6837680355439243,,,,,,
6,,,avg_rsm_avg_fpar,IN-04-0523,2,avg_rsm_z,avg_fpar_z,,,,,,,0.6307349335518762,0.5275584840268402,,,,,,
10,,,avg_rsm_avg_fpar,IN-04-0523,2,avg_rsm_z,avg_fpar_z,,,,,,,0.7260878492700157,0.5933165969294234,,,,,,
6,,,avg_rsm_avg_fpar,IN-04-0524,2,avg_rsm_z,avg_fpar_z,,,,,,,0.4066293138654912,0.5040726366862107,,,,,,
10,,,avg_rsm_avg_fpar,IN-04-0524,2,avg_rsm_z,avg_fpar_z,,,,,,,0.5287063738877149,0.7714067535348154,,,,,,
6,,,avg_rsm_avg_fpar,IN-04-0525,2,avg_rsm_z,avg_fpar_z,,,,,,,0.4911043145506676,0.5742565109945953,,,,,,
10,,,avg_rsm_avg_fpar,IN-04-0525,2,avg_rsm_z,avg_fpar_z,,,,,,,0.5562339645274456,0.7378899542226465,,,,,,
6,,,avg_rsm_avg_fpar,IN-04-0526,2,avg_rsm_z,avg_fpar_z,,,,,,,0.03959784278276404,0.0804864044544191,,,,,,
10,,,avg_rsm_avg_fpar,IN-04-0526,2,avg_rsm_z,avg_fpar_z,,,,,,,0.4703667483123407,0.2869985956441214,,,,,,
6,,,avg_rsm_avg_fpar,IN-04-1007,2,avg_rsm_z,avg_fpar_z,,,,,,,0.16649252708550394,0.5455374508410931,,,,,,
10,,,avg_rsm_avg_fpar,IN-04-1007,2,avg_rsm_z,avg_fpar_z,,,,,,,0.3841692090226116,0.660767345400491,,,,,,
6,,,avg_rsm_avg_fpar,IN-04-1008,2,avg_rsm_z,avg_fpar_z,,,,,,,0.05600864595032553,0.07027925288749133,,,,,,
10,,,avg_rsm_avg_fpar,IN-04-1008,2,avg_rsm_z,avg_fpar_z,,,,,,,0.2357820155925821,0.2274866128838775,,,,,,
6,,,avg_rsm_avg_fpar,IN-04-1009,2,avg_rsm_z,avg_fpar_z,,,,,,,0.6369444205433803,0.48996512830038413,,,,,,
10,,,avg_rsm_avg_fpar,IN-04-1009,2,avg_rsm_z,avg_fpar_z,,,,,,,0.7260713509849308,0.6426215016230614,,,,,,
6,,,avg_rsm_avg_fpar,IN-04-2002,2,avg_rsm_z,avg_fpar_z,,,,,,,0.19720930667549705,0.11731050931646987,,,,,,
10,,,avg_rsm_avg_fpar,IN-04-2002,2,avg_rsm_z,avg_fpar_z,,,,,,,0.3283759838398126,0.2867567160852244,,,,,,
6,,,avg_rsm_avg_fpar,IN-04-2003,2,avg_rsm_z,avg_fpar_z,,,,,,,0.05147249755052219,-0.09802953267892568,,,,,,
6,,,avg_rsm_avg_fpar,IN-05-0072,2,avg_rsm_z,avg_fpar_z,,,,,,,-0.0033217969330237352,-0.350198123979474,,,,,,
10,,,avg_rsm_avg_fpar,IN-05-0072,2,avg_rsm_z,avg_fpar_z,,,,,,,0.05437874850676446,-0.6046354963600991,,,,,,
6,,,avg_rsm_avg_fpar,IN-05-0073,2,avg_rsm_z,avg_fpar_z,,,,,,,-0.07305265135043032,-0.2167513644065963,,,,,,
10,,,avg_rsm_avg_fpar,IN-05-0073,2,avg_rsm_z,avg_fpar_z,,,,,,,-0.04521564208218528,-0.28153292935079455,,,,,,
6,,,avg_rsm_avg_fpar,IN-05-0074,2,avg_rsm_z,avg_fpar_z,,,,,,,0.4084340991498344,0.14841997748053043,,,,,,
10,,,avg_rsm_avg_fpar,IN-05-0074,2,avg_rsm_z,avg_fpar_z,,,,,,,0.46409484824175407,0.12241093552744911,,,,,,
6,,,avg_rsm_avg_fpar,IN-05-0075,2,avg_rsm_z,avg_fpar_z,,,,,,,-0.13000503993607632,-0.29602015954376054,,,,,,
10,,,avg_rsm_avg_fpar,IN-05-0075,2,avg_rsm_z,avg_fpar_z,,,,,,,-0.1993484211224934,-0.3419603265265354,,,,,,
6,,,avg_rsm_avg_fpar,IN-05-0076,2,avg_rsm_z,avg_fpar_z,,,,,,,-0.26273285388072354,-0.05809397597172096,,,,,,
10,,,avg_rsm_avg_fpar,IN-05-0076,2,avg_rsm_z,avg_fpar_z,,,,,,,-0.09540662973381868,-0.025133624057810187,,,,,,
6,,,avg_rsm_avg_fpar,IN-05-0077,2,avg_rsm_z,avg_fpar_z,,,,,,,-0.6017492322214991,-0.35687104790023755,,,,,,
10,,,avg_rsm_avg_fpar,IN-05-0077,2,avg_rsm_z,avg_fpar_z,,,,,,,-0.6017020918308228,-0.335380174435239,,,,,,
6,,,avg_rsm_avg_fpar,IN-05-0078,2,avg_rsm_z,avg_fpar_z,,,,,,,-0.1260446404794809,-0.40634058246916077,,,,,,
10,,,avg_rsm_avg_fpar,IN-05-0078,2,avg_rsm_z,avg_fpar_z,,,,,,,0.06289726895137705,-0.5198173436589577,,,,,,
6,,,avg_rsm_avg_fpar,IN-05-0079,2,avg_rsm_z,avg_fpar_z,,,,,,,-0.4556527542211257,-0.3634390887935893,,,,,,
10,,,avg_rsm_avg_fpar,IN-05-0079,2,avg_rsm_z,avg_fpar_z,,,,,,,-0.35400874211564376,-0.5238838138217402,,,,,,
6,,,avg_rsm_avg_fpar,IN-05-1010,2,avg_rsm_z,avg_fpar_z,,,,,,,-0.1739800292249248,-0.2710652031750989,,,,,,
10,,,avg_rsm_avg_fpar,IN-05-1010,2,avg_rsm_z,avg_fpar_z,,,,,,,-0.17073706986036527,-0.4894203863715597,,,,,,
6,,,avg_rsm_avg_fpar,IN-05-1012,2,avg_rsm_z,avg_fpar_z,,,,,,,-0.02242510337053032,-0.5677338760596481,,,,,,
10,,,avg_rsm_avg_fpar,IN-05-1012,2,avg_rsm_z,avg_fpar_z,,,,,,,-0.09148665348520227,-0.7180747610618831,,,,,,
6,,,avg_rsm_avg_fpar,IN-05-1013,2,avg_rsm_z,avg_fpar_z,,,,,,,0.26104399888449004,0.11558986509141547,,,,,,
10,,,avg_rsm_avg_fpar,IN-05-1013,2,avg_rsm_z,avg_fpar_z,,,,,,,0.29997582367953235,0.4262661265141233,,,,,,
6,,,avg_rsm_avg_fpar,IN-05-1014,2,avg_rsm_z,avg_fpar_z,,,,,,,-0.20294642077516034,-0.3508960605191501,,,,,,
10,,,avg_rsm_avg_fpar,IN-05-1014,2,avg_rsm_z,avg_fpar_z,,,,,,,-0.5684749439869051,-0.3995405211147222,,,,,,
6,,,avg_rsm_avg_fpar,IN-05-1015,2,avg_rsm_z,avg_fpar_z,,,,,,,-0.1789986531473568,-0.3813390437240813,,,,,,
10,,,avg_rsm_avg_fpar,IN-05-1015,2,avg_rsm_z,avg_fpar_z,,,,,,,0.022374324578039912,-0.5253960455041454,,,,,,
6,,,avg_rsm_avg_fpar,IN-06-0007,2,avg_rsm_z,avg_fpar_z,,,,,,,-0.2613616593388388,0.28131390733911205,,,,,,
10,,,avg_rsm_avg_fpar,IN-06-0007,2,avg_rsm_z,avg_fpar_z,,,,,,,-0.18985360353324862,0.5089474856058527,,,,,,
6,,,avg_rsm_avg_fpar,IN-06-0008,2,avg_rsm_z,avg_fpar_z,,,,,,,-0.38603881683626373,-0.28846524618243674,,,,,,
10,,,avg_rsm_avg_fpar,IN-06-0008,2,avg_rsm_z,avg_fpar_z,,,,,,,-0.4050009327317926,-0.17137827852609774,,,,,,
6,,,avg_rsm_avg_fpar,IN-06-0009,2,avg_rsm_z,avg_fpar_z,,,,,,,-0.16777976509857181,-0.08266752109721401,,,,,,
10,,,avg_rsm_avg_fpar,IN-06-0009,2,avg_rsm_z,avg_fpar_z,,,,,,,-0.12392409172393708,0.09944023421410478,,,,,,
6,,,avg_rsm_avg_fpar,IN-06-0010,2,avg_rsm_z,avg_fpar_z,,,,,,,0.004165713202193178,-0.28810387114129865,,,,,,
10,,,avg_rsm_avg_fpar,IN-06-0010,2,avg_rsm_z,avg_fpar_z,,,,,,,-0.08729944201289644,-0.39721729761485397,,,,,,
6,,,avg_rsm_avg_fpar,IN-06-0011,2,avg_rsm_z,avg_fpar_z,,,,,,,-0.33735521346762387,0.008067757814296559,,,,,,
10,,,avg_rsm_avg_fpar,IN-06-0011,2,avg_rsm_z,avg_fpar_z,,,,,,,-0.11717518264373228,0.1312951145475667,,,,,,
6,,,avg_rsm_avg_fpar,IN-06-0012,2,avg_rsm_z,avg_fpar_z,,,,,,,-0.2294062552310469,-0.38033711594423336,,,,,,
10,,,avg_rsm_avg_fpar,IN-06-0012,2,avg_rsm_z,avg_fpar_z,,,,,,,-0.1292695425777058,-0.44673375661358417,,,,,,
6,,,avg_rsm_avg_fpar,IN-06-0013,2,avg_rsm_z,avg_fpar_z,,,,,,,-0.06083993684363083,-0.05685562483079336,,,,,,
10,,,avg_rsm_avg_fpar,IN-06-0013,2,avg_rsm_z,avg_fpar_z,,,,,,,-0.4559268114911366,0.021609691974234187,,,,,,
6,,,avg_rsm_avg_fpar,IN-06-0014,2,avg_rsm_z,avg_fpar_z,,,,,,,-0.08708536447971627,0.09227987300617628,,,,,,
10,,,avg_rsm_avg_fpar,IN-06-0014,2,avg_rsm_z,avg_fpar_z,,,,,,,-0.3409694210423531,0.10043069027190003,,,,,,
6,,,avg_rsm_avg_fpar,IN-06-0015,2,avg_rsm_z,avg_fpar_z,,,,,,,0.3067707302340995,0.02401667143983623,,,,,,
10,,,avg_rsm_avg_fpar,IN-06-0015,2,avg_rsm_z,avg_fpar_z,,,,,,,0.13704342871229055,0.15066856748848165,,,,,,
6,,,avg_rsm_avg_fpar,IN-06-0016,2,avg_rsm_z,avg_fpar_z,,,,,,,0.03821643813096615,0.143029033480491,,,,,,
10,,,avg_rsm_avg_fpar,IN-06-0016,2,avg_rsm_z,avg_fpar_z,,,,,,,-0.15127547557587814,-0.07392286536478918,,,,,,
6,,,avg_rsm_avg_fpar,IN-06-0017,2,avg_rsm_z,avg_fpar_z,,,,,,,-0.021308159718201183,-0.26750951040430204,,,,,,
10,,,avg_rsm_avg_fpar,IN-06-0017,2,avg_rsm_z,avg_fpar_z,,,,,,,-0.2702914564081321,-0.38530362591844586,,,,,,
6,,,avg_rsm_avg_fpar,IN-06-0018,2,avg_rsm_z,avg_fpar_z,,,,,,,0.04364455213221327,-0.2756256577712293,,,,,,
10,,,avg_rsm_avg_fpar,IN-06-0018,2,avg_rsm_z,avg_fpar_z,,,,,,,-0.20551471878950336,-0.27108409800018896,,,,,,
6,,,avg_rsm_avg_fpar,IN-06-0019,2,avg_rsm_z,avg_fpar_z,,,,,,,-0.2013621252185851,-0.3061792787493398,,,,,,
10,,,avg_rsm_avg_fpar,IN-06-0019,2,avg_rsm_z,avg_fpar_z,,,,,,,-0.38585340158448306,-0.32020871768976195,,,,,,
6,,,avg_rsm_avg_fpar,IN-06-0020,2,avg_rsm_z,avg_fpar_z,,,,,,,-0.1174396411939053,-0.2689152044325679,,,,,,
10,,,avg_rsm_avg_fpar,IN-06-0020,2,avg_rsm_z,avg_fpar_z,,,,,,,-0.2741708067226024,-0.46712962019187393,,,,,,
6,,,avg_rsm_avg_fpar,IN-06-0021,2,avg_rsm_z,avg_fpar_z,,,,,,,-0.11424914635590641,-0.29308615812072486,,,,,,
10,,,avg_rsm_avg_fpar,IN-06-0021,2,avg_rsm_z,avg_fpar_z,,,,,,,-0.2542464983818705,-0.27590441288986783,,,,,,
6,,,avg_rsm_avg_fpar,IN-06-0022,2,avg_rsm_z,avg_fpar_z,,,,,,,-0.40802687158582485,-0.1230582916897226,,,,,,
10,,,avg_rsm_avg_fpar,IN-06-0022,2,avg_rsm_z,avg_fpar_z,,,,,,,-0.7181913447778931,-0.20865197643241898,,,,,,
6,,,avg_rsm_avg_fpar,IN-06-0023,2,avg_rsm_z,avg_fpar_z,,,,,,,-0.32176919328088494,-0.4133969336220874,,,,,,
10,,,avg_rsm_avg_fpar,IN-06-0023,2,avg_rsm_z,avg_fpar_z,,,,,,,-0.24898593021344334,-0.44128762194895377,,,,,,
6,,,avg_rsm_avg_fpar,IN-06-0024,2,avg_rsm_z,avg_fpar_z,,,,,,,-0.19241123259915727,-0.3065098210047597,,,,,,
10,,,avg_rsm_avg_fpar,IN-06-0024,2,avg_rsm_z,avg_fpar_z,,,,,,,-0.15575959274712434,-0.3795035606891437,,,,,,
6,,,avg_rsm_avg_fpar,IN-06-0025,2,avg_rsm_z,avg_fpar_z,,,,,,,-0.24041214710259454,-0.18168577914064893,,,,,,
10,,,avg_rsm_avg_fpar,IN-06-0025,2,avg_rsm_z,avg_fpar_z,,,,,,,-0.5173544632709274,-0.31616790739149997,,,,,,
6,,,avg_rsm_avg_fpar,IN-06-0026,2,avg_rsm_z,avg_fpar_z,,,,,,,-0.3025102394164506,0.2962907741109937,,,,,,
10,,,avg_rsm_avg_fpar,IN-06-0026,2,avg_rsm_z,avg_fpar_z,,,,,,,-0.5848831972295012,0.36518982449452675,,,,,,
6,,,avg_rsm_avg_fpar,IN-06-0027,2,avg_rsm_z,avg_fpar_z,,,,,,,-0.3851072144447568,0.07149799852997966,,,,,,
10,,,avg_rsm_avg_fpar,IN-06-0027,2,avg_rsm_z,avg_fpar_z,,,,,,,-0.6727665165812573,0.04596747851062893,,,,,,
6,,,avg_rsm_avg_fpar,IN-06-0028,2,avg_rsm_z,avg_fpar_z,,,,,,,0.05285313877256424,-0.09161416218265668,,,,,,
10,,,avg_rsm_avg_fpar,IN-06-0028,2,avg_rsm_z,avg_fpar_z,,,,,,,0.15866215679574291,-0.0325061657455406,,,,,,
6,,,avg_rsm_avg_fpar,IN-06-0029,2,avg_rsm_z,avg_fpar_z,,,,,,,0.5572024500597417,-0.44411974785356645,,,,,,
10,,,avg_rsm_avg_fpar,IN-06-0029,2,avg_rsm_z,avg_fpar_z,,,,,,,0.7927214117391788,-0.2787356819225638,,,,,,
6,,,avg_rsm_avg_fpar,IN-06-0030,2,avg_rsm_z,avg_fpar_z,,,,,,,0.48039675902734896,-0.2161048462595217,,,,,,
10,,,avg_rsm_avg_fpar,IN-06-0030,2,avg_rsm_z,avg_fpar_z,,,,,,,0.7060366027317942,0.002293964672853871,,,,,,
6,,,avg_rsm_avg_fpar,IN-06-0031,2,avg_rsm_z,avg_fpar_z,,,,,,,0.5429723949047057,-0.1901823585160926,,,,,,
10,,,avg_rsm_avg_fpar,IN-06-0031,2,avg_rsm_z,avg_fpar_z,,,,,,,0.6581145723776831,0.038333796509293055,,,,,,
6,,,avg_rsm_avg_fpar,IN-06-0032,2,avg_rsm_z,avg_fpar_z,,,,,,,-0.05089386305027804,-0.3863011957611465,,,,,,
10,,,avg_rsm_avg_fpar,IN-06-0032,2,avg_rsm_z,avg_fpar_z,,,,,,,-0.03206532043136414,-0.4754424075889041,,,,,,
6,,,avg_rsm_avg_fpar,IN-06-0033,2,avg_rsm_z,avg_fpar_z,,,,,,,0.08911171736953336,-0.20509430690993416,,,,,,
10,,,avg_rsm_avg_fpar,IN-06-0033,2,avg_rsm_z,avg_fpar_z,,,,,,,2.4835837413525464e-05,-0.36557428166672146,,,,,,
6,,,avg_rsm_avg_fpar,IN-06-0034,2,avg_rsm_z,avg_fpar_z,,,,,,,-0.17814292346888985,-0.3232294840360509,,,,,,
10,,,avg_rsm_avg_fpar,IN-06-0034,2,avg_rsm_z,avg_fpar_z,,,,,,,-0.33197538458518727,-0.5996905706329665,,,,,,
6,,,avg_rsm_avg_fpar,IN-06-0035,2,avg_rsm_z,avg_fpar_z,,,,,,,-0.20342605910007389,0.01518400887513396,,,,,,
10,,,avg_rsm_avg_fpar,IN-06-0035,2,avg_rsm_z,avg_fpar_z,,,,,,,-0.2663771298033377,-0.023902524133380305,,,,,,
6,,,avg_rsm_avg_fpar,IN-06-0036,2,avg_rsm_z,avg_fpar_z,,,,,,,-0.16421908366786087,-0.2404050345022659,,,,,,
10,,,avg_rsm_avg_fpar,IN-06-0036,2,avg_rsm_z,avg_fpar_z,,,,,,,-0.18753235671396867,-0.22867823378977975,,,,,,
6,,,avg_rsm_avg_fpar,IN-06-0037,2,avg_rsm_z,avg_fpar_z,,,,,,,-0.11121960648267518,-0.07392019185668519,,,,,,
10,,,avg_rsm_avg_fpar,IN-06-0037,2,avg_rsm_z,avg_fpar_z,,,,,,,-0.3906715718305002,-0.012714327246325745,,,,,,
6,,,avg_rsm_avg_fpar,IN-06-0038,2,avg_rsm_z,avg_fpar_z,,,,,,,-0.22190854446382785,-0.18607457558137472,,,,,,
10,,,avg_rsm_avg_fpar,IN-06-0038,2,avg_rsm_z,avg_fpar_z,,,,,,,-0.28662500936568186,-0.02608176734273545,,,,,,
6,,,avg_rsm_avg_fpar,IN-06-0039,2,avg_rsm_z,avg_fpar_z,,,,,,,-0.31370079337049755,-0.05650844018552096,,,,,,
10,,,avg_rsm_avg_fpar,IN-06-0039,2,avg_rsm_z,avg_fpar_z,,,,,,,-0.4015485046802385,0.06242994524077816,,,,,,
6,,,avg_rsm_avg_fpar,IN-06-0040,2,avg_rsm_z,avg_fpar_z,,,,,,,-0.20687407203480293,-0.09707561125441008,,,,,,
10,,,avg_rsm_avg_fpar,IN-06-0040,2,avg_rsm_z,avg_fpar_z,,,,,,,-0.11377514806066938,-0.09507325514746351,,,,,,
6,,,avg_rsm_avg_fpar,IN-06-0041,2,avg_rsm_z,avg_fpar_z,,,,,,,0.1495587366489532,-0.34701517486715183,,,,,,
10,,,avg_rsm_avg_fpar,IN-06-0041,2,avg_rsm_z,avg_fpar_z,,,,,,,-0.030530868047761582,-0.501549052903518,,,,,,
6,,,avg_rsm_avg_fpar,IN-06-0042,2,avg_rsm_z,avg_fpar_z,,,,,,,-0.2324764805568746,-0.4568462211217418,,,,,,
10,,,avg_rsm_avg_fpar,IN-06-0042,2,avg_rsm_z,avg_fpar_z,,,,,,,-0.297724548088826,-0.4733366484571805,,,,,,
6,,,avg_rsm_avg_fpar,IN-06-0043,2,avg_rsm_z,avg_fpar_z,,,,,,,-0.1750050250591004,-0.16231439041788615,,,,,,
10,,,avg_rsm_avg_fpar,IN-06-0043,2,avg_rsm_z,avg_fpar_z,,,,,,,0.1284697459526615,-0.13672337712911184,,,,,,
6,,,avg_rsm_avg_fpar,IN-06-0502,2,avg_rsm_z,avg_fpar_z,,,,,,,-0.17311427171202018,-0.18523597263217462,,,,,,
10,,,avg_rsm_avg_fpar,IN-06-0502,2,avg_rsm_z,avg_fpar_z,,,,,,,-0.4560281344668871,-0.08791791539523279,,,,,,
6,,,avg_rsm_avg_fpar,IN-06-1057,2,avg_rsm_z,avg_fpar_z,,,,,,,-0.19836267344739225,-0.3893123659944102,,,,,,
10,,,avg_rsm_avg_fpar,IN-06-1057,2,avg_rsm_z,avg_fpar_z,,,,,,,-0.3242988530358556,-0.41835183302814477,,,,,,
6,,,avg_rsm_avg_fpar,IN-06-1058,2,avg_rsm_z,avg_fpar_z,,,,,,,-0.18037732917437574,-0.2284540522628616,,,,,,
10,,,avg_rsm_avg_fpar,IN-06-1058,2,avg_rsm_z,avg_fpar_z,,,,,,,-0.16187469446521133,-0.18177926118190565,,,,,,
6,,,avg_rsm_avg_fpar,IN-06-1060,2,avg_rsm_z,avg_fpar_z,,,,,,,-0.2801297424993629,-0.1014309429963786,,,,,,
10,,,avg_rsm_avg_fpar,IN-06-1060,2,avg_rsm_z,avg_fpar_z,,,,,,,-0.27104009779522986,-0.24267811413907317,,,,,,
6,,,avg_rsm_avg_fpar,IN-06-1061,2,avg_rsm_z,avg_fpar_z,,,,,,,-0.15959554940017068,-0.4181684080945612,,,,,,
10,,,avg_rsm_avg_fpar,IN-06-1061,2,avg_rsm_z,avg_fpar_z,,,,,,,-0.2402065166306729,-0.48626530829987596,,,,,,
6,,,avg_rsm_avg_fpar,IN-06-1062,2,avg_rsm_z,avg_fpar_z,,,,,,,0.09314395749216457,0.10522477374866948,,,,,,
10,,,avg_rsm_avg_fpar,IN-06-1062,2,avg_rsm_z,avg_fpar_z,,,,,,,0.17617466490570155,0.2546375244087557,,,,,,
6,,,avg_rsm_avg_fpar,IN-06-1063,2,avg_rsm_z,avg_fpar_z,,,,,,,-0.3029147810395615,-0.1988418952461749,,,,,,
10,,,avg_rsm_avg_fpar,IN-06-1063,2,avg_rsm_z,avg_fpar_z,,,,,,,-0.20293002019325254,-0.24581967686047176,,,,,,
6,,,avg_rsm_avg_fpar,IN-06-1064,2,avg_rsm_z,avg_fpar_z,,,,,,,-0.04943513766360229,-0.29011703654098886,,,,,,
10,,,avg_rsm_avg_fpar,IN-06-1064,2,avg_rsm_z,avg_fpar_z,,,,,,,-0.15135343516792638,-0.33017951493131814,,,,,,
6,,,avg_rsm_avg_fpar,IN-06-1071,2,avg_rsm_z,avg_fpar_z,,,,,,,-0.0038097484101617006,-0.4000628453107529,,,,,,
10,,,avg_rsm_avg_fpar,IN-06-1071,2,avg_rsm_z,avg_fpar_z,,,,,,,0.13895660600152798,-0.5188320738026531,,,,,,
6,,,avg_rsm_avg_fpar,IN-06-1081,2,avg_rsm_z,avg_fpar_z,,,,,,,-0.383823398389367,-0.2663169583856305,,,,,,
10,,,avg_rsm_avg_fpar,IN-06-1081,2,avg_rsm_z,avg_fpar_z,,,,,,,-0.25922998683543774,-0.22796968802696177,,,,,,
6,,,avg_rsm_avg_fpar,IN-06-1082,2,avg_rsm_z,avg_fpar_z,,,,,,,-0.30659859680006923,-0.057499978400900965,,,,,,
10,,,avg_rsm_avg_fpar,IN-06-1082,2,avg_rsm_z,avg_fpar_z,,,,,,,-0.4413486185413853,0.1511650957069643,,,,,,
6,,,avg_rsm_avg_fpar,IN-06-2006,2,avg_rsm_z,avg_fpar_z,,,,,,,-0.43776746633916,-0.39396326036367296,,,,,,
6,,,avg_rsm_avg_fpar,IN-06-2007,2,avg_rsm_z,avg_fpar_z,,,,,,,-0.28188237343399736,-0.47269340073676086,,,,,,
6,,,avg_rsm_avg_fpar,IN-07-0096,2,avg_rsm_z,avg_fpar_z,,,,,,,0.1549483469555362,0.6631121630631143,,,,,,
6,,,avg_rsm_avg_fpar,IN-07-0099,2,avg_rsm_z,avg_fpar_z,,,,,,,-0.1050052564610997,-0.05195419084645182,,,,,,
10,,,avg_rsm_avg_fpar,IN-07-0099,2,avg_rsm_z,avg_fpar_z,,,,,,,0.21390908945316447,0.019040054988681554,,,,,,
6,,,avg_rsm_avg_fpar,IN-07-0100,2,avg_rsm_z,avg_fpar_z,,,,,,,-0.2962098447969135,-0.059294501339173564,,,,,,
10,,,avg_rsm_avg_fpar,IN-07-0100,2,avg_rsm_z,avg_fpar_z,,,,,,,-0.4071278088790983,0.1254437260592449,,,,,,
6,,,avg_rsm_avg_fpar,IN-07-0101,2,avg_rsm_z,avg_fpar_z,,,,,,,-0.19857260937085108,-0.2498882383533166,,,,,,
10,,,avg_rsm_avg_fpar,IN-07-0101,2,avg_rsm_z,avg_fpar_z,,,,,,,-0.4437192755634111,-0.33603170602952437,,,,,,
6,,,avg_rsm_avg_fpar,IN-07-0102,2,avg_rsm_z,avg_fpar_z,,,,,,,-0.12711979596567552,0.23154371561759368,,,,,,
10,,,avg_rsm_avg_fpar,IN-07-0102,2,avg_rsm_z,avg_fpar_z,,,,,,,-0.02536518133861343,0.4273636232810367,,,,,,
6,,,avg_rsm_avg_fpar,IN-07-0103,2,avg_rsm_z,avg_fpar_z,,,,,,,-0.0359174108844844,-0.30962484649505967,,,,,,
10,,,avg_rsm_avg_fpar,IN-07-0103,2,avg_rsm_z,avg_fpar_z,,,,,,,0.182759973394537,-0.24166450375408788,,,,,,
6,,,avg_rsm_avg_fpar,IN-07-0104,2,avg_rsm_z,avg_fpar_z,,,,,,,-0.2722602151821074,-0.3865117732125692,,,,,,
10,,,avg_rsm_avg_fpar,IN-07-0104,2,avg_rsm_z,avg_fpar_z,,,,,,,-0.20655669469908294,-0.3486032637161577,,,,,,
6,,,avg_rsm_avg_fpar,IN-07-0105,2,avg_rsm_z,avg_fpar_z,,,,,,,-0.6923841191199929,-0.1103005074857305,,,,,,
10,,,avg_rsm_avg_fpar,IN-07-0105,2,avg_rsm_z,avg_fpar_z,,,,,,,-0.6714693544085291,-0.13618644713358857,,,,,,
6,,,avg_rsm_avg_fpar,IN-07-0106,2,avg_rsm_z,avg_fpar_z,,,,,,,0.05464708175950398,-0.2863523735822456,,,,,,
10,,,avg_rsm_avg_fpar,IN-07-0106,2,avg_rsm_z,avg_fpar_z,,,,,,,-0.04019753600899733,-0.24969149437817978,,,,,,
6,,,avg_rsm_avg_fpar,IN-07-0107,2,avg_rsm_z,avg_fpar_z,,,,,,,-0.34392112331611246,-0.29313693015815856,,,,,,
10,,,avg_rsm_avg_fpar,IN-07-0107,2,avg_rsm_z,avg_fpar_z,,,,,,,-0.3865103982982618,-0.37761632658810995,,,,,,
6,,,avg_rsm_avg_fpar,IN-07-0108,2,avg_rsm_z,avg_fpar_z,,,,,,,-0.4340084374827953,0.03256584564178497,,,,,,
10,,,avg_rsm_avg_fpar,IN-07-0108,2,avg_rsm_z,avg_fpar_z,,,,,,,-0.3740805347048661,0.11316147496965778,,,,,,
6,,,avg_rsm_avg_fpar,IN-07-0109,2,avg_rsm_z,avg_fpar_z,,,,,,,-0.15830992107572242,-0.33079867359143894,,,,,,
10,,,avg_rsm_avg_fpar,IN-07-0109,2,avg_rsm_z,avg_fpar_z,,,,,,,-0.10200946631970328,-0.26789401497513443,,,,,,
6,,,avg_rsm_avg_fpar,IN-07-0110,2,avg_rsm_z,avg_fpar_z,,,,,,,-0.25764584074850033,-0.46511530279108637,,,,,,
10,,,avg_rsm_avg_fpar,IN-07-0110,2,avg_rsm_z,avg_fpar_z,,,,,,,-0.22916240793116455,-0.3183734855945671,,,,,,
6,,,avg_rsm_avg_fpar,IN-07-0111,2,avg_rsm_z,avg_fpar_z,,,,,,,-0.328916782190815,-0.4092106578566474,,,,,,
10,,,avg_rsm_avg_fpar,IN-07-0111,2,avg_rsm_z,avg_fpar_z,,,,,,,-0.44816024445100516,-0.3832645824763709,,,,,,
6,,,avg_rsm_avg_fpar,IN-07-0112,2,avg_rsm_z,avg_fpar_z,,,,,,,-0.13833428328668657,-0.3916952857600949,,,,,,
10,,,avg_rsm_avg_fpar,IN-07-0112,2,avg_rsm_z,avg_fpar_z,,,,,,,-0.18409432390062883,-0.3391876867923117,,,,,,
6,,,avg_rsm_avg_fpar,IN-07-0113,2,avg_rsm_z,avg_fpar_z,,,,,,,-0.1629620578094611,-0.1924580103174512,,,,,,
10,,,avg_rsm_avg_fpar,IN-07-0113,2,avg_rsm_z,avg_fpar_z,,,,,,,-0.340511861178019,-0.11709841320585013,,,,,,
6,,,avg_rsm_avg_fpar,IN-07-0114,2,avg_rsm_z,avg_fpar_z,,,,,,,-0.3389263859101366,0.07372357431609994,,,,,,
10,,,avg_rsm_avg_fpar,IN-07-0114,2,avg_rsm_z,avg_fpar_z,,,,,,,-0.4046996597368227,0.3361890608109118,,,,,,
6,,,avg_rsm_avg_fpar,IN-07-0115,2,avg_rsm_z,avg_fpar_z,,,,,,,-0.33906396657819915,0.17027925407074646,,,,,,
10,,,avg_rsm_avg_fpar,IN-07-0115,2,avg_rsm_z,avg_fpar_z,,,,,,,-0.4505454314473322,0.3255223017222815,,,,,,
6,,,avg_rsm_avg_fpar,IN-07-0116,2,avg_rsm_z,avg_fpar_z,,,,,,,-0.370369642196888,0.1984369326797657,,,,,,
10,,,avg_rsm_avg_fpar,IN-07-0116,2,avg_rsm_z,avg_fpar_z,,,,,,,-0.5213232582193087,0.42533623088930705,,,,,,
6,,,avg_rsm_avg_fpar,IN-07-0117,2,avg_rsm_z,avg_fpar_z,,,,,,,-0.38494771846766457,0.05381201411714156,,,,,,
10,,,avg_rsm_avg_fpar,IN-07-0117,2,avg_rsm_z,avg_fpar_z,,,,,,,-0.5439465283569282,0.23847243054656317,,,,,,
6,,,avg_rsm_avg_fpar,IN-07-0118,2,avg_rsm_z,avg_fpar_z,,,,,,,-0.33419371532863545,-0.11581598180038544,,,,,,
10,,,avg_rsm_avg_fpar,IN-07-0118,2,avg_rsm_z,avg_fpar_z,,,,,,,-0.40659266864183685,0.028283689697221847,,,,,,
6,,,avg_rsm_avg_fpar,IN-07-0119,2,avg_rsm_z,avg_fpar_z,,,,,,,-0.17286546671216593,-0.049944900484571064,,,,,,
10,,,avg_rsm_avg_fpar,IN-07-0119,2,avg_rsm_z,avg_fpar_z,,,,,,,-0.2530596114325865,0.011976932187813236,,,,,,
6,,,avg_rsm_avg_fpar,IN-07-0120,2,avg_rsm_z,avg_fpar_z,,,,,,,-0.14266410635297497,-0.08932184998511143,,,,,,
10,,,avg_rsm_avg_fpar,IN-07-0120,2,avg_rsm_z,avg_fpar_z,,,,,,,-0.18588339817430105,0.09699546187469409,,,,,,
6,,,avg_rsm_avg_fpar,IN-07-0514,2,avg_rsm_z,avg_fpar_z,,,,,,,-0.4034038069307476,0.05590245503651666,,,,,,
10,,,avg_rsm_avg_fpar,IN-07-0514,2,avg_rsm_z,avg_fpar_z,,,,,,,-0.49100115701828495,0.0012865051135104387,,,,,,
6,,,avg_rsm_avg_fpar,IN-07-0515,2,avg_rsm_z,avg_fpar_z,,,,,,,-0.4783396039411366,-0.08798044301601618,,,,,,
10,,,avg_rsm_avg_fpar,IN-07-0515,2,avg_rsm_z,avg_fpar_z,,,,,,,-0.5212933851356707,0.023412620109040366,,,,,,
6,,,avg_rsm_avg_fpar,IN-07-0516,2,avg_rsm_z,avg_fpar_z,,,,,,,0.20947586133519228,0.13797207581981036,,,,,,
10,,,avg_rsm_avg_fpar,IN-07-0516,2,avg_rsm_z,avg_fpar_z,,,,,,,0.23397593069382455,0.3619641279924172,,,,,,
6,,,avg_rsm_avg_fpar,IN-07-1072,2,avg_rsm_z,avg_fpar_z,,,,,,,-0.12710182154966748,-0.10739923133652099,,,,,,
10,,,avg_rsm_avg_fpar,IN-07-1072,2,avg_rsm_z,avg_fpar_z,,,,,,,-0.23044777930974494,0.215621291957577,,,,,,
6,,,avg_rsm_avg_fpar,IN-07-1073,2,avg_rsm_z,avg_fpar_z,,,,,,,-0.18550238692160084,-0.07319561656913551,,,,,,
10,,,avg_rsm_avg_fpar,IN-07-1073,2,avg_rsm_z,avg_fpar_z,,,,,,,-0.3629554818426313,-0.10586145900937001,,,,,,
6,,,avg_rsm_avg_fpar,IN-07-1074,2,avg_rsm_z,avg_fpar_z,,,,,,,-0.4465644351638313,-0.2271240768329874,,,,,,
10,,,avg_rsm_avg_fpar,IN-07-1074,2,avg_rsm_z,avg_fpar_z,,,,,,,-0.2515261025950969,-0.20036189223924566,,,,,,
6,,,avg_rsm_avg_fpar,IN-07-1075,2,avg_rsm_z,avg_fpar_z,,,,,,,-0.39590800969065915,0.06269141698827611,,,,,,
10,,,avg_rsm_avg_fpar,IN-07-1075,2,avg_rsm_z,avg_fpar_z,,,,,,,-0.44235918971806604,0.17804181157976234,,,,,,
6,,,avg_rsm_avg_fpar,IN-08-0701,2,avg_rsm_z,avg_fpar_z,,,,,,,0.026743330876888904,-0.27063879522158585,,,,,,
10,,,avg_rsm_avg_fpar,IN-08-0701,2,avg_rsm_z,avg_fpar_z,,,,,,,0.05061403286607228,-0.24797460866114607,,,,,,
6,,,avg_rsm_avg_fpar,IN-08-0702,2,avg_rsm_z,avg_fpar_z,,,,,,,-0.1813089772876906,-0.2542670105061605,,,,,,
10,,,avg_rsm_avg_fpar,IN-08-0702,2,avg_rsm_z,avg_fpar_z,,,,,,,-0.14096319819622577,-0.37299019219716695,,,,,,
6,,,avg_rsm_avg_fpar,IN-08-0703,2,avg_rsm_z,avg_fpar_z,,,,,,,-0.01676263726697111,-0.1926192301681807,,,,,,
10,,,avg_rsm_avg_fpar,IN-08-0703,2,avg_rsm_z,avg_fpar_z,,,,,,,0.06628194647174092,-0.022362862903232618,,,,,,
6,,,avg_rsm_avg_fpar,IN-08-0704,2,avg_rsm_z,avg_fpar_z,,,,,,,0.10544733591301629,-0.2498964144851339,,,,,,
10,,,avg_rsm_avg_fpar,IN-08-0704,2,avg_rsm_z,avg_fpar_z,,,,,,,0.2922897973457302,-0.33174380500334943,,,,,,
6,,,avg_rsm_avg_fpar,IN-08-0705,2,avg_rsm_z,avg_fpar_z,,,,,,,-0.2873485639005778,0.06915417244566896,,,,,,
10,,,avg_rsm_avg_fpar,IN-08-0705,2,avg_rsm_z,avg_fpar_z,,,,,,,-0.5317623116565441,0.055805736242573956,,,,,,
6,,,avg_rsm_avg_fpar,IN-08-0706,2,avg_rsm_z,avg_fpar_z,,,,,,,-0.045200352147284135,-0.1585471860970168,,,,,,
10,,,avg_rsm_avg_fpar,IN-08-0706,2,avg_rsm_z,avg_fpar_z,,,,,,,-0.014171336546032115,-0.16797309588819923,,,,,,
6,,,avg_rsm_avg_fpar,IN-08-0707,2,avg_rsm_z,avg_fpar_z,,,,,,,0.2821966607432902,-0.29241273623642916,,,,,,
10,,,avg_rsm_avg_fpar,IN-08-0707,2,avg_rsm_z,avg_fpar_z,,,,,,,0.4570211299489305,-0.42515615380431465,,,,,,
6,,,avg_rsm_avg_fpar,IN-08-0708,2,avg_rsm_z,avg_fpar_z,,,,,,,-0.3597045125973876,-0.17374264260258257,,,,,,
10,,,avg_rsm_avg_fpar,IN-08-0708,2,avg_rsm_z,avg_fpar_z,,,,,,,-0.4279512995422269,-0.07065015655754847,,,,,,
6,,,avg_rsm_avg_fpar,IN-08-0709,2,avg_rsm_z,avg_fpar_z,,,,,,,0.22042573585674363,-0.24158076560383018,,,,,,
10,,,avg_rsm_avg_fpar,IN-08-0709,2,avg_rsm_z,avg_fpar_z,,,,,,,0.37384238188279306,-0.23236840993810529,,,,,,
6,,,avg_rsm_avg_fpar,IN-08-0710,2,avg_rsm_z,avg_fpar_z,,,,,,,-0.4476282193845426,-0.3780374159036653,,,,,,
10,,,avg_rsm_avg_fpar,IN-08-0710,2,avg_rsm_z,avg_fpar_z,,,,,,,-0.6228580431724342,-0.5408032265846276,,,,,,
6,,,avg_rsm_avg_fpar,IN-08-0711,2,avg_rsm_z,avg_fpar_z,,,,,,,-0.05828509008520849,0.008630791442882823,,,,,,
10,,,avg_rsm_avg_fpar,IN-08-0711,2,avg_rsm_z,avg_fpar_z,,,,,,,-0.008397200696766676,0.1533418696998395,,,,,,
6,,,avg_rsm_avg_fpar,IN-08-0712,2,avg_rsm_z,avg_fpar_z,,,,,,,-0.5777420363202765,-0.1372073640750294,,,,,,
10,,,avg_rsm_avg_fpar,IN-08-0712,2,avg_rsm_z,avg_fpar_z,,,,,,,-0.515366944695613,-0.00030639707017000655,,,,,,
6,,,avg_rsm_avg_fpar,IN-08-0713,2,avg_rsm_z,avg_fpar_z,,,,,,,-0.5407286218053481,-0.11018923899995092,,,,,,
10,,,avg_rsm_avg_fpar,IN-08-0713,2,avg_rsm_z,avg_fpar_z,,,,,,,-0.5370446248102634,-0.3793004272601109,,,,,,
6,,,avg_rsm_avg_fpar,IN-08-0714,2,avg_rsm_z,avg_fpar_z,,,,,,,-0.40754168701048654,-0.14096801215107022,,,,,,
10,,,avg_rsm_avg_fpar,IN-08-0714,2,avg_rsm_z,avg_fpar_z,,,,,,,-0.18575529252180584,-0.0675828937950026,,,,,,
6,,,avg_rsm_avg_fpar,IN-08-0716,2,avg_rsm_z,avg_fpar_z,,,,,,,-0.09508507111138653,-0.07175308271580767,,,,,,
10,,,avg_rsm_avg_fpar,IN-08-0716,2,avg_rsm_z,avg_fpar_z,,,,,,,-0.03392672697263485,0.32021900519103025,,,,,,
6,,,avg_rsm_avg_fpar,IN-08-0717,2,avg_rsm_z,avg_fpar_z,,,,,,,0.2519672393728551,-0.16410277422682445,,,,,,
10,,,avg_rsm_avg_fpar,IN-08-0717,2,avg_rsm_z,avg_fpar_z,,,,,,,0.4127777515110089,0.06578521123521539,,,,,,
6,,,avg_rsm_avg_fpar,IN-08-0718,2,avg_rsm_z,avg_fpar_z,,,,,,,0.032701164632573845,0.04809835165275049,,,,,,
10,,,avg_rsm_avg_fpar,IN-08-0718,2,avg_rsm_z,avg_fpar_z,,,,,,,0.3251468918088009,0.5774458103141297,,,,,,
6,,,avg_rsm_avg_fpar,IN-08-0719,2,avg_rsm_z,avg_fpar_z,,,,,,,-0.10798901021180826,-0.2966490798268883,,,,,,
10,,,avg_rsm_avg_fpar,IN-08-0719,2,avg_rsm_z,avg_fpar_z,,,,,,,0.032218600817625266,-0.32579217044783615,,,,,,
6,,,avg_rsm_avg_fpar,IN-08-0721,2,avg_rsm_z,avg_fpar_z,,,,,,,-0.15452213130962605,-0.2574300516803773,,,,,,
10,,,avg_rsm_avg_fpar,IN-08-0721,2,avg_rsm_z,avg_fpar_z,,,,,,,-0.0607303117178038,-0.3670352142996166,,,,,,
6,,,avg_rsm_avg_fpar,IN-08-0722,2,avg_rsm_z,avg_fpar_z,,,,,,,-0.07250768802387815,-0.5657191306164594,,,,,,
10,,,avg_rsm_avg_fpar,IN-08-0722,2,avg_rsm_z,avg_fpar_z,,,,,,,-0.13575139167232306,-0.6166996229343734,,,,,,
6,,,avg_rsm_avg_fpar,IN-08-0723,2,avg_rsm_z,avg_fpar_z,,,,,,,-0.137621140851403,-0.18985267647291035,,,,,,
10,,,avg_rsm_avg_fpar,IN-08-0723,2,avg_rsm_z,avg_fpar_z,,,,,,,0.1629164910916439,-0.25883635530366156,,,,,,
6,,,avg_rsm_avg_fpar,IN-08-0724,2,avg_rsm_z,avg_fpar_z,,,,,,,-0.3995858047820041,-0.32753400512898256,,,,,,
10,,,avg_rsm_avg_fpar,IN-08-0724,2,avg_rsm_z,avg_fpar_z,,,,,,,-0.5237460990394773,-0.3236019210823094,,,,,,
6,,,avg_rsm_avg_fpar,IN-08-0725,2,avg_rsm_z,avg_fpar_z,,,,,,,-0.5693897777975108,-0.40876435224759644,,,,,,
6,,,avg_rsm_avg_fpar,IN-08-0726,2,avg_rsm_z,avg_fpar_z,,,,,,,-0.3943836956194959,-0.2733849760368618,,,,,,
10,,,avg_rsm_avg_fpar,IN-08-0726,2,avg_rsm_z,avg_fpar_z,,,,,,,-0.3935793096803518,-0.22312568908290356,,,,,,
6,,,avg_rsm_avg_fpar,IN-08-0728,2,avg_rsm_z,avg_fpar_z,,,,,,,-0.4381576415853473,-0.3274422286935736,,,,,,
10,,,avg_rsm_avg_fpar,IN-08-0728,2,avg_rsm_z,avg_fpar_z,,,,,,,-0.4149501667901723,-0.3845643386345782,,,,,,
6,,,avg_rsm_avg_fpar,IN-08-0729,2,avg_rsm_z,avg_fpar_z,,,,,,,-0.5746929910191374,-0.22845409888476215,,,,,,
10,,,avg_rsm_avg_fpar,IN-08-0729,2,avg_rsm_z,avg_fpar_z,,,,,,,-0.6458282815663743,-0.25613753630614666,,,,,,
6,,,avg_rsm_avg_fpar,IN-08-0730,2,avg_rsm_z,avg_fpar_z,,,,,,,-0.4926005654109053,-0.3127514395568051,,,,,,
10,,,avg_rsm_avg_fpar,IN-08-0730,2,avg_rsm_z,avg_fpar_z,,,,,,,-0.4323214230749522,-0.48073121464498564,,,,,,
6,,,avg_rsm_avg_fpar,IN-08-0731,2,avg_rsm_z,avg_fpar_z,,,,,,,-0.4709965106764705,0.15985475806414579,,,,,,
10,,,avg_rsm_avg_fpar,IN-08-0731,2,avg_rsm_z,avg_fpar_z,,,,,,,-0.5424485907310783,0.3781083654073426,,,,,,
6,,,avg_rsm_avg_fpar,IN-08-0732,2,avg_rsm_z,avg_fpar_z,,,,,,,-0.29185290433617883,-0.030793663742834886,,,,,,
10,,,avg_rsm_avg_fpar,IN-08-0732,2,avg_rsm_z,avg_fpar_z,,,,,,,-0.17683195594046452,-0.15910639302476692,,,,,,
6,,,avg_rsm_avg_fpar,IN-09-0165,2,avg_rsm_z,avg_fpar_z,,,,,,,-0.08085839405350878,0.2631833911328296,,,,,,
10,,,avg_rsm_avg_fpar,IN-09-0165,2,avg_rsm_z,avg_fpar_z,,,,,,,-0.4262490016563891,0.3392225971225401,,,,,,
6,,,avg_rsm_avg_fpar,IN-09-0166,2,avg_rsm_z,avg_fpar_z,,,,,,,0.024958996899735596,-0.006891900329503775,,,,,,
10,,,avg_rsm_avg_fpar,IN-09-0166,2,avg_rsm_z,avg_fpar_z,,,,,,,-0.34936515681927255,0.12988616983750542,,,,,,
6,,,avg_rsm_avg_fpar,IN-09-0167,2,avg_rsm_z,avg_fpar_z,,,,,,,-0.1623585319643424,-0.004824772456162524,,,,,,
10,,,avg_rsm_avg_fpar,IN-09-0167,2,avg_rsm_z,avg_fpar_z,,,,,,,-0.35499939926698126,0.024461409171655714,,,,,,
6,,,avg_rsm_avg_fpar,IN-09-0168,2,avg_rsm_z,avg_fpar_z,,,,,,,0.16268068195115132,0.31836094473894433,,,,,,
10,,,avg_rsm_avg_fpar,IN-09-0168,2,avg_rsm_z,avg_fpar_z,,,,,,,-0.3115757061185209,0.38673612918193445,,,,,,
6,,,avg_rsm_avg_fpar,IN-09-0169,2,avg_rsm_z,avg_fpar_z,,,,,,,0.3581105786472299,0.3803268588282734,,,,,,
10,,,avg_rsm_avg_fpar,IN-09-0169,2,avg_rsm_z,avg_fpar_z,,,,,,,0.22677311085925683,0.3588375606879024,,,,,,
6,,,avg_rsm_avg_fpar,IN-09-0170,2,avg_rsm_z,avg_fpar_z,,,,,,,0.454911719559054,0.5428985053782018,,,,,,
10,,,avg_rsm_avg_fpar,IN-09-0170,2,avg_rsm_z,avg_fpar_z,,,,,,,0.47671212120680967,0.6147199864287994,,,,,,
6,,,avg_rsm_avg_fpar,IN-09-0171,2,avg_rsm_z,avg_fpar_z,,,,,,,-0.0072066408458075935,0.3906407668054344,,,,,,
10,,,avg_rsm_avg_fpar,IN-09-0171,2,avg_rsm_z,avg_fpar_z,,,,,,,-0.19153736483758932,0.5043253803512504,,,,,,
6,,,avg_rsm_avg_fpar,IN-09-0172,2,avg_rsm_z,avg_fpar_z,,,,,,,0.34680493766627796,0.4455535953230629,,,,,,
10,,,avg_rsm_avg_fpar,IN-09-0172,2,avg_rsm_z,avg_fpar_z,,,,,,,0.2385259499023839,0.41814793647585147,,,,,,
6,,,avg_rsm_avg_fpar,IN-09-0173,2,avg_rsm_z,avg_fpar_z,,,,,,,0.404677106827815,0.4175717907750032,,,,,,
10,,,avg_rsm_avg_fpar,IN-09-0173,2,avg_rsm_z,avg_fpar_z,,,,,,,0.3392953685365262,0.7231250502136404,,,,,,
6,,,avg_rsm_avg_fpar,IN-09-0174,2,avg_rsm_z,avg_fpar_z,,,,,,,0.4759795591456856,0.4225610419796655,,,,,,
10,,,avg_rsm_avg_fpar,IN-09-0174,2,avg_rsm_z,avg_fpar_z,,,,,,,0.5684690661316679,0.6723188181356189,,,,,,
6,,,avg_rsm_avg_fpar,IN-09-0175,2,avg_rsm_z,avg_fpar_z,,,,,,,0.29816751040770945,0.58774488152273,,,,,,
10,,,avg_rsm_avg_fpar,IN-09-0175,2,avg_rsm_z,avg_fpar_z,,,,,,,0.48248587912281043,0.6888505324223552,,,,,,
6,,,avg_rsm_avg_fpar,IN-09-0176,2,avg_rsm_z,avg_fpar_z,,,,,,,0.11434668210817392,0.4907230225112622,,,,,,
10,,,avg_rsm_avg_fpar,IN-09-0176,2,avg_rsm_z,avg_fpar_z,,,,,,,0.27112025343054535,0.7221497059924721,,,,,,
6,,,avg_rsm_avg_fpar,IN-09-0545,2,avg_rsm_z,avg_fpar_z,,,,,,,0.35356309376165196,0.5120268329454426,,,,,,
10,,,avg_rsm_avg_fpar,IN-09-0545,2,avg_rsm_z,avg_fpar_z,,,,,,,0.5277685636075394,0.6676407346989246,,,,,,
6,,,avg_rsm_avg_fpar,IN-09-0546,2,avg_rsm_z,avg_fpar_z,,,,,,,0.14101003893628722,0.495511251527858,,,,,,
10,,,avg_rsm_avg_fpar,IN-09-0546,2,avg_rsm_z,avg_fpar_z,,,,,,,0.14976351227970613,0.582104739775564,,,,,,
6,,,avg_rsm_avg_fpar,IN-09-1017,2,avg_rsm_z,avg_fpar_z,,,,,,,0.5191605788645384,0.547332037714018,,,,,,
10,,,avg_rsm_avg_fpar,IN-09-1017,2,avg_rsm_z,avg_fpar_z,,,,,,,0.4309652685005526,0.6716914782701371,,,,,,
6,,,avg_rsm_avg_fpar,IN-09-1018,2,avg_rsm_z,avg_fpar_z,,,,,,,0.38716038783583573,0.32262033166334636,,,,,,
10,,,avg_rsm_avg_fpar,IN-09-1018,2,avg_rsm_z,avg_fpar_z,,,,,,,0.5304753225318781,0.5985810425052537,,,,,,
6,,,avg_rsm_avg_fpar,IN-09-1019,2,avg_rsm_z,avg_fpar_z,,,,,,,0.325380642984605,0.4699539619760736,,,,,,
10,,,avg_rsm_avg_fpar,IN-09-1019,2,avg_rsm_z,avg_fpar_z,,,,,,,0.18832050957349805,0.6454933664201025,,,,,,
6,,,avg_rsm_avg_fpar,IN-09-2009,2,avg_rsm_z,avg_fpar_z,,,,,,,-0.2956033586495901,0.00023359829295396817,,,,,,
10,,,avg_rsm_avg_fpar,IN-09-2009,2,avg_rsm_z,avg_fpar_z,,,,,,,-0.22380683793633738,-0.06585372588391641,,,,,,
6,,,avg_rsm_avg_fpar,IN-09-2010,2,avg_rsm_z,avg_fpar_z,,,,,,,-0.007415938547765027,0.6232306198942126,,,,,,
10,,,avg_rsm_avg_fpar,IN-09-2010,2,avg_rsm_z,avg_fpar_z,,,,,,,-0.10305236933328676,0.48149150263898977,,,,,,
6,,,avg_rsm_avg_fpar,IN-09-2011,2,avg_rsm_z,avg_fpar_z,,,,,,,0.4409359958847374,0.5275950495150284,,,,,,
10,,,avg_rsm_avg_fpar,IN-09-2011,2,avg_rsm_z,avg_fpar_z,,,,,,,0.6083308682804568,0.6052677255201744,,,,,,
6,,,avg_rsm_avg_fpar,IN-10-0139,2,avg_rsm_z,avg_fpar_z,,,,,,,-0.5174203877592316,-0.5287743031606698,,,,,,
10,,,avg_rsm_avg_fpar,IN-10-0139,2,avg_rsm_z,avg_fpar_z,,,,,,,-0.5631691970397653,-0.7122113612021707,,,,,,
6,,,avg_rsm_avg_fpar,IN-10-0140,2,avg_rsm_z,avg_fpar_z,,,,,,,-0.02802173521242709,0.3427250241655596,,,,,,
10,,,avg_rsm_avg_fpar,IN-10-0140,2,avg_rsm_z,avg_fpar_z,,,,,,,0.1222250915110769,0.43753579365359857,,,,,,
6,,,avg_rsm_avg_fpar,IN-10-0141,2,avg_rsm_z,avg_fpar_z,,,,,,,0.03604687488428062,0.013751554893497664,,,,,,
10,,,avg_rsm_avg_fpar,IN-10-0141,2,avg_rsm_z,avg_fpar_z,,,,,,,0.16944354184653845,0.17325788162521477,,,,,,
6,,,avg_rsm_avg_fpar,IN-10-0142,2,avg_rsm_z,avg_fpar_z,,,,,,,-0.135506851509244,-0.10084441379578765,,,,,,
10,,,avg_rsm_avg_fpar,IN-10-0142,2,avg_rsm_z,avg_fpar_z,,,,,,,-0.2795687528647589,-0.2826295468384844,,,,,,
6,,,avg_rsm_avg_fpar,IN-10-0143,2,avg_rsm_z,avg_fpar_z,,,,,,,-0.2400932930086654,0.2740376646965622,,,,,,
10,,,avg_rsm_avg_fpar,IN-10-0143,2,avg_rsm_z,avg_fpar_z,,,,,,,-0.01205653459783101,0.5197142211897849,,,,,,
6,,,avg_rsm_avg_fpar,IN-10-0144,2,avg_rsm_z,avg_fpar_z,,,,,,,-0.22329669325943632,-0.4873921037754492,,,,,,
10,,,avg_rsm_avg_fpar,IN-10-0144,2,avg_rsm_z,avg_fpar_z,,,,,,,-0.07708675003638996,-0.40554969214382464,,,,,,
6,,,avg_rsm_avg_fpar,IN-10-0145,2,avg_rsm_z,avg_fpar_z,,,,,,,0.8023444615272718,0.6421953060737984,,,,,,
10,,,avg_rsm_avg_fpar,IN-10-0145,2,avg_rsm_z,avg_fpar_z,,,,,,,0.867452355652896,0.7396431982718303,,,,,,
6,,,avg_rsm_avg_fpar,IN-10-0146,2,avg_rsm_z,avg_fpar_z,,,,,,,-0.5002270947622374,-0.44695147277683833,,,,,,
10,,,avg_rsm_avg_fpar,IN-10-0146,2,avg_rsm_z,avg_fpar_z,,,,,,,-0.3404821893985571,-0.4099739825251195,,,,,,
6,,,avg_rsm_avg_fpar,IN-10-0147,2,avg_rsm_z,avg_fpar_z,,,,,,,0.2918044851383145,0.058157662450910884,,,,,,
10,,,avg_rsm_avg_fpar,IN-10-0147,2,avg_rsm_z,avg_fpar_z,,,,,,,0.465333154826088,0.2865664908069003,,,,,,
6,,,avg_rsm_avg_fpar,IN-10-0148,2,avg_rsm_z,avg_fpar_z,,,,,,,0.741209454754862,0.6640509522216614,,,,,,
10,,,avg_rsm_avg_fpar,IN-10-0148,2,avg_rsm_z,avg_fpar_z,,,,,,,0.8734651843491317,0.7181867045909932,,,,,,
6,,,avg_rsm_avg_fpar,IN-10-0149,2,avg_rsm_z,avg_fpar_z,,,,,,,0.1730752715087795,0.26236833832673306,,,,,,
10,,,avg_rsm_avg_fpar,IN-10-0149,2,avg_rsm_z,avg_fpar_z,,,,,,,0.0997756142714242,0.15451705840616942,,,,,,
6,,,avg_rsm_avg_fpar,IN-10-0150,2,avg_rsm_z,avg_fpar_z,,,,,,,0.5808103243037207,0.5797655236126703,,,,,,
10,,,avg_rsm_avg_fpar,IN-10-0150,2,avg_rsm_z,avg_fpar_z,,,,,,,0.6076583483904467,0.7062107624149269,,,,,,
6,,,avg_rsm_avg_fpar,IN-10-0151,2,avg_rsm_z,avg_fpar_z,,,,,,,-0.35247983323860316,0.06457835193114707,,,,,,
10,,,avg_rsm_avg_fpar,IN-10-0151,2,avg_rsm_z,avg_fpar_z,,,,,,,-0.3536190706081736,0.2712173076180102,,,,,,
6,,,avg_rsm_avg_fpar,IN-10-0152,2,avg_rsm_z,avg_fpar_z,,,,,,,-0.12511769798675726,-0.4375385024921141,,,,,,
10,,,avg_rsm_avg_fpar,IN-10-0152,2,avg_rsm_z,avg_fpar_z,,,,,,,-0.417721837752134,-0.5957689538582581,,,,,,
6,,,avg_rsm_avg_fpar,IN-10-0153,2,avg_rsm_z,avg_fpar_z,,,,,,,0.21999266061297088,0.0011522220572023143,,,,,,
10,,,avg_rsm_avg_fpar,IN-10-0153,2,avg_rsm_z,avg_fpar_z,,,,,,,0.24982376661349806,0.13234976315305735,,,,,,
6,,,avg_rsm_avg_fpar,IN-10-0154,2,avg_rsm_z,avg_fpar_z,,,,,,,0.46493857705162805,-0.22577421235266398,,,,,,
10,,,avg_rsm_avg_fpar,IN-10-0154,2,avg_rsm_z,avg_fpar_z,,,,,,,0.5783810056081903,-0.14413472795402943,,,,,,
6,,,avg_rsm_avg_fpar,IN-10-0155,2,avg_rsm_z,avg_fpar_z,,,,,,,0.2085639863749999,0.4691561122452107,,,,,,
10,,,avg_rsm_avg_fpar,IN-10-0155,2,avg_rsm_z,avg_fpar_z,,,,,,,0.5193824393087468,0.717331445306375,,,,,,
6,,,avg_rsm_avg_fpar,IN-10-0156,2,avg_rsm_z,avg_fpar_z,,,,,,,0.24924945205853524,0.1762052003732788,,,,,,
10,,,avg_rsm_avg_fpar,IN-10-0156,2,avg_rsm_z,avg_fpar_z,,,,,,,0.2217283236587669,0.26341509471960556,,,,,,
6,,,avg_rsm_avg_fpar,IN-10-0157,2,avg_rsm_z,avg_fpar_z,,,,,,,0.005027211901579581,0.059697504626516476,,,,,,
10,,,avg_rsm_avg_fpar,IN-10-0157,2,avg_rsm_z,avg_fpar_z,,,,,,,0.17641422094254278,0.2006463634366066,,,,,,
6,,,avg_rsm_avg_fpar,IN-10-0158,2,avg_rsm_z,avg_fpar_z,,,,,,,-0.04020005165251058,0.31975178001895127,,,,,,
10,,,avg_rsm_avg_fpar,IN-10-0158,2,avg_rsm_z,avg_fpar_z,,,,,,,-0.007756691368104576,0.4353410983017321,,,,,,
6,,,avg_rsm_avg_fpar,IN-10-0159,2,avg_rsm_z,avg_fpar_z,,,,,,,0.3475950264661779,0.2961232748633368,,,,,,
10,,,avg_rsm_avg_fpar,IN-10-0159,2,avg_rsm_z,avg_fpar_z,,,,,,,0.4002478866336441,0.3312056788825922,,,,,,
6,,,avg_rsm_avg_fpar,IN-10-0160,2,avg_rsm_z,avg_fpar_z,,,,,,,-0.45863689141284725,0.0030604247728368244,,,,,,
10,,,avg_rsm_avg_fpar,IN-10-0160,2,avg_rsm_z,avg_fpar_z,,,,,,,-0.1766342661033094,0.10354567692993703,,,,,,
6,,,avg_rsm_avg_fpar,IN-10-0161,2,avg_rsm_z,avg_fpar_z,,,,,,,0.12176284599975021,0.5416694456287376,,,,,,
10,,,avg_rsm_avg_fpar,IN-10-0161,2,avg_rsm_z,avg_fpar_z,,,,,,,0.36768013040638553,0.6808048706734998,,,,,,
6,,,avg_rsm_avg_fpar,IN-10-0162,2,avg_rsm_z,avg_fpar_z,,,,,,,0.4572295564189365,0.26011197664786423,,,,,,
10,,,avg_rsm_avg_fpar,IN-10-0162,2,avg_rsm_z,avg_fpar_z,,,,,,,0.47627652187314984,0.4145447768272487,,,,,,
6,,,avg_rsm_avg_fpar,IN-10-0163,2,avg_rsm_z,avg_fpar_z,,,,,,,-0.525277166614115,-0.21624885753406864,,,,,,
10,,,avg_rsm_avg_fpar,IN-10-0163,2,avg_rsm_z,avg_fpar_z,,,,,,,-0.39267077096542063,-0.1265046656588459,,,,,,
6,,,avg_rsm_avg_fpar,IN-10-0164,2,avg_rsm_z,avg_fpar_z,,,,,,,0.5588636001463365,0.34112927797799186,,,,,,
10,,,avg_rsm_avg_fpar,IN-10-0164,2,avg_rsm_z,avg_fpar_z,,,,,,,0.7195846256551551,0.4825370540772166,,,,,,
6,,,avg_rsm_avg_fpar,IN-10-0519,2,avg_rsm_z,avg_fpar_z,,,,,,,-0.4554689412728565,0.06261759527655512,,,,,,
10,,,avg_rsm_avg_fpar,IN-10-0519,2,avg_rsm_z,avg_fpar_z,,,,,,,-0.6487288504120731,0.2422079982775819,,,,,,
6,,,avg_rsm_avg_fpar,IN-10-0536,2,avg_rsm_z,avg_fpar_z,,,,,,,-0.2630814135122819,-0.1915024204474522,,,,,,
10,,,avg_rsm_avg_fpar,IN-10-0536,2,avg_rsm_z,avg_fpar_z,,,,,,,-0.07951287406171126,0.005517402041955499,,,,,,
6,,,avg_rsm_avg_fpar,IN-10-0537,2,avg_rsm_z,avg_fpar_z,,,,,,,-0.4061023550238409,0.1807510352577306,,,,,,
10,,,avg_rsm_avg_fpar,IN-10-0537,2,avg_rsm_z,avg_fpar_z,,,,,,,-0.347757429121932,0.38013607307779224,,,,,,
6,,,avg_rsm_avg_fpar,IN-10-0538,2,avg_rsm_z,avg_fpar_z,,,,,,,0.4686616585593374,0.20236158440552457,,,,,,
10,,,avg_rsm_avg_fpar,IN-10-0538,2,avg_rsm_z,avg_fpar_z,,,,,,,0.684405550977649,0.36446029507389,,,,,,
6,,,avg_rsm_avg_fpar,IN-10-0539,2,avg_rsm_z,avg_fpar_z,,,,,,,0.5439233211381752,0.6674411567253664,,,,,,
10,,,avg_rsm_avg_fpar,IN-10-0539,2,avg_rsm_z,avg_fpar_z,,,,,,,0.6967524201754253,0.7374035542064381,,,,,,
6,,,avg_rsm_avg_fpar,IN-10-1020,2,avg_rsm_z,avg_fpar_z,,,,,,,-0.47546973723625074,0.1750917363768531,,,,,,
10,,,avg_rsm_avg_fpar,IN-10-1020,2,avg_rsm_z,avg_fpar_z,,,,,,,-0.39301640840526264,0.28144592209530256,,,,,,
6,,,avg_rsm_avg_fpar,IN-10-2012,2,avg_rsm_z,avg_fpar_z,,,,,,,0.24551123165773164,-0.5167942067615059,,,,,,
6,,,avg_rsm_avg_fpar,IN-12-0189,2,avg_rsm_z,avg_fpar_z,,,,,,,0.5695593378963724,0.4942656068357783,,,,,,
10,,,avg_rsm_avg_fpar,IN-12-0189,2,avg_rsm_z,avg_fpar_z,,,,,,,0.5876155238895227,0.46593796167729673,,,,,,
6,,,avg_rsm_avg_fpar,IN-12-0190,2,avg_rsm_z,avg_fpar_z,,,,,,,0.5788540991106216,0.2897334769295073,,,,,,
10,,,avg_rsm_avg_fpar,IN-12-0190,2,avg_rsm_z,avg_fpar_z,,,,,,,0.6744136555848692,0.32317259883988203,,,,,,
6,,,avg_rsm_avg_fpar,IN-12-0191,2,avg_rsm_z,avg_fpar_z,,,,,,,0.40947443603254496,0.42946728084380553,,,,,,
10,,,avg_rsm_avg_fpar,IN-12-0191,2,avg_rsm_z,avg_fpar_z,,,,,,,0.44997102799613603,0.3959687364004391,,,,,,
6,,,avg_rsm_avg_fpar,IN-12-0192,2,avg_rsm_z,avg_fpar_z,,,,,,,0.44239801339780466,0.39469317430019774,,,,,,
10,,,avg_rsm_avg_fpar,IN-12-0192,2,avg_rsm_z,avg_fpar_z,,,,,,,0.4921247972094007,0.4759735610065278,,,,,,
6,,,avg_rsm_avg_fpar,IN-12-0193,2,avg_rsm_z,avg_fpar_z,,,,,,,-0.012947641542538479,0.2493672684192513,,,,,,
10,,,avg_rsm_avg_fpar,IN-12-0193,2,avg_rsm_z,avg_fpar_z,,,,,,,0.0033977486798325712,0.5292566527774444,,,,,,
6,,,avg_rsm_avg_fpar,IN-12-0194,2,avg_rsm_z,avg_fpar_z,,,,,,,0.5283729322570301,0.4205560674211376,,,,,,
10,,,avg_rsm_avg_fpar,IN-12-0194,2,avg_rsm_z,avg_fpar_z,,,,,,,0.6582806932807193,0.4804826150781668,,,,,,
6,,,avg_rsm_avg_fpar,IN-12-0195,2,avg_rsm_z,avg_fpar_z,,,,,,,0.27935476739434767,0.3812009277060405,,,,,,
10,,,avg_rsm_avg_fpar,IN-12-0195,2,avg_rsm_z,avg_fpar_z,,,,,,,0.4673959111424999,0.45267755024924916,,,,,,
6,,,avg_rsm_avg_fpar,IN-12-0196,2,avg_rsm_z,avg_fpar_z,,,,,,,-0.2950209379660581,0.04886356026559137,,,,,,
10,,,avg_rsm_avg_fpar,IN-12-0196,2,avg_rsm_z,avg_fpar_z,,,,,,,-0.22109383012627148,0.1956337986427766,,,,,,
6,,,avg_rsm_avg_fpar,IN-12-0197,2,avg_rsm_z,avg_fpar_z,,,,,,,0.14016139001353595,0.253996383719583,,,,,,
10,,,avg_rsm_avg_fpar,IN-12-0197,2,avg_rsm_z,avg_fpar_z,,,,,,,0.13820237662299095,0.2434510818928029,,,,,,
6,,,avg_rsm_avg_fpar,IN-12-0198,2,avg_rsm_z,avg_fpar_z,,,,,,,0.3039781553806307,0.18620678100007892,,,,,,
10,,,avg_rsm_avg_fpar,IN-12-0198,2,avg_rsm_z,avg_fpar_z,,,,,,,0.40716537495672755,0.0872412026805386,,,,,,
6,,,avg_rsm_avg_fpar,IN-12-0199,2,avg_rsm_z,avg_fpar_z,,,,,,,0.32557240084662403,0.5435275856665929,,,,,,
10,,,avg_rsm_avg_fpar,IN-12-0199,2,avg_rsm_z,avg_fpar_z,,,,,,,0.32593700157136407,0.560036525777927,,,,,,
6,,,avg_rsm_avg_fpar,IN-12-0200,2,avg_rsm_z,avg_fpar_z,,,,,,,0.34988034764869613,0.4639875088828388,,,,,,
10,,,avg_rsm_avg_fpar,IN-12-0200,2,avg_rsm_z,avg_fpar_z,,,,,,,0.2851029191718325,0.5965687424375286,,,,,,
6,,,avg_rsm_avg_fpar,IN-12-0201,2,avg_rsm_z,avg_fpar_z,,,,,,,0.3233026392078467,0.5410081276279082,,,,,,
10,,,avg_rsm_avg_fpar,IN-12-0201,2,avg_rsm_z,avg_fpar_z,,,,,,,0.2582344780369925,0.5984383659970786,,,,,,
6,,,avg_rsm_avg_fpar,IN-12-0202,2,avg_rsm_z,avg_fpar_z,,,,,,,0.20211933338259738,0.5438645534251959,,,,,,
10,,,avg_rsm_avg_fpar,IN-12-0202,2,avg_rsm_z,avg_fpar_z,,,,,,,0.13912110870535796,0.58295416817762,,,,,,
6,,,avg_rsm_avg_fpar,IN-12-0203,2,avg_rsm_z,avg_fpar_z,,,,,,,0.4081064182767524,0.6571532296851068,,,,,,
10,,,avg_rsm_avg_fpar,IN-12-0203,2,avg_rsm_z,avg_fpar_z,,,,,,,0.4427952693869659,0.6585330685596624,,,,,,
6,,,avg_rsm_avg_fpar,IN-12-0204,2,avg_rsm_z,avg_fpar_z,,,,,,,0.2998961712000307,0.5883526330419684,,,,,,
10,,,avg_rsm_avg_fpar,IN-12-0204,2,avg_rsm_z,avg_fpar_z,,,,,,,0.38803660002066487,0.64947468951114,,,,,,
6,,,avg_rsm_avg_fpar,IN-12-0205,2,avg_rsm_z,avg_fpar_z,,,,,,,0.5060241114410021,0.5204726680312122,,,,,,
10,,,avg_rsm_avg_fpar,IN-12-0205,2,avg_rsm_z,avg_fpar_z,,,,,,,0.5000903838714131,0.632003621239096,,,,,,
6,,,avg_rsm_avg_fpar,IN-12-0206,2,avg_rsm_z,avg_fpar_z,,,,,,,-0.17973449907756212,0.13787509117861746,,,,,,
10,,,avg_rsm_avg_fpar,IN-12-0206,2,avg_rsm_z,avg_fpar_z,,,,,,,-0.22285755512900263,-0.0126818667952659,,,,,,
6,,,avg_rsm_avg_fpar,IN-12-0207,2,avg_rsm_z,avg_fpar_z,,,,,,,-0.14706768873911497,0.2701912271536246,,,,,,
10,,,avg_rsm_avg_fpar,IN-12-0207,2,avg_rsm_z,avg_fpar_z,,,,,,,-0.3021326434529562,0.2927486880810809,,,,,,
6,,,avg_rsm_avg_fpar,IN-12-0209,2,avg_rsm_z,avg_fpar_z,,,,,,,-0.3979356725746294,-0.35174771021255974,,,,,,
10,,,avg_rsm_avg_fpar,IN-12-0209,2,avg_rsm_z,avg_fpar_z,,,,,,,-0.5914377205954766,-0.5861228952751955,,,,,,
6,,,avg_rsm_avg_fpar,IN-12-0210,2,avg_rsm_z,avg_fpar_z,,,,,,,-0.4134455851866804,-0.1447056268540981,,,,,,
10,,,avg_rsm_avg_fpar,IN-12-0210,2,avg_rsm_z,avg_fpar_z,,,,,,,-0.5526095176070417,-0.1722638922689149,,,,,,
6,,,avg_rsm_avg_fpar,IN-12-0211,2,avg_rsm_z,avg_fpar_z,,,,,,,-0.19299300174895645,-0.5393142807248343,,,,,,
10,,,avg_rsm_avg_fpar,IN-12-0211,2,avg_rsm_z,avg_fpar_z,,,,,,,-0.46684225192620604,-0.6591834719100106,,,,,,
6,,,avg_rsm_avg_fpar,IN-12-0212,2,avg_rsm_z,avg_fpar_z,,,,,,,-0.019009353122314648,-0.2998919400570788,,,,,,
10,,,avg_rsm_avg_fpar,IN-12-0212,2,avg_rsm_z,avg_fpar_z,,,,,,,-0.17707968445282343,-0.24829245234825348,,,,,,
6,,,avg_rsm_avg_fpar,IN-12-0213,2,avg_rsm_z,avg_fpar_z,,,,,,,-0.39776885304014337,-0.41389443258409636,,,,,,
10,,,avg_rsm_avg_fpar,IN-12-0213,2,avg_rsm_z,avg_fpar_z,,,,,,,-0.6822172862020756,-0.5415631684289407,,,,,,
6,,,avg_rsm_avg_fpar,IN-12-0214,2,avg_rsm_z,avg_fpar_z,,,,,,,-0.2016225194607275,-0.4679299357482994,,,,,,
10,,,avg_rsm_avg_fpar,IN-12-0214,2,avg_rsm_z,avg_fpar_z,,,,,,,-0.41812122309694927,-0.5019043445007498,,,,,,
6,,,avg_rsm_avg_fpar,IN-12-0215,2,avg_rsm_z,avg_fpar_z,,,,,,,-0.22119838871303651,-0.12545155517716283,,,,,,
10,,,avg_rsm_avg_fpar,IN-12-0215,2,avg_rsm_z,avg_fpar_z,,,,,,,-0.4305940711553151,-0.1447066191063232,,,,,,
6,,,avg_rsm_avg_fpar,IN-12-0216,2,avg_rsm_z,avg_fpar_z,,,,,,,-0.159907982687383,0.03217323398093725,,,,,,
10,,,avg_rsm_avg_fpar,IN-12-0216,2,avg_rsm_z,avg_fpar_z,,,,,,,-0.3187023010539625,0.11217233771004986,,,,,,
6,,,avg_rsm_avg_fpar,IN-12-0217,2,avg_rsm_z,avg_fpar_z,,,,,,,-0.3454210965765924,-0.05264447142130073,,,,,,
10,,,avg_rsm_avg_fpar,IN-12-0217,2,avg_rsm_z,avg_fpar_z,,,,,,,-0.6053259627172636,-0.0033810736417990207,,,,,,
6,,,avg_rsm_avg_fpar,IN-12-0218,2,avg_rsm_z,avg_fpar_z,,,,,,,-0.17872536694037852,0.19625436513591415,,,,,,
10,,,avg_rsm_avg_fpar,IN-12-0218,2,avg_rsm_z,avg_fpar_z,,,,,,,-0.3389154874467642,0.2695970282300621,,,,,,
6,,,avg_rsm_avg_fpar,IN-12-0219,2,avg_rsm_z,avg_fpar_z,,,,,,,0.07571895293436445,0.11353296167629938,,,,,,
10,,,avg_rsm_avg_fpar,IN-12-0219,2,avg_rsm_z,avg_fpar_z,,,,,,,0.03516899744902212,0.1654970028121499,,,,,,
6,,,avg_rsm_avg_fpar,IN-12-0220,2,avg_rsm_z,avg_fpar_z,,,,,,,0.36076825253318856,0.2676154185779602,,,,,,
10,,,avg_rsm_avg_fpar,IN-12-0220,2,avg_rsm_z,avg_fpar_z,,,,,,,0.45017809662590713,-0.047685670100022885,,,,,,
6,,,avg_rsm_avg_fpar,IN-12-0221,2,avg_rsm_z,avg_fpar_z,,,,,,,0.05780858621118762,0.1848656296747026,,,,,,
10,,,avg_rsm_avg_fpar,IN-12-0221,2,avg_rsm_z,avg_fpar_z,,,,,,,-0.038173656553259945,-0.15736221281165344,,,,,,
6,,,avg_rsm_avg_fpar,IN-12-0222,2,avg_rsm_z,avg_fpar_z,,,,,,,0.3299690910171603,0.2211616302858868,,,,,,
10,,,avg_rsm_avg_fpar,IN-12-0222,2,avg_rsm_z,avg_fpar_z,,,,,,,0.35394382697408794,-0.0558298508096424,,,,,,
6,,,avg_rsm_avg_fpar,IN-12-0223,2,avg_rsm_z,avg_fpar_z,,,,,,,0.05550243886544849,-0.016740412508735973,,,,,,
10,,,avg_rsm_avg_fpar,IN-12-0223,2,avg_rsm_z,avg_fpar_z,,,,,,,-0.2509964656273868,-0.32763658598009576,,,,,,
6,,,avg_rsm_avg_fpar,IN-12-0224,2,avg_rsm_z,avg_fpar_z,,,,,,,0.12070077506583807,0.19946940588604428,,,,,,
10,,,avg_rsm_avg_fpar,IN-12-0224,2,avg_rsm_z,avg_fpar_z,,,,,,,-0.03894022894089751,0.15959674643335592,,,,,,
6,,,avg_rsm_avg_fpar,IN-12-0225,2,avg_rsm_z,avg_fpar_z,,,,,,,-0.3056857105877036,0.2358920204827449,,,,,,
10,,,avg_rsm_avg_fpar,IN-12-0225,2,avg_rsm_z,avg_fpar_z,,,,,,,-0.3305386089610246,0.3792976044489657,,,,,,
6,,,avg_rsm_avg_fpar,IN-12-0226,2,avg_rsm_z,avg_fpar_z,,,,,,,-0.4443259045166652,0.10118196736557405,,,,,,
10,,,avg_rsm_avg_fpar,IN-12-0226,2,avg_rsm_z,avg_fpar_z,,,,,,,-0.35909031234701,-0.07743764806031492,,,,,,
6,,,avg_rsm_avg_fpar,IN-12-0227,2,avg_rsm_z,avg_fpar_z,,,,,,,-0.3647332977674888,0.12745334345627107,,,,,,
10,,,avg_rsm_avg_fpar,IN-12-0227,2,avg_rsm_z,avg_fpar_z,,,,,,,-0.5836470352662643,-0.0586325923952319,,,,,,
6,,,avg_rsm_avg_fpar,IN-12-0228,2,avg_rsm_z,avg_fpar_z,,,,,,,0.15367020509179136,0.38186579661041,,,,,,
10,,,avg_rsm_avg_fpar,IN-12-0228,2,avg_rsm_z,avg_fpar_z,,,,,,,0.2950925840280029,0.39345108638841253,,,,,,
6,,,avg_rsm_avg_fpar,IN-12-0229,2,avg_rsm_z,avg_fpar_z,,,,,,,0.061840850904670064,0.27995924393947214,,,,,,
10,,,avg_rsm_avg_fpar,IN-12-0229,2,avg_rsm_z,avg_fpar_z,,,,,,,-0.00809342886392555,0.23787892387212728,,,,,,
6,,,avg_rsm_avg_fpar,IN-12-0230,2,avg_rsm_z,avg_fpar_z,,,,,,,0.4089572391092794,0.6515403092929015,,,,,,
10,,,avg_rsm_avg_fpar,IN-12-0230,2,avg_rsm_z,avg_fpar_z,,,,,,,0.5364144347269961,0.637478735365224,,,,,,
6,,,avg_rsm_avg_fpar,IN-12-0231,2,avg_rsm_z,avg_fpar_z,,,,,,,-0.2871962466896477,-0.014785364153829797,,,,,,
10,,,avg_rsm_avg_fpar,IN-12-0231,2,avg_rsm_z,avg_fpar_z,,,,,,,-0.4314237636715913,-0.13611531993444148,,,,,,
6,,,avg_rsm_avg_fpar,IN-12-0232,2,avg_rsm_z,avg_fpar_z,,,,,,,-0.3071558105179891,0.09937943700045145,,,,,,
10,,,avg_rsm_avg_fpar,IN-12-0232,2,avg_rsm_z,avg_fpar_z,,,,,,,-0.3882511763416213,0.07959754452045462,,,,,,
6,,,avg_rsm_avg_fpar,IN-12-0233,2,avg_rsm_z,avg_fpar_z,,,,,,,0.08604255162918825,0.3702028173641188,,,,,,
10,,,avg_rsm_avg_fpar,IN-12-0233,2,avg_rsm_z,avg_fpar_z,,,,,,,0.11270367385821298,0.41387686350163894,,,,,,
6,,,avg_rsm_avg_fpar,IN-12-0234,2,avg_rsm_z,avg_fpar_z,,,,,,,-0.32003222868666525,0.16016571450454778,,,,,,
10,,,avg_rsm_avg_fpar,IN-12-0234,2,avg_rsm_z,avg_fpar_z,,,,,,,-0.3601965715651304,0.15373719674008807,,,,,,
6,,,avg_rsm_avg_fpar,IN-12-0235,2,avg_rsm_z,avg_fpar_z,,,,,,,-0.43929390624830533,0.05290334275510524,,,,,,
10,,,avg_rsm_avg_fpar,IN-12-0235,2,avg_rsm_z,avg_fpar_z,,,,,,,-0.5571713499095943,-0.032198086023873675,,,,,,
6,,,avg_rsm_avg_fpar,IN-12-0236,2,avg_rsm_z,avg_fpar_z,,,,,,,-0.08574770559256921,0.3465370392493914,,,,,,
10,,,avg_rsm_avg_fpar,IN-12-0236,2,avg_rsm_z,avg_fpar_z,,,,,,,-0.09140752420651081,0.35925723964785444,,,,,,
6,,,avg_rsm_avg_fpar,IN-12-0528,2,avg_rsm_z,avg_fpar_z,,,,,,,0.06115945264236272,0.09574492494080775,,,,,,
10,,,avg_rsm_avg_fpar,IN-12-0528,2,avg_rsm_z,avg_fpar_z,,,,,,,0.12690481020269245,-0.04209969645826002,,,,,,
6,,,avg_rsm_avg_fpar,IN-12-0529,2,avg_rsm_z,avg_fpar_z,,,,,,,-0.45167093394688757,-0.1451321260790423,,,,,,
10,,,avg_rsm_avg_fpar,IN-12-0529,2,avg_rsm_z,avg_fpar_z,,,,,,,-0.5488930078349814,-0.24964993622254134,,,,,,
6,,,avg_rsm_avg_fpar,IN-12-0530,2,avg_rsm_z,avg_fpar_z,,,,,,,0.342709506393536,0.25029152617862704,,,,,,
10,,,avg_rsm_avg_fpar,IN-12-0530,2,avg_rsm_z,avg_fpar_z,,,,,,,0.22661432670476428,0.00892876829154432,,,,,,
6,,,avg_rsm_avg_fpar,IN-12-0531,2,avg_rsm_z,avg_fpar_z,,,,,,,0.054903620548463025,0.03625926404696899,,,,,,
10,,,avg_rsm_avg_fpar,IN-12-0531,2,avg_rsm_z,avg_fpar_z,,,,,,,-0.18206498925556702,-0.25639507198587846,,,,,,
6,,,avg_rsm_avg_fpar,IN-12-0532,2,avg_rsm_z,avg_fpar_z,,,,,,,-0.26562549790561074,0.03307188025736692,,,,,,
10,,,avg_rsm_avg_fpar,IN-12-0532,2,avg_rsm_z,avg_fpar_z,,,,,,,-0.3643976574367105,-0.1828730568666012,,,,,,
6,,,avg_rsm_avg_fpar,IN-12-0533,2,avg_rsm_z,avg_fpar_z,,,,,,,-0.06519826200967221,0.19721813178333272,,,,,,
10,,,avg_rsm_avg_fpar,IN-12-0533,2,avg_rsm_z,avg_fpar_z,,,,,,,-0.17903026535483407,0.016473126874875378,,,,,,
6,,,avg_rsm_avg_fpar,IN-12-0547,2,avg_rsm_z,avg_fpar_z,,,,,,,-0.2611605539826847,-0.331972549091187,,,,,,
10,,,avg_rsm_avg_fpar,IN-12-0547,2,avg_rsm_z,avg_fpar_z,,,,,,,-0.46265162690205824,-0.3990333865121819,,,,,,
6,,,avg_rsm_avg_fpar,IN-12-0548,2,avg_rsm_z,avg_fpar_z,,,,,,,-0.17669592813069523,-0.21155917369354965,,,,,,
10,,,avg_rsm_avg_fpar,IN-12-0548,2,avg_rsm_z,avg_fpar_z,,,,,,,-0.4894049676983744,-0.3217871701257148,,,,,,
6,,,avg_rsm_avg_fpar,IN-12-1028,2,avg_rsm_z,avg_fpar_z,,,,,,,-0.21114233949090214,0.03861492476794676,,,,,,
10,,,avg_rsm_avg_fpar,IN-12-1028,2,avg_rsm_z,avg_fpar_z,,,,,,,-0.24658944535188304,0.06594691835285875,,,,,,
6,,,avg_rsm_avg_fpar,IN-12-1029,2,avg_rsm_z,avg_fpar_z,,,,,,,0.18944312728115764,0.12300527124052811,,,,,,
10,,,avg_rsm_avg_fpar,IN-12-1029,2,avg_rsm_z,avg_fpar_z,,,,,,,0.15880832765977676,-0.11046779935680781,,,,,,
6,,,avg_rsm_avg_fpar,IN-12-1031,2,avg_rsm_z,avg_fpar_z,,,,,,,-0.23690947356089706,0.019641865031764155,,,,,,
10,,,avg_rsm_avg_fpar,IN-12-1031,2,avg_rsm_z,avg_fpar_z,,,,,,,-0.45687486535701893,-0.09597937536101583,,,,,,
6,,,avg_rsm_avg_fpar,IN-12-1033,2,avg_rsm_z,avg_fpar_z,,,,,,,-0.13955328944773837,0.09401572836165761,,,,,,
10,,,avg_rsm_avg_fpar,IN-12-1033,2,avg_rsm_z,avg_fpar_z,,,,,,,-0.11677332754564987,0.29344043717945284,,,,,,
6,,,avg_rsm_avg_fpar,IN-12-1034,2,avg_rsm_z,avg_fpar_z,,,,,,,-0.2626510359836139,0.052140683161902776,,,,,,
10,,,avg_rsm_avg_fpar,IN-12-1034,2,avg_rsm_z,avg_fpar_z,,,,,,,-0.4154996254744619,0.04755766721439977,,,,,,
6,,,avg_rsm_avg_fpar,IN-12-1036,2,avg_rsm_z,avg_fpar_z,,,,,,,-0.1517986474184439,0.04791275395730413,,,,,,
10,,,avg_rsm_avg_fpar,IN-12-1036,2,avg_rsm_z,avg_fpar_z,,,,,,,-0.3294507805790181,0.23661507572586152,,,,,,
6,,,avg_rsm_avg_fpar,IN-12-1037,2,avg_rsm_z,avg_fpar_z,,,,,,,-0.05975070731175257,-0.21008984573570527,,,,,,
10,,,avg_rsm_avg_fpar,IN-12-1037,2,avg_rsm_z,avg_fpar_z,,,,,,,-0.10768235864146436,-0.1261498139218408,,,,,,
6,,,avg_rsm_avg_fpar,IN-12-1038,2,avg_rsm_z,avg_fpar_z,,,,,,,0.21758044946986005,0.06698736838437942,,,,,,
10,,,avg_rsm_avg_fpar,IN-12-1038,2,avg_rsm_z,avg_fpar_z,,,,,,,0.1692877610807602,0.5140390534187192,,,,,,
6,,,avg_rsm_avg_fpar,IN-12-1039,2,avg_rsm_z,avg_fpar_z,,,,,,,0.2950148217646345,0.2309658445775681,,,,,,
10,,,avg_rsm_avg_fpar,IN-12-1039,2,avg_rsm_z,avg_fpar_z,,,,,,,0.4790587717216096,0.20951060748589576,,,,,,
6,,,avg_rsm_avg_fpar,IN-12-1040,2,avg_rsm_z,avg_fpar_z,,,,,,,0.5352778554494414,0.5530831519694912,,,,,,
10,,,avg_rsm_avg_fpar,IN-12-1040,2,avg_rsm_z,avg_fpar_z,,,,,,,0.5637616571674886,0.6795739557310535,,,,,,
6,,,avg_rsm_avg_fpar,IN-12-1041,2,avg_rsm_z,avg_fpar_z,,,,,,,-0.0966534726808628,0.3748507715485207,,,,,,
10,,,avg_rsm_avg_fpar,IN-12-1041,2,avg_rsm_z,avg_fpar_z,,,,,,,-0.05799222069242442,0.4008081403093754,,,,,,
6,,,avg_rsm_avg_fpar,IN-12-1042,2,avg_rsm_z,avg_fpar_z,,,,,,,-0.45719204558955706,-0.04224601580713564,,,,,,
10,,,avg_rsm_avg_fpar,IN-12-1042,2,avg_rsm_z,avg_fpar_z,,,,,,,-0.4970173780979545,-0.22575269573839143,,,,,,
6,,,avg_rsm_avg_fpar,IN-12-1044,2,avg_rsm_z,avg_fpar_z,,,,,,,-0.2108581588525717,0.05364260956229418,,,,,,
10,,,avg_rsm_avg_fpar,IN-12-1044,2,avg_rsm_z,avg_fpar_z,,,,,,,-0.4448702031394651,-0.17039417106877716,,,,,,
6,,,avg_rsm_avg_fpar,IN-12-1045,2,avg_rsm_z,avg_fpar_z,,,,,,,-0.03365488641255704,0.15002016466024695,,,,,,
10,,,avg_rsm_avg_fpar,IN-12-1045,2,avg_rsm_z,avg_fpar_z,,,,,,,-0.23663678129843008,-0.11148046542695642,,,,,,
6,,,avg_rsm_avg_fpar,IN-12-1046,2,avg_rsm_z,avg_fpar_z,,,,,,,0.0618505283493036,0.22194885003942613,,,,,,
10,,,avg_rsm_avg_fpar,IN-12-1046,2,avg_rsm_z,avg_fpar_z,,,,,,,-0.09226922559608126,0.19592818019629182,,,,,,
6,,,avg_rsm_avg_fpar,IN-12-2013,2,avg_rsm_z,avg_fpar_z,,,,,,,-0.21335211280623287,0.32482845468464105,,,,,,
6,,,avg_rsm_avg_fpar,IN-13-0801,2,avg_rsm_z,avg_fpar_z,,,,,,,-0.2102035011863655,-0.5196390594171876,,,,,,
10,,,avg_rsm_avg_fpar,IN-13-0801,2,avg_rsm_z,avg_fpar_z,,,,,,,-0.05096247163551877,-0.6193530350523812,,,,,,
6,,,avg_rsm_avg_fpar,IN-13-0802,2,avg_rsm_z,avg_fpar_z,,,,,,,-0.020214826577257306,-0.2853074766092041,,,,,,
10,,,avg_rsm_avg_fpar,IN-13-0802,2,avg_rsm_z,avg_fpar_z,,,,,,,0.06661660024528163,-0.2117897730122888,,,,,,
6,,,avg_rsm_avg_fpar,IN-13-0803,2,avg_rsm_z,avg_fpar_z,,,,,,,0.2708699495623872,0.1755908852336024,,,,,,
10,,,avg_rsm_avg_fpar,IN-13-0803,2,avg_rsm_z,avg_fpar_z,,,,,,,0.45966380503515725,0.41045365281075963,,,,,,
6,,,avg_rsm_avg_fpar,IN-13-0804,2,avg_rsm_z,avg_fpar_z,,,,,,,0.215521953552639,0.3436798360740748,,,,,,
10,,,avg_rsm_avg_fpar,IN-13-0804,2,avg_rsm_z,avg_fpar_z,,,,,,,0.51175223507694,0.6591322257865482,,,,,,
6,,,avg_rsm_avg_fpar,IN-13-0805,2,avg_rsm_z,avg_fpar_z,,,,,,,0.08319786641239499,0.1887667616185289,,,,,,
10,,,avg_rsm_avg_fpar,IN-13-0805,2,avg_rsm_z,avg_fpar_z,,,,,,,0.1273550065756643,0.6711154619223542,,,,,,
6,,,avg_rsm_avg_fpar,IN-13-0806,2,avg_rsm_z,avg_fpar_z,,,,,,,0.22061607981282522,0.29095510622867304,,,,,,
10,,,avg_rsm_avg_fpar,IN-13-0806,2,avg_rsm_z,avg_fpar_z,,,,,,,0.2366835207207046,0.48289449610003626,,,,,,
6,,,avg_rsm_avg_fpar,IN-13-0807,2,avg_rsm_z,avg_fpar_z,,,,,,,0.344488693929732,-0.3428547891179403,,,,,,
10,,,avg_rsm_avg_fpar,IN-13-0807,2,avg_rsm_z,avg_fpar_z,,,,,,,0.47713053219932916,-0.5372859743573635,,,,,,
6,,,avg_rsm_avg_fpar,IN-13-0810,2,avg_rsm_z,avg_fpar_z,,,,,,,0.1088316567823071,0.47133220052138347,,,,,,
10,,,avg_rsm_avg_fpar,IN-13-0810,2,avg_rsm_z,avg_fpar_z,,,,,,,0.2709414244205551,0.8112879601435287,,,,,,
6,,,avg_rsm_avg_fpar,IN-13-0814,2,avg_rsm_z,avg_fpar_z,,,,,,,0.06159593940606741,0.40008540427526496,,,,,,
10,,,avg_rsm_avg_fpar,IN-13-0814,2,avg_rsm_z,avg_fpar_z,,,,,,,0.3517270283601557,0.650101321136461,,,,,,
6,,,avg_rsm_avg_fpar,IN-13-0816,2,avg_rsm_z,avg_fpar_z,,,,,,,0.10079284684325192,0.12353926352607747,,,,,,
10,,,avg_rsm_avg_fpar,IN-13-0816,2,avg_rsm_z,avg_fpar_z,,,,,,,0.10413730976731736,0.24019496018310155,,,,,,
6,,,avg_rsm_avg_fpar,IN-13-0817,2,avg_rsm_z,avg_fpar_z,,,,,,,-0.15644510063729983,-0.28514095091127734,,,,,,
10,,,avg_rsm_avg_fpar,IN-13-0817,2,avg_rsm_z,avg_fpar_z,,,,,,,0.19720241256422671,-0.33256468575905374,,,,,,
6,,,avg_rsm_avg_fpar,IN-13-0819,2,avg_rsm_z,avg_fpar_z,,,,,,,0.13852101777234638,0.26864708528386505,,,,,,
10,,,avg_rsm_avg_fpar,IN-13-0819,2,avg_rsm_z,avg_fpar_z,,,,,,,0.27232568570253735,0.5678589350928487,,,,,,
6,,,avg_rsm_avg_fpar,IN-13-0820,2,avg_rsm_z,avg_fpar_z,,,,,,,0.12296018225262886,0.18420464347954998,,,,,,
10,,,avg_rsm_avg_fpar,IN-13-0820,2,avg_rsm_z,avg_fpar_z,,,,,,,0.2230238784050679,0.42847067580278786,,,,,,
6,,,avg_rsm_avg_fpar,IN-13-0824,2,avg_rsm_z,avg_fpar_z,,,,,,,0.23253514800168434,-0.11356205183473848,,,,,,
10,,,avg_rsm_avg_fpar,IN-13-0824,2,avg_rsm_z,avg_fpar_z,,,,,,,0.3717914763283489,-0.19347592337892858,,,,,,
6,,,avg_rsm_avg_fpar,IN-14-0001,2,avg_rsm_z,avg_fpar_z,,,,,,,-0.3071152247782178,-0.21495053944492012,,,,,,
10,,,avg_rsm_avg_fpar,IN-14-0001,2,avg_rsm_z,avg_fpar_z,,,,,,,-0.21276519697828616,-0.24020438234678365,,,,,,
6,,,avg_rsm_avg_fpar,IN-14-0002,2,avg_rsm_z,avg_fpar_z,,,,,,,-0.08824587470704497,-0.14364730815339494,,,,,,
10,,,avg_rsm_avg_fpar,IN-14-0002,2,avg_rsm_z,avg_fpar_z,,,,,,,-0.17091774983383584,0.0013197278740151252,,,,,,
6,,,avg_rsm_avg_fpar,IN-14-0003,2,avg_rsm_z,avg_fpar_z,,,,,,,-0.034181596949515815,-0.5172012738961203,,,,,,
10,,,avg_rsm_avg_fpar,IN-14-0003,2,avg_rsm_z,avg_fpar_z,,,,,,,-0.19369949707106696,-0.6241257574526444,,,,,,
6,,,avg_rsm_avg_fpar,IN-14-0004,2,avg_rsm_z,avg_fpar_z,,,,,,,0.07375429194953745,-0.36960529372413786,,,,,,
10,,,avg_rsm_avg_fpar,IN-14-0004,2,avg_rsm_z,avg_fpar_z,,,,,,,0.07566727566371804,-0.471487432228467,,,,,,
6,,,avg_rsm_avg_fpar,IN-14-0005,2,avg_rsm_z,avg_fpar_z,,,,,,,-0.5260222973123174,-0.21720653252568495,,,,,,
10,,,avg_rsm_avg_fpar,IN-14-0005,2,avg_rsm_z,avg_fpar_z,,,,,,,-0.5276004934461133,-0.3681966125540572,,,,,,
6,,,avg_rsm_avg_fpar,IN-14-0006,2,avg_rsm_z,avg_fpar_z,,,,,,,-0.46858249550477105,-0.269096113495802,,,,,,
10,,,avg_rsm_avg_fpar,IN-14-0006,2,avg_rsm_z,avg_fpar_z,,,,,,,-0.6099480521943728,-0.4395397786427993,,,,,,
6,,,avg_rsm_avg_fpar,IN-14-0501,2,avg_rsm_z,avg_fpar_z,,,,,,,-0.2726255307023323,-0.11570176294487926,,,,,,
10,,,avg_rsm_avg_fpar,IN-14-0501,2,avg_rsm_z,avg_fpar_z,,,,,,,-0.297701353286981,0.01580912574732505,,,,,,
6,,,avg_rsm_avg_fpar,IN-14-1055,2,avg_rsm_z,avg_fpar_z,,,,,,,-0.5961094904865949,-0.5195218571755721,,,,,,
10,,,avg_rsm_avg_fpar,IN-14-1055,2,avg_rsm_z,avg_fpar_z,,,,,,,-0.47451370809813775,-0.678180634620527,,,,,,
6,,,avg_rsm_avg_fpar,IN-14-1056,2,avg_rsm_z,avg_fpar_z,,,,,,,-0.23270346853890186,-0.525890165056729,,,,,,
10,,,avg_rsm_avg_fpar,IN-14-1056,2,avg_rsm_z,avg_fpar_z,,,,,,,-0.2947418106123632,-0.5901651738394749,,,,,,
6,,,avg_rsm_avg_fpar,IN-14-1059,2,avg_rsm_z,avg_fpar_z,,,,,,,-0.1502330763551583,-0.28644263939705883,,,,,,
10,,,avg_rsm_avg_fpar,IN-14-1059,2,avg_rsm_z,avg_fpar_z,,,,,,,-0.24062492444355693,-0.31852503257772025,,,,,,
6,,,avg_rsm_avg_fpar,IN-14-1065,2,avg_rsm_z,avg_fpar_z,,,,,,,-0.05955899146979904,-0.324698715710855,,,,,,
10,,,avg_rsm_avg_fpar,IN-14-1065,2,avg_rsm_z,avg_fpar_z,,,,,,,-0.023219543323978648,-0.39243259779821743,,,,,,
6,,,avg_rsm_avg_fpar,IN-14-1066,2,avg_rsm_z,avg_fpar_z,,,,,,,-0.5372116994606377,-0.3862734215881187,,,,,,
10,,,avg_rsm_avg_fpar,IN-14-1066,2,avg_rsm_z,avg_fpar_z,,,,,,,-0.6593670492259031,-0.6053091897453218,,,,,,
6,,,avg_rsm_avg_fpar,IN-14-1067,2,avg_rsm_z,avg_fpar_z,,,,,,,0.2133632746941959,-0.43140055227219837,,,,,,
10,,,avg_rsm_avg_fpar,IN-14-1067,2,avg_rsm_z,avg_fpar_z,,,,,,,0.17254746299939455,-0.3828042546109094,,,,,,
6,,,avg_rsm_avg_fpar,IN-14-1068,2,avg_rsm_z,avg_fpar_z,,,,,,,-0.10626868773206075,-0.43527208276474444,,,,,,
10,,,avg_rsm_avg_fpar,IN-14-1068,2,avg_rsm_z,avg_fpar_z,,,,,,,0.0025875971724804324,-0.5087941923684587,,,,,,
6,,,avg_rsm_avg_fpar,IN-14-1069,2,avg_rsm_z,avg_fpar_z,,,,,,,-0.23272029843794115,-0.28100722098315156,,,,,,
10,,,avg_rsm_avg_fpar,IN-14-1069,2,avg_rsm_z,avg_fpar_z,,,,,,,-0.23142788047429058,-0.233385135857953,,,,,,
6,,,avg_rsm_avg_fpar,IN-14-1070,2,avg_rsm_z,avg_fpar_z,,,,,,,-0.18749204794348878,0.003935778972565804,,,,,,
10,,,avg_rsm_avg_fpar,IN-14-1070,2,avg_rsm_z,avg_fpar_z,,,,,,,-0.23214142378212407,0.18944518850651915,,,,,,
6,,,avg_rsm_avg_fpar,IN-14-2015,2,avg_rsm_z,avg_fpar_z,,,,,,,0.022982510999826934,-0.0027754408121169138,,,,,,
6,,,avg_rsm_avg_fpar,IN-15-0910,2,avg_rsm_z,avg_fpar_z,,,,,,,0.3067705426118768,-0.19755754879765314,,,,,,
10,,,avg_rsm_avg_fpar,IN-15-0910,2,avg_rsm_z,avg_fpar_z,,,,,,,0.384137379877105,-0.3404619949667118,,,,,,
6,,,avg_rsm_avg_fpar,IN-15-0913,2,avg_rsm_z,avg_fpar_z,,,,,,,0.2782108439278991,-0.2586784959433286,,,,,,
10,,,avg_rsm_avg_fpar,IN-15-0913,2,avg_rsm_z,avg_fpar_z,,,,,,,0.44950449237764223,-0.37702292942825916,,,,,,
6,,,avg_rsm_avg_fpar,IN-15-0914,2,avg_rsm_z,avg_fpar_z,,,,,,,0.09967554202480684,-0.16061261804404464,,,,,,
10,,,avg_rsm_avg_fpar,IN-15-0914,2,avg_rsm_z,avg_fpar_z,,,,,,,0.36218594290338957,0.08320160534674752,,,,,,
6,,,avg_rsm_avg_fpar,IN-15-0915,2,avg_rsm_z,avg_fpar_z,,,,,,,-0.07308264395966725,0.2713208340562246,,,,,,
10,,,avg_rsm_avg_fpar,IN-15-0915,2,avg_rsm_z,avg_fpar_z,,,,,,,0.19313947204530957,0.4302263275203043,,,,,,
6,,,avg_rsm_avg_fpar,IN-15-0916,2,avg_rsm_z,avg_fpar_z,,,,,,,-0.17675715941747935,-0.4503711604755842,,,,,,
10,,,avg_rsm_avg_fpar,IN-15-0916,2,avg_rsm_z,avg_fpar_z,,,,,,,-0.19805501548121504,-0.4094491878698534,,,,,,
6,,,avg_rsm_avg_fpar,IN-15-0933,2,avg_rsm_z,avg_fpar_z,,,,,,,0.2467236295863343,-0.18653272795315048,,,,,,
10,,,avg_rsm_avg_fpar,IN-15-0933,2,avg_rsm_z,avg_fpar_z,,,,,,,0.47608199272342216,-0.20101617312543074,,,,,,
6,,,avg_rsm_avg_fpar,IN-15-0937,2,avg_rsm_z,avg_fpar_z,,,,,,,0.19640684013841717,0.2525392291630026,,,,,,
10,,,avg_rsm_avg_fpar,IN-15-0937,2,avg_rsm_z,avg_fpar_z,,,,,,,0.15346483581234321,0.513490106779493,,,,,,
6,,,avg_rsm_avg_fpar,IN-15-0938,2,avg_rsm_z,avg_fpar_z,,,,,,,-0.01863139743882103,0.5424917560856871,,,,,,
10,,,avg_rsm_avg_fpar,IN-15-0938,2,avg_rsm_z,avg_fpar_z,,,,,,,0.025080350021549614,0.6483352147027952,,,,,,
6,,,avg_rsm_avg_fpar,IN-15-0940,2,avg_rsm_z,avg_fpar_z,,,,,,,0.18867316170363352,-0.22065922741371663,,,,,,
10,,,avg_rsm_avg_fpar,IN-15-0940,2,avg_rsm_z,avg_fpar_z,,,,,,,0.2847682498654908,-0.29576946504606993,,,,,,
6,,,avg_rsm_avg_fpar,IN-15-0941,2,avg_rsm_z,avg_fpar_z,,,,,,,-0.11811832910636007,-0.38401015072677985,,,,,,
10,,,avg_rsm_avg_fpar,IN-15-0941,2,avg_rsm_z,avg_fpar_z,,,,,,,-0.12699061323005867,-0.6600547747225094,,,,,,
6,,,avg_rsm_avg_fpar,IN-15-0942,2,avg_rsm_z,avg_fpar_z,,,,,,,-0.365208665349641,-0.04836915516825696,,,,,,
10,,,avg_rsm_avg_fpar,IN-15-0942,2,avg_rsm_z,avg_fpar_z,,,,,,,-0.5325932865771362,0.12220824614665096,,,,,,
6,,,avg_rsm_avg_fpar,IN-15-0943,2,avg_rsm_z,avg_fpar_z,,,,,,,0.07827275581127655,-0.020852296418471826,,,,,,
10,,,avg_rsm_avg_fpar,IN-15-0943,2,avg_rsm_z,avg_fpar_z,,,,,,,-0.007597050362286639,-0.013054010752664574,,,,,,
6,,,avg_rsm_avg_fpar,IN-15-0944,2,avg_rsm_z,avg_fpar_z,,,,,,,-0.2775257173906386,0.013559192947362214,,,,,,
10,,,avg_rsm_avg_fpar,IN-15-0944,2,avg_rsm_z,avg_fpar_z,,,,,,,-0.3062352387480295,0.47328355572380304,,,,,,
6,,,avg_rsm_avg_fpar,IN-15-0952,2,avg_rsm_z,avg_fpar_z,,,,,,,0.29734604213556665,0.015515936553391174,,,,,,
10,,,avg_rsm_avg_fpar,IN-15-0952,2,avg_rsm_z,avg_fpar_z,,,,,,,0.40174257130412805,0.06669846009534246,,,,,,
6,,,avg_rsm_avg_fpar,IN-15-0953,2,avg_rsm_z,avg_fpar_z,,,,,,,-0.062005235062694154,-0.06544066884589496,,,,,,
10,,,avg_rsm_avg_fpar,IN-15-0953,2,avg_rsm_z,avg_fpar_z,,,,,,,0.06950261757269013,0.2586872543305952,,,,,,
6,,,avg_rsm_avg_fpar,IN-15-0954,2,avg_rsm_z,avg_fpar_z,,,,,,,-0.29134346873114986,-0.085262997574855,,,,,,
10,,,avg_rsm_avg_fpar,IN-15-0954,2,avg_rsm_z,avg_fpar_z,,,,,,,-0.09364072586126086,0.09901424106804768,,,,,,
6,,,avg_rsm_avg_fpar,IN-15-0955,2,avg_rsm_z,avg_fpar_z,,,,,,,0.24535324991240573,-0.3890420675287228,,,,,,
10,,,avg_rsm_avg_fpar,IN-15-0955,2,avg_rsm_z,avg_fpar_z,,,,,,,0.46188474024200676,-0.6764653416777273,,,,,,
6,,,avg_rsm_avg_fpar,IN-15-0957,2,avg_rsm_z,avg_fpar_z,,,,,,,-0.04104669109523913,-0.2410343935969598,,,,,,
10,,,avg_rsm_avg_fpar,IN-15-0957,2,avg_rsm_z,avg_fpar_z,,,,,,,-0.21789304882923127,-0.45749881346923293,,,,,,
6,,,avg_rsm_avg_fpar,IN-15-0962,2,avg_rsm_z,avg_fpar_z,,,,,,,-0.07510775111989551,-0.004937948015718724,,,,,,
10,,,avg_rsm_avg_fpar,IN-15-0962,2,avg_rsm_z,avg_fpar_z,,,,,,,-0.11789019381991409,0.09608283587794443,,,,,,
6,,,avg_rsm_avg_fpar,IN-15-0963,2,avg_rsm_z,avg_fpar_z,,,,,,,0.08584011700290531,0.07025017962161641,,,,,,
10,,,avg_rsm_avg_fpar,IN-15-0963,2,avg_rsm_z,avg_fpar_z,,,,,,,0.13345444695932457,0.521695906048124,,,,,,
6,,,avg_rsm_avg_fpar,IN-15-0964,2,avg_rsm_z,avg_fpar_z,,,,,,,-0.2570075372517534,-0.5707984619134507,,,,,,
10,,,avg_rsm_avg_fpar,IN-15-0964,2,avg_rsm_z,avg_fpar_z,,,,,,,-0.2217934674805031,-0.7098756085430827,,,,,,
6,,,avg_rsm_avg_fpar,IN-15-0965,2,avg_rsm_z,avg_fpar_z,,,,,,,-0.5126025184850624,-0.11789562491036545,,,,,,
10,,,avg_rsm_avg_fpar,IN-15-0965,2,avg_rsm_z,avg_fpar_z,,,,,,,-0.6930006909684571,-0.44765622406939964,,,,,,
6,,,avg_rsm_avg_fpar,IN-16-0237,2,avg_rsm_z,avg_fpar_z,,,,,,,-0.010758701238851351,0.31663481607698746,,,,,,
10,,,avg_rsm_avg_fpar,IN-16-0237,2,avg_rsm_z,avg_fpar_z,,,,,,,-0.07690050694917115,0.12110250709086516,,,,,,
6,,,avg_rsm_avg_fpar,IN-16-0238,2,avg_rsm_z,avg_fpar_z,,,,,,,-0.22887311809816238,-0.16352259889854864,,,,,,
10,,,avg_rsm_avg_fpar,IN-16-0238,2,avg_rsm_z,avg_fpar_z,,,,,,,-0.27908277847025575,-0.4580418756481996,,,,,,
6,,,avg_rsm_avg_fpar,IN-16-0239,2,avg_rsm_z,avg_fpar_z,,,,,,,0.10696758776780088,0.16374727128226882,,,,,,
10,,,avg_rsm_avg_fpar,IN-16-0239,2,avg_rsm_z,avg_fpar_z,,,,,,,0.06889669130394482,0.09976216595110413,,,,,,
6,,,avg_rsm_avg_fpar,IN-16-0240,2,avg_rsm_z,avg_fpar_z,,,,,,,0.17553785800262317,-0.2607241132277289,,,,,,
10,,,avg_rsm_avg_fpar,IN-16-0240,2,avg_rsm_z,avg_fpar_z,,,,,,,0.026174614226251523,-0.3383349300014066,,,,,,
6,,,avg_rsm_avg_fpar,IN-16-0241,2,avg_rsm_z,avg_fpar_z,,,,,,,0.3392362733505191,-0.261454553800863,,,,,,
10,,,avg_rsm_avg_fpar,IN-16-0241,2,avg_rsm_z,avg_fpar_z,,,,,,,0.2792869517565416,-0.17246790012634566,,,,,,
6,,,avg_rsm_avg_fpar,IN-16-0242,2,avg_rsm_z,avg_fpar_z,,,,,,,0.27203241619917573,0.16572070190571353,,,,,,
10,,,avg_rsm_avg_fpar,IN-16-0242,2,avg_rsm_z,avg_fpar_z,,,,,,,0.03177154229841521,0.2831812137771526,,,,,,
6,,,avg_rsm_avg_fpar,IN-16-0243,2,avg_rsm_z,avg_fpar_z,,,,,,,-0.2509933905197538,0.31037028354725477,,,,,,
10,,,avg_rsm_avg_fpar,IN-16-0243,2,avg_rsm_z,avg_fpar_z,,,,,,,-0.4348266614775877,0.5964635239468747,,,,,,
6,,,avg_rsm_avg_fpar,IN-16-0244,2,avg_rsm_z,avg_fpar_z,,,,,,,-0.030490627569908845,-0.31757212010971003,,,,,,
10,,,avg_rsm_avg_fpar,IN-16-0244,2,avg_rsm_z,avg_fpar_z,,,,,,,0.025365632586044275,-0.5168555685435525,,,,,,
6,,,avg_rsm_avg_fpar,IN-16-0527,2,avg_rsm_z,avg_fpar_z,,,,,,,0.4861443718431143,0.37640086022375546,,,,,,
10,,,avg_rsm_avg_fpar,IN-16-0527,2,avg_rsm_z,avg_fpar_z,,,,,,,0.41063266566578244,0.3661429788445222,,,,,,
6,,,avg_rsm_avg_fpar,IN-16-1030,2,avg_rsm_z,avg_fpar_z,,,,,,,0.4698331108227881,0.5668285724323925,,,,,,
10,,,avg_rsm_avg_fpar,IN-16-1030,2,avg_rsm_z,avg_fpar_z,,,,,,,0.506608087337675,0.5618391324678652,,,,,,
6,,,avg_rsm_avg_fpar,IN-16-1032,2,avg_rsm_z,avg_fpar_z,,,,,,,0.06625591440475587,-0.0357846217495863,,,,,,
10,,,avg_rsm_avg_fpar,IN-16-1032,2,avg_rsm_z,avg_fpar_z,,,,,,,0.03621271163823355,-0.18770981962493055,,,,,,
6,,,avg_rsm_avg_fpar,IN-16-1043,2,avg_rsm_z,avg_fpar_z,,,,,,,-0.10055299324683484,-0.20288882840832217,,,,,,
10,,,avg_rsm_avg_fpar,IN-16-1043,2,avg_rsm_z,avg_fpar_z,,,,,,,0.14061309930387272,-0.32303673709856595,,,,,,
6,,,avg_rsm_avg_fpar,IN-17-0601,2,avg_rsm_z,avg_fpar_z,,,,,,,0.703984475933507,0.6162673344288243,,,,,,
10,,,avg_rsm_avg_fpar,IN-17-0601,2,avg_rsm_z,avg_fpar_z,,,,,,,0.7231414368769278,0.751898630603307,,,,,,
6,,,avg_rsm_avg_fpar,IN-17-0602,2,avg_rsm_z,avg_fpar_z,,,,,,,-0.19430360737146574,0.35317489724796924,,,,,,
10,,,avg_rsm_avg_fpar,IN-17-0602,2,avg_rsm_z,avg_fpar_z,,,,,,,-0.41113292073498064,0.5508943110204125,,,,,,
6,,,avg_rsm_avg_fpar,IN-17-0603,2,avg_rsm_z,avg_fpar_z,,,,,,,0.26061444219477353,-0.3757802227912441,,,,,,
10,,,avg_rsm_avg_fpar,IN-17-0603,2,avg_rsm_z,avg_fpar_z,,,,,,,0.21124034790559154,-0.44971963040344376,,,,,,
6,,,avg_rsm_avg_fpar,IN-17-0604,2,avg_rsm_z,avg_fpar_z,,,,,,,0.18770383687141284,0.1399691689053882,,,,,,
10,,,avg_rsm_avg_fpar,IN-17-0604,2,avg_rsm_z,avg_fpar_z,,,,,,,0.373964587277052,0.302638916254106,,,,,,
6,,,avg_rsm_avg_fpar,IN-17-0605,2,avg_rsm_z,avg_fpar_z,,,,,,,-0.02250243596560704,-0.41593107719771105,,,,,,
10,,,avg_rsm_avg_fpar,IN-17-0605,2,avg_rsm_z,avg_fpar_z,,,,,,,-0.035646089887774,-0.3892457135767104,,,,,,
6,,,avg_rsm_avg_fpar,IN-17-0606,2,avg_rsm_z,avg_fpar_z,,,,,,,0.06723215048414789,-0.15837290296270662,,,,,,
10,,,avg_rsm_avg_fpar,IN-17-0606,2,avg_rsm_z,avg_fpar_z,,,,,,,-0.02591056415322358,-0.22302915503989446,,,,,,
6,,,avg_rsm_avg_fpar,IN-17-0607,2,avg_rsm_z,avg_fpar_z,,,,,,,0.22707726232706582,-0.04316095957168187,,,,,,
10,,,avg_rsm_avg_fpar,IN-17-0607,2,avg_rsm_z,avg_fpar_z,,,,,,,0.4249063012942,-0.17681822887910845,,,,,,
6,,,avg_rsm_avg_fpar,IN-17-0608,2,avg_rsm_z,avg_fpar_z,,,,,,,-0.35429020035063924,-0.46351030636843404,,,,,,
6,,,avg_rsm_avg_fpar,IN-17-0609,2,avg_rsm_z,avg_fpar_z,,,,,,,-0.5319716144688527,-0.30092040122596064,,,,,,
10,,,avg_rsm_avg_fpar,IN-17-0609,2,avg_rsm_z,avg_fpar_z,,,,,,,-0.5636532404996535,-0.1686155696414065,,,,,,
6,,,avg_rsm_avg_fpar,IN-17-0610,2,avg_rsm_z,avg_fpar_z,,,,,,,0.16280163180817694,0.2561445321487716,,,,,,
10,,,avg_rsm_avg_fpar,IN-17-0610,2,avg_rsm_z,avg_fpar_z,,,,,,,0.11996620941362665,0.26068680085891816,,,,,,
6,,,avg_rsm_avg_fpar,IN-17-0615,2,avg_rsm_z,avg_fpar_z,,,,,,,0.05248405940018895,-0.17726933763847974,,,,,,
10,,,avg_rsm_avg_fpar,IN-17-0615,2,avg_rsm_z,avg_fpar_z,,,,,,,0.12366600310504164,-0.10417220382243286,,,,,,
6,,,avg_rsm_avg_fpar,IN-17-0616,2,avg_rsm_z,avg_fpar_z,,,,,,,-0.12947470169908815,-0.01679080015207654,,,,,,
10,,,avg_rsm_avg_fpar,IN-17-0616,2,avg_rsm_z,avg_fpar_z,,,,,,,-0.2950870549064857,0.2803777026227004,,,,,,
6,,,avg_rsm_avg_fpar,IN-17-0617,2,avg_rsm_z,avg_fpar_z,,,,,,,-0.125821461085548,-0.04927804267621954,,,,,,
10,,,avg_rsm_avg_fpar,IN-17-0617,2,avg_rsm_z,avg_fpar_z,,,,,,,-0.02272228025128027,0.02966946114874607,,,,,,
6,,,avg_rsm_avg_fpar,IN-17-0618,2,avg_rsm_z,avg_fpar_z,,,,,,,0.19303487222292962,0.5471312511356107,,,,,,
10,,,avg_rsm_avg_fpar,IN-17-0618,2,avg_rsm_z,avg_fpar_z,,,,,,,0.1620713772677034,0.5673681607842006,,,,,,
6,,,avg_rsm_avg_fpar,IN-17-0619,2,avg_rsm_z,avg_fpar_z,,,,,,,0.7292030286068094,0.38385584960211766,,,,,,
10,,,avg_rsm_avg_fpar,IN-17-0619,2,avg_rsm_z,avg_fpar_z,,,,,,,0.839258034876735,0.404565297919852,,,,,,
6,,,avg_rsm_avg_fpar,IN-17-0620,2,avg_rsm_z,avg_fpar_z,,,,,,,-0.2548936677684151,-0.054022810803549294,,,,,,
10,,,avg_rsm_avg_fpar,IN-17-0620,2,avg_rsm_z,avg_fpar_z,,,,,,,-0.5013119921528948,-0.1071272926866157,,,,,,
6,,,avg_rsm_avg_fpar,IN-17-0621,2,avg_rsm_z,avg_fpar_z,,,,,,,-0.1584446772768792,0.04137681807930412,,,,,,
10,,,avg_rsm_avg_fpar,IN-17-0621,2,avg_rsm_z,avg_fpar_z,,,,,,,-0.2081365944119072,0.3606767935875611,,,,,,
6,,,avg_rsm_avg_fpar,IN-17-0622,2,avg_rsm_z,avg_fpar_z,,,,,,,-0.0422713148221094,-0.07956526090633259,,,,,,
10,,,avg_rsm_avg_fpar,IN-17-0622,2,avg_rsm_z,avg_fpar_z,,,,,,,0.03284689772551681,0.01274866347429301,,,,,,
6,,,avg_rsm_avg_fpar,IN-17-1047,2,avg_rsm_z,avg_fpar_z,,,,,,,-0.05599552818487792,-0.0083483963193832,,,,,,
10,,,avg_rsm_avg_fpar,IN-17-1047,2,avg_rsm_z,avg_fpar_z,,,,,,,-0.08095016788289625,0.42190055555770767,,,,,,
6,,,avg_rsm_avg_fpar,IN-17-1048,2,avg_rsm_z,avg_fpar_z,,,,,,,0.3143403066829543,0.4896315069829337,,,,,,
10,,,avg_rsm_avg_fpar,IN-17-1048,2,avg_rsm_z,avg_fpar_z,,,,,,,0.56980900100938,0.5271435485893854,,,,,,
6,,,avg_rsm_avg_fpar,IN-17-1050,2,avg_rsm_z,avg_fpar_z,,,,,,,-0.4505422150988091,-0.3353230252510149,,,,,,
10,,,avg_rsm_avg_fpar,IN-17-1050,2,avg_rsm_z,avg_fpar_z,,,,,,,-0.35009215430996704,-0.14767515250011548,,,,,,
6,,,avg_rsm_avg_fpar,IN-17-1051,2,avg_rsm_z,avg_fpar_z,,,,,,,0.17166507953276894,0.2349857158810104,,,,,,
10,,,avg_rsm_avg_fpar,IN-17-1051,2,avg_rsm_z,avg_fpar_z,,,,,,,0.24261689962694163,0.23450553221095288,,,,,,
6,,,avg_rsm_avg_fpar,IN-17-2017,2,avg_rsm_z,avg_fpar_z,,,,,,,-0.3018938606705732,-0.03316993785635944,,,,,,
10,,,avg_rsm_avg_fpar,IN-17-2017,2,avg_rsm_z,avg_fpar_z,,,,,,,-0.39035732889836683,0.08682360544349818,,,,,,
6,,,avg_rsm_avg_fpar,IN-17-2018,2,avg_rsm_z,avg_fpar_z,,,,,,,0.01127767865247271,0.24102389332269797,,,,,,
10,,,avg_rsm_avg_fpar,IN-17-2018,2,avg_rsm_z,avg_fpar_z,,,,,,,-0.01597043262511469,0.2922256978739716,,,,,,
6,,,avg_rsm_avg_fpar,IN-17-2019,2,avg_rsm_z,avg_fpar_z,,,,,,,-0.2548776166495984,0.20438491668289482,,,,,,
10,,,avg_rsm_avg_fpar,IN-17-2019,2,avg_rsm_z,avg_fpar_z,,,,,,,-0.2728091275528363,0.24753627467758327,,,,,,
6,,,avg_rsm_avg_fpar,IN-18-0626,2,avg_rsm_z,avg_fpar_z,,,,,,,0.372664527165972,0.4029248095686274,,,,,,
10,,,avg_rsm_avg_fpar,IN-18-0626,2,avg_rsm_z,avg_fpar_z,,,,,,,0.2506926243097081,0.4608361452941101,,,,,,
6,,,avg_rsm_avg_fpar,IN-18-0627,2,avg_rsm_z,avg_fpar_z,,,,,,,-0.1841357546661076,-0.1462221821578155,,,,,,
10,,,avg_rsm_avg_fpar,IN-18-0627,2,avg_rsm_z,avg_fpar_z,,,,,,,-0.1783475382609241,-0.31159272139034344,,,,,,
6,,,avg_rsm_avg_fpar,IN-18-0628,2,avg_rsm_z,avg_fpar_z,,,,,,,-0.0818360074074993,-0.0006942613674361489,,,,,,
10,,,avg_rsm_avg_fpar,IN-18-0628,2,avg_rsm_z,avg_fpar_z,,,,,,,0.014821358585752157,0.05511971146252528,,,,,,
6,,,avg_rsm_avg_fpar,IN-18-0629,2,avg_rsm_z,avg_fpar_z,,,,,,,-0.11323329161441704,0.10283459675550821,,,,,,
10,,,avg_rsm_avg_fpar,IN-18-0629,2,avg_rsm_z,avg_fpar_z,,,,,,,-0.14250892924641329,0.19679281189046055,,,,,,
6,,,avg_rsm_avg_fpar,IN-18-0631,2,avg_rsm_z,avg_fpar_z,,,,,,,0.22359064236030032,0.006106511247716401,,,,,,
10,,,avg_rsm_avg_fpar,IN-18-0631,2,avg_rsm_z,avg_fpar_z,,,,,,,0.3717306816532273,0.19610308200545687,,,,,,
6,,,avg_rsm_avg_fpar,IN-18-0633,2,avg_rsm_z,avg_fpar_z,,,,,,,0.30538778263368416,0.3306684342475109,,,,,,
10,,,avg_rsm_avg_fpar,IN-18-0633,2,avg_rsm_z,avg_fpar_z,,,,,,,0.24112207913867562,0.575733655635726,,,,,,
6,,,avg_rsm_avg_fpar,IN-18-0634,2,avg_rsm_z,avg_fpar_z,,,,,,,-0.2917816365410911,0.2720146704155797,,,,,,
10,,,avg_rsm_avg_fpar,IN-18-0634,2,avg_rsm_z,avg_fpar_z,,,,,,,-0.48521232553890303,0.3652005257913154,,,,,,
6,,,avg_rsm_avg_fpar,IN-18-0635,2,avg_rsm_z,avg_fpar_z,,,,,,,0.3229789243554569,0.025056560570800947,,,,,,
10,,,avg_rsm_avg_fpar,IN-18-0635,2,avg_rsm_z,avg_fpar_z,,,,,,,0.5476322394729519,0.4751614471074451,,,,,,
6,,,avg_rsm_avg_fpar,IN-18-0636,2,avg_rsm_z,avg_fpar_z,,,,,,,0.6744921435274099,0.4593772239689365,,,,,,
10,,,avg_rsm_avg_fpar,IN-18-0636,2,avg_rsm_z,avg_fpar_z,,,,,,,0.7352408613025194,0.4748300479912607,,,,,,
6,,,avg_rsm_avg_fpar,IN-18-0637,2,avg_rsm_z,avg_fpar_z,,,,,,,0.1684336013187379,0.32584997867276133,,,,,,
10,,,avg_rsm_avg_fpar,IN-18-0637,2,avg_rsm_z,avg_fpar_z,,,,,,,-0.05512311672168642,0.387845588167609,,,,,,
6,,,avg_rsm_avg_fpar,IN-20-0056,2,avg_rsm_z,avg_fpar_z,,,,,,,-0.0719410687652801,-0.36713149021644453,,,,,,
10,,,avg_rsm_avg_fpar,IN-20-0056,2,avg_rsm_z,avg_fpar_z,,,,,,,-0.08288147904889508,-0.13636213099815891,,,,,,
6,,,avg_rsm_avg_fpar,IN-20-0057,2,avg_rsm_z,avg_fpar_z,,,,,,,-0.4347203728743028,-0.19459357268912675,,,,,,
10,,,avg_rsm_avg_fpar,IN-20-0057,2,avg_rsm_z,avg_fpar_z,,,,,,,-0.3789952089864737,-0.1002676591720896,,,,,,
6,,,avg_rsm_avg_fpar,IN-20-0058,2,avg_rsm_z,avg_fpar_z,,,,,,,0.0718657030995417,-0.2960648766758048,,,,,,
10,,,avg_rsm_avg_fpar,IN-20-0058,2,avg_rsm_z,avg_fpar_z,,,,,,,0.037400417554130386,-0.5058928338095795,,,,,,
6,,,avg_rsm_avg_fpar,IN-20-0063,2,avg_rsm_z,avg_fpar_z,,,,,,,-0.23451596494926177,-0.1903522364547492,,,,,,
10,,,avg_rsm_avg_fpar,IN-20-0063,2,avg_rsm_z,avg_fpar_z,,,,,,,-0.22983510606898233,-0.1327166516323149,,,,,,
6,,,avg_rsm_avg_fpar,IN-20-0520,2,avg_rsm_z,avg_fpar_z,,,,,,,-0.14907355152382168,-0.09438722279211291,,,,,,
10,,,avg_rsm_avg_fpar,IN-20-0520,2,avg_rsm_z,avg_fpar_z,,,,,,,-0.14855098411954754,-0.30660966691543634,,,,,,
6,,,avg_rsm_yield,IN-01-0051,2,avg_rsm_z,yield_z,,,,,,,,,-0.4787037141720226,-0.41716732228123965,,,,
10,,,avg_rsm_yield,IN-01-0051,2,avg_rsm_z,yield_z,,,,,,,,,-0.5502779687945842,-0.4312663254857151,,,,
6,,,avg_rsm_yield,IN-01-0052,2,avg_rsm_z,yield_z,,,,,,,,,0.15911559643321144,-0.1464016432389855,,,,
10,,,avg_rsm_yield,IN-01-0052,2,avg_rsm_z,yield_z,,,,,,,,,0.2870946316793107,-0.06409195482904281,,,,
6,,,avg_rsm_yield,IN-01-0053,2,avg_rsm_z,yield_z,,,,,,,,,-0.5885157278667672,-0.15029820329274762,,,,
10,,,avg_rsm_yield,IN-01-0053,2,avg_rsm_z,yield_z,,,,,,,,,-0.6952054116988726,0.11169173786301034,,,,
6,,,avg_rsm_yield,IN-02-0902,2,avg_rsm_z,yield_z,,,,,,,,,0.4281694370015009,-0.33710610818783626,,,,
10,,,avg_rsm_yield,IN-02-0902,2,avg_rsm_z,yield_z,,,,,,,,,0.5162909135455059,-0.6619104095968166,,,,
6,,,avg_rsm_yield,IN-02-0903,2,avg_rsm_z,yield_z,,,,,,,,,0.12121015377682642,-0.1951823191252618,,,,
10,,,avg_rsm_yield,IN-02-0903,2,avg_rsm_z,yield_z,,,,,,,,,0.21714806827676103,-0.45428687893613107,,,,
6,,,avg_rsm_yield,IN-02-0904,2,avg_rsm_z,yield_z,,,,,,,,,-0.24378784672922876,0.13237888778372553,,,,
10,,,avg_rsm_yield,IN-02-0904,2,avg_rsm_z,yield_z,,,,,,,,,-0.16863567140641456,-0.2599185245713873,,,,
6,,,avg_rsm_yield,IN-02-0905,2,avg_rsm_z,yield_z,,,,,,,,,-0.2038755078069922,0.38772033718486415,,,,
10,,,avg_rsm_yield,IN-02-0905,2,avg_rsm_z,yield_z,,,,,,,,,-0.04609401525208423,0.43777354478635705,,,,
6,,,avg_rsm_yield,IN-02-0906,2,avg_rsm_z,yield_z,,,,,,,,,0.3879221852724126,-0.21254758564566126,,,,
10,,,avg_rsm_yield,IN-02-0906,2,avg_rsm_z,yield_z,,,,,,,,,0.4907701782371352,-0.1884762104732823,,,,
6,,,avg_rsm_yield,IN-02-0907,2,avg_rsm_z,yield_z,,,,,,,,,0.3082604899899698,0.07555263452275231,,,,
10,,,avg_rsm_yield,IN-02-0907,2,avg_rsm_z,yield_z,,,,,,,,,0.3903858372901598,-0.06877981927437586,,,,
6,,,avg_rsm_yield,IN-02-0908,2,avg_rsm_z,yield_z,,,,,,,,,0.06265091712605905,-0.005426938314953954,,,,
10,,,avg_rsm_yield,IN-02-0908,2,avg_rsm_z,yield_z,,,,,,,,,0.031038724508070915,-0.38426359813460514,,,,
6,,,avg_rsm_yield,IN-02-0909,2,avg_rsm_z,yield_z,,,,,,,,,0.06449356258897965,0.3421716391953856,,,,
10,,,avg_rsm_yield,IN-02-0909,2,avg_rsm_z,yield_z,,,,,,,,,0.3283604199653064,0.4560267553787682,,,,
6,,,avg_rsm_yield,IN-02-0912,2,avg_rsm_z,yield_z,,,,,,,,,0.2667159933130697,-0.05834191479754576,,,,
10,,,avg_rsm_yield,IN-02-0912,2,avg_rsm_z,yield_z,,,,,,,,,0.2482697884432934,-0.2558314589152281,,,,
6,,,avg_rsm_yield,IN-02-0918,2,avg_rsm_z,yield_z,,,,,,,,,0.6589109680842784,0.09308991941754684,,,,
10,,,avg_rsm_yield,IN-02-0918,2,avg_rsm_z,yield_z,,,,,,,,,0.7306825138243271,0.09211813255917102,,,,
6,,,avg_rsm_yield,IN-02-0919,2,avg_rsm_z,yield_z,,,,,,,,,0.19326406945978886,-0.0011082690683565683,,,,
10,,,avg_rsm_yield,IN-02-0919,2,avg_rsm_z,yield_z,,,,,,,,,0.06879792519562918,-0.16502038009198244,,,,
6,,,avg_rsm_yield,IN-02-0920,2,avg_rsm_z,yield_z,,,,,,,,,0.29755576144574086,0.05068904824061703,,,,
10,,,avg_rsm_yield,IN-02-0920,2,avg_rsm_z,yield_z,,,,,,,,,0.5029038879258679,0.3183846001457883,,,,
6,,,avg_rsm_yield,IN-02-0921,2,avg_rsm_z,yield_z,,,,,,,,,-0.050892222589793,-0.372824747557319,,,,
10,,,avg_rsm_yield,IN-02-0921,2,avg_rsm_z,yield_z,,,,,,,,,0.013429406715302896,-0.534863941928414,,,,
6,,,avg_rsm_yield,IN-02-0922,2,avg_rsm_z,yield_z,,,,,,,,,-0.1826425809785642,-0.319066892184911,,,,
10,,,avg_rsm_yield,IN-02-0922,2,avg_rsm_z,yield_z,,,,,,,,,-0.06423452089179824,-0.523813715292781,,,,
6,,,avg_rsm_yield,IN-02-0923,2,avg_rsm_z,yield_z,,,,,,,,,-0.011279066544151015,-0.12598144002042289,,,,
10,,,avg_rsm_yield,IN-02-0923,2,avg_rsm_z,yield_z,,,,,,,,,0.1608635039681169,0.017361557745309127,,,,
6,,,avg_rsm_yield,IN-02-0924,2,avg_rsm_z,yield_z,,,,,,,,,0.30318767685776576,-0.14381538910164515,,,,
10,,,avg_rsm_yield,IN-02-0924,2,avg_rsm_z,yield_z,,,,,,,,,0.3773145609434616,0.20456060118008423,,,,
6,,,avg_rsm_yield,IN-02-0925,2,avg_rsm_z,yield_z,,,,,,,,,0.10612708618614453,-0.17275244737402357,,,,
10,,,avg_rsm_yield,IN-02-0925,2,avg_rsm_z,yield_z,,,,,,,,,0.13627408952199044,-0.2628981117810384,,,,
6,,,avg_rsm_yield,IN-02-0926,2,avg_rsm_z,yield_z,,,,,,,,,0.28020519684603545,-0.36706853688178515,,,,
10,,,avg_rsm_yield,IN-02-0926,2,avg_rsm_z,yield_z,,,,,,,,,0.4441863608376278,-0.48929912542865217,,,,
6,,,avg_rsm_yield,IN-02-0927,2,avg_rsm_z,yield_z,,,,,,,,,0.26773703794201753,-0.12989729498120248,,,,
10,,,avg_rsm_yield,IN-02-0927,2,avg_rsm_z,yield_z,,,,,,,,,0.25721851762077785,-0.28020084178385474,,,,
6,,,avg_rsm_yield,IN-02-0928,2,avg_rsm_z,yield_z,,,,,,,,,0.1649475751385484,0.14414637528652152,,,,
10,,,avg_rsm_yield,IN-02-0928,2,avg_rsm_z,yield_z,,,,,,,,,0.2705996527400037,-0.15113441940325562,,,,
6,,,avg_rsm_yield,IN-02-0929,2,avg_rsm_z,yield_z,,,,,,,,,-0.22174315699979777,-0.03604891131336037,,,,
10,,,avg_rsm_yield,IN-02-0929,2,avg_rsm_z,yield_z,,,,,,,,,-0.13096293244105803,0.1474084739549448,,,,
6,,,avg_rsm_yield,IN-02-0930,2,avg_rsm_z,yield_z,,,,,,,,,0.3832347936950134,0.12852273737613196,,,,
10,,,avg_rsm_yield,IN-02-0930,2,avg_rsm_z,yield_z,,,,,,,,,0.3879079903729118,-0.19709417968358983,,,,
6,,,avg_rsm_yield,IN-02-0931,2,avg_rsm_z,yield_z,,,,,,,,,0.3094482512136626,0.2828886003766012,,,,
10,,,avg_rsm_yield,IN-02-0931,2,avg_rsm_z,yield_z,,,,,,,,,0.40820637061505655,0.20818403706185676,,,,
6,,,avg_rsm_yield,IN-02-0932,2,avg_rsm_z,yield_z,,,,,,,,,0.304815698822697,0.615420512607779,,,,
10,,,avg_rsm_yield,IN-02-0932,2,avg_rsm_z,yield_z,,,,,,,,,0.6158249163798655,0.7138005083213929,,,,
6,,,avg_rsm_yield,IN-02-0934,2,avg_rsm_z,yield_z,,,,,,,,,0.2625087074622857,0.035738118121727856,,,,
10,,,avg_rsm_yield,IN-02-0934,2,avg_rsm_z,yield_z,,,,,,,,,0.4345857650283772,0.02066611440391703,,,,
6,,,avg_rsm_yield,IN-02-0935,2,avg_rsm_z,yield_z,,,,,,,,,0.2337373066337994,0.44843617978176226,,,,
10,,,avg_rsm_yield,IN-02-0935,2,avg_rsm_z,yield_z,,,,,,,,,0.3714450836101976,0.4762226386352544,,,,
6,,,avg_rsm_yield,IN-02-0936,2,avg_rsm_z,yield_z,,,,,,,,,-0.26614184254992224,0.6853238278725651,,,,
10,,,avg_rsm_yield,IN-02-0936,2,avg_rsm_z,yield_z,,,,,,,,,-0.1276653280856194,0.8073682602056031,,,,
6,,,avg_rsm_yield,IN-02-0945,2,avg_rsm_z,yield_z,,,,,,,,,-0.05567597520996662,0.15345779097765874,,,,
10,,,avg_rsm_yield,IN-02-0945,2,avg_rsm_z,yield_z,,,,,,,,,0.22688998660135978,0.23062001940577184,,,,
6,,,avg_rsm_yield,IN-02-0946,2,avg_rsm_z,yield_z,,,,,,,,,-0.20033554220843777,-0.041878787431252826,,,,
10,,,avg_rsm_yield,IN-02-0946,2,avg_rsm_z,yield_z,,,,,,,,,-0.21842176025694982,0.010306779532408866,,,,
6,,,avg_rsm_yield,IN-02-0947,2,avg_rsm_z,yield_z,,,,,,,,,0.22944082238321908,-0.4052676252481451,,,,
10,,,avg_rsm_yield,IN-02-0947,2,avg_rsm_z,yield_z,,,,,,,,,0.43402977496382356,-0.5319792894852676,,,,
6,,,avg_rsm_yield,IN-02-0948,2,avg_rsm_z,yield_z,,,,,,,,,-0.1964428374178206,0.33642640493848025,,,,
10,,,avg_rsm_yield,IN-02-0948,2,avg_rsm_z,yield_z,,,,,,,,,-0.19900720684010142,0.495911694487675,,,,
6,,,avg_rsm_yield,IN-02-0949,2,avg_rsm_z,yield_z,,,,,,,,,0.062246028375821015,0.4044018046432324,,,,
10,,,avg_rsm_yield,IN-02-0949,2,avg_rsm_z,yield_z,,,,,,,,,0.25151169971053944,0.20485172696812226,,,,
6,,,avg_rsm_yield,IN-02-0950,2,avg_rsm_z,yield_z,,,,,,,,,-0.1871898179705545,-0.09058276295715578,,,,
10,,,avg_rsm_yield,IN-02-0950,2,avg_rsm_z,yield_z,,,,,,,,,-0.2932384956337997,-0.3937894482119494,,,,
6,,,avg_rsm_yield,IN-02-0951,2,avg_rsm_z,yield_z,,,,,,,,,-0.005566540989434651,-0.09277713351502534,,,,
10,,,avg_rsm_yield,IN-02-0951,2,avg_rsm_z,yield_z,,,,,,,,,0.07049929885614434,-0.4793334547481923,,,,
6,,,avg_rsm_yield,IN-02-0956,2,avg_rsm_z,yield_z,,,,,,,,,0.4065786060478668,-0.061322848713033076,,,,
10,,,avg_rsm_yield,IN-02-0956,2,avg_rsm_z,yield_z,,,,,,,,,0.35773101607204383,-0.3974628510338272,,,,
6,,,avg_rsm_yield,IN-02-0958,2,avg_rsm_z,yield_z,,,,,,,,,0.13023186397062064,0.24255423316473074,,,,
10,,,avg_rsm_yield,IN-02-0958,2,avg_rsm_z,yield_z,,,,,,,,,0.045753078774544306,0.27126060123790596,,,,
6,,,avg_rsm_yield,IN-02-0960,2,avg_rsm_z,yield_z,,,,,,,,,0.17821260244651146,-0.06066826037607751,,,,
10,,,avg_rsm_yield,IN-02-0960,2,avg_rsm_z,yield_z,,,,,,,,,0.3807547840945863,0.08346853946007964,,,,
6,,,avg_rsm_yield,IN-02-0961,2,avg_rsm_z,yield_z,,,,,,,,,-0.10813602444534745,-0.36186615922070337,,,,
10,,,avg_rsm_yield,IN-02-0961,2,avg_rsm_z,yield_z,,,,,,,,,0.009246716789940785,-0.6132603488439522,,,,
6,,,avg_rsm_yield,IN-03-0121,2,avg_rsm_z,yield_z,,,,,,,,,-0.15859789479257316,-0.4355353495100043,,,,
10,,,avg_rsm_yield,IN-03-0121,2,avg_rsm_z,yield_z,,,,,,,,,0.14115672356805087,-0.35830947647122624,,,,
6,,,avg_rsm_yield,IN-03-0122,2,avg_rsm_z,yield_z,,,,,,,,,0.18484035166441773,0.1526461213845335,,,,
10,,,avg_rsm_yield,IN-03-0122,2,avg_rsm_z,yield_z,,,,,,,,,0.16985168059014052,0.18903996729244438,,,,
6,,,avg_rsm_yield,IN-03-0123,2,avg_rsm_z,yield_z,,,,,,,,,-0.00675906943256247,-0.4049381110892944,,,,
10,,,avg_rsm_yield,IN-03-0123,2,avg_rsm_z,yield_z,,,,,,,,,-0.0669010375081216,-0.5822925508512599,,,,
6,,,avg_rsm_yield,IN-03-0124,2,avg_rsm_z,yield_z,,,,,,,,,-0.5225684368883022,-0.36820026198225275,,,,
10,,,avg_rsm_yield,IN-03-0124,2,avg_rsm_z,yield_z,,,,,,,,,-0.6178173359429324,-0.4610492085102674,,,,
6,,,avg_rsm_yield,IN-03-0125,2,avg_rsm_z,yield_z,,,,,,,,,-0.4306472281022282,-0.10994838263601354,,,,
10,,,avg_rsm_yield,IN-03-0125,2,avg_rsm_z,yield_z,,,,,,,,,-0.4153021837037597,-0.21601474905187307,,,,
6,,,avg_rsm_yield,IN-03-0126,2,avg_rsm_z,yield_z,,,,,,,,,-0.30378870350623266,-0.27558565536221435,,,,
10,,,avg_rsm_yield,IN-03-0126,2,avg_rsm_z,yield_z,,,,,,,,,-0.31271393975915746,-0.4310072111502656,,,,
6,,,avg_rsm_yield,IN-03-0128,2,avg_rsm_z,yield_z,,,,,,,,,-0.5440112345491868,-0.2725023939988836,,,,
10,,,avg_rsm_yield,IN-03-0128,2,avg_rsm_z,yield_z,,,,,,,,,-0.5294921991945835,-0.17626312658004928,,,,
6,,,avg_rsm_yield,IN-03-0129,2,avg_rsm_z,yield_z,,,,,,,,,0.5083818927669317,0.5509163940814006,,,,
10,,,avg_rsm_yield,IN-03-0129,2,avg_rsm_z,yield_z,,,,,,,,,0.5878134180066246,0.6419042321603126,,,,
6,,,avg_rsm_yield,IN-03-0130,2,avg_rsm_z,yield_z,,,,,,,,,-0.25130725070644766,-0.1290889052439931,,,,
10,,,avg_rsm_yield,IN-03-0130,2,avg_rsm_z,yield_z,,,,,,,,,-0.016577562275593444,0.20201669835272051,,,,
6,,,avg_rsm_yield,IN-03-0131,2,avg_rsm_z,yield_z,,,,,,,,,-0.08293864182722102,-0.008951941074124465,,,,
10,,,avg_rsm_yield,IN-03-0131,2,avg_rsm_z,yield_z,,,,,,,,,-0.5913079740562219,-0.11312848166687292,,,,
6,,,avg_rsm_yield,IN-03-0132,2,avg_rsm_z,yield_z,,,,,,,,,-0.4370659054085907,-0.052822842922896074,,,,
10,,,avg_rsm_yield,IN-03-0132,2,avg_rsm_z,yield_z,,,,,,,,,-0.5043130945316224,0.0441171494443653,,,,
6,,,avg_rsm_yield,IN-03-0133,2,avg_rsm_z,yield_z,,,,,,,,,-0.068526339282176,0.1115712452470107,,,,
10,,,avg_rsm_yield,IN-03-0133,2,avg_rsm_z,yield_z,,,,,,,,,-0.31211590619457297,0.09815650499220449,,,,
6,,,avg_rsm_yield,IN-03-0134,2,avg_rsm_z,yield_z,,,,,,,,,-0.290447635815453,-0.22742826369237715,,,,
10,,,avg_rsm_yield,IN-03-0134,2,avg_rsm_z,yield_z,,,,,,,,,-0.3057999166400716,-0.0061079456231723245,,,,
6,,,avg_rsm_yield,IN-03-0135,2,avg_rsm_z,yield_z,,,,,,,,,-0.3286904452138254,-0.07409427900145135,,,,
10,,,avg_rsm_yield,IN-03-0135,2,avg_rsm_z,yield_z,,,,,,,,,-0.2608861985986336,0.3326063316965653,,,,
6,,,avg_rsm_yield,IN-03-0136,2,avg_rsm_z,yield_z,,,,,,,,,-0.14378163088524445,-0.0023658577010061354,,,,
10,,,avg_rsm_yield,IN-03-0136,2,avg_rsm_z,yield_z,,,,,,,,,-0.02910209521504887,0.12465868618059668,,,,
6,,,avg_rsm_yield,IN-03-0137,2,avg_rsm_z,yield_z,,,,,,,,,0.4102989746349549,0.0006514919231075278,,,,
10,,,avg_rsm_yield,IN-03-0137,2,avg_rsm_z,yield_z,,,,,,,,,0.4590584740422557,-0.05003336604368329,,,,
6,,,avg_rsm_yield,IN-03-0138,2,avg_rsm_z,yield_z,,,,,,,,,-0.13873455830889045,0.04635477747646347,,,,
10,,,avg_rsm_yield,IN-03-0138,2,avg_rsm_z,yield_z,,,,,,,,,-0.1963894580578275,-0.06734011431564534,,,,
6,,,avg_rsm_yield,IN-03-0518,2,avg_rsm_z,yield_z,,,,,,,,,-0.1641410062436241,-0.30234110547853016,,,,
10,,,avg_rsm_yield,IN-03-0518,2,avg_rsm_z,yield_z,,,,,,,,,-0.048820400941859604,-0.50125564956691,,,,
6,,,avg_rsm_yield,IN-03-1001,2,avg_rsm_z,yield_z,,,,,,,,,-0.24391204673934186,-0.2554036357062787,,,,
10,,,avg_rsm_yield,IN-03-1001,2,avg_rsm_z,yield_z,,,,,,,,,-0.15482321198390478,-0.23398713616011557,,,,
6,,,avg_rsm_yield,IN-03-1002,2,avg_rsm_z,yield_z,,,,,,,,,-0.276652787428468,-0.2258114082392649,,,,
10,,,avg_rsm_yield,IN-03-1002,2,avg_rsm_z,yield_z,,,,,,,,,-0.29246928420966967,-0.06070689049090613,,,,
6,,,avg_rsm_yield,IN-03-1003,2,avg_rsm_z,yield_z,,,,,,,,,-0.35974388245498656,-0.03304151332207041,,,,
10,,,avg_rsm_yield,IN-03-1003,2,avg_rsm_z,yield_z,,,,,,,,,-0.4904344505087269,0.045183242026357616,,,,
6,,,avg_rsm_yield,IN-03-1004,2,avg_rsm_z,yield_z,,,,,,,,,-0.2058425848010264,0.30893247202736707,,,,
10,,,avg_rsm_yield,IN-03-1004,2,avg_rsm_z,yield_z,,,,,,,,,-0.22050957061709192,0.346050845251521,,,,
6,,,avg_rsm_yield,IN-03-1005,2,avg_rsm_z,yield_z,,,,,,,,,-0.15038821862453872,-0.4068722540618085,,,,
10,,,avg_rsm_yield,IN-03-1005,2,avg_rsm_z,yield_z,,,,,,,,,0.01724411834801117,-0.45178630997376423,,,,
6,,,avg_rsm_yield,IN-03-1006,2,avg_rsm_z,yield_z,,,,,,,,,-0.27103322960999704,0.05162318458867412,,,,
10,,,avg_rsm_yield,IN-03-1006,2,avg_rsm_z,yield_z,,,,,,,,,-0.2574874820237062,0.23521320709113236,,,,
6,,,avg_rsm_yield,IN-03-2001,2,avg_rsm_z,yield_z,,,,,,,,,-0.3593855794259203,-0.39169461478775264,,,,
6,,,avg_rsm_yield,IN-04-0177,2,avg_rsm_z,yield_z,,,,,,,,,-0.004871966328586008,0.024652894016594006,,,,
10,,,avg_rsm_yield,IN-04-0177,2,avg_rsm_z,yield_z,,,,,,,,,-0.07923587935903305,0.16503543015138086,,,,
6,,,avg_rsm_yield,IN-04-0178,2,avg_rsm_z,yield_z,,,,,,,,,0.24472322936121982,0.30717027288981524,,,,
10,,,avg_rsm_yield,IN-04-0178,2,avg_rsm_z,yield_z,,,,,,,,,0.39638214536602046,0.7302432475302891,,,,
6,,,avg_rsm_yield,IN-04-0179,2,avg_rsm_z,yield_z,,,,,,,,,0.3847721504601207,0.34775535012229625,,,,
10,,,avg_rsm_yield,IN-04-0179,2,avg_rsm_z,yield_z,,,,,,,,,0.5766693583097144,0.6835945815608865,,,,
6,,,avg_rsm_yield,IN-04-0180,2,avg_rsm_z,yield_z,,,,,,,,,0.09993781870357829,-0.05925688533840919,,,,
10,,,avg_rsm_yield,IN-04-0180,2,avg_rsm_z,yield_z,,,,,,,,,0.25401796092389956,0.2200770171723069,,,,
6,,,avg_rsm_yield,IN-04-0181,2,avg_rsm_z,yield_z,,,,,,,,,-0.25677468226394534,-0.09544656264911124,,,,
10,,,avg_rsm_yield,IN-04-0181,2,avg_rsm_z,yield_z,,,,,,,,,-0.23839760022819578,0.05147247044746235,,,,
6,,,avg_rsm_yield,IN-04-0182,2,avg_rsm_z,yield_z,,,,,,,,,0.05053103964615926,-0.03235096403188584,,,,
10,,,avg_rsm_yield,IN-04-0182,2,avg_rsm_z,yield_z,,,,,,,,,0.0753373852674544,0.31444627869544556,,,,
6,,,avg_rsm_yield,IN-04-0183,2,avg_rsm_z,yield_z,,,,,,,,,-0.24644691952017542,0.44332407175256233,,,,
10,,,avg_rsm_yield,IN-04-0183,2,avg_rsm_z,yield_z,,,,,,,,,-0.08915912432774746,0.5955269056623681,,,,
6,,,avg_rsm_yield,IN-04-0184,2,avg_rsm_z,yield_z,,,,,,,,,-0.08355533287554597,0.18096261222738985,,,,
10,,,avg_rsm_yield,IN-04-0184,2,avg_rsm_z,yield_z,,,,,,,,,-0.018825666967930997,0.5213308358877898,,,,
6,,,avg_rsm_yield,IN-04-0185,2,avg_rsm_z,yield_z,,,,,,,,,-0.430433374410981,-0.16380375591786275,,,,
10,,,avg_rsm_yield,IN-04-0185,2,avg_rsm_z,yield_z,,,,,,,,,-0.4151899481483333,-0.32153815417532705,,,,
6,,,avg_rsm_yield,IN-04-0186,2,avg_rsm_z,yield_z,,,,,,,,,-0.1321765804300013,-0.3217012170628179,,,,
10,,,avg_rsm_yield,IN-04-0186,2,avg_rsm_z,yield_z,,,,,,,,,-0.2881679572290069,-0.0843194099393606,,,,
6,,,avg_rsm_yield,IN-04-0187,2,avg_rsm_z,yield_z,,,,,,,,,-0.09567123457644686,-0.062181626910050844,,,,
10,,,avg_rsm_yield,IN-04-0187,2,avg_rsm_z,yield_z,,,,,,,,,-0.0684651958708086,0.248504240193185,,,,
6,,,avg_rsm_yield,IN-04-0188,2,avg_rsm_z,yield_z,,,,,,,,,0.17317928507284175,-0.16536677996880017,,,,
10,,,avg_rsm_yield,IN-04-0188,2,avg_rsm_z,yield_z,,,,,,,,,0.24646524833507066,0.0987866014904214,,,,
6,,,avg_rsm_yield,IN-04-0523,2,avg_rsm_z,yield_z,,,,,,,,,-0.2638029301188034,0.27457628399561396,,,,
10,,,avg_rsm_yield,IN-04-0523,2,avg_rsm_z,yield_z,,,,,,,,,-0.2945711165815611,0.4289195668435962,,,,
6,,,avg_rsm_yield,IN-04-0524,2,avg_rsm_z,yield_z,,,,,,,,,-0.11653796878861704,0.23850796254897358,,,,
10,,,avg_rsm_yield,IN-04-0524,2,avg_rsm_z,yield_z,,,,,,,,,-0.04298633180560366,0.5473929689677519,,,,
6,,,avg_rsm_yield,IN-04-0525,2,avg_rsm_z,yield_z,,,,,,,,,-0.33941793612612214,0.006146701787212517,,,,
10,,,avg_rsm_yield,IN-04-0525,2,avg_rsm_z,yield_z,,,,,,,,,-0.35544421407416393,0.24454172294832363,,,,
6,,,avg_rsm_yield,IN-04-0526,2,avg_rsm_z,yield_z,,,,,,,,,0.020870753012814023,-0.11677676429178033,,,,
10,,,avg_rsm_yield,IN-04-0526,2,avg_rsm_z,yield_z,,,,,,,,,-0.017198536486580273,0.09040731017770405,,,,
6,,,avg_rsm_yield,IN-04-1007,2,avg_rsm_z,yield_z,,,,,,,,,0.014141264917663288,0.29628028932883155,,,,
10,,,avg_rsm_yield,IN-04-1007,2,avg_rsm_z,yield_z,,,,,,,,,0.07080038111783316,0.615545506135832,,,,
6,,,avg_rsm_yield,IN-04-1008,2,avg_rsm_z,yield_z,,,,,,,,,-0.02489465045254744,-0.1550694346479762,,,,
10,,,avg_rsm_yield,IN-04-1008,2,avg_rsm_z,yield_z,,,,,,,,,0.05974899548225299,0.117620105619442,,,,
6,,,avg_rsm_yield,IN-04-1009,2,avg_rsm_z,yield_z,,,,,,,,,0.06640069351270256,0.47962966926862416,,,,
10,,,avg_rsm_yield,IN-04-1009,2,avg_rsm_z,yield_z,,,,,,,,,0.33673850654794707,0.6174095236276674,,,,
6,,,avg_rsm_yield,IN-04-2002,2,avg_rsm_z,yield_z,,,,,,,,,0.10980124122666687,-0.4838786291149463,,,,
10,,,avg_rsm_yield,IN-04-2002,2,avg_rsm_z,yield_z,,,,,,,,,-0.005204913822073885,-0.8242920155287757,,,,
6,,,avg_rsm_yield,IN-04-2003,2,avg_rsm_z,yield_z,,,,,,,,,0.072143616878667,0.10136866307764343,,,,
6,,,avg_rsm_yield,IN-05-0072,2,avg_rsm_z,yield_z,,,,,,,,,-0.3968770669696224,-0.2442730018595594,,,,
10,,,avg_rsm_yield,IN-05-0072,2,avg_rsm_z,yield_z,,,,,,,,,-0.5610247747893204,-0.26568520325102096,,,,
6,,,avg_rsm_yield,IN-05-0073,2,avg_rsm_z,yield_z,,,,,,,,,-0.24604662255132165,-0.5144958440121246,,,,
10,,,avg_rsm_yield,IN-05-0073,2,avg_rsm_z,yield_z,,,,,,,,,-0.41063615065767545,-0.44732362005974224,,,,
6,,,avg_rsm_yield,IN-05-0074,2,avg_rsm_z,yield_z,,,,,,,,,-0.04742208270438855,-0.09689276640961206,,,,
10,,,avg_rsm_yield,IN-05-0074,2,avg_rsm_z,yield_z,,,,,,,,,-0.1206056131664139,-0.055036913644096484,,,,
6,,,avg_rsm_yield,IN-05-0075,2,avg_rsm_z,yield_z,,,,,,,,,-0.50485781368858,-0.024415801739353295,,,,
10,,,avg_rsm_yield,IN-05-0075,2,avg_rsm_z,yield_z,,,,,,,,,-0.2715870081213435,-0.029864805948995987,,,,
6,,,avg_rsm_yield,IN-05-0076,2,avg_rsm_z,yield_z,,,,,,,,,-0.13326943864711704,-0.33197183456743745,,,,
10,,,avg_rsm_yield,IN-05-0076,2,avg_rsm_z,yield_z,,,,,,,,,-0.11826698923604965,-0.4388296053840831,,,,
6,,,avg_rsm_yield,IN-05-0077,2,avg_rsm_z,yield_z,,,,,,,,,-0.028587065089365614,-0.21299109687100656,,,,
10,,,avg_rsm_yield,IN-05-0077,2,avg_rsm_z,yield_z,,,,,,,,,0.37568480944852556,-0.08566878558926545,,,,
6,,,avg_rsm_yield,IN-05-0078,2,avg_rsm_z,yield_z,,,,,,,,,-0.04992766822143053,-0.16659082986335325,,,,
10,,,avg_rsm_yield,IN-05-0078,2,avg_rsm_z,yield_z,,,,,,,,,-0.25021917725441944,0.0556581880330128,,,,
6,,,avg_rsm_yield,IN-05-0079,2,avg_rsm_z,yield_z,,,,,,,,,0.027720811919943238,0.24388507531533388,,,,
10,,,avg_rsm_yield,IN-05-0079,2,avg_rsm_z,yield_z,,,,,,,,,0.0722133716362185,0.3957602852220304,,,,
6,,,avg_rsm_yield,IN-05-1010,2,avg_rsm_z,yield_z,,,,,,,,,-0.0673986111063152,-0.2038122131856864,,,,
10,,,avg_rsm_yield,IN-05-1010,2,avg_rsm_z,yield_z,,,,,,,,,-0.16325185675693116,-0.24663329290267422,,,,
6,,,avg_rsm_yield,IN-05-1012,2,avg_rsm_z,yield_z,,,,,,,,,-0.05927965452021311,0.012688959320088062,,,,
10,,,avg_rsm_yield,IN-05-1012,2,avg_rsm_z,yield_z,,,,,,,,,0.10540535895633645,-0.1475644025761389,,,,
6,,,avg_rsm_yield,IN-05-1013,2,avg_rsm_z,yield_z,,,,,,,,,-0.3692322887069899,-0.09342550181942726,,,,
10,,,avg_rsm_yield,IN-05-1013,2,avg_rsm_z,yield_z,,,,,,,,,-0.4134230171795335,0.05376049732229989,,,,
6,,,avg_rsm_yield,IN-05-1014,2,avg_rsm_z,yield_z,,,,,,,,,0.06847028007554204,0.20380450641191858,,,,
10,,,avg_rsm_yield,IN-05-1014,2,avg_rsm_z,yield_z,,,,,,,,,0.14401402863905483,0.2543525124494436,,,,
6,,,avg_rsm_yield,IN-05-1015,2,avg_rsm_z,yield_z,,,,,,,,,-0.44381623372610346,-0.4913580541349768,,,,
10,,,avg_rsm_yield,IN-05-1015,2,avg_rsm_z,yield_z,,,,,,,,,-0.46462096125623054,-0.7109303302304012,,,,
6,,,avg_rsm_yield,IN-06-0007,2,avg_rsm_z,yield_z,,,,,,,,,-0.2382025672693429,0.19639865605466897,,,,
10,,,avg_rsm_yield,IN-06-0007,2,avg_rsm_z,yield_z,,,,,,,,,-0.18650958867752843,0.36949443305260093,,,,
6,,,avg_rsm_yield,IN-06-0008,2,avg_rsm_z,yield_z,,,,,,,,,-0.33670440728991324,0.1858232332260196,,,,
10,,,avg_rsm_yield,IN-06-0008,2,avg_rsm_z,yield_z,,,,,,,,,-0.2636324448081443,0.2906371196884464,,,,
6,,,avg_rsm_yield,IN-06-0009,2,avg_rsm_z,yield_z,,,,,,,,,-0.38963783259798934,0.0922661194789486,,,,
10,,,avg_rsm_yield,IN-06-0009,2,avg_rsm_z,yield_z,,,,,,,,,-0.41430389749284274,0.3141087835211678,,,,
6,,,avg_rsm_yield,IN-06-0010,2,avg_rsm_z,yield_z,,,,,,,,,0.1086111225875048,-0.20048545242726265,,,,
10,,,avg_rsm_yield,IN-06-0010,2,avg_rsm_z,yield_z,,,,,,,,,0.2653352146885227,-0.0503340935743604,,,,
6,,,avg_rsm_yield,IN-06-0011,2,avg_rsm_z,yield_z,,,,,,,,,-0.17807693230611102,-0.05108824615615291,,,,
10,,,avg_rsm_yield,IN-06-0011,2,avg_rsm_z,yield_z,,,,,,,,,0.1556268326537257,-0.08490137180396948,,,,
6,,,avg_rsm_yield,IN-06-0012,2,avg_rsm_z,yield_z,,,,,,,,,-0.5078715296125274,0.010260994302073442,,,,
10,,,avg_rsm_yield,IN-06-0012,2,avg_rsm_z,yield_z,,,,,,,,,-0.3572216419222882,0.1135402495563724,,,,
6,,,avg_rsm_yield,IN-06-0013,2,avg_rsm_z,yield_z,,,,,,,,,-0.2072221260571153,-0.005929672978260187,,,,
10,,,avg_rsm_yield,IN-06-0013,2,avg_rsm_z,yield_z,,,,,,,,,0.25267040112246386,0.279798524293161,,,,
6,,,avg_rsm_yield,IN-06-0014,2,avg_rsm_z,yield_z,,,,,,,,,-0.1466331671999784,-0.3691793271662478,,,,
10,,,avg_rsm_yield,IN-06-0014,2,avg_rsm_z,yield_z,,,,,,,,,-0.13883615250837272,-0.2790368842223935,,,,
6,,,avg_rsm_yield,IN-06-0015,2,avg_rsm_z,yield_z,,,,,,,,,-0.3100877226608852,-0.28119275177126335,,,,
10,,,avg_rsm_yield,IN-06-0015,2,avg_rsm_z,yield_z,,,,,,,,,-0.06094922412486836,-0.17991908114302918,,,,
6,,,avg_rsm_yield,IN-06-0016,2,avg_rsm_z,yield_z,,,,,,,,,-0.4147011714843494,-0.28193285400679235,,,,
10,,,avg_rsm_yield,IN-06-0016,2,avg_rsm_z,yield_z,,,,,,,,,-0.1942245558691366,-0.03490674619276981,,,,
6,,,avg_rsm_yield,IN-06-0017,2,avg_rsm_z,yield_z,,,,,,,,,-0.3703209680026045,-0.3225075719351639,,,,
10,,,avg_rsm_yield,IN-06-0017,2,avg_rsm_z,yield_z,,,,,,,,,-0.322069212387721,-0.19706397915896307,,,,
6,,,avg_rsm_yield,IN-06-0018,2,avg_rsm_z,yield_z,,,,,,,,,-0.4753298123663753,-0.2405297298347564,,,,
10,,,avg_rsm_yield,IN-06-0018,2,avg_rsm_z,yield_z,,,,,,,,,-0.48629970361904434,-0.07992478380231187,,,,
6,,,avg_rsm_yield,IN-06-0019,2,avg_rsm_z,yield_z,,,,,,,,,-0.5417914558441302,-0.29444317858522717,,,,
10,,,avg_rsm_yield,IN-06-0019,2,avg_rsm_z,yield_z,,,,,,,,,-0.6470094544592193,-0.1616412586933607,,,,
6,,,avg_rsm_yield,IN-06-0020,2,avg_rsm_z,yield_z,,,,,,,,,-0.5212060035788066,-0.2893725788814546,,,,
10,,,avg_rsm_yield,IN-06-0020,2,avg_rsm_z,yield_z,,,,,,,,,-0.45318337237649253,-0.1916771866765305,,,,
6,,,avg_rsm_yield,IN-06-0021,2,avg_rsm_z,yield_z,,,,,,,,,-0.27083081558128963,-0.2025599258744719,,,,
10,,,avg_rsm_yield,IN-06-0021,2,avg_rsm_z,yield_z,,,,,,,,,-0.2912014522266103,-0.13997680497223264,,,,
6,,,avg_rsm_yield,IN-06-0022,2,avg_rsm_z,yield_z,,,,,,,,,-0.2655671736177717,-0.05944661723337974,,,,
10,,,avg_rsm_yield,IN-06-0022,2,avg_rsm_z,yield_z,,,,,,,,,-0.6113485811529179,-0.18024988116639698,,,,
6,,,avg_rsm_yield,IN-06-0023,2,avg_rsm_z,yield_z,,,,,,,,,-0.45090498973425663,-0.38338002353024353,,,,
10,,,avg_rsm_yield,IN-06-0023,2,avg_rsm_z,yield_z,,,,,,,,,-0.39905869169360064,-0.44566995474880083,,,,
6,,,avg_rsm_yield,IN-06-0024,2,avg_rsm_z,yield_z,,,,,,,,,0.36765695737372966,-0.04256862022379308,,,,
10,,,avg_rsm_yield,IN-06-0024,2,avg_rsm_z,yield_z,,,,,,,,,0.702098522273132,0.0572814403552062,,,,
6,,,avg_rsm_yield,IN-06-0025,2,avg_rsm_z,yield_z,,,,,,,,,-0.24047560463637624,-0.36246170356136254,,,,
10,,,avg_rsm_yield,IN-06-0025,2,avg_rsm_z,yield_z,,,,,,,,,-0.6663582676419446,-0.46809816401632054,,,,
6,,,avg_rsm_yield,IN-06-0026,2,avg_rsm_z,yield_z,,,,,,,,,-0.015093081373665823,0.09829291934375033,,,,
10,,,avg_rsm_yield,IN-06-0026,2,avg_rsm_z,yield_z,,,,,,,,,0.06195386591796707,0.1901938656667061,,,,
6,,,avg_rsm_yield,IN-06-0027,2,avg_rsm_z,yield_z,,,,,,,,,-0.25602040786788527,0.1886174010952523,,,,
10,,,avg_rsm_yield,IN-06-0027,2,avg_rsm_z,yield_z,,,,,,,,,-0.33192765238542715,0.18072316189240853,,,,
6,,,avg_rsm_yield,IN-06-0028,2,avg_rsm_z,yield_z,,,,,,,,,0.048776936546041524,-0.27838630485463484,,,,
10,,,avg_rsm_yield,IN-06-0028,2,avg_rsm_z,yield_z,,,,,,,,,-0.0302264254388085,-0.34678292782402415,,,,
6,,,avg_rsm_yield,IN-06-0029,2,avg_rsm_z,yield_z,,,,,,,,,-0.29607454361246655,-0.182433053252627,,,,
10,,,avg_rsm_yield,IN-06-0029,2,avg_rsm_z,yield_z,,,,,,,,,-0.35297266855182285,-0.2642933668895108,,,,
6,,,avg_rsm_yield,IN-06-0030,2,avg_rsm_z,yield_z,,,,,,,,,-0.06273971498459392,0.024863424934451307,,,,
10,,,avg_rsm_yield,IN-06-0030,2,avg_rsm_z,yield_z,,,,,,,,,-0.12597974465163211,0.2664270102822651,,,,
6,,,avg_rsm_yield,IN-06-0031,2,avg_rsm_z,yield_z,,,,,,,,,0.1768869766193087,0.11990037613889867,,,,
10,,,avg_rsm_yield,IN-06-0031,2,avg_rsm_z,yield_z,,,,,,,,,0.13274375575969038,0.15847299949489138,,,,
6,,,avg_rsm_yield,IN-06-0032,2,avg_rsm_z,yield_z,,,,,,,,,0.17809603650000896,-0.023592890756756184,,,,
10,,,avg_rsm_yield,IN-06-0032,2,avg_rsm_z,yield_z,,,,,,,,,0.06282831993322212,0.09021230925314921,,,,
6,,,avg_rsm_yield,IN-06-0033,2,avg_rsm_z,yield_z,,,,,,,,,0.11680738777956692,-0.07987711711269364,,,,
10,,,avg_rsm_yield,IN-06-0033,2,avg_rsm_z,yield_z,,,,,,,,,0.10599385720690699,-0.19141134483909833,,,,
6,,,avg_rsm_yield,IN-06-0034,2,avg_rsm_z,yield_z,,,,,,,,,-0.195168095663306,-0.19798329034900816,,,,
10,,,avg_rsm_yield,IN-06-0034,2,avg_rsm_z,yield_z,,,,,,,,,-0.24591326729293916,-0.39035527619064564,,,,
6,,,avg_rsm_yield,IN-06-0035,2,avg_rsm_z,yield_z,,,,,,,,,-0.12974539155881257,-0.31550033528828936,,,,
10,,,avg_rsm_yield,IN-06-0035,2,avg_rsm_z,yield_z,,,,,,,,,-0.07040003965290387,-0.20475935060217587,,,,
6,,,avg_rsm_yield,IN-06-0036,2,avg_rsm_z,yield_z,,,,,,,,,0.17625017539154803,0.07241796687080024,,,,
10,,,avg_rsm_yield,IN-06-0036,2,avg_rsm_z,yield_z,,,,,,,,,0.14836491984011063,-0.005605229281178312,,,,
6,,,avg_rsm_yield,IN-06-0037,2,avg_rsm_z,yield_z,,,,,,,,,0.15439844474160616,-0.4103859613060249,,,,
10,,,avg_rsm_yield,IN-06-0037,2,avg_rsm_z,yield_z,,,,,,,,,0.44420102248723314,-0.22567779803682914,,,,
6,,,avg_rsm_yield,IN-06-0038,2,avg_rsm_z,yield_z,,,,,,,,,0.6474535880623897,0.1487278354658753,,,,
10,,,avg_rsm_yield,IN-06-0038,2,avg_rsm_z,yield_z,,,,,,,,,0.7363046091319567,0.4275070665571257,,,,
6,,,avg_rsm_yield,IN-06-0039,2,avg_rsm_z,yield_z,,,,,,,,,-0.02053512827293135,0.18362648169228668,,,,
10,,,avg_rsm_yield,IN-06-0039,2,avg_rsm_z,yield_z,,,,,,,,,0.27866786680236033,0.3977068387360063,,,,
6,,,avg_rsm_yield,IN-06-0040,2,avg_rsm_z,yield_z,,,,,,,,,-0.02210890349121413,0.03809022938017794,,,,
10,,,avg_rsm_yield,IN-06-0040,2,avg_rsm_z,yield_z,,,,,,,,,0.08636844033376503,0.0033923535707770123,,,,
6,,,avg_rsm_yield,IN-06-0041,2,avg_rsm_z,yield_z,,,,,,,,,0.6390004618833036,0.16011643931695113,,,,
10,,,avg_rsm_yield,IN-06-0041,2,avg_rsm_z,yield_z,,,,,,,,,0.752086153263866,0.3752521417612165,,,,
6,,,avg_rsm_yield,IN-06-0042,2,avg_rsm_z,yield_z,,,,,,,,,0.010962591417252776,-0.30203059499984264,,,,
10,,,avg_rsm_yield,IN-06-0042,2,avg_rsm_z,yield_z,,,,,,,,,0.2230414067142676,-0.17156846209110838,,,,
6,,,avg_rsm_yield,IN-06-0043,2,avg_rsm_z,yield_z,,,,,,,,,0.4249804398137204,0.030275233008235796,,,,
10,,,avg_rsm_yield,IN-06-0043,2,avg_rsm_z,yield_z,,,,,,,,,0.5883046214833177,0.3125149283296843,,,,
6,,,avg_rsm_yield,IN-06-0502,2,avg_rsm_z,yield_z,,,,,,,,,0.6401469921028563,0.6473281410656059,,,,
10,,,avg_rsm_yield,IN-06-0502,2,avg_rsm_z,yield_z,,,,,,,,,0.8494994347399079,0.7386061981943594,,,,
6,,,avg_rsm_yield,IN-06-1057,2,avg_rsm_z,yield_z,,,,,,,,,-0.24967600817753857,-0.06066731940441418,,,,
10,,,avg_rsm_yield,IN-06-1057,2,avg_rsm_z,yield_z,,,,,,,,,-0.1345244715905561,0.1276116500399762,,,,
6,,,avg_rsm_yield,IN-06-1058,2,avg_rsm_z,yield_z,,,,,,,,,0.48884543159445276,0.06910229744419374,,,,
10,,,avg_rsm_yield,IN-06-1058,2,avg_rsm_z,yield_z,,,,,,,,,0.4698934827580052,0.1708667094992635,,,,
6,,,avg_rsm_yield,IN-06-1060,2,avg_rsm_z,yield_z,,,,,,,,,-0.1493314530574068,-0.19132935643927676,,,,
10,,,avg_rsm_yield,IN-06-1060,2,avg_rsm_z,yield_z,,,,,,,,,-0.10300332167824869,-0.39728408836390317,,,,
6,,,avg_rsm_yield,IN-06-1061,2,avg_rsm_z,yield_z,,,,,,,,,-0.47314497608154316,-0.27755838485351425,,,,
10,,,avg_rsm_yield,IN-06-1061,2,avg_rsm_z,yield_z,,,,,,,,,-0.3637840268989515,-0.1938395860738759,,,,
6,,,avg_rsm_yield,IN-06-1062,2,avg_rsm_z,yield_z,,,,,,,,,0.2730863582494191,-0.01695456409219437,,,,
10,,,avg_rsm_yield,IN-06-1062,2,avg_rsm_z,yield_z,,,,,,,,,0.35376624505248927,-0.025061350087854345,,,,
6,,,avg_rsm_yield,IN-06-1063,2,avg_rsm_z,yield_z,,,,,,,,,-0.3402972408139171,-0.3570536889695906,,,,
10,,,avg_rsm_yield,IN-06-1063,2,avg_rsm_z,yield_z,,,,,,,,,-0.2648445504551121,-0.40964856859351373,,,,
6,,,avg_rsm_yield,IN-06-1064,2,avg_rsm_z,yield_z,,,,,,,,,-0.3123627261932924,-0.22615647075609333,,,,
10,,,avg_rsm_yield,IN-06-1064,2,avg_rsm_z,yield_z,,,,,,,,,-0.21404757030725308,0.006825743502640513,,,,
6,,,avg_rsm_yield,IN-06-1071,2,avg_rsm_z,yield_z,,,,,,,,,-0.09438589174918961,-0.07077287840066875,,,,
10,,,avg_rsm_yield,IN-06-1071,2,avg_rsm_z,yield_z,,,,,,,,,0.1089672992585308,0.0814083554183574,,,,
6,,,avg_rsm_yield,IN-06-1081,2,avg_rsm_z,yield_z,,,,,,,,,-0.2872987616021869,0.038644166463234125,,,,
10,,,avg_rsm_yield,IN-06-1081,2,avg_rsm_z,yield_z,,,,,,,,,0.07104840886713158,0.17649448034714693,,,,
6,,,avg_rsm_yield,IN-06-1082,2,avg_rsm_z,yield_z,,,,,,,,,-0.373593929305695,0.03132834944905975,,,,
10,,,avg_rsm_yield,IN-06-1082,2,avg_rsm_z,yield_z,,,,,,,,,-0.6311115061417474,0.02221270869140032,,,,
6,,,avg_rsm_yield,IN-06-2006,2,avg_rsm_z,yield_z,,,,,,,,,-0.64150642617427,-0.2500872813694642,,,,
6,,,avg_rsm_yield,IN-06-2007,2,avg_rsm_z,yield_z,,,,,,,,,-0.6843991003519154,-0.34961276357795723,,,,
6,,,avg_rsm_yield,IN-07-0096,2,avg_rsm_z,yield_z,,,,,,,,,0.25456742514849057,0.3515371679628591,,,,
6,,,avg_rsm_yield,IN-07-0099,2,avg_rsm_z,yield_z,,,,,,,,,-0.04245788525198325,-0.13241435988627695,,,,
10,,,avg_rsm_yield,IN-07-0099,2,avg_rsm_z,yield_z,,,,,,,,,0.2507575314395286,0.07956153454632486,,,,
6,,,avg_rsm_yield,IN-07-0100,2,avg_rsm_z,yield_z,,,,,,,,,-0.37164409520119246,-0.1888624712976343,,,,
10,,,avg_rsm_yield,IN-07-0100,2,avg_rsm_z,yield_z,,,,,,,,,-0.5100755023563242,-0.12322181334899689,,,,
6,,,avg_rsm_yield,IN-07-0101,2,avg_rsm_z,yield_z,,,,,,,,,0.4243325975495747,0.35878972505301215,,,,
10,,,avg_rsm_yield,IN-07-0101,2,avg_rsm_z,yield_z,,,,,,,,,0.4863959162347051,0.5755939029018327,,,,
6,,,avg_rsm_yield,IN-07-0102,2,avg_rsm_z,yield_z,,,,,,,,,0.5031977464666466,0.4889532036042887,,,,
10,,,avg_rsm_yield,IN-07-0102,2,avg_rsm_z,yield_z,,,,,,,,,0.67054272800573,0.4902784137833587,,,,
6,,,avg_rsm_yield,IN-07-0103,2,avg_rsm_z,yield_z,,,,,,,,,-0.21899092808380605,-0.10282863306524952,,,,
10,,,avg_rsm_yield,IN-07-0103,2,avg_rsm_z,yield_z,,,,,,,,,-0.2646417438539415,-0.20394931586082515,,,,
6,,,avg_rsm_yield,IN-07-0104,2,avg_rsm_z,yield_z,,,,,,,,,-0.022347400740940982,0.2081973287866022,,,,
10,,,avg_rsm_yield,IN-07-0104,2,avg_rsm_z,yield_z,,,,,,,,,0.057014375937528325,0.18796048251994737,,,,
6,,,avg_rsm_yield,IN-07-0105,2,avg_rsm_z,yield_z,,,,,,,,,-0.20446287681701455,-0.47788076668300283,,,,
10,,,avg_rsm_yield,IN-07-0105,2,avg_rsm_z,yield_z,,,,,,,,,-0.25002788658813546,-0.41187868945466316,,,,
6,,,avg_rsm_yield,IN-07-0106,2,avg_rsm_z,yield_z,,,,,,,,,0.33925736890774283,0.23053211850808158,,,,
10,,,avg_rsm_yield,IN-07-0106,2,avg_rsm_z,yield_z,,,,,,,,,0.4804284991358777,0.4409591251289785,,,,
6,,,avg_rsm_yield,IN-07-0107,2,avg_rsm_z,yield_z,,,,,,,,,0.016136559135804807,-0.21123962282613054,,,,
10,,,avg_rsm_yield,IN-07-0107,2,avg_rsm_z,yield_z,,,,,,,,,-0.24896881620054884,-0.02593074629907192,,,,
6,,,avg_rsm_yield,IN-07-0108,2,avg_rsm_z,yield_z,,,,,,,,,0.05349159018339113,-0.21418770472189053,,,,
10,,,avg_rsm_yield,IN-07-0108,2,avg_rsm_z,yield_z,,,,,,,,,0.3528813835069878,-0.2528608678442773,,,,
6,,,avg_rsm_yield,IN-07-0109,2,avg_rsm_z,yield_z,,,,,,,,,-0.2452557259065488,-0.40846658090155,,,,
10,,,avg_rsm_yield,IN-07-0109,2,avg_rsm_z,yield_z,,,,,,,,,0.07676169732435592,-0.0930961475971642,,,,
6,,,avg_rsm_yield,IN-07-0110,2,avg_rsm_z,yield_z,,,,,,,,,-0.13978472721157345,-0.28166463631190375,,,,
10,,,avg_rsm_yield,IN-07-0110,2,avg_rsm_z,yield_z,,,,,,,,,0.09265309505063841,-0.48777262380587416,,,,
6,,,avg_rsm_yield,IN-07-0111,2,avg_rsm_z,yield_z,,,,,,,,,-0.09675258671980543,-0.2492641799658229,,,,
10,,,avg_rsm_yield,IN-07-0111,2,avg_rsm_z,yield_z,,,,,,,,,0.09812782671684003,0.0023695839057592564,,,,
6,,,avg_rsm_yield,IN-07-0112,2,avg_rsm_z,yield_z,,,,,,,,,-0.09873142837106347,0.06081675040033592,,,,
10,,,avg_rsm_yield,IN-07-0112,2,avg_rsm_z,yield_z,,,,,,,,,-0.04589575805608377,-0.009386797956458384,,,,
6,,,avg_rsm_yield,IN-07-0113,2,avg_rsm_z,yield_z,,,,,,,,,0.0423013337699267,-0.18632780041834174,,,,
10,,,avg_rsm_yield,IN-07-0113,2,avg_rsm_z,yield_z,,,,,,,,,0.14079342622300384,-0.27581230936347695,,,,
6,,,avg_rsm_yield,IN-07-0114,2,avg_rsm_z,yield_z,,,,,,,,,0.09104011497174738,-0.36098478056976263,,,,
10,,,avg_rsm_yield,IN-07-0114,2,avg_rsm_z,yield_z,,,,,,,,,0.00608642796175265,-0.28041781944050337,,,,
6,,,avg_rsm_yield,IN-07-0115,2,avg_rsm_z,yield_z,,,,,,,,,-0.10532611081884757,0.09355845598543812,,,,
10,,,avg_rsm_yield,IN-07-0115,2,avg_rsm_z,yield_z,,,,,,,,,0.13668226493665464,0.11513160120536747,,,,
6,,,avg_rsm_yield,IN-07-0116,2,avg_rsm_z,yield_z,,,,,,,,,0.10390558638942746,0.053814782779066705,,,,
10,,,avg_rsm_yield,IN-07-0116,2,avg_rsm_z,yield_z,,,,,,,,,0.09335183987443192,0.17939079418654008,,,,
6,,,avg_rsm_yield,IN-07-0117,2,avg_rsm_z,yield_z,,,,,,,,,0.3458040618372736,-0.2646356776641893,,,,
10,,,avg_rsm_yield,IN-07-0117,2,avg_rsm_z,yield_z,,,,,,,,,0.4624855209539044,-0.14221540934835195,,,,
6,,,avg_rsm_yield,IN-07-0118,2,avg_rsm_z,yield_z,,,,,,,,,-0.22113257659066637,-0.02267281474269993,,,,
10,,,avg_rsm_yield,IN-07-0118,2,avg_rsm_z,yield_z,,,,,,,,,0.06565426090398058,0.11079368163503463,,,,
6,,,avg_rsm_yield,IN-07-0119,2,avg_rsm_z,yield_z,,,,,,,,,-0.15494662372369472,-0.3422049010955007,,,,
10,,,avg_rsm_yield,IN-07-0119,2,avg_rsm_z,yield_z,,,,,,,,,-0.12969392404738458,-0.49305056433007965,,,,
6,,,avg_rsm_yield,IN-07-0120,2,avg_rsm_z,yield_z,,,,,,,,,-0.019051516365378864,-0.1479811728878802,,,,
10,,,avg_rsm_yield,IN-07-0120,2,avg_rsm_z,yield_z,,,,,,,,,-0.022331000810823953,-0.126716356327805,,,,
6,,,avg_rsm_yield,IN-07-0514,2,avg_rsm_z,yield_z,,,,,,,,,0.02525909658239821,0.05153818208907814,,,,
10,,,avg_rsm_yield,IN-07-0514,2,avg_rsm_z,yield_z,,,,,,,,,0.17386125061986618,-0.10195448869123838,,,,
6,,,avg_rsm_yield,IN-07-0515,2,avg_rsm_z,yield_z,,,,,,,,,-0.5549289915789796,-0.3264889201683767,,,,
10,,,avg_rsm_yield,IN-07-0515,2,avg_rsm_z,yield_z,,,,,,,,,-0.46210322238180207,-0.07964634675136247,,,,
6,,,avg_rsm_yield,IN-07-0516,2,avg_rsm_z,yield_z,,,,,,,,,-0.10344445491107149,-0.08137638044322024,,,,
10,,,avg_rsm_yield,IN-07-0516,2,avg_rsm_z,yield_z,,,,,,,,,-0.1843659442328633,-0.19321495078464285,,,,
6,,,avg_rsm_yield,IN-07-1072,2,avg_rsm_z,yield_z,,,,,,,,,-0.11100258011756366,-0.3126948395212536,,,,
10,,,avg_rsm_yield,IN-07-1072,2,avg_rsm_z,yield_z,,,,,,,,,-0.04185368751924022,-0.21558852644168364,,,,
6,,,avg_rsm_yield,IN-07-1073,2,avg_rsm_z,yield_z,,,,,,,,,0.01270259921927192,-0.2361095678242196,,,,
10,,,avg_rsm_yield,IN-07-1073,2,avg_rsm_z,yield_z,,,,,,,,,0.03233323865534886,-0.4079876381173301,,,,
6,,,avg_rsm_yield,IN-07-1074,2,avg_rsm_z,yield_z,,,,,,,,,-0.47011496196181446,-0.088552788030369,,,,
10,,,avg_rsm_yield,IN-07-1074,2,avg_rsm_z,yield_z,,,,,,,,,-0.3771879205668801,0.03507014952828039,,,,
6,,,avg_rsm_yield,IN-07-1075,2,avg_rsm_z,yield_z,,,,,,,,,0.4560809326989201,0.18427743777661137,,,,
10,,,avg_rsm_yield,IN-07-1075,2,avg_rsm_z,yield_z,,,,,,,,,0.608697988081986,0.2000915556302802,,,,
6,,,avg_rsm_yield,IN-08-0701,2,avg_rsm_z,yield_z,,,,,,,,,-0.04898893434142672,-0.1940800605829192,,,,
10,,,avg_rsm_yield,IN-08-0701,2,avg_rsm_z,yield_z,,,,,,,,,-0.06326543884666376,-0.11102035518099049,,,,
6,,,avg_rsm_yield,IN-08-0702,2,avg_rsm_z,yield_z,,,,,,,,,-0.5083435610584585,-0.3715050570571371,,,,
10,,,avg_rsm_yield,IN-08-0702,2,avg_rsm_z,yield_z,,,,,,,,,-0.6340211143711636,-0.408141001767536,,,,
6,,,avg_rsm_yield,IN-08-0703,2,avg_rsm_z,yield_z,,,,,,,,,-0.10185422680107022,0.33525563011078974,,,,
10,,,avg_rsm_yield,IN-08-0703,2,avg_rsm_z,yield_z,,,,,,,,,0.16427753197097295,0.5719586944178309,,,,
6,,,avg_rsm_yield,IN-08-0704,2,avg_rsm_z,yield_z,,,,,,,,,0.24604052442805996,-0.0329750900024422,,,,
10,,,avg_rsm_yield,IN-08-0704,2,avg_rsm_z,yield_z,,,,,,,,,0.22687274766175963,-0.053943493046093895,,,,
6,,,avg_rsm_yield,IN-08-0705,2,avg_rsm_z,yield_z,,,,,,,,,-0.35003096462524397,0.26718341413841534,,,,
10,,,avg_rsm_yield,IN-08-0705,2,avg_rsm_z,yield_z,,,,,,,,,-0.2787455498221269,0.2223718139105692,,,,
6,,,avg_rsm_yield,IN-08-0706,2,avg_rsm_z,yield_z,,,,,,,,,-0.034665972839325834,-0.16883199561906215,,,,
10,,,avg_rsm_yield,IN-08-0706,2,avg_rsm_z,yield_z,,,,,,,,,-0.03181202401941156,-0.31808385657014226,,,,
6,,,avg_rsm_yield,IN-08-0707,2,avg_rsm_z,yield_z,,,,,,,,,0.2800383183761962,0.22488443537903682,,,,
10,,,avg_rsm_yield,IN-08-0707,2,avg_rsm_z,yield_z,,,,,,,,,0.43570109885500125,0.5367565995092263,,,,
6,,,avg_rsm_yield,IN-08-0708,2,avg_rsm_z,yield_z,,,,,,,,,-0.13208530586925157,-0.33316306096682846,,,,
10,,,avg_rsm_yield,IN-08-0708,2,avg_rsm_z,yield_z,,,,,,,,,-0.2318199748958937,-0.28744223969431004,,,,
6,,,avg_rsm_yield,IN-08-0709,2,avg_rsm_z,yield_z,,,,,,,,,-0.12281170645139376,-0.051279899017506826,,,,
10,,,avg_rsm_yield,IN-08-0709,2,avg_rsm_z,yield_z,,,,,,,,,-0.28099032011161384,-0.25369732957472685,,,,
6,,,avg_rsm_yield,IN-08-0710,2,avg_rsm_z,yield_z,,,,,,,,,-0.4119044466369514,-0.2589348479114555,,,,
10,,,avg_rsm_yield,IN-08-0710,2,avg_rsm_z,yield_z,,,,,,,,,-0.4469056227581344,0.09242898315766081,,,,
6,,,avg_rsm_yield,IN-08-0711,2,avg_rsm_z,yield_z,,,,,,,,,0.13500875504472312,-0.022342598565884608,,,,
10,,,avg_rsm_yield,IN-08-0711,2,avg_rsm_z,yield_z,,,,,,,,,0.20890711711241564,0.2680724610592019,,,,
6,,,avg_rsm_yield,IN-08-0712,2,avg_rsm_z,yield_z,,,,,,,,,0.23450942058075377,-0.17944935903409556,,,,
10,,,avg_rsm_yield,IN-08-0712,2,avg_rsm_z,yield_z,,,,,,,,,0.14413628678542892,-0.12702040799813735,,,,
6,,,avg_rsm_yield,IN-08-0713,2,avg_rsm_z,yield_z,,,,,,,,,0.5205019327399527,0.03418647883071437,,,,
10,,,avg_rsm_yield,IN-08-0713,2,avg_rsm_z,yield_z,,,,,,,,,0.5433712012881453,0.22149726913063797,,,,
6,,,avg_rsm_yield,IN-08-0714,2,avg_rsm_z,yield_z,,,,,,,,,-0.1484358632007085,-0.05869348281469957,,,,
10,,,avg_rsm_yield,IN-08-0714,2,avg_rsm_z,yield_z,,,,,,,,,-0.08685250794336109,0.020319584165228718,,,,
6,,,avg_rsm_yield,IN-08-0716,2,avg_rsm_z,yield_z,,,,,,,,,0.20820150825429967,0.1043532870421044,,,,
10,,,avg_rsm_yield,IN-08-0716,2,avg_rsm_z,yield_z,,,,,,,,,0.3021160910425734,0.2561866815672024,,,,
6,,,avg_rsm_yield,IN-08-0717,2,avg_rsm_z,yield_z,,,,,,,,,0.19782986403027972,-0.37985461696216305,,,,
10,,,avg_rsm_yield,IN-08-0717,2,avg_rsm_z,yield_z,,,,,,,,,0.07477693365838933,-0.3144465842814018,,,,
6,,,avg_rsm_yield,IN-08-0718,2,avg_rsm_z,yield_z,,,,,,,,,-0.21483574687996962,-0.17048532872261415,,,,
10,,,avg_rsm_yield,IN-08-0718,2,avg_rsm_z,yield_z,,,,,,,,,-0.2959032467938022,0.2785684007233726,,,,
6,,,avg_rsm_yield,IN-08-0719,2,avg_rsm_z,yield_z,,,,,,,,,0.5607436405020324,0.2514482071865537,,,,
10,,,avg_rsm_yield,IN-08-0719,2,avg_rsm_z,yield_z,,,,,,,,,0.5513434326728166,0.36606531117140956,,,,
6,,,avg_rsm_yield,IN-08-0721,2,avg_rsm_z,yield_z,,,,,,,,,-0.48850438534736423,-0.31115233976526974,,,,
10,,,avg_rsm_yield,IN-08-0721,2,avg_rsm_z,yield_z,,,,,,,,,-0.6715864571759278,-0.2596693994505328,,,,
6,,,avg_rsm_yield,IN-08-0722,2,avg_rsm_z,yield_z,,,,,,,,,-0.3184117272470762,-0.28942034401502204,,,,
10,,,avg_rsm_yield,IN-08-0722,2,avg_rsm_z,yield_z,,,,,,,,,-0.2695653608978318,-0.25490635984686016,,,,
6,,,avg_rsm_yield,IN-08-0723,2,avg_rsm_z,yield_z,,,,,,,,,-0.27308834930520753,-0.4458464884476842,,,,
10,,,avg_rsm_yield,IN-08-0723,2,avg_rsm_z,yield_z,,,,,,,,,-0.23584800225196964,-0.36474027294215305,,,,
6,,,avg_rsm_yield,IN-08-0724,2,avg_rsm_z,yield_z,,,,,,,,,-0.3419021985781828,-0.27965263173335214,,,,
10,,,avg_rsm_yield,IN-08-0724,2,avg_rsm_z,yield_z,,,,,,,,,-0.30805774802135455,-0.2275867441905209,,,,
6,,,avg_rsm_yield,IN-08-0725,2,avg_rsm_z,yield_z,,,,,,,,,0.48906441328677125,0.30269929444198834,,,,
6,,,avg_rsm_yield,IN-08-0726,2,avg_rsm_z,yield_z,,,,,,,,,-0.1773704471601553,-0.2792721649266771,,,,
10,,,avg_rsm_yield,IN-08-0726,2,avg_rsm_z,yield_z,,,,,,,,,-0.21206223757279713,-0.35578194980244116,,,,
6,,,avg_rsm_yield,IN-08-0728,2,avg_rsm_z,yield_z,,,,,,,,,0.19495615680538955,-0.35249536852416163,,,,
10,,,avg_rsm_yield,IN-08-0728,2,avg_rsm_z,yield_z,,,,,,,,,-0.09374913204918195,-0.5427762192377863,,,,
6,,,avg_rsm_yield,IN-08-0729,2,avg_rsm_z,yield_z,,,,,,,,,-0.4627239615946458,-0.3976477345087639,,,,
10,,,avg_rsm_yield,IN-08-0729,2,avg_rsm_z,yield_z,,,,,,,,,-0.6243430297543039,-0.4553625715247632,,,,
6,,,avg_rsm_yield,IN-08-0730,2,avg_rsm_z,yield_z,,,,,,,,,0.24110230265865287,-0.17318691138764764,,,,
10,,,avg_rsm_yield,IN-08-0730,2,avg_rsm_z,yield_z,,,,,,,,,0.1976549638953796,0.08986404159074476,,,,
6,,,avg_rsm_yield,IN-08-0731,2,avg_rsm_z,yield_z,,,,,,,,,-0.25212657833996166,-0.32437276616203303,,,,
10,,,avg_rsm_yield,IN-08-0731,2,avg_rsm_z,yield_z,,,,,,,,,-0.290654901093338,-0.24485729213349075,,,,
6,,,avg_rsm_yield,IN-08-0732,2,avg_rsm_z,yield_z,,,,,,,,,-0.33057929880619746,-0.09628317258367909,,,,
10,,,avg_rsm_yield,IN-08-0732,2,avg_rsm_z,yield_z,,,,,,,,,-0.47952101551838916,0.2278862798872237,,,,
6,,,avg_rsm_yield,IN-09-0165,2,avg_rsm_z,yield_z,,,,,,,,,0.21020295298798092,0.2559885809985159,,,,
10,,,avg_rsm_yield,IN-09-0165,2,avg_rsm_z,yield_z,,,,,,,,,0.22089845452907003,0.18478860013336346,,,,
6,,,avg_rsm_yield,IN-09-0166,2,avg_rsm_z,yield_z,,,,,,,,,0.28426323747451865,0.31955988049540807,,,,
10,,,avg_rsm_yield,IN-09-0166,2,avg_rsm_z,yield_z,,,,,,,,,0.16106021953411448,0.5120079186807324,,,,
6,,,avg_rsm_yield,IN-09-0167,2,avg_rsm_z,yield_z,,,,,,,,,-0.011936602609916674,0.06730363024839067,,,,
10,,,avg_rsm_yield,IN-09-0167,2,avg_rsm_z,yield_z,,,,,,,,,-0.003954328048373962,-0.02890943051095422,,,,
6,,,avg_rsm_yield,IN-09-0168,2,avg_rsm_z,yield_z,,,,,,,,,-0.02038156800129053,0.0806007798229704,,,,
10,,,avg_rsm_yield,IN-09-0168,2,avg_rsm_z,yield_z,,,,,,,,,0.30535338312571675,0.37480090548226397,,,,
6,,,avg_rsm_yield,IN-09-0169,2,avg_rsm_z,yield_z,,,,,,,,,0.3320308827877889,0.325716176407774,,,,
10,,,avg_rsm_yield,IN-09-0169,2,avg_rsm_z,yield_z,,,,,,,,,0.634090307577002,0.5624721309193006,,,,
6,,,avg_rsm_yield,IN-09-0170,2,avg_rsm_z,yield_z,,,,,,,,,0.21898513097909297,0.4903928276541164,,,,
10,,,avg_rsm_yield,IN-09-0170,2,avg_rsm_z,yield_z,,,,,,,,,0.5246706989316671,0.591389327466654,,,,
6,,,avg_rsm_yield,IN-09-0171,2,avg_rsm_z,yield_z,,,,,,,,,-0.3851874864166902,0.03180330121371631,,,,
10,,,avg_rsm_yield,IN-09-0171,2,avg_rsm_z,yield_z,,,,,,,,,-0.12502323189484266,0.33156872176372143,,,,
6,,,avg_rsm_yield,IN-09-0172,2,avg_rsm_z,yield_z,,,,,,,,,0.36084196796318907,0.4180362112108802,,,,
10,,,avg_rsm_yield,IN-09-0172,2,avg_rsm_z,yield_z,,,,,,,,,0.4758062202313142,0.47411985601274187,,,,
6,,,avg_rsm_yield,IN-09-0173,2,avg_rsm_z,yield_z,,,,,,,,,0.2785210212246713,0.3911766100947665,,,,
10,,,avg_rsm_yield,IN-09-0173,2,avg_rsm_z,yield_z,,,,,,,,,0.4727268190176422,0.5269176202910647,,,,
6,,,avg_rsm_yield,IN-09-0174,2,avg_rsm_z,yield_z,,,,,,,,,0.3665821009282781,0.48133839613421864,,,,
10,,,avg_rsm_yield,IN-09-0174,2,avg_rsm_z,yield_z,,,,,,,,,0.4978037339390903,0.5898620792581233,,,,
6,,,avg_rsm_yield,IN-09-0175,2,avg_rsm_z,yield_z,,,,,,,,,0.06909762906151802,0.24353675641661915,,,,
10,,,avg_rsm_yield,IN-09-0175,2,avg_rsm_z,yield_z,,,,,,,,,0.2657896749532348,0.5380155045373074,,,,
6,,,avg_rsm_yield,IN-09-0176,2,avg_rsm_z,yield_z,,,,,,,,,-0.3250748510208815,-0.1308265857803678,,,,
10,,,avg_rsm_yield,IN-09-0176,2,avg_rsm_z,yield_z,,,,,,,,,-0.1791035812439191,0.06506658401417784,,,,
6,,,avg_rsm_yield,IN-09-0545,2,avg_rsm_z,yield_z,,,,,,,,,0.21087576003223676,0.3113263317892345,,,,
10,,,avg_rsm_yield,IN-09-0545,2,avg_rsm_z,yield_z,,,,,,,,,0.25591120051398003,0.5507556936383179,,,,
6,,,avg_rsm_yield,IN-09-0546,2,avg_rsm_z,yield_z,,,,,,,,,-0.5352841669650019,-0.20013321249370816,,,,
10,,,avg_rsm_yield,IN-09-0546,2,avg_rsm_z,yield_z,,,,,,,,,-0.35645506696928847,0.020907419314229538,,,,
6,,,avg_rsm_yield,IN-09-1017,2,avg_rsm_z,yield_z,,,,,,,,,-0.1804320146673306,0.19974811416374172,,,,
10,,,avg_rsm_yield,IN-09-1017,2,avg_rsm_z,yield_z,,,,,,,,,0.19920461160721437,0.35575416583274383,,,,
6,,,avg_rsm_yield,IN-09-1018,2,avg_rsm_z,yield_z,,,,,,,,,0.12155004932519195,0.4338663070279257,,,,
10,,,avg_rsm_yield,IN-09-1018,2,avg_rsm_z,yield_z,,,,,,,,,0.4428551345849884,0.5989897281654508,,,,
6,,,avg_rsm_yield,IN-09-1019,2,avg_rsm_z,yield_z,,,,,,,,,-0.01442909362216968,0.42273688350537075,,,,
10,,,avg_rsm_yield,IN-09-1019,2,avg_rsm_z,yield_z,,,,,,,,,0.267735454125454,0.5993260808385273,,,,
6,,,avg_rsm_yield,IN-09-2009,2,avg_rsm_z,yield_z,,,,,,,,,0.19271312592843953,-0.14204620523284675,,,,
10,,,avg_rsm_yield,IN-09-2009,2,avg_rsm_z,yield_z,,,,,,,,,0.19189576395601107,-0.13010968232717074,,,,
6,,,avg_rsm_yield,IN-09-2010,2,avg_rsm_z,yield_z,,,,,,,,,-0.47389582815615955,0.21988698808346893,,,,
10,,,avg_rsm_yield,IN-09-2010,2,avg_rsm_z,yield_z,,,,,,,,,-0.5206472760789502,0.11419876870989432,,,,
6,,,avg_rsm_yield,IN-09-2011,2,avg_rsm_z,yield_z,,,,,,,,,-0.29241116037809534,0.11056425793751175,,,,
10,,,avg_rsm_yield,IN-09-2011,2,avg_rsm_z,yield_z,,,,,,,,,-0.44134343083890804,0.2996746531359473,,,,
6,,,avg_rsm_yield,IN-10-0139,2,avg_rsm_z,yield_z,,,,,,,,,-0.01132529334876744,-0.19195316872205134,,,,
10,,,avg_rsm_yield,IN-10-0139,2,avg_rsm_z,yield_z,,,,,,,,,0.06844666575693019,-0.08539177193149997,,,,
6,,,avg_rsm_yield,IN-10-0140,2,avg_rsm_z,yield_z,,,,,,,,,0.1762821682337036,-0.1730466494405518,,,,
10,,,avg_rsm_yield,IN-10-0140,2,avg_rsm_z,yield_z,,,,,,,,,0.26589403456289473,0.05114756854233431,,,,
6,,,avg_rsm_yield,IN-10-0141,2,avg_rsm_z,yield_z,,,,,,,,,-0.3814275565417836,-0.33237922285446686,,,,
10,,,avg_rsm_yield,IN-10-0141,2,avg_rsm_z,yield_z,,,,,,,,,-0.5635912083097149,-0.2803543270624516,,,,
6,,,avg_rsm_yield,IN-10-0142,2,avg_rsm_z,yield_z,,,,,,,,,-0.34090836514872314,-0.4711497527901122,,,,
10,,,avg_rsm_yield,IN-10-0142,2,avg_rsm_z,yield_z,,,,,,,,,-0.25932384743250136,-0.6718247660455093,,,,
6,,,avg_rsm_yield,IN-10-0143,2,avg_rsm_z,yield_z,,,,,,,,,0.18214838184384852,-0.2573346588641173,,,,
10,,,avg_rsm_yield,IN-10-0143,2,avg_rsm_z,yield_z,,,,,,,,,0.3274076246055768,-0.24429143892072575,,,,
6,,,avg_rsm_yield,IN-10-0144,2,avg_rsm_z,yield_z,,,,,,,,,-0.5512067787839922,-0.06303733680250737,,,,
10,,,avg_rsm_yield,IN-10-0144,2,avg_rsm_z,yield_z,,,,,,,,,-0.6146961121612647,0.17339788422863509,,,,
6,,,avg_rsm_yield,IN-10-0145,2,avg_rsm_z,yield_z,,,,,,,,,-0.18118181116976514,0.17785743193105458,,,,
10,,,avg_rsm_yield,IN-10-0145,2,avg_rsm_z,yield_z,,,,,,,,,-0.0893925738797414,0.1618287969722087,,,,
6,,,avg_rsm_yield,IN-10-0146,2,avg_rsm_z,yield_z,,,,,,,,,-0.3651834732758544,-0.43074846353747354,,,,
10,,,avg_rsm_yield,IN-10-0146,2,avg_rsm_z,yield_z,,,,,,,,,-0.37993226338710123,-0.5110898458428812,,,,
6,,,avg_rsm_yield,IN-10-0147,2,avg_rsm_z,yield_z,,,,,,,,,-0.3230770027573616,0.00936747749969737,,,,
10,,,avg_rsm_yield,IN-10-0147,2,avg_rsm_z,yield_z,,,,,,,,,-0.4657472903790111,-0.07248333705811291,,,,
6,,,avg_rsm_yield,IN-10-0148,2,avg_rsm_z,yield_z,,,,,,,,,-0.05386490108986906,0.3335870896234111,,,,
10,,,avg_rsm_yield,IN-10-0148,2,avg_rsm_z,yield_z,,,,,,,,,-0.10079184855340913,0.5428136082465069,,,,
6,,,avg_rsm_yield,IN-10-0149,2,avg_rsm_z,yield_z,,,,,,,,,-0.33464378243491616,-0.15665660396396755,,,,
10,,,avg_rsm_yield,IN-10-0149,2,avg_rsm_z,yield_z,,,,,,,,,-0.1448784340766208,0.013318506571449512,,,,
6,,,avg_rsm_yield,IN-10-0150,2,avg_rsm_z,yield_z,,,,,,,,,0.1669515518473878,0.5762672118319107,,,,
10,,,avg_rsm_yield,IN-10-0150,2,avg_rsm_z,yield_z,,,,,,,,,0.49710306399241777,0.7742994110017041,,,,
6,,,avg_rsm_yield,IN-10-0151,2,avg_rsm_z,yield_z,,,,,,,,,0.10129080427312646,-0.018596563816019995,,,,
10,,,avg_rsm_yield,IN-10-0151,2,avg_rsm_z,yield_z,,,,,,,,,0.026121516450674138,0.03021903724572821,,,,
6,,,avg_rsm_yield,IN-10-0152,2,avg_rsm_z,yield_z,,,,,,,,,-0.15613752282388527,-0.25282560260050524,,,,
10,,,avg_rsm_yield,IN-10-0152,2,avg_rsm_z,yield_z,,,,,,,,,-0.15270850905649175,-0.3031123835977563,,,,
6,,,avg_rsm_yield,IN-10-0153,2,avg_rsm_z,yield_z,,,,,,,,,-0.23847447229016736,-0.29946689181274316,,,,
10,,,avg_rsm_yield,IN-10-0153,2,avg_rsm_z,yield_z,,,,,,,,,-0.15101077853394132,-0.43080788742601345,,,,
6,,,avg_rsm_yield,IN-10-0154,2,avg_rsm_z,yield_z,,,,,,,,,-0.18977707052206347,-0.04591531103714209,,,,
10,,,avg_rsm_yield,IN-10-0154,2,avg_rsm_z,yield_z,,,,,,,,,-0.028196338526139016,-0.12645211531859418,,,,
6,,,avg_rsm_yield,IN-10-0155,2,avg_rsm_z,yield_z,,,,,,,,,0.33944042758670906,0.6907500686677178,,,,
10,,,avg_rsm_yield,IN-10-0155,2,avg_rsm_z,yield_z,,,,,,,,,0.33811560264374935,0.7849373893248651,,,,
6,,,avg_rsm_yield,IN-10-0156,2,avg_rsm_z,yield_z,,,,,,,,,-0.24256058414043818,0.12760015075219505,,,,
10,,,avg_rsm_yield,IN-10-0156,2,avg_rsm_z,yield_z,,,,,,,,,-0.1020504595838633,0.00011099388132466414,,,,
6,,,avg_rsm_yield,IN-10-0157,2,avg_rsm_z,yield_z,,,,,,,,,-0.2825819956067385,-0.22516669282541585,,,,
10,,,avg_rsm_yield,IN-10-0157,2,avg_rsm_z,yield_z,,,,,,,,,-0.37996329934072803,-0.1337857336395069,,,,
6,,,avg_rsm_yield,IN-10-0158,2,avg_rsm_z,yield_z,,,,,,,,,-0.010358868323456828,-0.17470417979721667,,,,
10,,,avg_rsm_yield,IN-10-0158,2,avg_rsm_z,yield_z,,,,,,,,,-0.023067630955043668,-0.13249136515976617,,,,
6,,,avg_rsm_yield,IN-10-0159,2,avg_rsm_z,yield_z,,,,,,,,,0.15297841588981295,0.3752007837221443,,,,
10,,,avg_rsm_yield,IN-10-0159,2,avg_rsm_z,yield_z,,,,,,,,,0.050052239169952537,0.29888795558077713,,,,
6,,,avg_rsm_yield,IN-10-0160,2,avg_rsm_z,yield_z,,,,,,,,,0.1702569550963474,-0.14181709768804002,,,,
10,,,avg_rsm_yield,IN-10-0160,2,avg_rsm_z,yield_z,,,,,,,,,0.0840046786358946,-0.2281955846678529,,,,
6,,,avg_rsm_yield,IN-10-0161,2,avg_rsm_z,yield_z,,,,,,,,,0.41901299925194646,0.5774449319447506,,,,
10,,,avg_rsm_yield,IN-10-0161,2,avg_rsm_z,yield_z,,,,,,,,,0.42240325470261375,0.6849913368107645,,,,
6,,,avg_rsm_yield,IN-10-0162,2,avg_rsm_z,yield_z,,,,,,,,,0.15547418982859612,0.24032151987404018,,,,
10,,,avg_rsm_yield,IN-10-0162,2,avg_rsm_z,yield_z,,,,,,,,,-0.0003343194344855832,0.2796894573607262,,,,
6,,,avg_rsm_yield,IN-10-0163,2,avg_rsm_z,yield_z,,,,,,,,,0.008712459780096575,-0.204203397579869,,,,
10,,,avg_rsm_yield,IN-10-0163,2,avg_rsm_z,yield_z,,,,,,,,,0.212432301122423,-0.08063567757120997,,,,
6,,,avg_rsm_yield,IN-10-0164,2,avg_rsm_z,yield_z,,,,,,,,,-0.2422876828666845,-0.21701862270007544,,,,
10,,,avg_rsm_yield,IN-10-0164,2,avg_rsm_z,yield_z,,,,,,,,,-0.24917303150202522,-0.22335858993760885,,,,
6,,,avg_rsm_yield,IN-10-0519,2,avg_rsm_z,yield_z,,,,,,,,,0.012782802925835408,-0.4418772904635877,,,,
10,,,avg_rsm_yield,IN-10-0519,2,avg_rsm_z,yield_z,,,,,,,,,0.023947510595717997,-0.48287755790335585,,,,
6,,,avg_rsm_yield,IN-10-0536,2,avg_rsm_z,yield_z,,,,,,,,,-0.3437052100023179,-0.2266925533029629,,,,
10,,,avg_rsm_yield,IN-10-0536,2,avg_rsm_z,yield_z,,,,,,,,,-0.37522184939566827,-0.36453770931160867,,,,
6,,,avg_rsm_yield,IN-10-0537,2,avg_rsm_z,yield_z,,,,,,,,,0.16427833256227706,-0.07508472372505062,,,,
10,,,avg_rsm_yield,IN-10-0537,2,avg_rsm_z,yield_z,,,,,,,,,-0.007428210602455565,-0.15226117285673987,,,,
6,,,avg_rsm_yield,IN-10-0538,2,avg_rsm_z,yield_z,,,,,,,,,-0.23221114565723422,0.09385711515666026,,,,
10,,,avg_rsm_yield,IN-10-0538,2,avg_rsm_z,yield_z,,,,,,,,,0.007217243849885729,0.16235889654089652,,,,
6,,,avg_rsm_yield,IN-10-0539,2,avg_rsm_z,yield_z,,,,,,,,,0.5095767876419863,0.28378072987345193,,,,
10,,,avg_rsm_yield,IN-10-0539,2,avg_rsm_z,yield_z,,,,,,,,,0.5514117963101278,0.5412549213078277,,,,
6,,,avg_rsm_yield,IN-10-1020,2,avg_rsm_z,yield_z,,,,,,,,,-0.00429235742171979,-0.2783603318841256,,,,
10,,,avg_rsm_yield,IN-10-1020,2,avg_rsm_z,yield_z,,,,,,,,,0.03170802366770965,-0.30869843083295256,,,,
6,,,avg_rsm_yield,IN-10-2012,2,avg_rsm_z,yield_z,,,,,,,,,0.26668521317072147,0.016067326014288796,,,,
6,,,avg_rsm_yield,IN-12-0189,2,avg_rsm_z,yield_z,,,,,,,,,-0.22480541127354994,0.16075776980633988,,,,
10,,,avg_rsm_yield,IN-12-0189,2,avg_rsm_z,yield_z,,,,,,,,,-0.09888450985497128,0.29282268046275733,,,,
6,,,avg_rsm_yield,IN-12-0190,2,avg_rsm_z,yield_z,,,,,,,,,-0.29094203382662853,-0.0025303919111950624,,,,
10,,,avg_rsm_yield,IN-12-0190,2,avg_rsm_z,yield_z,,,,,,,,,-0.18057506180446825,0.16248202012952975,,,,
6,,,avg_rsm_yield,IN-12-0191,2,avg_rsm_z,yield_z,,,,,,,,,-0.2081786915683787,0.011540705120260097,,,,
10,,,avg_rsm_yield,IN-12-0191,2,avg_rsm_z,yield_z,,,,,,,,,-0.08787547109631386,0.14937808655316706,,,,
6,,,avg_rsm_yield,IN-12-0192,2,avg_rsm_z,yield_z,,,,,,,,,-0.053767078485632745,-0.010260542962165397,,,,
10,,,avg_rsm_yield,IN-12-0192,2,avg_rsm_z,yield_z,,,,,,,,,0.09850762500622394,0.11957755332519318,,,,
6,,,avg_rsm_yield,IN-12-0193,2,avg_rsm_z,yield_z,,,,,,,,,-0.2216105382437091,-0.1399461810572718,,,,
10,,,avg_rsm_yield,IN-12-0193,2,avg_rsm_z,yield_z,,,,,,,,,-0.13918078302354284,0.05903741249527407,,,,
6,,,avg_rsm_yield,IN-12-0194,2,avg_rsm_z,yield_z,,,,,,,,,0.2666925923426334,-0.18659031420128885,,,,
10,,,avg_rsm_yield,IN-12-0194,2,avg_rsm_z,yield_z,,,,,,,,,0.4727044840149624,-0.09887538832195372,,,,
6,,,avg_rsm_yield,IN-12-0195,2,avg_rsm_z,yield_z,,,,,,,,,0.07626928287583243,0.0027376594166452495,,,,
10,,,avg_rsm_yield,IN-12-0195,2,avg_rsm_z,yield_z,,,,,,,,,0.10919838327185923,0.11230855819665723,,,,
6,,,avg_rsm_yield,IN-12-0196,2,avg_rsm_z,yield_z,,,,,,,,,0.3714787777714851,-0.08799191264874386,,,,
10,,,avg_rsm_yield,IN-12-0196,2,avg_rsm_z,yield_z,,,,,,,,,0.5316274641628137,0.19066697371449193,,,,
6,,,avg_rsm_yield,IN-12-0197,2,avg_rsm_z,yield_z,,,,,,,,,0.3560764115577383,-0.34794782886248476,,,,
10,,,avg_rsm_yield,IN-12-0197,2,avg_rsm_z,yield_z,,,,,,,,,0.5854902001086234,-0.466819074772459,,,,
6,,,avg_rsm_yield,IN-12-0198,2,avg_rsm_z,yield_z,,,,,,,,,0.21498901277993618,-0.2709657769873076,,,,
10,,,avg_rsm_yield,IN-12-0198,2,avg_rsm_z,yield_z,,,,,,,,,0.5323468998379474,-0.4125451372849298,,,,
6,,,avg_rsm_yield,IN-12-0199,2,avg_rsm_z,yield_z,,,,,,,,,0.049333320208423966,0.06009932461156745,,,,
10,,,avg_rsm_yield,IN-12-0199,2,avg_rsm_z,yield_z,,,,,,,,,0.19557674196195846,0.1978588988029307,,,,
6,,,avg_rsm_yield,IN-12-0200,2,avg_rsm_z,yield_z,,,,,,,,,0.09093523092333107,-0.3173159160135125,,,,
10,,,avg_rsm_yield,IN-12-0200,2,avg_rsm_z,yield_z,,,,,,,,,0.43467481541375025,-0.31719824335027347,,,,
6,,,avg_rsm_yield,IN-12-0201,2,avg_rsm_z,yield_z,,,,,,,,,0.008357329730995917,-0.08756768621791952,,,,
10,,,avg_rsm_yield,IN-12-0201,2,avg_rsm_z,yield_z,,,,,,,,,0.1855828703480618,-0.3288980502184153,,,,
6,,,avg_rsm_yield,IN-12-0202,2,avg_rsm_z,yield_z,,,,,,,,,-0.036709273688179035,-0.0016526102503384237,,,,
10,,,avg_rsm_yield,IN-12-0202,2,avg_rsm_z,yield_z,,,,,,,,,0.12076049077049775,-0.08165774754120499,,,,
6,,,avg_rsm_yield,IN-12-0203,2,avg_rsm_z,yield_z,,,,,,,,,0.441752032848201,0.16659898692837377,,,,
10,,,avg_rsm_yield,IN-12-0203,2,avg_rsm_z,yield_z,,,,,,,,,0.6558227552020809,0.3146572439082762,,,,
6,,,avg_rsm_yield,IN-12-0204,2,avg_rsm_z,yield_z,,,,,,,,,0.001604902961893895,0.13150024025576929,,,,
10,,,avg_rsm_yield,IN-12-0204,2,avg_rsm_z,yield_z,,,,,,,,,0.1434186353454515,-0.004021851305908805,,,,
6,,,avg_rsm_yield,IN-12-0205,2,avg_rsm_z,yield_z,,,,,,,,,-0.3152042792099151,-0.09791924819771045,,,,
10,,,avg_rsm_yield,IN-12-0205,2,avg_rsm_z,yield_z,,,,,,,,,-0.24023887401369343,0.24779360885935336,,,,
6,,,avg_rsm_yield,IN-12-0206,2,avg_rsm_z,yield_z,,,,,,,,,0.14905165254298194,-0.2517523177423555,,,,
10,,,avg_rsm_yield,IN-12-0206,2,avg_rsm_z,yield_z,,,,,,,,,0.41466721539922025,-0.4566937038185964,,,,
6,,,avg_rsm_yield,IN-12-0207,2,avg_rsm_z,yield_z,,,,,,,,,0.24060099629449647,-0.30094813337031245,,,,
10,,,avg_rsm_yield,IN-12-0207,2,avg_rsm_z,yield_z,,,,,,,,,0.3798215688013957,-0.5741283217638952,,,,
6,,,avg_rsm_yield,IN-12-0209,2,avg_rsm_z,yield_z,,,,,,,,,0.17872721473830974,-0.4064935913329137,,,,
10,,,avg_rsm_yield,IN-12-0209,2,avg_rsm_z,yield_z,,,,,,,,,0.17351080887806997,-0.4633835000958843,,,,
6,,,avg_rsm_yield,IN-12-0210,2,avg_rsm_z,yield_z,,,,,,,,,-0.17063394196609133,-0.27652894259527083,,,,
10,,,avg_rsm_yield,IN-12-0210,2,avg_rsm_z,yield_z,,,,,,,,,-0.03792085268124277,-0.44531875632274504,,,,
6,,,avg_rsm_yield,IN-12-0211,2,avg_rsm_z,yield_z,,,,,,,,,0.16336512504866785,-0.5289380256544678,,,,
10,,,avg_rsm_yield,IN-12-0211,2,avg_rsm_z,yield_z,,,,,,,,,0.1733410409831052,-0.6244146985891013,,,,
6,,,avg_rsm_yield,IN-12-0212,2,avg_rsm_z,yield_z,,,,,,,,,-0.19736622713818633,-0.06494124933901538,,,,
10,,,avg_rsm_yield,IN-12-0212,2,avg_rsm_z,yield_z,,,,,,,,,-0.12635285900649168,-0.09907958526509529,,,,
6,,,avg_rsm_yield,IN-12-0213,2,avg_rsm_z,yield_z,,,,,,,,,-0.059454437513227376,-0.048078268859725125,,,,
10,,,avg_rsm_yield,IN-12-0213,2,avg_rsm_z,yield_z,,,,,,,,,0.0007846121581489257,-0.02971337165830327,,,,
6,,,avg_rsm_yield,IN-12-0214,2,avg_rsm_z,yield_z,,,,,,,,,0.03023275971592817,-0.3351927944284603,,,,
10,,,avg_rsm_yield,IN-12-0214,2,avg_rsm_z,yield_z,,,,,,,,,0.11859764226498481,-0.2856293642895853,,,,
6,,,avg_rsm_yield,IN-12-0215,2,avg_rsm_z,yield_z,,,,,,,,,0.02146557862106307,-0.4371531075484887,,,,
10,,,avg_rsm_yield,IN-12-0215,2,avg_rsm_z,yield_z,,,,,,,,,0.10286194847536514,-0.6116776201892329,,,,
6,,,avg_rsm_yield,IN-12-0216,2,avg_rsm_z,yield_z,,,,,,,,,-0.009938448074509238,-0.3456164148805051,,,,
10,,,avg_rsm_yield,IN-12-0216,2,avg_rsm_z,yield_z,,,,,,,,,0.18223886314896556,-0.47000000478658055,,,,
6,,,avg_rsm_yield,IN-12-0217,2,avg_rsm_z,yield_z,,,,,,,,,-0.06199224056048215,-0.38979769061478303,,,,
10,,,avg_rsm_yield,IN-12-0217,2,avg_rsm_z,yield_z,,,,,,,,,0.0014232580483481694,-0.422218609249596,,,,
6,,,avg_rsm_yield,IN-12-0218,2,avg_rsm_z,yield_z,,,,,,,,,-0.015334913469700211,-0.3869432969502868,,,,
10,,,avg_rsm_yield,IN-12-0218,2,avg_rsm_z,yield_z,,,,,,,,,0.16721131662798794,-0.6517833188566959,,,,
6,,,avg_rsm_yield,IN-12-0219,2,avg_rsm_z,yield_z,,,,,,,,,-0.046793933598533066,-0.2781759756008443,,,,
10,,,avg_rsm_yield,IN-12-0219,2,avg_rsm_z,yield_z,,,,,,,,,0.07849620586110401,-0.14266959291203088,,,,
6,,,avg_rsm_yield,IN-12-0220,2,avg_rsm_z,yield_z,,,,,,,,,0.20126247361886246,-0.25870219440462006,,,,
10,,,avg_rsm_yield,IN-12-0220,2,avg_rsm_z,yield_z,,,,,,,,,0.35911732856849704,-0.27128405030023234,,,,
6,,,avg_rsm_yield,IN-12-0221,2,avg_rsm_z,yield_z,,,,,,,,,-0.07222731015780468,-0.33197022089194883,,,,
10,,,avg_rsm_yield,IN-12-0221,2,avg_rsm_z,yield_z,,,,,,,,,0.10890495351490925,-0.5667044641745844,,,,
6,,,avg_rsm_yield,IN-12-0222,2,avg_rsm_z,yield_z,,,,,,,,,0.0867134447539006,-0.21013591810950727,,,,
10,,,avg_rsm_yield,IN-12-0222,2,avg_rsm_z,yield_z,,,,,,,,,0.2861807615011487,-0.2698754247433308,,,,
6,,,avg_rsm_yield,IN-12-0223,2,avg_rsm_z,yield_z,,,,,,,,,0.13561184482257715,-0.31667305494852804,,,,
10,,,avg_rsm_yield,IN-12-0223,2,avg_rsm_z,yield_z,,,,,,,,,0.16726369540356592,-0.49381828876805034,,,,
6,,,avg_rsm_yield,IN-12-0224,2,avg_rsm_z,yield_z,,,,,,,,,0.057256290492249076,-0.36948352609284496,,,,
10,,,avg_rsm_yield,IN-12-0224,2,avg_rsm_z,yield_z,,,,,,,,,0.19227387348447203,-0.5774839873720626,,,,
6,,,avg_rsm_yield,IN-12-0225,2,avg_rsm_z,yield_z,,,,,,,,,-0.23223821087733984,-0.2563338000432505,,,,
10,,,avg_rsm_yield,IN-12-0225,2,avg_rsm_z,yield_z,,,,,,,,,-0.1370394384366001,-0.1878099178317281,,,,
6,,,avg_rsm_yield,IN-12-0226,2,avg_rsm_z,yield_z,,,,,,,,,-0.10345413669909567,-0.3066519126646531,,,,
10,,,avg_rsm_yield,IN-12-0226,2,avg_rsm_z,yield_z,,,,,,,,,-0.018451055026841988,-0.3290919959606305,,,,
6,,,avg_rsm_yield,IN-12-0227,2,avg_rsm_z,yield_z,,,,,,,,,-0.015730612578289564,-0.28782875700487137,,,,
10,,,avg_rsm_yield,IN-12-0227,2,avg_rsm_z,yield_z,,,,,,,,,0.11229431570114405,-0.540444117307679,,,,
6,,,avg_rsm_yield,IN-12-0228,2,avg_rsm_z,yield_z,,,,,,,,,0.13898327989340004,-0.24656025545558297,,,,
10,,,avg_rsm_yield,IN-12-0228,2,avg_rsm_z,yield_z,,,,,,,,,0.3045944036855941,-0.2779148686459415,,,,
6,,,avg_rsm_yield,IN-12-0229,2,avg_rsm_z,yield_z,,,,,,,,,0.20295686283372474,-0.273673418717715,,,,
10,,,avg_rsm_yield,IN-12-0229,2,avg_rsm_z,yield_z,,,,,,,,,0.4166402745846042,-0.29528074458506653,,,,
6,,,avg_rsm_yield,IN-12-0230,2,avg_rsm_z,yield_z,,,,,,,,,0.4364741141772206,-0.00772685436246189,,,,
10,,,avg_rsm_yield,IN-12-0230,2,avg_rsm_z,yield_z,,,,,,,,,0.5086258464821751,0.20563535631471286,,,,
6,,,avg_rsm_yield,IN-12-0231,2,avg_rsm_z,yield_z,,,,,,,,,0.23340168408538284,-0.15821428740867077,,,,
10,,,avg_rsm_yield,IN-12-0231,2,avg_rsm_z,yield_z,,,,,,,,,0.3240844402925745,-0.1997259744946299,,,,
6,,,avg_rsm_yield,IN-12-0232,2,avg_rsm_z,yield_z,,,,,,,,,0.5279362930102799,-0.13463013465624765,,,,
10,,,avg_rsm_yield,IN-12-0232,2,avg_rsm_z,yield_z,,,,,,,,,0.6541737283324544,-0.26415160031124973,,,,
6,,,avg_rsm_yield,IN-12-0233,2,avg_rsm_z,yield_z,,,,,,,,,0.2971541652856965,-0.33095766762743006,,,,
10,,,avg_rsm_yield,IN-12-0233,2,avg_rsm_z,yield_z,,,,,,,,,0.33523186664321575,-0.15349597623521444,,,,
6,,,avg_rsm_yield,IN-12-0234,2,avg_rsm_z,yield_z,,,,,,,,,0.19903674686221023,-0.24572293736555634,,,,
10,,,avg_rsm_yield,IN-12-0234,2,avg_rsm_z,yield_z,,,,,,,,,0.25741342274336065,-0.16171118502981807,,,,
6,,,avg_rsm_yield,IN-12-0235,2,avg_rsm_z,yield_z,,,,,,,,,0.07952569737164905,-0.3171635258562432,,,,
10,,,avg_rsm_yield,IN-12-0235,2,avg_rsm_z,yield_z,,,,,,,,,0.15190592712666579,-0.5608130465970202,,,,
6,,,avg_rsm_yield,IN-12-0236,2,avg_rsm_z,yield_z,,,,,,,,,0.12391174211272889,-0.3485717760032741,,,,
10,,,avg_rsm_yield,IN-12-0236,2,avg_rsm_z,yield_z,,,,,,,,,0.17572220062251795,-0.3557154787746079,,,,
6,,,avg_rsm_yield,IN-12-0528,2,avg_rsm_z,yield_z,,,,,,,,,0.01756570594165742,-0.31135534068571646,,,,
10,,,avg_rsm_yield,IN-12-0528,2,avg_rsm_z,yield_z,,,,,,,,,0.2945627041832599,-0.4190736753973022,,,,
6,,,avg_rsm_yield,IN-12-0529,2,avg_rsm_z,yield_z,,,,,,,,,-0.21901261743500638,-0.20783769409733183,,,,
10,,,avg_rsm_yield,IN-12-0529,2,avg_rsm_z,yield_z,,,,,,,,,-0.2534146454665587,-0.1015158341063876,,,,
6,,,avg_rsm_yield,IN-12-0530,2,avg_rsm_z,yield_z,,,,,,,,,-0.11927667574878009,-0.27809348541913653,,,,
10,,,avg_rsm_yield,IN-12-0530,2,avg_rsm_z,yield_z,,,,,,,,,-0.0026261787359613525,-0.47072211398139163,,,,
6,,,avg_rsm_yield,IN-12-0531,2,avg_rsm_z,yield_z,,,,,,,,,0.24876350171861383,-0.22599365910792996,,,,
10,,,avg_rsm_yield,IN-12-0531,2,avg_rsm_z,yield_z,,,,,,,,,0.20634851687604727,-0.25345749187979927,,,,
6,,,avg_rsm_yield,IN-12-0532,2,avg_rsm_z,yield_z,,,,,,,,,0.5248360396906199,-0.24194171464845943,,,,
10,,,avg_rsm_yield,IN-12-0532,2,avg_rsm_z,yield_z,,,,,,,,,0.3425693905075833,-0.052286595687279426,,,,
6,,,avg_rsm_yield,IN-12-0533,2,avg_rsm_z,yield_z,,,,,,,,,0.03259555612531711,-0.20688193208881475,,,,
10,,,avg_rsm_yield,IN-12-0533,2,avg_rsm_z,yield_z,,,,,,,,,0.13988071729220902,-0.30169299362166163,,,,
6,,,avg_rsm_yield,IN-12-0547,2,avg_rsm_z,yield_z,,,,,,,,,-0.09503382683391146,-0.2860456494084724,,,,
10,,,avg_rsm_yield,IN-12-0547,2,avg_rsm_z,yield_z,,,,,,,,,-0.01165554854159515,-0.42034237385139317,,,,
6,,,avg_rsm_yield,IN-12-0548,2,avg_rsm_z,yield_z,,,,,,,,,0.04526364826836781,-0.22311587094313284,,,,
10,,,avg_rsm_yield,IN-12-0548,2,avg_rsm_z,yield_z,,,,,,,,,0.11957036750492608,-0.5426479419896137,,,,
6,,,avg_rsm_yield,IN-12-1028,2,avg_rsm_z,yield_z,,,,,,,,,0.06466734361606757,-0.3234782537832175,,,,
10,,,avg_rsm_yield,IN-12-1028,2,avg_rsm_z,yield_z,,,,,,,,,0.2870379117770918,-0.41518558532437433,,,,
6,,,avg_rsm_yield,IN-12-1029,2,avg_rsm_z,yield_z,,,,,,,,,0.21127967782259724,-0.3072979641927568,,,,
10,,,avg_rsm_yield,IN-12-1029,2,avg_rsm_z,yield_z,,,,,,,,,0.37771024460495306,-0.39886098902252254,,,,
6,,,avg_rsm_yield,IN-12-1031,2,avg_rsm_z,yield_z,,,,,,,,,0.39923469189579386,-0.4126535761898366,,,,
10,,,avg_rsm_yield,IN-12-1031,2,avg_rsm_z,yield_z,,,,,,,,,0.5825230279362598,-0.5992063087355908,,,,
6,,,avg_rsm_yield,IN-12-1033,2,avg_rsm_z,yield_z,,,,,,,,,0.06464621047658477,-0.04726619127609725,,,,
10,,,avg_rsm_yield,IN-12-1033,2,avg_rsm_z,yield_z,,,,,,,,,0.1304732198562083,0.2592218587603963,,,,
6,,,avg_rsm_yield,IN-12-1034,2,avg_rsm_z,yield_z,,,,,,,,,0.1250517696135166,-0.3878515005415479,,,,
10,,,avg_rsm_yield,IN-12-1034,2,avg_rsm_z,yield_z,,,,,,,,,0.17791477587890897,-0.4372693810716738,,,,
6,,,avg_rsm_yield,IN-12-1036,2,avg_rsm_z,yield_z,,,,,,,,,-0.23558160088165994,-0.4272949921320678,,,,
10,,,avg_rsm_yield,IN-12-1036,2,avg_rsm_z,yield_z,,,,,,,,,-0.07162614467270445,-0.23518576151836693,,,,
6,,,avg_rsm_yield,IN-12-1037,2,avg_rsm_z,yield_z,,,,,,,,,0.05463434319748035,-0.13696623770836788,,,,
10,,,avg_rsm_yield,IN-12-1037,2,avg_rsm_z,yield_z,,,,,,,,,0.14012563245307827,-0.07558598928287452,,,,
6,,,avg_rsm_yield,IN-12-1038,2,avg_rsm_z,yield_z,,,,,,,,,-0.27882625203475236,0.06462951785262414,,,,
10,,,avg_rsm_yield,IN-12-1038,2,avg_rsm_z,yield_z,,,,,,,,,-0.2464735516886492,0.21977639841119084,,,,
6,,,avg_rsm_yield,IN-12-1039,2,avg_rsm_z,yield_z,,,,,,,,,0.3266795668445618,0.1981388355426063,,,,
10,,,avg_rsm_yield,IN-12-1039,2,avg_rsm_z,yield_z,,,,,,,,,0.4833626110898246,0.3762273584818199,,,,
6,,,avg_rsm_yield,IN-12-1040,2,avg_rsm_z,yield_z,,,,,,,,,-0.06149643423869091,-0.286188871727411,,,,
10,,,avg_rsm_yield,IN-12-1040,2,avg_rsm_z,yield_z,,,,,,,,,0.10169503696302137,-0.3919023409554054,,,,
6,,,avg_rsm_yield,IN-12-1041,2,avg_rsm_z,yield_z,,,,,,,,,-0.026382744808191593,-0.1130912688536195,,,,
10,,,avg_rsm_yield,IN-12-1041,2,avg_rsm_z,yield_z,,,,,,,,,0.21594753250979998,-0.1973722382304899,,,,
6,,,avg_rsm_yield,IN-12-1042,2,avg_rsm_z,yield_z,,,,,,,,,0.09534080293846216,-0.3665992783286589,,,,
10,,,avg_rsm_yield,IN-12-1042,2,avg_rsm_z,yield_z,,,,,,,,,0.11922569452766915,-0.6520451155503244,,,,
6,,,avg_rsm_yield,IN-12-1044,2,avg_rsm_z,yield_z,,,,,,,,,-0.11637682201607072,-0.4319975197095963,,,,
10,,,avg_rsm_yield,IN-12-1044,2,avg_rsm_z,yield_z,,,,,,,,,0.01872113241634632,-0.5385631098282933,,,,
6,,,avg_rsm_yield,IN-12-1045,2,avg_rsm_z,yield_z,,,,,,,,,0.0660666359996189,-0.28515870021042333,,,,
10,,,avg_rsm_yield,IN-12-1045,2,avg_rsm_z,yield_z,,,,,,,,,-0.0046571846512054715,-0.2704817540612863,,,,
6,,,avg_rsm_yield,IN-12-1046,2,avg_rsm_z,yield_z,,,,,,,,,0.18770307017869992,-0.012815120942750937,,,,
10,,,avg_rsm_yield,IN-12-1046,2,avg_rsm_z,yield_z,,,,,,,,,0.20344517553713545,0.23771106655966662,,,,
6,,,avg_rsm_yield,IN-12-2013,2,avg_rsm_z,yield_z,,,,,,,,,0.09221506346680812,-0.5463069014593025,,,,
6,,,avg_rsm_yield,IN-13-0801,2,avg_rsm_z,yield_z,,,,,,,,,0.476984137805597,0.32182400326377214,,,,
10,,,avg_rsm_yield,IN-13-0801,2,avg_rsm_z,yield_z,,,,,,,,,0.614293293536573,0.33630978406905543,,,,
6,,,avg_rsm_yield,IN-13-0802,2,avg_rsm_z,yield_z,,,,,,,,,0.3938675401801065,0.614224684178647,,,,
10,,,avg_rsm_yield,IN-13-0802,2,avg_rsm_z,yield_z,,,,,,,,,0.5297354929911277,0.5414119445822116,,,,
6,,,avg_rsm_yield,IN-13-0803,2,avg_rsm_z,yield_z,,,,,,,,,0.37431123919012244,0.29430175829549204,,,,
10,,,avg_rsm_yield,IN-13-0803,2,avg_rsm_z,yield_z,,,,,,,,,0.5494803013147658,0.4361608538938084,,,,
6,,,avg_rsm_yield,IN-13-0804,2,avg_rsm_z,yield_z,,,,,,,,,0.30401339930053467,0.32164894136959354,,,,
10,,,avg_rsm_yield,IN-13-0804,2,avg_rsm_z,yield_z,,,,,,,,,0.2659912888554764,0.34722675673855763,,,,
6,,,avg_rsm_yield,IN-13-0805,2,avg_rsm_z,yield_z,,,,,,,,,0.3357413340497211,0.0010492576446608753,,,,
10,,,avg_rsm_yield,IN-13-0805,2,avg_rsm_z,yield_z,,,,,,,,,0.32539192853453147,-0.37840824895569275,,,,
6,,,avg_rsm_yield,IN-13-0806,2,avg_rsm_z,yield_z,,,,,,,,,0.13572901060239462,-0.05451102686159333,,,,
10,,,avg_rsm_yield,IN-13-0806,2,avg_rsm_z,yield_z,,,,,,,,,0.22995351854157658,-0.1383294327951532,,,,
6,,,avg_rsm_yield,IN-13-0807,2,avg_rsm_z,yield_z,,,,,,,,,0.2173779613612496,0.4456650825238862,,,,
10,,,avg_rsm_yield,IN-13-0807,2,avg_rsm_z,yield_z,,,,,,,,,0.42354660700684466,0.5239659560813852,,,,
6,,,avg_rsm_yield,IN-13-0810,2,avg_rsm_z,yield_z,,,,,,,,,0.2690146500593154,0.4074142020024161,,,,
10,,,avg_rsm_yield,IN-13-0810,2,avg_rsm_z,yield_z,,,,,,,,,0.19493398007472643,0.4482525026227944,,,,
6,,,avg_rsm_yield,IN-13-0814,2,avg_rsm_z,yield_z,,,,,,,,,0.15575607792190577,0.16765673596121194,,,,
10,,,avg_rsm_yield,IN-13-0814,2,avg_rsm_z,yield_z,,,,,,,,,0.3426333838331051,0.21099779030870008,,,,
6,,,avg_rsm_yield,IN-13-0816,2,avg_rsm_z,yield_z,,,,,,,,,-0.3072306986348525,0.20309534954792596,,,,
10,,,avg_rsm_yield,IN-13-0816,2,avg_rsm_z,yield_z,,,,,,,,,-0.183890753873114,0.3291914826023993,,,,
6,,,avg_rsm_yield,IN-13-0817,2,avg_rsm_z,yield_z,,,,,,,,,-0.23941678067320032,-0.055875762132803465,,,,
10,,,avg_rsm_yield,IN-13-0817,2,avg_rsm_z,yield_z,,,,,,,,,-0.1867553173213738,-0.23088778249033098,,,,
6,,,avg_rsm_yield,IN-13-0819,2,avg_rsm_z,yield_z,,,,,,,,,-0.23790133189031856,-0.10195247027876755,,,,
10,,,avg_rsm_yield,IN-13-0819,2,avg_rsm_z,yield_z,,,,,,,,,0.02616608582673762,-0.21701581297977426,,,,
6,,,avg_rsm_yield,IN-13-0820,2,avg_rsm_z,yield_z,,,,,,,,,0.3738717843449228,0.2590315718928343,,,,
10,,,avg_rsm_yield,IN-13-0820,2,avg_rsm_z,yield_z,,,,,,,,,0.45699833345215274,0.3130534334399581,,,,
6,,,avg_rsm_yield,IN-13-0824,2,avg_rsm_z,yield_z,,,,,,,,,-0.22238392912523372,-0.2285880594202569,,,,
10,,,avg_rsm_yield,IN-13-0824,2,avg_rsm_z,yield_z,,,,,,,,,-0.4841088430924251,-0.5366254265242958,,,,
6,,,avg_rsm_yield,IN-14-0001,2,avg_rsm_z,yield_z,,,,,,,,,-0.3056438253102233,0.2114172304523651,,,,
10,,,avg_rsm_yield,IN-14-0001,2,avg_rsm_z,yield_z,,,,,,,,,-0.17746936512610917,0.2030112567711318,,,,
6,,,avg_rsm_yield,IN-14-0002,2,avg_rsm_z,yield_z,,,,,,,,,-0.4846252746349686,0.06522821758461753,,,,
10,,,avg_rsm_yield,IN-14-0002,2,avg_rsm_z,yield_z,,,,,,,,,-0.7352207728371191,-0.022930686323003997,,,,
6,,,avg_rsm_yield,IN-14-0003,2,avg_rsm_z,yield_z,,,,,,,,,-0.5247665831741235,0.06862647235229527,,,,
10,,,avg_rsm_yield,IN-14-0003,2,avg_rsm_z,yield_z,,,,,,,,,-0.6269635442291074,0.10051467503910634,,,,
6,,,avg_rsm_yield,IN-14-0004,2,avg_rsm_z,yield_z,,,,,,,,,-0.32208776236826314,0.1143701464739771,,,,
10,,,avg_rsm_yield,IN-14-0004,2,avg_rsm_z,yield_z,,,,,,,,,-0.1800196115188331,0.16459503277993118,,,,
6,,,avg_rsm_yield,IN-14-0005,2,avg_rsm_z,yield_z,,,,,,,,,-0.5011819336615322,-0.24774935100012133,,,,
10,,,avg_rsm_yield,IN-14-0005,2,avg_rsm_z,yield_z,,,,,,,,,-0.41910859647546916,-0.39559303525812745,,,,
6,,,avg_rsm_yield,IN-14-0006,2,avg_rsm_z,yield_z,,,,,,,,,-0.4569139058917804,-0.2690405129698628,,,,
10,,,avg_rsm_yield,IN-14-0006,2,avg_rsm_z,yield_z,,,,,,,,,-0.6245142490097214,-0.16533043782432183,,,,
6,,,avg_rsm_yield,IN-14-0501,2,avg_rsm_z,yield_z,,,,,,,,,-0.3973917678280224,-0.01859889599487695,,,,
10,,,avg_rsm_yield,IN-14-0501,2,avg_rsm_z,yield_z,,,,,,,,,-0.482003209781212,-0.02958351846735675,,,,
6,,,avg_rsm_yield,IN-14-1055,2,avg_rsm_z,yield_z,,,,,,,,,-0.24855474611295603,-0.3850376180847257,,,,
10,,,avg_rsm_yield,IN-14-1055,2,avg_rsm_z,yield_z,,,,,,,,,-0.019643648992099052,-0.21702302639524787,,,,
6,,,avg_rsm_yield,IN-14-1056,2,avg_rsm_z,yield_z,,,,,,,,,-0.5358728209934128,-0.3843888273010787,,,,
10,,,avg_rsm_yield,IN-14-1056,2,avg_rsm_z,yield_z,,,,,,,,,-0.723720530369156,-0.4531945274188628,,,,
6,,,avg_rsm_yield,IN-14-1059,2,avg_rsm_z,yield_z,,,,,,,,,-0.26410745919703216,-0.21263311232026078,,,,
10,,,avg_rsm_yield,IN-14-1059,2,avg_rsm_z,yield_z,,,,,,,,,-0.3162733866504342,-0.222425518185334,,,,
6,,,avg_rsm_yield,IN-14-1065,2,avg_rsm_z,yield_z,,,,,,,,,-0.13645559281104064,-0.19696230137454013,,,,
10,,,avg_rsm_yield,IN-14-1065,2,avg_rsm_z,yield_z,,,,,,,,,-0.0932821360599865,-0.09610729586314411,,,,
6,,,avg_rsm_yield,IN-14-1066,2,avg_rsm_z,yield_z,,,,,,,,,-0.5072225264814142,0.004470114597377497,,,,
10,,,avg_rsm_yield,IN-14-1066,2,avg_rsm_z,yield_z,,,,,,,,,-0.5880479456466589,0.057543948594085105,,,,
6,,,avg_rsm_yield,IN-14-1067,2,avg_rsm_z,yield_z,,,,,,,,,-0.4807830825172458,-0.3343083074610851,,,,
10,,,avg_rsm_yield,IN-14-1067,2,avg_rsm_z,yield_z,,,,,,,,,-0.5146249182983331,-0.15085947938816407,,,,
6,,,avg_rsm_yield,IN-14-1068,2,avg_rsm_z,yield_z,,,,,,,,,-0.32755407708451567,-0.19620860960752706,,,,
10,,,avg_rsm_yield,IN-14-1068,2,avg_rsm_z,yield_z,,,,,,,,,-0.39395556674723975,-0.3256340595031453,,,,
6,,,avg_rsm_yield,IN-14-1069,2,avg_rsm_z,yield_z,,,,,,,,,-0.44501654922968664,-0.05538562527449219,,,,
10,,,avg_rsm_yield,IN-14-1069,2,avg_rsm_z,yield_z,,,,,,,,,-0.5146704217258358,-0.14778900232806766,,,,
6,,,avg_rsm_yield,IN-14-1070,2,avg_rsm_z,yield_z,,,,,,,,,-0.2186183983052618,-0.20675129930326178,,,,
10,,,avg_rsm_yield,IN-14-1070,2,avg_rsm_z,yield_z,,,,,,,,,-0.3225000296684829,-0.16210889566333744,,,,
6,,,avg_rsm_yield,IN-14-2015,2,avg_rsm_z,yield_z,,,,,,,,,0.04083306827184625,-0.5837226128119494,,,,
6,,,avg_rsm_yield,IN-15-0910,2,avg_rsm_z,yield_z,,,,,,,,,-0.19743311015907059,0.12708618974031327,,,,
10,,,avg_rsm_yield,IN-15-0910,2,avg_rsm_z,yield_z,,,,,,,,,-0.015753586933432394,0.5161986591952404,,,,
6,,,avg_rsm_yield,IN-15-0913,2,avg_rsm_z,yield_z,,,,,,,,,0.37120426556561587,-0.06682729022400087,,,,
10,,,avg_rsm_yield,IN-15-0913,2,avg_rsm_z,yield_z,,,,,,,,,0.4890530176081252,0.13818991916445947,,,,
6,,,avg_rsm_yield,IN-15-0914,2,avg_rsm_z,yield_z,,,,,,,,,0.0822394700665831,-0.18102865058164413,,,,
10,,,avg_rsm_yield,IN-15-0914,2,avg_rsm_z,yield_z,,,,,,,,,0.18258789199781209,-0.15516156713137175,,,,
6,,,avg_rsm_yield,IN-15-0915,2,avg_rsm_z,yield_z,,,,,,,,,-0.18066558906460733,-0.3437481577439991,,,,
10,,,avg_rsm_yield,IN-15-0915,2,avg_rsm_z,yield_z,,,,,,,,,-0.3679733711962582,-0.15815906937557872,,,,
6,,,avg_rsm_yield,IN-15-0916,2,avg_rsm_z,yield_z,,,,,,,,,-0.16526441890961158,-0.39212669309038584,,,,
10,,,avg_rsm_yield,IN-15-0916,2,avg_rsm_z,yield_z,,,,,,,,,-0.18449907183036124,-0.36261323907340426,,,,
6,,,avg_rsm_yield,IN-15-0933,2,avg_rsm_z,yield_z,,,,,,,,,0.13216099498139966,0.2886480639474838,,,,
10,,,avg_rsm_yield,IN-15-0933,2,avg_rsm_z,yield_z,,,,,,,,,0.2748255226725712,0.5096477568933967,,,,
6,,,avg_rsm_yield,IN-15-0937,2,avg_rsm_z,yield_z,,,,,,,,,-0.28340394217271203,0.06661593936080638,,,,
10,,,avg_rsm_yield,IN-15-0937,2,avg_rsm_z,yield_z,,,,,,,,,-0.6179804496376503,0.12631924038972464,,,,
6,,,avg_rsm_yield,IN-15-0938,2,avg_rsm_z,yield_z,,,,,,,,,0.11875447051839153,0.20388938690767752,,,,
10,,,avg_rsm_yield,IN-15-0938,2,avg_rsm_z,yield_z,,,,,,,,,0.31404029651073706,0.21013537226762602,,,,
6,,,avg_rsm_yield,IN-15-0940,2,avg_rsm_z,yield_z,,,,,,,,,-0.27569257184020923,-0.5230198185328465,,,,
10,,,avg_rsm_yield,IN-15-0940,2,avg_rsm_z,yield_z,,,,,,,,,-0.47800341738939556,-0.7118516774467148,,,,
6,,,avg_rsm_yield,IN-15-0941,2,avg_rsm_z,yield_z,,,,,,,,,-0.014113666950513812,-0.33742623317509424,,,,
10,,,avg_rsm_yield,IN-15-0941,2,avg_rsm_z,yield_z,,,,,,,,,0.0958078518601177,-0.24366598708409595,,,,
6,,,avg_rsm_yield,IN-15-0942,2,avg_rsm_z,yield_z,,,,,,,,,0.29498615568546155,-0.22231709474605355,,,,
10,,,avg_rsm_yield,IN-15-0942,2,avg_rsm_z,yield_z,,,,,,,,,0.4629582688425553,-0.1077853926660088,,,,
6,,,avg_rsm_yield,IN-15-0943,2,avg_rsm_z,yield_z,,,,,,,,,-0.44074611530278024,0.03203864927725623,,,,
10,,,avg_rsm_yield,IN-15-0943,2,avg_rsm_z,yield_z,,,,,,,,,-0.5587707992727967,-0.15885457624956356,,,,
6,,,avg_rsm_yield,IN-15-0944,2,avg_rsm_z,yield_z,,,,,,,,,-0.1542259040833162,0.21882572679972784,,,,
10,,,avg_rsm_yield,IN-15-0944,2,avg_rsm_z,yield_z,,,,,,,,,-0.19464369456441094,0.09274953260716062,,,,
6,,,avg_rsm_yield,IN-15-0952,2,avg_rsm_z,yield_z,,,,,,,,,0.531629694866137,-0.3373333486590071,,,,
10,,,avg_rsm_yield,IN-15-0952,2,avg_rsm_z,yield_z,,,,,,,,,0.6246908758657642,-0.6963802617470624,,,,
6,,,avg_rsm_yield,IN-15-0953,2,avg_rsm_z,yield_z,,,,,,,,,0.42305980991469366,-0.205382707773411,,,,
10,,,avg_rsm_yield,IN-15-0953,2,avg_rsm_z,yield_z,,,,,,,,,0.5131501717373366,-0.025010030195206555,,,,
6,,,avg_rsm_yield,IN-15-0954,2,avg_rsm_z,yield_z,,,,,,,,,-0.06239489232621418,-0.005776438383223293,,,,
10,,,avg_rsm_yield,IN-15-0954,2,avg_rsm_z,yield_z,,,,,,,,,-0.09358433484534567,0.20976628806857592,,,,
6,,,avg_rsm_yield,IN-15-0955,2,avg_rsm_z,yield_z,,,,,,,,,-0.38421662243355137,-0.37215738355639577,,,,
10,,,avg_rsm_yield,IN-15-0955,2,avg_rsm_z,yield_z,,,,,,,,,-0.5278396927349229,-0.5630366866536944,,,,
6,,,avg_rsm_yield,IN-15-0957,2,avg_rsm_z,yield_z,,,,,,,,,-0.17599919501213496,-0.4224389021627687,,,,
10,,,avg_rsm_yield,IN-15-0957,2,avg_rsm_z,yield_z,,,,,,,,,-0.19796990134978373,-0.46217887668695107,,,,
6,,,avg_rsm_yield,IN-15-0962,2,avg_rsm_z,yield_z,,,,,,,,,0.07154024039699103,-0.1390687262228776,,,,
10,,,avg_rsm_yield,IN-15-0962,2,avg_rsm_z,yield_z,,,,,,,,,0.2199682473027428,-0.03475847360580038,,,,
6,,,avg_rsm_yield,IN-15-0963,2,avg_rsm_z,yield_z,,,,,,,,,-0.13804011552304907,0.19263645098353327,,,,
10,,,avg_rsm_yield,IN-15-0963,2,avg_rsm_z,yield_z,,,,,,,,,-0.23120926559546312,-0.01993369041274181,,,,
6,,,avg_rsm_yield,IN-15-0964,2,avg_rsm_z,yield_z,,,,,,,,,-0.14492199058712668,0.24979008986549073,,,,
10,,,avg_rsm_yield,IN-15-0964,2,avg_rsm_z,yield_z,,,,,,,,,-0.09388004965683334,0.2243514178916895,,,,
6,,,avg_rsm_yield,IN-15-0965,2,avg_rsm_z,yield_z,,,,,,,,,-0.23120959792280246,-0.37642911805888296,,,,
10,,,avg_rsm_yield,IN-15-0965,2,avg_rsm_z,yield_z,,,,,,,,,-0.15174782730401254,-0.4372593823439767,,,,
6,,,avg_rsm_yield,IN-16-0237,2,avg_rsm_z,yield_z,,,,,,,,,-0.003476221634465276,0.1704698011815263,,,,
10,,,avg_rsm_yield,IN-16-0237,2,avg_rsm_z,yield_z,,,,,,,,,0.015407197648199648,0.34672011467932273,,,,
6,,,avg_rsm_yield,IN-16-0238,2,avg_rsm_z,yield_z,,,,,,,,,0.07650183905264599,-0.3273126614737447,,,,
10,,,avg_rsm_yield,IN-16-0238,2,avg_rsm_z,yield_z,,,,,,,,,0.045637815427167924,-0.251584991742391,,,,
6,,,avg_rsm_yield,IN-16-0239,2,avg_rsm_z,yield_z,,,,,,,,,-0.24354640660839078,-0.445911069954852,,,,
10,,,avg_rsm_yield,IN-16-0239,2,avg_rsm_z,yield_z,,,,,,,,,-0.1777193577490963,-0.5394323972789966,,,,
6,,,avg_rsm_yield,IN-16-0240,2,avg_rsm_z,yield_z,,,,,,,,,0.10763338277932613,-0.11730156561296183,,,,
10,,,avg_rsm_yield,IN-16-0240,2,avg_rsm_z,yield_z,,,,,,,,,0.32113298682972274,0.05063588229251814,,,,
6,,,avg_rsm_yield,IN-16-0241,2,avg_rsm_z,yield_z,,,,,,,,,-0.05951813133220579,-0.05910512258922297,,,,
10,,,avg_rsm_yield,IN-16-0241,2,avg_rsm_z,yield_z,,,,,,,,,0.08783627436969574,-0.001101216587759496,,,,
6,,,avg_rsm_yield,IN-16-0242,2,avg_rsm_z,yield_z,,,,,,,,,-0.26839487704209275,-0.33767589042292495,,,,
10,,,avg_rsm_yield,IN-16-0242,2,avg_rsm_z,yield_z,,,,,,,,,-0.45700573074379547,-0.668865564014341,,,,
6,,,avg_rsm_yield,IN-16-0243,2,avg_rsm_z,yield_z,,,,,,,,,0.10272433367551081,-0.30949052451852166,,,,
10,,,avg_rsm_yield,IN-16-0243,2,avg_rsm_z,yield_z,,,,,,,,,-0.08093791776161167,-0.135861041744382,,,,
6,,,avg_rsm_yield,IN-16-0244,2,avg_rsm_z,yield_z,,,,,,,,,-0.26509919318244596,-0.30804024771196276,,,,
10,,,avg_rsm_yield,IN-16-0244,2,avg_rsm_z,yield_z,,,,,,,,,0.030508894221161365,-0.4110893195622288,,,,
6,,,avg_rsm_yield,IN-16-0527,2,avg_rsm_z,yield_z,,,,,,,,,0.18057175954556254,0.19605054138146144,,,,
10,,,avg_rsm_yield,IN-16-0527,2,avg_rsm_z,yield_z,,,,,,,,,0.4067633170016582,0.3788459186036751,,,,
6,,,avg_rsm_yield,IN-16-1030,2,avg_rsm_z,yield_z,,,,,,,,,0.18700276551774314,-0.23872806229758728,,,,
10,,,avg_rsm_yield,IN-16-1030,2,avg_rsm_z,yield_z,,,,,,,,,0.40217103405094934,-0.14151589952740476,,,,
6,,,avg_rsm_yield,IN-16-1032,2,avg_rsm_z,yield_z,,,,,,,,,-0.23455602477200704,-0.1828327833687672,,,,
10,,,avg_rsm_yield,IN-16-1032,2,avg_rsm_z,yield_z,,,,,,,,,-0.4106617667927922,-0.1488034524542586,,,,
6,,,avg_rsm_yield,IN-16-1043,2,avg_rsm_z,yield_z,,,,,,,,,0.05816717937149456,-0.4178478173740043,,,,
10,,,avg_rsm_yield,IN-16-1043,2,avg_rsm_z,yield_z,,,,,,,,,0.3639207366317728,-0.5527021731982529,,,,
6,,,avg_rsm_yield,IN-17-0601,2,avg_rsm_z,yield_z,,,,,,,,,-0.18932691513721753,-0.03903361537003308,,,,
10,,,avg_rsm_yield,IN-17-0601,2,avg_rsm_z,yield_z,,,,,,,,,0.04749699650125248,0.13181452112364136,,,,
6,,,avg_rsm_yield,IN-17-0602,2,avg_rsm_z,yield_z,,,,,,,,,-0.1370208022361869,-0.2008521794478301,,,,
10,,,avg_rsm_yield,IN-17-0602,2,avg_rsm_z,yield_z,,,,,,,,,-0.19828328827710404,-0.1292264873855678,,,,
6,,,avg_rsm_yield,IN-17-0603,2,avg_rsm_z,yield_z,,,,,,,,,0.1907551599881437,-0.28274410983085596,,,,
10,,,avg_rsm_yield,IN-17-0603,2,avg_rsm_z,yield_z,,,,,,,,,0.3403985562509928,-0.3519801563681223,,,,
6,,,avg_rsm_yield,IN-17-0604,2,avg_rsm_z,yield_z,,,,,,,,,-0.050609390598730195,-0.153920352777956,,,,
10,,,avg_rsm_yield,IN-17-0604,2,avg_rsm_z,yield_z,,,,,,,,,-0.004186278709870106,-0.08053299711966773,,,,
6,,,avg_rsm_yield,IN-17-0605,2,avg_rsm_z,yield_z,,,,,,,,,0.007126657540730441,-0.2053358060441722,,,,
10,,,avg_rsm_yield,IN-17-0605,2,avg_rsm_z,yield_z,,,,,,,,,-0.23328865391905382,-0.22111198993058992,,,,
6,,,avg_rsm_yield,IN-17-0606,2,avg_rsm_z,yield_z,,,,,,,,,-0.04730979271933526,-0.1843767597697171,,,,
10,,,avg_rsm_yield,IN-17-0606,2,avg_rsm_z,yield_z,,,,,,,,,-0.12499770584737817,-0.2176635417425385,,,,
6,,,avg_rsm_yield,IN-17-0607,2,avg_rsm_z,yield_z,,,,,,,,,-0.20404150324058387,0.12069866916207125,,,,
10,,,avg_rsm_yield,IN-17-0607,2,avg_rsm_z,yield_z,,,,,,,,,-0.1324152896980763,0.13151613155837844,,,,
6,,,avg_rsm_yield,IN-17-0608,2,avg_rsm_z,yield_z,,,,,,,,,0.15913533543235517,-0.6193096391062233,,,,
6,,,avg_rsm_yield,IN-17-0609,2,avg_rsm_z,yield_z,,,,,,,,,-0.24487707329453126,0.1664037046716201,,,,
10,,,avg_rsm_yield,IN-17-0609,2,avg_rsm_z,yield_z,,,,,,,,,-0.313971612601023,0.14212406734683328,,,,
6,,,avg_rsm_yield,IN-17-0610,2,avg_rsm_z,yield_z,,,,,,,,,-0.2223565014635346,-0.16744478049487013,,,,
10,,,avg_rsm_yield,IN-17-0610,2,avg_rsm_z,yield_z,,,,,,,,,-0.23989032393740475,-0.1552155087296913,,,,
6,,,avg_rsm_yield,IN-17-0615,2,avg_rsm_z,yield_z,,,,,,,,,-0.12013605908652632,-0.05176397034705278,,,,
10,,,avg_rsm_yield,IN-17-0615,2,avg_rsm_z,yield_z,,,,,,,,,-0.22842270190501757,0.03287913108096945,,,,
6,,,avg_rsm_yield,IN-17-0616,2,avg_rsm_z,yield_z,,,,,,,,,0.36146787665471025,-0.1836666425398119,,,,
10,,,avg_rsm_yield,IN-17-0616,2,avg_rsm_z,yield_z,,,,,,,,,0.5373714513867766,-0.34902690659430824,,,,
6,,,avg_rsm_yield,IN-17-0617,2,avg_rsm_z,yield_z,,,,,,,,,0.23130508927048893,0.2021062146969598,,,,
10,,,avg_rsm_yield,IN-17-0617,2,avg_rsm_z,yield_z,,,,,,,,,0.22017715940565794,0.10790223870694804,,,,
6,,,avg_rsm_yield,IN-17-0618,2,avg_rsm_z,yield_z,,,,,,,,,-0.28180014413069066,-0.1939107263252951,,,,
10,,,avg_rsm_yield,IN-17-0618,2,avg_rsm_z,yield_z,,,,,,,,,-0.3467099135987178,-0.03386573651064337,,,,
6,,,avg_rsm_yield,IN-17-0619,2,avg_rsm_z,yield_z,,,,,,,,,-0.09463960668739377,-0.027629538121968632,,,,
10,,,avg_rsm_yield,IN-17-0619,2,avg_rsm_z,yield_z,,,,,,,,,-0.24740515731935003,0.05226197430068402,,,,
6,,,avg_rsm_yield,IN-17-0620,2,avg_rsm_z,yield_z,,,,,,,,,0.7393205366630636,0.21774264273530633,,,,
10,,,avg_rsm_yield,IN-17-0620,2,avg_rsm_z,yield_z,,,,,,,,,0.788824048013378,0.37972661350191894,,,,
6,,,avg_rsm_yield,IN-17-0621,2,avg_rsm_z,yield_z,,,,,,,,,0.19096821900897165,-0.061718859932332004,,,,
10,,,avg_rsm_yield,IN-17-0621,2,avg_rsm_z,yield_z,,,,,,,,,0.3770408921295117,0.12523840251798385,,,,
6,,,avg_rsm_yield,IN-17-0622,2,avg_rsm_z,yield_z,,,,,,,,,0.25595759404371765,-0.1687264393000772,,,,
10,,,avg_rsm_yield,IN-17-0622,2,avg_rsm_z,yield_z,,,,,,,,,0.44061071770425053,-0.1764895647327709,,,,
6,,,avg_rsm_yield,IN-17-1047,2,avg_rsm_z,yield_z,,,,,,,,,-0.37738701667344854,0.491277065138857,,,,
10,,,avg_rsm_yield,IN-17-1047,2,avg_rsm_z,yield_z,,,,,,,,,-0.4467358598397011,0.567935522522534,,,,
6,,,avg_rsm_yield,IN-17-1048,2,avg_rsm_z,yield_z,,,,,,,,,-0.21536999884883232,0.03352388858655063,,,,
10,,,avg_rsm_yield,IN-17-1048,2,avg_rsm_z,yield_z,,,,,,,,,-0.1266247539304944,0.1759604927886466,,,,
6,,,avg_rsm_yield,IN-17-1050,2,avg_rsm_z,yield_z,,,,,,,,,0.06254409088847704,0.21509939398969583,,,,
10,,,avg_rsm_yield,IN-17-1050,2,avg_rsm_z,yield_z,,,,,,,,,0.2476513917052281,0.4189426910686434,,,,
6,,,avg_rsm_yield,IN-17-1051,2,avg_rsm_z,yield_z,,,,,,,,,0.05896462729845311,-0.29717190030794616,,,,
10,,,avg_rsm_yield,IN-17-1051,2,avg_rsm_z,yield_z,,,,,,,,,0.02238133371018956,-0.24676583894940926,,,,
6,,,avg_rsm_yield,IN-17-2017,2,avg_rsm_z,yield_z,,,,,,,,,0.013960282930245066,-0.31420707986185076,,,,
10,,,avg_rsm_yield,IN-17-2017,2,avg_rsm_z,yield_z,,,,,,,,,-0.16108169485058704,-0.5152883504921457,,,,
6,,,avg_rsm_yield,IN-17-2018,2,avg_rsm_z,yield_z,,,,,,,,,-0.1273442478739684,0.10451785764487506,,,,
10,,,avg_rsm_yield,IN-17-2018,2,avg_rsm_z,yield_z,,,,,,,,,-0.3519592933675585,-0.010796767535350306,,,,
6,,,avg_rsm_yield,IN-17-2019,2,avg_rsm_z,yield_z,,,,,,,,,0.2788095759950695,0.6306414046731079,,,,
10,,,avg_rsm_yield,IN-17-2019,2,avg_rsm_z,yield_z,,,,,,,,,0.32557301163584096,0.5712914656152384,,,,
6,,,avg_rsm_yield,IN-18-0626,2,avg_rsm_z,yield_z,,,,,,,,,-0.3137425166685167,-0.2718692232557087,,,,
10,,,avg_rsm_yield,IN-18-0626,2,avg_rsm_z,yield_z,,,,,,,,,-0.4037657985911256,-0.33233815270520595,,,,
6,,,avg_rsm_yield,IN-18-0627,2,avg_rsm_z,yield_z,,,,,,,,,-0.0678614308129161,-0.05414371310589868,,,,
10,,,avg_rsm_yield,IN-18-0627,2,avg_rsm_z,yield_z,,,,,,,,,0.09923388890430106,0.3617643194121663,,,,
6,,,avg_rsm_yield,IN-18-0628,2,avg_rsm_z,yield_z,,,,,,,,,-0.07687228590857617,-0.058681191605919794,,,,
10,,,avg_rsm_yield,IN-18-0628,2,avg_rsm_z,yield_z,,,,,,,,,-0.13357096981678004,-0.06728271210283968,,,,
6,,,avg_rsm_yield,IN-18-0629,2,avg_rsm_z,yield_z,,,,,,,,,-0.16333970330705,-0.2087159453604334,,,,
10,,,avg_rsm_yield,IN-18-0629,2,avg_rsm_z,yield_z,,,,,,,,,-0.004338873315421124,0.015437460886711824,,,,
6,,,avg_rsm_yield,IN-18-0631,2,avg_rsm_z,yield_z,,,,,,,,,-0.3824747296052695,-0.038536430618808695,,,,
10,,,avg_rsm_yield,IN-18-0631,2,avg_rsm_z,yield_z,,,,,,,,,-0.4553052983343836,-0.05396659168280375,,,,
6,,,avg_rsm_yield,IN-18-0633,2,avg_rsm_z,yield_z,,,,,,,,,-0.2152704161318081,-0.08030075779268937,,,,
10,,,avg_rsm_yield,IN-18-0633,2,avg_rsm_z,yield_z,,,,,,,,,-0.09159438081565394,0.12529724659252742,,,,
6,,,avg_rsm_yield,IN-18-0634,2,avg_rsm_z,yield_z,,,,,,,,,-0.23065841714704444,-0.36917640391524675,,,,
10,,,avg_rsm_yield,IN-18-0634,2,avg_rsm_z,yield_z,,,,,,,,,-0.37822074947767087,-0.42945158485684837,,,,
6,,,avg_rsm_yield,IN-18-0635,2,avg_rsm_z,yield_z,,,,,,,,,-0.4615218189398484,-0.3737801660297265,,,,
10,,,avg_rsm_yield,IN-18-0635,2,avg_rsm_z,yield_z,,,,,,,,,-0.6384239958971974,-0.3994785179403153,,,,
6,,,avg_rsm_yield,IN-18-0636,2,avg_rsm_z,yield_z,,,,,,,,,-0.2063846388586327,-0.4282080808284762,,,,
10,,,avg_rsm_yield,IN-18-0636,2,avg_rsm_z,yield_z,,,,,,,,,-0.27368944830646946,-0.4367543864899527,,,,
6,,,avg_rsm_yield,IN-18-0637,2,avg_rsm_z,yield_z,,,,,,,,,0.0512905076734481,0.15432033847366206,,,,
10,,,avg_rsm_yield,IN-18-0637,2,avg_rsm_z,yield_z,,,,,,,,,0.009427008691363276,0.14636903255314587,,,,
6,,,avg_rsm_yield,IN-20-0056,2,avg_rsm_z,yield_z,,,,,,,,,-0.3898360664528003,-0.17963466810274104,,,,
10,,,avg_rsm_yield,IN-20-0056,2,avg_rsm_z,yield_z,,,,,,,,,-0.47264600915740573,-0.17895335311095004,,,,
6,,,avg_rsm_yield,IN-20-0057,2,avg_rsm_z,yield_z,,,,,,,,,-0.16099723244063163,-0.059624935472714434,,,,
10,,,avg_rsm_yield,IN-20-0057,2,avg_rsm_z,yield_z,,,,,,,,,-0.13944684684615732,-0.016643349829475955,,,,
6,,,avg_rsm_yield,IN-20-0058,2,avg_rsm_z,yield_z,,,,,,,,,0.04920942089009997,-0.08618457292555134,,,,
10,,,avg_rsm_yield,IN-20-0058,2,avg_rsm_z,yield_z,,,,,,,,,0.15544886946955225,-0.022938990959393092,,,,
6,,,avg_rsm_yield,IN-20-0063,2,avg_rsm_z,yield_z,,,,,,,,,-0.4486832619666933,-0.15673603025386956,,,,
10,,,avg_rsm_yield,IN-20-0063,2,avg_rsm_z,yield_z,,,,,,,,,-0.4619893905368472,-0.2498427649074934,,,,
6,,,avg_rsm_yield,IN-20-0520,2,avg_rsm_z,yield_z,,,,,,,,,-0.24358042386752463,-0.2757039465124814,,,,
10,,,avg_rsm_yield,IN-20-0520,2,avg_rsm_z,yield_z,,,,,,,,,-0.164285943705701,-0.11408861628930145,,,,
6,,,avg_tavg_avg_cwb,IN-01-0051,2,avg_tavg_z,avg_cwb_z,,,,,,,,,,,0.3970498770541296,0.14246525390640072,,
10,,,avg_tavg_avg_cwb,IN-01-0051,2,avg_tavg_z,avg_cwb_z,,,,,,,,,,,0.41001656555620525,0.17641950299558937,,
14,,,avg_tavg_avg_cwb,IN-01-0051,2,avg_tavg_z,avg_cwb_z,,,,,,,,,,,0.4704006733666556,0.1894563666325712,,
6,,,avg_tavg_avg_cwb,IN-01-0052,2,avg_tavg_z,avg_cwb_z,,,,,,,,,,,-0.288793045604953,0.15939333875585518,,
10,,,avg_tavg_avg_cwb,IN-01-0052,2,avg_tavg_z,avg_cwb_z,,,,,,,,,,,-0.3841438673614272,0.20121996205568463,,
6,,,avg_tavg_avg_cwb,IN-01-0053,2,avg_tavg_z,avg_cwb_z,,,,,,,,,,,-0.08410876962077989,0.23431440335996867,,
10,,,avg_tavg_avg_cwb,IN-01-0053,2,avg_tavg_z,avg_cwb_z,,,,,,,,,,,-0.3512108994535002,0.33498846892127515,,
6,,,avg_tavg_avg_cwb,IN-02-0902,2,avg_tavg_z,avg_cwb_z,,,,,,,,,,,0.28995255172688517,0.12810516973428426,,
10,,,avg_tavg_avg_cwb,IN-02-0902,2,avg_tavg_z,avg_cwb_z,,,,,,,,,,,0.3263151691045555,0.41203389342131835,,
14,,,avg_tavg_avg_cwb,IN-02-0902,2,avg_tavg_z,avg_cwb_z,,,,,,,,,,,0.4725862265901152,0.3596573992469218,,
6,,,avg_tavg_avg_cwb,IN-02-0903,2,avg_tavg_z,avg_cwb_z,,,,,,,,,,,0.39312672208366595,-0.08542061009448507,,
10,,,avg_tavg_avg_cwb,IN-02-0903,2,avg_tavg_z,avg_cwb_z,,,,,,,,,,,0.4662709197357066,0.12739523185214002,,
14,,,avg_tavg_avg_cwb,IN-02-0903,2,avg_tavg_z,avg_cwb_z,,,,,,,,,,,0.48912101683068954,0.00425872378121028,,
6,,,avg_tavg_avg_cwb,IN-02-0904,2,avg_tavg_z,avg_cwb_z,,,,,,,,,,,0.18233069075224878,-0.15971814818985844,,
10,,,avg_tavg_avg_cwb,IN-02-0904,2,avg_tavg_z,avg_cwb_z,,,,,,,,,,,0.2518559169840339,-0.2284223046467356,,
14,,,avg_tavg_avg_cwb,IN-02-0904,2,avg_tavg_z,avg_cwb_z,,,,,,,,,,,0.4670875247952795,-0.3710779292065243,,
6,,,avg_tavg_avg_cwb,IN-02-0905,2,avg_tavg_z,avg_cwb_z,,,,,,,,,,,0.030516046482570176,0.1097307203866605,,
10,,,avg_tavg_avg_cwb,IN-02-0905,2,avg_tavg_z,avg_cwb_z,,,,,,,,,,,0.14093602240530884,0.04493554889814241,,
14,,,avg_tavg_avg_cwb,IN-02-0905,2,avg_tavg_z,avg_cwb_z,,,,,,,,,,,0.25215374245378364,-0.18151863228606363,,
6,,,avg_tavg_avg_cwb,IN-02-0906,2,avg_tavg_z,avg_cwb_z,,,,,,,,,,,0.24612300404687795,0.03479118752203778,,
10,,,avg_tavg_avg_cwb,IN-02-0906,2,avg_tavg_z,avg_cwb_z,,,,,,,,,,,0.1566072430724847,0.11272372094459374,,
14,,,avg_tavg_avg_cwb,IN-02-0906,2,avg_tavg_z,avg_cwb_z,,,,,,,,,,,0.23472120463942486,0.21304754187539995,,
6,,,avg_tavg_avg_cwb,IN-02-0907,2,avg_tavg_z,avg_cwb_z,,,,,,,,,,,0.21127010305265972,0.00659233124972477,,
10,,,avg_tavg_avg_cwb,IN-02-0907,2,avg_tavg_z,avg_cwb_z,,,,,,,,,,,0.2583031328282341,0.22127191850435599,,
14,,,avg_tavg_avg_cwb,IN-02-0907,2,avg_tavg_z,avg_cwb_z,,,,,,,,,,,0.3826664530251478,0.1969371624771043,,
6,,,avg_tavg_avg_cwb,IN-02-0908,2,avg_tavg_z,avg_cwb_z,,,,,,,,,,,-0.0935685080256804,0.08242927774539487,,
10,,,avg_tavg_avg_cwb,IN-02-0908,2,avg_tavg_z,avg_cwb_z,,,,,,,,,,,-0.015687674295779667,0.16079421680902278,,
14,,,avg_tavg_avg_cwb,IN-02-0908,2,avg_tavg_z,avg_cwb_z,,,,,,,,,,,-0.18284437561564823,0.21108820587532326,,
6,,,avg_tavg_avg_cwb,IN-02-0909,2,avg_tavg_z,avg_cwb_z,,,,,,,,,,,-0.05389793521744792,0.01933197253456534,,
10,,,avg_tavg_avg_cwb,IN-02-0909,2,avg_tavg_z,avg_cwb_z,,,,,,,,,,,0.11220145780724422,0.09610887861038411,,
14,,,avg_tavg_avg_cwb,IN-02-0909,2,avg_tavg_z,avg_cwb_z,,,,,,,,,,,0.05836514685063123,-0.03700370578286525,,
6,,,avg_tavg_avg_cwb,IN-02-0912,2,avg_tavg_z,avg_cwb_z,,,,,,,,,,,-0.06151577951873967,-0.22051290145070612,,
10,,,avg_tavg_avg_cwb,IN-02-0912,2,avg_tavg_z,avg_cwb_z,,,,,,,,,,,0.14722428438614224,-0.1276876134530963,,
14,,,avg_tavg_avg_cwb,IN-02-0912,2,avg_tavg_z,avg_cwb_z,,,,,,,,,,,0.08606917510596998,-0.25456673501122296,,
6,,,avg_tavg_avg_cwb,IN-02-0918,2,avg_tavg_z,avg_cwb_z,,,,,,,,,,,0.1050750869605491,-0.034314444425186476,,
10,,,avg_tavg_avg_cwb,IN-02-0918,2,avg_tavg_z,avg_cwb_z,,,,,,,,,,,0.3432677292092763,0.03639146931117903,,
14,,,avg_tavg_avg_cwb,IN-02-0918,2,avg_tavg_z,avg_cwb_z,,,,,,,,,,,0.22335441304544554,-0.016977515289421093,,
6,,,avg_tavg_avg_cwb,IN-02-0919,2,avg_tavg_z,avg_cwb_z,,,,,,,,,,,-0.08206698586646166,-0.027406207648236813,,
10,,,avg_tavg_avg_cwb,IN-02-0919,2,avg_tavg_z,avg_cwb_z,,,,,,,,,,,0.1687195036215916,-0.0011392080697355382,,
14,,,avg_tavg_avg_cwb,IN-02-0919,2,avg_tavg_z,avg_cwb_z,,,,,,,,,,,0.06829554725488629,-0.01983551694675828,,
6,,,avg_tavg_avg_cwb,IN-02-0920,2,avg_tavg_z,avg_cwb_z,,,,,,,,,,,-0.15328979372605836,-0.08674912073215957,,
10,,,avg_tavg_avg_cwb,IN-02-0920,2,avg_tavg_z,avg_cwb_z,,,,,,,,,,,-0.05576252593835288,0.010691201880646779,,
14,,,avg_tavg_avg_cwb,IN-02-0920,2,avg_tavg_z,avg_cwb_z,,,,,,,,,,,-0.21517364317775822,0.015981841996713927,,
6,,,avg_tavg_avg_cwb,IN-02-0921,2,avg_tavg_z,avg_cwb_z,,,,,,,,,,,0.1810782684659908,-0.07768996503463642,,
10,,,avg_tavg_avg_cwb,IN-02-0921,2,avg_tavg_z,avg_cwb_z,,,,,,,,,,,0.30150847928690455,0.11651499545946753,,
14,,,avg_tavg_avg_cwb,IN-02-0921,2,avg_tavg_z,avg_cwb_z,,,,,,,,,,,0.434992111209878,0.2502835373555845,,
6,,,avg_tavg_avg_cwb,IN-02-0922,2,avg_tavg_z,avg_cwb_z,,,,,,,,,,,-0.0013219427675371293,-0.18640634136997272,,
10,,,avg_tavg_avg_cwb,IN-02-0922,2,avg_tavg_z,avg_cwb_z,,,,,,,,,,,0.06111574424241013,-0.10181667363475873,,
14,,,avg_tavg_avg_cwb,IN-02-0922,2,avg_tavg_z,avg_cwb_z,,,,,,,,,,,0.02722988121793405,-0.05879755128068002,,
6,,,avg_tavg_avg_cwb,IN-02-0923,2,avg_tavg_z,avg_cwb_z,,,,,,,,,,,0.221395616209597,-0.10914984312351832,,
10,,,avg_tavg_avg_cwb,IN-02-0923,2,avg_tavg_z,avg_cwb_z,,,,,,,,,,,0.2075125518143283,-0.019191765281855604,,
14,,,avg_tavg_avg_cwb,IN-02-0923,2,avg_tavg_z,avg_cwb_z,,,,,,,,,,,0.25354729677416127,-0.06227297906121123,,
6,,,avg_tavg_avg_cwb,IN-02-0924,2,avg_tavg_z,avg_cwb_z,,,,,,,,,,,0.33172133408599913,0.0528510921506092,,
10,,,avg_tavg_avg_cwb,IN-02-0924,2,avg_tavg_z,avg_cwb_z,,,,,,,,,,,0.3659295775162569,0.1375299133977721,,
14,,,avg_tavg_avg_cwb,IN-02-0924,2,avg_tavg_z,avg_cwb_z,,,,,,,,,,,0.4411249161045293,0.2514541665142581,,
6,,,avg_tavg_avg_cwb,IN-02-0925,2,avg_tavg_z,avg_cwb_z,,,,,,,,,,,0.2860628536260644,0.18938169898077,,
10,,,avg_tavg_avg_cwb,IN-02-0925,2,avg_tavg_z,avg_cwb_z,,,,,,,,,,,0.3385151850270335,0.362993408242592,,
14,,,avg_tavg_avg_cwb,IN-02-0925,2,avg_tavg_z,avg_cwb_z,,,,,,,,,,,0.35250718819750654,0.40316317043840233,,
6,,,avg_tavg_avg_cwb,IN-02-0926,2,avg_tavg_z,avg_cwb_z,,,,,,,,,,,0.3944469991238546,0.08086604255587312,,
10,,,avg_tavg_avg_cwb,IN-02-0926,2,avg_tavg_z,avg_cwb_z,,,,,,,,,,,0.366869625216469,0.18226199495127546,,
14,,,avg_tavg_avg_cwb,IN-02-0926,2,avg_tavg_z,avg_cwb_z,,,,,,,,,,,0.46777840887205835,0.3610857899262382,,
6,,,avg_tavg_avg_cwb,IN-02-0927,2,avg_tavg_z,avg_cwb_z,,,,,,,,,,,0.24654420573818125,0.04992235495779075,,
10,,,avg_tavg_avg_cwb,IN-02-0927,2,avg_tavg_z,avg_cwb_z,,,,,,,,,,,0.07257995360188006,0.13072269514819443,,
14,,,avg_tavg_avg_cwb,IN-02-0927,2,avg_tavg_z,avg_cwb_z,,,,,,,,,,,0.13319022348556564,0.2582742186985315,,
6,,,avg_tavg_avg_cwb,IN-02-0928,2,avg_tavg_z,avg_cwb_z,,,,,,,,,,,0.2859733993319065,0.10003680646203121,,
10,,,avg_tavg_avg_cwb,IN-02-0928,2,avg_tavg_z,avg_cwb_z,,,,,,,,,,,0.3978809978105618,0.38809296250412995,,
14,,,avg_tavg_avg_cwb,IN-02-0928,2,avg_tavg_z,avg_cwb_z,,,,,,,,,,,0.4270449327480105,0.4168647283258566,,
6,,,avg_tavg_avg_cwb,IN-02-0929,2,avg_tavg_z,avg_cwb_z,,,,,,,,,,,0.35053643957147157,0.10857001329284469,,
10,,,avg_tavg_avg_cwb,IN-02-0929,2,avg_tavg_z,avg_cwb_z,,,,,,,,,,,0.42302940359650104,0.35421254291959137,,
14,,,avg_tavg_avg_cwb,IN-02-0929,2,avg_tavg_z,avg_cwb_z,,,,,,,,,,,0.4441086364136438,0.3755197004761423,,
6,,,avg_tavg_avg_cwb,IN-02-0930,2,avg_tavg_z,avg_cwb_z,,,,,,,,,,,0.3381593634658612,-0.10543703939176532,,
10,,,avg_tavg_avg_cwb,IN-02-0930,2,avg_tavg_z,avg_cwb_z,,,,,,,,,,,0.29241144701269756,0.08790569851900046,,
14,,,avg_tavg_avg_cwb,IN-02-0930,2,avg_tavg_z,avg_cwb_z,,,,,,,,,,,0.3176621789417141,-0.04559391195493871,,
6,,,avg_tavg_avg_cwb,IN-02-0931,2,avg_tavg_z,avg_cwb_z,,,,,,,,,,,0.1369141486255811,-0.05595275123263661,,
10,,,avg_tavg_avg_cwb,IN-02-0931,2,avg_tavg_z,avg_cwb_z,,,,,,,,,,,0.17754053855984125,0.06459264670542912,,
14,,,avg_tavg_avg_cwb,IN-02-0931,2,avg_tavg_z,avg_cwb_z,,,,,,,,,,,0.08508140793701166,0.05029866313593871,,
6,,,avg_tavg_avg_cwb,IN-02-0932,2,avg_tavg_z,avg_cwb_z,,,,,,,,,,,-0.07580240139600995,0.3374400940107012,,
10,,,avg_tavg_avg_cwb,IN-02-0932,2,avg_tavg_z,avg_cwb_z,,,,,,,,,,,-0.00019830344106688824,0.2853162018325767,,
14,,,avg_tavg_avg_cwb,IN-02-0932,2,avg_tavg_z,avg_cwb_z,,,,,,,,,,,-0.08869811384031276,0.17600046634780853,,
6,,,avg_tavg_avg_cwb,IN-02-0934,2,avg_tavg_z,avg_cwb_z,,,,,,,,,,,0.06159564216037676,-0.2048975688052112,,
10,,,avg_tavg_avg_cwb,IN-02-0934,2,avg_tavg_z,avg_cwb_z,,,,,,,,,,,0.3399471406871307,-0.13479057201650457,,
14,,,avg_tavg_avg_cwb,IN-02-0934,2,avg_tavg_z,avg_cwb_z,,,,,,,,,,,0.23044410129495288,-0.14043913899424615,,
6,,,avg_tavg_avg_cwb,IN-02-0935,2,avg_tavg_z,avg_cwb_z,,,,,,,,,,,0.16535953045062968,-0.0999490425268554,,
10,,,avg_tavg_avg_cwb,IN-02-0935,2,avg_tavg_z,avg_cwb_z,,,,,,,,,,,0.24120100671087757,-0.1701221244290817,,
14,,,avg_tavg_avg_cwb,IN-02-0935,2,avg_tavg_z,avg_cwb_z,,,,,,,,,,,0.4648815925498777,-0.3597167567460585,,
6,,,avg_tavg_avg_cwb,IN-02-0936,2,avg_tavg_z,avg_cwb_z,,,,,,,,,,,0.0746249851412787,-0.03482545279329738,,
10,,,avg_tavg_avg_cwb,IN-02-0936,2,avg_tavg_z,avg_cwb_z,,,,,,,,,,,0.12037874877667383,-0.08498717587157537,,
14,,,avg_tavg_avg_cwb,IN-02-0936,2,avg_tavg_z,avg_cwb_z,,,,,,,,,,,0.06692791862605463,-0.04193890294560206,,
6,,,avg_tavg_avg_cwb,IN-02-0945,2,avg_tavg_z,avg_cwb_z,,,,,,,,,,,-0.05518138483821772,-0.07286485862095926,,
10,,,avg_tavg_avg_cwb,IN-02-0945,2,avg_tavg_z,avg_cwb_z,,,,,,,,,,,-0.024253240190549148,0.04597152109712532,,
14,,,avg_tavg_avg_cwb,IN-02-0945,2,avg_tavg_z,avg_cwb_z,,,,,,,,,,,0.19439463092804216,-0.029220525440325273,,
6,,,avg_tavg_avg_cwb,IN-02-0946,2,avg_tavg_z,avg_cwb_z,,,,,,,,,,,0.1278344723581287,0.14418761927883353,,
10,,,avg_tavg_avg_cwb,IN-02-0946,2,avg_tavg_z,avg_cwb_z,,,,,,,,,,,0.1608237973919344,0.32998446205955245,,
14,,,avg_tavg_avg_cwb,IN-02-0946,2,avg_tavg_z,avg_cwb_z,,,,,,,,,,,0.21509205366260878,0.3810402458771711,,
6,,,avg_tavg_avg_cwb,IN-02-0947,2,avg_tavg_z,avg_cwb_z,,,,,,,,,,,0.05801672728163132,-0.17498670431453062,,
10,,,avg_tavg_avg_cwb,IN-02-0947,2,avg_tavg_z,avg_cwb_z,,,,,,,,,,,0.22692659638992074,0.1345286501936518,,
14,,,avg_tavg_avg_cwb,IN-02-0947,2,avg_tavg_z,avg_cwb_z,,,,,,,,,,,0.2643717654692304,0.10808135447056857,,
6,,,avg_tavg_avg_cwb,IN-02-0948,2,avg_tavg_z,avg_cwb_z,,,,,,,,,,,0.09635180289710112,-0.1998828294855202,,
10,,,avg_tavg_avg_cwb,IN-02-0948,2,avg_tavg_z,avg_cwb_z,,,,,,,,,,,0.09286517498303518,-0.06067565577317293,,
14,,,avg_tavg_avg_cwb,IN-02-0948,2,avg_tavg_z,avg_cwb_z,,,,,,,,,,,0.08759042417147506,-0.06440145659135019,,
6,,,avg_tavg_avg_cwb,IN-02-0949,2,avg_tavg_z,avg_cwb_z,,,,,,,,,,,-0.2666555762503725,0.1316217448333948,,
10,,,avg_tavg_avg_cwb,IN-02-0949,2,avg_tavg_z,avg_cwb_z,,,,,,,,,,,-0.16316953877926482,0.05858738801015691,,
14,,,avg_tavg_avg_cwb,IN-02-0949,2,avg_tavg_z,avg_cwb_z,,,,,,,,,,,-0.3014563107213462,0.10363393885936922,,
6,,,avg_tavg_avg_cwb,IN-02-0950,2,avg_tavg_z,avg_cwb_z,,,,,,,,,,,-0.025776276562420885,0.023068078102855168,,
10,,,avg_tavg_avg_cwb,IN-02-0950,2,avg_tavg_z,avg_cwb_z,,,,,,,,,,,0.11960523680255378,0.06432216076582245,,
14,,,avg_tavg_avg_cwb,IN-02-0950,2,avg_tavg_z,avg_cwb_z,,,,,,,,,,,0.2802920397908554,0.2840713092451935,,
6,,,avg_tavg_avg_cwb,IN-02-0951,2,avg_tavg_z,avg_cwb_z,,,,,,,,,,,0.016690306134336582,0.024822905471397105,,
10,,,avg_tavg_avg_cwb,IN-02-0951,2,avg_tavg_z,avg_cwb_z,,,,,,,,,,,0.05202434386333443,0.31770870454234373,,
14,,,avg_tavg_avg_cwb,IN-02-0951,2,avg_tavg_z,avg_cwb_z,,,,,,,,,,,0.29383364300347553,0.2582774524427439,,
6,,,avg_tavg_avg_cwb,IN-02-0956,2,avg_tavg_z,avg_cwb_z,,,,,,,,,,,-0.008637025478818842,0.07109092328977032,,
10,,,avg_tavg_avg_cwb,IN-02-0956,2,avg_tavg_z,avg_cwb_z,,,,,,,,,,,0.1702528099914566,0.17795065288339706,,
14,,,avg_tavg_avg_cwb,IN-02-0956,2,avg_tavg_z,avg_cwb_z,,,,,,,,,,,0.2374979178384052,0.1793800053842755,,
6,,,avg_tavg_avg_cwb,IN-02-0958,2,avg_tavg_z,avg_cwb_z,,,,,,,,,,,0.041547349814528976,0.07257406259212237,,
10,,,avg_tavg_avg_cwb,IN-02-0958,2,avg_tavg_z,avg_cwb_z,,,,,,,,,,,0.23988528950380722,0.17452018341096856,,
14,,,avg_tavg_avg_cwb,IN-02-0958,2,avg_tavg_z,avg_cwb_z,,,,,,,,,,,0.22383879125011008,0.20734400403100217,,
6,,,avg_tavg_avg_cwb,IN-02-0960,2,avg_tavg_z,avg_cwb_z,,,,,,,,,,,0.2907564461661639,0.07093989022834155,,
10,,,avg_tavg_avg_cwb,IN-02-0960,2,avg_tavg_z,avg_cwb_z,,,,,,,,,,,0.38591512542584105,0.3728498335826246,,
14,,,avg_tavg_avg_cwb,IN-02-0960,2,avg_tavg_z,avg_cwb_z,,,,,,,,,,,0.4232710550176074,0.35544454689545024,,
6,,,avg_tavg_avg_cwb,IN-02-0961,2,avg_tavg_z,avg_cwb_z,,,,,,,,,,,-0.14883738323144002,-0.35414648320916375,,
10,,,avg_tavg_avg_cwb,IN-02-0961,2,avg_tavg_z,avg_cwb_z,,,,,,,,,,,0.30334455931142573,-0.6343375712367336,,
6,,,avg_tavg_avg_cwb,IN-03-0121,2,avg_tavg_z,avg_cwb_z,,,,,,,,,,,0.06069668744696501,-0.31946104535108366,,
10,,,avg_tavg_avg_cwb,IN-03-0121,2,avg_tavg_z,avg_cwb_z,,,,,,,,,,,-0.2465231774883061,-0.28945207545167073,,
14,,,avg_tavg_avg_cwb,IN-03-0121,2,avg_tavg_z,avg_cwb_z,,,,,,,,,,,-0.01666227041003483,-0.26835762959041437,,
6,,,avg_tavg_avg_cwb,IN-03-0122,2,avg_tavg_z,avg_cwb_z,,,,,,,,,,,0.17911422413559985,0.1458916133344436,,
10,,,avg_tavg_avg_cwb,IN-03-0122,2,avg_tavg_z,avg_cwb_z,,,,,,,,,,,-0.005657128650401505,0.22903682560772679,,
14,,,avg_tavg_avg_cwb,IN-03-0122,2,avg_tavg_z,avg_cwb_z,,,,,,,,,,,0.08725463291977273,0.31118402228694536,,
6,,,avg_tavg_avg_cwb,IN-03-0123,2,avg_tavg_z,avg_cwb_z,,,,,,,,,,,0.05083740782693415,-0.2951688818890478,,
10,,,avg_tavg_avg_cwb,IN-03-0123,2,avg_tavg_z,avg_cwb_z,,,,,,,,,,,0.02570260216459973,-0.27400474735512603,,
14,,,avg_tavg_avg_cwb,IN-03-0123,2,avg_tavg_z,avg_cwb_z,,,,,,,,,,,0.2792357385124505,-0.43740676978408144,,
6,,,avg_tavg_avg_cwb,IN-03-0124,2,avg_tavg_z,avg_cwb_z,,,,,,,,,,,-0.35462131359905075,-0.3534706701148953,,
10,,,avg_tavg_avg_cwb,IN-03-0124,2,avg_tavg_z,avg_cwb_z,,,,,,,,,,,-0.41348739549306474,-0.25492636664582,,
14,,,avg_tavg_avg_cwb,IN-03-0124,2,avg_tavg_z,avg_cwb_z,,,,,,,,,,,-0.23990541198158785,-0.164764043432305,,
6,,,avg_tavg_avg_cwb,IN-03-0125,2,avg_tavg_z,avg_cwb_z,,,,,,,,,,,-0.39259576797888746,-0.29013396349742127,,
10,,,avg_tavg_avg_cwb,IN-03-0125,2,avg_tavg_z,avg_cwb_z,,,,,,,,,,,-0.5776747641048765,-0.18729562580571443,,
14,,,avg_tavg_avg_cwb,IN-03-0125,2,avg_tavg_z,avg_cwb_z,,,,,,,,,,,-0.6944061793780156,-0.2743208703597705,,
6,,,avg_tavg_avg_cwb,IN-03-0126,2,avg_tavg_z,avg_cwb_z,,,,,,,,,,,0.13476154806058036,-0.16626538304759353,,
10,,,avg_tavg_avg_cwb,IN-03-0126,2,avg_tavg_z,avg_cwb_z,,,,,,,,,,,-0.05262502781962576,0.03831195221727095,,
14,,,avg_tavg_avg_cwb,IN-03-0126,2,avg_tavg_z,avg_cwb_z,,,,,,,,,,,0.01571217150246932,-0.02929459535920693,,
6,,,avg_tavg_avg_cwb,IN-03-0127,2,avg_tavg_z,avg_cwb_z,,,,,,,,,,,-0.529260873883612,-0.7136392035648301,,
6,,,avg_tavg_avg_cwb,IN-03-0128,2,avg_tavg_z,avg_cwb_z,,,,,,,,,,,-0.23422109290297044,-0.056152721734994235,,
10,,,avg_tavg_avg_cwb,IN-03-0128,2,avg_tavg_z,avg_cwb_z,,,,,,,,,,,-0.29052184251440183,-0.018887153399153516,,
14,,,avg_tavg_avg_cwb,IN-03-0128,2,avg_tavg_z,avg_cwb_z,,,,,,,,,,,-0.34862576122836103,-0.22097496412008377,,
6,,,avg_tavg_avg_cwb,IN-03-0129,2,avg_tavg_z,avg_cwb_z,,,,,,,,,,,-0.19174602182121897,-0.05927910013746135,,
10,,,avg_tavg_avg_cwb,IN-03-0129,2,avg_tavg_z,avg_cwb_z,,,,,,,,,,,-0.36896259050252095,0.13981811685052994,,
14,,,avg_tavg_avg_cwb,IN-03-0129,2,avg_tavg_z,avg_cwb_z,,,,,,,,,,,-0.06827502303688104,0.13152879116202035,,
6,,,avg_tavg_avg_cwb,IN-03-0130,2,avg_tavg_z,avg_cwb_z,,,,,,,,,,,-0.10422398374682722,-0.07052149643761207,,
10,,,avg_tavg_avg_cwb,IN-03-0130,2,avg_tavg_z,avg_cwb_z,,,,,,,,,,,-0.3152284289276769,0.14113214242631275,,
14,,,avg_tavg_avg_cwb,IN-03-0130,2,avg_tavg_z,avg_cwb_z,,,,,,,,,,,-0.10997721772246613,0.23348915225724975,,
6,,,avg_tavg_avg_cwb,IN-03-0131,2,avg_tavg_z,avg_cwb_z,,,,,,,,,,,-0.11449546266072028,0.009702553113469858,,
10,,,avg_tavg_avg_cwb,IN-03-0131,2,avg_tavg_z,avg_cwb_z,,,,,,,,,,,-0.36827846674719594,0.09762755377757595,,
14,,,avg_tavg_avg_cwb,IN-03-0131,2,avg_tavg_z,avg_cwb_z,,,,,,,,,,,-0.40239508416829406,0.14796403270836989,,
6,,,avg_tavg_avg_cwb,IN-03-0132,2,avg_tavg_z,avg_cwb_z,,,,,,,,,,,-0.12262962241568849,-0.22293793418874977,,
10,,,avg_tavg_avg_cwb,IN-03-0132,2,avg_tavg_z,avg_cwb_z,,,,,,,,,,,-0.0775850904434219,-0.22162294034979374,,
14,,,avg_tavg_avg_cwb,IN-03-0132,2,avg_tavg_z,avg_cwb_z,,,,,,,,,,,-0.0464280480648823,-0.47030422095269475,,
6,,,avg_tavg_avg_cwb,IN-03-0133,2,avg_tavg_z,avg_cwb_z,,,,,,,,,,,-0.05627822789741436,0.049668392291005746,,
10,,,avg_tavg_avg_cwb,IN-03-0133,2,avg_tavg_z,avg_cwb_z,,,,,,,,,,,-0.09613949282203545,0.006253339721208069,,
14,,,avg_tavg_avg_cwb,IN-03-0133,2,avg_tavg_z,avg_cwb_z,,,,,,,,,,,0.16533781112119972,0.06192726867514285,,
6,,,avg_tavg_avg_cwb,IN-03-0134,2,avg_tavg_z,avg_cwb_z,,,,,,,,,,,-0.3246050694911254,0.2777118815259646,,
10,,,avg_tavg_avg_cwb,IN-03-0134,2,avg_tavg_z,avg_cwb_z,,,,,,,,,,,-0.40088409536862457,0.27193502475995457,,
14,,,avg_tavg_avg_cwb,IN-03-0134,2,avg_tavg_z,avg_cwb_z,,,,,,,,,,,-0.4797062626542761,0.2237362942372006,,
6,,,avg_tavg_avg_cwb,IN-03-0135,2,avg_tavg_z,avg_cwb_z,,,,,,,,,,,0.0068461466786430055,-0.1116977572325117,,
10,,,avg_tavg_avg_cwb,IN-03-0135,2,avg_tavg_z,avg_cwb_z,,,,,,,,,,,-0.20810116491024178,0.10364983870552655,,
14,,,avg_tavg_avg_cwb,IN-03-0135,2,avg_tavg_z,avg_cwb_z,,,,,,,,,,,-0.0006928564861863995,0.24615079931736267,,
6,,,avg_tavg_avg_cwb,IN-03-0136,2,avg_tavg_z,avg_cwb_z,,,,,,,,,,,-0.08752161962091728,-0.29570798623316147,,
10,,,avg_tavg_avg_cwb,IN-03-0136,2,avg_tavg_z,avg_cwb_z,,,,,,,,,,,-0.17846752248119332,-0.307852206079431,,
14,,,avg_tavg_avg_cwb,IN-03-0136,2,avg_tavg_z,avg_cwb_z,,,,,,,,,,,-0.05473019425310741,-0.3982529014594816,,
6,,,avg_tavg_avg_cwb,IN-03-0137,2,avg_tavg_z,avg_cwb_z,,,,,,,,,,,-0.4214836228553539,-0.3771753745849673,,
10,,,avg_tavg_avg_cwb,IN-03-0137,2,avg_tavg_z,avg_cwb_z,,,,,,,,,,,-0.3085799312976499,-0.3898717801962472,,
14,,,avg_tavg_avg_cwb,IN-03-0137,2,avg_tavg_z,avg_cwb_z,,,,,,,,,,,-0.16014985621037006,-0.33994482364309553,,
6,,,avg_tavg_avg_cwb,IN-03-0138,2,avg_tavg_z,avg_cwb_z,,,,,,,,,,,0.13788870191673994,-0.03741181594299154,,
10,,,avg_tavg_avg_cwb,IN-03-0138,2,avg_tavg_z,avg_cwb_z,,,,,,,,,,,0.12078231135968327,0.060854438149384946,,
14,,,avg_tavg_avg_cwb,IN-03-0138,2,avg_tavg_z,avg_cwb_z,,,,,,,,,,,0.2126661906538351,0.10684457708778876,,
6,,,avg_tavg_avg_cwb,IN-03-0518,2,avg_tavg_z,avg_cwb_z,,,,,,,,,,,-0.017096025907207307,0.03080951118124666,,
10,,,avg_tavg_avg_cwb,IN-03-0518,2,avg_tavg_z,avg_cwb_z,,,,,,,,,,,-0.2790392807482537,-0.045347174853683996,,
14,,,avg_tavg_avg_cwb,IN-03-0518,2,avg_tavg_z,avg_cwb_z,,,,,,,,,,,0.035931522793952245,0.23655676463182757,,
6,,,avg_tavg_avg_cwb,IN-03-1001,2,avg_tavg_z,avg_cwb_z,,,,,,,,,,,-0.23401708314470163,-0.2701236972263818,,
10,,,avg_tavg_avg_cwb,IN-03-1001,2,avg_tavg_z,avg_cwb_z,,,,,,,,,,,-0.40544567757481753,-0.07042773209046913,,
14,,,avg_tavg_avg_cwb,IN-03-1001,2,avg_tavg_z,avg_cwb_z,,,,,,,,,,,-0.5418766285158565,-0.10853623240658179,,
6,,,avg_tavg_avg_cwb,IN-03-1002,2,avg_tavg_z,avg_cwb_z,,,,,,,,,,,-0.1563033501036179,0.45370345329520473,,
10,,,avg_tavg_avg_cwb,IN-03-1002,2,avg_tavg_z,avg_cwb_z,,,,,,,,,,,-0.40937929139066986,0.3839519965732241,,
14,,,avg_tavg_avg_cwb,IN-03-1002,2,avg_tavg_z,avg_cwb_z,,,,,,,,,,,-0.33128601578204053,0.37394338779503683,,
6,,,avg_tavg_avg_cwb,IN-03-1003,2,avg_tavg_z,avg_cwb_z,,,,,,,,,,,-0.007051034183046134,-0.08526024013775535,,
10,,,avg_tavg_avg_cwb,IN-03-1003,2,avg_tavg_z,avg_cwb_z,,,,,,,,,,,-0.27335775499578024,-0.21469011853704179,,
14,,,avg_tavg_avg_cwb,IN-03-1003,2,avg_tavg_z,avg_cwb_z,,,,,,,,,,,-0.0908973031505671,-0.2968991257790178,,
6,,,avg_tavg_avg_cwb,IN-03-1004,2,avg_tavg_z,avg_cwb_z,,,,,,,,,,,-0.40177058880049454,-0.28240764879966246,,
10,,,avg_tavg_avg_cwb,IN-03-1004,2,avg_tavg_z,avg_cwb_z,,,,,,,,,,,-0.25750836220494755,-0.30997908237751964,,
14,,,avg_tavg_avg_cwb,IN-03-1004,2,avg_tavg_z,avg_cwb_z,,,,,,,,,,,-0.14579859521470487,-0.2987466769842339,,
6,,,avg_tavg_avg_cwb,IN-03-1005,2,avg_tavg_z,avg_cwb_z,,,,,,,,,,,-0.018225444635065275,-0.32902490953902863,,
10,,,avg_tavg_avg_cwb,IN-03-1005,2,avg_tavg_z,avg_cwb_z,,,,,,,,,,,0.022235283424300138,-0.34019727358527696,,
14,,,avg_tavg_avg_cwb,IN-03-1005,2,avg_tavg_z,avg_cwb_z,,,,,,,,,,,0.25401091759962663,-0.373467752083538,,
6,,,avg_tavg_avg_cwb,IN-03-1006,2,avg_tavg_z,avg_cwb_z,,,,,,,,,,,-0.2063576350878435,-0.11874146183937269,,
10,,,avg_tavg_avg_cwb,IN-03-1006,2,avg_tavg_z,avg_cwb_z,,,,,,,,,,,-0.3780638886945025,-0.05977152625616646,,
14,,,avg_tavg_avg_cwb,IN-03-1006,2,avg_tavg_z,avg_cwb_z,,,,,,,,,,,-0.1446167219526846,-0.04616250869420423,,
6,,,avg_tavg_avg_cwb,IN-03-2001,2,avg_tavg_z,avg_cwb_z,,,,,,,,,,,-0.33277315959788323,-0.46916813274627955,,
6,,,avg_tavg_avg_cwb,IN-04-0177,2,avg_tavg_z,avg_cwb_z,,,,,,,,,,,0.33335499396465024,0.21269336705533606,,
10,,,avg_tavg_avg_cwb,IN-04-0177,2,avg_tavg_z,avg_cwb_z,,,,,,,,,,,0.4238159271057399,0.16204150486684527,,
14,,,avg_tavg_avg_cwb,IN-04-0177,2,avg_tavg_z,avg_cwb_z,,,,,,,,,,,0.4142517797986082,0.3227915402217011,,
6,,,avg_tavg_avg_cwb,IN-04-0178,2,avg_tavg_z,avg_cwb_z,,,,,,,,,,,0.32091861400249827,0.2702482514043272,,
10,,,avg_tavg_avg_cwb,IN-04-0178,2,avg_tavg_z,avg_cwb_z,,,,,,,,,,,0.39003721536194685,0.295966079741507,,
14,,,avg_tavg_avg_cwb,IN-04-0178,2,avg_tavg_z,avg_cwb_z,,,,,,,,,,,0.4855112312528903,0.3755116498494103,,
6,,,avg_tavg_avg_cwb,IN-04-0179,2,avg_tavg_z,avg_cwb_z,,,,,,,,,,,0.28689625678242275,0.20032697440747987,,
10,,,avg_tavg_avg_cwb,IN-04-0179,2,avg_tavg_z,avg_cwb_z,,,,,,,,,,,0.43281163720919763,0.2035906882844274,,
14,,,avg_tavg_avg_cwb,IN-04-0179,2,avg_tavg_z,avg_cwb_z,,,,,,,,,,,0.4577175735866641,0.337754755585992,,
6,,,avg_tavg_avg_cwb,IN-04-0180,2,avg_tavg_z,avg_cwb_z,,,,,,,,,,,0.23766318303533004,-0.13190650728163802,,
10,,,avg_tavg_avg_cwb,IN-04-0180,2,avg_tavg_z,avg_cwb_z,,,,,,,,,,,0.35566931334044505,-0.18863563155110216,,
14,,,avg_tavg_avg_cwb,IN-04-0180,2,avg_tavg_z,avg_cwb_z,,,,,,,,,,,0.5191343488378621,-0.017706704990937697,,
6,,,avg_tavg_avg_cwb,IN-04-0181,2,avg_tavg_z,avg_cwb_z,,,,,,,,,,,0.37181746933236803,0.24491957115288643,,
10,,,avg_tavg_avg_cwb,IN-04-0181,2,avg_tavg_z,avg_cwb_z,,,,,,,,,,,0.4531353297124709,0.4071071397164937,,
14,,,avg_tavg_avg_cwb,IN-04-0181,2,avg_tavg_z,avg_cwb_z,,,,,,,,,,,0.5253338916475606,0.4944835027490191,,
6,,,avg_tavg_avg_cwb,IN-04-0182,2,avg_tavg_z,avg_cwb_z,,,,,,,,,,,0.28755487453519574,0.2672884429935473,,
10,,,avg_tavg_avg_cwb,IN-04-0182,2,avg_tavg_z,avg_cwb_z,,,,,,,,,,,0.36810076099377487,0.28517101343619294,,
14,,,avg_tavg_avg_cwb,IN-04-0182,2,avg_tavg_z,avg_cwb_z,,,,,,,,,,,0.4296897234759404,0.4264614892881943,,
6,,,avg_tavg_avg_cwb,IN-04-0183,2,avg_tavg_z,avg_cwb_z,,,,,,,,,,,0.021349336908407172,-0.05445716445586861,,
10,,,avg_tavg_avg_cwb,IN-04-0183,2,avg_tavg_z,avg_cwb_z,,,,,,,,,,,0.12384058953595778,-0.02594141772351497,,
14,,,avg_tavg_avg_cwb,IN-04-0183,2,avg_tavg_z,avg_cwb_z,,,,,,,,,,,0.18652941285474692,0.03920090667649355,,
6,,,avg_tavg_avg_cwb,IN-04-0184,2,avg_tavg_z,avg_cwb_z,,,,,,,,,,,0.22154382664183547,0.09896252878075582,,
10,,,avg_tavg_avg_cwb,IN-04-0184,2,avg_tavg_z,avg_cwb_z,,,,,,,,,,,0.3863215514171841,0.18547824616923247,,
14,,,avg_tavg_avg_cwb,IN-04-0184,2,avg_tavg_z,avg_cwb_z,,,,,,,,,,,0.4335803434962019,0.3586391924459768,,
6,,,avg_tavg_avg_cwb,IN-04-0185,2,avg_tavg_z,avg_cwb_z,,,,,,,,,,,0.2185097440779015,0.05605505045363725,,
10,,,avg_tavg_avg_cwb,IN-04-0185,2,avg_tavg_z,avg_cwb_z,,,,,,,,,,,0.307117889363455,0.25481433213274446,,
14,,,avg_tavg_avg_cwb,IN-04-0185,2,avg_tavg_z,avg_cwb_z,,,,,,,,,,,0.4231045318864311,0.35486993884905177,,
6,,,avg_tavg_avg_cwb,IN-04-0186,2,avg_tavg_z,avg_cwb_z,,,,,,,,,,,0.3000738964355713,0.019119133451816758,,
10,,,avg_tavg_avg_cwb,IN-04-0186,2,avg_tavg_z,avg_cwb_z,,,,,,,,,,,0.384026352027112,0.08368644861724651,,
14,,,avg_tavg_avg_cwb,IN-04-0186,2,avg_tavg_z,avg_cwb_z,,,,,,,,,,,0.44448838833817883,0.367493007220395,,
6,,,avg_tavg_avg_cwb,IN-04-0187,2,avg_tavg_z,avg_cwb_z,,,,,,,,,,,0.1146445903040382,-0.11915601861867639,,
10,,,avg_tavg_avg_cwb,IN-04-0187,2,avg_tavg_z,avg_cwb_z,,,,,,,,,,,0.22836049625666469,-0.03119441759733802,,
14,,,avg_tavg_avg_cwb,IN-04-0187,2,avg_tavg_z,avg_cwb_z,,,,,,,,,,,0.33114882922591027,0.1481960309494516,,
6,,,avg_tavg_avg_cwb,IN-04-0188,2,avg_tavg_z,avg_cwb_z,,,,,,,,,,,0.24758733525643178,-0.1679434740636616,,
10,,,avg_tavg_avg_cwb,IN-04-0188,2,avg_tavg_z,avg_cwb_z,,,,,,,,,,,0.24727929615723943,-0.22723729116089092,,
14,,,avg_tavg_avg_cwb,IN-04-0188,2,avg_tavg_z,avg_cwb_z,,,,,,,,,,,0.5136343005630677,-0.04410689214572723,,
6,,,avg_tavg_avg_cwb,IN-04-0523,2,avg_tavg_z,avg_cwb_z,,,,,,,,,,,0.04227896522758588,-0.07339002222795302,,
10,,,avg_tavg_avg_cwb,IN-04-0523,2,avg_tavg_z,avg_cwb_z,,,,,,,,,,,0.1179303375122626,0.11194796488975867,,
14,,,avg_tavg_avg_cwb,IN-04-0523,2,avg_tavg_z,avg_cwb_z,,,,,,,,,,,0.17935113248112589,0.1991826330109218,,
6,,,avg_tavg_avg_cwb,IN-04-0524,2,avg_tavg_z,avg_cwb_z,,,,,,,,,,,0.2950410984059587,0.26307743708144515,,
10,,,avg_tavg_avg_cwb,IN-04-0524,2,avg_tavg_z,avg_cwb_z,,,,,,,,,,,0.41898055343561813,0.4465115173825338,,
14,,,avg_tavg_avg_cwb,IN-04-0524,2,avg_tavg_z,avg_cwb_z,,,,,,,,,,,0.4278554229236871,0.5132673611978753,,
6,,,avg_tavg_avg_cwb,IN-04-0525,2,avg_tavg_z,avg_cwb_z,,,,,,,,,,,0.13042114884311262,-0.09503457364378703,,
10,,,avg_tavg_avg_cwb,IN-04-0525,2,avg_tavg_z,avg_cwb_z,,,,,,,,,,,0.23485251968809404,-0.009305481623053133,,
14,,,avg_tavg_avg_cwb,IN-04-0525,2,avg_tavg_z,avg_cwb_z,,,,,,,,,,,0.3236391771004656,0.22783753372994991,,
6,,,avg_tavg_avg_cwb,IN-04-0526,2,avg_tavg_z,avg_cwb_z,,,,,,,,,,,0.24039584282512858,-0.11169476165729433,,
10,,,avg_tavg_avg_cwb,IN-04-0526,2,avg_tavg_z,avg_cwb_z,,,,,,,,,,,0.37489947592580863,-0.18108475221419712,,
14,,,avg_tavg_avg_cwb,IN-04-0526,2,avg_tavg_z,avg_cwb_z,,,,,,,,,,,0.4587114473678195,-0.04195043963309777,,
6,,,avg_tavg_avg_cwb,IN-04-1007,2,avg_tavg_z,avg_cwb_z,,,,,,,,,,,0.30079667862437065,0.25635886733856006,,
10,,,avg_tavg_avg_cwb,IN-04-1007,2,avg_tavg_z,avg_cwb_z,,,,,,,,,,,0.431976068302607,0.31104002969887057,,
14,,,avg_tavg_avg_cwb,IN-04-1007,2,avg_tavg_z,avg_cwb_z,,,,,,,,,,,0.4168395453055093,0.44070669925789147,,
6,,,avg_tavg_avg_cwb,IN-04-1008,2,avg_tavg_z,avg_cwb_z,,,,,,,,,,,0.26402767327880616,-0.012135052818081365,,
10,,,avg_tavg_avg_cwb,IN-04-1008,2,avg_tavg_z,avg_cwb_z,,,,,,,,,,,0.38076627617649156,-0.089273770229692,,
14,,,avg_tavg_avg_cwb,IN-04-1008,2,avg_tavg_z,avg_cwb_z,,,,,,,,,,,0.4514988571833337,0.06982740307678262,,
6,,,avg_tavg_avg_cwb,IN-04-1009,2,avg_tavg_z,avg_cwb_z,,,,,,,,,,,-0.029663588850817685,-0.23352925948803768,,
10,,,avg_tavg_avg_cwb,IN-04-1009,2,avg_tavg_z,avg_cwb_z,,,,,,,,,,,-0.0821135956678898,-0.15489383719083008,,
14,,,avg_tavg_avg_cwb,IN-04-1009,2,avg_tavg_z,avg_cwb_z,,,,,,,,,,,0.01154009484822241,-0.06669886669417326,,
6,,,avg_tavg_avg_cwb,IN-04-2002,2,avg_tavg_z,avg_cwb_z,,,,,,,,,,,-0.18645672443596298,-0.2152500542329004,,
10,,,avg_tavg_avg_cwb,IN-04-2002,2,avg_tavg_z,avg_cwb_z,,,,,,,,,,,-0.1922740102215321,-0.24506774745004475,,
6,,,avg_tavg_avg_cwb,IN-04-2003,2,avg_tavg_z,avg_cwb_z,,,,,,,,,,,-0.4478641170276106,-0.7227165029031631,,
6,,,avg_tavg_avg_cwb,IN-05-0072,2,avg_tavg_z,avg_cwb_z,,,,,,,,,,,-0.22470324593789223,-0.054218130437635036,,
10,,,avg_tavg_avg_cwb,IN-05-0072,2,avg_tavg_z,avg_cwb_z,,,,,,,,,,,-0.09377638459030088,-0.012706814754525324,,
14,,,avg_tavg_avg_cwb,IN-05-0072,2,avg_tavg_z,avg_cwb_z,,,,,,,,,,,-0.17224296050593066,-0.0809613774021619,,
6,,,avg_tavg_avg_cwb,IN-05-0073,2,avg_tavg_z,avg_cwb_z,,,,,,,,,,,-0.040758987475505305,-0.13893803115025533,,
10,,,avg_tavg_avg_cwb,IN-05-0073,2,avg_tavg_z,avg_cwb_z,,,,,,,,,,,-0.020300415080857614,-0.3069868049155377,,
14,,,avg_tavg_avg_cwb,IN-05-0073,2,avg_tavg_z,avg_cwb_z,,,,,,,,,,,0.0010875038155500297,-0.2814314627237964,,
6,,,avg_tavg_avg_cwb,IN-05-0074,2,avg_tavg_z,avg_cwb_z,,,,,,,,,,,0.16345151475967096,0.17814870117100592,,
10,,,avg_tavg_avg_cwb,IN-05-0074,2,avg_tavg_z,avg_cwb_z,,,,,,,,,,,0.21879677319202373,0.15023831046921335,,
14,,,avg_tavg_avg_cwb,IN-05-0074,2,avg_tavg_z,avg_cwb_z,,,,,,,,,,,0.19319647078945898,0.14338025199580043,,
6,,,avg_tavg_avg_cwb,IN-05-0075,2,avg_tavg_z,avg_cwb_z,,,,,,,,,,,0.2433707169198557,0.2656633390736214,,
10,,,avg_tavg_avg_cwb,IN-05-0075,2,avg_tavg_z,avg_cwb_z,,,,,,,,,,,0.3241812344599509,0.21154125126566986,,
14,,,avg_tavg_avg_cwb,IN-05-0075,2,avg_tavg_z,avg_cwb_z,,,,,,,,,,,0.28717389460048276,0.2065167717341824,,
6,,,avg_tavg_avg_cwb,IN-05-0076,2,avg_tavg_z,avg_cwb_z,,,,,,,,,,,-0.08111017984864839,-0.14801112988608664,,
10,,,avg_tavg_avg_cwb,IN-05-0076,2,avg_tavg_z,avg_cwb_z,,,,,,,,,,,-0.07390637504167193,-0.29041309105625496,,
14,,,avg_tavg_avg_cwb,IN-05-0076,2,avg_tavg_z,avg_cwb_z,,,,,,,,,,,-0.2495286814437378,-0.23205987984278162,,
6,,,avg_tavg_avg_cwb,IN-05-0077,2,avg_tavg_z,avg_cwb_z,,,,,,,,,,,0.29839851437133075,-0.15028207578826597,,
10,,,avg_tavg_avg_cwb,IN-05-0077,2,avg_tavg_z,avg_cwb_z,,,,,,,,,,,0.5160131588973926,-0.06600621793810373,,
14,,,avg_tavg_avg_cwb,IN-05-0077,2,avg_tavg_z,avg_cwb_z,,,,,,,,,,,0.4835599895138195,-0.33520273817077434,,
6,,,avg_tavg_avg_cwb,IN-05-0078,2,avg_tavg_z,avg_cwb_z,,,,,,,,,,,-0.11350532772292579,-0.21989133688675375,,
10,,,avg_tavg_avg_cwb,IN-05-0078,2,avg_tavg_z,avg_cwb_z,,,,,,,,,,,-0.04662777219260607,-0.35823042745591616,,
14,,,avg_tavg_avg_cwb,IN-05-0078,2,avg_tavg_z,avg_cwb_z,,,,,,,,,,,-0.10234431341031189,-0.3637149051816463,,
6,,,avg_tavg_avg_cwb,IN-05-0079,2,avg_tavg_z,avg_cwb_z,,,,,,,,,,,0.15884187218743412,0.05256690770949031,,
10,,,avg_tavg_avg_cwb,IN-05-0079,2,avg_tavg_z,avg_cwb_z,,,,,,,,,,,0.31191270146840355,0.10170391161024295,,
14,,,avg_tavg_avg_cwb,IN-05-0079,2,avg_tavg_z,avg_cwb_z,,,,,,,,,,,0.312922473004175,-0.0105831648502974,,
6,,,avg_tavg_avg_cwb,IN-05-1010,2,avg_tavg_z,avg_cwb_z,,,,,,,,,,,0.05622534617785689,-0.008014348086043866,,
10,,,avg_tavg_avg_cwb,IN-05-1010,2,avg_tavg_z,avg_cwb_z,,,,,,,,,,,-0.04542048452515208,-0.23808971314592126,,
14,,,avg_tavg_avg_cwb,IN-05-1010,2,avg_tavg_z,avg_cwb_z,,,,,,,,,,,-0.08004208565185433,-0.27743227600796244,,
6,,,avg_tavg_avg_cwb,IN-05-1012,2,avg_tavg_z,avg_cwb_z,,,,,,,,,,,0.026476487976745046,0.318564091441876,,
10,,,avg_tavg_avg_cwb,IN-05-1012,2,avg_tavg_z,avg_cwb_z,,,,,,,,,,,0.1272725608012623,0.4405060530695189,,
14,,,avg_tavg_avg_cwb,IN-05-1012,2,avg_tavg_z,avg_cwb_z,,,,,,,,,,,0.042660037129599454,0.4532781518396366,,
6,,,avg_tavg_avg_cwb,IN-05-1013,2,avg_tavg_z,avg_cwb_z,,,,,,,,,,,0.062087828342999474,0.06459617399669265,,
10,,,avg_tavg_avg_cwb,IN-05-1013,2,avg_tavg_z,avg_cwb_z,,,,,,,,,,,0.04643723196512585,0.03702655782063963,,
14,,,avg_tavg_avg_cwb,IN-05-1013,2,avg_tavg_z,avg_cwb_z,,,,,,,,,,,0.010640108511192521,-0.03003923692606647,,
6,,,avg_tavg_avg_cwb,IN-05-1014,2,avg_tavg_z,avg_cwb_z,,,,,,,,,,,0.19921714351963185,0.316481359590622,,
10,,,avg_tavg_avg_cwb,IN-05-1014,2,avg_tavg_z,avg_cwb_z,,,,,,,,,,,0.22556621943786798,0.43034122663124397,,
14,,,avg_tavg_avg_cwb,IN-05-1014,2,avg_tavg_z,avg_cwb_z,,,,,,,,,,,0.18612952175890984,0.39128947209992904,,
6,,,avg_tavg_avg_cwb,IN-05-1015,2,avg_tavg_z,avg_cwb_z,,,,,,,,,,,-0.16404261718425875,-0.15776743346957162,,
10,,,avg_tavg_avg_cwb,IN-05-1015,2,avg_tavg_z,avg_cwb_z,,,,,,,,,,,-0.17732688958070586,-0.2810385735920827,,
14,,,avg_tavg_avg_cwb,IN-05-1015,2,avg_tavg_z,avg_cwb_z,,,,,,,,,,,-0.31172772696322687,-0.3157596889121859,,
6,,,avg_tavg_avg_cwb,IN-06-0007,2,avg_tavg_z,avg_cwb_z,,,,,,,,,,,-0.055637441847333324,0.20018483886668426,,
10,,,avg_tavg_avg_cwb,IN-06-0007,2,avg_tavg_z,avg_cwb_z,,,,,,,,,,,-0.40728844852139384,-0.11251107728914896,,
14,,,avg_tavg_avg_cwb,IN-06-0007,2,avg_tavg_z,avg_cwb_z,,,,,,,,,,,-0.4217286327053035,0.28272700214410545,,
6,,,avg_tavg_avg_cwb,IN-06-0008,2,avg_tavg_z,avg_cwb_z,,,,,,,,,,,-0.13195195473237312,0.117766994119164,,
10,,,avg_tavg_avg_cwb,IN-06-0008,2,avg_tavg_z,avg_cwb_z,,,,,,,,,,,-0.10455555206460151,0.09381635240820765,,
14,,,avg_tavg_avg_cwb,IN-06-0008,2,avg_tavg_z,avg_cwb_z,,,,,,,,,,,-0.0754820118785591,0.24043205985085056,,
6,,,avg_tavg_avg_cwb,IN-06-0009,2,avg_tavg_z,avg_cwb_z,,,,,,,,,,,-0.1717107722633085,-0.35267155405679923,,
10,,,avg_tavg_avg_cwb,IN-06-0009,2,avg_tavg_z,avg_cwb_z,,,,,,,,,,,-0.1256924699604777,-0.34136016251710155,,
14,,,avg_tavg_avg_cwb,IN-06-0009,2,avg_tavg_z,avg_cwb_z,,,,,,,,,,,0.011422430629524366,-0.46166970898025683,,
6,,,avg_tavg_avg_cwb,IN-06-0010,2,avg_tavg_z,avg_cwb_z,,,,,,,,,,,-0.19700707060861972,-0.04038378809438924,,
10,,,avg_tavg_avg_cwb,IN-06-0010,2,avg_tavg_z,avg_cwb_z,,,,,,,,,,,-0.15064620249395183,-0.08058834184015858,,
14,,,avg_tavg_avg_cwb,IN-06-0010,2,avg_tavg_z,avg_cwb_z,,,,,,,,,,,-0.13460670300921776,0.24598021116191465,,
6,,,avg_tavg_avg_cwb,IN-06-0011,2,avg_tavg_z,avg_cwb_z,,,,,,,,,,,-0.10649696959857809,0.006184384632503831,,
10,,,avg_tavg_avg_cwb,IN-06-0011,2,avg_tavg_z,avg_cwb_z,,,,,,,,,,,-0.2343289962721608,-0.008017730487974564,,
14,,,avg_tavg_avg_cwb,IN-06-0011,2,avg_tavg_z,avg_cwb_z,,,,,,,,,,,-0.020446127814789373,0.2154068767372146,,
6,,,avg_tavg_avg_cwb,IN-06-0012,2,avg_tavg_z,avg_cwb_z,,,,,,,,,,,-0.3249302245928126,-0.11549821566906818,,
10,,,avg_tavg_avg_cwb,IN-06-0012,2,avg_tavg_z,avg_cwb_z,,,,,,,,,,,-0.3101077048606278,-0.04695132828694622,,
14,,,avg_tavg_avg_cwb,IN-06-0012,2,avg_tavg_z,avg_cwb_z,,,,,,,,,,,-0.16518985143211978,0.11385938987547584,,
6,,,avg_tavg_avg_cwb,IN-06-0013,2,avg_tavg_z,avg_cwb_z,,,,,,,,,,,-0.00821618072492045,0.35739898991248614,,
10,,,avg_tavg_avg_cwb,IN-06-0013,2,avg_tavg_z,avg_cwb_z,,,,,,,,,,,-0.22241248249559895,0.3245225966422884,,
14,,,avg_tavg_avg_cwb,IN-06-0013,2,avg_tavg_z,avg_cwb_z,,,,,,,,,,,-0.037217585799029285,0.4940334329021791,,
6,,,avg_tavg_avg_cwb,IN-06-0014,2,avg_tavg_z,avg_cwb_z,,,,,,,,,,,-0.10732132936170939,0.19736478170947638,,
10,,,avg_tavg_avg_cwb,IN-06-0014,2,avg_tavg_z,avg_cwb_z,,,,,,,,,,,-0.0569218084470716,0.18363968592437413,,
14,,,avg_tavg_avg_cwb,IN-06-0014,2,avg_tavg_z,avg_cwb_z,,,,,,,,,,,0.05955111923432419,0.17528219177179824,,
6,,,avg_tavg_avg_cwb,IN-06-0015,2,avg_tavg_z,avg_cwb_z,,,,,,,,,,,0.25072386358089044,0.32168714099244916,,
10,,,avg_tavg_avg_cwb,IN-06-0015,2,avg_tavg_z,avg_cwb_z,,,,,,,,,,,0.48011876720509683,0.3595343256098694,,
14,,,avg_tavg_avg_cwb,IN-06-0015,2,avg_tavg_z,avg_cwb_z,,,,,,,,,,,0.6146938370102594,0.368668749462647,,
6,,,avg_tavg_avg_cwb,IN-06-0016,2,avg_tavg_z,avg_cwb_z,,,,,,,,,,,0.14040858114446145,0.15260664966783627,,
10,,,avg_tavg_avg_cwb,IN-06-0016,2,avg_tavg_z,avg_cwb_z,,,,,,,,,,,0.36064551196352734,0.15865202904865025,,
14,,,avg_tavg_avg_cwb,IN-06-0016,2,avg_tavg_z,avg_cwb_z,,,,,,,,,,,0.5037203251654075,0.11554676612010281,,
6,,,avg_tavg_avg_cwb,IN-06-0017,2,avg_tavg_z,avg_cwb_z,,,,,,,,,,,0.08038025252017544,0.01797002928103978,,
10,,,avg_tavg_avg_cwb,IN-06-0017,2,avg_tavg_z,avg_cwb_z,,,,,,,,,,,0.3354927047219053,0.08550985700502922,,
14,,,avg_tavg_avg_cwb,IN-06-0017,2,avg_tavg_z,avg_cwb_z,,,,,,,,,,,0.41970749634220683,0.020141688211495458,,
6,,,avg_tavg_avg_cwb,IN-06-0018,2,avg_tavg_z,avg_cwb_z,,,,,,,,,,,0.17647947568233677,0.2624619746578423,,
10,,,avg_tavg_avg_cwb,IN-06-0018,2,avg_tavg_z,avg_cwb_z,,,,,,,,,,,0.025266902373075533,0.31272222755702106,,
14,,,avg_tavg_avg_cwb,IN-06-0018,2,avg_tavg_z,avg_cwb_z,,,,,,,,,,,0.17068056717808003,0.35851736464775197,,
6,,,avg_tavg_avg_cwb,IN-06-0019,2,avg_tavg_z,avg_cwb_z,,,,,,,,,,,0.22336202706797917,0.20059593430952968,,
10,,,avg_tavg_avg_cwb,IN-06-0019,2,avg_tavg_z,avg_cwb_z,,,,,,,,,,,0.09778210762464384,0.21595099864529899,,
14,,,avg_tavg_avg_cwb,IN-06-0019,2,avg_tavg_z,avg_cwb_z,,,,,,,,,,,0.3108359241946108,0.29081060248643825,,
6,,,avg_tavg_avg_cwb,IN-06-0020,2,avg_tavg_z,avg_cwb_z,,,,,,,,,,,0.2141180960280516,0.017743449894434427,,
10,,,avg_tavg_avg_cwb,IN-06-0020,2,avg_tavg_z,avg_cwb_z,,,,,,,,,,,0.20144503451016313,-0.022177176081612997,,
14,,,avg_tavg_avg_cwb,IN-06-0020,2,avg_tavg_z,avg_cwb_z,,,,,,,,,,,0.29948868728328654,-0.07235212250956027,,
6,,,avg_tavg_avg_cwb,IN-06-0021,2,avg_tavg_z,avg_cwb_z,,,,,,,,,,,0.3531794580654963,0.140149532469102,,
10,,,avg_tavg_avg_cwb,IN-06-0021,2,avg_tavg_z,avg_cwb_z,,,,,,,,,,,0.27909028359933485,0.08949551430316968,,
14,,,avg_tavg_avg_cwb,IN-06-0021,2,avg_tavg_z,avg_cwb_z,,,,,,,,,,,0.4234532388484863,0.06492112500852938,,
6,,,avg_tavg_avg_cwb,IN-06-0022,2,avg_tavg_z,avg_cwb_z,,,,,,,,,,,0.4956752427547778,0.609211665432157,,
10,,,avg_tavg_avg_cwb,IN-06-0022,2,avg_tavg_z,avg_cwb_z,,,,,,,,,,,0.5831057021468858,0.64247034961016,,
14,,,avg_tavg_avg_cwb,IN-06-0022,2,avg_tavg_z,avg_cwb_z,,,,,,,,,,,0.5172396510341313,0.6971618378407024,,
6,,,avg_tavg_avg_cwb,IN-06-0023,2,avg_tavg_z,avg_cwb_z,,,,,,,,,,,0.3378570745781114,0.4023265572416624,,
10,,,avg_tavg_avg_cwb,IN-06-0023,2,avg_tavg_z,avg_cwb_z,,,,,,,,,,,0.5051674797361461,0.5008873769680345,,
14,,,avg_tavg_avg_cwb,IN-06-0023,2,avg_tavg_z,avg_cwb_z,,,,,,,,,,,0.4866365930631812,0.49198104143217625,,
6,,,avg_tavg_avg_cwb,IN-06-0024,2,avg_tavg_z,avg_cwb_z,,,,,,,,,,,-0.13988830303227323,-0.035312900520915944,,
10,,,avg_tavg_avg_cwb,IN-06-0024,2,avg_tavg_z,avg_cwb_z,,,,,,,,,,,-0.2507172543595638,-0.17150029489972093,,
14,,,avg_tavg_avg_cwb,IN-06-0024,2,avg_tavg_z,avg_cwb_z,,,,,,,,,,,-0.13023151400121719,-0.10835273121087474,,
6,,,avg_tavg_avg_cwb,IN-06-0025,2,avg_tavg_z,avg_cwb_z,,,,,,,,,,,0.5424461762140493,0.6220385042569436,,
10,,,avg_tavg_avg_cwb,IN-06-0025,2,avg_tavg_z,avg_cwb_z,,,,,,,,,,,0.6498045336295675,0.6533995380755674,,
14,,,avg_tavg_avg_cwb,IN-06-0025,2,avg_tavg_z,avg_cwb_z,,,,,,,,,,,0.6270176396135537,0.7035960749140531,,
6,,,avg_tavg_avg_cwb,IN-06-0026,2,avg_tavg_z,avg_cwb_z,,,,,,,,,,,0.46278626342464746,0.5939674841654332,,
10,,,avg_tavg_avg_cwb,IN-06-0026,2,avg_tavg_z,avg_cwb_z,,,,,,,,,,,0.5712927931996417,0.6441534822657691,,
14,,,avg_tavg_avg_cwb,IN-06-0026,2,avg_tavg_z,avg_cwb_z,,,,,,,,,,,0.46489529078464464,0.6495458431349046,,
6,,,avg_tavg_avg_cwb,IN-06-0027,2,avg_tavg_z,avg_cwb_z,,,,,,,,,,,0.5839428170800031,0.6859871582387159,,
10,,,avg_tavg_avg_cwb,IN-06-0027,2,avg_tavg_z,avg_cwb_z,,,,,,,,,,,0.7251108729901652,0.7006231622503657,,
14,,,avg_tavg_avg_cwb,IN-06-0027,2,avg_tavg_z,avg_cwb_z,,,,,,,,,,,0.6924685678433957,0.6940027879460529,,
6,,,avg_tavg_avg_cwb,IN-06-0028,2,avg_tavg_z,avg_cwb_z,,,,,,,,,,,-0.2147553768432336,-0.17779279529447717,,
10,,,avg_tavg_avg_cwb,IN-06-0028,2,avg_tavg_z,avg_cwb_z,,,,,,,,,,,-0.15158574288901194,-0.2529846205250988,,
14,,,avg_tavg_avg_cwb,IN-06-0028,2,avg_tavg_z,avg_cwb_z,,,,,,,,,,,-0.14866122482416647,-0.2214277771042322,,
6,,,avg_tavg_avg_cwb,IN-06-0029,2,avg_tavg_z,avg_cwb_z,,,,,,,,,,,-0.27327231414869535,-0.04317671172772864,,
10,,,avg_tavg_avg_cwb,IN-06-0029,2,avg_tavg_z,avg_cwb_z,,,,,,,,,,,-0.45489938137465746,-0.029024217173267686,,
14,,,avg_tavg_avg_cwb,IN-06-0029,2,avg_tavg_z,avg_cwb_z,,,,,,,,,,,-0.45700257275008216,0.1776477230916405,,
6,,,avg_tavg_avg_cwb,IN-06-0030,2,avg_tavg_z,avg_cwb_z,,,,,,,,,,,-0.25787165311817767,-0.18715448847966543,,
10,,,avg_tavg_avg_cwb,IN-06-0030,2,avg_tavg_z,avg_cwb_z,,,,,,,,,,,-0.25000509315114494,-0.28714134541617187,,
14,,,avg_tavg_avg_cwb,IN-06-0030,2,avg_tavg_z,avg_cwb_z,,,,,,,,,,,-0.25701832229617155,-0.21910403110822746,,
6,,,avg_tavg_avg_cwb,IN-06-0031,2,avg_tavg_z,avg_cwb_z,,,,,,,,,,,-0.32101774950056355,-0.22704274032905752,,
10,,,avg_tavg_avg_cwb,IN-06-0031,2,avg_tavg_z,avg_cwb_z,,,,,,,,,,,-0.5614731344103997,-0.24889821828473274,,
14,,,avg_tavg_avg_cwb,IN-06-0031,2,avg_tavg_z,avg_cwb_z,,,,,,,,,,,-0.4832782386887363,-0.2762090107133021,,
6,,,avg_tavg_avg_cwb,IN-06-0032,2,avg_tavg_z,avg_cwb_z,,,,,,,,,,,-0.07726468992712157,-0.19975531120354723,,
10,,,avg_tavg_avg_cwb,IN-06-0032,2,avg_tavg_z,avg_cwb_z,,,,,,,,,,,0.012239836649262942,-0.2599301480153068,,
14,,,avg_tavg_avg_cwb,IN-06-0032,2,avg_tavg_z,avg_cwb_z,,,,,,,,,,,0.0007859041628495878,-0.25523337684901015,,
6,,,avg_tavg_avg_cwb,IN-06-0033,2,avg_tavg_z,avg_cwb_z,,,,,,,,,,,-0.2349202065286144,0.17789854197985705,,
10,,,avg_tavg_avg_cwb,IN-06-0033,2,avg_tavg_z,avg_cwb_z,,,,,,,,,,,-0.26244924538202424,0.02023252980907291,,
14,,,avg_tavg_avg_cwb,IN-06-0033,2,avg_tavg_z,avg_cwb_z,,,,,,,,,,,-0.2827707452077879,0.20507478265612641,,
6,,,avg_tavg_avg_cwb,IN-06-0034,2,avg_tavg_z,avg_cwb_z,,,,,,,,,,,-0.15469579984317527,0.2351967845712299,,
10,,,avg_tavg_avg_cwb,IN-06-0034,2,avg_tavg_z,avg_cwb_z,,,,,,,,,,,-0.20168860217656398,0.3090024301438559,,
14,,,avg_tavg_avg_cwb,IN-06-0034,2,avg_tavg_z,avg_cwb_z,,,,,,,,,,,-0.09386648017887829,0.4521404229006989,,
6,,,avg_tavg_avg_cwb,IN-06-0035,2,avg_tavg_z,avg_cwb_z,,,,,,,,,,,-0.2523263559249834,-0.3123860881628652,,
10,,,avg_tavg_avg_cwb,IN-06-0035,2,avg_tavg_z,avg_cwb_z,,,,,,,,,,,-0.3138761398747125,-0.27981406098470407,,
14,,,avg_tavg_avg_cwb,IN-06-0035,2,avg_tavg_z,avg_cwb_z,,,,,,,,,,,-0.34265451908936906,-0.3039878500102178,,
6,,,avg_tavg_avg_cwb,IN-06-0036,2,avg_tavg_z,avg_cwb_z,,,,,,,,,,,0.0872771197230037,-0.1482241755422448,,
10,,,avg_tavg_avg_cwb,IN-06-0036,2,avg_tavg_z,avg_cwb_z,,,,,,,,,,,0.12826122090437858,-0.07834515645658045,,
14,,,avg_tavg_avg_cwb,IN-06-0036,2,avg_tavg_z,avg_cwb_z,,,,,,,,,,,0.38857085546179826,0.023638603028122134,,
6,,,avg_tavg_avg_cwb,IN-06-0037,2,avg_tavg_z,avg_cwb_z,,,,,,,,,,,-0.2632491295683486,-0.25953768443691255,,
10,,,avg_tavg_avg_cwb,IN-06-0037,2,avg_tavg_z,avg_cwb_z,,,,,,,,,,,-0.23325153453553185,-0.3591353693918494,,
14,,,avg_tavg_avg_cwb,IN-06-0037,2,avg_tavg_z,avg_cwb_z,,,,,,,,,,,-0.19423642550343398,-0.404402790700985,,
6,,,avg_tavg_avg_cwb,IN-06-0038,2,avg_tavg_z,avg_cwb_z,,,,,,,,,,,-0.19301448319720177,-0.01094853700380693,,
10,,,avg_tavg_avg_cwb,IN-06-0038,2,avg_tavg_z,avg_cwb_z,,,,,,,,,,,-0.2555186782551734,-0.051596570030117285,,
14,,,avg_tavg_avg_cwb,IN-06-0038,2,avg_tavg_z,avg_cwb_z,,,,,,,,,,,-0.2849259723353279,0.1068497908507267,,
6,,,avg_tavg_avg_cwb,IN-06-0039,2,avg_tavg_z,avg_cwb_z,,,,,,,,,,,-0.11919518457481433,0.2837472964404292,,
10,,,avg_tavg_avg_cwb,IN-06-0039,2,avg_tavg_z,avg_cwb_z,,,,,,,,,,,-0.3056882919031048,0.25830415401552564,,
14,,,avg_tavg_avg_cwb,IN-06-0039,2,avg_tavg_z,avg_cwb_z,,,,,,,,,,,-0.157306069907966,0.3495067872458811,,
6,,,avg_tavg_avg_cwb,IN-06-0040,2,avg_tavg_z,avg_cwb_z,,,,,,,,,,,0.185847131791851,-0.08129197909532623,,
10,,,avg_tavg_avg_cwb,IN-06-0040,2,avg_tavg_z,avg_cwb_z,,,,,,,,,,,0.4189938608906056,-0.11700261202822612,,
14,,,avg_tavg_avg_cwb,IN-06-0040,2,avg_tavg_z,avg_cwb_z,,,,,,,,,,,0.4518313491080779,-0.29681520127476435,,
6,,,avg_tavg_avg_cwb,IN-06-0041,2,avg_tavg_z,avg_cwb_z,,,,,,,,,,,-0.37552779254082574,-0.37208556251871633,,
10,,,avg_tavg_avg_cwb,IN-06-0041,2,avg_tavg_z,avg_cwb_z,,,,,,,,,,,-0.37399335382497434,-0.5576810517880404,,
14,,,avg_tavg_avg_cwb,IN-06-0041,2,avg_tavg_z,avg_cwb_z,,,,,,,,,,,-0.4104631629942349,-0.506650583767325,,
6,,,avg_tavg_avg_cwb,IN-06-0042,2,avg_tavg_z,avg_cwb_z,,,,,,,,,,,-0.4032793838989869,-0.43653472659451686,,
10,,,avg_tavg_avg_cwb,IN-06-0042,2,avg_tavg_z,avg_cwb_z,,,,,,,,,,,-0.3950911220853375,-0.5866442983469727,,
14,,,avg_tavg_avg_cwb,IN-06-0042,2,avg_tavg_z,avg_cwb_z,,,,,,,,,,,-0.4902964989482861,-0.5441419257362268,,
6,,,avg_tavg_avg_cwb,IN-06-0043,2,avg_tavg_z,avg_cwb_z,,,,,,,,,,,0.0961747575222254,0.07281363038683149,,
10,,,avg_tavg_avg_cwb,IN-06-0043,2,avg_tavg_z,avg_cwb_z,,,,,,,,,,,0.1255198105476704,0.04658799839899043,,
14,,,avg_tavg_avg_cwb,IN-06-0043,2,avg_tavg_z,avg_cwb_z,,,,,,,,,,,0.21500210289160063,0.054506617285518734,,
6,,,avg_tavg_avg_cwb,IN-06-0502,2,avg_tavg_z,avg_cwb_z,,,,,,,,,,,-0.3313643507298473,-0.10016098618399885,,
10,,,avg_tavg_avg_cwb,IN-06-0502,2,avg_tavg_z,avg_cwb_z,,,,,,,,,,,-0.334712205895055,-0.07520651977224528,,
14,,,avg_tavg_avg_cwb,IN-06-0502,2,avg_tavg_z,avg_cwb_z,,,,,,,,,,,-0.31174752548880724,0.14781447017107327,,
6,,,avg_tavg_avg_cwb,IN-06-1057,2,avg_tavg_z,avg_cwb_z,,,,,,,,,,,0.016016205956143215,-0.17776410504074874,,
10,,,avg_tavg_avg_cwb,IN-06-1057,2,avg_tavg_z,avg_cwb_z,,,,,,,,,,,-0.24446131385016562,-0.3586464372361086,,
14,,,avg_tavg_avg_cwb,IN-06-1057,2,avg_tavg_z,avg_cwb_z,,,,,,,,,,,-0.16358988128969862,-0.2658250548069815,,
6,,,avg_tavg_avg_cwb,IN-06-1058,2,avg_tavg_z,avg_cwb_z,,,,,,,,,,,0.30418581576641757,0.05208626505200149,,
10,,,avg_tavg_avg_cwb,IN-06-1058,2,avg_tavg_z,avg_cwb_z,,,,,,,,,,,0.39497257030128974,0.03699615837412427,,
14,,,avg_tavg_avg_cwb,IN-06-1058,2,avg_tavg_z,avg_cwb_z,,,,,,,,,,,0.5288363386351894,0.09126459692183139,,
6,,,avg_tavg_avg_cwb,IN-06-1060,2,avg_tavg_z,avg_cwb_z,,,,,,,,,,,-0.284519648924768,-0.026066643768917153,,
10,,,avg_tavg_avg_cwb,IN-06-1060,2,avg_tavg_z,avg_cwb_z,,,,,,,,,,,-0.4397754366350194,-0.14421918717265572,,
14,,,avg_tavg_avg_cwb,IN-06-1060,2,avg_tavg_z,avg_cwb_z,,,,,,,,,,,-0.4317605928184095,0.029713020006435397,,
6,,,avg_tavg_avg_cwb,IN-06-1061,2,avg_tavg_z,avg_cwb_z,,,,,,,,,,,0.18798044481327675,0.1498008342749207,,
10,,,avg_tavg_avg_cwb,IN-06-1061,2,avg_tavg_z,avg_cwb_z,,,,,,,,,,,0.04809537381615115,0.0886190266035756,,
14,,,avg_tavg_avg_cwb,IN-06-1061,2,avg_tavg_z,avg_cwb_z,,,,,,,,,,,0.29310806745527984,0.07776936381212869,,
6,,,avg_tavg_avg_cwb,IN-06-1062,2,avg_tavg_z,avg_cwb_z,,,,,,,,,,,-0.2625471838505098,-0.07691177691889887,,
10,,,avg_tavg_avg_cwb,IN-06-1062,2,avg_tavg_z,avg_cwb_z,,,,,,,,,,,-0.4846770270019761,-0.05097634800899098,,
14,,,avg_tavg_avg_cwb,IN-06-1062,2,avg_tavg_z,avg_cwb_z,,,,,,,,,,,-0.39566994038760656,-0.0561475203036038,,
6,,,avg_tavg_avg_cwb,IN-06-1063,2,avg_tavg_z,avg_cwb_z,,,,,,,,,,,0.09792032877061844,0.04371275907765193,,
10,,,avg_tavg_avg_cwb,IN-06-1063,2,avg_tavg_z,avg_cwb_z,,,,,,,,,,,0.1797223657478404,0.09552646439626447,,
14,,,avg_tavg_avg_cwb,IN-06-1063,2,avg_tavg_z,avg_cwb_z,,,,,,,,,,,0.3275044521356753,0.2639804945994988,,
6,,,avg_tavg_avg_cwb,IN-06-1064,2,avg_tavg_z,avg_cwb_z,,,,,,,,,,,0.2573867754243651,0.2651193404831912,,
10,,,avg_tavg_avg_cwb,IN-06-1064,2,avg_tavg_z,avg_cwb_z,,,,,,,,,,,0.044858324514495125,0.2619971097252102,,
14,,,avg_tavg_avg_cwb,IN-06-1064,2,avg_tavg_z,avg_cwb_z,,,,,,,,,,,0.33210684902438725,0.3693628005429409,,
6,,,avg_tavg_avg_cwb,IN-06-1071,2,avg_tavg_z,avg_cwb_z,,,,,,,,,,,-0.12192866386198027,-0.22770843670673177,,
10,,,avg_tavg_avg_cwb,IN-06-1071,2,avg_tavg_z,avg_cwb_z,,,,,,,,,,,-0.02163189341196185,-0.21162163303216436,,
6,,,avg_tavg_avg_cwb,IN-06-1081,2,avg_tavg_z,avg_cwb_z,,,,,,,,,,,-0.1255346622310389,0.30460385860929207,,
10,,,avg_tavg_avg_cwb,IN-06-1081,2,avg_tavg_z,avg_cwb_z,,,,,,,,,,,-0.08201828397803931,0.09150535511991637,,
6,,,avg_tavg_avg_cwb,IN-06-1082,2,avg_tavg_z,avg_cwb_z,,,,,,,,,,,-0.2066843528340514,-0.11158964476026201,,
10,,,avg_tavg_avg_cwb,IN-06-1082,2,avg_tavg_z,avg_cwb_z,,,,,,,,,,,-0.20769924726714856,-0.20891182853673884,,
6,,,avg_tavg_avg_cwb,IN-06-2006,2,avg_tavg_z,avg_cwb_z,,,,,,,,,,,0.16731726729709193,0.6334429800857213,,
6,,,avg_tavg_avg_cwb,IN-06-2007,2,avg_tavg_z,avg_cwb_z,,,,,,,,,,,-0.4636866462788314,-0.1956542634585492,,
6,,,avg_tavg_avg_cwb,IN-07-0096,2,avg_tavg_z,avg_cwb_z,,,,,,,,,,,-0.3367390924446213,-0.48792533836279384,,
10,,,avg_tavg_avg_cwb,IN-07-0096,2,avg_tavg_z,avg_cwb_z,,,,,,,,,,,-0.1036388330078923,-0.41187688587359617,,
6,,,avg_tavg_avg_cwb,IN-07-0099,2,avg_tavg_z,avg_cwb_z,,,,,,,,,,,0.0842412429417648,-0.04056545554925532,,
10,,,avg_tavg_avg_cwb,IN-07-0099,2,avg_tavg_z,avg_cwb_z,,,,,,,,,,,-0.0436801621456409,-0.10013649116344932,,
14,,,avg_tavg_avg_cwb,IN-07-0099,2,avg_tavg_z,avg_cwb_z,,,,,,,,,,,0.09985182082702812,-0.2792044324147581,,
6,,,avg_tavg_avg_cwb,IN-07-0100,2,avg_tavg_z,avg_cwb_z,,,,,,,,,,,-0.23351298777862545,-0.2239036406435611,,
10,,,avg_tavg_avg_cwb,IN-07-0100,2,avg_tavg_z,avg_cwb_z,,,,,,,,,,,-0.13314834594412267,-0.07725968481906342,,
14,,,avg_tavg_avg_cwb,IN-07-0100,2,avg_tavg_z,avg_cwb_z,,,,,,,,,,,-0.06191468478599208,-0.03425304753201704,,
6,,,avg_tavg_avg_cwb,IN-07-0101,2,avg_tavg_z,avg_cwb_z,,,,,,,,,,,-0.18993006985130484,-0.1765435443016952,,
10,,,avg_tavg_avg_cwb,IN-07-0101,2,avg_tavg_z,avg_cwb_z,,,,,,,,,,,-0.165996274416981,-0.03212497423748844,,
14,,,avg_tavg_avg_cwb,IN-07-0101,2,avg_tavg_z,avg_cwb_z,,,,,,,,,,,-0.18166601529757362,0.01035555016712154,,
6,,,avg_tavg_avg_cwb,IN-07-0102,2,avg_tavg_z,avg_cwb_z,,,,,,,,,,,0.08063498523036901,-0.2040178666305578,,
10,,,avg_tavg_avg_cwb,IN-07-0102,2,avg_tavg_z,avg_cwb_z,,,,,,,,,,,0.07341600711241872,-0.08268716850598759,,
14,,,avg_tavg_avg_cwb,IN-07-0102,2,avg_tavg_z,avg_cwb_z,,,,,,,,,,,0.03734056911556873,-0.1264552735961591,,
6,,,avg_tavg_avg_cwb,IN-07-0103,2,avg_tavg_z,avg_cwb_z,,,,,,,,,,,0.04812754790296045,-0.34028051494199135,,
10,,,avg_tavg_avg_cwb,IN-07-0103,2,avg_tavg_z,avg_cwb_z,,,,,,,,,,,0.003206343104638865,-0.40914946889898446,,
14,,,avg_tavg_avg_cwb,IN-07-0103,2,avg_tavg_z,avg_cwb_z,,,,,,,,,,,0.07875622024550663,-0.6009574991391521,,
6,,,avg_tavg_avg_cwb,IN-07-0104,2,avg_tavg_z,avg_cwb_z,,,,,,,,,,,0.03529937183757243,-0.2448025437087507,,
10,,,avg_tavg_avg_cwb,IN-07-0104,2,avg_tavg_z,avg_cwb_z,,,,,,,,,,,0.2942351026379924,-0.24797835448590888,,
14,,,avg_tavg_avg_cwb,IN-07-0104,2,avg_tavg_z,avg_cwb_z,,,,,,,,,,,0.47434582900774497,-0.3644235629759546,,
6,,,avg_tavg_avg_cwb,IN-07-0105,2,avg_tavg_z,avg_cwb_z,,,,,,,,,,,0.2982367900616363,0.021833685486404,,
10,,,avg_tavg_avg_cwb,IN-07-0105,2,avg_tavg_z,avg_cwb_z,,,,,,,,,,,0.4341111785091353,0.050030662107588865,,
14,,,avg_tavg_avg_cwb,IN-07-0105,2,avg_tavg_z,avg_cwb_z,,,,,,,,,,,0.4658184627194702,0.022167389324569232,,
6,,,avg_tavg_avg_cwb,IN-07-0106,2,avg_tavg_z,avg_cwb_z,,,,,,,,,,,0.12755959257444963,0.011151004094282862,,
10,,,avg_tavg_avg_cwb,IN-07-0106,2,avg_tavg_z,avg_cwb_z,,,,,,,,,,,0.28929291904750776,0.1504039402933916,,
14,,,avg_tavg_avg_cwb,IN-07-0106,2,avg_tavg_z,avg_cwb_z,,,,,,,,,,,0.32593012840396696,0.21013297302915374,,
6,,,avg_tavg_avg_cwb,IN-07-0107,2,avg_tavg_z,avg_cwb_z,,,,,,,,,,,0.1964754309888727,0.058364567277002746,,
10,,,avg_tavg_avg_cwb,IN-07-0107,2,avg_tavg_z,avg_cwb_z,,,,,,,,,,,0.2960619262208762,0.13504799014333552,,
14,,,avg_tavg_avg_cwb,IN-07-0107,2,avg_tavg_z,avg_cwb_z,,,,,,,,,,,0.33768603179716966,0.18109752665438025,,
6,,,avg_tavg_avg_cwb,IN-07-0108,2,avg_tavg_z,avg_cwb_z,,,,,,,,,,,-0.13987342860390417,-0.4333340942138544,,
10,,,avg_tavg_avg_cwb,IN-07-0108,2,avg_tavg_z,avg_cwb_z,,,,,,,,,,,-0.24331381571404828,-0.4572273519580463,,
14,,,avg_tavg_avg_cwb,IN-07-0108,2,avg_tavg_z,avg_cwb_z,,,,,,,,,,,-0.2118002327042831,-0.555391777454523,,
6,,,avg_tavg_avg_cwb,IN-07-0109,2,avg_tavg_z,avg_cwb_z,,,,,,,,,,,-0.03988660356513139,-0.31412118503089276,,
10,,,avg_tavg_avg_cwb,IN-07-0109,2,avg_tavg_z,avg_cwb_z,,,,,,,,,,,-0.011289799223841712,-0.36878106402623057,,
14,,,avg_tavg_avg_cwb,IN-07-0109,2,avg_tavg_z,avg_cwb_z,,,,,,,,,,,-0.1331993446087375,-0.5123280272857843,,
6,,,avg_tavg_avg_cwb,IN-07-0110,2,avg_tavg_z,avg_cwb_z,,,,,,,,,,,0.3200574401519449,-0.18135818675399898,,
10,,,avg_tavg_avg_cwb,IN-07-0110,2,avg_tavg_z,avg_cwb_z,,,,,,,,,,,0.4826927179106912,-0.20544468928272033,,
14,,,avg_tavg_avg_cwb,IN-07-0110,2,avg_tavg_z,avg_cwb_z,,,,,,,,,,,0.38884727564018073,-0.3728781762257585,,
6,,,avg_tavg_avg_cwb,IN-07-0111,2,avg_tavg_z,avg_cwb_z,,,,,,,,,,,-0.18275959114091062,-0.33168440960956963,,
10,,,avg_tavg_avg_cwb,IN-07-0111,2,avg_tavg_z,avg_cwb_z,,,,,,,,,,,-0.15824210631415886,-0.3996513339230181,,
14,,,avg_tavg_avg_cwb,IN-07-0111,2,avg_tavg_z,avg_cwb_z,,,,,,,,,,,-0.13003444233077133,-0.3133161423425572,,
6,,,avg_tavg_avg_cwb,IN-07-0112,2,avg_tavg_z,avg_cwb_z,,,,,,,,,,,0.3748834268544442,-0.0328903772774928,,
10,,,avg_tavg_avg_cwb,IN-07-0112,2,avg_tavg_z,avg_cwb_z,,,,,,,,,,,0.520206198369511,0.14974366828165753,,
14,,,avg_tavg_avg_cwb,IN-07-0112,2,avg_tavg_z,avg_cwb_z,,,,,,,,,,,0.4040267115500528,0.17355244613915222,,
6,,,avg_tavg_avg_cwb,IN-07-0113,2,avg_tavg_z,avg_cwb_z,,,,,,,,,,,-0.1476302156553921,-0.3660164223420606,,
10,,,avg_tavg_avg_cwb,IN-07-0113,2,avg_tavg_z,avg_cwb_z,,,,,,,,,,,-0.3817007956197086,-0.35227728720996304,,
14,,,avg_tavg_avg_cwb,IN-07-0113,2,avg_tavg_z,avg_cwb_z,,,,,,,,,,,-0.5225864555045685,-0.43122367905838443,,
6,,,avg_tavg_avg_cwb,IN-07-0114,2,avg_tavg_z,avg_cwb_z,,,,,,,,,,,-0.00027989104790286656,-0.0839046670579457,,
10,,,avg_tavg_avg_cwb,IN-07-0114,2,avg_tavg_z,avg_cwb_z,,,,,,,,,,,0.1086909287550835,-0.18230298949925958,,
14,,,avg_tavg_avg_cwb,IN-07-0114,2,avg_tavg_z,avg_cwb_z,,,,,,,,,,,0.228760268017892,-0.1799464828179497,,
6,,,avg_tavg_avg_cwb,IN-07-0115,2,avg_tavg_z,avg_cwb_z,,,,,,,,,,,-0.19689387611442158,-0.218675058369952,,
10,,,avg_tavg_avg_cwb,IN-07-0115,2,avg_tavg_z,avg_cwb_z,,,,,,,,,,,-0.15557720074896514,-0.25978761625372826,,
14,,,avg_tavg_avg_cwb,IN-07-0115,2,avg_tavg_z,avg_cwb_z,,,,,,,,,,,-0.11893847405008143,-0.42820655339851343,,
6,,,avg_tavg_avg_cwb,IN-07-0116,2,avg_tavg_z,avg_cwb_z,,,,,,,,,,,-0.1799640636731603,-0.17840873153910577,,
10,,,avg_tavg_avg_cwb,IN-07-0116,2,avg_tavg_z,avg_cwb_z,,,,,,,,,,,-0.19159692415016,-0.1365554567803789,,
14,,,avg_tavg_avg_cwb,IN-07-0116,2,avg_tavg_z,avg_cwb_z,,,,,,,,,,,-0.15625194114901214,-0.21850359729564564,,
6,,,avg_tavg_avg_cwb,IN-07-0117,2,avg_tavg_z,avg_cwb_z,,,,,,,,,,,-0.2188297990272324,-0.11950701111538364,,
10,,,avg_tavg_avg_cwb,IN-07-0117,2,avg_tavg_z,avg_cwb_z,,,,,,,,,,,-0.25531596795433925,-0.16174695582190246,,
14,,,avg_tavg_avg_cwb,IN-07-0117,2,avg_tavg_z,avg_cwb_z,,,,,,,,,,,-0.04055345955919461,-0.24203071986641586,,
6,,,avg_tavg_avg_cwb,IN-07-0118,2,avg_tavg_z,avg_cwb_z,,,,,,,,,,,-0.2775357833505406,-0.13039393712185382,,
10,,,avg_tavg_avg_cwb,IN-07-0118,2,avg_tavg_z,avg_cwb_z,,,,,,,,,,,-0.2630932039348313,-0.07391003171680655,,
14,,,avg_tavg_avg_cwb,IN-07-0118,2,avg_tavg_z,avg_cwb_z,,,,,,,,,,,-0.08995814561551649,-0.04560563886104059,,
6,,,avg_tavg_avg_cwb,IN-07-0119,2,avg_tavg_z,avg_cwb_z,,,,,,,,,,,-0.3491836241023393,-0.1825337901877721,,
10,,,avg_tavg_avg_cwb,IN-07-0119,2,avg_tavg_z,avg_cwb_z,,,,,,,,,,,-0.3062694379396797,-0.27817254515219003,,
14,,,avg_tavg_avg_cwb,IN-07-0119,2,avg_tavg_z,avg_cwb_z,,,,,,,,,,,-0.28735084567764557,-0.1686994126757264,,
6,,,avg_tavg_avg_cwb,IN-07-0120,2,avg_tavg_z,avg_cwb_z,,,,,,,,,,,-0.29315666588812694,-0.31847273794345093,,
10,,,avg_tavg_avg_cwb,IN-07-0120,2,avg_tavg_z,avg_cwb_z,,,,,,,,,,,-0.2928336012066668,-0.232077041965128,,
14,,,avg_tavg_avg_cwb,IN-07-0120,2,avg_tavg_z,avg_cwb_z,,,,,,,,,,,-0.4159108437980647,-0.4277622603824615,,
6,,,avg_tavg_avg_cwb,IN-07-0514,2,avg_tavg_z,avg_cwb_z,,,,,,,,,,,-0.18874379418753887,-0.41432080144245803,,
10,,,avg_tavg_avg_cwb,IN-07-0514,2,avg_tavg_z,avg_cwb_z,,,,,,,,,,,-0.26194697856679455,-0.4382853188772343,,
14,,,avg_tavg_avg_cwb,IN-07-0514,2,avg_tavg_z,avg_cwb_z,,,,,,,,,,,-0.3305287655498065,-0.46278208572183,,
6,,,avg_tavg_avg_cwb,IN-07-0515,2,avg_tavg_z,avg_cwb_z,,,,,,,,,,,0.48298656197604106,-0.10111076268184357,,
10,,,avg_tavg_avg_cwb,IN-07-0515,2,avg_tavg_z,avg_cwb_z,,,,,,,,,,,0.6058236284477225,0.0058752915678981,,
14,,,avg_tavg_avg_cwb,IN-07-0515,2,avg_tavg_z,avg_cwb_z,,,,,,,,,,,0.643012156049962,-0.36164860834973406,,
6,,,avg_tavg_avg_cwb,IN-07-0516,2,avg_tavg_z,avg_cwb_z,,,,,,,,,,,-0.25822432791938665,-0.4204671625431041,,
10,,,avg_tavg_avg_cwb,IN-07-0516,2,avg_tavg_z,avg_cwb_z,,,,,,,,,,,-0.25693572528975767,-0.5945379617570112,,
14,,,avg_tavg_avg_cwb,IN-07-0516,2,avg_tavg_z,avg_cwb_z,,,,,,,,,,,-0.4337976817811975,-0.6220961602139894,,
6,,,avg_tavg_avg_cwb,IN-07-1072,2,avg_tavg_z,avg_cwb_z,,,,,,,,,,,-0.3468238048106561,-0.08829919879317952,,
10,,,avg_tavg_avg_cwb,IN-07-1072,2,avg_tavg_z,avg_cwb_z,,,,,,,,,,,-0.3941516121451384,-0.09721168248706065,,
14,,,avg_tavg_avg_cwb,IN-07-1072,2,avg_tavg_z,avg_cwb_z,,,,,,,,,,,-0.4487471557602246,0.0129657573990682,,
6,,,avg_tavg_avg_cwb,IN-07-1073,2,avg_tavg_z,avg_cwb_z,,,,,,,,,,,-0.12043465211260089,-0.30757399608405334,,
10,,,avg_tavg_avg_cwb,IN-07-1073,2,avg_tavg_z,avg_cwb_z,,,,,,,,,,,-0.08225675174685218,-0.3600540373092743,,
14,,,avg_tavg_avg_cwb,IN-07-1073,2,avg_tavg_z,avg_cwb_z,,,,,,,,,,,-0.15682297588785188,-0.3758467779222296,,
6,,,avg_tavg_avg_cwb,IN-07-1074,2,avg_tavg_z,avg_cwb_z,,,,,,,,,,,-0.2136454980058339,0.00770557152900791,,
10,,,avg_tavg_avg_cwb,IN-07-1074,2,avg_tavg_z,avg_cwb_z,,,,,,,,,,,-0.315983850911441,0.1341191288539531,,
14,,,avg_tavg_avg_cwb,IN-07-1074,2,avg_tavg_z,avg_cwb_z,,,,,,,,,,,-0.11872070429784007,0.03308420685319812,,
6,,,avg_tavg_avg_cwb,IN-07-1075,2,avg_tavg_z,avg_cwb_z,,,,,,,,,,,-0.12343559351323811,-0.3916384206036882,,
10,,,avg_tavg_avg_cwb,IN-07-1075,2,avg_tavg_z,avg_cwb_z,,,,,,,,,,,-0.16188013741144253,-0.37299469906142907,,
14,,,avg_tavg_avg_cwb,IN-07-1075,2,avg_tavg_z,avg_cwb_z,,,,,,,,,,,-0.20550407096263892,-0.42834815400575776,,
6,,,avg_tavg_avg_cwb,IN-08-0701,2,avg_tavg_z,avg_cwb_z,,,,,,,,,,,0.18156155954610315,0.13872188856958662,,
10,,,avg_tavg_avg_cwb,IN-08-0701,2,avg_tavg_z,avg_cwb_z,,,,,,,,,,,0.2512369576635495,0.37623760367133985,,
14,,,avg_tavg_avg_cwb,IN-08-0701,2,avg_tavg_z,avg_cwb_z,,,,,,,,,,,0.24279153027811776,0.3948011076651652,,
6,,,avg_tavg_avg_cwb,IN-08-0702,2,avg_tavg_z,avg_cwb_z,,,,,,,,,,,0.2913606474935773,0.09346303299250698,,
10,,,avg_tavg_avg_cwb,IN-08-0702,2,avg_tavg_z,avg_cwb_z,,,,,,,,,,,0.06246003566120484,0.2618386264880414,,
14,,,avg_tavg_avg_cwb,IN-08-0702,2,avg_tavg_z,avg_cwb_z,,,,,,,,,,,0.25902983280469977,0.1517659975783375,,
6,,,avg_tavg_avg_cwb,IN-08-0703,2,avg_tavg_z,avg_cwb_z,,,,,,,,,,,0.10438614581251623,0.07669968392137037,,
10,,,avg_tavg_avg_cwb,IN-08-0703,2,avg_tavg_z,avg_cwb_z,,,,,,,,,,,0.24020742064697215,0.02564398677429449,,
14,,,avg_tavg_avg_cwb,IN-08-0703,2,avg_tavg_z,avg_cwb_z,,,,,,,,,,,0.2561367434927166,0.22835049942343727,,
6,,,avg_tavg_avg_cwb,IN-08-0704,2,avg_tavg_z,avg_cwb_z,,,,,,,,,,,0.36832655588279867,0.309577421641878,,
10,,,avg_tavg_avg_cwb,IN-08-0704,2,avg_tavg_z,avg_cwb_z,,,,,,,,,,,0.40077107922426647,0.4023074542058997,,
14,,,avg_tavg_avg_cwb,IN-08-0704,2,avg_tavg_z,avg_cwb_z,,,,,,,,,,,0.2901590808516086,0.2827116646870645,,
6,,,avg_tavg_avg_cwb,IN-08-0705,2,avg_tavg_z,avg_cwb_z,,,,,,,,,,,-0.038811022815535015,-0.16029651662302408,,
10,,,avg_tavg_avg_cwb,IN-08-0705,2,avg_tavg_z,avg_cwb_z,,,,,,,,,,,0.2269810810407741,-0.25150519671494287,,
14,,,avg_tavg_avg_cwb,IN-08-0705,2,avg_tavg_z,avg_cwb_z,,,,,,,,,,,0.21229623994888094,-0.3054196063415215,,
6,,,avg_tavg_avg_cwb,IN-08-0706,2,avg_tavg_z,avg_cwb_z,,,,,,,,,,,0.32314405033519134,0.016425798550096394,,
10,,,avg_tavg_avg_cwb,IN-08-0706,2,avg_tavg_z,avg_cwb_z,,,,,,,,,,,0.3475890940167625,0.03917494317569557,,
14,,,avg_tavg_avg_cwb,IN-08-0706,2,avg_tavg_z,avg_cwb_z,,,,,,,,,,,0.5278039128311925,-0.08800870404872725,,
6,,,avg_tavg_avg_cwb,IN-08-0707,2,avg_tavg_z,avg_cwb_z,,,,,,,,,,,0.056448804474264556,-0.25800196333071324,,
10,,,avg_tavg_avg_cwb,IN-08-0707,2,avg_tavg_z,avg_cwb_z,,,,,,,,,,,-0.09875680582381928,-0.17008012453955845,,
14,,,avg_tavg_avg_cwb,IN-08-0707,2,avg_tavg_z,avg_cwb_z,,,,,,,,,,,-0.12676676351126562,-0.22545680713252528,,
6,,,avg_tavg_avg_cwb,IN-08-0708,2,avg_tavg_z,avg_cwb_z,,,,,,,,,,,-0.18478187368463067,0.24774051723401533,,
10,,,avg_tavg_avg_cwb,IN-08-0708,2,avg_tavg_z,avg_cwb_z,,,,,,,,,,,-0.09758320846716614,0.3720006872668157,,
14,,,avg_tavg_avg_cwb,IN-08-0708,2,avg_tavg_z,avg_cwb_z,,,,,,,,,,,0.0019987894874951445,0.3831792245632978,,
6,,,avg_tavg_avg_cwb,IN-08-0709,2,avg_tavg_z,avg_cwb_z,,,,,,,,,,,0.1632270314506326,-0.1403579896616866,,
10,,,avg_tavg_avg_cwb,IN-08-0709,2,avg_tavg_z,avg_cwb_z,,,,,,,,,,,0.13755511877520477,-0.069982073409748,,
14,,,avg_tavg_avg_cwb,IN-08-0709,2,avg_tavg_z,avg_cwb_z,,,,,,,,,,,0.08976896146786938,-0.05993944416245615,,
6,,,avg_tavg_avg_cwb,IN-08-0710,2,avg_tavg_z,avg_cwb_z,,,,,,,,,,,0.15866110279975518,0.21909792958840013,,
10,,,avg_tavg_avg_cwb,IN-08-0710,2,avg_tavg_z,avg_cwb_z,,,,,,,,,,,0.3012248815490852,0.24590678903964847,,
14,,,avg_tavg_avg_cwb,IN-08-0710,2,avg_tavg_z,avg_cwb_z,,,,,,,,,,,0.4478648527251403,0.157442146247262,,
6,,,avg_tavg_avg_cwb,IN-08-0711,2,avg_tavg_z,avg_cwb_z,,,,,,,,,,,-0.16211147030110867,-0.3364613183142656,,
10,,,avg_tavg_avg_cwb,IN-08-0711,2,avg_tavg_z,avg_cwb_z,,,,,,,,,,,-0.1466777420505344,-0.4304345739472776,,
14,,,avg_tavg_avg_cwb,IN-08-0711,2,avg_tavg_z,avg_cwb_z,,,,,,,,,,,0.049582816000243043,-0.4416287434312485,,
6,,,avg_tavg_avg_cwb,IN-08-0712,2,avg_tavg_z,avg_cwb_z,,,,,,,,,,,-0.1678715550541683,-0.15864992734028385,,
10,,,avg_tavg_avg_cwb,IN-08-0712,2,avg_tavg_z,avg_cwb_z,,,,,,,,,,,-0.2286658307916328,0.010382528842830595,,
14,,,avg_tavg_avg_cwb,IN-08-0712,2,avg_tavg_z,avg_cwb_z,,,,,,,,,,,-0.2532945257090692,-0.2620852978069955,,
6,,,avg_tavg_avg_cwb,IN-08-0713,2,avg_tavg_z,avg_cwb_z,,,,,,,,,,,-0.28317346958310535,-0.13226317733950566,,
10,,,avg_tavg_avg_cwb,IN-08-0713,2,avg_tavg_z,avg_cwb_z,,,,,,,,,,,-0.11383210756160145,0.14205768358977594,,
14,,,avg_tavg_avg_cwb,IN-08-0713,2,avg_tavg_z,avg_cwb_z,,,,,,,,,,,-0.3284486839689014,0.0006770040416808315,,
6,,,avg_tavg_avg_cwb,IN-08-0714,2,avg_tavg_z,avg_cwb_z,,,,,,,,,,,0.12775179097739617,-0.32892605681754056,,
10,,,avg_tavg_avg_cwb,IN-08-0714,2,avg_tavg_z,avg_cwb_z,,,,,,,,,,,0.26858603066117587,-0.20151902564803326,,
14,,,avg_tavg_avg_cwb,IN-08-0714,2,avg_tavg_z,avg_cwb_z,,,,,,,,,,,0.31287658412600106,-0.2432634783835713,,
6,,,avg_tavg_avg_cwb,IN-08-0716,2,avg_tavg_z,avg_cwb_z,,,,,,,,,,,0.2495674412647168,-0.2922037251150778,,
10,,,avg_tavg_avg_cwb,IN-08-0716,2,avg_tavg_z,avg_cwb_z,,,,,,,,,,,0.30432183621102726,-0.27945166348616085,,
14,,,avg_tavg_avg_cwb,IN-08-0716,2,avg_tavg_z,avg_cwb_z,,,,,,,,,,,0.3794660036616882,-0.32946883475074384,,
6,,,avg_tavg_avg_cwb,IN-08-0717,2,avg_tavg_z,avg_cwb_z,,,,,,,,,,,0.19640340143924023,-0.08143707157407053,,
10,,,avg_tavg_avg_cwb,IN-08-0717,2,avg_tavg_z,avg_cwb_z,,,,,,,,,,,0.363973949199201,0.25422827468020265,,
14,,,avg_tavg_avg_cwb,IN-08-0717,2,avg_tavg_z,avg_cwb_z,,,,,,,,,,,0.44124558929237495,0.2596626807916474,,
6,,,avg_tavg_avg_cwb,IN-08-0718,2,avg_tavg_z,avg_cwb_z,,,,,,,,,,,0.12294661020792882,-0.3392614989585101,,
10,,,avg_tavg_avg_cwb,IN-08-0718,2,avg_tavg_z,avg_cwb_z,,,,,,,,,,,0.2629255561015936,-0.24253342544323964,,
14,,,avg_tavg_avg_cwb,IN-08-0718,2,avg_tavg_z,avg_cwb_z,,,,,,,,,,,0.3087562111852331,-0.25196378737836944,,
6,,,avg_tavg_avg_cwb,IN-08-0719,2,avg_tavg_z,avg_cwb_z,,,,,,,,,,,0.04887151232813695,0.36418806396044523,,
10,,,avg_tavg_avg_cwb,IN-08-0719,2,avg_tavg_z,avg_cwb_z,,,,,,,,,,,0.12620185476575982,0.4583507508175999,,
14,,,avg_tavg_avg_cwb,IN-08-0719,2,avg_tavg_z,avg_cwb_z,,,,,,,,,,,-0.124198031945261,0.5522390659686109,,
6,,,avg_tavg_avg_cwb,IN-08-0720,2,avg_tavg_z,avg_cwb_z,,,,,,,,,,,-0.062161317407491146,-0.16963418001019645,,
6,,,avg_tavg_avg_cwb,IN-08-0721,2,avg_tavg_z,avg_cwb_z,,,,,,,,,,,0.06786707664551295,-0.16157485147041661,,
10,,,avg_tavg_avg_cwb,IN-08-0721,2,avg_tavg_z,avg_cwb_z,,,,,,,,,,,0.22188317532453014,-0.2686488378338909,,
14,,,avg_tavg_avg_cwb,IN-08-0721,2,avg_tavg_z,avg_cwb_z,,,,,,,,,,,0.4599240751397077,-0.2761460666595608,,
6,,,avg_tavg_avg_cwb,IN-08-0722,2,avg_tavg_z,avg_cwb_z,,,,,,,,,,,-0.31576030674880895,0.07863220610835364,,
10,,,avg_tavg_avg_cwb,IN-08-0722,2,avg_tavg_z,avg_cwb_z,,,,,,,,,,,-0.17973611876709483,0.2742620377278059,,
6,,,avg_tavg_avg_cwb,IN-08-0723,2,avg_tavg_z,avg_cwb_z,,,,,,,,,,,0.05665726170025479,-0.10004076856875706,,
10,,,avg_tavg_avg_cwb,IN-08-0723,2,avg_tavg_z,avg_cwb_z,,,,,,,,,,,0.2354945185677808,-0.13376720975832707,,
14,,,avg_tavg_avg_cwb,IN-08-0723,2,avg_tavg_z,avg_cwb_z,,,,,,,,,,,0.35473901489708937,-0.22124650133715074,,
6,,,avg_tavg_avg_cwb,IN-08-0724,2,avg_tavg_z,avg_cwb_z,,,,,,,,,,,-0.03728478839624811,-0.00447760942235757,,
10,,,avg_tavg_avg_cwb,IN-08-0724,2,avg_tavg_z,avg_cwb_z,,,,,,,,,,,0.04736440428269968,-0.15157063471896765,,
14,,,avg_tavg_avg_cwb,IN-08-0724,2,avg_tavg_z,avg_cwb_z,,,,,,,,,,,0.09741776663274208,-0.1352630730284302,,
6,,,avg_tavg_avg_cwb,IN-08-0725,2,avg_tavg_z,avg_cwb_z,,,,,,,,,,,-0.1711956936129197,-0.35351206369387544,,
10,,,avg_tavg_avg_cwb,IN-08-0725,2,avg_tavg_z,avg_cwb_z,,,,,,,,,,,0.02415680687653831,-0.3171900400920974,,
6,,,avg_tavg_avg_cwb,IN-08-0726,2,avg_tavg_z,avg_cwb_z,,,,,,,,,,,-0.02383229949225333,-0.034640410001545774,,
10,,,avg_tavg_avg_cwb,IN-08-0726,2,avg_tavg_z,avg_cwb_z,,,,,,,,,,,0.12981109216869582,-0.12935189003744907,,
14,,,avg_tavg_avg_cwb,IN-08-0726,2,avg_tavg_z,avg_cwb_z,,,,,,,,,,,0.10144780029811085,-0.09773652835737748,,
6,,,avg_tavg_avg_cwb,IN-08-0728,2,avg_tavg_z,avg_cwb_z,,,,,,,,,,,0.2554070900651111,0.33631746778535654,,
10,,,avg_tavg_avg_cwb,IN-08-0728,2,avg_tavg_z,avg_cwb_z,,,,,,,,,,,0.19155744326278606,0.40016145807742476,,
14,,,avg_tavg_avg_cwb,IN-08-0728,2,avg_tavg_z,avg_cwb_z,,,,,,,,,,,0.3175529917844508,0.3311368656358705,,
6,,,avg_tavg_avg_cwb,IN-08-0729,2,avg_tavg_z,avg_cwb_z,,,,,,,,,,,0.2516435750656559,0.4469616949025455,,
10,,,avg_tavg_avg_cwb,IN-08-0729,2,avg_tavg_z,avg_cwb_z,,,,,,,,,,,0.4065086335086286,0.5501155226384353,,
14,,,avg_tavg_avg_cwb,IN-08-0729,2,avg_tavg_z,avg_cwb_z,,,,,,,,,,,0.5270474152320739,0.5997194512083331,,
6,,,avg_tavg_avg_cwb,IN-08-0730,2,avg_tavg_z,avg_cwb_z,,,,,,,,,,,-0.17044210848521205,-0.23446048199619574,,
10,,,avg_tavg_avg_cwb,IN-08-0730,2,avg_tavg_z,avg_cwb_z,,,,,,,,,,,-0.18087655953049783,-0.02841926427941328,,
14,,,avg_tavg_avg_cwb,IN-08-0730,2,avg_tavg_z,avg_cwb_z,,,,,,,,,,,-0.4417819573919412,-0.3534272873142297,,
6,,,avg_tavg_avg_cwb,IN-08-0731,2,avg_tavg_z,avg_cwb_z,,,,,,,,,,,-0.1304935478495941,0.1195022467977043,,
10,,,avg_tavg_avg_cwb,IN-08-0731,2,avg_tavg_z,avg_cwb_z,,,,,,,,,,,0.1046477288389855,0.000765371119044192,,
14,,,avg_tavg_avg_cwb,IN-08-0731,2,avg_tavg_z,avg_cwb_z,,,,,,,,,,,0.01921808477903185,-0.14292041152605325,,
6,,,avg_tavg_avg_cwb,IN-08-0732,2,avg_tavg_z,avg_cwb_z,,,,,,,,,,,0.27272838671150057,0.31944233160361785,,
10,,,avg_tavg_avg_cwb,IN-08-0732,2,avg_tavg_z,avg_cwb_z,,,,,,,,,,,0.11100105934360552,0.38362070487633104,,
14,,,avg_tavg_avg_cwb,IN-08-0732,2,avg_tavg_z,avg_cwb_z,,,,,,,,,,,0.2880279665001621,0.2487449805425769,,
6,,,avg_tavg_avg_cwb,IN-09-0165,2,avg_tavg_z,avg_cwb_z,,,,,,,,,,,0.2042944058279476,0.24836601320227625,,
10,,,avg_tavg_avg_cwb,IN-09-0165,2,avg_tavg_z,avg_cwb_z,,,,,,,,,,,0.3225061210093763,0.18951530099010389,,
14,,,avg_tavg_avg_cwb,IN-09-0165,2,avg_tavg_z,avg_cwb_z,,,,,,,,,,,0.4259597917549286,0.24053423777680885,,
6,,,avg_tavg_avg_cwb,IN-09-0166,2,avg_tavg_z,avg_cwb_z,,,,,,,,,,,0.3061323953698726,0.35414603189404525,,
10,,,avg_tavg_avg_cwb,IN-09-0166,2,avg_tavg_z,avg_cwb_z,,,,,,,,,,,0.4138505766286551,0.2337274292658496,,
14,,,avg_tavg_avg_cwb,IN-09-0166,2,avg_tavg_z,avg_cwb_z,,,,,,,,,,,0.5416395874586781,0.29097697543089096,,
6,,,avg_tavg_avg_cwb,IN-09-0167,2,avg_tavg_z,avg_cwb_z,,,,,,,,,,,0.31951012969630166,0.05426346213822847,,
10,,,avg_tavg_avg_cwb,IN-09-0167,2,avg_tavg_z,avg_cwb_z,,,,,,,,,,,0.4059428174698427,-0.10207304892016929,,
14,,,avg_tavg_avg_cwb,IN-09-0167,2,avg_tavg_z,avg_cwb_z,,,,,,,,,,,0.6121761333635238,0.1888015938377726,,
6,,,avg_tavg_avg_cwb,IN-09-0168,2,avg_tavg_z,avg_cwb_z,,,,,,,,,,,0.18702413763177886,-0.16298468907987324,,
10,,,avg_tavg_avg_cwb,IN-09-0168,2,avg_tavg_z,avg_cwb_z,,,,,,,,,,,0.24468564922011832,-0.21627853067787112,,
14,,,avg_tavg_avg_cwb,IN-09-0168,2,avg_tavg_z,avg_cwb_z,,,,,,,,,,,0.4405197544782912,-0.08918007478857044,,
6,,,avg_tavg_avg_cwb,IN-09-0169,2,avg_tavg_z,avg_cwb_z,,,,,,,,,,,0.05492865919630639,0.05520201033487131,,
10,,,avg_tavg_avg_cwb,IN-09-0169,2,avg_tavg_z,avg_cwb_z,,,,,,,,,,,0.13496997925924573,0.13396505421557248,,
14,,,avg_tavg_avg_cwb,IN-09-0169,2,avg_tavg_z,avg_cwb_z,,,,,,,,,,,0.38620298932692443,0.2887289683509507,,
6,,,avg_tavg_avg_cwb,IN-09-0170,2,avg_tavg_z,avg_cwb_z,,,,,,,,,,,-0.11647095911811559,-0.039127649060393274,,
10,,,avg_tavg_avg_cwb,IN-09-0170,2,avg_tavg_z,avg_cwb_z,,,,,,,,,,,0.07167243082946115,-0.08181323183686688,,
14,,,avg_tavg_avg_cwb,IN-09-0170,2,avg_tavg_z,avg_cwb_z,,,,,,,,,,,0.10532284529642481,0.09999263163427645,,
6,,,avg_tavg_avg_cwb,IN-09-0171,2,avg_tavg_z,avg_cwb_z,,,,,,,,,,,0.04788184572929584,-0.16337626491601667,,
10,,,avg_tavg_avg_cwb,IN-09-0171,2,avg_tavg_z,avg_cwb_z,,,,,,,,,,,0.14265651860373077,-0.21534629587371645,,
14,,,avg_tavg_avg_cwb,IN-09-0171,2,avg_tavg_z,avg_cwb_z,,,,,,,,,,,0.27796635445190004,-0.005147680104422692,,
6,,,avg_tavg_avg_cwb,IN-09-0172,2,avg_tavg_z,avg_cwb_z,,,,,,,,,,,0.3508728647172202,-0.07770899151065244,,
10,,,avg_tavg_avg_cwb,IN-09-0172,2,avg_tavg_z,avg_cwb_z,,,,,,,,,,,0.47213658930917807,-0.08572871502149328,,
14,,,avg_tavg_avg_cwb,IN-09-0172,2,avg_tavg_z,avg_cwb_z,,,,,,,,,,,0.6718900075004884,0.11527710129775148,,
6,,,avg_tavg_avg_cwb,IN-09-0173,2,avg_tavg_z,avg_cwb_z,,,,,,,,,,,0.2274392253471546,0.14070736757404434,,
10,,,avg_tavg_avg_cwb,IN-09-0173,2,avg_tavg_z,avg_cwb_z,,,,,,,,,,,0.23195117100847665,0.2529306362242239,,
14,,,avg_tavg_avg_cwb,IN-09-0173,2,avg_tavg_z,avg_cwb_z,,,,,,,,,,,0.4143390298860564,0.41307398035700976,,
6,,,avg_tavg_avg_cwb,IN-09-0174,2,avg_tavg_z,avg_cwb_z,,,,,,,,,,,0.3022628456031183,0.15057147908946292,,
10,,,avg_tavg_avg_cwb,IN-09-0174,2,avg_tavg_z,avg_cwb_z,,,,,,,,,,,0.3063261151221326,0.18040405733672665,,
14,,,avg_tavg_avg_cwb,IN-09-0174,2,avg_tavg_z,avg_cwb_z,,,,,,,,,,,0.44325756348688106,0.31778255277462075,,
6,,,avg_tavg_avg_cwb,IN-09-0175,2,avg_tavg_z,avg_cwb_z,,,,,,,,,,,0.33050123846839136,0.21531936920090264,,
10,,,avg_tavg_avg_cwb,IN-09-0175,2,avg_tavg_z,avg_cwb_z,,,,,,,,,,,0.3788006499301775,0.393419595695642,,
14,,,avg_tavg_avg_cwb,IN-09-0175,2,avg_tavg_z,avg_cwb_z,,,,,,,,,,,0.41714817059462267,0.4352481508885585,,
6,,,avg_tavg_avg_cwb,IN-09-0176,2,avg_tavg_z,avg_cwb_z,,,,,,,,,,,0.2591137796313111,0.19341691408143108,,
10,,,avg_tavg_avg_cwb,IN-09-0176,2,avg_tavg_z,avg_cwb_z,,,,,,,,,,,0.36457244806263284,0.3989543173684286,,
14,,,avg_tavg_avg_cwb,IN-09-0176,2,avg_tavg_z,avg_cwb_z,,,,,,,,,,,0.4167683257083599,0.5589305282360723,,
6,,,avg_tavg_avg_cwb,IN-09-0545,2,avg_tavg_z,avg_cwb_z,,,,,,,,,,,0.2842713929267785,0.27014537486741397,,
10,,,avg_tavg_avg_cwb,IN-09-0545,2,avg_tavg_z,avg_cwb_z,,,,,,,,,,,0.2787309312974582,0.3118028665701825,,
14,,,avg_tavg_avg_cwb,IN-09-0545,2,avg_tavg_z,avg_cwb_z,,,,,,,,,,,0.33195770595828905,0.459434290025459,,
6,,,avg_tavg_avg_cwb,IN-09-0546,2,avg_tavg_z,avg_cwb_z,,,,,,,,,,,0.09198372126444698,-0.09532447687578464,,
10,,,avg_tavg_avg_cwb,IN-09-0546,2,avg_tavg_z,avg_cwb_z,,,,,,,,,,,0.1662915603792618,0.08268288453930658,,
14,,,avg_tavg_avg_cwb,IN-09-0546,2,avg_tavg_z,avg_cwb_z,,,,,,,,,,,0.2862118237572241,0.09443527248210067,,
6,,,avg_tavg_avg_cwb,IN-09-1017,2,avg_tavg_z,avg_cwb_z,,,,,,,,,,,0.14166187347498935,0.020990176475764677,,
10,,,avg_tavg_avg_cwb,IN-09-1017,2,avg_tavg_z,avg_cwb_z,,,,,,,,,,,0.2560495639059773,-0.032858930654017564,,
14,,,avg_tavg_avg_cwb,IN-09-1017,2,avg_tavg_z,avg_cwb_z,,,,,,,,,,,0.42667574106170064,-0.028036522379458483,,
6,,,avg_tavg_avg_cwb,IN-09-1018,2,avg_tavg_z,avg_cwb_z,,,,,,,,,,,0.44219527244901036,0.1923921778368032,,
10,,,avg_tavg_avg_cwb,IN-09-1018,2,avg_tavg_z,avg_cwb_z,,,,,,,,,,,0.42822117774023205,0.14879814011420595,,
14,,,avg_tavg_avg_cwb,IN-09-1018,2,avg_tavg_z,avg_cwb_z,,,,,,,,,,,0.6607693966598707,0.3036554899757816,,
6,,,avg_tavg_avg_cwb,IN-09-1019,2,avg_tavg_z,avg_cwb_z,,,,,,,,,,,0.13245076822049484,-0.1575865680109189,,
10,,,avg_tavg_avg_cwb,IN-09-1019,2,avg_tavg_z,avg_cwb_z,,,,,,,,,,,0.16991196023730587,-0.25968760363061894,,
14,,,avg_tavg_avg_cwb,IN-09-1019,2,avg_tavg_z,avg_cwb_z,,,,,,,,,,,0.4547748501137411,-0.1445627067105929,,
6,,,avg_tavg_avg_cwb,IN-09-2009,2,avg_tavg_z,avg_cwb_z,,,,,,,,,,,0.08436147791225886,0.18631762331742308,,
10,,,avg_tavg_avg_cwb,IN-09-2009,2,avg_tavg_z,avg_cwb_z,,,,,,,,,,,0.2935138945383583,0.3373353955284725,,
6,,,avg_tavg_avg_cwb,IN-09-2010,2,avg_tavg_z,avg_cwb_z,,,,,,,,,,,-0.04413299390887002,0.08625095160434527,,
10,,,avg_tavg_avg_cwb,IN-09-2010,2,avg_tavg_z,avg_cwb_z,,,,,,,,,,,-0.10600322254785355,0.31536039806203836,,
6,,,avg_tavg_avg_cwb,IN-09-2011,2,avg_tavg_z,avg_cwb_z,,,,,,,,,,,0.08187225369347498,-0.29699814814989955,,
10,,,avg_tavg_avg_cwb,IN-09-2011,2,avg_tavg_z,avg_cwb_z,,,,,,,,,,,-0.047439897080043224,-0.20445619776270316,,
6,,,avg_tavg_avg_cwb,IN-10-0139,2,avg_tavg_z,avg_cwb_z,,,,,,,,,,,0.2251719358818108,0.2776603783822971,,
10,,,avg_tavg_avg_cwb,IN-10-0139,2,avg_tavg_z,avg_cwb_z,,,,,,,,,,,0.09953424209294048,0.43372030333193584,,
14,,,avg_tavg_avg_cwb,IN-10-0139,2,avg_tavg_z,avg_cwb_z,,,,,,,,,,,0.5711203310298123,0.3683049328150575,,
6,,,avg_tavg_avg_cwb,IN-10-0140,2,avg_tavg_z,avg_cwb_z,,,,,,,,,,,0.27237801183572413,-0.003831040089633925,,
10,,,avg_tavg_avg_cwb,IN-10-0140,2,avg_tavg_z,avg_cwb_z,,,,,,,,,,,0.4290371261256297,-0.09884862556793979,,
14,,,avg_tavg_avg_cwb,IN-10-0140,2,avg_tavg_z,avg_cwb_z,,,,,,,,,,,0.48244942626052606,-0.005664025839903592,,
6,,,avg_tavg_avg_cwb,IN-10-0141,2,avg_tavg_z,avg_cwb_z,,,,,,,,,,,-0.06870120491115128,0.26891537744131266,,
10,,,avg_tavg_avg_cwb,IN-10-0141,2,avg_tavg_z,avg_cwb_z,,,,,,,,,,,-0.12594231728002775,0.2850614335656037,,
14,,,avg_tavg_avg_cwb,IN-10-0141,2,avg_tavg_z,avg_cwb_z,,,,,,,,,,,0.03980787110588967,0.31908977653000775,,
6,,,avg_tavg_avg_cwb,IN-10-0142,2,avg_tavg_z,avg_cwb_z,,,,,,,,,,,0.13190541826515206,-0.15963881158754056,,
10,,,avg_tavg_avg_cwb,IN-10-0142,2,avg_tavg_z,avg_cwb_z,,,,,,,,,,,0.09420203755471723,-0.16304759841236627,,
14,,,avg_tavg_avg_cwb,IN-10-0142,2,avg_tavg_z,avg_cwb_z,,,,,,,,,,,0.37064477229383375,0.15857308477496243,,
6,,,avg_tavg_avg_cwb,IN-10-0143,2,avg_tavg_z,avg_cwb_z,,,,,,,,,,,0.42069352167490426,0.20917733945772135,,
10,,,avg_tavg_avg_cwb,IN-10-0143,2,avg_tavg_z,avg_cwb_z,,,,,,,,,,,0.49112537355122826,0.09511733974594824,,
14,,,avg_tavg_avg_cwb,IN-10-0143,2,avg_tavg_z,avg_cwb_z,,,,,,,,,,,0.5014831278879462,0.23583093486788603,,
6,,,avg_tavg_avg_cwb,IN-10-0144,2,avg_tavg_z,avg_cwb_z,,,,,,,,,,,0.07304793683714947,0.11528552454780579,,
10,,,avg_tavg_avg_cwb,IN-10-0144,2,avg_tavg_z,avg_cwb_z,,,,,,,,,,,-0.09331069335530832,0.137951971795847,,
14,,,avg_tavg_avg_cwb,IN-10-0144,2,avg_tavg_z,avg_cwb_z,,,,,,,,,,,0.3272826125184193,0.22797584175122823,,
6,,,avg_tavg_avg_cwb,IN-10-0145,2,avg_tavg_z,avg_cwb_z,,,,,,,,,,,0.2514170680433913,0.14286601774549346,,
10,,,avg_tavg_avg_cwb,IN-10-0145,2,avg_tavg_z,avg_cwb_z,,,,,,,,,,,0.4126408364826295,0.23430259655871036,,
14,,,avg_tavg_avg_cwb,IN-10-0145,2,avg_tavg_z,avg_cwb_z,,,,,,,,,,,0.5839762634564478,0.45694026476899363,,
6,,,avg_tavg_avg_cwb,IN-10-0146,2,avg_tavg_z,avg_cwb_z,,,,,,,,,,,0.019760271344729363,0.05714139652160277,,
10,,,avg_tavg_avg_cwb,IN-10-0146,2,avg_tavg_z,avg_cwb_z,,,,,,,,,,,-0.029607561721702515,-0.0015178114417988998,,
14,,,avg_tavg_avg_cwb,IN-10-0146,2,avg_tavg_z,avg_cwb_z,,,,,,,,,,,0.29783355664815564,0.08946562052843834,,
6,,,avg_tavg_avg_cwb,IN-10-0147,2,avg_tavg_z,avg_cwb_z,,,,,,,,,,,-0.22137403217885643,0.17576846173232957,,
10,,,avg_tavg_avg_cwb,IN-10-0147,2,avg_tavg_z,avg_cwb_z,,,,,,,,,,,-0.3233163071442916,0.1975673839162969,,
14,,,avg_tavg_avg_cwb,IN-10-0147,2,avg_tavg_z,avg_cwb_z,,,,,,,,,,,-0.2199518491051844,0.1485497857006136,,
6,,,avg_tavg_avg_cwb,IN-10-0148,2,avg_tavg_z,avg_cwb_z,,,,,,,,,,,0.2127908308563454,0.12335063440094104,,
10,,,avg_tavg_avg_cwb,IN-10-0148,2,avg_tavg_z,avg_cwb_z,,,,,,,,,,,0.3645257048038716,0.21605113523997085,,
14,,,avg_tavg_avg_cwb,IN-10-0148,2,avg_tavg_z,avg_cwb_z,,,,,,,,,,,0.5119093874928923,0.4412689958119184,,
6,,,avg_tavg_avg_cwb,IN-10-0149,2,avg_tavg_z,avg_cwb_z,,,,,,,,,,,0.0017701629951789733,0.2835534968382021,,
10,,,avg_tavg_avg_cwb,IN-10-0149,2,avg_tavg_z,avg_cwb_z,,,,,,,,,,,-0.19673449004204613,0.11274952483199226,,
14,,,avg_tavg_avg_cwb,IN-10-0149,2,avg_tavg_z,avg_cwb_z,,,,,,,,,,,-0.04533180625943996,0.2831380331286839,,
6,,,avg_tavg_avg_cwb,IN-10-0150,2,avg_tavg_z,avg_cwb_z,,,,,,,,,,,-0.011461417359007043,0.03896649221137743,,
10,,,avg_tavg_avg_cwb,IN-10-0150,2,avg_tavg_z,avg_cwb_z,,,,,,,,,,,0.047268414623280464,0.21031996708707879,,
14,,,avg_tavg_avg_cwb,IN-10-0150,2,avg_tavg_z,avg_cwb_z,,,,,,,,,,,0.21085754622079939,0.31455286639765345,,
6,,,avg_tavg_avg_cwb,IN-10-0151,2,avg_tavg_z,avg_cwb_z,,,,,,,,,,,0.22944501814808554,0.4099149907717116,,
10,,,avg_tavg_avg_cwb,IN-10-0151,2,avg_tavg_z,avg_cwb_z,,,,,,,,,,,0.27613567693305224,0.4934984679270988,,
14,,,avg_tavg_avg_cwb,IN-10-0151,2,avg_tavg_z,avg_cwb_z,,,,,,,,,,,0.4406391534597575,0.5730164516486405,,
6,,,avg_tavg_avg_cwb,IN-10-0152,2,avg_tavg_z,avg_cwb_z,,,,,,,,,,,-0.06326992611690412,-0.18355449996858475,,
10,,,avg_tavg_avg_cwb,IN-10-0152,2,avg_tavg_z,avg_cwb_z,,,,,,,,,,,0.17636676184702343,-0.324529374946448,,
14,,,avg_tavg_avg_cwb,IN-10-0152,2,avg_tavg_z,avg_cwb_z,,,,,,,,,,,0.2816618240143474,-0.17061346264713365,,
6,,,avg_tavg_avg_cwb,IN-10-0153,2,avg_tavg_z,avg_cwb_z,,,,,,,,,,,0.16165731390446197,0.02298702186722241,,
10,,,avg_tavg_avg_cwb,IN-10-0153,2,avg_tavg_z,avg_cwb_z,,,,,,,,,,,0.079432664831837,-0.19632222608008026,,
14,,,avg_tavg_avg_cwb,IN-10-0153,2,avg_tavg_z,avg_cwb_z,,,,,,,,,,,0.41262947159060215,0.16024462283723312,,
6,,,avg_tavg_avg_cwb,IN-10-0154,2,avg_tavg_z,avg_cwb_z,,,,,,,,,,,-0.25839991237100574,-0.22591223807529506,,
10,,,avg_tavg_avg_cwb,IN-10-0154,2,avg_tavg_z,avg_cwb_z,,,,,,,,,,,-0.32392621184112996,-0.2318295926610535,,
14,,,avg_tavg_avg_cwb,IN-10-0154,2,avg_tavg_z,avg_cwb_z,,,,,,,,,,,-0.14050401361032003,-0.21547903980682714,,
6,,,avg_tavg_avg_cwb,IN-10-0155,2,avg_tavg_z,avg_cwb_z,,,,,,,,,,,0.12437493506875877,0.3286389378511799,,
10,,,avg_tavg_avg_cwb,IN-10-0155,2,avg_tavg_z,avg_cwb_z,,,,,,,,,,,0.23139153087453296,0.3422129090287907,,
14,,,avg_tavg_avg_cwb,IN-10-0155,2,avg_tavg_z,avg_cwb_z,,,,,,,,,,,0.3154227443409654,0.49531389340853293,,
6,,,avg_tavg_avg_cwb,IN-10-0156,2,avg_tavg_z,avg_cwb_z,,,,,,,,,,,0.19170377915234663,0.15835961570136706,,
10,,,avg_tavg_avg_cwb,IN-10-0156,2,avg_tavg_z,avg_cwb_z,,,,,,,,,,,0.2734563317254438,0.0407868858950844,,
14,,,avg_tavg_avg_cwb,IN-10-0156,2,avg_tavg_z,avg_cwb_z,,,,,,,,,,,0.6174654812938651,0.346721845943149,,
6,,,avg_tavg_avg_cwb,IN-10-0157,2,avg_tavg_z,avg_cwb_z,,,,,,,,,,,-0.12867300932059245,-0.021369417209548176,,
10,,,avg_tavg_avg_cwb,IN-10-0157,2,avg_tavg_z,avg_cwb_z,,,,,,,,,,,-0.27142766192193607,-0.016204899977727855,,
14,,,avg_tavg_avg_cwb,IN-10-0157,2,avg_tavg_z,avg_cwb_z,,,,,,,,,,,0.05442263249162229,-0.07403005687500176,,
6,,,avg_tavg_avg_cwb,IN-10-0158,2,avg_tavg_z,avg_cwb_z,,,,,,,,,,,0.24076585201469047,0.06984300950754337,,
10,,,avg_tavg_avg_cwb,IN-10-0158,2,avg_tavg_z,avg_cwb_z,,,,,,,,,,,0.20265434475101074,0.051325242373870636,,
14,,,avg_tavg_avg_cwb,IN-10-0158,2,avg_tavg_z,avg_cwb_z,,,,,,,,,,,0.5542366191830695,0.15691594295171396,,
6,,,avg_tavg_avg_cwb,IN-10-0159,2,avg_tavg_z,avg_cwb_z,,,,,,,,,,,0.19969917049844085,0.09434149267392884,,
10,,,avg_tavg_avg_cwb,IN-10-0159,2,avg_tavg_z,avg_cwb_z,,,,,,,,,,,0.01433501889949777,-0.03212249111381665,,
14,,,avg_tavg_avg_cwb,IN-10-0159,2,avg_tavg_z,avg_cwb_z,,,,,,,,,,,0.6134825377088208,0.23780382284870583,,
6,,,avg_tavg_avg_cwb,IN-10-0160,2,avg_tavg_z,avg_cwb_z,,,,,,,,,,,0.10437522577768718,0.1067023473597882,,
10,,,avg_tavg_avg_cwb,IN-10-0160,2,avg_tavg_z,avg_cwb_z,,,,,,,,,,,0.09749238232991617,0.3678959448539862,,
14,,,avg_tavg_avg_cwb,IN-10-0160,2,avg_tavg_z,avg_cwb_z,,,,,,,,,,,0.33445060592047837,0.45708372859857926,,
6,,,avg_tavg_avg_cwb,IN-10-0161,2,avg_tavg_z,avg_cwb_z,,,,,,,,,,,0.08096539501949043,0.13392225796741034,,
10,,,avg_tavg_avg_cwb,IN-10-0161,2,avg_tavg_z,avg_cwb_z,,,,,,,,,,,0.14651001415323248,0.09409960300388995,,
14,,,avg_tavg_avg_cwb,IN-10-0161,2,avg_tavg_z,avg_cwb_z,,,,,,,,,,,0.23029494335438985,0.15276134277289252,,
6,,,avg_tavg_avg_cwb,IN-10-0162,2,avg_tavg_z,avg_cwb_z,,,,,,,,,,,-0.1441865355320155,0.05058896866553044,,
10,,,avg_tavg_avg_cwb,IN-10-0162,2,avg_tavg_z,avg_cwb_z,,,,,,,,,,,-0.10796352846812798,-0.045734044958060806,,
14,,,avg_tavg_avg_cwb,IN-10-0162,2,avg_tavg_z,avg_cwb_z,,,,,,,,,,,0.2833706184548667,0.2176368331653021,,
6,,,avg_tavg_avg_cwb,IN-10-0163,2,avg_tavg_z,avg_cwb_z,,,,,,,,,,,0.1908190052333218,0.3375452634503518,,
10,,,avg_tavg_avg_cwb,IN-10-0163,2,avg_tavg_z,avg_cwb_z,,,,,,,,,,,0.15861747311218868,0.4257497233582468,,
14,,,avg_tavg_avg_cwb,IN-10-0163,2,avg_tavg_z,avg_cwb_z,,,,,,,,,,,0.5052019344948109,0.5450302346073685,,
6,,,avg_tavg_avg_cwb,IN-10-0164,2,avg_tavg_z,avg_cwb_z,,,,,,,,,,,-0.19606682906902403,-0.12016846806099712,,
10,,,avg_tavg_avg_cwb,IN-10-0164,2,avg_tavg_z,avg_cwb_z,,,,,,,,,,,-0.19763882242121544,-0.015334961248809311,,
14,,,avg_tavg_avg_cwb,IN-10-0164,2,avg_tavg_z,avg_cwb_z,,,,,,,,,,,-0.15923155888052076,-0.21517489262215186,,
6,,,avg_tavg_avg_cwb,IN-10-0519,2,avg_tavg_z,avg_cwb_z,,,,,,,,,,,0.4305680908222344,0.5510573649121117,,
10,,,avg_tavg_avg_cwb,IN-10-0519,2,avg_tavg_z,avg_cwb_z,,,,,,,,,,,0.5491375505002551,0.6616181533232469,,
14,,,avg_tavg_avg_cwb,IN-10-0519,2,avg_tavg_z,avg_cwb_z,,,,,,,,,,,0.458927144290629,0.696117214172597,,
6,,,avg_tavg_avg_cwb,IN-10-0536,2,avg_tavg_z,avg_cwb_z,,,,,,,,,,,-0.14623720839951282,-0.025912608043950187,,
10,,,avg_tavg_avg_cwb,IN-10-0536,2,avg_tavg_z,avg_cwb_z,,,,,,,,,,,-0.2592372092636424,-0.055889054957188856,,
14,,,avg_tavg_avg_cwb,IN-10-0536,2,avg_tavg_z,avg_cwb_z,,,,,,,,,,,-0.14011835922819313,0.036526627330010386,,
6,,,avg_tavg_avg_cwb,IN-10-0537,2,avg_tavg_z,avg_cwb_z,,,,,,,,,,,0.28605545192688586,0.3675987457527808,,
10,,,avg_tavg_avg_cwb,IN-10-0537,2,avg_tavg_z,avg_cwb_z,,,,,,,,,,,0.3390578920191434,0.40951643797217907,,
14,,,avg_tavg_avg_cwb,IN-10-0537,2,avg_tavg_z,avg_cwb_z,,,,,,,,,,,0.43919031217584886,0.49641884476259535,,
6,,,avg_tavg_avg_cwb,IN-10-0538,2,avg_tavg_z,avg_cwb_z,,,,,,,,,,,-0.25487212597180015,-0.011029425206880933,,
10,,,avg_tavg_avg_cwb,IN-10-0538,2,avg_tavg_z,avg_cwb_z,,,,,,,,,,,-0.3086851565803264,-0.04380232565211097,,
14,,,avg_tavg_avg_cwb,IN-10-0538,2,avg_tavg_z,avg_cwb_z,,,,,,,,,,,-0.06750200296724523,0.07158608208809066,,
6,,,avg_tavg_avg_cwb,IN-10-0539,2,avg_tavg_z,avg_cwb_z,,,,,,,,,,,0.27034620383267005,0.13360399393450567,,
10,,,avg_tavg_avg_cwb,IN-10-0539,2,avg_tavg_z,avg_cwb_z,,,,,,,,,,,0.33377730759427954,0.18362806480556723,,
14,,,avg_tavg_avg_cwb,IN-10-0539,2,avg_tavg_z,avg_cwb_z,,,,,,,,,,,0.5289511835194594,0.27662582425633164,,
6,,,avg_tavg_avg_cwb,IN-10-1020,2,avg_tavg_z,avg_cwb_z,,,,,,,,,,,0.26613596869234096,0.2008402052990499,,
10,,,avg_tavg_avg_cwb,IN-10-1020,2,avg_tavg_z,avg_cwb_z,,,,,,,,,,,0.32737874710062354,0.21958516927255056,,
14,,,avg_tavg_avg_cwb,IN-10-1020,2,avg_tavg_z,avg_cwb_z,,,,,,,,,,,0.3887895648844423,0.23172465870210734,,
6,,,avg_tavg_avg_cwb,IN-10-2012,2,avg_tavg_z,avg_cwb_z,,,,,,,,,,,-0.12589522921615878,0.5953129552061605,,
6,,,avg_tavg_avg_cwb,IN-12-0189,2,avg_tavg_z,avg_cwb_z,,,,,,,,,,,0.10612859530712215,0.058583273991045945,,
10,,,avg_tavg_avg_cwb,IN-12-0189,2,avg_tavg_z,avg_cwb_z,,,,,,,,,,,0.22604539193568257,0.10758069400109702,,
14,,,avg_tavg_avg_cwb,IN-12-0189,2,avg_tavg_z,avg_cwb_z,,,,,,,,,,,0.31524579955043125,0.33786338689862166,,
6,,,avg_tavg_avg_cwb,IN-12-0190,2,avg_tavg_z,avg_cwb_z,,,,,,,,,,,-0.13496660109357306,-0.21709080801450914,,
10,,,avg_tavg_avg_cwb,IN-12-0190,2,avg_tavg_z,avg_cwb_z,,,,,,,,,,,-0.17556833145693776,-0.2210757119231749,,
14,,,avg_tavg_avg_cwb,IN-12-0190,2,avg_tavg_z,avg_cwb_z,,,,,,,,,,,-0.05440158755907489,-0.01763495329498631,,
6,,,avg_tavg_avg_cwb,IN-12-0191,2,avg_tavg_z,avg_cwb_z,,,,,,,,,,,0.06409519731132873,-0.31798131430340265,,
10,,,avg_tavg_avg_cwb,IN-12-0191,2,avg_tavg_z,avg_cwb_z,,,,,,,,,,,-0.06736338498987396,-0.19459513734916764,,
14,,,avg_tavg_avg_cwb,IN-12-0191,2,avg_tavg_z,avg_cwb_z,,,,,,,,,,,0.07770116530227131,-0.14408185203814103,,
6,,,avg_tavg_avg_cwb,IN-12-0192,2,avg_tavg_z,avg_cwb_z,,,,,,,,,,,0.5178455464496401,0.34849359459460844,,
10,,,avg_tavg_avg_cwb,IN-12-0192,2,avg_tavg_z,avg_cwb_z,,,,,,,,,,,0.45736986460693724,0.3043766653985903,,
14,,,avg_tavg_avg_cwb,IN-12-0192,2,avg_tavg_z,avg_cwb_z,,,,,,,,,,,0.6209426411134455,0.5436621226593457,,
6,,,avg_tavg_avg_cwb,IN-12-0193,2,avg_tavg_z,avg_cwb_z,,,,,,,,,,,0.31514800347658634,-0.023295659771269007,,
10,,,avg_tavg_avg_cwb,IN-12-0193,2,avg_tavg_z,avg_cwb_z,,,,,,,,,,,0.2031590473348075,0.15701926133968186,,
14,,,avg_tavg_avg_cwb,IN-12-0193,2,avg_tavg_z,avg_cwb_z,,,,,,,,,,,0.4480051393863091,0.350795971286023,,
6,,,avg_tavg_avg_cwb,IN-12-0194,2,avg_tavg_z,avg_cwb_z,,,,,,,,,,,0.5323211350679278,0.4107755074037687,,
10,,,avg_tavg_avg_cwb,IN-12-0194,2,avg_tavg_z,avg_cwb_z,,,,,,,,,,,0.592752936952271,0.3465527233561714,,
14,,,avg_tavg_avg_cwb,IN-12-0194,2,avg_tavg_z,avg_cwb_z,,,,,,,,,,,0.7491335056803715,0.5542723155519701,,
6,,,avg_tavg_avg_cwb,IN-12-0195,2,avg_tavg_z,avg_cwb_z,,,,,,,,,,,0.397151931703818,0.22845474711504288,,
10,,,avg_tavg_avg_cwb,IN-12-0195,2,avg_tavg_z,avg_cwb_z,,,,,,,,,,,0.4616793784396995,0.17640652266643728,,
14,,,avg_tavg_avg_cwb,IN-12-0195,2,avg_tavg_z,avg_cwb_z,,,,,,,,,,,0.5277832079859959,0.35607651466803414,,
6,,,avg_tavg_avg_cwb,IN-12-0196,2,avg_tavg_z,avg_cwb_z,,,,,,,,,,,0.49643602165287215,0.6134145154364072,,
10,,,avg_tavg_avg_cwb,IN-12-0196,2,avg_tavg_z,avg_cwb_z,,,,,,,,,,,0.5967135411117424,0.692391333816812,,
14,,,avg_tavg_avg_cwb,IN-12-0196,2,avg_tavg_z,avg_cwb_z,,,,,,,,,,,0.5401984345287442,0.7658902051508878,,
6,,,avg_tavg_avg_cwb,IN-12-0197,2,avg_tavg_z,avg_cwb_z,,,,,,,,,,,0.5479494287934759,0.7011471124582082,,
10,,,avg_tavg_avg_cwb,IN-12-0197,2,avg_tavg_z,avg_cwb_z,,,,,,,,,,,0.6151934527804562,0.7375968681771417,,
14,,,avg_tavg_avg_cwb,IN-12-0197,2,avg_tavg_z,avg_cwb_z,,,,,,,,,,,0.6139171074414073,0.7853648323591808,,
6,,,avg_tavg_avg_cwb,IN-12-0198,2,avg_tavg_z,avg_cwb_z,,,,,,,,,,,0.6465042859565406,0.6045399110522623,,
10,,,avg_tavg_avg_cwb,IN-12-0198,2,avg_tavg_z,avg_cwb_z,,,,,,,,,,,0.7194061342729362,0.6175002455927735,,
14,,,avg_tavg_avg_cwb,IN-12-0198,2,avg_tavg_z,avg_cwb_z,,,,,,,,,,,0.7387524339985924,0.679212681636355,,
6,,,avg_tavg_avg_cwb,IN-12-0199,2,avg_tavg_z,avg_cwb_z,,,,,,,,,,,0.19664511954052594,0.06230502129184164,,
10,,,avg_tavg_avg_cwb,IN-12-0199,2,avg_tavg_z,avg_cwb_z,,,,,,,,,,,0.1840269474090283,0.2165791570514033,,
14,,,avg_tavg_avg_cwb,IN-12-0199,2,avg_tavg_z,avg_cwb_z,,,,,,,,,,,0.19444049070820293,0.13058255247254963,,
6,,,avg_tavg_avg_cwb,IN-12-0200,2,avg_tavg_z,avg_cwb_z,,,,,,,,,,,0.49107278673348614,0.06104945806740643,,
10,,,avg_tavg_avg_cwb,IN-12-0200,2,avg_tavg_z,avg_cwb_z,,,,,,,,,,,0.5464186450830834,0.11578117523709253,,
14,,,avg_tavg_avg_cwb,IN-12-0200,2,avg_tavg_z,avg_cwb_z,,,,,,,,,,,0.6415954725225341,0.22836350270740166,,
6,,,avg_tavg_avg_cwb,IN-12-0201,2,avg_tavg_z,avg_cwb_z,,,,,,,,,,,0.24827074368451493,-0.2144523581716093,,
10,,,avg_tavg_avg_cwb,IN-12-0201,2,avg_tavg_z,avg_cwb_z,,,,,,,,,,,0.2998682920147135,-0.06897514203645459,,
14,,,avg_tavg_avg_cwb,IN-12-0201,2,avg_tavg_z,avg_cwb_z,,,,,,,,,,,0.36237839168692887,-0.21708817069580486,,
6,,,avg_tavg_avg_cwb,IN-12-0202,2,avg_tavg_z,avg_cwb_z,,,,,,,,,,,0.44864447980111716,0.10181889720292256,,
10,,,avg_tavg_avg_cwb,IN-12-0202,2,avg_tavg_z,avg_cwb_z,,,,,,,,,,,0.419842540098528,0.34395167371841734,,
14,,,avg_tavg_avg_cwb,IN-12-0202,2,avg_tavg_z,avg_cwb_z,,,,,,,,,,,0.39172112418048494,0.19582124340181806,,
6,,,avg_tavg_avg_cwb,IN-12-0203,2,avg_tavg_z,avg_cwb_z,,,,,,,,,,,0.21023677446699804,0.05745532646919431,,
10,,,avg_tavg_avg_cwb,IN-12-0203,2,avg_tavg_z,avg_cwb_z,,,,,,,,,,,0.1781175274807636,0.2728743622577398,,
14,,,avg_tavg_avg_cwb,IN-12-0203,2,avg_tavg_z,avg_cwb_z,,,,,,,,,,,0.13216019709206947,0.18813804946527932,,
6,,,avg_tavg_avg_cwb,IN-12-0204,2,avg_tavg_z,avg_cwb_z,,,,,,,,,,,0.2153417900412939,-0.09187728437346963,,
10,,,avg_tavg_avg_cwb,IN-12-0204,2,avg_tavg_z,avg_cwb_z,,,,,,,,,,,0.18717389951156665,0.1366171980417236,,
14,,,avg_tavg_avg_cwb,IN-12-0204,2,avg_tavg_z,avg_cwb_z,,,,,,,,,,,0.15115225148829686,0.08025627561823427,,
6,,,avg_tavg_avg_cwb,IN-12-0205,2,avg_tavg_z,avg_cwb_z,,,,,,,,,,,0.3234001672222172,-0.392683821547236,,
10,,,avg_tavg_avg_cwb,IN-12-0205,2,avg_tavg_z,avg_cwb_z,,,,,,,,,,,0.3250028828486221,-0.380456717934113,,
14,,,avg_tavg_avg_cwb,IN-12-0205,2,avg_tavg_z,avg_cwb_z,,,,,,,,,,,0.3554735680057698,-0.4701897556340337,,
6,,,avg_tavg_avg_cwb,IN-12-0206,2,avg_tavg_z,avg_cwb_z,,,,,,,,,,,0.5183002200879843,0.5377677389304941,,
10,,,avg_tavg_avg_cwb,IN-12-0206,2,avg_tavg_z,avg_cwb_z,,,,,,,,,,,0.5585575480490457,0.5239050457990764,,
14,,,avg_tavg_avg_cwb,IN-12-0206,2,avg_tavg_z,avg_cwb_z,,,,,,,,,,,0.6087731696317088,0.5661219865564802,,
6,,,avg_tavg_avg_cwb,IN-12-0207,2,avg_tavg_z,avg_cwb_z,,,,,,,,,,,0.5349231431394823,0.6639419212854694,,
10,,,avg_tavg_avg_cwb,IN-12-0207,2,avg_tavg_z,avg_cwb_z,,,,,,,,,,,0.6345160529566357,0.6973886943346705,,
14,,,avg_tavg_avg_cwb,IN-12-0207,2,avg_tavg_z,avg_cwb_z,,,,,,,,,,,0.6008122376064005,0.7190815083189471,,
6,,,avg_tavg_avg_cwb,IN-12-0209,2,avg_tavg_z,avg_cwb_z,,,,,,,,,,,0.47858227576921963,0.4117467692988649,,
10,,,avg_tavg_avg_cwb,IN-12-0209,2,avg_tavg_z,avg_cwb_z,,,,,,,,,,,0.5054863145726707,0.38861237247828156,,
14,,,avg_tavg_avg_cwb,IN-12-0209,2,avg_tavg_z,avg_cwb_z,,,,,,,,,,,0.5831242637848335,0.4972107583834241,,
6,,,avg_tavg_avg_cwb,IN-12-0210,2,avg_tavg_z,avg_cwb_z,,,,,,,,,,,0.22664688378131853,0.12260030666853225,,
10,,,avg_tavg_avg_cwb,IN-12-0210,2,avg_tavg_z,avg_cwb_z,,,,,,,,,,,0.038176866864783485,0.12658267916489147,,
14,,,avg_tavg_avg_cwb,IN-12-0210,2,avg_tavg_z,avg_cwb_z,,,,,,,,,,,0.211765487008706,0.1731275393223856,,
6,,,avg_tavg_avg_cwb,IN-12-0211,2,avg_tavg_z,avg_cwb_z,,,,,,,,,,,0.42358635244742854,0.4885017101712328,,
10,,,avg_tavg_avg_cwb,IN-12-0211,2,avg_tavg_z,avg_cwb_z,,,,,,,,,,,0.6272930768883429,0.5509355580562969,,
14,,,avg_tavg_avg_cwb,IN-12-0211,2,avg_tavg_z,avg_cwb_z,,,,,,,,,,,0.6556400511003472,0.5880552313380679,,
6,,,avg_tavg_avg_cwb,IN-12-0212,2,avg_tavg_z,avg_cwb_z,,,,,,,,,,,0.19402032075462783,0.3815648399207565,,
10,,,avg_tavg_avg_cwb,IN-12-0212,2,avg_tavg_z,avg_cwb_z,,,,,,,,,,,0.26208284160706397,0.4815803961163464,,
14,,,avg_tavg_avg_cwb,IN-12-0212,2,avg_tavg_z,avg_cwb_z,,,,,,,,,,,0.39778285467183083,0.5568453289575923,,
6,,,avg_tavg_avg_cwb,IN-12-0213,2,avg_tavg_z,avg_cwb_z,,,,,,,,,,,0.5124862414790794,0.5970424574738711,,
10,,,avg_tavg_avg_cwb,IN-12-0213,2,avg_tavg_z,avg_cwb_z,,,,,,,,,,,0.7753735128909686,0.6580737238929886,,
14,,,avg_tavg_avg_cwb,IN-12-0213,2,avg_tavg_z,avg_cwb_z,,,,,,,,,,,0.7279915116205113,0.6899492677356124,,
6,,,avg_tavg_avg_cwb,IN-12-0214,2,avg_tavg_z,avg_cwb_z,,,,,,,,,,,0.5016059108693416,0.4245122310740596,,
10,,,avg_tavg_avg_cwb,IN-12-0214,2,avg_tavg_z,avg_cwb_z,,,,,,,,,,,0.7206526866641945,0.4919339525968155,,
14,,,avg_tavg_avg_cwb,IN-12-0214,2,avg_tavg_z,avg_cwb_z,,,,,,,,,,,0.7569879722610885,0.5381548918626297,,
6,,,avg_tavg_avg_cwb,IN-12-0215,2,avg_tavg_z,avg_cwb_z,,,,,,,,,,,0.42039066544053894,0.21177036359900597,,
10,,,avg_tavg_avg_cwb,IN-12-0215,2,avg_tavg_z,avg_cwb_z,,,,,,,,,,,0.5329106390371073,0.2268857977171032,,
14,,,avg_tavg_avg_cwb,IN-12-0215,2,avg_tavg_z,avg_cwb_z,,,,,,,,,,,0.6172532408061793,0.3451497068122554,,
6,,,avg_tavg_avg_cwb,IN-12-0216,2,avg_tavg_z,avg_cwb_z,,,,,,,,,,,0.2038931737939579,0.25802801491185245,,
10,,,avg_tavg_avg_cwb,IN-12-0216,2,avg_tavg_z,avg_cwb_z,,,,,,,,,,,0.17239839218984793,0.5070661850136629,,
14,,,avg_tavg_avg_cwb,IN-12-0216,2,avg_tavg_z,avg_cwb_z,,,,,,,,,,,0.17636385303520902,0.556870479573661,,
6,,,avg_tavg_avg_cwb,IN-12-0217,2,avg_tavg_z,avg_cwb_z,,,,,,,,,,,0.1319932628841963,0.1748975456051803,,
10,,,avg_tavg_avg_cwb,IN-12-0217,2,avg_tavg_z,avg_cwb_z,,,,,,,,,,,-0.026807929692156063,0.2601578122971695,,
14,,,avg_tavg_avg_cwb,IN-12-0217,2,avg_tavg_z,avg_cwb_z,,,,,,,,,,,0.030427603206637937,0.36696935175158596,,
6,,,avg_tavg_avg_cwb,IN-12-0218,2,avg_tavg_z,avg_cwb_z,,,,,,,,,,,0.185290469385852,0.08355850148296431,,
10,,,avg_tavg_avg_cwb,IN-12-0218,2,avg_tavg_z,avg_cwb_z,,,,,,,,,,,0.09014112464465482,0.247618975565255,,
14,,,avg_tavg_avg_cwb,IN-12-0218,2,avg_tavg_z,avg_cwb_z,,,,,,,,,,,0.20284066853292507,0.3779786180074221,,
6,,,avg_tavg_avg_cwb,IN-12-0219,2,avg_tavg_z,avg_cwb_z,,,,,,,,,,,0.2045511125623599,-0.12410554634085554,,
10,,,avg_tavg_avg_cwb,IN-12-0219,2,avg_tavg_z,avg_cwb_z,,,,,,,,,,,0.23954724545539136,0.2183673725901035,,
14,,,avg_tavg_avg_cwb,IN-12-0219,2,avg_tavg_z,avg_cwb_z,,,,,,,,,,,0.23163775847573395,0.10448624488970096,,
6,,,avg_tavg_avg_cwb,IN-12-0220,2,avg_tavg_z,avg_cwb_z,,,,,,,,,,,0.20499568937646248,-0.11660028518564362,,
10,,,avg_tavg_avg_cwb,IN-12-0220,2,avg_tavg_z,avg_cwb_z,,,,,,,,,,,0.2329340369171081,0.12575962250796596,,
14,,,avg_tavg_avg_cwb,IN-12-0220,2,avg_tavg_z,avg_cwb_z,,,,,,,,,,,0.21202153354119294,0.04747192973808556,,
6,,,avg_tavg_avg_cwb,IN-12-0221,2,avg_tavg_z,avg_cwb_z,,,,,,,,,,,0.39829406694717245,-0.1235893431500628,,
10,,,avg_tavg_avg_cwb,IN-12-0221,2,avg_tavg_z,avg_cwb_z,,,,,,,,,,,0.39066924004987935,-0.054379861969827546,,
14,,,avg_tavg_avg_cwb,IN-12-0221,2,avg_tavg_z,avg_cwb_z,,,,,,,,,,,0.4446898960648463,0.006198434474264891,,
6,,,avg_tavg_avg_cwb,IN-12-0222,2,avg_tavg_z,avg_cwb_z,,,,,,,,,,,0.3334158028716142,0.12101204425969163,,
10,,,avg_tavg_avg_cwb,IN-12-0222,2,avg_tavg_z,avg_cwb_z,,,,,,,,,,,0.33872729456420075,0.2419167657193197,,
14,,,avg_tavg_avg_cwb,IN-12-0222,2,avg_tavg_z,avg_cwb_z,,,,,,,,,,,0.4138170210942409,0.44360578490254765,,
6,,,avg_tavg_avg_cwb,IN-12-0223,2,avg_tavg_z,avg_cwb_z,,,,,,,,,,,0.21063660587101238,-0.22498086752768987,,
10,,,avg_tavg_avg_cwb,IN-12-0223,2,avg_tavg_z,avg_cwb_z,,,,,,,,,,,0.22414912442603602,-0.22477623368478628,,
14,,,avg_tavg_avg_cwb,IN-12-0223,2,avg_tavg_z,avg_cwb_z,,,,,,,,,,,0.2837101425050502,-0.09537746773243412,,
6,,,avg_tavg_avg_cwb,IN-12-0224,2,avg_tavg_z,avg_cwb_z,,,,,,,,,,,0.34174488278457504,0.00027389891006844856,,
10,,,avg_tavg_avg_cwb,IN-12-0224,2,avg_tavg_z,avg_cwb_z,,,,,,,,,,,0.3496196129651611,0.15226232508501236,,
14,,,avg_tavg_avg_cwb,IN-12-0224,2,avg_tavg_z,avg_cwb_z,,,,,,,,,,,0.34105302008335087,0.1511173332300965,,
6,,,avg_tavg_avg_cwb,IN-12-0225,2,avg_tavg_z,avg_cwb_z,,,,,,,,,,,0.5591337364133644,0.14547918946562366,,
10,,,avg_tavg_avg_cwb,IN-12-0225,2,avg_tavg_z,avg_cwb_z,,,,,,,,,,,0.7269530807956756,0.2532837620179997,,
14,,,avg_tavg_avg_cwb,IN-12-0225,2,avg_tavg_z,avg_cwb_z,,,,,,,,,,,0.7858361419956074,0.319004559673568,,
6,,,avg_tavg_avg_cwb,IN-12-0226,2,avg_tavg_z,avg_cwb_z,,,,,,,,,,,0.4780104429235463,0.36410434233119243,,
10,,,avg_tavg_avg_cwb,IN-12-0226,2,avg_tavg_z,avg_cwb_z,,,,,,,,,,,0.626698781872137,0.4265495825054937,,
14,,,avg_tavg_avg_cwb,IN-12-0226,2,avg_tavg_z,avg_cwb_z,,,,,,,,,,,0.7160036409964421,0.4983212525020709,,
6,,,avg_tavg_avg_cwb,IN-12-0227,2,avg_tavg_z,avg_cwb_z,,,,,,,,,,,0.4876956503716884,0.2749365669084889,,
10,,,avg_tavg_avg_cwb,IN-12-0227,2,avg_tavg_z,avg_cwb_z,,,,,,,,,,,0.5100381413301663,0.19397703268856561,,
14,,,avg_tavg_avg_cwb,IN-12-0227,2,avg_tavg_z,avg_cwb_z,,,,,,,,,,,0.6041703236042633,0.2622161385017551,,
6,,,avg_tavg_avg_cwb,IN-12-0228,2,avg_tavg_z,avg_cwb_z,,,,,,,,,,,0.5652964764466656,0.19697193161719168,,
10,,,avg_tavg_avg_cwb,IN-12-0228,2,avg_tavg_z,avg_cwb_z,,,,,,,,,,,0.5328310324460042,0.3335205094879087,,
14,,,avg_tavg_avg_cwb,IN-12-0228,2,avg_tavg_z,avg_cwb_z,,,,,,,,,,,0.6243212510138859,0.344815366183682,,
6,,,avg_tavg_avg_cwb,IN-12-0229,2,avg_tavg_z,avg_cwb_z,,,,,,,,,,,0.5510546263869368,0.5987639077601082,,
10,,,avg_tavg_avg_cwb,IN-12-0229,2,avg_tavg_z,avg_cwb_z,,,,,,,,,,,0.6101496115080071,0.6413487406712262,,
14,,,avg_tavg_avg_cwb,IN-12-0229,2,avg_tavg_z,avg_cwb_z,,,,,,,,,,,0.6339036683005623,0.6438957802363331,,
6,,,avg_tavg_avg_cwb,IN-12-0230,2,avg_tavg_z,avg_cwb_z,,,,,,,,,,,0.42047066055538246,0.21350844486636117,,
10,,,avg_tavg_avg_cwb,IN-12-0230,2,avg_tavg_z,avg_cwb_z,,,,,,,,,,,0.4026334589875525,0.42229871672197505,,
14,,,avg_tavg_avg_cwb,IN-12-0230,2,avg_tavg_z,avg_cwb_z,,,,,,,,,,,0.35107246386732854,0.31210893869248685,,
6,,,avg_tavg_avg_cwb,IN-12-0231,2,avg_tavg_z,avg_cwb_z,,,,,,,,,,,0.5785142051491269,-0.05962902565490642,,
10,,,avg_tavg_avg_cwb,IN-12-0231,2,avg_tavg_z,avg_cwb_z,,,,,,,,,,,0.6056828284868124,-0.05657631220699542,,
14,,,avg_tavg_avg_cwb,IN-12-0231,2,avg_tavg_z,avg_cwb_z,,,,,,,,,,,0.7370714871914138,0.10215164440019434,,
6,,,avg_tavg_avg_cwb,IN-12-0232,2,avg_tavg_z,avg_cwb_z,,,,,,,,,,,0.4455032411310819,-0.011134625179963492,,
10,,,avg_tavg_avg_cwb,IN-12-0232,2,avg_tavg_z,avg_cwb_z,,,,,,,,,,,0.4660774044444091,-0.06202455115133174,,
14,,,avg_tavg_avg_cwb,IN-12-0232,2,avg_tavg_z,avg_cwb_z,,,,,,,,,,,0.6041329121208437,0.14067085029587476,,
6,,,avg_tavg_avg_cwb,IN-12-0233,2,avg_tavg_z,avg_cwb_z,,,,,,,,,,,0.39281057830254934,0.37011275106525876,,
10,,,avg_tavg_avg_cwb,IN-12-0233,2,avg_tavg_z,avg_cwb_z,,,,,,,,,,,0.3033492614337419,0.4330282034723198,,
14,,,avg_tavg_avg_cwb,IN-12-0233,2,avg_tavg_z,avg_cwb_z,,,,,,,,,,,0.4364477686167195,0.47804424482799074,,
6,,,avg_tavg_avg_cwb,IN-12-0234,2,avg_tavg_z,avg_cwb_z,,,,,,,,,,,0.44679589836066624,-0.1563979754082648,,
10,,,avg_tavg_avg_cwb,IN-12-0234,2,avg_tavg_z,avg_cwb_z,,,,,,,,,,,0.44320797429858133,-0.05916148695399805,,
14,,,avg_tavg_avg_cwb,IN-12-0234,2,avg_tavg_z,avg_cwb_z,,,,,,,,,,,0.5325529871703678,-0.12838778196819264,,
6,,,avg_tavg_avg_cwb,IN-12-0235,2,avg_tavg_z,avg_cwb_z,,,,,,,,,,,0.3465245390230604,-0.0037186068087420284,,
10,,,avg_tavg_avg_cwb,IN-12-0235,2,avg_tavg_z,avg_cwb_z,,,,,,,,,,,0.26386048309542226,0.105008315307524,,
14,,,avg_tavg_avg_cwb,IN-12-0235,2,avg_tavg_z,avg_cwb_z,,,,,,,,,,,0.43793746701925135,0.10420151345037527,,
6,,,avg_tavg_avg_cwb,IN-12-0236,2,avg_tavg_z,avg_cwb_z,,,,,,,,,,,0.59882366602604,0.055666387053134314,,
10,,,avg_tavg_avg_cwb,IN-12-0236,2,avg_tavg_z,avg_cwb_z,,,,,,,,,,,0.7073436273711757,0.11635135426338838,,
14,,,avg_tavg_avg_cwb,IN-12-0236,2,avg_tavg_z,avg_cwb_z,,,,,,,,,,,0.8011668415542544,0.12110088507304026,,
6,,,avg_tavg_avg_cwb,IN-12-0528,2,avg_tavg_z,avg_cwb_z,,,,,,,,,,,0.5984917575462174,0.7155227044222484,,
10,,,avg_tavg_avg_cwb,IN-12-0528,2,avg_tavg_z,avg_cwb_z,,,,,,,,,,,0.6854496392592752,0.7793361236807117,,
14,,,avg_tavg_avg_cwb,IN-12-0528,2,avg_tavg_z,avg_cwb_z,,,,,,,,,,,0.681824809412135,0.7904201646276438,,
6,,,avg_tavg_avg_cwb,IN-12-0529,2,avg_tavg_z,avg_cwb_z,,,,,,,,,,,0.033877229115188603,0.10812777582326136,,
10,,,avg_tavg_avg_cwb,IN-12-0529,2,avg_tavg_z,avg_cwb_z,,,,,,,,,,,-0.13838724380450257,0.21294178841465214,,
14,,,avg_tavg_avg_cwb,IN-12-0529,2,avg_tavg_z,avg_cwb_z,,,,,,,,,,,-0.0024650085246209984,0.3323205969868951,,
6,,,avg_tavg_avg_cwb,IN-12-0530,2,avg_tavg_z,avg_cwb_z,,,,,,,,,,,0.16916980369082452,-0.13813616400987547,,
10,,,avg_tavg_avg_cwb,IN-12-0530,2,avg_tavg_z,avg_cwb_z,,,,,,,,,,,0.23895052275368708,0.11119239076915374,,
14,,,avg_tavg_avg_cwb,IN-12-0530,2,avg_tavg_z,avg_cwb_z,,,,,,,,,,,0.29591968951375736,0.025949140429320894,,
6,,,avg_tavg_avg_cwb,IN-12-0531,2,avg_tavg_z,avg_cwb_z,,,,,,,,,,,0.3026252072768984,-0.10208417936503074,,
10,,,avg_tavg_avg_cwb,IN-12-0531,2,avg_tavg_z,avg_cwb_z,,,,,,,,,,,0.38936366914992726,0.14090691492210466,,
14,,,avg_tavg_avg_cwb,IN-12-0531,2,avg_tavg_z,avg_cwb_z,,,,,,,,,,,0.49906250680200764,0.12311294346515023,,
6,,,avg_tavg_avg_cwb,IN-12-0532,2,avg_tavg_z,avg_cwb_z,,,,,,,,,,,0.07788349572739735,-0.03029084072821957,,
10,,,avg_tavg_avg_cwb,IN-12-0532,2,avg_tavg_z,avg_cwb_z,,,,,,,,,,,0.06844223108079739,0.1461055077928119,,
14,,,avg_tavg_avg_cwb,IN-12-0532,2,avg_tavg_z,avg_cwb_z,,,,,,,,,,,0.11530687474268853,0.41455454008896087,,
6,,,avg_tavg_avg_cwb,IN-12-0533,2,avg_tavg_z,avg_cwb_z,,,,,,,,,,,0.5585031771526859,0.22643654946321629,,
10,,,avg_tavg_avg_cwb,IN-12-0533,2,avg_tavg_z,avg_cwb_z,,,,,,,,,,,0.6251098467170955,0.17970839203128258,,
14,,,avg_tavg_avg_cwb,IN-12-0533,2,avg_tavg_z,avg_cwb_z,,,,,,,,,,,0.5970093200279494,0.17104991005159184,,
6,,,avg_tavg_avg_cwb,IN-12-0547,2,avg_tavg_z,avg_cwb_z,,,,,,,,,,,0.47640874229371555,0.4841101341548925,,
10,,,avg_tavg_avg_cwb,IN-12-0547,2,avg_tavg_z,avg_cwb_z,,,,,,,,,,,0.5902317578563457,0.5393939277204789,,
14,,,avg_tavg_avg_cwb,IN-12-0547,2,avg_tavg_z,avg_cwb_z,,,,,,,,,,,0.6246769043341269,0.6296151767936351,,
6,,,avg_tavg_avg_cwb,IN-12-0548,2,avg_tavg_z,avg_cwb_z,,,,,,,,,,,0.5505760398490178,0.5400652631634115,,
10,,,avg_tavg_avg_cwb,IN-12-0548,2,avg_tavg_z,avg_cwb_z,,,,,,,,,,,0.6746094332173518,0.6282909650345956,,
14,,,avg_tavg_avg_cwb,IN-12-0548,2,avg_tavg_z,avg_cwb_z,,,,,,,,,,,0.6439842860154724,0.7123747767150072,,
6,,,avg_tavg_avg_cwb,IN-12-1028,2,avg_tavg_z,avg_cwb_z,,,,,,,,,,,0.47049750013508607,-0.23853169067582974,,
10,,,avg_tavg_avg_cwb,IN-12-1028,2,avg_tavg_z,avg_cwb_z,,,,,,,,,,,0.4719976427266294,-0.0502764340637573,,
14,,,avg_tavg_avg_cwb,IN-12-1028,2,avg_tavg_z,avg_cwb_z,,,,,,,,,,,0.4849051897767141,-0.04030437610167156,,
6,,,avg_tavg_avg_cwb,IN-12-1029,2,avg_tavg_z,avg_cwb_z,,,,,,,,,,,0.35514855149331737,0.08522158844953942,,
10,,,avg_tavg_avg_cwb,IN-12-1029,2,avg_tavg_z,avg_cwb_z,,,,,,,,,,,0.3834422820742327,0.2539347937693104,,
14,,,avg_tavg_avg_cwb,IN-12-1029,2,avg_tavg_z,avg_cwb_z,,,,,,,,,,,0.4827767811276572,0.3660320270592174,,
6,,,avg_tavg_avg_cwb,IN-12-1031,2,avg_tavg_z,avg_cwb_z,,,,,,,,,,,0.5127912606105236,0.5397125517342436,,
10,,,avg_tavg_avg_cwb,IN-12-1031,2,avg_tavg_z,avg_cwb_z,,,,,,,,,,,0.6368271399209106,0.6243749983505207,,
14,,,avg_tavg_avg_cwb,IN-12-1031,2,avg_tavg_z,avg_cwb_z,,,,,,,,,,,0.6184481995943918,0.6540706044208433,,
6,,,avg_tavg_avg_cwb,IN-12-1033,2,avg_tavg_z,avg_cwb_z,,,,,,,,,,,0.24429116276747037,-0.1015234992533999,,
10,,,avg_tavg_avg_cwb,IN-12-1033,2,avg_tavg_z,avg_cwb_z,,,,,,,,,,,0.2298787460199446,0.07543041050050556,,
14,,,avg_tavg_avg_cwb,IN-12-1033,2,avg_tavg_z,avg_cwb_z,,,,,,,,,,,0.3975808769441689,0.2896367657431315,,
6,,,avg_tavg_avg_cwb,IN-12-1034,2,avg_tavg_z,avg_cwb_z,,,,,,,,,,,0.1628727491281518,-0.16953755006328947,,
10,,,avg_tavg_avg_cwb,IN-12-1034,2,avg_tavg_z,avg_cwb_z,,,,,,,,,,,0.1110806049980247,-0.045723957681783944,,
14,,,avg_tavg_avg_cwb,IN-12-1034,2,avg_tavg_z,avg_cwb_z,,,,,,,,,,,0.21100880915762055,0.15668938456490594,,
6,,,avg_tavg_avg_cwb,IN-12-1036,2,avg_tavg_z,avg_cwb_z,,,,,,,,,,,0.1629793778696969,0.019801742546845184,,
10,,,avg_tavg_avg_cwb,IN-12-1036,2,avg_tavg_z,avg_cwb_z,,,,,,,,,,,-0.006758165312390642,0.1982963005505966,,
14,,,avg_tavg_avg_cwb,IN-12-1036,2,avg_tavg_z,avg_cwb_z,,,,,,,,,,,0.009699198321646386,0.240229912812099,,
6,,,avg_tavg_avg_cwb,IN-12-1037,2,avg_tavg_z,avg_cwb_z,,,,,,,,,,,0.4227850142624069,0.2006786603910154,,
10,,,avg_tavg_avg_cwb,IN-12-1037,2,avg_tavg_z,avg_cwb_z,,,,,,,,,,,0.4642698456019236,0.1745064711421323,,
14,,,avg_tavg_avg_cwb,IN-12-1037,2,avg_tavg_z,avg_cwb_z,,,,,,,,,,,0.5394046938588859,0.19126718789996575,,
6,,,avg_tavg_avg_cwb,IN-12-1038,2,avg_tavg_z,avg_cwb_z,,,,,,,,,,,0.36258349292575687,-0.0069566176093260376,,
10,,,avg_tavg_avg_cwb,IN-12-1038,2,avg_tavg_z,avg_cwb_z,,,,,,,,,,,0.3043676602246583,-0.07681429821854828,,
14,,,avg_tavg_avg_cwb,IN-12-1038,2,avg_tavg_z,avg_cwb_z,,,,,,,,,,,0.5896057629212177,0.1503795344550618,,
6,,,avg_tavg_avg_cwb,IN-12-1039,2,avg_tavg_z,avg_cwb_z,,,,,,,,,,,0.6223392015430618,0.5780479473179889,,
10,,,avg_tavg_avg_cwb,IN-12-1039,2,avg_tavg_z,avg_cwb_z,,,,,,,,,,,0.6941571406771199,0.5920599448798897,,
14,,,avg_tavg_avg_cwb,IN-12-1039,2,avg_tavg_z,avg_cwb_z,,,,,,,,,,,0.7089531500994203,0.6515217573476735,,
6,,,avg_tavg_avg_cwb,IN-12-1040,2,avg_tavg_z,avg_cwb_z,,,,,,,,,,,0.3095736771137586,-0.04792916480209886,,
10,,,avg_tavg_avg_cwb,IN-12-1040,2,avg_tavg_z,avg_cwb_z,,,,,,,,,,,0.18753599370789292,0.0997729659755247,,
14,,,avg_tavg_avg_cwb,IN-12-1040,2,avg_tavg_z,avg_cwb_z,,,,,,,,,,,0.2195491533025685,-0.011926201008800374,,
6,,,avg_tavg_avg_cwb,IN-12-1041,2,avg_tavg_z,avg_cwb_z,,,,,,,,,,,0.5330206943362872,0.6015541468785189,,
10,,,avg_tavg_avg_cwb,IN-12-1041,2,avg_tavg_z,avg_cwb_z,,,,,,,,,,,0.6286792148647697,0.6703829311049356,,
14,,,avg_tavg_avg_cwb,IN-12-1041,2,avg_tavg_z,avg_cwb_z,,,,,,,,,,,0.6034853716950018,0.6734738965401121,,
6,,,avg_tavg_avg_cwb,IN-12-1042,2,avg_tavg_z,avg_cwb_z,,,,,,,,,,,0.3464470966827191,0.3174669085802613,,
10,,,avg_tavg_avg_cwb,IN-12-1042,2,avg_tavg_z,avg_cwb_z,,,,,,,,,,,0.28852385660473956,0.35484001990489783,,
14,,,avg_tavg_avg_cwb,IN-12-1042,2,avg_tavg_z,avg_cwb_z,,,,,,,,,,,0.4455470361169411,0.4170701491875464,,
6,,,avg_tavg_avg_cwb,IN-12-1044,2,avg_tavg_z,avg_cwb_z,,,,,,,,,,,0.1462558757041103,0.25828048018298333,,
10,,,avg_tavg_avg_cwb,IN-12-1044,2,avg_tavg_z,avg_cwb_z,,,,,,,,,,,-0.0132887017079388,0.3940686811035321,,
14,,,avg_tavg_avg_cwb,IN-12-1044,2,avg_tavg_z,avg_cwb_z,,,,,,,,,,,0.08321233698101735,0.5173084453089462,,
6,,,avg_tavg_avg_cwb,IN-12-1045,2,avg_tavg_z,avg_cwb_z,,,,,,,,,,,0.3306822162352522,-0.2134783819314075,,
10,,,avg_tavg_avg_cwb,IN-12-1045,2,avg_tavg_z,avg_cwb_z,,,,,,,,,,,0.3370930370182439,-0.16785885040465504,,
14,,,avg_tavg_avg_cwb,IN-12-1045,2,avg_tavg_z,avg_cwb_z,,,,,,,,,,,0.4075754431889383,-0.10423549046152802,,
6,,,avg_tavg_avg_cwb,IN-12-1046,2,avg_tavg_z,avg_cwb_z,,,,,,,,,,,0.31316387006039675,-0.11467060418717326,,
10,,,avg_tavg_avg_cwb,IN-12-1046,2,avg_tavg_z,avg_cwb_z,,,,,,,,,,,0.2616297780314401,0.23407483890653052,,
14,,,avg_tavg_avg_cwb,IN-12-1046,2,avg_tavg_z,avg_cwb_z,,,,,,,,,,,0.35959258664143007,0.3620778586568883,,
6,,,avg_tavg_avg_cwb,IN-12-2013,2,avg_tavg_z,avg_cwb_z,,,,,,,,,,,0.08601593093767762,-0.1700893407032089,,
6,,,avg_tavg_avg_cwb,IN-13-0801,2,avg_tavg_z,avg_cwb_z,,,,,,,,,,,-0.09882423287545924,-0.10664345370889364,,
10,,,avg_tavg_avg_cwb,IN-13-0801,2,avg_tavg_z,avg_cwb_z,,,,,,,,,,,0.04719348567801518,-0.07718103411378843,,
14,,,avg_tavg_avg_cwb,IN-13-0801,2,avg_tavg_z,avg_cwb_z,,,,,,,,,,,0.12803261351128994,0.037758185328239345,,
6,,,avg_tavg_avg_cwb,IN-13-0802,2,avg_tavg_z,avg_cwb_z,,,,,,,,,,,-0.0696979396608778,-0.3886903931972639,,
10,,,avg_tavg_avg_cwb,IN-13-0802,2,avg_tavg_z,avg_cwb_z,,,,,,,,,,,-0.026643212041366854,-0.4926402628615385,,
14,,,avg_tavg_avg_cwb,IN-13-0802,2,avg_tavg_z,avg_cwb_z,,,,,,,,,,,-0.06414028245593335,-0.52855230422306,,
6,,,avg_tavg_avg_cwb,IN-13-0803,2,avg_tavg_z,avg_cwb_z,,,,,,,,,,,-0.45740557257776643,-0.01387508053132506,,
10,,,avg_tavg_avg_cwb,IN-13-0803,2,avg_tavg_z,avg_cwb_z,,,,,,,,,,,-0.12198698925364493,0.21962106972478682,,
14,,,avg_tavg_avg_cwb,IN-13-0803,2,avg_tavg_z,avg_cwb_z,,,,,,,,,,,-0.33219939221861017,0.15977661973928395,,
6,,,avg_tavg_avg_cwb,IN-13-0804,2,avg_tavg_z,avg_cwb_z,,,,,,,,,,,-0.470434780260969,0.08413191520300861,,
10,,,avg_tavg_avg_cwb,IN-13-0804,2,avg_tavg_z,avg_cwb_z,,,,,,,,,,,-0.19930841294465057,0.20850272496028827,,
14,,,avg_tavg_avg_cwb,IN-13-0804,2,avg_tavg_z,avg_cwb_z,,,,,,,,,,,-0.21145898568820817,0.3810596746406606,,
6,,,avg_tavg_avg_cwb,IN-13-0805,2,avg_tavg_z,avg_cwb_z,,,,,,,,,,,-0.2870744310255344,-0.3298617920087342,,
10,,,avg_tavg_avg_cwb,IN-13-0805,2,avg_tavg_z,avg_cwb_z,,,,,,,,,,,-0.3113513504639832,-0.24465196854276003,,
14,,,avg_tavg_avg_cwb,IN-13-0805,2,avg_tavg_z,avg_cwb_z,,,,,,,,,,,-0.34165270887913596,-0.2689874578707748,,
6,,,avg_tavg_avg_cwb,IN-13-0806,2,avg_tavg_z,avg_cwb_z,,,,,,,,,,,-0.4970100959380012,-0.06221843239664249,,
10,,,avg_tavg_avg_cwb,IN-13-0806,2,avg_tavg_z,avg_cwb_z,,,,,,,,,,,-0.30955390317116904,-0.15762201507681523,,
14,,,avg_tavg_avg_cwb,IN-13-0806,2,avg_tavg_z,avg_cwb_z,,,,,,,,,,,-0.38516605852039676,-0.20105285623533903,,
6,,,avg_tavg_avg_cwb,IN-13-0807,2,avg_tavg_z,avg_cwb_z,,,,,,,,,,,0.0678228513455128,-0.2046047812874577,,
10,,,avg_tavg_avg_cwb,IN-13-0807,2,avg_tavg_z,avg_cwb_z,,,,,,,,,,,0.012110861698713723,-0.09077298895251014,,
14,,,avg_tavg_avg_cwb,IN-13-0807,2,avg_tavg_z,avg_cwb_z,,,,,,,,,,,0.07990727995639747,-0.06629073381492757,,
6,,,avg_tavg_avg_cwb,IN-13-0810,2,avg_tavg_z,avg_cwb_z,,,,,,,,,,,-0.20218444285819887,-0.35106465524042546,,
10,,,avg_tavg_avg_cwb,IN-13-0810,2,avg_tavg_z,avg_cwb_z,,,,,,,,,,,-0.2716307127320754,-0.21405044613888222,,
14,,,avg_tavg_avg_cwb,IN-13-0810,2,avg_tavg_z,avg_cwb_z,,,,,,,,,,,-0.28401607600283335,-0.15987153127216433,,
6,,,avg_tavg_avg_cwb,IN-13-0814,2,avg_tavg_z,avg_cwb_z,,,,,,,,,,,-0.19001672978724252,0.30507510625533335,,
10,,,avg_tavg_avg_cwb,IN-13-0814,2,avg_tavg_z,avg_cwb_z,,,,,,,,,,,-0.11417304514051854,0.12594582323793097,,
14,,,avg_tavg_avg_cwb,IN-13-0814,2,avg_tavg_z,avg_cwb_z,,,,,,,,,,,-0.16755064675394693,0.2883695880703006,,
6,,,avg_tavg_avg_cwb,IN-13-0816,2,avg_tavg_z,avg_cwb_z,,,,,,,,,,,0.335299011517474,0.0559081858467332,,
10,,,avg_tavg_avg_cwb,IN-13-0816,2,avg_tavg_z,avg_cwb_z,,,,,,,,,,,0.3781228245415775,0.2735124546440561,,
14,,,avg_tavg_avg_cwb,IN-13-0816,2,avg_tavg_z,avg_cwb_z,,,,,,,,,,,0.41841495896817593,0.33189898115550953,,
6,,,avg_tavg_avg_cwb,IN-13-0817,2,avg_tavg_z,avg_cwb_z,,,,,,,,,,,-0.05011305237914199,-0.17313152480431038,,
10,,,avg_tavg_avg_cwb,IN-13-0817,2,avg_tavg_z,avg_cwb_z,,,,,,,,,,,0.09158860789042397,-0.09615796177741155,,
14,,,avg_tavg_avg_cwb,IN-13-0817,2,avg_tavg_z,avg_cwb_z,,,,,,,,,,,-0.004491583353462877,-0.15487796840450213,,
6,,,avg_tavg_avg_cwb,IN-13-0819,2,avg_tavg_z,avg_cwb_z,,,,,,,,,,,0.0012525414082860543,0.2871646325864107,,
10,,,avg_tavg_avg_cwb,IN-13-0819,2,avg_tavg_z,avg_cwb_z,,,,,,,,,,,0.0489452751919169,0.36059958421657295,,
14,,,avg_tavg_avg_cwb,IN-13-0819,2,avg_tavg_z,avg_cwb_z,,,,,,,,,,,0.09887286186186131,0.4625555173381469,,
6,,,avg_tavg_avg_cwb,IN-13-0820,2,avg_tavg_z,avg_cwb_z,,,,,,,,,,,-0.0698299573955159,0.310896860999215,,
10,,,avg_tavg_avg_cwb,IN-13-0820,2,avg_tavg_z,avg_cwb_z,,,,,,,,,,,0.03558369839906915,0.3708279972555769,,
14,,,avg_tavg_avg_cwb,IN-13-0820,2,avg_tavg_z,avg_cwb_z,,,,,,,,,,,0.003450591737518305,0.5104932857884525,,
6,,,avg_tavg_avg_cwb,IN-13-0824,2,avg_tavg_z,avg_cwb_z,,,,,,,,,,,-0.01570094750849265,-0.23689430150372176,,
10,,,avg_tavg_avg_cwb,IN-13-0824,2,avg_tavg_z,avg_cwb_z,,,,,,,,,,,-0.13054854158296067,-0.17649826212741992,,
14,,,avg_tavg_avg_cwb,IN-13-0824,2,avg_tavg_z,avg_cwb_z,,,,,,,,,,,-0.056132820466494725,-0.05054516300256462,,
6,,,avg_tavg_avg_cwb,IN-14-0001,2,avg_tavg_z,avg_cwb_z,,,,,,,,,,,-0.15523249039325493,0.12511051943289148,,
10,,,avg_tavg_avg_cwb,IN-14-0001,2,avg_tavg_z,avg_cwb_z,,,,,,,,,,,-0.4566452812533668,-0.01022301296897673,,
14,,,avg_tavg_avg_cwb,IN-14-0001,2,avg_tavg_z,avg_cwb_z,,,,,,,,,,,-0.3624612945633842,0.18593641128312408,,
6,,,avg_tavg_avg_cwb,IN-14-0002,2,avg_tavg_z,avg_cwb_z,,,,,,,,,,,-0.05221362741586524,-0.006956550804794809,,
10,,,avg_tavg_avg_cwb,IN-14-0002,2,avg_tavg_z,avg_cwb_z,,,,,,,,,,,-0.15983115455226776,-0.07584654205753849,,
14,,,avg_tavg_avg_cwb,IN-14-0002,2,avg_tavg_z,avg_cwb_z,,,,,,,,,,,0.16241451299336526,-0.052032693472696845,,
6,,,avg_tavg_avg_cwb,IN-14-0003,2,avg_tavg_z,avg_cwb_z,,,,,,,,,,,-0.02364983248779276,0.46405527378565026,,
10,,,avg_tavg_avg_cwb,IN-14-0003,2,avg_tavg_z,avg_cwb_z,,,,,,,,,,,-0.23523635495483147,0.4505003305662436,,
14,,,avg_tavg_avg_cwb,IN-14-0003,2,avg_tavg_z,avg_cwb_z,,,,,,,,,,,-0.1924996836409314,0.5215748226579415,,
6,,,avg_tavg_avg_cwb,IN-14-0004,2,avg_tavg_z,avg_cwb_z,,,,,,,,,,,0.14916963055638702,0.3300847990960728,,
10,,,avg_tavg_avg_cwb,IN-14-0004,2,avg_tavg_z,avg_cwb_z,,,,,,,,,,,0.20043904959725206,0.4567040581534737,,
14,,,avg_tavg_avg_cwb,IN-14-0004,2,avg_tavg_z,avg_cwb_z,,,,,,,,,,,-0.08363077340530667,0.5900273215794527,,
6,,,avg_tavg_avg_cwb,IN-14-0005,2,avg_tavg_z,avg_cwb_z,,,,,,,,,,,0.20930216949921326,0.6342047204148853,,
10,,,avg_tavg_avg_cwb,IN-14-0005,2,avg_tavg_z,avg_cwb_z,,,,,,,,,,,0.2897861752387781,0.6793510836870277,,
14,,,avg_tavg_avg_cwb,IN-14-0005,2,avg_tavg_z,avg_cwb_z,,,,,,,,,,,0.25190750597556666,0.6845731394771992,,
6,,,avg_tavg_avg_cwb,IN-14-0006,2,avg_tavg_z,avg_cwb_z,,,,,,,,,,,0.029190406242404134,-0.05401008646433606,,
10,,,avg_tavg_avg_cwb,IN-14-0006,2,avg_tavg_z,avg_cwb_z,,,,,,,,,,,0.22792877813836077,0.01566906859801955,,
14,,,avg_tavg_avg_cwb,IN-14-0006,2,avg_tavg_z,avg_cwb_z,,,,,,,,,,,0.22413650569487506,0.1875334412086976,,
6,,,avg_tavg_avg_cwb,IN-14-0501,2,avg_tavg_z,avg_cwb_z,,,,,,,,,,,-0.022364615545167443,0.1041261101093797,,
10,,,avg_tavg_avg_cwb,IN-14-0501,2,avg_tavg_z,avg_cwb_z,,,,,,,,,,,-0.09106187146219843,0.036537397266542794,,
14,,,avg_tavg_avg_cwb,IN-14-0501,2,avg_tavg_z,avg_cwb_z,,,,,,,,,,,-0.003594808837077387,0.32228935010573545,,
6,,,avg_tavg_avg_cwb,IN-14-1055,2,avg_tavg_z,avg_cwb_z,,,,,,,,,,,-0.01999985256248596,-0.08742086837249737,,
10,,,avg_tavg_avg_cwb,IN-14-1055,2,avg_tavg_z,avg_cwb_z,,,,,,,,,,,0.010499486637257194,-0.2545718105528061,,
6,,,avg_tavg_avg_cwb,IN-14-1056,2,avg_tavg_z,avg_cwb_z,,,,,,,,,,,-0.3592740957116295,-0.11285329069993606,,
10,,,avg_tavg_avg_cwb,IN-14-1056,2,avg_tavg_z,avg_cwb_z,,,,,,,,,,,-0.43638504580664084,-0.2345801394131743,,
14,,,avg_tavg_avg_cwb,IN-14-1056,2,avg_tavg_z,avg_cwb_z,,,,,,,,,,,-0.3131649827469343,-0.20069838309107185,,
6,,,avg_tavg_avg_cwb,IN-14-1059,2,avg_tavg_z,avg_cwb_z,,,,,,,,,,,0.12646676005996169,0.3229046064316699,,
10,,,avg_tavg_avg_cwb,IN-14-1059,2,avg_tavg_z,avg_cwb_z,,,,,,,,,,,0.19180898608519031,0.32478964041978836,,
14,,,avg_tavg_avg_cwb,IN-14-1059,2,avg_tavg_z,avg_cwb_z,,,,,,,,,,,0.1309755091235138,0.3304580919195945,,
6,,,avg_tavg_avg_cwb,IN-14-1065,2,avg_tavg_z,avg_cwb_z,,,,,,,,,,,0.13913181455424597,0.06033376225277178,,
10,,,avg_tavg_avg_cwb,IN-14-1065,2,avg_tavg_z,avg_cwb_z,,,,,,,,,,,0.18313900992612045,0.09381945490946744,,
14,,,avg_tavg_avg_cwb,IN-14-1065,2,avg_tavg_z,avg_cwb_z,,,,,,,,,,,0.18224323983096347,-0.040829872392997145,,
6,,,avg_tavg_avg_cwb,IN-14-1066,2,avg_tavg_z,avg_cwb_z,,,,,,,,,,,0.15768825972029604,0.06404736346827325,,
10,,,avg_tavg_avg_cwb,IN-14-1066,2,avg_tavg_z,avg_cwb_z,,,,,,,,,,,0.38840319060971185,0.1788173334127941,,
14,,,avg_tavg_avg_cwb,IN-14-1066,2,avg_tavg_z,avg_cwb_z,,,,,,,,,,,0.37242785118289123,0.3148623309121598,,
6,,,avg_tavg_avg_cwb,IN-14-1067,2,avg_tavg_z,avg_cwb_z,,,,,,,,,,,-0.02122829570930797,0.2236206946350289,,
10,,,avg_tavg_avg_cwb,IN-14-1067,2,avg_tavg_z,avg_cwb_z,,,,,,,,,,,-0.026469062800731757,0.11384001690306515,,
14,,,avg_tavg_avg_cwb,IN-14-1067,2,avg_tavg_z,avg_cwb_z,,,,,,,,,,,-0.26409842801540695,-0.03914979993226055,,
6,,,avg_tavg_avg_cwb,IN-14-1068,2,avg_tavg_z,avg_cwb_z,,,,,,,,,,,0.16019274423786056,0.1300876733799244,,
10,,,avg_tavg_avg_cwb,IN-14-1068,2,avg_tavg_z,avg_cwb_z,,,,,,,,,,,0.18717054869388564,0.04895062361165442,,
14,,,avg_tavg_avg_cwb,IN-14-1068,2,avg_tavg_z,avg_cwb_z,,,,,,,,,,,0.2349122163460673,0.2084677551250354,,
6,,,avg_tavg_avg_cwb,IN-14-1069,2,avg_tavg_z,avg_cwb_z,,,,,,,,,,,0.014091274907268189,0.6234642339143346,,
10,,,avg_tavg_avg_cwb,IN-14-1069,2,avg_tavg_z,avg_cwb_z,,,,,,,,,,,-0.12027498032404552,0.6842445155931542,,
14,,,avg_tavg_avg_cwb,IN-14-1069,2,avg_tavg_z,avg_cwb_z,,,,,,,,,,,0.07928571037053105,0.6145218013050646,,
6,,,avg_tavg_avg_cwb,IN-14-1070,2,avg_tavg_z,avg_cwb_z,,,,,,,,,,,-0.33167142842502473,-0.2614745588881984,,
10,,,avg_tavg_avg_cwb,IN-14-1070,2,avg_tavg_z,avg_cwb_z,,,,,,,,,,,-0.3578092821638513,-0.3711781352441113,,
14,,,avg_tavg_avg_cwb,IN-14-1070,2,avg_tavg_z,avg_cwb_z,,,,,,,,,,,-0.3980703944534495,-0.3303547407597248,,
6,,,avg_tavg_avg_cwb,IN-14-2015,2,avg_tavg_z,avg_cwb_z,,,,,,,,,,,-0.7564939285046697,-0.6002924161492365,,
6,,,avg_tavg_avg_cwb,IN-15-0910,2,avg_tavg_z,avg_cwb_z,,,,,,,,,,,-0.4526119885979134,0.03829374979593767,,
10,,,avg_tavg_avg_cwb,IN-15-0910,2,avg_tavg_z,avg_cwb_z,,,,,,,,,,,-0.2920367578248072,0.024358746720825022,,
14,,,avg_tavg_avg_cwb,IN-15-0910,2,avg_tavg_z,avg_cwb_z,,,,,,,,,,,-0.3601019171735626,0.010667670245548119,,
6,,,avg_tavg_avg_cwb,IN-15-0913,2,avg_tavg_z,avg_cwb_z,,,,,,,,,,,0.11659461504815985,-0.15511090275874528,,
10,,,avg_tavg_avg_cwb,IN-15-0913,2,avg_tavg_z,avg_cwb_z,,,,,,,,,,,0.2144972567518358,-0.4185781150453106,,
14,,,avg_tavg_avg_cwb,IN-15-0913,2,avg_tavg_z,avg_cwb_z,,,,,,,,,,,0.37009279746188667,-0.30661619218192526,,
6,,,avg_tavg_avg_cwb,IN-15-0914,2,avg_tavg_z,avg_cwb_z,,,,,,,,,,,0.0804854964131942,-0.15872914018468554,,
10,,,avg_tavg_avg_cwb,IN-15-0914,2,avg_tavg_z,avg_cwb_z,,,,,,,,,,,0.1290781858451946,-0.24695559926995853,,
14,,,avg_tavg_avg_cwb,IN-15-0914,2,avg_tavg_z,avg_cwb_z,,,,,,,,,,,0.2130652058942088,-0.37140313569592387,,
6,,,avg_tavg_avg_cwb,IN-15-0915,2,avg_tavg_z,avg_cwb_z,,,,,,,,,,,-0.08585307655305963,-0.28301967594534255,,
10,,,avg_tavg_avg_cwb,IN-15-0915,2,avg_tavg_z,avg_cwb_z,,,,,,,,,,,0.006392755260051975,-0.5034105621861671,,
14,,,avg_tavg_avg_cwb,IN-15-0915,2,avg_tavg_z,avg_cwb_z,,,,,,,,,,,-0.025772221708826204,-0.3439446345939695,,
6,,,avg_tavg_avg_cwb,IN-15-0916,2,avg_tavg_z,avg_cwb_z,,,,,,,,,,,0.135876745923523,-0.032127332314603144,,
10,,,avg_tavg_avg_cwb,IN-15-0916,2,avg_tavg_z,avg_cwb_z,,,,,,,,,,,0.17412561938181212,-0.21579619812019257,,
14,,,avg_tavg_avg_cwb,IN-15-0916,2,avg_tavg_z,avg_cwb_z,,,,,,,,,,,0.21474963606941172,-0.08428557411720132,,
6,,,avg_tavg_avg_cwb,IN-15-0933,2,avg_tavg_z,avg_cwb_z,,,,,,,,,,,-0.034204374352491476,-0.09840363585311544,,
10,,,avg_tavg_avg_cwb,IN-15-0933,2,avg_tavg_z,avg_cwb_z,,,,,,,,,,,0.07790902248633941,-0.11539808475545685,,
14,,,avg_tavg_avg_cwb,IN-15-0933,2,avg_tavg_z,avg_cwb_z,,,,,,,,,,,0.09193997405164574,0.0029868064753876397,,
6,,,avg_tavg_avg_cwb,IN-15-0937,2,avg_tavg_z,avg_cwb_z,,,,,,,,,,,-0.36364234402975215,0.2805842210301859,,
10,,,avg_tavg_avg_cwb,IN-15-0937,2,avg_tavg_z,avg_cwb_z,,,,,,,,,,,-0.3956908490630777,0.32127898433337737,,
14,,,avg_tavg_avg_cwb,IN-15-0937,2,avg_tavg_z,avg_cwb_z,,,,,,,,,,,-0.312596030148057,0.34260131613311573,,
6,,,avg_tavg_avg_cwb,IN-15-0938,2,avg_tavg_z,avg_cwb_z,,,,,,,,,,,-0.29098184590145537,0.09245476453370101,,
10,,,avg_tavg_avg_cwb,IN-15-0938,2,avg_tavg_z,avg_cwb_z,,,,,,,,,,,-0.3825923678847024,0.24377074122989958,,
14,,,avg_tavg_avg_cwb,IN-15-0938,2,avg_tavg_z,avg_cwb_z,,,,,,,,,,,-0.36875168357241767,0.2177947819151184,,
6,,,avg_tavg_avg_cwb,IN-15-0940,2,avg_tavg_z,avg_cwb_z,,,,,,,,,,,-0.34525386684750947,-0.08212957735836304,,
10,,,avg_tavg_avg_cwb,IN-15-0940,2,avg_tavg_z,avg_cwb_z,,,,,,,,,,,-0.14803522815383668,0.04469995821586862,,
14,,,avg_tavg_avg_cwb,IN-15-0940,2,avg_tavg_z,avg_cwb_z,,,,,,,,,,,-0.12805486985312567,0.09807329387369589,,
6,,,avg_tavg_avg_cwb,IN-15-0941,2,avg_tavg_z,avg_cwb_z,,,,,,,,,,,0.008348832865719353,-0.10478986570462685,,
10,,,avg_tavg_avg_cwb,IN-15-0941,2,avg_tavg_z,avg_cwb_z,,,,,,,,,,,0.03649369841151818,-0.2878244338230493,,
14,,,avg_tavg_avg_cwb,IN-15-0941,2,avg_tavg_z,avg_cwb_z,,,,,,,,,,,0.01577473818587145,-0.24119427806993002,,
6,,,avg_tavg_avg_cwb,IN-15-0942,2,avg_tavg_z,avg_cwb_z,,,,,,,,,,,-0.00893447780741744,-0.20281876663185172,,
10,,,avg_tavg_avg_cwb,IN-15-0942,2,avg_tavg_z,avg_cwb_z,,,,,,,,,,,0.13708374260967898,-0.5001007119197913,,
14,,,avg_tavg_avg_cwb,IN-15-0942,2,avg_tavg_z,avg_cwb_z,,,,,,,,,,,0.06263383657265365,-0.4763497267822386,,
6,,,avg_tavg_avg_cwb,IN-15-0943,2,avg_tavg_z,avg_cwb_z,,,,,,,,,,,0.3065408321357743,-0.22121948816347164,,
10,,,avg_tavg_avg_cwb,IN-15-0943,2,avg_tavg_z,avg_cwb_z,,,,,,,,,,,0.4221419236717516,-0.009752495895558318,,
6,,,avg_tavg_avg_cwb,IN-15-0944,2,avg_tavg_z,avg_cwb_z,,,,,,,,,,,0.016398642394719155,0.0026048563332524144,,
10,,,avg_tavg_avg_cwb,IN-15-0944,2,avg_tavg_z,avg_cwb_z,,,,,,,,,,,-0.044313772599501124,-0.1434166982929072,,
6,,,avg_tavg_avg_cwb,IN-15-0952,2,avg_tavg_z,avg_cwb_z,,,,,,,,,,,0.20723307359786974,-0.11510126420868268,,
10,,,avg_tavg_avg_cwb,IN-15-0952,2,avg_tavg_z,avg_cwb_z,,,,,,,,,,,0.2528747086716375,-0.20608041558721735,,
14,,,avg_tavg_avg_cwb,IN-15-0952,2,avg_tavg_z,avg_cwb_z,,,,,,,,,,,0.21881075387985258,-0.07678845098880313,,
6,,,avg_tavg_avg_cwb,IN-15-0953,2,avg_tavg_z,avg_cwb_z,,,,,,,,,,,0.22427211887137388,-0.010907751962839716,,
10,,,avg_tavg_avg_cwb,IN-15-0953,2,avg_tavg_z,avg_cwb_z,,,,,,,,,,,0.3131001053884198,0.0023845431279513607,,
14,,,avg_tavg_avg_cwb,IN-15-0953,2,avg_tavg_z,avg_cwb_z,,,,,,,,,,,0.2877332289937438,-0.002182052781113636,,
6,,,avg_tavg_avg_cwb,IN-15-0954,2,avg_tavg_z,avg_cwb_z,,,,,,,,,,,-0.11544523934693021,-0.18707983746316054,,
10,,,avg_tavg_avg_cwb,IN-15-0954,2,avg_tavg_z,avg_cwb_z,,,,,,,,,,,-0.14203390343798733,-0.39296367871149795,,
14,,,avg_tavg_avg_cwb,IN-15-0954,2,avg_tavg_z,avg_cwb_z,,,,,,,,,,,-0.272377537044885,-0.3049935843719143,,
6,,,avg_tavg_avg_cwb,IN-15-0955,2,avg_tavg_z,avg_cwb_z,,,,,,,,,,,-0.045693845815229325,-0.2531825008856015,,
10,,,avg_tavg_avg_cwb,IN-15-0955,2,avg_tavg_z,avg_cwb_z,,,,,,,,,,,0.04343701177835911,-0.4975937460294153,,
14,,,avg_tavg_avg_cwb,IN-15-0955,2,avg_tavg_z,avg_cwb_z,,,,,,,,,,,0.08322870773403637,-0.42679771115601967,,
6,,,avg_tavg_avg_cwb,IN-15-0957,2,avg_tavg_z,avg_cwb_z,,,,,,,,,,,-0.5396636819103222,-0.1281125214387428,,
10,,,avg_tavg_avg_cwb,IN-15-0957,2,avg_tavg_z,avg_cwb_z,,,,,,,,,,,-0.5635021989054915,-0.21705787640539476,,
14,,,avg_tavg_avg_cwb,IN-15-0957,2,avg_tavg_z,avg_cwb_z,,,,,,,,,,,-0.5820035442995146,-0.09550439109597349,,
6,,,avg_tavg_avg_cwb,IN-15-0962,2,avg_tavg_z,avg_cwb_z,,,,,,,,,,,-0.08214659363154361,-0.10239845446558196,,
10,,,avg_tavg_avg_cwb,IN-15-0962,2,avg_tavg_z,avg_cwb_z,,,,,,,,,,,-0.010699618635085296,-0.026799709919613213,,
6,,,avg_tavg_avg_cwb,IN-15-0963,2,avg_tavg_z,avg_cwb_z,,,,,,,,,,,-0.4218552200458679,-0.15888994721069044,,
10,,,avg_tavg_avg_cwb,IN-15-0963,2,avg_tavg_z,avg_cwb_z,,,,,,,,,,,-0.2712662162886599,-0.10827319379458271,,
6,,,avg_tavg_avg_cwb,IN-15-0964,2,avg_tavg_z,avg_cwb_z,,,,,,,,,,,0.16794618720595103,0.2721172373114698,,
10,,,avg_tavg_avg_cwb,IN-15-0964,2,avg_tavg_z,avg_cwb_z,,,,,,,,,,,0.018265249138644205,0.07919500497031934,,
6,,,avg_tavg_avg_cwb,IN-15-0965,2,avg_tavg_z,avg_cwb_z,,,,,,,,,,,0.031692567350821,-0.13292755353801705,,
10,,,avg_tavg_avg_cwb,IN-15-0965,2,avg_tavg_z,avg_cwb_z,,,,,,,,,,,-0.15326601937927514,-0.31582153490923376,,
6,,,avg_tavg_avg_cwb,IN-16-0237,2,avg_tavg_z,avg_cwb_z,,,,,,,,,,,0.2636168964725297,-0.37005865873604377,,
10,,,avg_tavg_avg_cwb,IN-16-0237,2,avg_tavg_z,avg_cwb_z,,,,,,,,,,,0.3681583641166736,-0.4267152835936499,,
14,,,avg_tavg_avg_cwb,IN-16-0237,2,avg_tavg_z,avg_cwb_z,,,,,,,,,,,0.38961052656604334,-0.6602412802988594,,
6,,,avg_tavg_avg_cwb,IN-16-0238,2,avg_tavg_z,avg_cwb_z,,,,,,,,,,,-0.25536642726649667,-0.2629668492087534,,
10,,,avg_tavg_avg_cwb,IN-16-0238,2,avg_tavg_z,avg_cwb_z,,,,,,,,,,,-0.14498377511535399,-0.40503592982286013,,
14,,,avg_tavg_avg_cwb,IN-16-0238,2,avg_tavg_z,avg_cwb_z,,,,,,,,,,,-0.18627199749108717,-0.4250644650104915,,
6,,,avg_tavg_avg_cwb,IN-16-0239,2,avg_tavg_z,avg_cwb_z,,,,,,,,,,,-0.05299065000434926,0.1232453136219254,,
10,,,avg_tavg_avg_cwb,IN-16-0239,2,avg_tavg_z,avg_cwb_z,,,,,,,,,,,0.15186095332370458,0.2572408866555554,,
14,,,avg_tavg_avg_cwb,IN-16-0239,2,avg_tavg_z,avg_cwb_z,,,,,,,,,,,-0.0912481120329732,0.23955064307260776,,
6,,,avg_tavg_avg_cwb,IN-16-0240,2,avg_tavg_z,avg_cwb_z,,,,,,,,,,,-0.18032009729285187,-0.2324678487405433,,
10,,,avg_tavg_avg_cwb,IN-16-0240,2,avg_tavg_z,avg_cwb_z,,,,,,,,,,,0.14067482229813133,-0.2861963931062518,,
14,,,avg_tavg_avg_cwb,IN-16-0240,2,avg_tavg_z,avg_cwb_z,,,,,,,,,,,0.25710983831303813,-0.050984595694560916,,
6,,,avg_tavg_avg_cwb,IN-16-0241,2,avg_tavg_z,avg_cwb_z,,,,,,,,,,,-0.02277386649848906,-0.12106508047730838,,
10,,,avg_tavg_avg_cwb,IN-16-0241,2,avg_tavg_z,avg_cwb_z,,,,,,,,,,,0.2934140327156852,0.09964445466528578,,
14,,,avg_tavg_avg_cwb,IN-16-0241,2,avg_tavg_z,avg_cwb_z,,,,,,,,,,,0.5366906798615977,0.12562909636713324,,
6,,,avg_tavg_avg_cwb,IN-16-0242,2,avg_tavg_z,avg_cwb_z,,,,,,,,,,,0.084357280186759,-0.272846238712629,,
10,,,avg_tavg_avg_cwb,IN-16-0242,2,avg_tavg_z,avg_cwb_z,,,,,,,,,,,0.37127070086341674,-0.25651069328683107,,
14,,,avg_tavg_avg_cwb,IN-16-0242,2,avg_tavg_z,avg_cwb_z,,,,,,,,,,,0.44527072461833983,-0.194741492799455,,
6,,,avg_tavg_avg_cwb,IN-16-0243,2,avg_tavg_z,avg_cwb_z,,,,,,,,,,,0.26328222541785673,-0.3165021245932973,,
10,,,avg_tavg_avg_cwb,IN-16-0243,2,avg_tavg_z,avg_cwb_z,,,,,,,,,,,0.3780181320910757,-0.2704165948520357,,
14,,,avg_tavg_avg_cwb,IN-16-0243,2,avg_tavg_z,avg_cwb_z,,,,,,,,,,,0.34564647890962513,-0.43434139122668425,,
6,,,avg_tavg_avg_cwb,IN-16-0244,2,avg_tavg_z,avg_cwb_z,,,,,,,,,,,0.2198137067972791,-0.31118215404936156,,
10,,,avg_tavg_avg_cwb,IN-16-0244,2,avg_tavg_z,avg_cwb_z,,,,,,,,,,,0.3484824673957373,-0.20217946138622378,,
14,,,avg_tavg_avg_cwb,IN-16-0244,2,avg_tavg_z,avg_cwb_z,,,,,,,,,,,0.3622972075765717,-0.14132526762461112,,
6,,,avg_tavg_avg_cwb,IN-16-0527,2,avg_tavg_z,avg_cwb_z,,,,,,,,,,,-0.04223016038783915,-0.29581481962667505,,
10,,,avg_tavg_avg_cwb,IN-16-0527,2,avg_tavg_z,avg_cwb_z,,,,,,,,,,,0.0339051252196487,-0.39618357777207425,,
14,,,avg_tavg_avg_cwb,IN-16-0527,2,avg_tavg_z,avg_cwb_z,,,,,,,,,,,0.07268030696687784,-0.2699622871791279,,
6,,,avg_tavg_avg_cwb,IN-16-1030,2,avg_tavg_z,avg_cwb_z,,,,,,,,,,,0.07794865154497528,-0.06576621724852497,,
10,,,avg_tavg_avg_cwb,IN-16-1030,2,avg_tavg_z,avg_cwb_z,,,,,,,,,,,0.07480216938844302,0.07853506542134789,,
14,,,avg_tavg_avg_cwb,IN-16-1030,2,avg_tavg_z,avg_cwb_z,,,,,,,,,,,0.03186608203033291,-0.004901211496444294,,
6,,,avg_tavg_avg_cwb,IN-16-1032,2,avg_tavg_z,avg_cwb_z,,,,,,,,,,,-0.03077752350654525,-0.21093274040993792,,
10,,,avg_tavg_avg_cwb,IN-16-1032,2,avg_tavg_z,avg_cwb_z,,,,,,,,,,,0.01964072839699892,-0.41971107875030944,,
14,,,avg_tavg_avg_cwb,IN-16-1032,2,avg_tavg_z,avg_cwb_z,,,,,,,,,,,-0.0101798031863967,-0.35434454589812303,,
6,,,avg_tavg_avg_cwb,IN-16-1043,2,avg_tavg_z,avg_cwb_z,,,,,,,,,,,0.16101796136159408,-0.16846471511336464,,
10,,,avg_tavg_avg_cwb,IN-16-1043,2,avg_tavg_z,avg_cwb_z,,,,,,,,,,,0.12588972915296975,0.07543706901409464,,
14,,,avg_tavg_avg_cwb,IN-16-1043,2,avg_tavg_z,avg_cwb_z,,,,,,,,,,,0.196728727248713,0.08020516873758603,,
6,,,avg_tavg_avg_cwb,IN-17-0601,2,avg_tavg_z,avg_cwb_z,,,,,,,,,,,0.29685683853068595,-0.3606644361614976,,
10,,,avg_tavg_avg_cwb,IN-17-0601,2,avg_tavg_z,avg_cwb_z,,,,,,,,,,,0.5305032673084071,-0.30605695922849946,,
14,,,avg_tavg_avg_cwb,IN-17-0601,2,avg_tavg_z,avg_cwb_z,,,,,,,,,,,0.565529685080039,-0.3264479622873561,,
6,,,avg_tavg_avg_cwb,IN-17-0602,2,avg_tavg_z,avg_cwb_z,,,,,,,,,,,0.37456554249717683,-0.2548638397873815,,
10,,,avg_tavg_avg_cwb,IN-17-0602,2,avg_tavg_z,avg_cwb_z,,,,,,,,,,,0.5957710328884562,-0.3349252680026614,,
14,,,avg_tavg_avg_cwb,IN-17-0602,2,avg_tavg_z,avg_cwb_z,,,,,,,,,,,0.6313930959984855,-0.28638941798978673,,
6,,,avg_tavg_avg_cwb,IN-17-0603,2,avg_tavg_z,avg_cwb_z,,,,,,,,,,,0.32923933865518495,0.10358073188109591,,
10,,,avg_tavg_avg_cwb,IN-17-0603,2,avg_tavg_z,avg_cwb_z,,,,,,,,,,,0.35322119061992374,-0.012518322711030006,,
14,,,avg_tavg_avg_cwb,IN-17-0603,2,avg_tavg_z,avg_cwb_z,,,,,,,,,,,0.49917705467809104,0.22314203547856354,,
6,,,avg_tavg_avg_cwb,IN-17-0604,2,avg_tavg_z,avg_cwb_z,,,,,,,,,,,0.23759403081560806,-0.16327721454186825,,
10,,,avg_tavg_avg_cwb,IN-17-0604,2,avg_tavg_z,avg_cwb_z,,,,,,,,,,,0.35423207487123765,-0.1838856096286913,,
14,,,avg_tavg_avg_cwb,IN-17-0604,2,avg_tavg_z,avg_cwb_z,,,,,,,,,,,0.3801265260770849,-0.07864478178418915,,
6,,,avg_tavg_avg_cwb,IN-17-0605,2,avg_tavg_z,avg_cwb_z,,,,,,,,,,,0.07252130329662747,-0.02450897739934409,,
10,,,avg_tavg_avg_cwb,IN-17-0605,2,avg_tavg_z,avg_cwb_z,,,,,,,,,,,0.13988304477474203,-0.19432946288024555,,
14,,,avg_tavg_avg_cwb,IN-17-0605,2,avg_tavg_z,avg_cwb_z,,,,,,,,,,,0.09121519602511396,-0.018150895379934927,,
6,,,avg_tavg_avg_cwb,IN-17-0606,2,avg_tavg_z,avg_cwb_z,,,,,,,,,,,0.2274291049211871,-0.20091205093344128,,
10,,,avg_tavg_avg_cwb,IN-17-0606,2,avg_tavg_z,avg_cwb_z,,,,,,,,,,,0.45795927713092394,-0.012875553336166795,,
14,,,avg_tavg_avg_cwb,IN-17-0606,2,avg_tavg_z,avg_cwb_z,,,,,,,,,,,0.4892606737480104,0.0926338669444169,,
6,,,avg_tavg_avg_cwb,IN-17-0607,2,avg_tavg_z,avg_cwb_z,,,,,,,,,,,0.5736980081002574,0.039013322656862436,,
10,,,avg_tavg_avg_cwb,IN-17-0607,2,avg_tavg_z,avg_cwb_z,,,,,,,,,,,0.6825615960264082,0.005233547881830292,,
14,,,avg_tavg_avg_cwb,IN-17-0607,2,avg_tavg_z,avg_cwb_z,,,,,,,,,,,0.6210965917495234,0.092051857075412,,
6,,,avg_tavg_avg_cwb,IN-17-0608,2,avg_tavg_z,avg_cwb_z,,,,,,,,,,,0.37203560644597056,0.5500147367315094,,
10,,,avg_tavg_avg_cwb,IN-17-0608,2,avg_tavg_z,avg_cwb_z,,,,,,,,,,,0.5031994049852092,0.6391740856662513,,
6,,,avg_tavg_avg_cwb,IN-17-0609,2,avg_tavg_z,avg_cwb_z,,,,,,,,,,,0.38175944230043724,-0.17978768844955298,,
10,,,avg_tavg_avg_cwb,IN-17-0609,2,avg_tavg_z,avg_cwb_z,,,,,,,,,,,0.5490661409581428,0.020425015609941553,,
14,,,avg_tavg_avg_cwb,IN-17-0609,2,avg_tavg_z,avg_cwb_z,,,,,,,,,,,0.5335784994275159,0.3257127434246453,,
6,,,avg_tavg_avg_cwb,IN-17-0610,2,avg_tavg_z,avg_cwb_z,,,,,,,,,,,0.31759635165458794,-0.13300274249866872,,
10,,,avg_tavg_avg_cwb,IN-17-0610,2,avg_tavg_z,avg_cwb_z,,,,,,,,,,,0.44924903323201654,-0.28473932735981927,,
14,,,avg_tavg_avg_cwb,IN-17-0610,2,avg_tavg_z,avg_cwb_z,,,,,,,,,,,0.37804698284417143,-0.07938681084847611,,
6,,,avg_tavg_avg_cwb,IN-17-0615,2,avg_tavg_z,avg_cwb_z,,,,,,,,,,,0.4088590020648602,-0.032221689065383405,,
10,,,avg_tavg_avg_cwb,IN-17-0615,2,avg_tavg_z,avg_cwb_z,,,,,,,,,,,0.5877361727513385,-0.34061686186568185,,
14,,,avg_tavg_avg_cwb,IN-17-0615,2,avg_tavg_z,avg_cwb_z,,,,,,,,,,,0.6586734291691452,-0.2785056769106412,,
6,,,avg_tavg_avg_cwb,IN-17-0616,2,avg_tavg_z,avg_cwb_z,,,,,,,,,,,0.24043202510030937,-0.05740209950722491,,
10,,,avg_tavg_avg_cwb,IN-17-0616,2,avg_tavg_z,avg_cwb_z,,,,,,,,,,,0.4001180119062469,-0.1107747862836139,,
14,,,avg_tavg_avg_cwb,IN-17-0616,2,avg_tavg_z,avg_cwb_z,,,,,,,,,,,0.41273615375185024,0.016310980257728043,,
6,,,avg_tavg_avg_cwb,IN-17-0617,2,avg_tavg_z,avg_cwb_z,,,,,,,,,,,0.5042991990313681,-0.3050730402389151,,
10,,,avg_tavg_avg_cwb,IN-17-0617,2,avg_tavg_z,avg_cwb_z,,,,,,,,,,,0.5994789506087086,-0.2508182600114627,,
14,,,avg_tavg_avg_cwb,IN-17-0617,2,avg_tavg_z,avg_cwb_z,,,,,,,,,,,0.532374711128998,-0.13609546682669799,,
6,,,avg_tavg_avg_cwb,IN-17-0618,2,avg_tavg_z,avg_cwb_z,,,,,,,,,,,0.5090230512530394,-0.10183533632813704,,
10,,,avg_tavg_avg_cwb,IN-17-0618,2,avg_tavg_z,avg_cwb_z,,,,,,,,,,,0.5604999909789316,-0.26405232443065574,,
14,,,avg_tavg_avg_cwb,IN-17-0618,2,avg_tavg_z,avg_cwb_z,,,,,,,,,,,0.5019672858540896,0.09307198708561638,,
6,,,avg_tavg_avg_cwb,IN-17-0619,2,avg_tavg_z,avg_cwb_z,,,,,,,,,,,0.391457635440998,-0.554754569214047,,
10,,,avg_tavg_avg_cwb,IN-17-0619,2,avg_tavg_z,avg_cwb_z,,,,,,,,,,,0.49978074346061047,-0.5087946592888566,,
6,,,avg_tavg_avg_cwb,IN-17-0620,2,avg_tavg_z,avg_cwb_z,,,,,,,,,,,0.38054941447154517,-0.17226188027417738,,
10,,,avg_tavg_avg_cwb,IN-17-0620,2,avg_tavg_z,avg_cwb_z,,,,,,,,,,,0.5569048031004471,-0.21436563749905102,,
14,,,avg_tavg_avg_cwb,IN-17-0620,2,avg_tavg_z,avg_cwb_z,,,,,,,,,,,0.5659836643973962,-0.3086045473744202,,
6,,,avg_tavg_avg_cwb,IN-17-0621,2,avg_tavg_z,avg_cwb_z,,,,,,,,,,,0.09890107813730173,-0.1371479908227967,,
10,,,avg_tavg_avg_cwb,IN-17-0621,2,avg_tavg_z,avg_cwb_z,,,,,,,,,,,0.13958371467815178,-0.4155203947364412,,
14,,,avg_tavg_avg_cwb,IN-17-0621,2,avg_tavg_z,avg_cwb_z,,,,,,,,,,,0.10567100448544593,-0.3261641581168495,,
6,,,avg_tavg_avg_cwb,IN-17-0622,2,avg_tavg_z,avg_cwb_z,,,,,,,,,,,0.5268304524537892,-0.09123738026215453,,
10,,,avg_tavg_avg_cwb,IN-17-0622,2,avg_tavg_z,avg_cwb_z,,,,,,,,,,,0.6335590487464009,-0.08841255848165284,,
14,,,avg_tavg_avg_cwb,IN-17-0622,2,avg_tavg_z,avg_cwb_z,,,,,,,,,,,0.5730064848847679,0.022550494997405433,,
6,,,avg_tavg_avg_cwb,IN-17-1047,2,avg_tavg_z,avg_cwb_z,,,,,,,,,,,0.42246612571782344,-0.26118925843921287,,
10,,,avg_tavg_avg_cwb,IN-17-1047,2,avg_tavg_z,avg_cwb_z,,,,,,,,,,,0.5945361753902633,-0.41597881339122394,,
14,,,avg_tavg_avg_cwb,IN-17-1047,2,avg_tavg_z,avg_cwb_z,,,,,,,,,,,0.5760647442281428,-0.3499325542115931,,
6,,,avg_tavg_avg_cwb,IN-17-1048,2,avg_tavg_z,avg_cwb_z,,,,,,,,,,,0.5005990365676548,0.16386040903808846,,
10,,,avg_tavg_avg_cwb,IN-17-1048,2,avg_tavg_z,avg_cwb_z,,,,,,,,,,,0.6085406492857508,0.062425760378916936,,
14,,,avg_tavg_avg_cwb,IN-17-1048,2,avg_tavg_z,avg_cwb_z,,,,,,,,,,,0.6474705610091904,0.28232120557193346,,
6,,,avg_tavg_avg_cwb,IN-17-1050,2,avg_tavg_z,avg_cwb_z,,,,,,,,,,,0.27341917763308304,-0.40549081301855433,,
10,,,avg_tavg_avg_cwb,IN-17-1050,2,avg_tavg_z,avg_cwb_z,,,,,,,,,,,0.4496000408225109,-0.6149050642877425,,
14,,,avg_tavg_avg_cwb,IN-17-1050,2,avg_tavg_z,avg_cwb_z,,,,,,,,,,,0.5983562452909661,-0.4893169847212242,,
6,,,avg_tavg_avg_cwb,IN-17-1051,2,avg_tavg_z,avg_cwb_z,,,,,,,,,,,0.17066557904359117,-0.008227146503225945,,
10,,,avg_tavg_avg_cwb,IN-17-1051,2,avg_tavg_z,avg_cwb_z,,,,,,,,,,,0.2677911115234092,0.1076350085699445,,
14,,,avg_tavg_avg_cwb,IN-17-1051,2,avg_tavg_z,avg_cwb_z,,,,,,,,,,,0.2083419019607699,0.25594042270274364,,
6,,,avg_tavg_avg_cwb,IN-17-2017,2,avg_tavg_z,avg_cwb_z,,,,,,,,,,,0.5406691221318338,-0.42886768534599273,,
10,,,avg_tavg_avg_cwb,IN-17-2017,2,avg_tavg_z,avg_cwb_z,,,,,,,,,,,0.6769859676050491,-0.5279839063652326,,
6,,,avg_tavg_avg_cwb,IN-17-2018,2,avg_tavg_z,avg_cwb_z,,,,,,,,,,,0.45042183500088856,-0.10426329144702726,,
10,,,avg_tavg_avg_cwb,IN-17-2018,2,avg_tavg_z,avg_cwb_z,,,,,,,,,,,0.6138447442230317,0.0401549674212673,,
6,,,avg_tavg_avg_cwb,IN-17-2019,2,avg_tavg_z,avg_cwb_z,,,,,,,,,,,0.5176943160413557,-0.2597421358768716,,
10,,,avg_tavg_avg_cwb,IN-17-2019,2,avg_tavg_z,avg_cwb_z,,,,,,,,,,,0.6425753421209468,-0.22130453952817897,,
6,,,avg_tavg_avg_cwb,IN-18-0626,2,avg_tavg_z,avg_cwb_z,,,,,,,,,,,-0.2501479720690611,-0.31742751638128947,,
10,,,avg_tavg_avg_cwb,IN-18-0626,2,avg_tavg_z,avg_cwb_z,,,,,,,,,,,-0.1822306106938043,-0.4261115611042654,,
14,,,avg_tavg_avg_cwb,IN-18-0626,2,avg_tavg_z,avg_cwb_z,,,,,,,,,,,-0.10188715318561574,-0.5625714753405452,,
6,,,avg_tavg_avg_cwb,IN-18-0627,2,avg_tavg_z,avg_cwb_z,,,,,,,,,,,0.04840002517371711,-0.23380106668197045,,
10,,,avg_tavg_avg_cwb,IN-18-0627,2,avg_tavg_z,avg_cwb_z,,,,,,,,,,,0.2970394482536476,-0.3073443408758972,,
14,,,avg_tavg_avg_cwb,IN-18-0627,2,avg_tavg_z,avg_cwb_z,,,,,,,,,,,0.6116060714398478,-0.3225561517651267,,
6,,,avg_tavg_avg_cwb,IN-18-0628,2,avg_tavg_z,avg_cwb_z,,,,,,,,,,,-0.1890469047070134,-0.24566756059943443,,
10,,,avg_tavg_avg_cwb,IN-18-0628,2,avg_tavg_z,avg_cwb_z,,,,,,,,,,,0.04002935655115498,-0.4120650763217581,,
14,,,avg_tavg_avg_cwb,IN-18-0628,2,avg_tavg_z,avg_cwb_z,,,,,,,,,,,0.14199564695669584,-0.43393382280728876,,
6,,,avg_tavg_avg_cwb,IN-18-0629,2,avg_tavg_z,avg_cwb_z,,,,,,,,,,,0.08841507695602727,-0.19281405954745176,,
10,,,avg_tavg_avg_cwb,IN-18-0629,2,avg_tavg_z,avg_cwb_z,,,,,,,,,,,0.24558094016015267,-0.5010900136592841,,
14,,,avg_tavg_avg_cwb,IN-18-0629,2,avg_tavg_z,avg_cwb_z,,,,,,,,,,,0.4888780537360133,-0.4151138942527496,,
6,,,avg_tavg_avg_cwb,IN-18-0631,2,avg_tavg_z,avg_cwb_z,,,,,,,,,,,-0.11280171947693737,-0.18904841644120213,,
10,,,avg_tavg_avg_cwb,IN-18-0631,2,avg_tavg_z,avg_cwb_z,,,,,,,,,,,0.08754267224848379,-0.15519002948436725,,
14,,,avg_tavg_avg_cwb,IN-18-0631,2,avg_tavg_z,avg_cwb_z,,,,,,,,,,,0.2747861701795046,-0.1102217730217033,,
6,,,avg_tavg_avg_cwb,IN-18-0633,2,avg_tavg_z,avg_cwb_z,,,,,,,,,,,-0.24308143084037576,-0.2765524679826181,,
10,,,avg_tavg_avg_cwb,IN-18-0633,2,avg_tavg_z,avg_cwb_z,,,,,,,,,,,-0.18546954284988043,-0.37059021834048134,,
14,,,avg_tavg_avg_cwb,IN-18-0633,2,avg_tavg_z,avg_cwb_z,,,,,,,,,,,-0.0523489201592382,-0.3542906891157854,,
6,,,avg_tavg_avg_cwb,IN-18-0634,2,avg_tavg_z,avg_cwb_z,,,,,,,,,,,-0.26491702664237404,-0.35605208127646204,,
10,,,avg_tavg_avg_cwb,IN-18-0634,2,avg_tavg_z,avg_cwb_z,,,,,,,,,,,-0.2471285409895713,-0.490033428949549,,
14,,,avg_tavg_avg_cwb,IN-18-0634,2,avg_tavg_z,avg_cwb_z,,,,,,,,,,,0.06933507749690476,-0.6164303046329035,,
6,,,avg_tavg_avg_cwb,IN-18-0635,2,avg_tavg_z,avg_cwb_z,,,,,,,,,,,-0.18748586390029237,0.003404941712137565,,
10,,,avg_tavg_avg_cwb,IN-18-0635,2,avg_tavg_z,avg_cwb_z,,,,,,,,,,,0.04795689248038273,0.15273173862995576,,
14,,,avg_tavg_avg_cwb,IN-18-0635,2,avg_tavg_z,avg_cwb_z,,,,,,,,,,,0.2131435318125979,0.43601079116898084,,
6,,,avg_tavg_avg_cwb,IN-18-0636,2,avg_tavg_z,avg_cwb_z,,,,,,,,,,,0.09504103122980126,0.008070337004222718,,
10,,,avg_tavg_avg_cwb,IN-18-0636,2,avg_tavg_z,avg_cwb_z,,,,,,,,,,,0.11123321656189393,0.018690569585010624,,
14,,,avg_tavg_avg_cwb,IN-18-0636,2,avg_tavg_z,avg_cwb_z,,,,,,,,,,,0.2122231558997373,0.048288874871531974,,
6,,,avg_tavg_avg_cwb,IN-18-0637,2,avg_tavg_z,avg_cwb_z,,,,,,,,,,,-0.15242022659527393,-0.036226177061906964,,
10,,,avg_tavg_avg_cwb,IN-18-0637,2,avg_tavg_z,avg_cwb_z,,,,,,,,,,,0.1252365694994908,-0.12202889625185617,,
14,,,avg_tavg_avg_cwb,IN-18-0637,2,avg_tavg_z,avg_cwb_z,,,,,,,,,,,0.29149793905418253,0.00968723955007838,,
6,,,avg_tavg_avg_cwb,IN-20-0056,2,avg_tavg_z,avg_cwb_z,,,,,,,,,,,-0.040536635177581305,-0.47643091370577617,,
10,,,avg_tavg_avg_cwb,IN-20-0056,2,avg_tavg_z,avg_cwb_z,,,,,,,,,,,0.03990586755170729,-0.3771017528552699,,
14,,,avg_tavg_avg_cwb,IN-20-0056,2,avg_tavg_z,avg_cwb_z,,,,,,,,,,,-0.050711286234750505,-0.4368788559815906,,
6,,,avg_tavg_avg_cwb,IN-20-0057,2,avg_tavg_z,avg_cwb_z,,,,,,,,,,,0.08711414921975115,-0.22283448236132583,,
10,,,avg_tavg_avg_cwb,IN-20-0057,2,avg_tavg_z,avg_cwb_z,,,,,,,,,,,0.19136032931676505,-0.29032953913388615,,
14,,,avg_tavg_avg_cwb,IN-20-0057,2,avg_tavg_z,avg_cwb_z,,,,,,,,,,,0.2563790736766281,-0.547115262374704,,
6,,,avg_tavg_avg_cwb,IN-20-0058,2,avg_tavg_z,avg_cwb_z,,,,,,,,,,,-0.33429010643077645,-0.2846206991517004,,
10,,,avg_tavg_avg_cwb,IN-20-0058,2,avg_tavg_z,avg_cwb_z,,,,,,,,,,,-0.14236400272543034,-0.2787433543619264,,
6,,,avg_tavg_avg_cwb,IN-20-0062,2,avg_tavg_z,avg_cwb_z,,,,,,,,,,,-0.4852448315116006,-0.4887181709237621,,
6,,,avg_tavg_avg_cwb,IN-20-0063,2,avg_tavg_z,avg_cwb_z,,,,,,,,,,,-0.43053952537455126,-0.38365877194705755,,
10,,,avg_tavg_avg_cwb,IN-20-0063,2,avg_tavg_z,avg_cwb_z,,,,,,,,,,,-0.43685856553458696,-0.16905587653112025,,
14,,,avg_tavg_avg_cwb,IN-20-0063,2,avg_tavg_z,avg_cwb_z,,,,,,,,,,,-0.4194699629311204,-0.1804872637745175,,
6,,,avg_tavg_avg_cwb,IN-20-0520,2,avg_tavg_z,avg_cwb_z,,,,,,,,,,,0.22125821424202424,0.1998556562426273,,
10,,,avg_tavg_avg_cwb,IN-20-0520,2,avg_tavg_z,avg_cwb_z,,,,,,,,,,,0.35909360103123067,0.37197713974965907,,
14,,,avg_tavg_avg_cwb,IN-20-0520,2,avg_tavg_z,avg_cwb_z,,,,,,,,,,,0.45002366758796253,0.3342772873657774,,
6,,,avg_prec_yield,IN-01-0051,2,avg_prec_z,yield_z,,,,,,,,,,,,,-0.29101401700519774,-0.12504842677278347
10,,,avg_prec_yield,IN-01-0051,2,avg_prec_z,yield_z,,,,,,,,,,,,,-0.33144033049983535,-0.1347854707473627
14,,,avg_prec_yield,IN-01-0051,2,avg_prec_z,yield_z,,,,,,,,,,,,,-0.23309793248123573,-0.22189317720443671
6,,,avg_prec_yield,IN-01-0052,2,avg_prec_z,yield_z,,,,,,,,,,,,,-0.28078150748709835,-0.02467482019836987
10,,,avg_prec_yield,IN-01-0052,2,avg_prec_z,yield_z,,,,,,,,,,,,,-0.23739824656577363,0.3354819095029244
6,,,avg_prec_yield,IN-01-0053,2,avg_prec_z,yield_z,,,,,,,,,,,,,-0.3396065604677575,-0.14491518517011354
10,,,avg_prec_yield,IN-01-0053,2,avg_prec_z,yield_z,,,,,,,,,,,,,-0.1167519667691294,0.15007289782906177
6,,,avg_prec_yield,IN-02-0902,2,avg_prec_z,yield_z,,,,,,,,,,,,,0.25252022884884606,-0.07533560108779701
10,,,avg_prec_yield,IN-02-0902,2,avg_prec_z,yield_z,,,,,,,,,,,,,-0.11714357391734051,-0.12760019708005604
14,,,avg_prec_yield,IN-02-0902,2,avg_prec_z,yield_z,,,,,,,,,,,,,0.20237402832764925,-0.16462316886239622
6,,,avg_prec_yield,IN-02-0903,2,avg_prec_z,yield_z,,,,,,,,,,,,,-0.007550959948245122,-0.20493272395780354
10,,,avg_prec_yield,IN-02-0903,2,avg_prec_z,yield_z,,,,,,,,,,,,,-0.5710408737880819,-0.4787628625366014
14,,,avg_prec_yield,IN-02-0903,2,avg_prec_z,yield_z,,,,,,,,,,,,,-0.4986426339864879,-0.4497678450681158
6,,,avg_prec_yield,IN-02-0904,2,avg_prec_z,yield_z,,,,,,,,,,,,,-0.14196329498928892,0.08607244700389242
10,,,avg_prec_yield,IN-02-0904,2,avg_prec_z,yield_z,,,,,,,,,,,,,-0.4186652117326887,-0.04805915557766076
14,,,avg_prec_yield,IN-02-0904,2,avg_prec_z,yield_z,,,,,,,,,,,,,-0.41855727300509127,-0.08022204890884381
6,,,avg_prec_yield,IN-02-0905,2,avg_prec_z,yield_z,,,,,,,,,,,,,-0.377490266579677,-0.025109116672040487
10,,,avg_prec_yield,IN-02-0905,2,avg_prec_z,yield_z,,,,,,,,,,,,,-0.6564778212397077,-0.0663536133845405
14,,,avg_prec_yield,IN-02-0905,2,avg_prec_z,yield_z,,,,,,,,,,,,,-0.6911263914272995,-0.07373528890064465
6,,,avg_prec_yield,IN-02-0906,2,avg_prec_z,yield_z,,,,,,,,,,,,,0.11140534289464792,-0.010619739379951889
10,,,avg_prec_yield,IN-02-0906,2,avg_prec_z,yield_z,,,,,,,,,,,,,-0.18368434095856212,-0.030363151962429835
14,,,avg_prec_yield,IN-02-0906,2,avg_prec_z,yield_z,,,,,,,,,,,,,-0.0009877521476325062,-0.07380170436857096
6,,,avg_prec_yield,IN-02-0907,2,avg_prec_z,yield_z,,,,,,,,,,,,,-0.09116776745032962,-0.192535793304217
10,,,avg_prec_yield,IN-02-0907,2,avg_prec_z,yield_z,,,,,,,,,,,,,-0.13041215094398612,-0.15607034512492882
14,,,avg_prec_yield,IN-02-0907,2,avg_prec_z,yield_z,,,,,,,,,,,,,0.2836737826971666,-0.09442827923586668
6,,,avg_prec_yield,IN-02-0908,2,avg_prec_z,yield_z,,,,,,,,,,,,,-0.253845879888235,0.03190075067371793
10,,,avg_prec_yield,IN-02-0908,2,avg_prec_z,yield_z,,,,,,,,,,,,,-0.1557028493219516,0.16373353149725414
14,,,avg_prec_yield,IN-02-0908,2,avg_prec_z,yield_z,,,,,,,,,,,,,-0.1344677296502339,0.3100407483239649
6,,,avg_prec_yield,IN-02-0909,2,avg_prec_z,yield_z,,,,,,,,,,,,,-0.14268344587851578,-0.0622698038339898
10,,,avg_prec_yield,IN-02-0909,2,avg_prec_z,yield_z,,,,,,,,,,,,,-0.4274544713824298,-0.020605439009279542
14,,,avg_prec_yield,IN-02-0909,2,avg_prec_z,yield_z,,,,,,,,,,,,,-0.36045293480779084,0.010807388749227547
6,,,avg_prec_yield,IN-02-0912,2,avg_prec_z,yield_z,,,,,,,,,,,,,-0.11764994980922316,-0.32386576266416317
10,,,avg_prec_yield,IN-02-0912,2,avg_prec_z,yield_z,,,,,,,,,,,,,-0.24943007770909548,-0.45763162962726855
14,,,avg_prec_yield,IN-02-0912,2,avg_prec_z,yield_z,,,,,,,,,,,,,-0.1728794757346146,-0.21020372261245596
6,,,avg_prec_yield,IN-02-0918,2,avg_prec_z,yield_z,,,,,,,,,,,,,0.1383751368045096,-0.197257294919224
10,,,avg_prec_yield,IN-02-0918,2,avg_prec_z,yield_z,,,,,,,,,,,,,0.11825784223475697,-0.06446207288073444
14,,,avg_prec_yield,IN-02-0918,2,avg_prec_z,yield_z,,,,,,,,,,,,,0.42504563188684763,-0.074022631883238
6,,,avg_prec_yield,IN-02-0919,2,avg_prec_z,yield_z,,,,,,,,,,,,,-0.17958775467702628,0.2598142540344677
10,,,avg_prec_yield,IN-02-0919,2,avg_prec_z,yield_z,,,,,,,,,,,,,-0.32920713097314575,0.3007092057180615
14,,,avg_prec_yield,IN-02-0919,2,avg_prec_z,yield_z,,,,,,,,,,,,,-0.36007114698059073,0.3616898300967249
6,,,avg_prec_yield,IN-02-0920,2,avg_prec_z,yield_z,,,,,,,,,,,,,-0.10617871999710564,-0.5049756305388827
10,,,avg_prec_yield,IN-02-0920,2,avg_prec_z,yield_z,,,,,,,,,,,,,-0.297126251661889,-0.4222541871280473
14,,,avg_prec_yield,IN-02-0920,2,avg_prec_z,yield_z,,,,,,,,,,,,,-0.3860024710059485,-0.5279696239482343
6,,,avg_prec_yield,IN-02-0921,2,avg_prec_z,yield_z,,,,,,,,,,,,,0.19228883002400934,0.028189131361411712
10,,,avg_prec_yield,IN-02-0921,2,avg_prec_z,yield_z,,,,,,,,,,,,,0.1752507662759406,-0.1208099961536179
14,,,avg_prec_yield,IN-02-0921,2,avg_prec_z,yield_z,,,,,,,,,,,,,0.08090016054902698,-0.03747707076490116
6,,,avg_prec_yield,IN-02-0922,2,avg_prec_z,yield_z,,,,,,,,,,,,,0.19415050513733462,0.07986069336066107
10,,,avg_prec_yield,IN-02-0922,2,avg_prec_z,yield_z,,,,,,,,,,,,,0.07833325069667105,0.1742015623659528
14,,,avg_prec_yield,IN-02-0922,2,avg_prec_z,yield_z,,,,,,,,,,,,,0.2348836758088161,0.3629720228226075
6,,,avg_prec_yield,IN-02-0923,2,avg_prec_z,yield_z,,,,,,,,,,,,,0.12315438087086003,0.11009458119049247
10,,,avg_prec_yield,IN-02-0923,2,avg_prec_z,yield_z,,,,,,,,,,,,,0.010162982230690084,0.18917388507108207
14,,,avg_prec_yield,IN-02-0923,2,avg_prec_z,yield_z,,,,,,,,,,,,,0.0863298771934849,-0.020805166719567204
6,,,avg_prec_yield,IN-02-0924,2,avg_prec_z,yield_z,,,,,,,,,,,,,-0.1250993149422245,-0.32332071847258076
10,,,avg_prec_yield,IN-02-0924,2,avg_prec_z,yield_z,,,,,,,,,,,,,-0.21206031103973597,-0.47650021797506137
14,,,avg_prec_yield,IN-02-0924,2,avg_prec_z,yield_z,,,,,,,,,,,,,-0.07764583296589511,-0.4962991628059754
6,,,avg_prec_yield,IN-02-0925,2,avg_prec_z,yield_z,,,,,,,,,,,,,0.019696789597511234,-0.19743454636691532
10,,,avg_prec_yield,IN-02-0925,2,avg_prec_z,yield_z,,,,,,,,,,,,,-0.02280895289505664,-0.6107406643149558
14,,,avg_prec_yield,IN-02-0925,2,avg_prec_z,yield_z,,,,,,,,,,,,,0.21943095955720815,-0.6019185468241204
6,,,avg_prec_yield,IN-02-0926,2,avg_prec_z,yield_z,,,,,,,,,,,,,-0.04351443801689603,0.032401708723344344
10,,,avg_prec_yield,IN-02-0926,2,avg_prec_z,yield_z,,,,,,,,,,,,,-0.15319642139100242,-0.230540838245531
14,,,avg_prec_yield,IN-02-0926,2,avg_prec_z,yield_z,,,,,,,,,,,,,-0.06948372778770873,-0.021849646222880326
6,,,avg_prec_yield,IN-02-0927,2,avg_prec_z,yield_z,,,,,,,,,,,,,0.08904916600585586,0.10609449009862093
10,,,avg_prec_yield,IN-02-0927,2,avg_prec_z,yield_z,,,,,,,,,,,,,-0.0702119583848653,-0.0336856753522971
14,,,avg_prec_yield,IN-02-0927,2,avg_prec_z,yield_z,,,,,,,,,,,,,0.1348506847868171,0.18164698398713736
6,,,avg_prec_yield,IN-02-0928,2,avg_prec_z,yield_z,,,,,,,,,,,,,-0.14120842662664124,-0.19868479793852145
10,,,avg_prec_yield,IN-02-0928,2,avg_prec_z,yield_z,,,,,,,,,,,,,-0.3879684963854845,-0.13940976404048078
14,,,avg_prec_yield,IN-02-0928,2,avg_prec_z,yield_z,,,,,,,,,,,,,-0.17936995962981178,-0.10160291747640411
6,,,avg_prec_yield,IN-02-0929,2,avg_prec_z,yield_z,,,,,,,,,,,,,-0.0849710703369774,-0.03167558155994708
10,,,avg_prec_yield,IN-02-0929,2,avg_prec_z,yield_z,,,,,,,,,,,,,-0.36583967396252215,0.0200064130507838
14,,,avg_prec_yield,IN-02-0929,2,avg_prec_z,yield_z,,,,,,,,,,,,,-0.47734821780728787,0.03626871406514921
6,,,avg_prec_yield,IN-02-0930,2,avg_prec_z,yield_z,,,,,,,,,,,,,0.11536849642341795,0.02277240661534679
10,,,avg_prec_yield,IN-02-0930,2,avg_prec_z,yield_z,,,,,,,,,,,,,-0.01438528505032603,-0.02300465372725487
14,,,avg_prec_yield,IN-02-0930,2,avg_prec_z,yield_z,,,,,,,,,,,,,0.10124564451588507,0.16967079954725953
6,,,avg_prec_yield,IN-02-0931,2,avg_prec_z,yield_z,,,,,,,,,,,,,-0.049766308727686503,-0.28634771484493277
10,,,avg_prec_yield,IN-02-0931,2,avg_prec_z,yield_z,,,,,,,,,,,,,-0.29039824078864074,-0.36505634388670083
14,,,avg_prec_yield,IN-02-0931,2,avg_prec_z,yield_z,,,,,,,,,,,,,-0.13885168260014286,-0.5740278269107056
6,,,avg_prec_yield,IN-02-0932,2,avg_prec_z,yield_z,,,,,,,,,,,,,-0.20326129261425369,0.03017009859173883
10,,,avg_prec_yield,IN-02-0932,2,avg_prec_z,yield_z,,,,,,,,,,,,,-0.2893274693115467,0.14429091496129898
14,,,avg_prec_yield,IN-02-0932,2,avg_prec_z,yield_z,,,,,,,,,,,,,-0.4408558205438262,0.12715982382182708
6,,,avg_prec_yield,IN-02-0934,2,avg_prec_z,yield_z,,,,,,,,,,,,,0.03605971377842069,-0.2710536570182429
10,,,avg_prec_yield,IN-02-0934,2,avg_prec_z,yield_z,,,,,,,,,,,,,0.1485869572512819,-0.4093407964263972
14,,,avg_prec_yield,IN-02-0934,2,avg_prec_z,yield_z,,,,,,,,,,,,,0.20732747430787074,-0.5148180164338092
6,,,avg_prec_yield,IN-02-0935,2,avg_prec_z,yield_z,,,,,,,,,,,,,-0.16267498898690724,-0.0022022253557055504
10,,,avg_prec_yield,IN-02-0935,2,avg_prec_z,yield_z,,,,,,,,,,,,,-0.28971447883594376,-0.15830274726619062
14,,,avg_prec_yield,IN-02-0935,2,avg_prec_z,yield_z,,,,,,,,,,,,,-0.4231688998574453,-0.1746414254719012
6,,,avg_prec_yield,IN-02-0936,2,avg_prec_z,yield_z,,,,,,,,,,,,,-0.04794343983338243,0.1622177266616293
10,,,avg_prec_yield,IN-02-0936,2,avg_prec_z,yield_z,,,,,,,,,,,,,-0.15564243469209266,0.06248180430386272
14,,,avg_prec_yield,IN-02-0936,2,avg_prec_z,yield_z,,,,,,,,,,,,,0.02373259619979078,0.25875033374970746
6,,,avg_prec_yield,IN-02-0945,2,avg_prec_z,yield_z,,,,,,,,,,,,,-0.094262882328421,-0.20381487512251556
10,,,avg_prec_yield,IN-02-0945,2,avg_prec_z,yield_z,,,,,,,,,,,,,-0.34988260250150605,-0.22237728522124017
14,,,avg_prec_yield,IN-02-0945,2,avg_prec_z,yield_z,,,,,,,,,,,,,-0.3428551257770545,-0.2067770343596737
6,,,avg_prec_yield,IN-02-0946,2,avg_prec_z,yield_z,,,,,,,,,,,,,0.29128652634852376,0.04466840761224565
10,,,avg_prec_yield,IN-02-0946,2,avg_prec_z,yield_z,,,,,,,,,,,,,0.3519144375379319,0.19024300851862092
14,,,avg_prec_yield,IN-02-0946,2,avg_prec_z,yield_z,,,,,,,,,,,,,0.2933585934449813,0.12001292560031226
6,,,avg_prec_yield,IN-02-0947,2,avg_prec_z,yield_z,,,,,,,,,,,,,0.13368875844307354,0.01085356059559801
10,,,avg_prec_yield,IN-02-0947,2,avg_prec_z,yield_z,,,,,,,,,,,,,-0.1290218275935406,-0.00936991595052874
14,,,avg_prec_yield,IN-02-0947,2,avg_prec_z,yield_z,,,,,,,,,,,,,-0.1775132876412478,0.07085697143557916
6,,,avg_prec_yield,IN-02-0948,2,avg_prec_z,yield_z,,,,,,,,,,,,,-0.38599711518997853,-0.46188234605921785
10,,,avg_prec_yield,IN-02-0948,2,avg_prec_z,yield_z,,,,,,,,,,,,,-0.374847287062342,-0.45342877530910475
14,,,avg_prec_yield,IN-02-0948,2,avg_prec_z,yield_z,,,,,,,,,,,,,-0.4032805373694398,-0.5973195756118206
6,,,avg_prec_yield,IN-02-0949,2,avg_prec_z,yield_z,,,,,,,,,,,,,-0.2708743379727609,0.11096584872261095
10,,,avg_prec_yield,IN-02-0949,2,avg_prec_z,yield_z,,,,,,,,,,,,,-0.26622858504930436,0.1239601296779421
14,,,avg_prec_yield,IN-02-0949,2,avg_prec_z,yield_z,,,,,,,,,,,,,-0.2763831448053255,0.1716169110138571
6,,,avg_prec_yield,IN-02-0950,2,avg_prec_z,yield_z,,,,,,,,,,,,,0.016954630835680363,0.3784329435416966
10,,,avg_prec_yield,IN-02-0950,2,avg_prec_z,yield_z,,,,,,,,,,,,,-0.10658029534314437,0.2868755264770286
14,,,avg_prec_yield,IN-02-0950,2,avg_prec_z,yield_z,,,,,,,,,,,,,0.045886870989566335,0.3379252460532441
6,,,avg_prec_yield,IN-02-0951,2,avg_prec_z,yield_z,,,,,,,,,,,,,0.10755280833878514,0.013885735245219239
10,,,avg_prec_yield,IN-02-0951,2,avg_prec_z,yield_z,,,,,,,,,,,,,-0.2546248411165971,-0.009720381468879302
14,,,avg_prec_yield,IN-02-0951,2,avg_prec_z,yield_z,,,,,,,,,,,,,-0.05285589405658355,0.12237331207624864
6,,,avg_prec_yield,IN-02-0956,2,avg_prec_z,yield_z,,,,,,,,,,,,,-0.23154686907871228,-0.3456030210804775
10,,,avg_prec_yield,IN-02-0956,2,avg_prec_z,yield_z,,,,,,,,,,,,,-0.3503890926605041,-0.36711690375439965
14,,,avg_prec_yield,IN-02-0956,2,avg_prec_z,yield_z,,,,,,,,,,,,,0.02038468548683587,-0.32548816790879254
6,,,avg_prec_yield,IN-02-0958,2,avg_prec_z,yield_z,,,,,,,,,,,,,0.1209397968865121,-0.2827839591419453
10,,,avg_prec_yield,IN-02-0958,2,avg_prec_z,yield_z,,,,,,,,,,,,,0.07724619874429875,-0.1986353497256785
14,,,avg_prec_yield,IN-02-0958,2,avg_prec_z,yield_z,,,,,,,,,,,,,0.2695697189959628,-0.4030295570412482
6,,,avg_prec_yield,IN-02-0960,2,avg_prec_z,yield_z,,,,,,,,,,,,,0.07368551637200235,-0.3142765943263452
10,,,avg_prec_yield,IN-02-0960,2,avg_prec_z,yield_z,,,,,,,,,,,,,0.16319593232798407,-0.5883678717196221
14,,,avg_prec_yield,IN-02-0960,2,avg_prec_z,yield_z,,,,,,,,,,,,,0.37599200509183783,-0.5673488645222404
6,,,avg_prec_yield,IN-02-0961,2,avg_prec_z,yield_z,,,,,,,,,,,,,0.24241997359931142,-0.12613254475353675
10,,,avg_prec_yield,IN-02-0961,2,avg_prec_z,yield_z,,,,,,,,,,,,,0.445188061287749,-0.7032973073657894
6,,,avg_prec_yield,IN-03-0121,2,avg_prec_z,yield_z,,,,,,,,,,,,,-0.07369913649717444,-0.03622383112449287
10,,,avg_prec_yield,IN-03-0121,2,avg_prec_z,yield_z,,,,,,,,,,,,,0.02142615931145984,0.2062487816337418
14,,,avg_prec_yield,IN-03-0121,2,avg_prec_z,yield_z,,,,,,,,,,,,,0.2171043592390741,0.36712656270535426
6,,,avg_prec_yield,IN-03-0122,2,avg_prec_z,yield_z,,,,,,,,,,,,,0.40585979914890097,-0.029613768676749714
10,,,avg_prec_yield,IN-03-0122,2,avg_prec_z,yield_z,,,,,,,,,,,,,0.41268482912191506,0.06081092391992984
14,,,avg_prec_yield,IN-03-0122,2,avg_prec_z,yield_z,,,,,,,,,,,,,0.3939490457464737,-0.02071973276435781
6,,,avg_prec_yield,IN-03-0123,2,avg_prec_z,yield_z,,,,,,,,,,,,,0.15029291376701134,-0.05502255945754884
10,,,avg_prec_yield,IN-03-0123,2,avg_prec_z,yield_z,,,,,,,,,,,,,-0.04509590007293909,-0.3152049050666702
14,,,avg_prec_yield,IN-03-0123,2,avg_prec_z,yield_z,,,,,,,,,,,,,0.13608937770446936,-0.28778704016948303
6,,,avg_prec_yield,IN-03-0124,2,avg_prec_z,yield_z,,,,,,,,,,,,,-0.3688758085349972,-0.37493007853954374
10,,,avg_prec_yield,IN-03-0124,2,avg_prec_z,yield_z,,,,,,,,,,,,,-0.2047072761269761,-0.3843364169175751
14,,,avg_prec_yield,IN-03-0124,2,avg_prec_z,yield_z,,,,,,,,,,,,,-0.2948615755897414,-0.5133176783871587
6,,,avg_prec_yield,IN-03-0125,2,avg_prec_z,yield_z,,,,,,,,,,,,,-0.16826636071706985,-0.3830793000066598
10,,,avg_prec_yield,IN-03-0125,2,avg_prec_z,yield_z,,,,,,,,,,,,,-0.21401525580015304,-0.5488383411997387
14,,,avg_prec_yield,IN-03-0125,2,avg_prec_z,yield_z,,,,,,,,,,,,,-0.08679831711197661,-0.6879611399775529
6,,,avg_prec_yield,IN-03-0126,2,avg_prec_z,yield_z,,,,,,,,,,,,,-0.3910616391976733,-0.4447612859685666
10,,,avg_prec_yield,IN-03-0126,2,avg_prec_z,yield_z,,,,,,,,,,,,,-0.444657733040144,-0.39269691927687955
14,,,avg_prec_yield,IN-03-0126,2,avg_prec_z,yield_z,,,,,,,,,,,,,-0.787128339968104,-0.30532594207723995
6,,,avg_prec_yield,IN-03-0127,2,avg_prec_z,yield_z,,,,,,,,,,,,,-0.2830709469547654,0.32491744968888686
6,,,avg_prec_yield,IN-03-0128,2,avg_prec_z,yield_z,,,,,,,,,,,,,0.0019685600491801125,-0.026707573349238532
10,,,avg_prec_yield,IN-03-0128,2,avg_prec_z,yield_z,,,,,,,,,,,,,0.07897880071438343,0.010101101295042958
14,,,avg_prec_yield,IN-03-0128,2,avg_prec_z,yield_z,,,,,,,,,,,,,0.12479075533441593,0.07710779578462124
6,,,avg_prec_yield,IN-03-0129,2,avg_prec_z,yield_z,,,,,,,,,,,,,0.14221816169885698,0.4276247159849178
10,,,avg_prec_yield,IN-03-0129,2,avg_prec_z,yield_z,,,,,,,,,,,,,0.3041836393861244,0.4657706246876326
14,,,avg_prec_yield,IN-03-0129,2,avg_prec_z,yield_z,,,,,,,,,,,,,0.21592839162793426,0.4240001215250359
6,,,avg_prec_yield,IN-03-0130,2,avg_prec_z,yield_z,,,,,,,,,,,,,0.0035357698625307576,0.06416302348272637
10,,,avg_prec_yield,IN-03-0130,2,avg_prec_z,yield_z,,,,,,,,,,,,,-0.04427766472818023,0.20639014655590637
14,,,avg_prec_yield,IN-03-0130,2,avg_prec_z,yield_z,,,,,,,,,,,,,-0.009761075917165796,0.2338610704178555
6,,,avg_prec_yield,IN-03-0131,2,avg_prec_z,yield_z,,,,,,,,,,,,,-0.3360054199210825,-0.2941446514140022
10,,,avg_prec_yield,IN-03-0131,2,avg_prec_z,yield_z,,,,,,,,,,,,,-0.4336024103222923,-0.45295353278095646
14,,,avg_prec_yield,IN-03-0131,2,avg_prec_z,yield_z,,,,,,,,,,,,,-0.38207639205963434,-0.5737627991067198
6,,,avg_prec_yield,IN-03-0132,2,avg_prec_z,yield_z,,,,,,,,,,,,,-0.26011941111292786,-0.0009644732130107414
10,,,avg_prec_yield,IN-03-0132,2,avg_prec_z,yield_z,,,,,,,,,,,,,-0.3334931206845353,0.006360961440450735
14,,,avg_prec_yield,IN-03-0132,2,avg_prec_z,yield_z,,,,,,,,,,,,,-0.4508445394503787,0.17100435070208447
6,,,avg_prec_yield,IN-03-0133,2,avg_prec_z,yield_z,,,,,,,,,,,,,-0.059552034945601594,0.15181858883150318
10,,,avg_prec_yield,IN-03-0133,2,avg_prec_z,yield_z,,,,,,,,,,,,,-0.11436683180452141,0.03608566412773149
14,,,avg_prec_yield,IN-03-0133,2,avg_prec_z,yield_z,,,,,,,,,,,,,-0.081969646995989,0.09177883105805476
6,,,avg_prec_yield,IN-03-0134,2,avg_prec_z,yield_z,,,,,,,,,,,,,0.06922088098611338,0.18118680684225566
10,,,avg_prec_yield,IN-03-0134,2,avg_prec_z,yield_z,,,,,,,,,,,,,0.1546386598590025,0.007947661487837484
14,,,avg_prec_yield,IN-03-0134,2,avg_prec_z,yield_z,,,,,,,,,,,,,0.23078194382093256,0.16129809814749307
6,,,avg_prec_yield,IN-03-0135,2,avg_prec_z,yield_z,,,,,,,,,,,,,-0.13210542454397547,0.0024193825668863854
10,,,avg_prec_yield,IN-03-0135,2,avg_prec_z,yield_z,,,,,,,,,,,,,-0.11462521726631389,0.1070361907470038
14,,,avg_prec_yield,IN-03-0135,2,avg_prec_z,yield_z,,,,,,,,,,,,,-0.22776954547096256,0.16058797989288306
6,,,avg_prec_yield,IN-03-0136,2,avg_prec_z,yield_z,,,,,,,,,,,,,0.1236069249450201,-0.08611590094342562
10,,,avg_prec_yield,IN-03-0136,2,avg_prec_z,yield_z,,,,,,,,,,,,,0.0097741520990188,-0.1511237259470576
14,,,avg_prec_yield,IN-03-0136,2,avg_prec_z,yield_z,,,,,,,,,,,,,0.35427282360047047,-0.07858278132203796
6,,,avg_prec_yield,IN-03-0137,2,avg_prec_z,yield_z,,,,,,,,,,,,,-0.4353821946190067,-0.26158776351885726
10,,,avg_prec_yield,IN-03-0137,2,avg_prec_z,yield_z,,,,,,,,,,,,,-0.49526561599758906,-0.3211328996456334
14,,,avg_prec_yield,IN-03-0137,2,avg_prec_z,yield_z,,,,,,,,,,,,,-0.6587535588911009,-0.31898294499464597
6,,,avg_prec_yield,IN-03-0138,2,avg_prec_z,yield_z,,,,,,,,,,,,,-0.22195520474781616,0.029957656086818836
10,,,avg_prec_yield,IN-03-0138,2,avg_prec_z,yield_z,,,,,,,,,,,,,-0.3090125558677152,0.1260778739712998
14,,,avg_prec_yield,IN-03-0138,2,avg_prec_z,yield_z,,,,,,,,,,,,,-0.48353827624253637,0.26741147279422073
6,,,avg_prec_yield,IN-03-0518,2,avg_prec_z,yield_z,,,,,,,,,,,,,-0.1768399433996454,-0.006858913293897878
10,,,avg_prec_yield,IN-03-0518,2,avg_prec_z,yield_z,,,,,,,,,,,,,-0.2795627237027,0.01845682711329782
14,,,avg_prec_yield,IN-03-0518,2,avg_prec_z,yield_z,,,,,,,,,,,,,-0.4077321364735501,-0.06100289824968861
6,,,avg_prec_yield,IN-03-1001,2,avg_prec_z,yield_z,,,,,,,,,,,,,-0.11228369709099409,-0.3113219288396361
10,,,avg_prec_yield,IN-03-1001,2,avg_prec_z,yield_z,,,,,,,,,,,,,-0.03916767319019611,-0.3266242734900967
14,,,avg_prec_yield,IN-03-1001,2,avg_prec_z,yield_z,,,,,,,,,,,,,-0.23696362968980492,-0.5530452706967477
6,,,avg_prec_yield,IN-03-1002,2,avg_prec_z,yield_z,,,,,,,,,,,,,0.3029610241710306,0.5655078655240697
10,,,avg_prec_yield,IN-03-1002,2,avg_prec_z,yield_z,,,,,,,,,,,,,0.3161048634391085,0.6334575475449351
14,,,avg_prec_yield,IN-03-1002,2,avg_prec_z,yield_z,,,,,,,,,,,,,0.3161857170313357,0.624360418276267
6,,,avg_prec_yield,IN-03-1003,2,avg_prec_z,yield_z,,,,,,,,,,,,,0.11635681514101379,0.2980717913890212
10,,,avg_prec_yield,IN-03-1003,2,avg_prec_z,yield_z,,,,,,,,,,,,,0.2981784828454764,0.46283688904402887
14,,,avg_prec_yield,IN-03-1003,2,avg_prec_z,yield_z,,,,,,,,,,,,,0.2677649601498172,0.47817802385338515
6,,,avg_prec_yield,IN-03-1004,2,avg_prec_z,yield_z,,,,,,,,,,,,,-0.20346901071187834,0.25233103441373805
10,,,avg_prec_yield,IN-03-1004,2,avg_prec_z,yield_z,,,,,,,,,,,,,-0.04264376453089195,0.30064758016941606
14,,,avg_prec_yield,IN-03-1004,2,avg_prec_z,yield_z,,,,,,,,,,,,,-0.08293258987097486,0.3824831567715926
6,,,avg_prec_yield,IN-03-1005,2,avg_prec_z,yield_z,,,,,,,,,,,,,-0.37864904987935966,-0.33734401397261127
10,,,avg_prec_yield,IN-03-1005,2,avg_prec_z,yield_z,,,,,,,,,,,,,-0.5626541410241728,-0.5920265737721867
14,,,avg_prec_yield,IN-03-1005,2,avg_prec_z,yield_z,,,,,,,,,,,,,-0.5452351382940241,-0.39409315017640123
6,,,avg_prec_yield,IN-03-1006,2,avg_prec_z,yield_z,,,,,,,,,,,,,0.018544050810219866,-0.216026551408383
10,,,avg_prec_yield,IN-03-1006,2,avg_prec_z,yield_z,,,,,,,,,,,,,0.10211298713916231,-0.43953185677100687
14,,,avg_prec_yield,IN-03-1006,2,avg_prec_z,yield_z,,,,,,,,,,,,,0.26265263442347125,-0.4023749316266178
6,,,avg_prec_yield,IN-03-2001,2,avg_prec_z,yield_z,,,,,,,,,,,,,-0.11729252639657572,-0.2780565272779901
6,,,avg_prec_yield,IN-04-0177,2,avg_prec_z,yield_z,,,,,,,,,,,,,-0.009302309544431665,0.2712985878901242
10,,,avg_prec_yield,IN-04-0177,2,avg_prec_z,yield_z,,,,,,,,,,,,,-0.120668564090007,0.36067076193484665
14,,,avg_prec_yield,IN-04-0177,2,avg_prec_z,yield_z,,,,,,,,,,,,,-0.23802118560636534,0.43359077013811564
6,,,avg_prec_yield,IN-04-0178,2,avg_prec_z,yield_z,,,,,,,,,,,,,0.20927992795207376,0.21052664189631884
10,,,avg_prec_yield,IN-04-0178,2,avg_prec_z,yield_z,,,,,,,,,,,,,0.28023621053315784,0.2500795808418396
14,,,avg_prec_yield,IN-04-0178,2,avg_prec_z,yield_z,,,,,,,,,,,,,0.40242401636312525,0.42286525195897023
6,,,avg_prec_yield,IN-04-0179,2,avg_prec_z,yield_z,,,,,,,,,,,,,-0.17873109577138405,-0.0357811663944692
10,,,avg_prec_yield,IN-04-0179,2,avg_prec_z,yield_z,,,,,,,,,,,,,-0.18291010548812178,-0.13174107886780412
14,,,avg_prec_yield,IN-04-0179,2,avg_prec_z,yield_z,,,,,,,,,,,,,-0.10675121182015754,-0.007372086121281313
6,,,avg_prec_yield,IN-04-0180,2,avg_prec_z,yield_z,,,,,,,,,,,,,0.15309357985005884,-0.06248683401387425
10,,,avg_prec_yield,IN-04-0180,2,avg_prec_z,yield_z,,,,,,,,,,,,,0.14943418118819174,-0.38317408649637474
14,,,avg_prec_yield,IN-04-0180,2,avg_prec_z,yield_z,,,,,,,,,,,,,0.28948190769264326,-0.29647537153698517
6,,,avg_prec_yield,IN-04-0181,2,avg_prec_z,yield_z,,,,,,,,,,,,,-0.14509529476416358,0.058421419798560956
10,,,avg_prec_yield,IN-04-0181,2,avg_prec_z,yield_z,,,,,,,,,,,,,-0.21362404351177716,0.11732548266944862
14,,,avg_prec_yield,IN-04-0181,2,avg_prec_z,yield_z,,,,,,,,,,,,,-0.10277079125335394,0.2931593493655119
6,,,avg_prec_yield,IN-04-0182,2,avg_prec_z,yield_z,,,,,,,,,,,,,0.4400410869554989,0.08197617544309413
10,,,avg_prec_yield,IN-04-0182,2,avg_prec_z,yield_z,,,,,,,,,,,,,0.6722588549587851,0.12519061927561378
14,,,avg_prec_yield,IN-04-0182,2,avg_prec_z,yield_z,,,,,,,,,,,,,0.6666643230826563,0.17683836004051817
6,,,avg_prec_yield,IN-04-0183,2,avg_prec_z,yield_z,,,,,,,,,,,,,-0.10885220357397278,-0.16790041754388066
10,,,avg_prec_yield,IN-04-0183,2,avg_prec_z,yield_z,,,,,,,,,,,,,-0.30527886964948436,-0.0920749021157436
14,,,avg_prec_yield,IN-04-0183,2,avg_prec_z,yield_z,,,,,,,,,,,,,-0.24191970338089872,-0.11019645936840732
6,,,avg_prec_yield,IN-04-0184,2,avg_prec_z,yield_z,,,,,,,,,,,,,-0.20293501874924402,-0.3450041233476589
10,,,avg_prec_yield,IN-04-0184,2,avg_prec_z,yield_z,,,,,,,,,,,,,-0.08395531405648801,-0.5860599837227289
14,,,avg_prec_yield,IN-04-0184,2,avg_prec_z,yield_z,,,,,,,,,,,,,-0.03469259646649219,-0.6272522426860716
6,,,avg_prec_yield,IN-04-0185,2,avg_prec_z,yield_z,,,,,,,,,,,,,0.008037762985503488,-0.22738845304933603
10,,,avg_prec_yield,IN-04-0185,2,avg_prec_z,yield_z,,,,,,,,,,,,,-0.004131958316744936,-0.13131442406203717
14,,,avg_prec_yield,IN-04-0185,2,avg_prec_z,yield_z,,,,,,,,,,,,,-0.23157797152996276,-0.18117581102550934
6,,,avg_prec_yield,IN-04-0186,2,avg_prec_z,yield_z,,,,,,,,,,,,,-0.1746267456358699,-0.1700346360753661
10,,,avg_prec_yield,IN-04-0186,2,avg_prec_z,yield_z,,,,,,,,,,,,,-0.14248579453847393,-0.29721366763504686
14,,,avg_prec_yield,IN-04-0186,2,avg_prec_z,yield_z,,,,,,,,,,,,,-0.26969802920461033,-0.44786282812496764
6,,,avg_prec_yield,IN-04-0187,2,avg_prec_z,yield_z,,,,,,,,,,,,,0.16005330574678306,-0.07127055473060359
10,,,avg_prec_yield,IN-04-0187,2,avg_prec_z,yield_z,,,,,,,,,,,,,0.20926607943636086,-0.15374939961997308
14,,,avg_prec_yield,IN-04-0187,2,avg_prec_z,yield_z,,,,,,,,,,,,,0.06182263940634225,-0.07631959210767802
6,,,avg_prec_yield,IN-04-0188,2,avg_prec_z,yield_z,,,,,,,,,,,,,-0.16285900617513377,-0.07460901324103893
10,,,avg_prec_yield,IN-04-0188,2,avg_prec_z,yield_z,,,,,,,,,,,,,-0.16226214395575722,-0.5706809358518031
14,,,avg_prec_yield,IN-04-0188,2,avg_prec_z,yield_z,,,,,,,,,,,,,-0.05079641278853314,-0.5018261496381282
6,,,avg_prec_yield,IN-04-0523,2,avg_prec_z,yield_z,,,,,,,,,,,,,-0.22177247215278353,-0.09378334804412844
10,,,avg_prec_yield,IN-04-0523,2,avg_prec_z,yield_z,,,,,,,,,,,,,-0.21659975376302318,-0.06138829195416897
14,,,avg_prec_yield,IN-04-0523,2,avg_prec_z,yield_z,,,,,,,,,,,,,-0.21025377825836217,0.06430901173281742
6,,,avg_prec_yield,IN-04-0524,2,avg_prec_z,yield_z,,,,,,,,,,,,,-0.08482094238158946,-0.12247802237144789
10,,,avg_prec_yield,IN-04-0524,2,avg_prec_z,yield_z,,,,,,,,,,,,,-0.14974122841842608,-0.1804399867008837
14,,,avg_prec_yield,IN-04-0524,2,avg_prec_z,yield_z,,,,,,,,,,,,,-0.315700081422147,0.17817167678843043
6,,,avg_prec_yield,IN-04-0525,2,avg_prec_z,yield_z,,,,,,,,,,,,,0.02875862232131677,-0.1260772637312046
10,,,avg_prec_yield,IN-04-0525,2,avg_prec_z,yield_z,,,,,,,,,,,,,0.2480906454715801,-0.33213897777963197
14,,,avg_prec_yield,IN-04-0525,2,avg_prec_z,yield_z,,,,,,,,,,,,,0.2587459793492741,-0.25113168213025094
6,,,avg_prec_yield,IN-04-0526,2,avg_prec_z,yield_z,,,,,,,,,,,,,0.3392953117157602,-0.04129033534461239
10,,,avg_prec_yield,IN-04-0526,2,avg_prec_z,yield_z,,,,,,,,,,,,,0.42516639245283294,-0.07106203165848754
14,,,avg_prec_yield,IN-04-0526,2,avg_prec_z,yield_z,,,,,,,,,,,,,0.5552840633809575,0.0011225352876780919
6,,,avg_prec_yield,IN-04-1007,2,avg_prec_z,yield_z,,,,,,,,,,,,,-0.15765868401925806,0.036569900274557844
10,,,avg_prec_yield,IN-04-1007,2,avg_prec_z,yield_z,,,,,,,,,,,,,-0.2856398421418363,0.022095327680997146
14,,,avg_prec_yield,IN-04-1007,2,avg_prec_z,yield_z,,,,,,,,,,,,,-0.2138777222378067,0.15762080732929848
6,,,avg_prec_yield,IN-04-1008,2,avg_prec_z,yield_z,,,,,,,,,,,,,0.18065966239459047,0.21157595173119823
10,,,avg_prec_yield,IN-04-1008,2,avg_prec_z,yield_z,,,,,,,,,,,,,0.41147760860774224,0.23943181122150792
14,,,avg_prec_yield,IN-04-1008,2,avg_prec_z,yield_z,,,,,,,,,,,,,0.4961436844759449,0.17918990896318
6,,,avg_prec_yield,IN-04-1009,2,avg_prec_z,yield_z,,,,,,,,,,,,,-0.3305318123430484,-0.30336971837787663
10,,,avg_prec_yield,IN-04-1009,2,avg_prec_z,yield_z,,,,,,,,,,,,,-0.4290583468278898,-0.5192625333367381
14,,,avg_prec_yield,IN-04-1009,2,avg_prec_z,yield_z,,,,,,,,,,,,,-0.40392620795449297,-0.557942973786308
6,,,avg_prec_yield,IN-04-2002,2,avg_prec_z,yield_z,,,,,,,,,,,,,-0.09040662683296621,0.05935667120118391
10,,,avg_prec_yield,IN-04-2002,2,avg_prec_z,yield_z,,,,,,,,,,,,,-0.17007654629412908,-0.16294314756522166
6,,,avg_prec_yield,IN-04-2003,2,avg_prec_z,yield_z,,,,,,,,,,,,,-0.35431240398110364,0.03614977489527423
6,,,avg_prec_yield,IN-05-0072,2,avg_prec_z,yield_z,,,,,,,,,,,,,-0.21307647188834794,0.10182515190898944
10,,,avg_prec_yield,IN-05-0072,2,avg_prec_z,yield_z,,,,,,,,,,,,,-0.12424418504443194,0.014123262150555916
14,,,avg_prec_yield,IN-05-0072,2,avg_prec_z,yield_z,,,,,,,,,,,,,0.02149765405888564,0.1727081881070414
6,,,avg_prec_yield,IN-05-0073,2,avg_prec_z,yield_z,,,,,,,,,,,,,-0.2632701708736656,-0.1881931367819204
10,,,avg_prec_yield,IN-05-0073,2,avg_prec_z,yield_z,,,,,,,,,,,,,-0.3019962000525601,-0.18102449092890457
14,,,avg_prec_yield,IN-05-0073,2,avg_prec_z,yield_z,,,,,,,,,,,,,-0.284717849010257,-0.2735823736026661
6,,,avg_prec_yield,IN-05-0074,2,avg_prec_z,yield_z,,,,,,,,,,,,,0.4328379053248882,0.5207391063997175
10,,,avg_prec_yield,IN-05-0074,2,avg_prec_z,yield_z,,,,,,,,,,,,,0.5580588714089708,0.5492133126891473
14,,,avg_prec_yield,IN-05-0074,2,avg_prec_z,yield_z,,,,,,,,,,,,,0.5456757561129713,0.6224053545589407
6,,,avg_prec_yield,IN-05-0075,2,avg_prec_z,yield_z,,,,,,,,,,,,,0.2400312538418305,0.374641089399428
10,,,avg_prec_yield,IN-05-0075,2,avg_prec_z,yield_z,,,,,,,,,,,,,0.42021163294213426,0.40552972351915295
14,,,avg_prec_yield,IN-05-0075,2,avg_prec_z,yield_z,,,,,,,,,,,,,0.4123412166444084,0.4774807724632649
6,,,avg_prec_yield,IN-05-0076,2,avg_prec_z,yield_z,,,,,,,,,,,,,0.3367221610958981,0.39711296233455096
10,,,avg_prec_yield,IN-05-0076,2,avg_prec_z,yield_z,,,,,,,,,,,,,0.28751727911559083,0.35514737737462176
14,,,avg_prec_yield,IN-05-0076,2,avg_prec_z,yield_z,,,,,,,,,,,,,0.280574597745953,0.3354400408335466
6,,,avg_prec_yield,IN-05-0077,2,avg_prec_z,yield_z,,,,,,,,,,,,,-0.10434932287635046,-0.09237149705686176
10,,,avg_prec_yield,IN-05-0077,2,avg_prec_z,yield_z,,,,,,,,,,,,,-0.04026926179558806,-0.08085174975238321
14,,,avg_prec_yield,IN-05-0077,2,avg_prec_z,yield_z,,,,,,,,,,,,,0.11487852040330808,0.008007758611339882
6,,,avg_prec_yield,IN-05-0078,2,avg_prec_z,yield_z,,,,,,,,,,,,,0.3079135636149702,0.3033861776364944
10,,,avg_prec_yield,IN-05-0078,2,avg_prec_z,yield_z,,,,,,,,,,,,,0.4380363445492136,0.3780034560264521
14,,,avg_prec_yield,IN-05-0078,2,avg_prec_z,yield_z,,,,,,,,,,,,,0.5194756425090519,0.3722872389904642
6,,,avg_prec_yield,IN-05-0079,2,avg_prec_z,yield_z,,,,,,,,,,,,,0.23294070375455975,0.33293992153874513
10,,,avg_prec_yield,IN-05-0079,2,avg_prec_z,yield_z,,,,,,,,,,,,,0.4132528759626868,0.4703209923898391
14,,,avg_prec_yield,IN-05-0079,2,avg_prec_z,yield_z,,,,,,,,,,,,,0.5912988951180607,0.6788418272556456
6,,,avg_prec_yield,IN-05-1010,2,avg_prec_z,yield_z,,,,,,,,,,,,,-0.2074896780823181,-0.5724976396868884
10,,,avg_prec_yield,IN-05-1010,2,avg_prec_z,yield_z,,,,,,,,,,,,,-0.038060506594889854,-0.6791741604388513
14,,,avg_prec_yield,IN-05-1010,2,avg_prec_z,yield_z,,,,,,,,,,,,,-0.008290230493150618,-0.6900330902264928
6,,,avg_prec_yield,IN-05-1012,2,avg_prec_z,yield_z,,,,,,,,,,,,,-0.09454777458635566,-0.23758342929209736
10,,,avg_prec_yield,IN-05-1012,2,avg_prec_z,yield_z,,,,,,,,,,,,,-0.03482946943285899,-0.38618190417898945
14,,,avg_prec_yield,IN-05-1012,2,avg_prec_z,yield_z,,,,,,,,,,,,,-0.15851042592878156,-0.47363545430672715
6,,,avg_prec_yield,IN-05-1013,2,avg_prec_z,yield_z,,,,,,,,,,,,,-0.10154781721639845,0.1693671319656586
10,,,avg_prec_yield,IN-05-1013,2,avg_prec_z,yield_z,,,,,,,,,,,,,0.034068241900126785,0.2368086437768541
14,,,avg_prec_yield,IN-05-1013,2,avg_prec_z,yield_z,,,,,,,,,,,,,-0.03379855343156313,0.358340117582303
6,,,avg_prec_yield,IN-05-1014,2,avg_prec_z,yield_z,,,,,,,,,,,,,0.21061109907656145,0.5252437512422699
10,,,avg_prec_yield,IN-05-1014,2,avg_prec_z,yield_z,,,,,,,,,,,,,0.20504306131743494,0.5057263948173704
14,,,avg_prec_yield,IN-05-1014,2,avg_prec_z,yield_z,,,,,,,,,,,,,0.27725434806175536,0.5687839870813163
6,,,avg_prec_yield,IN-05-1015,2,avg_prec_z,yield_z,,,,,,,,,,,,,-0.0277873599668561,0.04861374505738019
10,,,avg_prec_yield,IN-05-1015,2,avg_prec_z,yield_z,,,,,,,,,,,,,0.10882472202430964,0.14127348997120653
14,,,avg_prec_yield,IN-05-1015,2,avg_prec_z,yield_z,,,,,,,,,,,,,0.13783444027814934,0.20506716005044687
6,,,avg_prec_yield,IN-06-0007,2,avg_prec_z,yield_z,,,,,,,,,,,,,-0.02279111965989118,-0.23826642052236496
10,,,avg_prec_yield,IN-06-0007,2,avg_prec_z,yield_z,,,,,,,,,,,,,0.07428949430093794,-0.3941992956904346
14,,,avg_prec_yield,IN-06-0007,2,avg_prec_z,yield_z,,,,,,,,,,,,,0.29438037816355456,-0.2890149191275512
6,,,avg_prec_yield,IN-06-0008,2,avg_prec_z,yield_z,,,,,,,,,,,,,-0.35294326620974503,-0.140494330893353
10,,,avg_prec_yield,IN-06-0008,2,avg_prec_z,yield_z,,,,,,,,,,,,,-0.4079392253529409,-0.3169665384252752
14,,,avg_prec_yield,IN-06-0008,2,avg_prec_z,yield_z,,,,,,,,,,,,,-0.5541295833368419,-0.2569878793167684
6,,,avg_prec_yield,IN-06-0009,2,avg_prec_z,yield_z,,,,,,,,,,,,,-0.09072593179420183,0.04753619122234569
10,,,avg_prec_yield,IN-06-0009,2,avg_prec_z,yield_z,,,,,,,,,,,,,-0.14830003863814445,0.03635832020213837
14,,,avg_prec_yield,IN-06-0009,2,avg_prec_z,yield_z,,,,,,,,,,,,,-0.08671640711657913,0.1831031177732086
6,,,avg_prec_yield,IN-06-0010,2,avg_prec_z,yield_z,,,,,,,,,,,,,-0.47535849769505134,-0.12434204299321978
10,,,avg_prec_yield,IN-06-0010,2,avg_prec_z,yield_z,,,,,,,,,,,,,-0.5063685035388492,-0.09963971293974463
14,,,avg_prec_yield,IN-06-0010,2,avg_prec_z,yield_z,,,,,,,,,,,,,-0.7266912182498698,-0.08318904768576539
6,,,avg_prec_yield,IN-06-0011,2,avg_prec_z,yield_z,,,,,,,,,,,,,-0.23632505437932813,-0.3677860408093706
10,,,avg_prec_yield,IN-06-0011,2,avg_prec_z,yield_z,,,,,,,,,,,,,-0.13963795180271302,-0.3438880809908998
14,,,avg_prec_yield,IN-06-0011,2,avg_prec_z,yield_z,,,,,,,,,,,,,-0.23272322119973693,-0.3680643725487028
6,,,avg_prec_yield,IN-06-0012,2,avg_prec_z,yield_z,,,,,,,,,,,,,-0.15280001413591143,-0.42354134291615375
10,,,avg_prec_yield,IN-06-0012,2,avg_prec_z,yield_z,,,,,,,,,,,,,-0.15380457310569948,-0.3888054407034646
14,,,avg_prec_yield,IN-06-0012,2,avg_prec_z,yield_z,,,,,,,,,,,,,-0.11350968448834445,-0.3423852921861275
6,,,avg_prec_yield,IN-06-0013,2,avg_prec_z,yield_z,,,,,,,,,,,,,-0.22804952904610004,-0.22574282579930824
10,,,avg_prec_yield,IN-06-0013,2,avg_prec_z,yield_z,,,,,,,,,,,,,-0.31172533665610525,-0.03251510319669319
14,,,avg_prec_yield,IN-06-0013,2,avg_prec_z,yield_z,,,,,,,,,,,,,-0.08846955009945913,-0.24764339415948297
6,,,avg_prec_yield,IN-06-0014,2,avg_prec_z,yield_z,,,,,,,,,,,,,-0.1320283563489256,-0.35278580129999365
10,,,avg_prec_yield,IN-06-0014,2,avg_prec_z,yield_z,,,,,,,,,,,,,-0.2366209247737953,-0.5502061119541322
14,,,avg_prec_yield,IN-06-0014,2,avg_prec_z,yield_z,,,,,,,,,,,,,-0.015638099376700243,-0.3802209699678946
6,,,avg_prec_yield,IN-06-0015,2,avg_prec_z,yield_z,,,,,,,,,,,,,-0.12447596427150709,-0.04243262767484188
10,,,avg_prec_yield,IN-06-0015,2,avg_prec_z,yield_z,,,,,,,,,,,,,-0.1954449817513726,0.041116038021645665
14,,,avg_prec_yield,IN-06-0015,2,avg_prec_z,yield_z,,,,,,,,,,,,,-0.18208916427330793,-0.01756258799480011
6,,,avg_prec_yield,IN-06-0016,2,avg_prec_z,yield_z,,,,,,,,,,,,,0.025977227604435993,-0.07317769789847368
10,,,avg_prec_yield,IN-06-0016,2,avg_prec_z,yield_z,,,,,,,,,,,,,0.12766389954704488,0.017723471275644533
14,,,avg_prec_yield,IN-06-0016,2,avg_prec_z,yield_z,,,,,,,,,,,,,0.06083467557476484,0.04908213952869853
6,,,avg_prec_yield,IN-06-0017,2,avg_prec_z,yield_z,,,,,,,,,,,,,-0.14123826654108337,-0.30587546689146927
10,,,avg_prec_yield,IN-06-0017,2,avg_prec_z,yield_z,,,,,,,,,,,,,-0.28613830078448227,-0.30762196568321165
14,,,avg_prec_yield,IN-06-0017,2,avg_prec_z,yield_z,,,,,,,,,,,,,-0.3276341138339995,-0.2867549229261307
6,,,avg_prec_yield,IN-06-0018,2,avg_prec_z,yield_z,,,,,,,,,,,,,-0.28962106274019106,-0.2221269843643586
10,,,avg_prec_yield,IN-06-0018,2,avg_prec_z,yield_z,,,,,,,,,,,,,-0.19995640086513355,-0.07220250479881454
14,,,avg_prec_yield,IN-06-0018,2,avg_prec_z,yield_z,,,,,,,,,,,,,-0.3160724107469536,0.06833389669513734
6,,,avg_prec_yield,IN-06-0019,2,avg_prec_z,yield_z,,,,,,,,,,,,,-0.35982411415013826,0.010285890100085616
10,,,avg_prec_yield,IN-06-0019,2,avg_prec_z,yield_z,,,,,,,,,,,,,-0.3220016687822135,0.23833070444083276
14,,,avg_prec_yield,IN-06-0019,2,avg_prec_z,yield_z,,,,,,,,,,,,,-0.5196651661027223,0.25724033124500145
6,,,avg_prec_yield,IN-06-0020,2,avg_prec_z,yield_z,,,,,,,,,,,,,-0.27545293903875856,-0.2079899310890506
10,,,avg_prec_yield,IN-06-0020,2,avg_prec_z,yield_z,,,,,,,,,,,,,-0.23762450232057253,-0.24748240343797834
14,,,avg_prec_yield,IN-06-0020,2,avg_prec_z,yield_z,,,,,,,,,,,,,-0.3372525390197837,-0.023961420291455142
6,,,avg_prec_yield,IN-06-0021,2,avg_prec_z,yield_z,,,,,,,,,,,,,-0.3894507963739614,-0.21380774326511004
10,,,avg_prec_yield,IN-06-0021,2,avg_prec_z,yield_z,,,,,,,,,,,,,-0.22027597119136524,-0.2305245061109129
14,,,avg_prec_yield,IN-06-0021,2,avg_prec_z,yield_z,,,,,,,,,,,,,-0.5380406832579816,-0.10478811608745424
6,,,avg_prec_yield,IN-06-0022,2,avg_prec_z,yield_z,,,,,,,,,,,,,-0.1852861463540175,-0.3530759165698518
10,,,avg_prec_yield,IN-06-0022,2,avg_prec_z,yield_z,,,,,,,,,,,,,-0.3697495747454639,-0.11339579879245831
14,,,avg_prec_yield,IN-06-0022,2,avg_prec_z,yield_z,,,,,,,,,,,,,-0.19767024151058984,0.14112735182027528
6,,,avg_prec_yield,IN-06-0023,2,avg_prec_z,yield_z,,,,,,,,,,,,,0.15320385693121402,-0.13028539008040144
10,,,avg_prec_yield,IN-06-0023,2,avg_prec_z,yield_z,,,,,,,,,,,,,0.20681171131441642,0.0363314173145481
14,,,avg_prec_yield,IN-06-0023,2,avg_prec_z,yield_z,,,,,,,,,,,,,0.2418754274331322,0.08931412984020418
6,,,avg_prec_yield,IN-06-0024,2,avg_prec_z,yield_z,,,,,,,,,,,,,0.625768929575333,-0.01797265539637208
10,,,avg_prec_yield,IN-06-0024,2,avg_prec_z,yield_z,,,,,,,,,,,,,0.5909989433744042,-0.13193101562344828
14,,,avg_prec_yield,IN-06-0024,2,avg_prec_z,yield_z,,,,,,,,,,,,,0.6009364608553585,-0.16884725130597616
6,,,avg_prec_yield,IN-06-0025,2,avg_prec_z,yield_z,,,,,,,,,,,,,-0.4255033845498343,-0.0847727448236892
10,,,avg_prec_yield,IN-06-0025,2,avg_prec_z,yield_z,,,,,,,,,,,,,-0.6038605889940714,0.008115128572741003
14,,,avg_prec_yield,IN-06-0025,2,avg_prec_z,yield_z,,,,,,,,,,,,,-0.4724271216915904,-0.04829874746503701
6,,,avg_prec_yield,IN-06-0026,2,avg_prec_z,yield_z,,,,,,,,,,,,,-0.37344611857240617,-0.2391555497676266
10,,,avg_prec_yield,IN-06-0026,2,avg_prec_z,yield_z,,,,,,,,,,,,,-0.6186094358412346,0.1679433428249225
14,,,avg_prec_yield,IN-06-0026,2,avg_prec_z,yield_z,,,,,,,,,,,,,-0.7206628299796494,0.20561308968692274
6,,,avg_prec_yield,IN-06-0027,2,avg_prec_z,yield_z,,,,,,,,,,,,,-0.29370750285118924,-0.07772479983735832
10,,,avg_prec_yield,IN-06-0027,2,avg_prec_z,yield_z,,,,,,,,,,,,,-0.5220021259404517,0.27922851534388904
14,,,avg_prec_yield,IN-06-0027,2,avg_prec_z,yield_z,,,,,,,,,,,,,-0.6329799659050801,0.342533906835791
6,,,avg_prec_yield,IN-06-0028,2,avg_prec_z,yield_z,,,,,,,,,,,,,-0.2294491583143845,-0.3064958421886771
10,,,avg_prec_yield,IN-06-0028,2,avg_prec_z,yield_z,,,,,,,,,,,,,-0.14620649114550502,-0.4119651753700776
14,,,avg_prec_yield,IN-06-0028,2,avg_prec_z,yield_z,,,,,,,,,,,,,-0.08881929050111917,-0.385922137502892
6,,,avg_prec_yield,IN-06-0029,2,avg_prec_z,yield_z,,,,,,,,,,,,,-0.3100771675598076,0.10118556649733317
10,,,avg_prec_yield,IN-06-0029,2,avg_prec_z,yield_z,,,,,,,,,,,,,-0.3507622388132981,0.212282408464917
14,,,avg_prec_yield,IN-06-0029,2,avg_prec_z,yield_z,,,,,,,,,,,,,-0.485644989767517,0.06074875193952998
6,,,avg_prec_yield,IN-06-0030,2,avg_prec_z,yield_z,,,,,,,,,,,,,0.21661253517015616,0.25990120430562375
10,,,avg_prec_yield,IN-06-0030,2,avg_prec_z,yield_z,,,,,,,,,,,,,0.28412357155958046,0.34625359671818
14,,,avg_prec_yield,IN-06-0030,2,avg_prec_z,yield_z,,,,,,,,,,,,,0.46449919987395527,0.34282471330288083
6,,,avg_prec_yield,IN-06-0031,2,avg_prec_z,yield_z,,,,,,,,,,,,,0.5500410004285484,0.4133575583492014
10,,,avg_prec_yield,IN-06-0031,2,avg_prec_z,yield_z,,,,,,,,,,,,,0.5180919379289727,0.37519298221186903
14,,,avg_prec_yield,IN-06-0031,2,avg_prec_z,yield_z,,,,,,,,,,,,,0.6442572075786202,0.4322106036724665
6,,,avg_prec_yield,IN-06-0032,2,avg_prec_z,yield_z,,,,,,,,,,,,,-0.33404208191935547,0.056693981412434
10,,,avg_prec_yield,IN-06-0032,2,avg_prec_z,yield_z,,,,,,,,,,,,,-0.34740106916481384,0.15646508892273608
14,,,avg_prec_yield,IN-06-0032,2,avg_prec_z,yield_z,,,,,,,,,,,,,-0.24570448618363244,0.2020954855365258
6,,,avg_prec_yield,IN-06-0033,2,avg_prec_z,yield_z,,,,,,,,,,,,,-0.3380140615177699,-0.34077425786371396
10,,,avg_prec_yield,IN-06-0033,2,avg_prec_z,yield_z,,,,,,,,,,,,,-0.33749285629127346,-0.41224626511940227
14,,,avg_prec_yield,IN-06-0033,2,avg_prec_z,yield_z,,,,,,,,,,,,,-0.36496739056222766,-0.4205079433199339
6,,,avg_prec_yield,IN-06-0034,2,avg_prec_z,yield_z,,,,,,,,,,,,,-0.3218423577793838,-0.3171485010909553
10,,,avg_prec_yield,IN-06-0034,2,avg_prec_z,yield_z,,,,,,,,,,,,,-0.40917645928878477,-0.17595063621255752
14,,,avg_prec_yield,IN-06-0034,2,avg_prec_z,yield_z,,,,,,,,,,,,,-0.2809952910392234,-0.18226524437483788
6,,,avg_prec_yield,IN-06-0035,2,avg_prec_z,yield_z,,,,,,,,,,,,,-0.22080064352503231,-0.32669826645378547
10,,,avg_prec_yield,IN-06-0035,2,avg_prec_z,yield_z,,,,,,,,,,,,,-0.41565537453632706,-0.26729284555720934
14,,,avg_prec_yield,IN-06-0035,2,avg_prec_z,yield_z,,,,,,,,,,,,,-0.3884883312331821,-0.24048245493051806
6,,,avg_prec_yield,IN-06-0036,2,avg_prec_z,yield_z,,,,,,,,,,,,,-0.002429341958500564,-0.022350479286131653
10,,,avg_prec_yield,IN-06-0036,2,avg_prec_z,yield_z,,,,,,,,,,,,,0.04398618773511222,-0.1935322347855415
14,,,avg_prec_yield,IN-06-0036,2,avg_prec_z,yield_z,,,,,,,,,,,,,0.0247214918648405,-0.18260879341207903
6,,,avg_prec_yield,IN-06-0037,2,avg_prec_z,yield_z,,,,,,,,,,,,,-0.04512327223661429,-0.19345583545937176
10,,,avg_prec_yield,IN-06-0037,2,avg_prec_z,yield_z,,,,,,,,,,,,,-0.1284391465382311,-0.20168317693619525
14,,,avg_prec_yield,IN-06-0037,2,avg_prec_z,yield_z,,,,,,,,,,,,,-0.037371611902857066,-0.018638079466445127
6,,,avg_prec_yield,IN-06-0038,2,avg_prec_z,yield_z,,,,,,,,,,,,,0.34341912949819775,0.012703262942639838
10,,,avg_prec_yield,IN-06-0038,2,avg_prec_z,yield_z,,,,,,,,,,,,,0.14253948047922416,-0.21879251792420645
14,,,avg_prec_yield,IN-06-0038,2,avg_prec_z,yield_z,,,,,,,,,,,,,0.23955179457502593,-0.145858613767374
6,,,avg_prec_yield,IN-06-0039,2,avg_prec_z,yield_z,,,,,,,,,,,,,-0.016900822017918954,0.26087342455643026
10,,,avg_prec_yield,IN-06-0039,2,avg_prec_z,yield_z,,,,,,,,,,,,,0.08914862516308339,0.2864479217447905
14,,,avg_prec_yield,IN-06-0039,2,avg_prec_z,yield_z,,,,,,,,,,,,,0.18872150079108949,0.5241356167837177
6,,,avg_prec_yield,IN-06-0040,2,avg_prec_z,yield_z,,,,,,,,,,,,,-0.0700435516792757,0.01026733728746978
10,,,avg_prec_yield,IN-06-0040,2,avg_prec_z,yield_z,,,,,,,,,,,,,0.11375408666917726,-0.17049775189856575
14,,,avg_prec_yield,IN-06-0040,2,avg_prec_z,yield_z,,,,,,,,,,,,,0.2384740749223196,-0.06788817584253223
6,,,avg_prec_yield,IN-06-0041,2,avg_prec_z,yield_z,,,,,,,,,,,,,0.7475595536678711,0.45949094754221803
10,,,avg_prec_yield,IN-06-0041,2,avg_prec_z,yield_z,,,,,,,,,,,,,0.7853638432895939,0.3353622497760528
14,,,avg_prec_yield,IN-06-0041,2,avg_prec_z,yield_z,,,,,,,,,,,,,0.8063470943179745,0.4302940860328479
6,,,avg_prec_yield,IN-06-0042,2,avg_prec_z,yield_z,,,,,,,,,,,,,0.32008636522109396,-0.07441079036274843
10,,,avg_prec_yield,IN-06-0042,2,avg_prec_z,yield_z,,,,,,,,,,,,,0.3990087356361297,0.09827170351715361
14,,,avg_prec_yield,IN-06-0042,2,avg_prec_z,yield_z,,,,,,,,,,,,,0.5173937886980302,0.2309521281134689
6,,,avg_prec_yield,IN-06-0043,2,avg_prec_z,yield_z,,,,,,,,,,,,,0.29160308470204904,-0.2964998038627464
10,,,avg_prec_yield,IN-06-0043,2,avg_prec_z,yield_z,,,,,,,,,,,,,0.46916509697379566,-0.4753967072252979
14,,,avg_prec_yield,IN-06-0043,2,avg_prec_z,yield_z,,,,,,,,,,,,,0.5395572107562566,-0.3381564648903176
6,,,avg_prec_yield,IN-06-0502,2,avg_prec_z,yield_z,,,,,,,,,,,,,0.5571671449493169,0.37107737351807807
10,,,avg_prec_yield,IN-06-0502,2,avg_prec_z,yield_z,,,,,,,,,,,,,0.5007890558428156,0.27048255319841535
14,,,avg_prec_yield,IN-06-0502,2,avg_prec_z,yield_z,,,,,,,,,,,,,0.5395328252163334,0.2934797861482977
6,,,avg_prec_yield,IN-06-1057,2,avg_prec_z,yield_z,,,,,,,,,,,,,-0.13961861087127594,-0.3747019552043075
10,,,avg_prec_yield,IN-06-1057,2,avg_prec_z,yield_z,,,,,,,,,,,,,-0.07530419990906326,-0.35866149805510134
14,,,avg_prec_yield,IN-06-1057,2,avg_prec_z,yield_z,,,,,,,,,,,,,-0.06032781213185166,-0.2754751791022795
6,,,avg_prec_yield,IN-06-1058,2,avg_prec_z,yield_z,,,,,,,,,,,,,0.04257067710227356,-0.35970395627321416
10,,,avg_prec_yield,IN-06-1058,2,avg_prec_z,yield_z,,,,,,,,,,,,,0.10321589040261878,-0.5424677527474584
14,,,avg_prec_yield,IN-06-1058,2,avg_prec_z,yield_z,,,,,,,,,,,,,0.07516757703497787,-0.6650939656069934
6,,,avg_prec_yield,IN-06-1060,2,avg_prec_z,yield_z,,,,,,,,,,,,,-0.29661110145846603,-0.36300130525765395
10,,,avg_prec_yield,IN-06-1060,2,avg_prec_z,yield_z,,,,,,,,,,,,,-0.3549270705576451,-0.4038508208978612
14,,,avg_prec_yield,IN-06-1060,2,avg_prec_z,yield_z,,,,,,,,,,,,,-0.3653513232130772,-0.37246801420518644
6,,,avg_prec_yield,IN-06-1061,2,avg_prec_z,yield_z,,,,,,,,,,,,,-0.22205481042645112,-0.003352741112635915
10,,,avg_prec_yield,IN-06-1061,2,avg_prec_z,yield_z,,,,,,,,,,,,,-0.19357832459766972,0.15469724534016166
14,,,avg_prec_yield,IN-06-1061,2,avg_prec_z,yield_z,,,,,,,,,,,,,-0.21443400264084497,0.22827748559733924
6,,,avg_prec_yield,IN-06-1062,2,avg_prec_z,yield_z,,,,,,,,,,,,,0.2241062501984712,0.19995962856381247
10,,,avg_prec_yield,IN-06-1062,2,avg_prec_z,yield_z,,,,,,,,,,,,,0.18375638686999662,-0.05827600632798789
14,,,avg_prec_yield,IN-06-1062,2,avg_prec_z,yield_z,,,,,,,,,,,,,0.31023496777826765,0.005901545221282041
6,,,avg_prec_yield,IN-06-1063,2,avg_prec_z,yield_z,,,,,,,,,,,,,0.051659446541101675,-0.22122538815187953
10,,,avg_prec_yield,IN-06-1063,2,avg_prec_z,yield_z,,,,,,,,,,,,,0.20994219018231938,-0.223578522634755
14,,,avg_prec_yield,IN-06-1063,2,avg_prec_z,yield_z,,,,,,,,,,,,,0.20331664933060956,-0.04274176952946529
6,,,avg_prec_yield,IN-06-1064,2,avg_prec_z,yield_z,,,,,,,,,,,,,-0.3962652957326302,0.09714728779617332
10,,,avg_prec_yield,IN-06-1064,2,avg_prec_z,yield_z,,,,,,,,,,,,,-0.35427505170653384,0.36739250775969357
14,,,avg_prec_yield,IN-06-1064,2,avg_prec_z,yield_z,,,,,,,,,,,,,-0.5456783404411552,0.47959733689647477
6,,,avg_prec_yield,IN-06-1071,2,avg_prec_z,yield_z,,,,,,,,,,,,,-0.11003735210532406,-0.20617070623871125
10,,,avg_prec_yield,IN-06-1071,2,avg_prec_z,yield_z,,,,,,,,,,,,,-0.1545813104841205,-0.008883309772183327
6,,,avg_prec_yield,IN-06-1081,2,avg_prec_z,yield_z,,,,,,,,,,,,,-0.13997692954652197,-0.07301440629789475
10,,,avg_prec_yield,IN-06-1081,2,avg_prec_z,yield_z,,,,,,,,,,,,,-0.09044434247690551,-0.027520899814285432
6,,,avg_prec_yield,IN-06-1082,2,avg_prec_z,yield_z,,,,,,,,,,,,,-0.3292046592818968,-0.04087868188408394
10,,,avg_prec_yield,IN-06-1082,2,avg_prec_z,yield_z,,,,,,,,,,,,,-0.4252763444971772,-0.09549216193855567
6,,,avg_prec_yield,IN-06-2006,2,avg_prec_z,yield_z,,,,,,,,,,,,,-0.4013240450678648,-0.45186529799504543
6,,,avg_prec_yield,IN-06-2007,2,avg_prec_z,yield_z,,,,,,,,,,,,,-0.5587260940776017,-0.5596575167000136
6,,,avg_prec_yield,IN-07-0096,2,avg_prec_z,yield_z,,,,,,,,,,,,,-0.1654613856390283,-0.4806039554207948
10,,,avg_prec_yield,IN-07-0096,2,avg_prec_z,yield_z,,,,,,,,,,,,,-0.18271595200274562,-0.7062874103156049
6,,,avg_prec_yield,IN-07-0099,2,avg_prec_z,yield_z,,,,,,,,,,,,,-0.23861155724874417,-0.14612144395336704
10,,,avg_prec_yield,IN-07-0099,2,avg_prec_z,yield_z,,,,,,,,,,,,,-0.156737415452543,0.06327534313021127
14,,,avg_prec_yield,IN-07-0099,2,avg_prec_z,yield_z,,,,,,,,,,,,,-0.2117584417193746,0.13906196493551742
6,,,avg_prec_yield,IN-07-0100,2,avg_prec_z,yield_z,,,,,,,,,,,,,-0.4538734882005812,-0.30650860153824144
10,,,avg_prec_yield,IN-07-0100,2,avg_prec_z,yield_z,,,,,,,,,,,,,-0.36384466516362035,-0.2686001519496747
14,,,avg_prec_yield,IN-07-0100,2,avg_prec_z,yield_z,,,,,,,,,,,,,-0.4128175613232643,-0.23183682675308132
6,,,avg_prec_yield,IN-07-0101,2,avg_prec_z,yield_z,,,,,,,,,,,,,0.09129157287150193,0.3352452271601594
10,,,avg_prec_yield,IN-07-0101,2,avg_prec_z,yield_z,,,,,,,,,,,,,0.1612305681540805,0.5336074651257341
14,,,avg_prec_yield,IN-07-0101,2,avg_prec_z,yield_z,,,,,,,,,,,,,0.11133473932069486,0.536402635703181
6,,,avg_prec_yield,IN-07-0102,2,avg_prec_z,yield_z,,,,,,,,,,,,,0.2931795734935133,0.33220933325688307
10,,,avg_prec_yield,IN-07-0102,2,avg_prec_z,yield_z,,,,,,,,,,,,,0.45354296154917756,0.4353957148326071
14,,,avg_prec_yield,IN-07-0102,2,avg_prec_z,yield_z,,,,,,,,,,,,,0.5392524471062814,0.4724696963809919
6,,,avg_prec_yield,IN-07-0103,2,avg_prec_z,yield_z,,,,,,,,,,,,,-0.2243794392239912,-0.35636397864525177
10,,,avg_prec_yield,IN-07-0103,2,avg_prec_z,yield_z,,,,,,,,,,,,,-0.09279200069796725,-0.38626555292772
14,,,avg_prec_yield,IN-07-0103,2,avg_prec_z,yield_z,,,,,,,,,,,,,-0.025019253071282693,-0.3461626993538848
6,,,avg_prec_yield,IN-07-0104,2,avg_prec_z,yield_z,,,,,,,,,,,,,0.2765967098858775,0.16085540938802537
10,,,avg_prec_yield,IN-07-0104,2,avg_prec_z,yield_z,,,,,,,,,,,,,0.36601697812745615,0.1641166670183129
14,,,avg_prec_yield,IN-07-0104,2,avg_prec_z,yield_z,,,,,,,,,,,,,0.4442912776594012,0.07739917063127959
6,,,avg_prec_yield,IN-07-0105,2,avg_prec_z,yield_z,,,,,,,,,,,,,-0.1963126427876221,-0.3314433767377167
10,,,avg_prec_yield,IN-07-0105,2,avg_prec_z,yield_z,,,,,,,,,,,,,-0.19688332469562916,-0.4340435600096459
14,,,avg_prec_yield,IN-07-0105,2,avg_prec_z,yield_z,,,,,,,,,,,,,-0.1121775722970759,-0.5297389414909095
6,,,avg_prec_yield,IN-07-0106,2,avg_prec_z,yield_z,,,,,,,,,,,,,0.5388784713079042,0.31993535066092427
10,,,avg_prec_yield,IN-07-0106,2,avg_prec_z,yield_z,,,,,,,,,,,,,0.5338971305895599,0.5393036889933053
14,,,avg_prec_yield,IN-07-0106,2,avg_prec_z,yield_z,,,,,,,,,,,,,0.5345957407014683,0.5609760285411793
6,,,avg_prec_yield,IN-07-0107,2,avg_prec_z,yield_z,,,,,,,,,,,,,0.3322711977359126,0.023015341726362486
10,,,avg_prec_yield,IN-07-0107,2,avg_prec_z,yield_z,,,,,,,,,,,,,0.33645700363503434,-0.18206152431172365
14,,,avg_prec_yield,IN-07-0107,2,avg_prec_z,yield_z,,,,,,,,,,,,,0.30665234698960875,-0.18327280137888327
6,,,avg_prec_yield,IN-07-0108,2,avg_prec_z,yield_z,,,,,,,,,,,,,0.08961250283860149,-0.1861235915939518
10,,,avg_prec_yield,IN-07-0108,2,avg_prec_z,yield_z,,,,,,,,,,,,,0.10901024574555647,0.0451003020690669
14,,,avg_prec_yield,IN-07-0108,2,avg_prec_z,yield_z,,,,,,,,,,,,,0.07514173173456781,0.19708711280073712
6,,,avg_prec_yield,IN-07-0109,2,avg_prec_z,yield_z,,,,,,,,,,,,,-0.4284366267287461,-0.18199273555856849
10,,,avg_prec_yield,IN-07-0109,2,avg_prec_z,yield_z,,,,,,,,,,,,,-0.46674467583428336,-0.07023408161200675
14,,,avg_prec_yield,IN-07-0109,2,avg_prec_z,yield_z,,,,,,,,,,,,,-0.4134953335056621,-0.032349240640210206
6,,,avg_prec_yield,IN-07-0110,2,avg_prec_z,yield_z,,,,,,,,,,,,,-0.1070050351495945,-0.16575068269019388
10,,,avg_prec_yield,IN-07-0110,2,avg_prec_z,yield_z,,,,,,,,,,,,,0.12813209043783938,-0.08654792647053458
14,,,avg_prec_yield,IN-07-0110,2,avg_prec_z,yield_z,,,,,,,,,,,,,0.23249545581362924,-0.20445827628324822
6,,,avg_prec_yield,IN-07-0111,2,avg_prec_z,yield_z,,,,,,,,,,,,,-0.363904056927663,-0.32071581337867894
10,,,avg_prec_yield,IN-07-0111,2,avg_prec_z,yield_z,,,,,,,,,,,,,-0.5014801590346136,-0.2134275431505345
14,,,avg_prec_yield,IN-07-0111,2,avg_prec_z,yield_z,,,,,,,,,,,,,-0.4358598695667585,-0.36261008945066003
6,,,avg_prec_yield,IN-07-0112,2,avg_prec_z,yield_z,,,,,,,,,,,,,-0.10788485963978715,0.014118601078379029
10,,,avg_prec_yield,IN-07-0112,2,avg_prec_z,yield_z,,,,,,,,,,,,,0.1790920287770953,0.24251491817448584
14,,,avg_prec_yield,IN-07-0112,2,avg_prec_z,yield_z,,,,,,,,,,,,,0.11531222778187525,0.3239740057408578
6,,,avg_prec_yield,IN-07-0113,2,avg_prec_z,yield_z,,,,,,,,,,,,,0.21460175114715732,-0.24369359242497146
10,,,avg_prec_yield,IN-07-0113,2,avg_prec_z,yield_z,,,,,,,,,,,,,0.48275401560638426,-0.15262419640850183
14,,,avg_prec_yield,IN-07-0113,2,avg_prec_z,yield_z,,,,,,,,,,,,,0.581401757876696,-0.15591349134658034
6,,,avg_prec_yield,IN-07-0114,2,avg_prec_z,yield_z,,,,,,,,,,,,,-0.03473628287649266,-0.44554351627892713
10,,,avg_prec_yield,IN-07-0114,2,avg_prec_z,yield_z,,,,,,,,,,,,,-0.11236698858229972,-0.42553827969017205
14,,,avg_prec_yield,IN-07-0114,2,avg_prec_z,yield_z,,,,,,,,,,,,,0.027118770918530925,-0.4153007862059413
6,,,avg_prec_yield,IN-07-0115,2,avg_prec_z,yield_z,,,,,,,,,,,,,0.1379763469912026,-0.2409175081165987
10,,,avg_prec_yield,IN-07-0115,2,avg_prec_z,yield_z,,,,,,,,,,,,,0.22449945764473447,-0.21413888576351736
14,,,avg_prec_yield,IN-07-0115,2,avg_prec_z,yield_z,,,,,,,,,,,,,0.11738825111090836,-0.29147404633883534
6,,,avg_prec_yield,IN-07-0116,2,avg_prec_z,yield_z,,,,,,,,,,,,,-0.4962101112822008,-0.20252532229498077
10,,,avg_prec_yield,IN-07-0116,2,avg_prec_z,yield_z,,,,,,,,,,,,,-0.5124384369981931,-0.05935709089446839
14,,,avg_prec_yield,IN-07-0116,2,avg_prec_z,yield_z,,,,,,,,,,,,,-0.5324849699722968,-0.08799602864983963
6,,,avg_prec_yield,IN-07-0117,2,avg_prec_z,yield_z,,,,,,,,,,,,,0.17975725879630558,-0.2998430341597727
10,,,avg_prec_yield,IN-07-0117,2,avg_prec_z,yield_z,,,,,,,,,,,,,0.3093010252060509,-0.33577447925572657
14,,,avg_prec_yield,IN-07-0117,2,avg_prec_z,yield_z,,,,,,,,,,,,,0.3957769886364038,-0.42424677620128487
6,,,avg_prec_yield,IN-07-0118,2,avg_prec_z,yield_z,,,,,,,,,,,,,-0.020008484514751845,-0.23581150969191364
10,,,avg_prec_yield,IN-07-0118,2,avg_prec_z,yield_z,,,,,,,,,,,,,0.07601697868189913,-0.3317569311891118
14,,,avg_prec_yield,IN-07-0118,2,avg_prec_z,yield_z,,,,,,,,,,,,,0.1538341894514177,-0.41768718744748023
6,,,avg_prec_yield,IN-07-0119,2,avg_prec_z,yield_z,,,,,,,,,,,,,0.02739480315922384,-0.15138305756940768
10,,,avg_prec_yield,IN-07-0119,2,avg_prec_z,yield_z,,,,,,,,,,,,,0.027151058565430097,-0.22547247721307945
14,,,avg_prec_yield,IN-07-0119,2,avg_prec_z,yield_z,,,,,,,,,,,,,0.012524687080661017,-0.16034517794269135
6,,,avg_prec_yield,IN-07-0120,2,avg_prec_z,yield_z,,,,,,,,,,,,,-0.025407815253851895,-0.18669296048363754
10,,,avg_prec_yield,IN-07-0120,2,avg_prec_z,yield_z,,,,,,,,,,,,,0.057054654103230996,-0.14547344884847094
14,,,avg_prec_yield,IN-07-0120,2,avg_prec_z,yield_z,,,,,,,,,,,,,0.2207439566358053,-0.27748910643810715
6,,,avg_prec_yield,IN-07-0514,2,avg_prec_z,yield_z,,,,,,,,,,,,,0.2757093953700918,0.19629996934896507
10,,,avg_prec_yield,IN-07-0514,2,avg_prec_z,yield_z,,,,,,,,,,,,,0.29300245287981086,0.33326172379519337
14,,,avg_prec_yield,IN-07-0514,2,avg_prec_z,yield_z,,,,,,,,,,,,,0.2837001378261758,0.34073808961776836
6,,,avg_prec_yield,IN-07-0515,2,avg_prec_z,yield_z,,,,,,,,,,,,,-0.37558125528452735,-0.16452184324537306
10,,,avg_prec_yield,IN-07-0515,2,avg_prec_z,yield_z,,,,,,,,,,,,,-0.4722679692285546,0.02875274214333006
14,,,avg_prec_yield,IN-07-0515,2,avg_prec_z,yield_z,,,,,,,,,,,,,-0.4821152563136433,-0.06509344375738442
6,,,avg_prec_yield,IN-07-0516,2,avg_prec_z,yield_z,,,,,,,,,,,,,0.010239946041677734,-0.060801831334007087
10,,,avg_prec_yield,IN-07-0516,2,avg_prec_z,yield_z,,,,,,,,,,,,,-0.19039532593732303,-0.22006304822728104
14,,,avg_prec_yield,IN-07-0516,2,avg_prec_z,yield_z,,,,,,,,,,,,,-0.05218789852537916,-0.2053941656737372
6,,,avg_prec_yield,IN-07-1072,2,avg_prec_z,yield_z,,,,,,,,,,,,,0.13043635510585283,-0.35496788097426457
10,,,avg_prec_yield,IN-07-1072,2,avg_prec_z,yield_z,,,,,,,,,,,,,0.21579122088076663,-0.34157341791784557
14,,,avg_prec_yield,IN-07-1072,2,avg_prec_z,yield_z,,,,,,,,,,,,,0.3024297051875514,-0.40220538748689194
6,,,avg_prec_yield,IN-07-1073,2,avg_prec_z,yield_z,,,,,,,,,,,,,-0.3083625853533354,-0.10623385528007781
10,,,avg_prec_yield,IN-07-1073,2,avg_prec_z,yield_z,,,,,,,,,,,,,-0.2691412609291596,-0.14121354333050493
14,,,avg_prec_yield,IN-07-1073,2,avg_prec_z,yield_z,,,,,,,,,,,,,-0.2253289329720583,-0.2389560012395248
6,,,avg_prec_yield,IN-07-1074,2,avg_prec_z,yield_z,,,,,,,,,,,,,-7.182338734707804e-05,0.015865701265597547
10,,,avg_prec_yield,IN-07-1074,2,avg_prec_z,yield_z,,,,,,,,,,,,,0.1493117457698675,0.09340072237079039
14,,,avg_prec_yield,IN-07-1074,2,avg_prec_z,yield_z,,,,,,,,,,,,,-0.028878021595151987,-0.12467671211184425
6,,,avg_prec_yield,IN-07-1075,2,avg_prec_z,yield_z,,,,,,,,,,,,,-0.061318374309921396,-0.020254667348207557
10,,,avg_prec_yield,IN-07-1075,2,avg_prec_z,yield_z,,,,,,,,,,,,,-0.06087542715510732,-0.0017073981270088524
14,,,avg_prec_yield,IN-07-1075,2,avg_prec_z,yield_z,,,,,,,,,,,,,0.14838091184299879,0.14529456033458918
6,,,avg_prec_yield,IN-08-0701,2,avg_prec_z,yield_z,,,,,,,,,,,,,-0.09156048817315927,0.015159961162130031
10,,,avg_prec_yield,IN-08-0701,2,avg_prec_z,yield_z,,,,,,,,,,,,,-0.011040732222808913,-0.03433744821490094
14,,,avg_prec_yield,IN-08-0701,2,avg_prec_z,yield_z,,,,,,,,,,,,,-0.21018006443822493,0.23843015106509613
6,,,avg_prec_yield,IN-08-0702,2,avg_prec_z,yield_z,,,,,,,,,,,,,-0.3824600982319441,-0.2633289584865591
10,,,avg_prec_yield,IN-08-0702,2,avg_prec_z,yield_z,,,,,,,,,,,,,-0.2840554373904001,-0.43226529784903694
14,,,avg_prec_yield,IN-08-0702,2,avg_prec_z,yield_z,,,,,,,,,,,,,-0.38560280614746123,-0.46537598413697373
6,,,avg_prec_yield,IN-08-0703,2,avg_prec_z,yield_z,,,,,,,,,,,,,0.20677678933659852,-0.22600967485033568
10,,,avg_prec_yield,IN-08-0703,2,avg_prec_z,yield_z,,,,,,,,,,,,,0.02515080995704467,-0.4876484579574333
14,,,avg_prec_yield,IN-08-0703,2,avg_prec_z,yield_z,,,,,,,,,,,,,0.5210862523427285,-0.5061595558265958
6,,,avg_prec_yield,IN-08-0704,2,avg_prec_z,yield_z,,,,,,,,,,,,,-0.07348829173214635,-0.09507571376527198
10,,,avg_prec_yield,IN-08-0704,2,avg_prec_z,yield_z,,,,,,,,,,,,,-0.35675040819130704,-0.2469224919553734
14,,,avg_prec_yield,IN-08-0704,2,avg_prec_z,yield_z,,,,,,,,,,,,,-0.4151902047112662,-0.17990789034005386
6,,,avg_prec_yield,IN-08-0705,2,avg_prec_z,yield_z,,,,,,,,,,,,,-0.14469884284179294,0.024536020262930124
10,,,avg_prec_yield,IN-08-0705,2,avg_prec_z,yield_z,,,,,,,,,,,,,0.016021794369374936,0.006104527565755286
14,,,avg_prec_yield,IN-08-0705,2,avg_prec_z,yield_z,,,,,,,,,,,,,0.16901526874744793,0.1785686307083378
6,,,avg_prec_yield,IN-08-0706,2,avg_prec_z,yield_z,,,,,,,,,,,,,-0.22264444435132788,-0.35397426052888603
10,,,avg_prec_yield,IN-08-0706,2,avg_prec_z,yield_z,,,,,,,,,,,,,-0.2545511712390325,-0.5993409893119331
14,,,avg_prec_yield,IN-08-0706,2,avg_prec_z,yield_z,,,,,,,,,,,,,-0.1165113589939358,-0.6141672480474993
6,,,avg_prec_yield,IN-08-0707,2,avg_prec_z,yield_z,,,,,,,,,,,,,-0.23597656695848107,-0.24232511674644366
10,,,avg_prec_yield,IN-08-0707,2,avg_prec_z,yield_z,,,,,,,,,,,,,-0.3434870898927016,-0.3396741165355951
14,,,avg_prec_yield,IN-08-0707,2,avg_prec_z,yield_z,,,,,,,,,,,,,-0.3013660445414185,-0.05935814125871478
6,,,avg_prec_yield,IN-08-0708,2,avg_prec_z,yield_z,,,,,,,,,,,,,-0.13912091549137937,-0.48048708027111686
10,,,avg_prec_yield,IN-08-0708,2,avg_prec_z,yield_z,,,,,,,,,,,,,-0.13989764719606118,-0.5837331034914742
14,,,avg_prec_yield,IN-08-0708,2,avg_prec_z,yield_z,,,,,,,,,,,,,-0.0926203258074695,-0.6161403218833807
6,,,avg_prec_yield,IN-08-0709,2,avg_prec_z,yield_z,,,,,,,,,,,,,0.05433569418557208,-0.3291042025961072
10,,,avg_prec_yield,IN-08-0709,2,avg_prec_z,yield_z,,,,,,,,,,,,,0.170878465858051,-0.45192402589597946
14,,,avg_prec_yield,IN-08-0709,2,avg_prec_z,yield_z,,,,,,,,,,,,,0.27387948715944477,-0.3590634569367389
6,,,avg_prec_yield,IN-08-0710,2,avg_prec_z,yield_z,,,,,,,,,,,,,-0.3112457754430734,-0.3458717168621007
10,,,avg_prec_yield,IN-08-0710,2,avg_prec_z,yield_z,,,,,,,,,,,,,-0.2686334632641797,-0.5673764348841811
14,,,avg_prec_yield,IN-08-0710,2,avg_prec_z,yield_z,,,,,,,,,,,,,-0.24625560641168817,-0.7572014563470368
6,,,avg_prec_yield,IN-08-0711,2,avg_prec_z,yield_z,,,,,,,,,,,,,-0.11822976331738608,-0.2005664484431416
10,,,avg_prec_yield,IN-08-0711,2,avg_prec_z,yield_z,,,,,,,,,,,,,-0.2533387554757129,-0.32637777975992804
14,,,avg_prec_yield,IN-08-0711,2,avg_prec_z,yield_z,,,,,,,,,,,,,-0.20362807302987793,-0.13962613497371618
6,,,avg_prec_yield,IN-08-0712,2,avg_prec_z,yield_z,,,,,,,,,,,,,0.16589879529800727,0.015331021561794094
10,,,avg_prec_yield,IN-08-0712,2,avg_prec_z,yield_z,,,,,,,,,,,,,0.1675051288032718,0.006356737690135381
14,,,avg_prec_yield,IN-08-0712,2,avg_prec_z,yield_z,,,,,,,,,,,,,0.3898530265237238,0.15369343963687815
6,,,avg_prec_yield,IN-08-0713,2,avg_prec_z,yield_z,,,,,,,,,,,,,-0.28032163908152125,-0.37505889324045094
10,,,avg_prec_yield,IN-08-0713,2,avg_prec_z,yield_z,,,,,,,,,,,,,-0.2183458222097785,-0.616542176423518
14,,,avg_prec_yield,IN-08-0713,2,avg_prec_z,yield_z,,,,,,,,,,,,,-0.43415785935853124,-0.64792508641236
6,,,avg_prec_yield,IN-08-0714,2,avg_prec_z,yield_z,,,,,,,,,,,,,0.03039823536107041,-0.32137254962296846
10,,,avg_prec_yield,IN-08-0714,2,avg_prec_z,yield_z,,,,,,,,,,,,,-0.39763388757167956,-0.33540357129775017
14,,,avg_prec_yield,IN-08-0714,2,avg_prec_z,yield_z,,,,,,,,,,,,,-0.2790890544452659,-0.31243127049889685
6,,,avg_prec_yield,IN-08-0716,2,avg_prec_z,yield_z,,,,,,,,,,,,,-0.1433670819509502,-0.08580574198618819
10,,,avg_prec_yield,IN-08-0716,2,avg_prec_z,yield_z,,,,,,,,,,,,,-0.10393836908968912,-0.1935628091521223
14,,,avg_prec_yield,IN-08-0716,2,avg_prec_z,yield_z,,,,,,,,,,,,,-0.21886011905809194,-0.5357547106193238
6,,,avg_prec_yield,IN-08-0717,2,avg_prec_z,yield_z,,,,,,,,,,,,,0.022076881325602968,-0.10280663962681058
10,,,avg_prec_yield,IN-08-0717,2,avg_prec_z,yield_z,,,,,,,,,,,,,-0.1679238813810085,0.0736578268448205
14,,,avg_prec_yield,IN-08-0717,2,avg_prec_z,yield_z,,,,,,,,,,,,,0.014818431049511454,0.17872730739875206
6,,,avg_prec_yield,IN-08-0718,2,avg_prec_z,yield_z,,,,,,,,,,,,,-0.16063226168516453,-0.024136934307477022
10,,,avg_prec_yield,IN-08-0718,2,avg_prec_z,yield_z,,,,,,,,,,,,,-0.24267128171229077,-0.14662844093324431
14,,,avg_prec_yield,IN-08-0718,2,avg_prec_z,yield_z,,,,,,,,,,,,,-0.28275806206101767,-0.25340201495416625
6,,,avg_prec_yield,IN-08-0719,2,avg_prec_z,yield_z,,,,,,,,,,,,,-0.007382648870293435,0.04015574151050486
10,,,avg_prec_yield,IN-08-0719,2,avg_prec_z,yield_z,,,,,,,,,,,,,-0.36469494817343373,-0.1335072406418804
14,,,avg_prec_yield,IN-08-0719,2,avg_prec_z,yield_z,,,,,,,,,,,,,-0.18488596450909633,-0.1363024556049025
6,,,avg_prec_yield,IN-08-0720,2,avg_prec_z,yield_z,,,,,,,,,,,,,-0.42161069554950936,-0.606350515187595
6,,,avg_prec_yield,IN-08-0721,2,avg_prec_z,yield_z,,,,,,,,,,,,,-0.33167182593344235,-0.03176950486947404
10,,,avg_prec_yield,IN-08-0721,2,avg_prec_z,yield_z,,,,,,,,,,,,,-0.5284920436214523,0.005848938171961382
14,,,avg_prec_yield,IN-08-0721,2,avg_prec_z,yield_z,,,,,,,,,,,,,-0.6047954898103222,-0.08949458788516351
6,,,avg_prec_yield,IN-08-0722,2,avg_prec_z,yield_z,,,,,,,,,,,,,-0.36123923298495686,-0.41358701998673747
10,,,avg_prec_yield,IN-08-0722,2,avg_prec_z,yield_z,,,,,,,,,,,,,-0.5900870075725411,-0.33401387523050485
6,,,avg_prec_yield,IN-08-0723,2,avg_prec_z,yield_z,,,,,,,,,,,,,-0.2564394650675793,-0.2520471159398222
10,,,avg_prec_yield,IN-08-0723,2,avg_prec_z,yield_z,,,,,,,,,,,,,-0.12208530381834704,-0.221655197377801
14,,,avg_prec_yield,IN-08-0723,2,avg_prec_z,yield_z,,,,,,,,,,,,,-0.13522973418098191,-0.564168218007215
6,,,avg_prec_yield,IN-08-0724,2,avg_prec_z,yield_z,,,,,,,,,,,,,-0.028012332351806474,-0.3068920431910887
10,,,avg_prec_yield,IN-08-0724,2,avg_prec_z,yield_z,,,,,,,,,,,,,-0.17466065406513492,-0.4333106913117205
14,,,avg_prec_yield,IN-08-0724,2,avg_prec_z,yield_z,,,,,,,,,,,,,-0.03375841177894233,-0.5901282609133718
6,,,avg_prec_yield,IN-08-0725,2,avg_prec_z,yield_z,,,,,,,,,,,,,0.16403687564674843,-0.12579584604784483
10,,,avg_prec_yield,IN-08-0725,2,avg_prec_z,yield_z,,,,,,,,,,,,,0.03317020201793742,0.04635686270220797
6,,,avg_prec_yield,IN-08-0726,2,avg_prec_z,yield_z,,,,,,,,,,,,,-0.13188498236310925,-0.2284088097052705
10,,,avg_prec_yield,IN-08-0726,2,avg_prec_z,yield_z,,,,,,,,,,,,,-0.2207112907386822,-0.14742754539331848
14,,,avg_prec_yield,IN-08-0726,2,avg_prec_z,yield_z,,,,,,,,,,,,,-0.14502264361591502,-0.2059300651621207
6,,,avg_prec_yield,IN-08-0728,2,avg_prec_z,yield_z,,,,,,,,,,,,,-0.0019704777150562846,-0.2807504634945671
10,,,avg_prec_yield,IN-08-0728,2,avg_prec_z,yield_z,,,,,,,,,,,,,0.005148094532496331,-0.4449135001175014
14,,,avg_prec_yield,IN-08-0728,2,avg_prec_z,yield_z,,,,,,,,,,,,,-0.03785875689671797,-0.5408595498939626
6,,,avg_prec_yield,IN-08-0729,2,avg_prec_z,yield_z,,,,,,,,,,,,,-0.3939945288641103,-0.5070767149165238
10,,,avg_prec_yield,IN-08-0729,2,avg_prec_z,yield_z,,,,,,,,,,,,,-0.5552071413850284,-0.50212290912994
14,,,avg_prec_yield,IN-08-0729,2,avg_prec_z,yield_z,,,,,,,,,,,,,-0.5655015094000543,-0.6509460739183887
6,,,avg_prec_yield,IN-08-0730,2,avg_prec_z,yield_z,,,,,,,,,,,,,-0.1760894664970381,-0.18339399235402332
10,,,avg_prec_yield,IN-08-0730,2,avg_prec_z,yield_z,,,,,,,,,,,,,-0.14253473696172242,-0.11022735806801538
14,,,avg_prec_yield,IN-08-0730,2,avg_prec_z,yield_z,,,,,,,,,,,,,0.04614703336412178,-0.07277510240561327
6,,,avg_prec_yield,IN-08-0731,2,avg_prec_z,yield_z,,,,,,,,,,,,,-0.34155431476239906,-0.2357837708177847
10,,,avg_prec_yield,IN-08-0731,2,avg_prec_z,yield_z,,,,,,,,,,,,,-0.4530949064310633,-0.03011216650194436
14,,,avg_prec_yield,IN-08-0731,2,avg_prec_z,yield_z,,,,,,,,,,,,,-0.5970573869732576,-0.06941148963385063
6,,,avg_prec_yield,IN-08-0732,2,avg_prec_z,yield_z,,,,,,,,,,,,,0.07455690356035076,-0.23177578029038962
10,,,avg_prec_yield,IN-08-0732,2,avg_prec_z,yield_z,,,,,,,,,,,,,0.09900785165339218,-0.4092408242783825
14,,,avg_prec_yield,IN-08-0732,2,avg_prec_z,yield_z,,,,,,,,,,,,,0.08034353183800957,-0.5035567559075067
6,,,avg_prec_yield,IN-09-0165,2,avg_prec_z,yield_z,,,,,,,,,,,,,-0.19856915274715078,-0.22672680492955513
10,,,avg_prec_yield,IN-09-0165,2,avg_prec_z,yield_z,,,,,,,,,,,,,-0.2332079394869652,-0.23601882326481677
14,,,avg_prec_yield,IN-09-0165,2,avg_prec_z,yield_z,,,,,,,,,,,,,0.11978182545471057,-0.2955025507560012
6,,,avg_prec_yield,IN-09-0166,2,avg_prec_z,yield_z,,,,,,,,,,,,,-0.16193659105997893,-0.3545503744719423
10,,,avg_prec_yield,IN-09-0166,2,avg_prec_z,yield_z,,,,,,,,,,,,,-0.3065916007586871,-0.4782156364720147
14,,,avg_prec_yield,IN-09-0166,2,avg_prec_z,yield_z,,,,,,,,,,,,,-0.16696301223093543,-0.5394978164969274
6,,,avg_prec_yield,IN-09-0167,2,avg_prec_z,yield_z,,,,,,,,,,,,,-0.1586140668690138,-0.1550722226671471
10,,,avg_prec_yield,IN-09-0167,2,avg_prec_z,yield_z,,,,,,,,,,,,,0.04856847737284685,0.07201916416743666
14,,,avg_prec_yield,IN-09-0167,2,avg_prec_z,yield_z,,,,,,,,,,,,,0.10384003653797798,0.10958794651089457
6,,,avg_prec_yield,IN-09-0168,2,avg_prec_z,yield_z,,,,,,,,,,,,,-0.30225085543342234,-0.11056286434910459
10,,,avg_prec_yield,IN-09-0168,2,avg_prec_z,yield_z,,,,,,,,,,,,,-0.1884934257021933,-0.20878948158082894
14,,,avg_prec_yield,IN-09-0168,2,avg_prec_z,yield_z,,,,,,,,,,,,,-0.15543194630026977,-0.1885451977041145
6,,,avg_prec_yield,IN-09-0169,2,avg_prec_z,yield_z,,,,,,,,,,,,,-0.08655990714529174,-0.3184875520852002
10,,,avg_prec_yield,IN-09-0169,2,avg_prec_z,yield_z,,,,,,,,,,,,,-0.33787492319516155,-0.5028629575310647
14,,,avg_prec_yield,IN-09-0169,2,avg_prec_z,yield_z,,,,,,,,,,,,,-0.1872882726085261,-0.5162269065200238
6,,,avg_prec_yield,IN-09-0170,2,avg_prec_z,yield_z,,,,,,,,,,,,,-0.21218714726373306,-0.255512007963161
10,,,avg_prec_yield,IN-09-0170,2,avg_prec_z,yield_z,,,,,,,,,,,,,-0.38863690393929806,-0.19945830961046598
14,,,avg_prec_yield,IN-09-0170,2,avg_prec_z,yield_z,,,,,,,,,,,,,-0.31432354995338735,-0.28386392176638026
6,,,avg_prec_yield,IN-09-0171,2,avg_prec_z,yield_z,,,,,,,,,,,,,0.03310875239944817,-0.14428411886812076
10,,,avg_prec_yield,IN-09-0171,2,avg_prec_z,yield_z,,,,,,,,,,,,,0.036126526759758915,-0.2479836460455891
14,,,avg_prec_yield,IN-09-0171,2,avg_prec_z,yield_z,,,,,,,,,,,,,0.16602931250625974,-0.22083282518860994
6,,,avg_prec_yield,IN-09-0172,2,avg_prec_z,yield_z,,,,,,,,,,,,,-0.2304688230404129,-0.08377837285002378
10,,,avg_prec_yield,IN-09-0172,2,avg_prec_z,yield_z,,,,,,,,,,,,,-0.22260044166207704,0.033871284912732544
14,,,avg_prec_yield,IN-09-0172,2,avg_prec_z,yield_z,,,,,,,,,,,,,-0.28632199600532626,0.253260313640235
6,,,avg_prec_yield,IN-09-0173,2,avg_prec_z,yield_z,,,,,,,,,,,,,-0.0688165462703336,-0.0755804091209
10,,,avg_prec_yield,IN-09-0173,2,avg_prec_z,yield_z,,,,,,,,,,,,,-0.24457154919064786,-0.012151367063370578
14,,,avg_prec_yield,IN-09-0173,2,avg_prec_z,yield_z,,,,,,,,,,,,,-0.1865058399324834,0.2080414521631619
6,,,avg_prec_yield,IN-09-0174,2,avg_prec_z,yield_z,,,,,,,,,,,,,-0.05890737184483661,0.11526624652521096
10,,,avg_prec_yield,IN-09-0174,2,avg_prec_z,yield_z,,,,,,,,,,,,,-0.07788638903223226,0.24983858436571502
14,,,avg_prec_yield,IN-09-0174,2,avg_prec_z,yield_z,,,,,,,,,,,,,0.01364531878187979,0.366434820098252
6,,,avg_prec_yield,IN-09-0175,2,avg_prec_z,yield_z,,,,,,,,,,,,,-0.007957404831429976,-0.11089403563178901
10,,,avg_prec_yield,IN-09-0175,2,avg_prec_z,yield_z,,,,,,,,,,,,,0.03211073285042604,0.006120571487874811
14,,,avg_prec_yield,IN-09-0175,2,avg_prec_z,yield_z,,,,,,,,,,,,,-0.14009790326363086,0.19501740850762322
6,,,avg_prec_yield,IN-09-0176,2,avg_prec_z,yield_z,,,,,,,,,,,,,-0.010824657379453945,-0.2573537806499669
10,,,avg_prec_yield,IN-09-0176,2,avg_prec_z,yield_z,,,,,,,,,,,,,-0.03290437596474963,-0.39619937880688544
14,,,avg_prec_yield,IN-09-0176,2,avg_prec_z,yield_z,,,,,,,,,,,,,-0.022243646856696307,-0.22468058045347608
6,,,avg_prec_yield,IN-09-0545,2,avg_prec_z,yield_z,,,,,,,,,,,,,-0.059476728369069067,0.22430478523644498
10,,,avg_prec_yield,IN-09-0545,2,avg_prec_z,yield_z,,,,,,,,,,,,,-0.17790527295817624,0.3459333492705198
14,,,avg_prec_yield,IN-09-0545,2,avg_prec_z,yield_z,,,,,,,,,,,,,-0.10220514157922592,0.463762836473222
6,,,avg_prec_yield,IN-09-0546,2,avg_prec_z,yield_z,,,,,,,,,,,,,-0.1440907465810653,-0.32321847250430474
10,,,avg_prec_yield,IN-09-0546,2,avg_prec_z,yield_z,,,,,,,,,,,,,-0.21889053141976483,-0.2252408018274763
14,,,avg_prec_yield,IN-09-0546,2,avg_prec_z,yield_z,,,,,,,,,,,,,-0.11609963581851943,-0.1815262101787603
6,,,avg_prec_yield,IN-09-1017,2,avg_prec_z,yield_z,,,,,,,,,,,,,-0.3315056920645651,-0.2098840068782942
10,,,avg_prec_yield,IN-09-1017,2,avg_prec_z,yield_z,,,,,,,,,,,,,-0.38173307451289407,-0.18859127233892806
14,,,avg_prec_yield,IN-09-1017,2,avg_prec_z,yield_z,,,,,,,,,,,,,-0.41416282788805725,-0.04203417104834475
6,,,avg_prec_yield,IN-09-1018,2,avg_prec_z,yield_z,,,,,,,,,,,,,-0.211732910539272,-0.08247243441995136
10,,,avg_prec_yield,IN-09-1018,2,avg_prec_z,yield_z,,,,,,,,,,,,,-0.547655970566573,-0.006499571763444336
14,,,avg_prec_yield,IN-09-1018,2,avg_prec_z,yield_z,,,,,,,,,,,,,-0.4718062911567693,0.03288024103287814
6,,,avg_prec_yield,IN-09-1019,2,avg_prec_z,yield_z,,,,,,,,,,,,,0.019882131915068223,-0.29952699171827485
10,,,avg_prec_yield,IN-09-1019,2,avg_prec_z,yield_z,,,,,,,,,,,,,-0.09409394995728844,-0.17557356647136738
14,,,avg_prec_yield,IN-09-1019,2,avg_prec_z,yield_z,,,,,,,,,,,,,-0.0744865806311409,-0.2050174836451753
6,,,avg_prec_yield,IN-09-2009,2,avg_prec_z,yield_z,,,,,,,,,,,,,0.15818928500814733,-0.3420572278259925
10,,,avg_prec_yield,IN-09-2009,2,avg_prec_z,yield_z,,,,,,,,,,,,,0.1033280666070691,-0.4517660150769345
6,,,avg_prec_yield,IN-09-2010,2,avg_prec_z,yield_z,,,,,,,,,,,,,-0.07727512784011835,0.17114607918860275
10,,,avg_prec_yield,IN-09-2010,2,avg_prec_z,yield_z,,,,,,,,,,,,,-0.06496637678074754,0.3329271378966735
6,,,avg_prec_yield,IN-09-2011,2,avg_prec_z,yield_z,,,,,,,,,,,,,-0.16372397318795368,0.03341688557851054
10,,,avg_prec_yield,IN-09-2011,2,avg_prec_z,yield_z,,,,,,,,,,,,,-0.349091297473548,0.03170397257761708
6,,,avg_prec_yield,IN-10-0139,2,avg_prec_z,yield_z,,,,,,,,,,,,,0.3925525830016693,0.45694291854554436
10,,,avg_prec_yield,IN-10-0139,2,avg_prec_z,yield_z,,,,,,,,,,,,,0.20446628582728493,0.49762570659708416
14,,,avg_prec_yield,IN-10-0139,2,avg_prec_z,yield_z,,,,,,,,,,,,,0.28367466312550316,0.5605677430337741
6,,,avg_prec_yield,IN-10-0140,2,avg_prec_z,yield_z,,,,,,,,,,,,,0.21387198458404658,0.20032191794558027
10,,,avg_prec_yield,IN-10-0140,2,avg_prec_z,yield_z,,,,,,,,,,,,,0.19545641751522463,-0.12465986865348518
14,,,avg_prec_yield,IN-10-0140,2,avg_prec_z,yield_z,,,,,,,,,,,,,0.20953443565790267,-0.05142838892699932
6,,,avg_prec_yield,IN-10-0141,2,avg_prec_z,yield_z,,,,,,,,,,,,,0.01837945488532768,-0.026688856502620827
10,,,avg_prec_yield,IN-10-0141,2,avg_prec_z,yield_z,,,,,,,,,,,,,-0.07798408551346799,0.050465925954772305
14,,,avg_prec_yield,IN-10-0141,2,avg_prec_z,yield_z,,,,,,,,,,,,,-0.07078574440374885,0.211452782827537
6,,,avg_prec_yield,IN-10-0142,2,avg_prec_z,yield_z,,,,,,,,,,,,,0.04576428708660618,-0.17871741778794772
10,,,avg_prec_yield,IN-10-0142,2,avg_prec_z,yield_z,,,,,,,,,,,,,-0.04121433711327123,-0.1456212033843663
14,,,avg_prec_yield,IN-10-0142,2,avg_prec_z,yield_z,,,,,,,,,,,,,0.3953130701786344,-0.2192812335481915
6,,,avg_prec_yield,IN-10-0143,2,avg_prec_z,yield_z,,,,,,,,,,,,,0.27906106551521126,0.18071367799432264
10,,,avg_prec_yield,IN-10-0143,2,avg_prec_z,yield_z,,,,,,,,,,,,,0.17583078682558076,0.36937799792656356
14,,,avg_prec_yield,IN-10-0143,2,avg_prec_z,yield_z,,,,,,,,,,,,,0.11407376188483868,0.4587783654477052
6,,,avg_prec_yield,IN-10-0144,2,avg_prec_z,yield_z,,,,,,,,,,,,,0.17908998178243676,0.2891999793915526
10,,,avg_prec_yield,IN-10-0144,2,avg_prec_z,yield_z,,,,,,,,,,,,,0.20860294703688154,0.35623363656030216
14,,,avg_prec_yield,IN-10-0144,2,avg_prec_z,yield_z,,,,,,,,,,,,,0.22543551438864712,0.3435375293507462
6,,,avg_prec_yield,IN-10-0145,2,avg_prec_z,yield_z,,,,,,,,,,,,,0.1650929590872096,0.02805241879249205
10,,,avg_prec_yield,IN-10-0145,2,avg_prec_z,yield_z,,,,,,,,,,,,,0.06229976876027419,-0.005017300316068807
14,,,avg_prec_yield,IN-10-0145,2,avg_prec_z,yield_z,,,,,,,,,,,,,0.20262985672842193,0.1626633418137924
6,,,avg_prec_yield,IN-10-0146,2,avg_prec_z,yield_z,,,,,,,,,,,,,-0.012306379854368315,-0.038913779095034
10,,,avg_prec_yield,IN-10-0146,2,avg_prec_z,yield_z,,,,,,,,,,,,,0.0575530307224269,-0.07895549596847594
14,,,avg_prec_yield,IN-10-0146,2,avg_prec_z,yield_z,,,,,,,,,,,,,-0.01145291244077982,-0.0013690256322764383
6,,,avg_prec_yield,IN-10-0147,2,avg_prec_z,yield_z,,,,,,,,,,,,,-0.1887344919785221,0.13106371572886308
10,,,avg_prec_yield,IN-10-0147,2,avg_prec_z,yield_z,,,,,,,,,,,,,-0.11264502692789673,0.30870639609745326
14,,,avg_prec_yield,IN-10-0147,2,avg_prec_z,yield_z,,,,,,,,,,,,,-0.008164146091876675,0.3238536355337104
6,,,avg_prec_yield,IN-10-0148,2,avg_prec_z,yield_z,,,,,,,,,,,,,-0.19461118192735313,0.16737788707349366
10,,,avg_prec_yield,IN-10-0148,2,avg_prec_z,yield_z,,,,,,,,,,,,,-0.4945972719307992,0.07417716198093735
14,,,avg_prec_yield,IN-10-0148,2,avg_prec_z,yield_z,,,,,,,,,,,,,-0.3832512440112257,0.1288345167522099
6,,,avg_prec_yield,IN-10-0149,2,avg_prec_z,yield_z,,,,,,,,,,,,,-0.36594876492910317,-0.38735296050128903
10,,,avg_prec_yield,IN-10-0149,2,avg_prec_z,yield_z,,,,,,,,,,,,,-0.28385084680183215,-0.3556499776816355
14,,,avg_prec_yield,IN-10-0149,2,avg_prec_z,yield_z,,,,,,,,,,,,,-0.47316420735357967,-0.22175469149573884
6,,,avg_prec_yield,IN-10-0150,2,avg_prec_z,yield_z,,,,,,,,,,,,,0.1662334550218636,0.06447626750606836
10,,,avg_prec_yield,IN-10-0150,2,avg_prec_z,yield_z,,,,,,,,,,,,,0.10397792407463113,-0.008879928882662771
14,,,avg_prec_yield,IN-10-0150,2,avg_prec_z,yield_z,,,,,,,,,,,,,0.34209470191278063,0.22395967487059426
6,,,avg_prec_yield,IN-10-0151,2,avg_prec_z,yield_z,,,,,,,,,,,,,-0.02578703053855983,0.1084787872319998
10,,,avg_prec_yield,IN-10-0151,2,avg_prec_z,yield_z,,,,,,,,,,,,,-0.10899614091145078,-0.020312347543945442
14,,,avg_prec_yield,IN-10-0151,2,avg_prec_z,yield_z,,,,,,,,,,,,,0.006388222368408056,0.09668738343076733
6,,,avg_prec_yield,IN-10-0152,2,avg_prec_z,yield_z,,,,,,,,,,,,,0.14105229624206556,-0.13529561741849822
10,,,avg_prec_yield,IN-10-0152,2,avg_prec_z,yield_z,,,,,,,,,,,,,0.3743477943649655,-0.335775055878999
14,,,avg_prec_yield,IN-10-0152,2,avg_prec_z,yield_z,,,,,,,,,,,,,0.28808467873308596,-0.23521496799674754
6,,,avg_prec_yield,IN-10-0153,2,avg_prec_z,yield_z,,,,,,,,,,,,,0.15439115553921084,0.017371059932366505
10,,,avg_prec_yield,IN-10-0153,2,avg_prec_z,yield_z,,,,,,,,,,,,,0.10962988398303783,0.14771699503741836
14,,,avg_prec_yield,IN-10-0153,2,avg_prec_z,yield_z,,,,,,,,,,,,,0.11776601606820081,0.02471208882812322
6,,,avg_prec_yield,IN-10-0154,2,avg_prec_z,yield_z,,,,,,,,,,,,,0.04184633439630929,-0.04717939373510293
10,,,avg_prec_yield,IN-10-0154,2,avg_prec_z,yield_z,,,,,,,,,,,,,0.11626785820349421,0.21268000419878508
14,,,avg_prec_yield,IN-10-0154,2,avg_prec_z,yield_z,,,,,,,,,,,,,0.1273248458841625,0.23522360052421415
6,,,avg_prec_yield,IN-10-0155,2,avg_prec_z,yield_z,,,,,,,,,,,,,0.030958267087359638,-0.2738136649350379
10,,,avg_prec_yield,IN-10-0155,2,avg_prec_z,yield_z,,,,,,,,,,,,,0.28445986771206583,-0.3435968109731975
14,,,avg_prec_yield,IN-10-0155,2,avg_prec_z,yield_z,,,,,,,,,,,,,-0.05465793337636203,-0.34918984423598287
6,,,avg_prec_yield,IN-10-0156,2,avg_prec_z,yield_z,,,,,,,,,,,,,0.14157415889739167,-0.39549390042355925
10,,,avg_prec_yield,IN-10-0156,2,avg_prec_z,yield_z,,,,,,,,,,,,,0.25454550932316766,-0.3527379057810994
14,,,avg_prec_yield,IN-10-0156,2,avg_prec_z,yield_z,,,,,,,,,,,,,0.13496670449212406,-0.501747703879177
6,,,avg_prec_yield,IN-10-0157,2,avg_prec_z,yield_z,,,,,,,,,,,,,0.019123753101802587,0.01241097702638531
10,,,avg_prec_yield,IN-10-0157,2,avg_prec_z,yield_z,,,,,,,,,,,,,0.09192654064323527,0.04311648327326227
14,,,avg_prec_yield,IN-10-0157,2,avg_prec_z,yield_z,,,,,,,,,,,,,0.01134932959153063,0.08395591848833715
6,,,avg_prec_yield,IN-10-0158,2,avg_prec_z,yield_z,,,,,,,,,,,,,-0.06477882406656779,0.18210486487742086
10,,,avg_prec_yield,IN-10-0158,2,avg_prec_z,yield_z,,,,,,,,,,,,,0.15963537315212728,0.31991441159008677
14,,,avg_prec_yield,IN-10-0158,2,avg_prec_z,yield_z,,,,,,,,,,,,,0.09390518328101571,0.1727708830487915
6,,,avg_prec_yield,IN-10-0159,2,avg_prec_z,yield_z,,,,,,,,,,,,,0.5442449328295504,0.32330736746312005
10,,,avg_prec_yield,IN-10-0159,2,avg_prec_z,yield_z,,,,,,,,,,,,,0.5775182691155077,0.3834817987854086
14,,,avg_prec_yield,IN-10-0159,2,avg_prec_z,yield_z,,,,,,,,,,,,,0.6073994106430867,0.45032758397307193
6,,,avg_prec_yield,IN-10-0160,2,avg_prec_z,yield_z,,,,,,,,,,,,,0.05077788169986328,0.03834869155845079
10,,,avg_prec_yield,IN-10-0160,2,avg_prec_z,yield_z,,,,,,,,,,,,,0.2625673469816518,0.10617092611041387
14,,,avg_prec_yield,IN-10-0160,2,avg_prec_z,yield_z,,,,,,,,,,,,,0.0770270295186077,0.12915109623636875
6,,,avg_prec_yield,IN-10-0161,2,avg_prec_z,yield_z,,,,,,,,,,,,,-0.30151709636091256,-0.19610409123834346
10,,,avg_prec_yield,IN-10-0161,2,avg_prec_z,yield_z,,,,,,,,,,,,,0.0945092322212095,-0.29181334814484566
14,,,avg_prec_yield,IN-10-0161,2,avg_prec_z,yield_z,,,,,,,,,,,,,0.026728304212651988,-0.20970326056082503
6,,,avg_prec_yield,IN-10-0162,2,avg_prec_z,yield_z,,,,,,,,,,,,,0.25463379798777075,0.08506157760719049
10,,,avg_prec_yield,IN-10-0162,2,avg_prec_z,yield_z,,,,,,,,,,,,,0.15359130465545215,0.18084176290890902
14,,,avg_prec_yield,IN-10-0162,2,avg_prec_z,yield_z,,,,,,,,,,,,,0.2674350975112595,0.3116175159854534
6,,,avg_prec_yield,IN-10-0163,2,avg_prec_z,yield_z,,,,,,,,,,,,,0.15105175883063354,0.3455238639303579
10,,,avg_prec_yield,IN-10-0163,2,avg_prec_z,yield_z,,,,,,,,,,,,,0.2606152258174213,0.46208170452240704
14,,,avg_prec_yield,IN-10-0163,2,avg_prec_z,yield_z,,,,,,,,,,,,,0.08120391904970706,0.3571466528732939
6,,,avg_prec_yield,IN-10-0164,2,avg_prec_z,yield_z,,,,,,,,,,,,,-0.17015471963223303,-0.06810046333196233
10,,,avg_prec_yield,IN-10-0164,2,avg_prec_z,yield_z,,,,,,,,,,,,,-0.07639386869178597,-0.23802014115574174
14,,,avg_prec_yield,IN-10-0164,2,avg_prec_z,yield_z,,,,,,,,,,,,,-0.2998620589196272,-0.22731434750867568
6,,,avg_prec_yield,IN-10-0519,2,avg_prec_z,yield_z,,,,,,,,,,,,,0.05818539507780911,0.0034215270348933098
10,,,avg_prec_yield,IN-10-0519,2,avg_prec_z,yield_z,,,,,,,,,,,,,0.04823503939193652,-0.24531107097281363
14,,,avg_prec_yield,IN-10-0519,2,avg_prec_z,yield_z,,,,,,,,,,,,,0.167529796011687,-0.13283698904443678
6,,,avg_prec_yield,IN-10-0536,2,avg_prec_z,yield_z,,,,,,,,,,,,,0.18764916873950027,-0.2009220180545115
10,,,avg_prec_yield,IN-10-0536,2,avg_prec_z,yield_z,,,,,,,,,,,,,0.21009786383094128,-0.12266292172606026
14,,,avg_prec_yield,IN-10-0536,2,avg_prec_z,yield_z,,,,,,,,,,,,,-0.09270788702202507,-0.16864361548155626
6,,,avg_prec_yield,IN-10-0537,2,avg_prec_z,yield_z,,,,,,,,,,,,,-0.27165305074177654,-0.23954976821254972
10,,,avg_prec_yield,IN-10-0537,2,avg_prec_z,yield_z,,,,,,,,,,,,,-0.31499304528975103,-0.2775628774486942
14,,,avg_prec_yield,IN-10-0537,2,avg_prec_z,yield_z,,,,,,,,,,,,,-0.26665760578280884,-0.09714330564294167
6,,,avg_prec_yield,IN-10-0538,2,avg_prec_z,yield_z,,,,,,,,,,,,,0.05950875673584237,-0.07886204337215005
10,,,avg_prec_yield,IN-10-0538,2,avg_prec_z,yield_z,,,,,,,,,,,,,0.23806891079315484,0.048475832792566176
14,,,avg_prec_yield,IN-10-0538,2,avg_prec_z,yield_z,,,,,,,,,,,,,0.49228831939712003,0.1697362429827361
6,,,avg_prec_yield,IN-10-0539,2,avg_prec_z,yield_z,,,,,,,,,,,,,-0.01507114551142943,0.10231874293855396
10,,,avg_prec_yield,IN-10-0539,2,avg_prec_z,yield_z,,,,,,,,,,,,,-0.13677797070482603,0.28288273439732337
14,,,avg_prec_yield,IN-10-0539,2,avg_prec_z,yield_z,,,,,,,,,,,,,-0.052676321573229115,0.49241066157433966
6,,,avg_prec_yield,IN-10-1020,2,avg_prec_z,yield_z,,,,,,,,,,,,,0.05080736319062207,-0.031187351731709667
10,,,avg_prec_yield,IN-10-1020,2,avg_prec_z,yield_z,,,,,,,,,,,,,-0.11271178427197921,-0.2485940362357018
14,,,avg_prec_yield,IN-10-1020,2,avg_prec_z,yield_z,,,,,,,,,,,,,-0.024273346062129626,-0.28808173644047796
6,,,avg_prec_yield,IN-10-2012,2,avg_prec_z,yield_z,,,,,,,,,,,,,0.06292026885718502,-0.319707545470283
6,,,avg_prec_yield,IN-12-0189,2,avg_prec_z,yield_z,,,,,,,,,,,,,-0.2817944544090985,-0.22885447229209657
10,,,avg_prec_yield,IN-12-0189,2,avg_prec_z,yield_z,,,,,,,,,,,,,-0.1817398533438399,-0.46261057818898854
14,,,avg_prec_yield,IN-12-0189,2,avg_prec_z,yield_z,,,,,,,,,,,,,-0.13999135315098804,-0.5591347029138778
6,,,avg_prec_yield,IN-12-0190,2,avg_prec_z,yield_z,,,,,,,,,,,,,-0.16867615899360933,-0.2997125392296909
10,,,avg_prec_yield,IN-12-0190,2,avg_prec_z,yield_z,,,,,,,,,,,,,-0.010064472045574485,-0.3629139956344137
14,,,avg_prec_yield,IN-12-0190,2,avg_prec_z,yield_z,,,,,,,,,,,,,-0.11383341712645537,-0.1908932545895509
6,,,avg_prec_yield,IN-12-0191,2,avg_prec_z,yield_z,,,,,,,,,,,,,-0.21369305787671838,-0.38843019703623444
10,,,avg_prec_yield,IN-12-0191,2,avg_prec_z,yield_z,,,,,,,,,,,,,-0.09135215668027022,-0.21694526565345415
14,,,avg_prec_yield,IN-12-0191,2,avg_prec_z,yield_z,,,,,,,,,,,,,0.16659077528906208,-0.13949193170420174
6,,,avg_prec_yield,IN-12-0192,2,avg_prec_z,yield_z,,,,,,,,,,,,,-0.22850065072964737,-0.2220373530281793
10,,,avg_prec_yield,IN-12-0192,2,avg_prec_z,yield_z,,,,,,,,,,,,,-0.3155892319270491,-0.33060592983152554
14,,,avg_prec_yield,IN-12-0192,2,avg_prec_z,yield_z,,,,,,,,,,,,,-0.25105215094392047,-0.31091944052469184
6,,,avg_prec_yield,IN-12-0193,2,avg_prec_z,yield_z,,,,,,,,,,,,,0.08885409392449853,0.0025887730839559975
10,,,avg_prec_yield,IN-12-0193,2,avg_prec_z,yield_z,,,,,,,,,,,,,0.1110142656542071,-0.1710173872893715
14,,,avg_prec_yield,IN-12-0193,2,avg_prec_z,yield_z,,,,,,,,,,,,,0.3177911269440858,-0.061268103701656626
6,,,avg_prec_yield,IN-12-0194,2,avg_prec_z,yield_z,,,,,,,,,,,,,-0.2246446128413436,-0.14315997137213995
10,,,avg_prec_yield,IN-12-0194,2,avg_prec_z,yield_z,,,,,,,,,,,,,-0.13956611541978006,-0.22169170357091822
14,,,avg_prec_yield,IN-12-0194,2,avg_prec_z,yield_z,,,,,,,,,,,,,0.05610914992443986,-0.26361598961363797
6,,,avg_prec_yield,IN-12-0195,2,avg_prec_z,yield_z,,,,,,,,,,,,,0.08232962223960767,-0.16485864514443468
10,,,avg_prec_yield,IN-12-0195,2,avg_prec_z,yield_z,,,,,,,,,,,,,0.459448119230888,-0.3912004115751898
14,,,avg_prec_yield,IN-12-0195,2,avg_prec_z,yield_z,,,,,,,,,,,,,0.4681054883880358,-0.26771827056148717
6,,,avg_prec_yield,IN-12-0196,2,avg_prec_z,yield_z,,,,,,,,,,,,,0.06882862529664055,-0.1690807289566054
10,,,avg_prec_yield,IN-12-0196,2,avg_prec_z,yield_z,,,,,,,,,,,,,0.3283984714986419,-0.18924625304325565
14,,,avg_prec_yield,IN-12-0196,2,avg_prec_z,yield_z,,,,,,,,,,,,,0.39170860323292006,-0.2167608101277349
6,,,avg_prec_yield,IN-12-0197,2,avg_prec_z,yield_z,,,,,,,,,,,,,-0.05139816626331859,0.10843799831405772
10,,,avg_prec_yield,IN-12-0197,2,avg_prec_z,yield_z,,,,,,,,,,,,,0.106166676509503,-0.28598207429829847
14,,,avg_prec_yield,IN-12-0197,2,avg_prec_z,yield_z,,,,,,,,,,,,,0.2904658011128492,-0.05213966366081234
6,,,avg_prec_yield,IN-12-0198,2,avg_prec_z,yield_z,,,,,,,,,,,,,0.0035570283554288372,0.31467156639934657
10,,,avg_prec_yield,IN-12-0198,2,avg_prec_z,yield_z,,,,,,,,,,,,,0.30588562395224334,0.51723628670699
14,,,avg_prec_yield,IN-12-0198,2,avg_prec_z,yield_z,,,,,,,,,,,,,0.41542363772311586,0.5633239932382434
6,,,avg_prec_yield,IN-12-0199,2,avg_prec_z,yield_z,,,,,,,,,,,,,0.18509604996316056,-0.13315929896442524
10,,,avg_prec_yield,IN-12-0199,2,avg_prec_z,yield_z,,,,,,,,,,,,,0.30447831298199607,-0.2590095765991856
14,,,avg_prec_yield,IN-12-0199,2,avg_prec_z,yield_z,,,,,,,,,,,,,0.49341793639090187,-0.15009012653975615
6,,,avg_prec_yield,IN-12-0200,2,avg_prec_z,yield_z,,,,,,,,,,,,,-0.06581023020349237,0.016649195093051506
10,,,avg_prec_yield,IN-12-0200,2,avg_prec_z,yield_z,,,,,,,,,,,,,-0.13141476463888765,-0.32031915476168926
14,,,avg_prec_yield,IN-12-0200,2,avg_prec_z,yield_z,,,,,,,,,,,,,-0.023712234436274248,-0.28541595508313666
6,,,avg_prec_yield,IN-12-0201,2,avg_prec_z,yield_z,,,,,,,,,,,,,-0.003651204743795107,0.3629710209073152
10,,,avg_prec_yield,IN-12-0201,2,avg_prec_z,yield_z,,,,,,,,,,,,,-0.03556797872436146,0.5478044257797106
14,,,avg_prec_yield,IN-12-0201,2,avg_prec_z,yield_z,,,,,,,,,,,,,0.181077556437581,0.5487241624847435
6,,,avg_prec_yield,IN-12-0202,2,avg_prec_z,yield_z,,,,,,,,,,,,,-0.2089743702755002,0.05147180212376081
10,,,avg_prec_yield,IN-12-0202,2,avg_prec_z,yield_z,,,,,,,,,,,,,-0.12952083854713842,-0.28302506850756315
14,,,avg_prec_yield,IN-12-0202,2,avg_prec_z,yield_z,,,,,,,,,,,,,-0.11129064714783836,-0.40815823285515734
6,,,avg_prec_yield,IN-12-0203,2,avg_prec_z,yield_z,,,,,,,,,,,,,-0.32784606978957925,-0.008016720179655185
10,,,avg_prec_yield,IN-12-0203,2,avg_prec_z,yield_z,,,,,,,,,,,,,-0.3869279067226229,-0.25386579589004604
14,,,avg_prec_yield,IN-12-0203,2,avg_prec_z,yield_z,,,,,,,,,,,,,-0.38578071885531107,-0.051227074656710704
6,,,avg_prec_yield,IN-12-0204,2,avg_prec_z,yield_z,,,,,,,,,,,,,-0.020954899441791696,-0.29604958526899167
10,,,avg_prec_yield,IN-12-0204,2,avg_prec_z,yield_z,,,,,,,,,,,,,0.09121415266643293,-0.18648584538474058
14,,,avg_prec_yield,IN-12-0204,2,avg_prec_z,yield_z,,,,,,,,,,,,,0.29274938454616195,-0.028926819887139254
6,,,avg_prec_yield,IN-12-0205,2,avg_prec_z,yield_z,,,,,,,,,,,,,-0.45723274753749993,-0.2824684200217037
10,,,avg_prec_yield,IN-12-0205,2,avg_prec_z,yield_z,,,,,,,,,,,,,-0.5133962373360168,-0.3653344640986599
14,,,avg_prec_yield,IN-12-0205,2,avg_prec_z,yield_z,,,,,,,,,,,,,-0.4916216935775485,-0.34119622788673704
6,,,avg_prec_yield,IN-12-0206,2,avg_prec_z,yield_z,,,,,,,,,,,,,0.08118601054289136,-0.07808731999331003
10,,,avg_prec_yield,IN-12-0206,2,avg_prec_z,yield_z,,,,,,,,,,,,,0.23043317616870507,-0.3051937089495451
14,,,avg_prec_yield,IN-12-0206,2,avg_prec_z,yield_z,,,,,,,,,,,,,0.36894271066998546,-0.3635378178699666
6,,,avg_prec_yield,IN-12-0207,2,avg_prec_z,yield_z,,,,,,,,,,,,,0.07457790980425391,-0.2286526978713836
10,,,avg_prec_yield,IN-12-0207,2,avg_prec_z,yield_z,,,,,,,,,,,,,0.1278150265247425,-0.6053380336914562
14,,,avg_prec_yield,IN-12-0207,2,avg_prec_z,yield_z,,,,,,,,,,,,,0.4116704323264212,-0.500773124275696
6,,,avg_prec_yield,IN-12-0209,2,avg_prec_z,yield_z,,,,,,,,,,,,,0.07384541434884281,-0.1610072869579075
10,,,avg_prec_yield,IN-12-0209,2,avg_prec_z,yield_z,,,,,,,,,,,,,-0.15995285457505168,-0.10445229629773953
14,,,avg_prec_yield,IN-12-0209,2,avg_prec_z,yield_z,,,,,,,,,,,,,-0.1276255365183864,-0.01849148039844247
6,,,avg_prec_yield,IN-12-0210,2,avg_prec_z,yield_z,,,,,,,,,,,,,0.007284586042612379,-0.08182040858249116
10,,,avg_prec_yield,IN-12-0210,2,avg_prec_z,yield_z,,,,,,,,,,,,,-0.15505543989883533,0.03976615548967659
14,,,avg_prec_yield,IN-12-0210,2,avg_prec_z,yield_z,,,,,,,,,,,,,-0.10743322933587315,0.067301651579912
6,,,avg_prec_yield,IN-12-0211,2,avg_prec_z,yield_z,,,,,,,,,,,,,-0.24887346058099133,-0.30777555750286495
10,,,avg_prec_yield,IN-12-0211,2,avg_prec_z,yield_z,,,,,,,,,,,,,-0.2578511354540255,-0.3217873892709865
14,,,avg_prec_yield,IN-12-0211,2,avg_prec_z,yield_z,,,,,,,,,,,,,-0.250993424139564,-0.19283586855681217
6,,,avg_prec_yield,IN-12-0212,2,avg_prec_z,yield_z,,,,,,,,,,,,,-0.09328148022075097,0.036548027882390796
10,,,avg_prec_yield,IN-12-0212,2,avg_prec_z,yield_z,,,,,,,,,,,,,-0.24608071365642675,0.2130828496961879
14,,,avg_prec_yield,IN-12-0212,2,avg_prec_z,yield_z,,,,,,,,,,,,,-0.12183911690482885,0.1405759405241902
6,,,avg_prec_yield,IN-12-0213,2,avg_prec_z,yield_z,,,,,,,,,,,,,-0.10146402104399088,-0.25228543012992455
10,,,avg_prec_yield,IN-12-0213,2,avg_prec_z,yield_z,,,,,,,,,,,,,-0.1826465379624361,-0.17993755505242381
14,,,avg_prec_yield,IN-12-0213,2,avg_prec_z,yield_z,,,,,,,,,,,,,0.009544314619372506,-0.06054211932092344
6,,,avg_prec_yield,IN-12-0214,2,avg_prec_z,yield_z,,,,,,,,,,,,,0.250304089045217,-0.029596333771897333
10,,,avg_prec_yield,IN-12-0214,2,avg_prec_z,yield_z,,,,,,,,,,,,,0.23873498812029476,0.1697782116778524
14,,,avg_prec_yield,IN-12-0214,2,avg_prec_z,yield_z,,,,,,,,,,,,,0.573747645637536,0.22028102807482602
6,,,avg_prec_yield,IN-12-0215,2,avg_prec_z,yield_z,,,,,,,,,,,,,0.13214756620440476,-0.037292853920026306
10,,,avg_prec_yield,IN-12-0215,2,avg_prec_z,yield_z,,,,,,,,,,,,,0.12122328774443789,0.4867156421129786
14,,,avg_prec_yield,IN-12-0215,2,avg_prec_z,yield_z,,,,,,,,,,,,,0.37752118978835286,0.48986730961886327
6,,,avg_prec_yield,IN-12-0216,2,avg_prec_z,yield_z,,,,,,,,,,,,,0.002462504832881349,-0.005237152964500069
10,,,avg_prec_yield,IN-12-0216,2,avg_prec_z,yield_z,,,,,,,,,,,,,-0.04307282331372379,-0.15938886284142398
14,,,avg_prec_yield,IN-12-0216,2,avg_prec_z,yield_z,,,,,,,,,,,,,0.16709780903212682,-0.18866255797122236
6,,,avg_prec_yield,IN-12-0217,2,avg_prec_z,yield_z,,,,,,,,,,,,,-0.16342596848089558,-0.4122598174716816
10,,,avg_prec_yield,IN-12-0217,2,avg_prec_z,yield_z,,,,,,,,,,,,,-0.2319559186309887,-0.34331065580876124
14,,,avg_prec_yield,IN-12-0217,2,avg_prec_z,yield_z,,,,,,,,,,,,,-0.1750388190062832,-0.2909359025250254
6,,,avg_prec_yield,IN-12-0218,2,avg_prec_z,yield_z,,,,,,,,,,,,,-0.018079210547747603,-0.06740438390577971
10,,,avg_prec_yield,IN-12-0218,2,avg_prec_z,yield_z,,,,,,,,,,,,,-0.0658379271776359,-0.3258520553622237
14,,,avg_prec_yield,IN-12-0218,2,avg_prec_z,yield_z,,,,,,,,,,,,,0.09411317355148219,-0.3064173204851103
6,,,avg_prec_yield,IN-12-0219,2,avg_prec_z,yield_z,,,,,,,,,,,,,0.3209623377481886,0.2855145338694839
10,,,avg_prec_yield,IN-12-0219,2,avg_prec_z,yield_z,,,,,,,,,,,,,0.44118743243308567,-0.06037932613475885
14,,,avg_prec_yield,IN-12-0219,2,avg_prec_z,yield_z,,,,,,,,,,,,,0.30368819075403314,0.05419001380287127
6,,,avg_prec_yield,IN-12-0220,2,avg_prec_z,yield_z,,,,,,,,,,,,,0.12557799150033339,-0.11842616266373915
10,,,avg_prec_yield,IN-12-0220,2,avg_prec_z,yield_z,,,,,,,,,,,,,0.02666210512018593,-0.3474813773380002
14,,,avg_prec_yield,IN-12-0220,2,avg_prec_z,yield_z,,,,,,,,,,,,,0.11089661228048223,-0.33264998716155186
6,,,avg_prec_yield,IN-12-0221,2,avg_prec_z,yield_z,,,,,,,,,,,,,0.054324199941757675,-0.22666353809437342
10,,,avg_prec_yield,IN-12-0221,2,avg_prec_z,yield_z,,,,,,,,,,,,,-0.373396800754502,-0.43066769127851334
14,,,avg_prec_yield,IN-12-0221,2,avg_prec_z,yield_z,,,,,,,,,,,,,-0.19894135758926967,-0.40598396877408705
6,,,avg_prec_yield,IN-12-0222,2,avg_prec_z,yield_z,,,,,,,,,,,,,0.2548209340541032,-0.12460603702577928
10,,,avg_prec_yield,IN-12-0222,2,avg_prec_z,yield_z,,,,,,,,,,,,,0.16438447682704754,-0.31040250029627836
14,,,avg_prec_yield,IN-12-0222,2,avg_prec_z,yield_z,,,,,,,,,,,,,0.2184142235907182,-0.1714251628851336
6,,,avg_prec_yield,IN-12-0223,2,avg_prec_z,yield_z,,,,,,,,,,,,,-0.11475507521601314,-0.21637669056533299
10,,,avg_prec_yield,IN-12-0223,2,avg_prec_z,yield_z,,,,,,,,,,,,,-0.2389881254225939,-0.5760337142814562
14,,,avg_prec_yield,IN-12-0223,2,avg_prec_z,yield_z,,,,,,,,,,,,,-0.13199854613266643,-0.2594116066433812
6,,,avg_prec_yield,IN-12-0224,2,avg_prec_z,yield_z,,,,,,,,,,,,,0.0730563868205589,-0.1709652164359002
10,,,avg_prec_yield,IN-12-0224,2,avg_prec_z,yield_z,,,,,,,,,,,,,-0.06302221992172254,-0.4373843003985492
14,,,avg_prec_yield,IN-12-0224,2,avg_prec_z,yield_z,,,,,,,,,,,,,0.2395727431433273,-0.23264769075697883
6,,,avg_prec_yield,IN-12-0225,2,avg_prec_z,yield_z,,,,,,,,,,,,,0.20158744241981302,-0.18931388613020225
10,,,avg_prec_yield,IN-12-0225,2,avg_prec_z,yield_z,,,,,,,,,,,,,0.2154679739103039,-0.6139839557339802
14,,,avg_prec_yield,IN-12-0225,2,avg_prec_z,yield_z,,,,,,,,,,,,,0.36216641990312914,-0.5941486777770272
6,,,avg_prec_yield,IN-12-0226,2,avg_prec_z,yield_z,,,,,,,,,,,,,0.26106017909272344,-0.013973478631232144
10,,,avg_prec_yield,IN-12-0226,2,avg_prec_z,yield_z,,,,,,,,,,,,,0.20020355165891185,-0.33892138171925207
14,,,avg_prec_yield,IN-12-0226,2,avg_prec_z,yield_z,,,,,,,,,,,,,0.5005981251906642,-0.13809729988809333
6,,,avg_prec_yield,IN-12-0227,2,avg_prec_z,yield_z,,,,,,,,,,,,,0.1700289337782138,-0.1790942182685206
10,,,avg_prec_yield,IN-12-0227,2,avg_prec_z,yield_z,,,,,,,,,,,,,0.16197441281081063,-0.4911068356553926
14,,,avg_prec_yield,IN-12-0227,2,avg_prec_z,yield_z,,,,,,,,,,,,,0.24943203961158122,-0.4465620069414743
6,,,avg_prec_yield,IN-12-0228,2,avg_prec_z,yield_z,,,,,,,,,,,,,0.2750206658666063,0.06737460834748064
10,,,avg_prec_yield,IN-12-0228,2,avg_prec_z,yield_z,,,,,,,,,,,,,0.2658577152749603,-0.49632055480682347
14,,,avg_prec_yield,IN-12-0228,2,avg_prec_z,yield_z,,,,,,,,,,,,,0.43025433149473225,-0.2749267891190427
6,,,avg_prec_yield,IN-12-0229,2,avg_prec_z,yield_z,,,,,,,,,,,,,-0.1181393455175233,0.06488295141405856
10,,,avg_prec_yield,IN-12-0229,2,avg_prec_z,yield_z,,,,,,,,,,,,,0.0008667916526975434,-0.419566075992586
14,,,avg_prec_yield,IN-12-0229,2,avg_prec_z,yield_z,,,,,,,,,,,,,0.1807580114020412,-0.2973307708048231
6,,,avg_prec_yield,IN-12-0230,2,avg_prec_z,yield_z,,,,,,,,,,,,,-0.2652823733942343,-0.14962419626259688
10,,,avg_prec_yield,IN-12-0230,2,avg_prec_z,yield_z,,,,,,,,,,,,,-0.24480949874840924,-0.4992543794501314
14,,,avg_prec_yield,IN-12-0230,2,avg_prec_z,yield_z,,,,,,,,,,,,,-0.2621171815597375,-0.2620153883660764
6,,,avg_prec_yield,IN-12-0231,2,avg_prec_z,yield_z,,,,,,,,,,,,,-0.025700495400917133,-0.27577829539690113
10,,,avg_prec_yield,IN-12-0231,2,avg_prec_z,yield_z,,,,,,,,,,,,,0.01328843116123531,-0.29442785839846436
14,,,avg_prec_yield,IN-12-0231,2,avg_prec_z,yield_z,,,,,,,,,,,,,0.16886483975681962,-0.25259818879659857
6,,,avg_prec_yield,IN-12-0232,2,avg_prec_z,yield_z,,,,,,,,,,,,,0.1619308936479713,-0.03010421365076234
10,,,avg_prec_yield,IN-12-0232,2,avg_prec_z,yield_z,,,,,,,,,,,,,0.18827141342185816,-0.340942809706579
14,,,avg_prec_yield,IN-12-0232,2,avg_prec_z,yield_z,,,,,,,,,,,,,0.25193749496555295,-0.236443588061556
6,,,avg_prec_yield,IN-12-0233,2,avg_prec_z,yield_z,,,,,,,,,,,,,-0.04609735727184314,-0.0952702306946516
10,,,avg_prec_yield,IN-12-0233,2,avg_prec_z,yield_z,,,,,,,,,,,,,0.03788906778081502,-0.05930807885647288
14,,,avg_prec_yield,IN-12-0233,2,avg_prec_z,yield_z,,,,,,,,,,,,,0.022746673530757378,0.03802193236066967
6,,,avg_prec_yield,IN-12-0234,2,avg_prec_z,yield_z,,,,,,,,,,,,,-0.14452177255014229,-0.07662831727853328
10,,,avg_prec_yield,IN-12-0234,2,avg_prec_z,yield_z,,,,,,,,,,,,,-0.10003795307740729,-0.16501198419114435
14,,,avg_prec_yield,IN-12-0234,2,avg_prec_z,yield_z,,,,,,,,,,,,,-0.0046300246967844886,-0.166220741849398
6,,,avg_prec_yield,IN-12-0235,2,avg_prec_z,yield_z,,,,,,,,,,,,,0.19619477637236574,0.08907281582358514
10,,,avg_prec_yield,IN-12-0235,2,avg_prec_z,yield_z,,,,,,,,,,,,,0.09128271131893503,0.11709414961390034
14,,,avg_prec_yield,IN-12-0235,2,avg_prec_z,yield_z,,,,,,,,,,,,,0.1955060119539604,0.20435273484037447
6,,,avg_prec_yield,IN-12-0236,2,avg_prec_z,yield_z,,,,,,,,,,,,,0.32378504650961926,-0.17986247791978294
10,,,avg_prec_yield,IN-12-0236,2,avg_prec_z,yield_z,,,,,,,,,,,,,0.5139044836322334,-0.39650593675546325
14,,,avg_prec_yield,IN-12-0236,2,avg_prec_z,yield_z,,,,,,,,,,,,,0.6255990374707217,-0.18920518965713
6,,,avg_prec_yield,IN-12-0528,2,avg_prec_z,yield_z,,,,,,,,,,,,,0.151682710701175,0.20855906741734084
10,,,avg_prec_yield,IN-12-0528,2,avg_prec_z,yield_z,,,,,,,,,,,,,0.1493827710645471,-0.021749915977678728
14,,,avg_prec_yield,IN-12-0528,2,avg_prec_z,yield_z,,,,,,,,,,,,,0.24907395949686073,0.2577906035399636
6,,,avg_prec_yield,IN-12-0529,2,avg_prec_z,yield_z,,,,,,,,,,,,,-0.15906966709747306,-0.17054323547969588
10,,,avg_prec_yield,IN-12-0529,2,avg_prec_z,yield_z,,,,,,,,,,,,,-0.05076358053609999,0.08373757239125441
14,,,avg_prec_yield,IN-12-0529,2,avg_prec_z,yield_z,,,,,,,,,,,,,0.10858832931970627,0.11620918699079666
6,,,avg_prec_yield,IN-12-0530,2,avg_prec_z,yield_z,,,,,,,,,,,,,0.3745604395765841,-0.02199853145369263
10,,,avg_prec_yield,IN-12-0530,2,avg_prec_z,yield_z,,,,,,,,,,,,,0.43718159432458653,-0.2769613071920931
14,,,avg_prec_yield,IN-12-0530,2,avg_prec_z,yield_z,,,,,,,,,,,,,0.6909645735265428,0.05630611469400295
6,,,avg_prec_yield,IN-12-0531,2,avg_prec_z,yield_z,,,,,,,,,,,,,0.21977983124918418,-0.1142785120380005
10,,,avg_prec_yield,IN-12-0531,2,avg_prec_z,yield_z,,,,,,,,,,,,,0.16699220210339877,-0.6268165031699645
14,,,avg_prec_yield,IN-12-0531,2,avg_prec_z,yield_z,,,,,,,,,,,,,0.24795719293850454,-0.5757305750681824
6,,,avg_prec_yield,IN-12-0532,2,avg_prec_z,yield_z,,,,,,,,,,,,,0.21535187327423921,-0.18671625545942014
10,,,avg_prec_yield,IN-12-0532,2,avg_prec_z,yield_z,,,,,,,,,,,,,0.08793176987666018,-0.18805212961746615
14,,,avg_prec_yield,IN-12-0532,2,avg_prec_z,yield_z,,,,,,,,,,,,,0.13693228277245187,-0.16892261744686718
6,,,avg_prec_yield,IN-12-0533,2,avg_prec_z,yield_z,,,,,,,,,,,,,0.2732536696747637,0.11700507520749252
10,,,avg_prec_yield,IN-12-0533,2,avg_prec_z,yield_z,,,,,,,,,,,,,0.1943888638999806,-0.052487949155510395
14,,,avg_prec_yield,IN-12-0533,2,avg_prec_z,yield_z,,,,,,,,,,,,,0.33385509417259496,-0.22025442740764795
6,,,avg_prec_yield,IN-12-0547,2,avg_prec_z,yield_z,,,,,,,,,,,,,0.16050802557483487,-0.3813688332340039
10,,,avg_prec_yield,IN-12-0547,2,avg_prec_z,yield_z,,,,,,,,,,,,,0.15191228131264128,-0.3606332776463093
14,,,avg_prec_yield,IN-12-0547,2,avg_prec_z,yield_z,,,,,,,,,,,,,0.4173084382225579,-0.34712768758958956
6,,,avg_prec_yield,IN-12-0548,2,avg_prec_z,yield_z,,,,,,,,,,,,,-0.04535722049567903,-0.12071538278577065
10,,,avg_prec_yield,IN-12-0548,2,avg_prec_z,yield_z,,,,,,,,,,,,,-0.06560121014701444,-0.06037029909672222
14,,,avg_prec_yield,IN-12-0548,2,avg_prec_z,yield_z,,,,,,,,,,,,,0.07367951328472891,-0.19141335841003
6,,,avg_prec_yield,IN-12-1028,2,avg_prec_z,yield_z,,,,,,,,,,,,,-0.02866711983854926,0.04423875123226693
10,,,avg_prec_yield,IN-12-1028,2,avg_prec_z,yield_z,,,,,,,,,,,,,-0.20210258686659074,-0.12986534062666075
14,,,avg_prec_yield,IN-12-1028,2,avg_prec_z,yield_z,,,,,,,,,,,,,-0.04070902873721154,0.11925959320288597
6,,,avg_prec_yield,IN-12-1029,2,avg_prec_z,yield_z,,,,,,,,,,,,,0.029529697454848115,0.05886778014905063
10,,,avg_prec_yield,IN-12-1029,2,avg_prec_z,yield_z,,,,,,,,,,,,,-0.20232342811568124,-0.26383528222258495
14,,,avg_prec_yield,IN-12-1029,2,avg_prec_z,yield_z,,,,,,,,,,,,,-0.10662566414569005,-0.03050795152538537
6,,,avg_prec_yield,IN-12-1031,2,avg_prec_z,yield_z,,,,,,,,,,,,,0.14840817582418375,-0.010203026021518615
10,,,avg_prec_yield,IN-12-1031,2,avg_prec_z,yield_z,,,,,,,,,,,,,0.18280395285354628,-0.40777284989627266
14,,,avg_prec_yield,IN-12-1031,2,avg_prec_z,yield_z,,,,,,,,,,,,,0.47475644570629766,-0.36917571467182564
6,,,avg_prec_yield,IN-12-1033,2,avg_prec_z,yield_z,,,,,,,,,,,,,0.03652131148540516,-0.11804590037983358
10,,,avg_prec_yield,IN-12-1033,2,avg_prec_z,yield_z,,,,,,,,,,,,,0.2744700225131097,-0.5194011313669014
14,,,avg_prec_yield,IN-12-1033,2,avg_prec_z,yield_z,,,,,,,,,,,,,0.23183901220824263,-0.39086780727468334
6,,,avg_prec_yield,IN-12-1034,2,avg_prec_z,yield_z,,,,,,,,,,,,,0.1776188846022172,0.194210534535196
10,,,avg_prec_yield,IN-12-1034,2,avg_prec_z,yield_z,,,,,,,,,,,,,0.06352658688365158,0.07939864186628938
14,,,avg_prec_yield,IN-12-1034,2,avg_prec_z,yield_z,,,,,,,,,,,,,0.07739137330656258,0.24831052021484462
6,,,avg_prec_yield,IN-12-1036,2,avg_prec_z,yield_z,,,,,,,,,,,,,-0.1736238950118103,-0.09351858497417916
10,,,avg_prec_yield,IN-12-1036,2,avg_prec_z,yield_z,,,,,,,,,,,,,-0.3093013037760002,-0.36951439331104535
14,,,avg_prec_yield,IN-12-1036,2,avg_prec_z,yield_z,,,,,,,,,,,,,-0.18438953256730103,-0.15693063272576585
6,,,avg_prec_yield,IN-12-1037,2,avg_prec_z,yield_z,,,,,,,,,,,,,0.0726193879871421,-0.3377442517891978
10,,,avg_prec_yield,IN-12-1037,2,avg_prec_z,yield_z,,,,,,,,,,,,,0.3119966507200794,-0.07368143842612647
14,,,avg_prec_yield,IN-12-1037,2,avg_prec_z,yield_z,,,,,,,,,,,,,0.30653984395090916,-0.13426532160668714
6,,,avg_prec_yield,IN-12-1038,2,avg_prec_z,yield_z,,,,,,,,,,,,,-0.3905828469880388,-0.3615544058785087
10,,,avg_prec_yield,IN-12-1038,2,avg_prec_z,yield_z,,,,,,,,,,,,,-0.44981197672042333,-0.5671152119542867
14,,,avg_prec_yield,IN-12-1038,2,avg_prec_z,yield_z,,,,,,,,,,,,,-0.39533194670097205,-0.6438086431654824
6,,,avg_prec_yield,IN-12-1039,2,avg_prec_z,yield_z,,,,,,,,,,,,,-0.073550021502159,-0.5152398389002419
10,,,avg_prec_yield,IN-12-1039,2,avg_prec_z,yield_z,,,,,,,,,,,,,0.22132603299215017,-0.58136928193653
14,,,avg_prec_yield,IN-12-1039,2,avg_prec_z,yield_z,,,,,,,,,,,,,0.4013281626194004,-0.6956943710817647
6,,,avg_prec_yield,IN-12-1040,2,avg_prec_z,yield_z,,,,,,,,,,,,,-0.04361863433278103,-0.1983274557786785
10,,,avg_prec_yield,IN-12-1040,2,avg_prec_z,yield_z,,,,,,,,,,,,,0.05061336539617867,-0.20065755071419442
14,,,avg_prec_yield,IN-12-1040,2,avg_prec_z,yield_z,,,,,,,,,,,,,0.22593616446352996,-0.03647425766850684
6,,,avg_prec_yield,IN-12-1041,2,avg_prec_z,yield_z,,,,,,,,,,,,,-0.20445228615268785,-0.2055389565899713
10,,,avg_prec_yield,IN-12-1041,2,avg_prec_z,yield_z,,,,,,,,,,,,,-0.06594088851212827,-0.22031536356297976
14,,,avg_prec_yield,IN-12-1041,2,avg_prec_z,yield_z,,,,,,,,,,,,,0.0677350926340602,-0.1527492654246482
6,,,avg_prec_yield,IN-12-1042,2,avg_prec_z,yield_z,,,,,,,,,,,,,-0.12573332808473067,-0.1505233487783069
10,,,avg_prec_yield,IN-12-1042,2,avg_prec_z,yield_z,,,,,,,,,,,,,-0.2662446019343423,0.21710934468759172
14,,,avg_prec_yield,IN-12-1042,2,avg_prec_z,yield_z,,,,,,,,,,,,,-0.2563153698829145,0.2147822600244398
6,,,avg_prec_yield,IN-12-1044,2,avg_prec_z,yield_z,,,,,,,,,,,,,0.035009572765577215,-0.20170684970941627
10,,,avg_prec_yield,IN-12-1044,2,avg_prec_z,yield_z,,,,,,,,,,,,,-0.0033152885860855017,-0.3106986514398825
14,,,avg_prec_yield,IN-12-1044,2,avg_prec_z,yield_z,,,,,,,,,,,,,0.05029769113655469,-0.26922968027717364
6,,,avg_prec_yield,IN-12-1045,2,avg_prec_z,yield_z,,,,,,,,,,,,,0.11544849824573045,-0.32748003442281565
10,,,avg_prec_yield,IN-12-1045,2,avg_prec_z,yield_z,,,,,,,,,,,,,-0.05759320889342053,-0.18928431676773833
14,,,avg_prec_yield,IN-12-1045,2,avg_prec_z,yield_z,,,,,,,,,,,,,0.16272834931344138,-0.1457682886566755
6,,,avg_prec_yield,IN-12-1046,2,avg_prec_z,yield_z,,,,,,,,,,,,,-0.5209307892334399,-0.32894425932223215
10,,,avg_prec_yield,IN-12-1046,2,avg_prec_z,yield_z,,,,,,,,,,,,,-0.44598832888109846,-0.3000116132960756
14,,,avg_prec_yield,IN-12-1046,2,avg_prec_z,yield_z,,,,,,,,,,,,,-0.7561522041645271,-0.27892788501968085
6,,,avg_prec_yield,IN-12-2013,2,avg_prec_z,yield_z,,,,,,,,,,,,,0.06483730615966772,-0.31817430600918306
6,,,avg_prec_yield,IN-13-0801,2,avg_prec_z,yield_z,,,,,,,,,,,,,0.021012182053461382,-0.3899057601101061
10,,,avg_prec_yield,IN-13-0801,2,avg_prec_z,yield_z,,,,,,,,,,,,,0.08343219269321209,-0.31571964768169414
14,,,avg_prec_yield,IN-13-0801,2,avg_prec_z,yield_z,,,,,,,,,,,,,0.32523935741262533,-0.3513297169549994
6,,,avg_prec_yield,IN-13-0802,2,avg_prec_z,yield_z,,,,,,,,,,,,,-0.20721711812137728,0.09352056174986112
10,,,avg_prec_yield,IN-13-0802,2,avg_prec_z,yield_z,,,,,,,,,,,,,-0.33159753225759125,0.14365210173580817
14,,,avg_prec_yield,IN-13-0802,2,avg_prec_z,yield_z,,,,,,,,,,,,,-0.18126793954654863,0.018471405318545756
6,,,avg_prec_yield,IN-13-0803,2,avg_prec_z,yield_z,,,,,,,,,,,,,0.19446170794616924,0.15708992763456395
10,,,avg_prec_yield,IN-13-0803,2,avg_prec_z,yield_z,,,,,,,,,,,,,0.1716163210185824,0.04898152749715039
14,,,avg_prec_yield,IN-13-0803,2,avg_prec_z,yield_z,,,,,,,,,,,,,0.37043086447295154,0.10592942502554156
6,,,avg_prec_yield,IN-13-0804,2,avg_prec_z,yield_z,,,,,,,,,,,,,-0.24460151554626935,-0.02818986753055657
10,,,avg_prec_yield,IN-13-0804,2,avg_prec_z,yield_z,,,,,,,,,,,,,-0.45696778271196303,0.03214204110596176
14,,,avg_prec_yield,IN-13-0804,2,avg_prec_z,yield_z,,,,,,,,,,,,,-0.581943987398972,0.08157230838000047
6,,,avg_prec_yield,IN-13-0805,2,avg_prec_z,yield_z,,,,,,,,,,,,,-0.42032285274692616,-0.16765143965085647
10,,,avg_prec_yield,IN-13-0805,2,avg_prec_z,yield_z,,,,,,,,,,,,,-0.3672093970661654,0.1339315875537801
14,,,avg_prec_yield,IN-13-0805,2,avg_prec_z,yield_z,,,,,,,,,,,,,-0.5064413135413955,0.06615353738432846
6,,,avg_prec_yield,IN-13-0806,2,avg_prec_z,yield_z,,,,,,,,,,,,,-0.29026029079429055,-0.14295272043184615
10,,,avg_prec_yield,IN-13-0806,2,avg_prec_z,yield_z,,,,,,,,,,,,,-0.17311730209525752,0.012548262742232258
14,,,avg_prec_yield,IN-13-0806,2,avg_prec_z,yield_z,,,,,,,,,,,,,-0.11953825133503855,0.12075866250185578
6,,,avg_prec_yield,IN-13-0807,2,avg_prec_z,yield_z,,,,,,,,,,,,,0.14718420190341555,0.10661282095405011
10,,,avg_prec_yield,IN-13-0807,2,avg_prec_z,yield_z,,,,,,,,,,,,,0.2968707606609323,0.17745041516101087
14,,,avg_prec_yield,IN-13-0807,2,avg_prec_z,yield_z,,,,,,,,,,,,,0.49548873448978314,0.3340345960808234
6,,,avg_prec_yield,IN-13-0810,2,avg_prec_z,yield_z,,,,,,,,,,,,,0.08583243399542237,0.3332681237938723
10,,,avg_prec_yield,IN-13-0810,2,avg_prec_z,yield_z,,,,,,,,,,,,,0.03601635346339861,0.3517401228373018
14,,,avg_prec_yield,IN-13-0810,2,avg_prec_z,yield_z,,,,,,,,,,,,,0.053724891110911,0.5098193413270031
6,,,avg_prec_yield,IN-13-0814,2,avg_prec_z,yield_z,,,,,,,,,,,,,-0.31627850122189155,-0.3760102097818163
10,,,avg_prec_yield,IN-13-0814,2,avg_prec_z,yield_z,,,,,,,,,,,,,-0.26162205726523013,-0.32585946680665
14,,,avg_prec_yield,IN-13-0814,2,avg_prec_z,yield_z,,,,,,,,,,,,,-0.39325273808208916,-0.35937659439465836
6,,,avg_prec_yield,IN-13-0816,2,avg_prec_z,yield_z,,,,,,,,,,,,,-0.2239482676849481,0.05578946983599904
10,,,avg_prec_yield,IN-13-0816,2,avg_prec_z,yield_z,,,,,,,,,,,,,-0.23351899576718926,0.19607999226762743
14,,,avg_prec_yield,IN-13-0816,2,avg_prec_z,yield_z,,,,,,,,,,,,,-0.22799335469517165,0.4333586525930003
6,,,avg_prec_yield,IN-13-0817,2,avg_prec_z,yield_z,,,,,,,,,,,,,-0.18204419439111913,-0.06295387111217893
10,,,avg_prec_yield,IN-13-0817,2,avg_prec_z,yield_z,,,,,,,,,,,,,-0.1211205581975771,-0.27556269160220576
14,,,avg_prec_yield,IN-13-0817,2,avg_prec_z,yield_z,,,,,,,,,,,,,-0.09706635601451144,-0.2865028026580643
6,,,avg_prec_yield,IN-13-0819,2,avg_prec_z,yield_z,,,,,,,,,,,,,-0.3216826178092004,0.22161806516263693
10,,,avg_prec_yield,IN-13-0819,2,avg_prec_z,yield_z,,,,,,,,,,,,,-0.3908523553050282,0.1885241901884547
14,,,avg_prec_yield,IN-13-0819,2,avg_prec_z,yield_z,,,,,,,,,,,,,-0.4130610797919296,0.33721566485403226
6,,,avg_prec_yield,IN-13-0820,2,avg_prec_z,yield_z,,,,,,,,,,,,,-0.28754762233276515,0.10375360541857433
10,,,avg_prec_yield,IN-13-0820,2,avg_prec_z,yield_z,,,,,,,,,,,,,-0.3048022542956522,-0.033868559506071746
14,,,avg_prec_yield,IN-13-0820,2,avg_prec_z,yield_z,,,,,,,,,,,,,-0.4580146557686196,0.10591707999826619
6,,,avg_prec_yield,IN-13-0824,2,avg_prec_z,yield_z,,,,,,,,,,,,,-0.027659092186182,-0.1906810706791212
10,,,avg_prec_yield,IN-13-0824,2,avg_prec_z,yield_z,,,,,,,,,,,,,0.23641883309041262,-0.024324155150839338
14,,,avg_prec_yield,IN-13-0824,2,avg_prec_z,yield_z,,,,,,,,,,,,,0.17501917805587552,-0.0006766914951563896
6,,,avg_prec_yield,IN-14-0001,2,avg_prec_z,yield_z,,,,,,,,,,,,,-0.12556116088299332,-0.3790226427429158
10,,,avg_prec_yield,IN-14-0001,2,avg_prec_z,yield_z,,,,,,,,,,,,,-0.29691191941207506,-0.3437703878671013
14,,,avg_prec_yield,IN-14-0001,2,avg_prec_z,yield_z,,,,,,,,,,,,,-0.37507441762294363,-0.5496560633721069
6,,,avg_prec_yield,IN-14-0002,2,avg_prec_z,yield_z,,,,,,,,,,,,,-0.2745340600635743,-0.22177822145687554
10,,,avg_prec_yield,IN-14-0002,2,avg_prec_z,yield_z,,,,,,,,,,,,,-0.2933707407401195,-0.2422723918074753
14,,,avg_prec_yield,IN-14-0002,2,avg_prec_z,yield_z,,,,,,,,,,,,,-0.2975752347139089,-0.16720616372513714
6,,,avg_prec_yield,IN-14-0003,2,avg_prec_z,yield_z,,,,,,,,,,,,,-0.3451526640376511,-0.29152481491393417
10,,,avg_prec_yield,IN-14-0003,2,avg_prec_z,yield_z,,,,,,,,,,,,,-0.44275584349112745,-0.3333942106017091
14,,,avg_prec_yield,IN-14-0003,2,avg_prec_z,yield_z,,,,,,,,,,,,,-0.431964829039727,-0.5135405802154496
6,,,avg_prec_yield,IN-14-0004,2,avg_prec_z,yield_z,,,,,,,,,,,,,-0.28660815268720813,-0.21489268133832798
10,,,avg_prec_yield,IN-14-0004,2,avg_prec_z,yield_z,,,,,,,,,,,,,-0.5894173045343207,-0.38542632525607934
14,,,avg_prec_yield,IN-14-0004,2,avg_prec_z,yield_z,,,,,,,,,,,,,-0.5496160706803487,-0.4846905400624074
6,,,avg_prec_yield,IN-14-0005,2,avg_prec_z,yield_z,,,,,,,,,,,,,0.03936437655011825,-0.10399906307360081
10,,,avg_prec_yield,IN-14-0005,2,avg_prec_z,yield_z,,,,,,,,,,,,,0.012246305846708124,-0.20933643470659438
14,,,avg_prec_yield,IN-14-0005,2,avg_prec_z,yield_z,,,,,,,,,,,,,-0.09170934976519433,-0.05603222018837247
6,,,avg_prec_yield,IN-14-0006,2,avg_prec_z,yield_z,,,,,,,,,,,,,-0.20028128562837028,-0.41381369680331026
10,,,avg_prec_yield,IN-14-0006,2,avg_prec_z,yield_z,,,,,,,,,,,,,-0.051442399210497355,-0.1970606267176263
14,,,avg_prec_yield,IN-14-0006,2,avg_prec_z,yield_z,,,,,,,,,,,,,-0.12156934713158438,-0.25317702648041546
6,,,avg_prec_yield,IN-14-0501,2,avg_prec_z,yield_z,,,,,,,,,,,,,-0.1909551355633889,-0.40864223781708314
10,,,avg_prec_yield,IN-14-0501,2,avg_prec_z,yield_z,,,,,,,,,,,,,-0.16988512630050695,-0.10855909923344134
14,,,avg_prec_yield,IN-14-0501,2,avg_prec_z,yield_z,,,,,,,,,,,,,-0.2932251111822074,-0.13204737824999802
6,,,avg_prec_yield,IN-14-1055,2,avg_prec_z,yield_z,,,,,,,,,,,,,-0.4208232356990213,-0.29946115930572365
10,,,avg_prec_yield,IN-14-1055,2,avg_prec_z,yield_z,,,,,,,,,,,,,-0.43836015791369476,-0.3870854147235835
6,,,avg_prec_yield,IN-14-1056,2,avg_prec_z,yield_z,,,,,,,,,,,,,-0.10012020991986825,-0.15023618735962135
10,,,avg_prec_yield,IN-14-1056,2,avg_prec_z,yield_z,,,,,,,,,,,,,-0.07069788503322527,-0.4238539335908138
14,,,avg_prec_yield,IN-14-1056,2,avg_prec_z,yield_z,,,,,,,,,,,,,0.06156942971089728,-0.44076399136700595
6,,,avg_prec_yield,IN-14-1059,2,avg_prec_z,yield_z,,,,,,,,,,,,,-0.06771516358257205,-0.2764648627457672
10,,,avg_prec_yield,IN-14-1059,2,avg_prec_z,yield_z,,,,,,,,,,,,,-0.04486275558867257,-0.29244626323862866
14,,,avg_prec_yield,IN-14-1059,2,avg_prec_z,yield_z,,,,,,,,,,,,,-0.036263395762226446,-0.31099739971352125
6,,,avg_prec_yield,IN-14-1065,2,avg_prec_z,yield_z,,,,,,,,,,,,,0.22353182994445672,0.5057657183149804
10,,,avg_prec_yield,IN-14-1065,2,avg_prec_z,yield_z,,,,,,,,,,,,,0.3814618817224555,0.639258191108551
14,,,avg_prec_yield,IN-14-1065,2,avg_prec_z,yield_z,,,,,,,,,,,,,0.5013123803972648,0.648175483521106
6,,,avg_prec_yield,IN-14-1066,2,avg_prec_z,yield_z,,,,,,,,,,,,,-0.2709461887550493,-0.17514271169522608
10,,,avg_prec_yield,IN-14-1066,2,avg_prec_z,yield_z,,,,,,,,,,,,,-0.19244099526402944,-0.26619113845999076
14,,,avg_prec_yield,IN-14-1066,2,avg_prec_z,yield_z,,,,,,,,,,,,,-0.29110614239850635,0.01479727967503372
6,,,avg_prec_yield,IN-14-1067,2,avg_prec_z,yield_z,,,,,,,,,,,,,-0.2626365842571091,0.032963013123117536
10,,,avg_prec_yield,IN-14-1067,2,avg_prec_z,yield_z,,,,,,,,,,,,,-0.323257769974472,-0.04049907782876462
14,,,avg_prec_yield,IN-14-1067,2,avg_prec_z,yield_z,,,,,,,,,,,,,-0.34379609437849357,-0.06394672279488144
6,,,avg_prec_yield,IN-14-1068,2,avg_prec_z,yield_z,,,,,,,,,,,,,-0.30403729932665036,-0.1954529718341033
10,,,avg_prec_yield,IN-14-1068,2,avg_prec_z,yield_z,,,,,,,,,,,,,-0.25396163456095106,-0.4770946780792684
14,,,avg_prec_yield,IN-14-1068,2,avg_prec_z,yield_z,,,,,,,,,,,,,-0.28540689252507134,-0.19876538365351643
6,,,avg_prec_yield,IN-14-1069,2,avg_prec_z,yield_z,,,,,,,,,,,,,-0.4593891866886932,-0.0009007119893014615
10,,,avg_prec_yield,IN-14-1069,2,avg_prec_z,yield_z,,,,,,,,,,,,,-0.3603790495470222,-0.018296878509518704
14,,,avg_prec_yield,IN-14-1069,2,avg_prec_z,yield_z,,,,,,,,,,,,,-0.4087968070004634,0.0786710375234341
6,,,avg_prec_yield,IN-14-1070,2,avg_prec_z,yield_z,,,,,,,,,,,,,-0.07229910614935472,-0.33873950396022706
10,,,avg_prec_yield,IN-14-1070,2,avg_prec_z,yield_z,,,,,,,,,,,,,-0.08377836380424636,-0.08583026727961462
14,,,avg_prec_yield,IN-14-1070,2,avg_prec_z,yield_z,,,,,,,,,,,,,-0.14461328465967796,-0.20691412263432646
6,,,avg_prec_yield,IN-14-2015,2,avg_prec_z,yield_z,,,,,,,,,,,,,0.32390564170480385,0.6029770489636604
6,,,avg_prec_yield,IN-15-0910,2,avg_prec_z,yield_z,,,,,,,,,,,,,0.004429777468652907,-0.25774743751996143
10,,,avg_prec_yield,IN-15-0910,2,avg_prec_z,yield_z,,,,,,,,,,,,,0.3627726538044113,-0.3651382560235322
14,,,avg_prec_yield,IN-15-0910,2,avg_prec_z,yield_z,,,,,,,,,,,,,0.5350076084514862,-0.3584137217842291
6,,,avg_prec_yield,IN-15-0913,2,avg_prec_z,yield_z,,,,,,,,,,,,,-0.28363184638670036,-0.576897401751686
10,,,avg_prec_yield,IN-15-0913,2,avg_prec_z,yield_z,,,,,,,,,,,,,-0.19103930146491138,-0.261864221244518
14,,,avg_prec_yield,IN-15-0913,2,avg_prec_z,yield_z,,,,,,,,,,,,,-0.28129928140206906,-0.34949826388633365
6,,,avg_prec_yield,IN-15-0914,2,avg_prec_z,yield_z,,,,,,,,,,,,,0.026247437057900846,-0.06286005710650297
10,,,avg_prec_yield,IN-15-0914,2,avg_prec_z,yield_z,,,,,,,,,,,,,0.04392993235643396,0.2324387544267233
14,,,avg_prec_yield,IN-15-0914,2,avg_prec_z,yield_z,,,,,,,,,,,,,0.16615142846652325,0.2730903312626171
6,,,avg_prec_yield,IN-15-0915,2,avg_prec_z,yield_z,,,,,,,,,,,,,-0.301678397006119,-0.1807352686200557
10,,,avg_prec_yield,IN-15-0915,2,avg_prec_z,yield_z,,,,,,,,,,,,,-0.2121422062698251,-0.005088931691744786
14,,,avg_prec_yield,IN-15-0915,2,avg_prec_z,yield_z,,,,,,,,,,,,,-0.48154201133269137,0.26009389994909876
6,,,avg_prec_yield,IN-15-0916,2,avg_prec_z,yield_z,,,,,,,,,,,,,-0.14341433977636317,0.13044332994004612
10,,,avg_prec_yield,IN-15-0916,2,avg_prec_z,yield_z,,,,,,,,,,,,,0.06059637477265882,0.2483387658558997
14,,,avg_prec_yield,IN-15-0916,2,avg_prec_z,yield_z,,,,,,,,,,,,,0.03844635155133709,0.295326761158834
6,,,avg_prec_yield,IN-15-0933,2,avg_prec_z,yield_z,,,,,,,,,,,,,-0.03827898622124278,-0.30169001083441194
10,,,avg_prec_yield,IN-15-0933,2,avg_prec_z,yield_z,,,,,,,,,,,,,0.0578993475020653,-0.21053626362257924
14,,,avg_prec_yield,IN-15-0933,2,avg_prec_z,yield_z,,,,,,,,,,,,,0.1752129344676085,-0.11255225248997328
6,,,avg_prec_yield,IN-15-0937,2,avg_prec_z,yield_z,,,,,,,,,,,,,-0.3958717694389379,-0.15424387409712154
10,,,avg_prec_yield,IN-15-0937,2,avg_prec_z,yield_z,,,,,,,,,,,,,-0.4048205113368146,-0.21926465483514476
14,,,avg_prec_yield,IN-15-0937,2,avg_prec_z,yield_z,,,,,,,,,,,,,-0.3115298642685428,-0.1336913918326104
6,,,avg_prec_yield,IN-15-0938,2,avg_prec_z,yield_z,,,,,,,,,,,,,-0.18804875961665027,-0.167118569952336
10,,,avg_prec_yield,IN-15-0938,2,avg_prec_z,yield_z,,,,,,,,,,,,,-0.45965542428383,-0.16439365631992267
14,,,avg_prec_yield,IN-15-0938,2,avg_prec_z,yield_z,,,,,,,,,,,,,-0.6121726312271257,-0.17323243031896907
6,,,avg_prec_yield,IN-15-0940,2,avg_prec_z,yield_z,,,,,,,,,,,,,0.15212432422253233,-0.24603753030886105
10,,,avg_prec_yield,IN-15-0940,2,avg_prec_z,yield_z,,,,,,,,,,,,,0.40763781189373904,-0.2272420720988766
14,,,avg_prec_yield,IN-15-0940,2,avg_prec_z,yield_z,,,,,,,,,,,,,0.44034613734839445,-0.11727757381108188
6,,,avg_prec_yield,IN-15-0941,2,avg_prec_z,yield_z,,,,,,,,,,,,,-0.16555719862803517,0.1152010963049839
10,,,avg_prec_yield,IN-15-0941,2,avg_prec_z,yield_z,,,,,,,,,,,,,-0.1688500409577965,0.24513691564751902
14,,,avg_prec_yield,IN-15-0941,2,avg_prec_z,yield_z,,,,,,,,,,,,,-0.07652335098763137,0.31746950377488
6,,,avg_prec_yield,IN-15-0942,2,avg_prec_z,yield_z,,,,,,,,,,,,,-0.19614546632349478,-0.1318290040829842
10,,,avg_prec_yield,IN-15-0942,2,avg_prec_z,yield_z,,,,,,,,,,,,,-0.23810126645211124,-0.18854145344138218
14,,,avg_prec_yield,IN-15-0942,2,avg_prec_z,yield_z,,,,,,,,,,,,,-0.2661796687995744,-0.16027102475477867
6,,,avg_prec_yield,IN-15-0943,2,avg_prec_z,yield_z,,,,,,,,,,,,,-0.22168580988228265,-0.4522903752073352
10,,,avg_prec_yield,IN-15-0943,2,avg_prec_z,yield_z,,,,,,,,,,,,,-0.433694418846562,-0.5801728105530705
6,,,avg_prec_yield,IN-15-0944,2,avg_prec_z,yield_z,,,,,,,,,,,,,-0.28120629117793416,-0.11816874920744254
10,,,avg_prec_yield,IN-15-0944,2,avg_prec_z,yield_z,,,,,,,,,,,,,-0.12217642328224274,-0.2644221736783269
6,,,avg_prec_yield,IN-15-0952,2,avg_prec_z,yield_z,,,,,,,,,,,,,-0.232046053992081,-0.18770769597843234
10,,,avg_prec_yield,IN-15-0952,2,avg_prec_z,yield_z,,,,,,,,,,,,,-0.32449656840756125,-0.25134667639174213
14,,,avg_prec_yield,IN-15-0952,2,avg_prec_z,yield_z,,,,,,,,,,,,,-0.38908317181762064,-0.08806341995038817
6,,,avg_prec_yield,IN-15-0953,2,avg_prec_z,yield_z,,,,,,,,,,,,,-0.27719138264937293,-0.36192014531771793
10,,,avg_prec_yield,IN-15-0953,2,avg_prec_z,yield_z,,,,,,,,,,,,,-0.08437272504605528,-0.5007208706603135
14,,,avg_prec_yield,IN-15-0953,2,avg_prec_z,yield_z,,,,,,,,,,,,,-0.0415908670739719,-0.5681711747827853
6,,,avg_prec_yield,IN-15-0954,2,avg_prec_z,yield_z,,,,,,,,,,,,,-0.19407851545580695,-0.2854431435726443
10,,,avg_prec_yield,IN-15-0954,2,avg_prec_z,yield_z,,,,,,,,,,,,,-0.11256172102933207,-0.2622912506894094
14,,,avg_prec_yield,IN-15-0954,2,avg_prec_z,yield_z,,,,,,,,,,,,,-0.14321367113019495,-0.41046078470727954
6,,,avg_prec_yield,IN-15-0955,2,avg_prec_z,yield_z,,,,,,,,,,,,,0.049194541620335853,0.13968377143473676
10,,,avg_prec_yield,IN-15-0955,2,avg_prec_z,yield_z,,,,,,,,,,,,,0.18712624616544804,0.37259617879322815
14,,,avg_prec_yield,IN-15-0955,2,avg_prec_z,yield_z,,,,,,,,,,,,,0.1605610373318527,0.4497213439647889
6,,,avg_prec_yield,IN-15-0957,2,avg_prec_z,yield_z,,,,,,,,,,,,,-0.07974469095101047,-0.4555619235857559
10,,,avg_prec_yield,IN-15-0957,2,avg_prec_z,yield_z,,,,,,,,,,,,,-0.1905522538261691,-0.3423328779888596
14,,,avg_prec_yield,IN-15-0957,2,avg_prec_z,yield_z,,,,,,,,,,,,,-0.06228563225971486,-0.3830415516849975
6,,,avg_prec_yield,IN-15-0962,2,avg_prec_z,yield_z,,,,,,,,,,,,,0.09159653255203312,-0.18466176899924672
10,,,avg_prec_yield,IN-15-0962,2,avg_prec_z,yield_z,,,,,,,,,,,,,0.2766519090855323,-0.029477066678913172
6,,,avg_prec_yield,IN-15-0963,2,avg_prec_z,yield_z,,,,,,,,,,,,,0.02619827981021201,-0.1076053750231519
10,,,avg_prec_yield,IN-15-0963,2,avg_prec_z,yield_z,,,,,,,,,,,,,-0.10087837573796225,-0.28083469327013083
6,,,avg_prec_yield,IN-15-0964,2,avg_prec_z,yield_z,,,,,,,,,,,,,-0.4531944005225056,-0.005431684571709783
10,,,avg_prec_yield,IN-15-0964,2,avg_prec_z,yield_z,,,,,,,,,,,,,-0.31385619643724244,-0.1258677059014158
6,,,avg_prec_yield,IN-15-0965,2,avg_prec_z,yield_z,,,,,,,,,,,,,-0.28979082989731025,-0.12445575105727691
10,,,avg_prec_yield,IN-15-0965,2,avg_prec_z,yield_z,,,,,,,,,,,,,-0.2424109208415913,-0.055567767176942576
6,,,avg_prec_yield,IN-16-0237,2,avg_prec_z,yield_z,,,,,,,,,,,,,-0.2792398955861148,-0.4469238498803875
10,,,avg_prec_yield,IN-16-0237,2,avg_prec_z,yield_z,,,,,,,,,,,,,-0.5629699298122287,-0.31548926469353067
14,,,avg_prec_yield,IN-16-0237,2,avg_prec_z,yield_z,,,,,,,,,,,,,-0.5382493698034375,-0.6627303121293009
6,,,avg_prec_yield,IN-16-0238,2,avg_prec_z,yield_z,,,,,,,,,,,,,-0.270943406380102,-0.17295983774857188
10,,,avg_prec_yield,IN-16-0238,2,avg_prec_z,yield_z,,,,,,,,,,,,,-0.14677834695851583,-0.09211477229343656
14,,,avg_prec_yield,IN-16-0238,2,avg_prec_z,yield_z,,,,,,,,,,,,,0.0207637905914324,-0.0586617997270074
6,,,avg_prec_yield,IN-16-0239,2,avg_prec_z,yield_z,,,,,,,,,,,,,-0.35940768861622807,-0.1169597876329602
10,,,avg_prec_yield,IN-16-0239,2,avg_prec_z,yield_z,,,,,,,,,,,,,-0.28471198825445826,-0.000785645071224099
14,,,avg_prec_yield,IN-16-0239,2,avg_prec_z,yield_z,,,,,,,,,,,,,-0.18982479728311547,0.1569508317635999
6,,,avg_prec_yield,IN-16-0240,2,avg_prec_z,yield_z,,,,,,,,,,,,,-0.40028304462220354,-0.33822068927719673
10,,,avg_prec_yield,IN-16-0240,2,avg_prec_z,yield_z,,,,,,,,,,,,,-0.25773331000828026,-0.20004168558104146
14,,,avg_prec_yield,IN-16-0240,2,avg_prec_z,yield_z,,,,,,,,,,,,,-0.12215017581171803,-0.14723544239033365
6,,,avg_prec_yield,IN-16-0241,2,avg_prec_z,yield_z,,,,,,,,,,,,,-0.4019136248940197,-0.16905664464118528
10,,,avg_prec_yield,IN-16-0241,2,avg_prec_z,yield_z,,,,,,,,,,,,,-0.3587906693730142,-0.06833890265402695
14,,,avg_prec_yield,IN-16-0241,2,avg_prec_z,yield_z,,,,,,,,,,,,,-0.17273026568849087,0.030745595706444438
6,,,avg_prec_yield,IN-16-0242,2,avg_prec_z,yield_z,,,,,,,,,,,,,-0.36701747920718447,-0.3223231866930707
10,,,avg_prec_yield,IN-16-0242,2,avg_prec_z,yield_z,,,,,,,,,,,,,-0.1750188327421927,-0.33333391624761005
14,,,avg_prec_yield,IN-16-0242,2,avg_prec_z,yield_z,,,,,,,,,,,,,-0.1429484770097146,-0.1961135456813373
6,,,avg_prec_yield,IN-16-0243,2,avg_prec_z,yield_z,,,,,,,,,,,,,-0.4271358179291472,-0.1816917793527723
10,,,avg_prec_yield,IN-16-0243,2,avg_prec_z,yield_z,,,,,,,,,,,,,-0.3321347811830888,-0.22190793506237264
14,,,avg_prec_yield,IN-16-0243,2,avg_prec_z,yield_z,,,,,,,,,,,,,-0.12931813919109308,-0.14884776714896386
6,,,avg_prec_yield,IN-16-0244,2,avg_prec_z,yield_z,,,,,,,,,,,,,0.0553819653347543,0.23131591117871858
10,,,avg_prec_yield,IN-16-0244,2,avg_prec_z,yield_z,,,,,,,,,,,,,0.15904275747727512,0.2741667557806972
14,,,avg_prec_yield,IN-16-0244,2,avg_prec_z,yield_z,,,,,,,,,,,,,0.13010742448997467,0.2402610837339878
6,,,avg_prec_yield,IN-16-0527,2,avg_prec_z,yield_z,,,,,,,,,,,,,-0.11934792066297555,-0.09592185850164985
10,,,avg_prec_yield,IN-16-0527,2,avg_prec_z,yield_z,,,,,,,,,,,,,-0.11538926420763138,-0.1739855949544951
14,,,avg_prec_yield,IN-16-0527,2,avg_prec_z,yield_z,,,,,,,,,,,,,-0.2167259217520609,-0.1513866689174033
6,,,avg_prec_yield,IN-16-1030,2,avg_prec_z,yield_z,,,,,,,,,,,,,-0.22326256289985785,0.07030999771962902
10,,,avg_prec_yield,IN-16-1030,2,avg_prec_z,yield_z,,,,,,,,,,,,,-0.3654710462031658,-0.16989635845437231
14,,,avg_prec_yield,IN-16-1030,2,avg_prec_z,yield_z,,,,,,,,,,,,,-0.42768398649464345,-0.09627966591168943
6,,,avg_prec_yield,IN-16-1032,2,avg_prec_z,yield_z,,,,,,,,,,,,,-0.4357414446932794,-0.43699148200439614
10,,,avg_prec_yield,IN-16-1032,2,avg_prec_z,yield_z,,,,,,,,,,,,,-0.45900382814183416,-0.17846364761161962
14,,,avg_prec_yield,IN-16-1032,2,avg_prec_z,yield_z,,,,,,,,,,,,,-0.26031707718517966,-0.2533050251378713
6,,,avg_prec_yield,IN-16-1043,2,avg_prec_z,yield_z,,,,,,,,,,,,,-0.44618118412369173,-0.17728218132861503
10,,,avg_prec_yield,IN-16-1043,2,avg_prec_z,yield_z,,,,,,,,,,,,,-0.2462990621335141,-0.29437422417220777
14,,,avg_prec_yield,IN-16-1043,2,avg_prec_z,yield_z,,,,,,,,,,,,,-0.15455431886866594,-0.3614269731903869
6,,,avg_prec_yield,IN-17-0601,2,avg_prec_z,yield_z,,,,,,,,,,,,,-0.20655580856551267,-0.1530962451627998
10,,,avg_prec_yield,IN-17-0601,2,avg_prec_z,yield_z,,,,,,,,,,,,,-0.2970680462955203,-0.22790582994398215
14,,,avg_prec_yield,IN-17-0601,2,avg_prec_z,yield_z,,,,,,,,,,,,,-0.3248184189286044,-0.23753201081088302
6,,,avg_prec_yield,IN-17-0602,2,avg_prec_z,yield_z,,,,,,,,,,,,,-0.1008343005776053,-0.2739341475564837
10,,,avg_prec_yield,IN-17-0602,2,avg_prec_z,yield_z,,,,,,,,,,,,,-0.014528687308373273,-0.38734083973947475
14,,,avg_prec_yield,IN-17-0602,2,avg_prec_z,yield_z,,,,,,,,,,,,,0.0014557347874235881,-0.6463161201935146
6,,,avg_prec_yield,IN-17-0603,2,avg_prec_z,yield_z,,,,,,,,,,,,,-0.29819405069258303,-0.3311443018216528
10,,,avg_prec_yield,IN-17-0603,2,avg_prec_z,yield_z,,,,,,,,,,,,,-0.502769376717919,-0.4293695688942301
14,,,avg_prec_yield,IN-17-0603,2,avg_prec_z,yield_z,,,,,,,,,,,,,-0.4271437985174035,-0.5919591826767271
6,,,avg_prec_yield,IN-17-0604,2,avg_prec_z,yield_z,,,,,,,,,,,,,-0.0032035463799699126,-0.42791970711985294
10,,,avg_prec_yield,IN-17-0604,2,avg_prec_z,yield_z,,,,,,,,,,,,,-0.24008898078698016,-0.4428055255315856
14,,,avg_prec_yield,IN-17-0604,2,avg_prec_z,yield_z,,,,,,,,,,,,,-0.06817443062474068,-0.5283836032131328
6,,,avg_prec_yield,IN-17-0605,2,avg_prec_z,yield_z,,,,,,,,,,,,,0.17093690916240534,-0.05015514464259195
10,,,avg_prec_yield,IN-17-0605,2,avg_prec_z,yield_z,,,,,,,,,,,,,0.2810060164888992,-0.19077735726057324
14,,,avg_prec_yield,IN-17-0605,2,avg_prec_z,yield_z,,,,,,,,,,,,,0.3206741137445424,0.011913489255492571
6,,,avg_prec_yield,IN-17-0606,2,avg_prec_z,yield_z,,,,,,,,,,,,,0.18259181481332892,-0.025196495566444217
10,,,avg_prec_yield,IN-17-0606,2,avg_prec_z,yield_z,,,,,,,,,,,,,0.1128486305567959,0.07396994300852841
14,,,avg_prec_yield,IN-17-0606,2,avg_prec_z,yield_z,,,,,,,,,,,,,0.10604347244161368,0.08205877977619361
6,,,avg_prec_yield,IN-17-0607,2,avg_prec_z,yield_z,,,,,,,,,,,,,-0.4193266326242072,-0.07121485691423025
10,,,avg_prec_yield,IN-17-0607,2,avg_prec_z,yield_z,,,,,,,,,,,,,-0.2807473579602526,0.16286715659622258
14,,,avg_prec_yield,IN-17-0607,2,avg_prec_z,yield_z,,,,,,,,,,,,,-0.3966082350603141,0.1955170163523029
6,,,avg_prec_yield,IN-17-0608,2,avg_prec_z,yield_z,,,,,,,,,,,,,-0.17505063548325478,0.0015510269513403674
10,,,avg_prec_yield,IN-17-0608,2,avg_prec_z,yield_z,,,,,,,,,,,,,-0.2602664746174125,-0.2688431632389187
6,,,avg_prec_yield,IN-17-0609,2,avg_prec_z,yield_z,,,,,,,,,,,,,0.41027958309541745,0.45472197531497544
10,,,avg_prec_yield,IN-17-0609,2,avg_prec_z,yield_z,,,,,,,,,,,,,0.5765635556950602,0.4795426632580736
14,,,avg_prec_yield,IN-17-0609,2,avg_prec_z,yield_z,,,,,,,,,,,,,0.6934890129693518,0.6404048086122989
6,,,avg_prec_yield,IN-17-0610,2,avg_prec_z,yield_z,,,,,,,,,,,,,-0.20944150595981453,-0.1667638530905606
10,,,avg_prec_yield,IN-17-0610,2,avg_prec_z,yield_z,,,,,,,,,,,,,-0.20074146713219432,-0.17383617475845833
14,,,avg_prec_yield,IN-17-0610,2,avg_prec_z,yield_z,,,,,,,,,,,,,-0.20784960490340362,-0.22288966897366205
6,,,avg_prec_yield,IN-17-0615,2,avg_prec_z,yield_z,,,,,,,,,,,,,-0.3899533588258207,-0.180607164503567
10,,,avg_prec_yield,IN-17-0615,2,avg_prec_z,yield_z,,,,,,,,,,,,,-0.10248608979979108,-0.11396130379181124
14,,,avg_prec_yield,IN-17-0615,2,avg_prec_z,yield_z,,,,,,,,,,,,,-0.2163239666667184,-0.24089237733978877
6,,,avg_prec_yield,IN-17-0616,2,avg_prec_z,yield_z,,,,,,,,,,,,,-0.2513402307459133,-0.4033746113755193
10,,,avg_prec_yield,IN-17-0616,2,avg_prec_z,yield_z,,,,,,,,,,,,,-0.3064066304815681,-0.42821441546599903
14,,,avg_prec_yield,IN-17-0616,2,avg_prec_z,yield_z,,,,,,,,,,,,,-0.25606374639037227,-0.353701206485313
6,,,avg_prec_yield,IN-17-0617,2,avg_prec_z,yield_z,,,,,,,,,,,,,-0.08247747442825512,-0.16406330807200137
10,,,avg_prec_yield,IN-17-0617,2,avg_prec_z,yield_z,,,,,,,,,,,,,0.0394584281340362,-0.2629099435142676
14,,,avg_prec_yield,IN-17-0617,2,avg_prec_z,yield_z,,,,,,,,,,,,,0.08024872642586837,-0.37373051633860543
6,,,avg_prec_yield,IN-17-0618,2,avg_prec_z,yield_z,,,,,,,,,,,,,-0.346463946828276,-0.27220688294143086
10,,,avg_prec_yield,IN-17-0618,2,avg_prec_z,yield_z,,,,,,,,,,,,,-0.24729730751717946,-0.17015974555917124
14,,,avg_prec_yield,IN-17-0618,2,avg_prec_z,yield_z,,,,,,,,,,,,,-0.15973095704356297,-0.040051687996934385
6,,,avg_prec_yield,IN-17-0619,2,avg_prec_z,yield_z,,,,,,,,,,,,,-0.061164079601074416,-0.2101071058783866
10,,,avg_prec_yield,IN-17-0619,2,avg_prec_z,yield_z,,,,,,,,,,,,,0.05331785939493313,-0.5258791094128679
6,,,avg_prec_yield,IN-17-0620,2,avg_prec_z,yield_z,,,,,,,,,,,,,-0.22532093766839373,-0.1303498512692006
10,,,avg_prec_yield,IN-17-0620,2,avg_prec_z,yield_z,,,,,,,,,,,,,-0.17379609053313078,-0.2817310215947205
14,,,avg_prec_yield,IN-17-0620,2,avg_prec_z,yield_z,,,,,,,,,,,,,-0.3023370501509525,-0.3853915396865479
6,,,avg_prec_yield,IN-17-0621,2,avg_prec_z,yield_z,,,,,,,,,,,,,-0.13971962303057625,0.10034907592956077
10,,,avg_prec_yield,IN-17-0621,2,avg_prec_z,yield_z,,,,,,,,,,,,,-0.11417051896980741,0.06053802116696951
14,,,avg_prec_yield,IN-17-0621,2,avg_prec_z,yield_z,,,,,,,,,,,,,-0.36103520770729364,-0.11716555970903413
6,,,avg_prec_yield,IN-17-0622,2,avg_prec_z,yield_z,,,,,,,,,,,,,-0.2362821721347959,-0.202361142000544
10,,,avg_prec_yield,IN-17-0622,2,avg_prec_z,yield_z,,,,,,,,,,,,,-0.018885990979768803,-0.20338774514446817
14,,,avg_prec_yield,IN-17-0622,2,avg_prec_z,yield_z,,,,,,,,,,,,,-0.014125565118368263,0.09894728995538288
6,,,avg_prec_yield,IN-17-1047,2,avg_prec_z,yield_z,,,,,,,,,,,,,0.026621251550895515,-0.16946131797796177
10,,,avg_prec_yield,IN-17-1047,2,avg_prec_z,yield_z,,,,,,,,,,,,,0.2594679047287365,0.02165866672801325
14,,,avg_prec_yield,IN-17-1047,2,avg_prec_z,yield_z,,,,,,,,,,,,,0.26982989544346747,-0.15852226176142467
6,,,avg_prec_yield,IN-17-1048,2,avg_prec_z,yield_z,,,,,,,,,,,,,0.24778861411382266,0.14392268320164248
10,,,avg_prec_yield,IN-17-1048,2,avg_prec_z,yield_z,,,,,,,,,,,,,0.14700367769264178,0.005353964986830276
14,,,avg_prec_yield,IN-17-1048,2,avg_prec_z,yield_z,,,,,,,,,,,,,0.17965891041483423,0.06844234870392363
6,,,avg_prec_yield,IN-17-1050,2,avg_prec_z,yield_z,,,,,,,,,,,,,-0.3581582229371586,-0.13600631689000947
10,,,avg_prec_yield,IN-17-1050,2,avg_prec_z,yield_z,,,,,,,,,,,,,-0.41178627980993243,0.029460682714782083
14,,,avg_prec_yield,IN-17-1050,2,avg_prec_z,yield_z,,,,,,,,,,,,,-0.5024058842234232,-0.103820151541609
6,,,avg_prec_yield,IN-17-1051,2,avg_prec_z,yield_z,,,,,,,,,,,,,0.10999683761817095,-0.13060928650957873
10,,,avg_prec_yield,IN-17-1051,2,avg_prec_z,yield_z,,,,,,,,,,,,,0.16144341685481928,0.031824058147704726
14,,,avg_prec_yield,IN-17-1051,2,avg_prec_z,yield_z,,,,,,,,,,,,,0.11990449673389973,-0.048424310593118566
6,,,avg_prec_yield,IN-17-2017,2,avg_prec_z,yield_z,,,,,,,,,,,,,-0.6010972890590577,-0.4133538605154591
10,,,avg_prec_yield,IN-17-2017,2,avg_prec_z,yield_z,,,,,,,,,,,,,-0.6527160135118588,-0.3049510582256599
6,,,avg_prec_yield,IN-17-2018,2,avg_prec_z,yield_z,,,,,,,,,,,,,-0.42888087295759736,-0.4295873120296864
10,,,avg_prec_yield,IN-17-2018,2,avg_prec_z,yield_z,,,,,,,,,,,,,-0.5541788106434546,-0.49195649317391077
6,,,avg_prec_yield,IN-17-2019,2,avg_prec_z,yield_z,,,,,,,,,,,,,-0.2988112914496063,-0.25009416865741907
10,,,avg_prec_yield,IN-17-2019,2,avg_prec_z,yield_z,,,,,,,,,,,,,-0.2191608565619454,-0.38684219390390484
6,,,avg_prec_yield,IN-18-0626,2,avg_prec_z,yield_z,,,,,,,,,,,,,-0.1954611442331542,-0.3161808690714804
10,,,avg_prec_yield,IN-18-0626,2,avg_prec_z,yield_z,,,,,,,,,,,,,-0.08233078487494908,-0.4189843568729092
14,,,avg_prec_yield,IN-18-0626,2,avg_prec_z,yield_z,,,,,,,,,,,,,0.0695013285245745,-0.4216620553409937
6,,,avg_prec_yield,IN-18-0627,2,avg_prec_z,yield_z,,,,,,,,,,,,,-0.4104481348999499,-0.04957629740723089
10,,,avg_prec_yield,IN-18-0627,2,avg_prec_z,yield_z,,,,,,,,,,,,,-0.25985451353974637,0.0877867829200826
14,,,avg_prec_yield,IN-18-0627,2,avg_prec_z,yield_z,,,,,,,,,,,,,-0.47104353332898796,-0.024721303312521363
6,,,avg_prec_yield,IN-18-0628,2,avg_prec_z,yield_z,,,,,,,,,,,,,0.19291854497926536,-0.12518580477273897
10,,,avg_prec_yield,IN-18-0628,2,avg_prec_z,yield_z,,,,,,,,,,,,,0.30840930609164074,-0.1751914978929945
14,,,avg_prec_yield,IN-18-0628,2,avg_prec_z,yield_z,,,,,,,,,,,,,0.3513976378913631,-0.20587261495194537
6,,,avg_prec_yield,IN-18-0629,2,avg_prec_z,yield_z,,,,,,,,,,,,,-0.4678013374571705,-0.2464098799356133
10,,,avg_prec_yield,IN-18-0629,2,avg_prec_z,yield_z,,,,,,,,,,,,,-0.43240174985025953,-0.17807211996510353
14,,,avg_prec_yield,IN-18-0629,2,avg_prec_z,yield_z,,,,,,,,,,,,,-0.5288922808972938,-0.23627720880125241
6,,,avg_prec_yield,IN-18-0631,2,avg_prec_z,yield_z,,,,,,,,,,,,,-0.23600053921332834,-0.2873554423344674
10,,,avg_prec_yield,IN-18-0631,2,avg_prec_z,yield_z,,,,,,,,,,,,,0.03616416597790272,-0.24448721777819085
14,,,avg_prec_yield,IN-18-0631,2,avg_prec_z,yield_z,,,,,,,,,,,,,0.09339233182111131,-0.34862135420531815
6,,,avg_prec_yield,IN-18-0633,2,avg_prec_z,yield_z,,,,,,,,,,,,,0.19560968098122075,-0.03319974737685728
10,,,avg_prec_yield,IN-18-0633,2,avg_prec_z,yield_z,,,,,,,,,,,,,0.17431379845245062,-0.09063033878810722
14,,,avg_prec_yield,IN-18-0633,2,avg_prec_z,yield_z,,,,,,,,,,,,,0.18771496450294456,0.17085663874862314
6,,,avg_prec_yield,IN-18-0634,2,avg_prec_z,yield_z,,,,,,,,,,,,,-0.4273581015390273,-0.20812505529077927
10,,,avg_prec_yield,IN-18-0634,2,avg_prec_z,yield_z,,,,,,,,,,,,,-0.37733693392673506,-0.29507864254446836
14,,,avg_prec_yield,IN-18-0634,2,avg_prec_z,yield_z,,,,,,,,,,,,,-0.3244517560576686,-0.3667951502640084
6,,,avg_prec_yield,IN-18-0635,2,avg_prec_z,yield_z,,,,,,,,,,,,,-0.3886845044162344,-0.33845515517401015
10,,,avg_prec_yield,IN-18-0635,2,avg_prec_z,yield_z,,,,,,,,,,,,,-0.20724244909506268,-0.501870412378433
14,,,avg_prec_yield,IN-18-0635,2,avg_prec_z,yield_z,,,,,,,,,,,,,-0.1332720825763416,-0.6393516919712314
6,,,avg_prec_yield,IN-18-0636,2,avg_prec_z,yield_z,,,,,,,,,,,,,0.10421437608381874,-0.3578126436834461
10,,,avg_prec_yield,IN-18-0636,2,avg_prec_z,yield_z,,,,,,,,,,,,,0.010452342250612803,-0.27989119971280263
14,,,avg_prec_yield,IN-18-0636,2,avg_prec_z,yield_z,,,,,,,,,,,,,-0.1546186157526435,-0.28113034068423753
6,,,avg_prec_yield,IN-18-0637,2,avg_prec_z,yield_z,,,,,,,,,,,,,-0.009854070332686687,-0.060092227016039515
10,,,avg_prec_yield,IN-18-0637,2,avg_prec_z,yield_z,,,,,,,,,,,,,0.2889170519054069,-0.055586246208811495
14,,,avg_prec_yield,IN-18-0637,2,avg_prec_z,yield_z,,,,,,,,,,,,,0.2976438317172538,0.027533348397727798
6,,,avg_prec_yield,IN-20-0056,2,avg_prec_z,yield_z,,,,,,,,,,,,,-0.22015358354924347,-0.5058083454368758
10,,,avg_prec_yield,IN-20-0056,2,avg_prec_z,yield_z,,,,,,,,,,,,,-0.0766568655913674,-0.5429031882171912
14,,,avg_prec_yield,IN-20-0056,2,avg_prec_z,yield_z,,,,,,,,,,,,,-0.2074132441120174,-0.6358297367235178
6,,,avg_prec_yield,IN-20-0057,2,avg_prec_z,yield_z,,,,,,,,,,,,,-0.3021462201635198,-0.03730830541057724
10,,,avg_prec_yield,IN-20-0057,2,avg_prec_z,yield_z,,,,,,,,,,,,,-0.2982864577487636,0.11899844397790586
14,,,avg_prec_yield,IN-20-0057,2,avg_prec_z,yield_z,,,,,,,,,,,,,-0.3927104927668108,0.19349947701018877
6,,,avg_prec_yield,IN-20-0058,2,avg_prec_z,yield_z,,,,,,,,,,,,,0.14740008231814433,-0.07185634538115812
10,,,avg_prec_yield,IN-20-0058,2,avg_prec_z,yield_z,,,,,,,,,,,,,0.3705649170648392,0.1745809427146487
6,,,avg_prec_yield,IN-20-0062,2,avg_prec_z,yield_z,,,,,,,,,,,,,-0.21487344019542193,-0.1322037360243121
6,,,avg_prec_yield,IN-20-0063,2,avg_prec_z,yield_z,,,,,,,,,,,,,-0.3219976927819561,-0.28762531251837203
10,,,avg_prec_yield,IN-20-0063,2,avg_prec_z,yield_z,,,,,,,,,,,,,-0.1937933889564521,-0.3440029387930593
14,,,avg_prec_yield,IN-20-0063,2,avg_prec_z,yield_z,,,,,,,,,,,,,-0.1641088147246871,-0.18768300646615546
6,,,avg_prec_yield,IN-20-0520,2,avg_prec_z,yield_z,,,,,,,,,,,,,-0.007228258416095784,-0.3126210252990769
10,,,avg_prec_yield,IN-20-0520,2,avg_prec_z,yield_z,,,,,,,,,,,,,0.028003138100433284,-0.44965575280249953
14,,,avg_prec_yield,IN-20-0520,2,avg_prec_z,yield_z,,,,,,,,,,,,,0.044567769161243734,-0.43180897187817474
