crop_name,country_code,adm_id,harvest_year,sos,eos,crop_area,crop_area_percentage,latitude,longitude,region_area,awc,bulk_density,drainage_class,avg_rsm_z,avg_ndvi_z
wheat,IN,IN-01-0051,2003,313.989,102.88,186.8,1.072,15.56859,77.82124,17419.0,15.396,1.594,4.0,-1.3423261817937906,-1.354160665427002
wheat,IN,IN-01-0051,2004,313.989,102.88,186.8,1.072,15.56859,77.82124,17419.0,15.396,1.594,4.0,-1.51868477417258,-1.2802491750620961
wheat,IN,IN-01-0051,2005,313.989,102.88,186.8,1.072,15.56859,77.82124,17419.0,15.396,1.594,4.0,0.4920091979150268,-0.7087199325628015
wheat,IN,IN-01-0051,2006,313.989,102.88,186.8,1.072,15.56859,77.82124,17419.0,15.396,1.594,4.0,-0.04080866684678371,-0.30057761954217616
wheat,IN,IN-01-0051,2007,313.989,102.88,186.8,1.072,15.56859,77.82124,17419.0,15.396,1.594,4.0,1.598265892263118,-0.1568610164323429
wheat,IN,IN-01-0051,2008,313.989,102.88,186.8,1.072,15.56859,77.82124,17419.0,15.396,1.594,4.0,0.8941353817565156,0.46202365827230224
wheat,IN,IN-01-0051,2009,313.989,102.88,186.8,1.072,15.56859,77.82124,17419.0,15.396,1.594,4.0,0.22381056521581796,-0.7872404805772987
wheat,IN,IN-01-0051,2010,313.989,102.88,186.8,1.072,15.56859,77.82124,17419.0,15.396,1.594,4.0,1.7854779145690063,1.5354686289085087
wheat,IN,IN-01-0051,2011,313.989,102.88,186.8,1.072,15.56859,77.82124,17419.0,15.396,1.594,4.0,0.2975978300764541,0.11312790310982265
wheat,IN,IN-01-0051,2012,313.989,102.88,186.8,1.072,15.56859,77.82124,17419.0,15.396,1.594,4.0,-1.2075463920077323,-0.5690465945346945
wheat,IN,IN-01-0051,2013,313.989,102.88,186.8,1.072,15.56859,77.82124,17419.0,15.396,1.594,4.0,0.6523343493438051,1.0036953016974226
wheat,IN,IN-01-0051,2014,313.989,102.88,186.8,1.072,15.56859,77.82124,17419.0,15.396,1.594,4.0,-0.39260189203485346,1.4254246435139637
wheat,IN,IN-01-0051,2015,313.989,102.88,186.8,1.072,15.56859,77.82124,17419.0,15.396,1.594,4.0,-0.8746446465569183,0.05183958175469398
wheat,IN,IN-01-0051,2016,313.989,102.88,186.8,1.072,15.56859,77.82124,17419.0,15.396,1.594,4.0,-0.32764933119093426,0.8290668425118354
wheat,IN,IN-01-0051,2017,313.989,102.88,186.8,1.072,15.56859,77.82124,17419.0,15.396,1.594,4.0,-0.23936924653611713,1.5650395221363225
wheat,IN,IN-01-0052,2003,314.176,101.958,118.1,0.608,14.8756,77.34445,19428.0,13.38,1.604,4.0,-1.5109349332846096,-2.4107398923047403
wheat,IN,IN-01-0052,2004,314.176,101.958,118.1,0.608,14.8756,77.34445,19428.0,13.38,1.604,4.0,-1.384962452724775,-0.6277363418487448
wheat,IN,IN-01-0052,2005,314.176,101.958,118.1,0.608,14.8756,77.34445,19428.0,13.38,1.604,4.0,0.426705484262761,0.40369735759226066
wheat,IN,IN-01-0052,2006,314.176,101.958,118.1,0.608,14.8756,77.34445,19428.0,13.38,1.604,4.0,-0.09123631120943244,-0.69205988765633
wheat,IN,IN-01-0052,2007,314.176,101.958,118.1,0.608,14.8756,77.34445,19428.0,13.38,1.604,4.0,1.0213286109867155,0.7156101305960798
wheat,IN,IN-01-0052,2008,314.176,101.958,118.1,0.608,14.8756,77.34445,19428.0,13.38,1.604,4.0,1.1151089533772451,0.5210596166096163
wheat,IN,IN-01-0052,2009,314.176,101.958,118.1,0.608,14.8756,77.34445,19428.0,13.38,1.604,4.0,0.4874517174393754,-0.20608484118253523
wheat,IN,IN-01-0052,2010,314.176,101.958,118.1,0.608,14.8756,77.34445,19428.0,13.38,1.604,4.0,1.5421411348685736,2.1110925296428418
wheat,IN,IN-01-0052,2011,314.176,101.958,118.1,0.608,14.8756,77.34445,19428.0,13.38,1.604,4.0,0.7093743559154185,0.2220115527673084
wheat,IN,IN-01-0052,2012,314.176,101.958,118.1,0.608,14.8756,77.34445,19428.0,13.38,1.604,4.0,-1.2642519935075751,-0.3478724934227348
wheat,IN,IN-01-0052,2013,314.176,101.958,118.1,0.608,14.8756,77.34445,19428.0,13.38,1.604,4.0,-0.0018097944049410642,-0.22684893316253257
wheat,IN,IN-01-0052,2015,314.176,101.958,118.1,0.608,14.8756,77.34445,19428.0,13.38,1.604,4.0,-0.6895406625567949,0.6666339571215272
wheat,IN,IN-01-0052,2017,314.176,101.958,118.1,0.608,14.8756,77.34445,19428.0,13.38,1.604,4.0,-0.35937410916198087,0.24796666774230078
wheat,IN,IN-01-0053,2003,297.812,95.229,45.5,0.297,14.66066,78.48131,15353.0,13.346,1.522,5.0,-1.8640141313447909,-1.4879633936864056
wheat,IN,IN-01-0053,2005,297.812,95.229,45.5,0.297,14.66066,78.48131,15353.0,13.346,1.522,5.0,0.23719306076712984,0.06540287632615656
wheat,IN,IN-01-0053,2006,297.812,95.229,45.5,0.297,14.66066,78.48131,15353.0,13.346,1.522,5.0,0.3933972858035144,0.21395703081924397
wheat,IN,IN-01-0053,2007,297.812,95.229,45.5,0.297,14.66066,78.48131,15353.0,13.346,1.522,5.0,1.3137115894604803,0.7378326217922988
wheat,IN,IN-01-0053,2008,297.812,95.229,45.5,0.297,14.66066,78.48131,15353.0,13.346,1.522,5.0,0.9953519025420705,-0.02569187015865261
wheat,IN,IN-01-0053,2009,297.812,95.229,45.5,0.297,14.66066,78.48131,15353.0,13.346,1.522,5.0,0.1241620062326043,-0.6129598011842318
wheat,IN,IN-01-0053,2010,297.812,95.229,45.5,0.297,14.66066,78.48131,15353.0,13.346,1.522,5.0,1.4264758435031428,1.602886433317545
wheat,IN,IN-01-0053,2011,297.812,95.229,45.5,0.297,14.66066,78.48131,15353.0,13.346,1.522,5.0,0.1311865086932606,1.6351597368111481
wheat,IN,IN-01-0053,2013,297.812,95.229,45.5,0.297,14.66066,78.48131,15353.0,13.346,1.522,5.0,-0.22425098364362203,-0.3718072051905281
wheat,IN,IN-01-0053,2014,297.812,95.229,45.5,0.297,14.66066,78.48131,15353.0,13.346,1.522,5.0,-1.1379451834875693,-1.6079609842155518
wheat,IN,IN-01-0053,2016,297.812,95.229,45.5,0.297,14.66066,78.48131,15353.0,13.346,1.522,5.0,-1.0230662470202356,0.05501447391405475
wheat,IN,IN-01-0053,2017,297.812,95.229,45.5,0.297,14.66066,78.48131,15353.0,13.346,1.522,5.0,-0.37220165150594625,0.5401528665593103
wheat,IN,IN-02-0902,2003,342.462,101.769,696.0,21.895,26.18638,85.30032,3179.0,15.556,1.474,5.0,1.9291316879567102,-0.42349531096238524
wheat,IN,IN-02-0902,2004,342.462,101.769,696.0,21.895,26.18638,85.30032,3179.0,15.556,1.474,5.0,1.0781879755561625,-0.9379122150504415
wheat,IN,IN-02-0902,2005,342.462,101.769,696.0,21.895,26.18638,85.30032,3179.0,15.556,1.474,5.0,0.2168004035170326,-0.993622067751148
wheat,IN,IN-02-0902,2006,342.462,101.769,696.0,21.895,26.18638,85.30032,3179.0,15.556,1.474,5.0,0.007167078832864885,-0.5329901170775613
wheat,IN,IN-02-0902,2007,342.462,101.769,696.0,21.895,26.18638,85.30032,3179.0,15.556,1.474,5.0,1.595853313739681,-1.6297950183458458
wheat,IN,IN-02-0902,2008,342.462,101.769,696.0,21.895,26.18638,85.30032,3179.0,15.556,1.474,5.0,1.29157678665633,-0.23210562919909447
wheat,IN,IN-02-0902,2009,342.462,101.769,696.0,21.895,26.18638,85.30032,3179.0,15.556,1.474,5.0,-0.6529337612357584,0.742500043302312
wheat,IN,IN-02-0902,2010,342.462,101.769,696.0,21.895,26.18638,85.30032,3179.0,15.556,1.474,5.0,-1.0755572437454697,-1.0760479919739367
wheat,IN,IN-02-0902,2011,342.462,101.769,696.0,21.895,26.18638,85.30032,3179.0,15.556,1.474,5.0,-0.35661310969633936,0.8566049769407358
wheat,IN,IN-02-0902,2012,342.462,101.769,696.0,21.895,26.18638,85.30032,3179.0,15.556,1.474,5.0,-0.8869545643221826,0.49413488860215476
wheat,IN,IN-02-0902,2013,342.462,101.769,696.0,21.895,26.18638,85.30032,3179.0,15.556,1.474,5.0,-0.2704868793802723,1.578359317863891
wheat,IN,IN-02-0902,2014,342.462,101.769,696.0,21.895,26.18638,85.30032,3179.0,15.556,1.474,5.0,-0.505402963506228,1.4277349763457896
wheat,IN,IN-02-0902,2015,342.462,101.769,696.0,21.895,26.18638,85.30032,3179.0,15.556,1.474,5.0,-1.0937449861797446,0.8310195613048112
wheat,IN,IN-02-0902,2016,342.462,101.769,696.0,21.895,26.18638,85.30032,3179.0,15.556,1.474,5.0,-0.5470951403189658,0.5794929952474184
wheat,IN,IN-02-0902,2017,342.462,101.769,696.0,21.895,26.18638,85.30032,3179.0,15.556,1.474,5.0,-0.7299285978738159,1.07515094540904
wheat,IN,IN-02-0903,2003,342.776,102.093,589.7,23.439,26.10284,85.96836,2516.0,16.037,1.471,5.0,1.8406294469244397,-0.21076219435209229
wheat,IN,IN-02-0903,2004,342.776,102.093,589.7,23.439,26.10284,85.96836,2516.0,16.037,1.471,5.0,1.393282072039631,-1.410289548740431
wheat,IN,IN-02-0903,2005,342.776,102.093,589.7,23.439,26.10284,85.96836,2516.0,16.037,1.471,5.0,0.31707276793717276,-0.3894381612004102
wheat,IN,IN-02-0903,2006,342.776,102.093,589.7,23.439,26.10284,85.96836,2516.0,16.037,1.471,5.0,-0.06856762756730085,-0.8593719842914556
wheat,IN,IN-02-0903,2007,342.776,102.093,589.7,23.439,26.10284,85.96836,2516.0,16.037,1.471,5.0,1.5518386196281342,-2.0431240858818005
wheat,IN,IN-02-0903,2008,342.776,102.093,589.7,23.439,26.10284,85.96836,2516.0,16.037,1.471,5.0,1.183964173461843,-0.2908889322803446
wheat,IN,IN-02-0903,2009,342.776,102.093,589.7,23.439,26.10284,85.96836,2516.0,16.037,1.471,5.0,-0.5776561233014051,-0.3640762272871548
wheat,IN,IN-02-0903,2010,342.776,102.093,589.7,23.439,26.10284,85.96836,2516.0,16.037,1.471,5.0,-0.9738501661856706,-0.35864152716288644
wheat,IN,IN-02-0903,2011,342.776,102.093,589.7,23.439,26.10284,85.96836,2516.0,16.037,1.471,5.0,-0.3329284390779198,1.0539596361136758
wheat,IN,IN-02-0903,2012,342.776,102.093,589.7,23.439,26.10284,85.96836,2516.0,16.037,1.471,5.0,-0.9977473910946355,0.8447084324513324
wheat,IN,IN-02-0903,2013,342.776,102.093,589.7,23.439,26.10284,85.96836,2516.0,16.037,1.471,5.0,-0.4779585326334467,1.8520737122755837
wheat,IN,IN-02-0903,2014,342.776,102.093,589.7,23.439,26.10284,85.96836,2516.0,16.037,1.471,5.0,-0.6056636412614861,0.6503148641615913
wheat,IN,IN-02-0903,2015,342.776,102.093,589.7,23.439,26.10284,85.96836,2516.0,16.037,1.471,5.0,-0.9592273930140147,1.0145724879973155
wheat,IN,IN-02-0903,2016,342.776,102.093,589.7,23.439,26.10284,85.96836,2516.0,16.037,1.471,5.0,-0.558083597880242,0.7659665916555267
wheat,IN,IN-02-0903,2017,342.776,102.093,589.7,23.439,26.10284,85.96836,2516.0,16.037,1.471,5.0,-0.7351041679751165,0.8243115332195144
wheat,IN,IN-02-0904,2003,343.443,102.512,320.7,19.236,25.85904,86.5533,1667.0,16.678,1.428,5.0,1.8856907425611742,-0.4423595996540976
wheat,IN,IN-02-0904,2004,343.443,102.512,320.7,19.236,25.85904,86.5533,1667.0,16.678,1.428,5.0,1.6342146139270364,-0.8610968057491033
wheat,IN,IN-02-0904,2005,343.443,102.512,320.7,19.236,25.85904,86.5533,1667.0,16.678,1.428,5.0,0.304463156596175,-1.3122540955699864
wheat,IN,IN-02-0904,2006,343.443,102.512,320.7,19.236,25.85904,86.5533,1667.0,16.678,1.428,5.0,-0.19263753867467695,-0.3725839096878584
wheat,IN,IN-02-0904,2007,343.443,102.512,320.7,19.236,25.85904,86.5533,1667.0,16.678,1.428,5.0,1.4292001715904568,-0.8005015704162596
wheat,IN,IN-02-0904,2008,343.443,102.512,320.7,19.236,25.85904,86.5533,1667.0,16.678,1.428,5.0,1.046000617248919,-0.5699880291967215
wheat,IN,IN-02-0904,2009,343.443,102.512,320.7,19.236,25.85904,86.5533,1667.0,16.678,1.428,5.0,-0.43084643109061715,0.055948867219480794
wheat,IN,IN-02-0904,2010,343.443,102.512,320.7,19.236,25.85904,86.5533,1667.0,16.678,1.428,5.0,-0.9220666942344796,-0.5874690921451592
wheat,IN,IN-02-0904,2011,343.443,102.512,320.7,19.236,25.85904,86.5533,1667.0,16.678,1.428,5.0,-0.41658637096603446,-0.23966944302658633
wheat,IN,IN-02-0904,2012,343.443,102.512,320.7,19.236,25.85904,86.5533,1667.0,16.678,1.428,5.0,-0.9088678116202015,-0.14017998399302092
wheat,IN,IN-02-0904,2013,343.443,102.512,320.7,19.236,25.85904,86.5533,1667.0,16.678,1.428,5.0,-0.7123173276035326,1.7554361904530855
wheat,IN,IN-02-0904,2014,343.443,102.512,320.7,19.236,25.85904,86.5533,1667.0,16.678,1.428,5.0,-0.7367147438518656,0.8502853069529398
wheat,IN,IN-02-0904,2015,343.443,102.512,320.7,19.236,25.85904,86.5533,1667.0,16.678,1.428,5.0,-0.548812613546801,2.3731295914548345
wheat,IN,IN-02-0904,2016,343.443,102.512,320.7,19.236,25.85904,86.5533,1667.0,16.678,1.428,5.0,-0.4954330580565019,0.8386993442423184
wheat,IN,IN-02-0904,2017,343.443,102.512,320.7,19.236,25.85904,86.5533,1667.0,16.678,1.428,5.0,-0.9352867122790437,0.7962214202663015
wheat,IN,IN-02-0905,2003,347.401,102.355,204.3,6.331,25.7488,87.10759,3227.0,16.715,1.422,5.0,1.7549843767092195,-0.5964264782979863
wheat,IN,IN-02-0905,2004,347.401,102.355,204.3,6.331,25.7488,87.10759,3227.0,16.715,1.422,5.0,1.9215361416804626,-0.4600196695328178
wheat,IN,IN-02-0905,2005,347.401,102.355,204.3,6.331,25.7488,87.10759,3227.0,16.715,1.422,5.0,0.30278716130883077,-1.5814841769624488
wheat,IN,IN-02-0905,2006,347.401,102.355,204.3,6.331,25.7488,87.10759,3227.0,16.715,1.422,5.0,-0.42259184416939594,-0.00618947666907721
wheat,IN,IN-02-0905,2007,347.401,102.355,204.3,6.331,25.7488,87.10759,3227.0,16.715,1.422,5.0,1.1459744618050325,-0.6890037994213942
wheat,IN,IN-02-0905,2008,347.401,102.355,204.3,6.331,25.7488,87.10759,3227.0,16.715,1.422,5.0,1.0947256742837685,-0.31310165308697363
wheat,IN,IN-02-0905,2009,347.401,102.355,204.3,6.331,25.7488,87.10759,3227.0,16.715,1.422,5.0,-0.3718007496724019,0.5119412803613181
wheat,IN,IN-02-0905,2010,347.401,102.355,204.3,6.331,25.7488,87.10759,3227.0,16.715,1.422,5.0,-1.0303557275943003,-1.069683767428853
wheat,IN,IN-02-0905,2011,347.401,102.355,204.3,6.331,25.7488,87.10759,3227.0,16.715,1.422,5.0,-0.4118638355253646,-0.22351749671755564
wheat,IN,IN-02-0905,2012,347.401,102.355,204.3,6.331,25.7488,87.10759,3227.0,16.715,1.422,5.0,-0.9169832832194298,0.30632887440541334
wheat,IN,IN-02-0905,2013,347.401,102.355,204.3,6.331,25.7488,87.10759,3227.0,16.715,1.422,5.0,-0.8026829174724919,0.7777619043520235
wheat,IN,IN-02-0905,2014,347.401,102.355,204.3,6.331,25.7488,87.10759,3227.0,16.715,1.422,5.0,-0.8469131812796327,1.0089216038419848
wheat,IN,IN-02-0905,2015,347.401,102.355,204.3,6.331,25.7488,87.10759,3227.0,16.715,1.422,5.0,-0.20309053245655118,1.6214641683882587
wheat,IN,IN-02-0905,2016,347.401,102.355,204.3,6.331,25.7488,87.10759,3227.0,16.715,1.422,5.0,-0.38771514691255954,0.915843665374163
wheat,IN,IN-02-0905,2017,347.401,102.355,204.3,6.331,25.7488,87.10759,3227.0,16.715,1.422,5.0,-0.826010597485186,1.667613676945849
wheat,IN,IN-02-0906,2003,341.744,101.837,473.8,17.934,25.93128,84.71212,2642.0,15.902,1.467,5.0,2.2760694838703306,-0.11865095825371248
wheat,IN,IN-02-0906,2004,341.744,101.837,473.8,17.934,25.93128,84.71212,2642.0,15.902,1.467,5.0,0.999851928720202,0.4824218230083937
wheat,IN,IN-02-0906,2005,341.744,101.837,473.8,17.934,25.93128,84.71212,2642.0,15.902,1.467,5.0,0.06557154117652912,-0.9893730411637973
wheat,IN,IN-02-0906,2006,341.744,101.837,473.8,17.934,25.93128,84.71212,2642.0,15.902,1.467,5.0,-0.0568788968358648,0.7094351339600753
wheat,IN,IN-02-0906,2007,341.744,101.837,473.8,17.934,25.93128,84.71212,2642.0,15.902,1.467,5.0,1.4003496962559199,0.3056094837906286
wheat,IN,IN-02-0906,2008,341.744,101.837,473.8,17.934,25.93128,84.71212,2642.0,15.902,1.467,5.0,1.176916705999359,0.27590383024949333
wheat,IN,IN-02-0906,2009,341.744,101.837,473.8,17.934,25.93128,84.71212,2642.0,15.902,1.467,5.0,-0.715206084786211,-0.21033044944974674
wheat,IN,IN-02-0906,2010,341.744,101.837,473.8,17.934,25.93128,84.71212,2642.0,15.902,1.467,5.0,-1.0860225471901355,-1.5203508560514338
wheat,IN,IN-02-0906,2011,341.744,101.837,473.8,17.934,25.93128,84.71212,2642.0,15.902,1.467,5.0,-0.37017221958271646,-0.2814694614212357
wheat,IN,IN-02-0906,2012,341.744,101.837,473.8,17.934,25.93128,84.71212,2642.0,15.902,1.467,5.0,-0.6334317952299258,0.00895080616269639
wheat,IN,IN-02-0906,2013,341.744,101.837,473.8,17.934,25.93128,84.71212,2642.0,15.902,1.467,5.0,-0.25817940686200713,1.915342075500576
wheat,IN,IN-02-0906,2014,341.744,101.837,473.8,17.934,25.93128,84.71212,2642.0,15.902,1.467,5.0,-0.5044201262821938,1.5479442839808955
wheat,IN,IN-02-0906,2015,341.744,101.837,473.8,17.934,25.93128,84.71212,2642.0,15.902,1.467,5.0,-1.0289222677677456,-0.6290173913525114
wheat,IN,IN-02-0906,2016,341.744,101.837,473.8,17.934,25.93128,84.71212,2642.0,15.902,1.467,5.0,-0.4648740384764351,-1.121338461907309
wheat,IN,IN-02-0906,2017,341.744,101.837,473.8,17.934,25.93128,84.71212,2642.0,15.902,1.467,5.0,-0.8006519730090966,1.1156702108659058
wheat,IN,IN-02-0907,2003,340.031,101.2,463.2,14.496,25.50727,85.32786,3195.0,16.024,1.479,4.0,2.017142324563175,-0.5994420941991402
wheat,IN,IN-02-0907,2004,340.031,101.2,463.2,14.496,25.50727,85.32786,3195.0,16.024,1.479,4.0,1.0973249453170244,0.5074859637022979
wheat,IN,IN-02-0907,2005,340.031,101.2,463.2,14.496,25.50727,85.32786,3195.0,16.024,1.479,4.0,0.15950972022135523,-0.42920997620369034
wheat,IN,IN-02-0907,2006,340.031,101.2,463.2,14.496,25.50727,85.32786,3195.0,16.024,1.479,4.0,0.007529319160863388,-0.6478701967323262
wheat,IN,IN-02-0907,2007,340.031,101.2,463.2,14.496,25.50727,85.32786,3195.0,16.024,1.479,4.0,1.6690004237162988,-0.320613625068668
wheat,IN,IN-02-0907,2008,340.031,101.2,463.2,14.496,25.50727,85.32786,3195.0,16.024,1.479,4.0,1.060704521962854,0.6399365691563577
wheat,IN,IN-02-0907,2009,340.031,101.2,463.2,14.496,25.50727,85.32786,3195.0,16.024,1.479,4.0,-0.7598655956714724,-0.7358084062273282
wheat,IN,IN-02-0907,2010,340.031,101.2,463.2,14.496,25.50727,85.32786,3195.0,16.024,1.479,4.0,-1.1484571341170118,-1.7300833836440128
wheat,IN,IN-02-0907,2011,340.031,101.2,463.2,14.496,25.50727,85.32786,3195.0,16.024,1.479,4.0,-0.4286171883399221,-1.0433465360922152
wheat,IN,IN-02-0907,2012,340.031,101.2,463.2,14.496,25.50727,85.32786,3195.0,16.024,1.479,4.0,-0.6469047265676879,0.7843503858400896
wheat,IN,IN-02-0907,2013,340.031,101.2,463.2,14.496,25.50727,85.32786,3195.0,16.024,1.479,4.0,-0.28545177580834336,0.02754516611588044
wheat,IN,IN-02-0907,2014,340.031,101.2,463.2,14.496,25.50727,85.32786,3195.0,16.024,1.479,4.0,-0.3375664032922619,1.2555009846478224
wheat,IN,IN-02-0907,2015,340.031,101.2,463.2,14.496,25.50727,85.32786,3195.0,16.024,1.479,4.0,-0.8184049741085502,0.5969521661093936
wheat,IN,IN-02-0907,2016,340.031,101.2,463.2,14.496,25.50727,85.32786,3195.0,16.024,1.479,4.0,-0.5018690685869578,0.0014399273145741958
wheat,IN,IN-02-0907,2017,340.031,101.2,463.2,14.496,25.50727,85.32786,3195.0,16.024,1.479,4.0,-1.0840743884493713,2.5762674173711284
wheat,IN,IN-02-0908,2003,342.09,102.0,283.5,20.108,25.32478,86.48206,1410.0,15.952,1.475,4.0,1.8763470913242637,-0.6349567318273932
wheat,IN,IN-02-0908,2004,342.09,102.0,283.5,20.108,25.32478,86.48206,1410.0,15.952,1.475,4.0,1.4526386230037107,1.0221017296125132
wheat,IN,IN-02-0908,2005,342.09,102.0,283.5,20.108,25.32478,86.48206,1410.0,15.952,1.475,4.0,0.3515559137809362,-0.18995346652151276
wheat,IN,IN-02-0908,2006,342.09,102.0,283.5,20.108,25.32478,86.48206,1410.0,15.952,1.475,4.0,-0.014400612101719985,-1.7326382544656462
wheat,IN,IN-02-0908,2007,342.09,102.0,283.5,20.108,25.32478,86.48206,1410.0,15.952,1.475,4.0,1.5134925784120676,-0.40370473866186685
wheat,IN,IN-02-0908,2008,342.09,102.0,283.5,20.108,25.32478,86.48206,1410.0,15.952,1.475,4.0,1.0919005033775424,-0.5510367325616956
wheat,IN,IN-02-0908,2009,342.09,102.0,283.5,20.108,25.32478,86.48206,1410.0,15.952,1.475,4.0,-0.49312023034589914,-0.9225913420834124
wheat,IN,IN-02-0908,2010,342.09,102.0,283.5,20.108,25.32478,86.48206,1410.0,15.952,1.475,4.0,-1.0964233594255568,-0.08944281582459132
wheat,IN,IN-02-0908,2011,342.09,102.0,283.5,20.108,25.32478,86.48206,1410.0,15.952,1.475,4.0,-0.5056005189254188,-0.6308183971829223
wheat,IN,IN-02-0908,2012,342.09,102.0,283.5,20.108,25.32478,86.48206,1410.0,15.952,1.475,4.0,-0.7918988699271167,-1.0909876413375044
wheat,IN,IN-02-0908,2013,342.09,102.0,283.5,20.108,25.32478,86.48206,1410.0,15.952,1.475,4.0,-0.638577696179096,1.2825168811440213
wheat,IN,IN-02-0908,2014,342.09,102.0,283.5,20.108,25.32478,86.48206,1410.0,15.952,1.475,4.0,-0.6140981034186136,1.8038249315542558
wheat,IN,IN-02-0908,2015,342.09,102.0,283.5,20.108,25.32478,86.48206,1410.0,15.952,1.475,4.0,-0.5140650415358602,1.278955199687717
wheat,IN,IN-02-0908,2016,342.09,102.0,283.5,20.108,25.32478,86.48206,1410.0,15.952,1.475,4.0,-0.6130551461024892,-0.8316512741384325
wheat,IN,IN-02-0908,2017,342.09,102.0,283.5,20.108,25.32478,86.48206,1410.0,15.952,1.475,4.0,-1.0046951319367412,1.0930354276686034
wheat,IN,IN-02-0909,2003,345.109,101.97,509.9,19.956,25.37059,87.01396,2555.0,16.108,1.471,4.0,1.8109497147884965,-0.5843539614206951
wheat,IN,IN-02-0909,2004,345.109,101.97,509.9,19.956,25.37059,87.01396,2555.0,16.108,1.471,4.0,1.6985754965526578,-0.17385322691640026
wheat,IN,IN-02-0909,2005,345.109,101.97,509.9,19.956,25.37059,87.01396,2555.0,16.108,1.471,4.0,0.37475772489326376,-0.3522832973814688
wheat,IN,IN-02-0909,2006,345.109,101.97,509.9,19.956,25.37059,87.01396,2555.0,16.108,1.471,4.0,-0.2561792213722496,-0.08549314022144604
wheat,IN,IN-02-0909,2007,345.109,101.97,509.9,19.956,25.37059,87.01396,2555.0,16.108,1.471,4.0,1.281419877874083,-0.703556234084923
wheat,IN,IN-02-0909,2008,345.109,101.97,509.9,19.956,25.37059,87.01396,2555.0,16.108,1.471,4.0,1.1354703573604765,-0.11227382549327057
wheat,IN,IN-02-0909,2009,345.109,101.97,509.9,19.956,25.37059,87.01396,2555.0,16.108,1.471,4.0,-0.3320028251551062,-1.149811642642005
wheat,IN,IN-02-0909,2010,345.109,101.97,509.9,19.956,25.37059,87.01396,2555.0,16.108,1.471,4.0,-1.12026536987162,-1.0484437945293124
wheat,IN,IN-02-0909,2011,345.109,101.97,509.9,19.956,25.37059,87.01396,2555.0,16.108,1.471,4.0,-0.5332243162854595,-0.917962693056221
wheat,IN,IN-02-0909,2012,345.109,101.97,509.9,19.956,25.37059,87.01396,2555.0,16.108,1.471,4.0,-0.8451495919147335,-0.019053625940529794
wheat,IN,IN-02-0909,2013,345.109,101.97,509.9,19.956,25.37059,87.01396,2555.0,16.108,1.471,4.0,-0.7385754909911818,0.887185480875887
wheat,IN,IN-02-0909,2014,345.109,101.97,509.9,19.956,25.37059,87.01396,2555.0,16.108,1.471,4.0,-0.8190874555571542,1.9994490623340693
wheat,IN,IN-02-0909,2015,345.109,101.97,509.9,19.956,25.37059,87.01396,2555.0,16.108,1.471,4.0,-0.26122661240880773,1.7675227402557334
wheat,IN,IN-02-0909,2016,345.109,101.97,509.9,19.956,25.37059,87.01396,2555.0,16.108,1.471,4.0,-0.5030773551040723,-1.3581087956091684
wheat,IN,IN-02-0909,2017,345.109,101.97,509.9,19.956,25.37059,87.01396,2555.0,16.108,1.471,4.0,-0.8923849328085864,1.1844013531438666
wheat,IN,IN-02-0912,2003,339.712,100.618,462.6,9.309,24.73694,84.97592,4970.0,13.954,1.507,5.0,1.7928506838278093,-0.09706597556090335
wheat,IN,IN-02-0912,2004,339.712,100.618,462.6,9.309,24.73694,84.97592,4970.0,13.954,1.507,5.0,1.0843929118872355,0.4219584039298025
wheat,IN,IN-02-0912,2005,339.712,100.618,462.6,9.309,24.73694,84.97592,4970.0,13.954,1.507,5.0,0.09800424214805271,-1.3460848477192253
wheat,IN,IN-02-0912,2006,339.712,100.618,462.6,9.309,24.73694,84.97592,4970.0,13.954,1.507,5.0,0.19090093077632256,-0.6334623490728671
wheat,IN,IN-02-0912,2007,339.712,100.618,462.6,9.309,24.73694,84.97592,4970.0,13.954,1.507,5.0,1.431279787109113,0.21708966447430386
wheat,IN,IN-02-0912,2008,339.712,100.618,462.6,9.309,24.73694,84.97592,4970.0,13.954,1.507,5.0,1.108827708601621,0.5756064994589593
wheat,IN,IN-02-0912,2009,339.712,100.618,462.6,9.309,24.73694,84.97592,4970.0,13.954,1.507,5.0,-0.9005058953112446,-1.7300294071028208
wheat,IN,IN-02-0912,2010,339.712,100.618,462.6,9.309,24.73694,84.97592,4970.0,13.954,1.507,5.0,-1.5715235737121556,-1.2127143535262057
wheat,IN,IN-02-0912,2011,339.712,100.618,462.6,9.309,24.73694,84.97592,4970.0,13.954,1.507,5.0,-0.32688867886216205,-0.5404581922303521
wheat,IN,IN-02-0912,2012,339.712,100.618,462.6,9.309,24.73694,84.97592,4970.0,13.954,1.507,5.0,-0.2593327589847617,0.49464253043698253
wheat,IN,IN-02-0912,2013,339.712,100.618,462.6,9.309,24.73694,84.97592,4970.0,13.954,1.507,5.0,-0.13185842980290033,0.1067204150973508
wheat,IN,IN-02-0912,2014,339.712,100.618,462.6,9.309,24.73694,84.97592,4970.0,13.954,1.507,5.0,-0.14767641082832061,2.0760404523372804
wheat,IN,IN-02-0912,2015,339.712,100.618,462.6,9.309,24.73694,84.97592,4970.0,13.954,1.507,5.0,-0.7442509163185437,1.3994485760501
wheat,IN,IN-02-0912,2016,339.712,100.618,462.6,9.309,24.73694,84.97592,4970.0,13.954,1.507,5.0,-0.13431419064761102,0.6653594118718539
wheat,IN,IN-02-0912,2017,339.712,100.618,462.6,9.309,24.73694,84.97592,4970.0,13.954,1.507,5.0,-1.4899054098824451,0.7956916546877268
wheat,IN,IN-02-0918,2003,340.0,100.843,618.0,26.097,25.29077,85.39893,2368.0,14.511,1.515,5.0,1.910599202840493,-0.07355138198666968
wheat,IN,IN-02-0918,2004,340.0,100.843,618.0,26.097,25.29077,85.39893,2368.0,14.511,1.515,5.0,1.0782209878290012,-0.5934280516767931
wheat,IN,IN-02-0918,2005,340.0,100.843,618.0,26.097,25.29077,85.39893,2368.0,14.511,1.515,5.0,0.1775641871143479,-1.294774569477675
wheat,IN,IN-02-0918,2006,340.0,100.843,618.0,26.097,25.29077,85.39893,2368.0,14.511,1.515,5.0,0.09296418084431897,-0.6960145660896132
wheat,IN,IN-02-0918,2007,340.0,100.843,618.0,26.097,25.29077,85.39893,2368.0,14.511,1.515,5.0,1.715571796299585,0.3022017621540314
wheat,IN,IN-02-0918,2008,340.0,100.843,618.0,26.097,25.29077,85.39893,2368.0,14.511,1.515,5.0,1.0399590978155042,0.44862606689968665
wheat,IN,IN-02-0918,2009,340.0,100.843,618.0,26.097,25.29077,85.39893,2368.0,14.511,1.515,5.0,-0.7587905396681361,-0.7435601582370546
wheat,IN,IN-02-0918,2010,340.0,100.843,618.0,26.097,25.29077,85.39893,2368.0,14.511,1.515,5.0,-1.212658516344214,-1.4372790905052524
wheat,IN,IN-02-0918,2011,340.0,100.843,618.0,26.097,25.29077,85.39893,2368.0,14.511,1.515,5.0,-0.43471089530019336,-1.2068710677294796
wheat,IN,IN-02-0918,2012,340.0,100.843,618.0,26.097,25.29077,85.39893,2368.0,14.511,1.515,5.0,-0.6199365486943441,0.3008094549773699
wheat,IN,IN-02-0918,2013,340.0,100.843,618.0,26.097,25.29077,85.39893,2368.0,14.511,1.515,5.0,-0.26529759921831125,0.6597926553601482
wheat,IN,IN-02-0918,2014,340.0,100.843,618.0,26.097,25.29077,85.39893,2368.0,14.511,1.515,5.0,-0.2511643163460222,0.8161269111867511
wheat,IN,IN-02-0918,2015,340.0,100.843,618.0,26.097,25.29077,85.39893,2368.0,14.511,1.515,5.0,-0.7341130142173404,0.707236577183078
wheat,IN,IN-02-0918,2016,340.0,100.843,618.0,26.097,25.29077,85.39893,2368.0,14.511,1.515,5.0,-0.4694123589041998,0.9361192196883973
wheat,IN,IN-02-0918,2017,340.0,100.843,618.0,26.097,25.29077,85.39893,2368.0,14.511,1.515,5.0,-1.2687956640504743,2.365187068807001
wheat,IN,IN-02-0919,2003,340.07,101.498,400.9,16.093,24.89927,85.53143,2491.0,14.469,1.507,5.0,1.6593690608066594,-0.25627307776464336
wheat,IN,IN-02-0919,2004,340.07,101.498,400.9,16.093,24.89927,85.53143,2491.0,14.469,1.507,5.0,1.0467838544062789,-0.7956117298296009
wheat,IN,IN-02-0919,2005,340.07,101.498,400.9,16.093,24.89927,85.53143,2491.0,14.469,1.507,5.0,0.2043879909553138,-1.603615797554024
wheat,IN,IN-02-0919,2006,340.07,101.498,400.9,16.093,24.89927,85.53143,2491.0,14.469,1.507,5.0,0.4122653621836682,-0.5355878171850001
wheat,IN,IN-02-0919,2007,340.07,101.498,400.9,16.093,24.89927,85.53143,2491.0,14.469,1.507,5.0,1.6936315763004728,-0.3911719294236598
wheat,IN,IN-02-0919,2008,340.07,101.498,400.9,16.093,24.89927,85.53143,2491.0,14.469,1.507,5.0,1.0117204724478162,0.002221718767602674
wheat,IN,IN-02-0919,2009,340.07,101.498,400.9,16.093,24.89927,85.53143,2491.0,14.469,1.507,5.0,-0.7424896910227903,-0.3380750841189685
wheat,IN,IN-02-0919,2010,340.07,101.498,400.9,16.093,24.89927,85.53143,2491.0,14.469,1.507,5.0,-1.4794390626982288,-0.9018901494474506
wheat,IN,IN-02-0919,2011,340.07,101.498,400.9,16.093,24.89927,85.53143,2491.0,14.469,1.507,5.0,-0.4712731173872232,0.3209189007184587
wheat,IN,IN-02-0919,2012,340.07,101.498,400.9,16.093,24.89927,85.53143,2491.0,14.469,1.507,5.0,-0.5024953137109196,0.33877591087090414
wheat,IN,IN-02-0919,2013,340.07,101.498,400.9,16.093,24.89927,85.53143,2491.0,14.469,1.507,5.0,-0.20386840544948068,0.5937019261139652
wheat,IN,IN-02-0919,2014,340.07,101.498,400.9,16.093,24.89927,85.53143,2491.0,14.469,1.507,5.0,-0.1032637159825472,1.972229444789457
wheat,IN,IN-02-0919,2015,340.07,101.498,400.9,16.093,24.89927,85.53143,2491.0,14.469,1.507,5.0,-0.6176166765748903,0.8883208274052887
wheat,IN,IN-02-0919,2016,340.07,101.498,400.9,16.093,24.89927,85.53143,2491.0,14.469,1.507,5.0,-0.41578347559916734,1.394976634969173
wheat,IN,IN-02-0919,2017,340.07,101.498,400.9,16.093,24.89927,85.53143,2491.0,14.469,1.507,5.0,-1.4919288586749435,1.2322358727644542
wheat,IN,IN-02-0920,2003,339.704,99.751,61.4,1.855,24.82257,84.40895,3309.0,14.696,1.503,5.0,1.993004611651166,-0.06825889078195355
wheat,IN,IN-02-0920,2004,339.704,99.751,61.4,1.855,24.82257,84.40895,3309.0,14.696,1.503,5.0,1.2689822002415572,-0.6981946323442402
wheat,IN,IN-02-0920,2005,339.704,99.751,61.4,1.855,24.82257,84.40895,3309.0,14.696,1.503,5.0,-0.05646366359526791,-1.2819507108899715
wheat,IN,IN-02-0920,2006,339.704,99.751,61.4,1.855,24.82257,84.40895,3309.0,14.696,1.503,5.0,-0.22213248864263482,-0.5983820097084064
wheat,IN,IN-02-0920,2007,339.704,99.751,61.4,1.855,24.82257,84.40895,3309.0,14.696,1.503,5.0,0.9468447581349276,1.0124783230847867
wheat,IN,IN-02-0920,2008,339.704,99.751,61.4,1.855,24.82257,84.40895,3309.0,14.696,1.503,5.0,1.1607318218199882,0.954513426170787
wheat,IN,IN-02-0920,2009,339.704,99.751,61.4,1.855,24.82257,84.40895,3309.0,14.696,1.503,5.0,-1.005796408971455,-1.8394341490729003
wheat,IN,IN-02-0920,2010,339.704,99.751,61.4,1.855,24.82257,84.40895,3309.0,14.696,1.503,5.0,-1.610610262412206,-0.9064233913606615
wheat,IN,IN-02-0920,2011,339.704,99.751,61.4,1.855,24.82257,84.40895,3309.0,14.696,1.503,5.0,-0.21324893787317395,0.05430818474318912
wheat,IN,IN-02-0920,2012,339.704,99.751,61.4,1.855,24.82257,84.40895,3309.0,14.696,1.503,5.0,0.0007019680996157349,0.8203586629106598
wheat,IN,IN-02-0920,2013,339.704,99.751,61.4,1.855,24.82257,84.40895,3309.0,14.696,1.503,5.0,0.07487199069900184,-0.29347089426037204
wheat,IN,IN-02-0920,2014,339.704,99.751,61.4,1.855,24.82257,84.40895,3309.0,14.696,1.503,5.0,-0.3362334170002054,2.14205718555551
wheat,IN,IN-02-0920,2015,339.704,99.751,61.4,1.855,24.82257,84.40895,3309.0,14.696,1.503,5.0,-0.9478833072819755,0.5942861742262258
wheat,IN,IN-02-0920,2016,339.704,99.751,61.4,1.855,24.82257,84.40895,3309.0,14.696,1.503,5.0,0.14398948565303263,0.1425764761627746
wheat,IN,IN-02-0920,2017,339.704,99.751,61.4,1.855,24.82257,84.40895,3309.0,14.696,1.503,5.0,-1.1967583505223751,1.0226380863607518
wheat,IN,IN-02-0921,2003,340.389,102.371,248.4,10.387,25.65561,84.51896,2391.0,15.977,1.478,4.0,2.33151103597933,-1.3332481327937271
wheat,IN,IN-02-0921,2004,340.389,102.371,248.4,10.387,25.65561,84.51896,2391.0,15.977,1.478,4.0,1.0864737900724932,-0.1527757625657889
wheat,IN,IN-02-0921,2005,340.389,102.371,248.4,10.387,25.65561,84.51896,2391.0,15.977,1.478,4.0,0.08958857205029132,-0.9259363852150755
wheat,IN,IN-02-0921,2006,340.389,102.371,248.4,10.387,25.65561,84.51896,2391.0,15.977,1.478,4.0,-0.14194315499045052,-0.10108623729264807
wheat,IN,IN-02-0921,2007,340.389,102.371,248.4,10.387,25.65561,84.51896,2391.0,15.977,1.478,4.0,1.169974932211711,0.7237639106297793
wheat,IN,IN-02-0921,2008,340.389,102.371,248.4,10.387,25.65561,84.51896,2391.0,15.977,1.478,4.0,1.1813699778680666,0.10920072601420527
wheat,IN,IN-02-0921,2009,340.389,102.371,248.4,10.387,25.65561,84.51896,2391.0,15.977,1.478,4.0,-0.7444472153973404,-0.6717527167910029
wheat,IN,IN-02-0921,2010,340.389,102.371,248.4,10.387,25.65561,84.51896,2391.0,15.977,1.478,4.0,-1.1281448503871925,-2.081902687938283
wheat,IN,IN-02-0921,2011,340.389,102.371,248.4,10.387,25.65561,84.51896,2391.0,15.977,1.478,4.0,-0.31397291395278454,0.16582361073102359
wheat,IN,IN-02-0921,2012,340.389,102.371,248.4,10.387,25.65561,84.51896,2391.0,15.977,1.478,4.0,-0.4577205483861139,0.3155107975246374
wheat,IN,IN-02-0921,2013,340.389,102.371,248.4,10.387,25.65561,84.51896,2391.0,15.977,1.478,4.0,-0.146170596675274,0.7353891636057103
wheat,IN,IN-02-0921,2014,340.389,102.371,248.4,10.387,25.65561,84.51896,2391.0,15.977,1.478,4.0,-0.48470853340736286,2.1930239958871627
wheat,IN,IN-02-0921,2015,340.389,102.371,248.4,10.387,25.65561,84.51896,2391.0,15.977,1.478,4.0,-1.0462882061906058,0.474705870524124
wheat,IN,IN-02-0921,2016,340.389,102.371,248.4,10.387,25.65561,84.51896,2391.0,15.977,1.478,4.0,-0.44162381985697935,0.27541985829814397
wheat,IN,IN-02-0921,2017,340.389,102.371,248.4,10.387,25.65561,84.51896,2391.0,15.977,1.478,4.0,-0.9538984689377733,1.2031234015849133
wheat,IN,IN-02-0922,2003,340.276,101.334,164.6,4.273,25.09367,83.97835,3852.0,14.716,1.504,5.0,2.255870842221153,-0.7670550693015904
wheat,IN,IN-02-0922,2004,340.276,101.334,164.6,4.273,25.09367,83.97835,3852.0,14.716,1.504,5.0,1.1903662328967486,-0.20515941750776448
wheat,IN,IN-02-0922,2005,340.276,101.334,164.6,4.273,25.09367,83.97835,3852.0,14.716,1.504,5.0,-0.10472541573557588,-1.150461895984954
wheat,IN,IN-02-0922,2006,340.276,101.334,164.6,4.273,25.09367,83.97835,3852.0,14.716,1.504,5.0,-0.35525015197235793,-0.9489853674533076
wheat,IN,IN-02-0922,2007,340.276,101.334,164.6,4.273,25.09367,83.97835,3852.0,14.716,1.504,5.0,0.5663790946937111,0.23420844935579282
wheat,IN,IN-02-0922,2008,340.276,101.334,164.6,4.273,25.09367,83.97835,3852.0,14.716,1.504,5.0,1.1549514065086914,0.0039685413777465215
wheat,IN,IN-02-0922,2009,340.276,101.334,164.6,4.273,25.09367,83.97835,3852.0,14.716,1.504,5.0,-0.8994175785998424,-1.0704587204763794
wheat,IN,IN-02-0922,2010,340.276,101.334,164.6,4.273,25.09367,83.97835,3852.0,14.716,1.504,5.0,-1.5322859701230032,-0.31196707575083854
wheat,IN,IN-02-0922,2011,340.276,101.334,164.6,4.273,25.09367,83.97835,3852.0,14.716,1.504,5.0,-0.22776279586784193,1.657341859844902
wheat,IN,IN-02-0922,2012,340.276,101.334,164.6,4.273,25.09367,83.97835,3852.0,14.716,1.504,5.0,0.11657271239765583,-0.31947206407246553
wheat,IN,IN-02-0922,2013,340.276,101.334,164.6,4.273,25.09367,83.97835,3852.0,14.716,1.504,5.0,0.19804924888002462,1.0657799178632128
wheat,IN,IN-02-0922,2014,340.276,101.334,164.6,4.273,25.09367,83.97835,3852.0,14.716,1.504,5.0,-0.3729064230210847,1.418135040765742
wheat,IN,IN-02-0922,2015,340.276,101.334,164.6,4.273,25.09367,83.97835,3852.0,14.716,1.504,5.0,-1.0800733446569784,-0.16693567809811047
wheat,IN,IN-02-0922,2016,340.276,101.334,164.6,4.273,25.09367,83.97835,3852.0,14.716,1.504,5.0,0.1456198536075108,0.7019193215597819
wheat,IN,IN-02-0922,2017,340.276,101.334,164.6,4.273,25.09367,83.97835,3852.0,14.716,1.504,5.0,-1.0553877112288188,1.7991486141821014
wheat,IN,IN-02-0923,2003,342.374,102.187,720.6,32.43,26.19337,84.26223,2222.0,15.391,1.483,5.0,2.2010897113274863,-0.787566859179541
wheat,IN,IN-02-0923,2004,342.374,102.187,720.6,32.43,26.19337,84.26223,2222.0,15.391,1.483,5.0,0.8816102774854396,0.6145142774476784
wheat,IN,IN-02-0923,2005,342.374,102.187,720.6,32.43,26.19337,84.26223,2222.0,15.391,1.483,5.0,0.030394023801856296,-0.5028064219477836
wheat,IN,IN-02-0923,2006,342.374,102.187,720.6,32.43,26.19337,84.26223,2222.0,15.391,1.483,5.0,-0.05179026220457186,0.25627886256637583
wheat,IN,IN-02-0923,2007,342.374,102.187,720.6,32.43,26.19337,84.26223,2222.0,15.391,1.483,5.0,1.1986295059612408,-0.3671529004893031
wheat,IN,IN-02-0923,2008,342.374,102.187,720.6,32.43,26.19337,84.26223,2222.0,15.391,1.483,5.0,1.5326863887694817,-0.6900507681220263
wheat,IN,IN-02-0923,2009,342.374,102.187,720.6,32.43,26.19337,84.26223,2222.0,15.391,1.483,5.0,-0.6516146093303276,-1.2978067000329205
wheat,IN,IN-02-0923,2010,342.374,102.187,720.6,32.43,26.19337,84.26223,2222.0,15.391,1.483,5.0,-1.1376773879284208,-1.0815103760640374
wheat,IN,IN-02-0923,2011,342.374,102.187,720.6,32.43,26.19337,84.26223,2222.0,15.391,1.483,5.0,-0.32206736756091087,0.3258282076950894
wheat,IN,IN-02-0923,2012,342.374,102.187,720.6,32.43,26.19337,84.26223,2222.0,15.391,1.483,5.0,-0.646844508492524,0.015720450403660505
wheat,IN,IN-02-0923,2013,342.374,102.187,720.6,32.43,26.19337,84.26223,2222.0,15.391,1.483,5.0,-0.20371320447522984,1.7385413242449201
wheat,IN,IN-02-0923,2014,342.374,102.187,720.6,32.43,26.19337,84.26223,2222.0,15.391,1.483,5.0,-0.6035456468207658,1.3813967130753924
wheat,IN,IN-02-0923,2015,342.374,102.187,720.6,32.43,26.19337,84.26223,2222.0,15.391,1.483,5.0,-1.1234724395457634,-0.09566883023262411
wheat,IN,IN-02-0923,2016,342.374,102.187,720.6,32.43,26.19337,84.26223,2222.0,15.391,1.483,5.0,-0.3641483243578102,-0.6874346974351877
wheat,IN,IN-02-0923,2017,342.374,102.187,720.6,32.43,26.19337,84.26223,2222.0,15.391,1.483,5.0,-0.7395361566291743,2.1871998738195484
wheat,IN,IN-02-0924,2003,343.978,102.989,520.9,25.558,26.50987,84.19582,2038.0,15.36,1.483,5.0,2.212743628103348,-0.31938530625761763
wheat,IN,IN-02-0924,2004,343.978,102.989,520.9,25.558,26.50987,84.19582,2038.0,15.36,1.483,5.0,0.6989553228645106,-0.9421534984187122
wheat,IN,IN-02-0924,2005,343.978,102.989,520.9,25.558,26.50987,84.19582,2038.0,15.36,1.483,5.0,0.024858164987527548,-0.4373768537125158
wheat,IN,IN-02-0924,2006,343.978,102.989,520.9,25.558,26.50987,84.19582,2038.0,15.36,1.483,5.0,-0.1585306530677792,0.06039942099386585
wheat,IN,IN-02-0924,2007,343.978,102.989,520.9,25.558,26.50987,84.19582,2038.0,15.36,1.483,5.0,1.1289435728824917,-0.27578759453648377
wheat,IN,IN-02-0924,2008,343.978,102.989,520.9,25.558,26.50987,84.19582,2038.0,15.36,1.483,5.0,1.6272229374357374,-0.4375759778766305
wheat,IN,IN-02-0924,2009,343.978,102.989,520.9,25.558,26.50987,84.19582,2038.0,15.36,1.483,5.0,-0.5898189836364534,-0.6450965442409248
wheat,IN,IN-02-0924,2010,343.978,102.989,520.9,25.558,26.50987,84.19582,2038.0,15.36,1.483,5.0,-1.1957714533434902,-0.6498423368189002
wheat,IN,IN-02-0924,2011,343.978,102.989,520.9,25.558,26.50987,84.19582,2038.0,15.36,1.483,5.0,-0.2531778048237157,0.8505935682378349
wheat,IN,IN-02-0924,2012,343.978,102.989,520.9,25.558,26.50987,84.19582,2038.0,15.36,1.483,5.0,-0.6781798809326567,0.5266827868306451
wheat,IN,IN-02-0924,2013,343.978,102.989,520.9,25.558,26.50987,84.19582,2038.0,15.36,1.483,5.0,-0.018679382281262282,2.460779226015546
wheat,IN,IN-02-0924,2014,343.978,102.989,520.9,25.558,26.50987,84.19582,2038.0,15.36,1.483,5.0,-0.5651356126377393,0.6101655926341623
wheat,IN,IN-02-0924,2015,343.978,102.989,520.9,25.558,26.50987,84.19582,2038.0,15.36,1.483,5.0,-1.21587997228275,0.05917907433095948
wheat,IN,IN-02-0924,2016,343.978,102.989,520.9,25.558,26.50987,84.19582,2038.0,15.36,1.483,5.0,-0.3514040510259299,-0.8402672640102559
wheat,IN,IN-02-0924,2017,343.978,102.989,520.9,25.558,26.50987,84.19582,2038.0,15.36,1.483,5.0,-0.6661458322418453,1.6257652043213802
wheat,IN,IN-02-0925,2003,345.07,103.539,784.1,19.735,26.7027,84.85886,3973.0,15.821,1.448,5.0,1.988824551096885,-0.9497358764184234
wheat,IN,IN-02-0925,2004,345.07,103.539,784.1,19.735,26.7027,84.85886,3973.0,15.821,1.448,5.0,0.7752421504929341,-1.3926981981245221
wheat,IN,IN-02-0925,2005,345.07,103.539,784.1,19.735,26.7027,84.85886,3973.0,15.821,1.448,5.0,-0.021701212336731744,-0.44274948138714615
wheat,IN,IN-02-0925,2006,345.07,103.539,784.1,19.735,26.7027,84.85886,3973.0,15.821,1.448,5.0,-0.19694318028775587,0.047031790140396004
wheat,IN,IN-02-0925,2007,345.07,103.539,784.1,19.735,26.7027,84.85886,3973.0,15.821,1.448,5.0,1.5350784546357419,-0.9759556753193193
wheat,IN,IN-02-0925,2008,345.07,103.539,784.1,19.735,26.7027,84.85886,3973.0,15.821,1.448,5.0,1.499493621250526,-0.20286818647645885
wheat,IN,IN-02-0925,2009,345.07,103.539,784.1,19.735,26.7027,84.85886,3973.0,15.821,1.448,5.0,-0.49490344940206926,-0.4713283735582311
wheat,IN,IN-02-0925,2010,345.07,103.539,784.1,19.735,26.7027,84.85886,3973.0,15.821,1.448,5.0,-1.1085781597299538,-1.2075110295349545
wheat,IN,IN-02-0925,2011,345.07,103.539,784.1,19.735,26.7027,84.85886,3973.0,15.821,1.448,5.0,-0.22799582462568352,0.723329358882377
wheat,IN,IN-02-0925,2012,345.07,103.539,784.1,19.735,26.7027,84.85886,3973.0,15.821,1.448,5.0,-0.8873478547752046,0.3807609028728531
wheat,IN,IN-02-0925,2013,345.07,103.539,784.1,19.735,26.7027,84.85886,3973.0,15.821,1.448,5.0,-0.06584955886379985,1.800282032004681
wheat,IN,IN-02-0925,2014,345.07,103.539,784.1,19.735,26.7027,84.85886,3973.0,15.821,1.448,5.0,-0.41832286877359637,1.4424221587297275
wheat,IN,IN-02-0925,2015,345.07,103.539,784.1,19.735,26.7027,84.85886,3973.0,15.821,1.448,5.0,-1.3193299459751702,0.4887912360363081
wheat,IN,IN-02-0925,2016,345.07,103.539,784.1,19.735,26.7027,84.85886,3973.0,15.821,1.448,5.0,-0.587303690526214,0.3058703962560485
wheat,IN,IN-02-0925,2017,345.07,103.539,784.1,19.735,26.7027,84.85886,3973.0,15.821,1.448,5.0,-0.47036303217989767,1.524920307280941
wheat,IN,IN-02-0926,2003,346.312,103.719,558.4,10.667,26.95665,84.44704,5235.0,15.781,1.457,5.0,1.9789033313519735,0.3497195756704254
wheat,IN,IN-02-0926,2004,346.312,103.719,558.4,10.667,26.95665,84.44704,5235.0,15.781,1.457,5.0,0.5262560297689256,-1.1997335406953544
wheat,IN,IN-02-0926,2005,346.312,103.719,558.4,10.667,26.95665,84.44704,5235.0,15.781,1.457,5.0,-0.13447628377375254,-0.824591837426666
wheat,IN,IN-02-0926,2006,346.312,103.719,558.4,10.667,26.95665,84.44704,5235.0,15.781,1.457,5.0,-0.39061883723912366,-0.4189655368752591
wheat,IN,IN-02-0926,2007,346.312,103.719,558.4,10.667,26.95665,84.44704,5235.0,15.781,1.457,5.0,1.3989628391585018,-1.4986261143255477
wheat,IN,IN-02-0926,2008,346.312,103.719,558.4,10.667,26.95665,84.44704,5235.0,15.781,1.457,5.0,1.7262190080375146,-1.175923137301665
wheat,IN,IN-02-0926,2009,346.312,103.719,558.4,10.667,26.95665,84.44704,5235.0,15.781,1.457,5.0,-0.3416333057038097,-0.09568896542555184
wheat,IN,IN-02-0926,2010,346.312,103.719,558.4,10.667,26.95665,84.44704,5235.0,15.781,1.457,5.0,-1.0805717241849673,-0.299324110576326
wheat,IN,IN-02-0926,2011,346.312,103.719,558.4,10.667,26.95665,84.44704,5235.0,15.781,1.457,5.0,-0.2639143491875965,0.27208289870361735
wheat,IN,IN-02-0926,2012,346.312,103.719,558.4,10.667,26.95665,84.44704,5235.0,15.781,1.457,5.0,-0.9109579241975364,-0.3701770557210151
wheat,IN,IN-02-0926,2013,346.312,103.719,558.4,10.667,26.95665,84.44704,5235.0,15.781,1.457,5.0,0.08231644814191921,1.6111285347204995
wheat,IN,IN-02-0926,2014,346.312,103.719,558.4,10.667,26.95665,84.44704,5235.0,15.781,1.457,5.0,-0.45762671522900256,1.3081771570554055
wheat,IN,IN-02-0926,2015,346.312,103.719,558.4,10.667,26.95665,84.44704,5235.0,15.781,1.457,5.0,-1.42211521837466,0.6132468876281884
wheat,IN,IN-02-0926,2016,346.312,103.719,558.4,10.667,26.95665,84.44704,5235.0,15.781,1.457,5.0,-0.4657540518842761,1.7023473138104903
wheat,IN,IN-02-0926,2017,346.312,103.719,558.4,10.667,26.95665,84.44704,5235.0,15.781,1.457,5.0,-0.24498924668411387,1.1322148874770839
wheat,IN,IN-02-0927,2003,340.849,101.149,288.6,14.168,25.77077,85.34869,2037.0,15.919,1.469,5.0,2.029084698321764,-0.6347825671039843
wheat,IN,IN-02-0927,2004,340.849,101.149,288.6,14.168,25.77077,85.34869,2037.0,15.919,1.469,5.0,1.0432707321386625,0.6408764940738899
wheat,IN,IN-02-0927,2005,340.849,101.149,288.6,14.168,25.77077,85.34869,2037.0,15.919,1.469,5.0,0.1275808499055343,-0.7771119540386463
wheat,IN,IN-02-0927,2006,340.849,101.149,288.6,14.168,25.77077,85.34869,2037.0,15.919,1.469,5.0,-0.001518765435269494,-0.16133177791647568
wheat,IN,IN-02-0927,2007,340.849,101.149,288.6,14.168,25.77077,85.34869,2037.0,15.919,1.469,5.0,1.717737323652004,-0.19821675817008644
wheat,IN,IN-02-0927,2008,340.849,101.149,288.6,14.168,25.77077,85.34869,2037.0,15.919,1.469,5.0,1.1168921773733664,0.23153377130036154
wheat,IN,IN-02-0927,2009,340.849,101.149,288.6,14.168,25.77077,85.34869,2037.0,15.919,1.469,5.0,-0.7145076634314252,0.3207172472553706
wheat,IN,IN-02-0927,2010,340.849,101.149,288.6,14.168,25.77077,85.34869,2037.0,15.919,1.469,5.0,-1.0879348788665082,-1.1973093446927352
wheat,IN,IN-02-0927,2011,340.849,101.149,288.6,14.168,25.77077,85.34869,2037.0,15.919,1.469,5.0,-0.48467076595401276,-0.808784121755055
wheat,IN,IN-02-0927,2012,340.849,101.149,288.6,14.168,25.77077,85.34869,2037.0,15.919,1.469,5.0,-0.7430572509631123,-0.7456069217719323
wheat,IN,IN-02-0927,2013,340.849,101.149,288.6,14.168,25.77077,85.34869,2037.0,15.919,1.469,5.0,-0.3328664479009877,-0.04083329130544736
wheat,IN,IN-02-0927,2014,340.849,101.149,288.6,14.168,25.77077,85.34869,2037.0,15.919,1.469,5.0,-0.40102489589160534,1.6988604535891465
wheat,IN,IN-02-0927,2015,340.849,101.149,288.6,14.168,25.77077,85.34869,2037.0,15.919,1.469,5.0,-0.8516619588599944,0.3624008284082531
wheat,IN,IN-02-0927,2016,340.849,101.149,288.6,14.168,25.77077,85.34869,2037.0,15.919,1.469,5.0,-0.48782485759114896,-1.5146528376158652
wheat,IN,IN-02-0927,2017,340.849,101.149,288.6,14.168,25.77077,85.34869,2037.0,15.919,1.469,5.0,-0.9294982964972477,2.4758377062274946
wheat,IN,IN-02-0928,2003,345.46,104.432,199.5,9.115,26.64075,85.48409,2189.0,16.221,1.412,5.0,1.7152177232178436,-0.02807503358153814
wheat,IN,IN-02-0928,2004,345.46,104.432,199.5,9.115,26.64075,85.48409,2189.0,16.221,1.412,5.0,1.1606436962017281,-1.5127694746548395
wheat,IN,IN-02-0928,2005,345.46,104.432,199.5,9.115,26.64075,85.48409,2189.0,16.221,1.412,5.0,0.12127256174224052,-1.3655370128291267
wheat,IN,IN-02-0928,2006,345.46,104.432,199.5,9.115,26.64075,85.48409,2189.0,16.221,1.412,5.0,-0.07713507562086952,-0.4507154298477113
wheat,IN,IN-02-0928,2007,345.46,104.432,199.5,9.115,26.64075,85.48409,2189.0,16.221,1.412,5.0,1.6456291833741477,-1.2312196792337373
wheat,IN,IN-02-0928,2008,345.46,104.432,199.5,9.115,26.64075,85.48409,2189.0,16.221,1.412,5.0,1.381741853133107,-0.19585689943595014
wheat,IN,IN-02-0928,2009,345.46,104.432,199.5,9.115,26.64075,85.48409,2189.0,16.221,1.412,5.0,-0.5053765782780038,-0.16761007898198285
wheat,IN,IN-02-0928,2010,345.46,104.432,199.5,9.115,26.64075,85.48409,2189.0,16.221,1.412,5.0,-1.0496932687440041,-0.5453624889240183
wheat,IN,IN-02-0928,2011,345.46,104.432,199.5,9.115,26.64075,85.48409,2189.0,16.221,1.412,5.0,-0.2650641367015419,0.2693509394692365
wheat,IN,IN-02-0928,2012,345.46,104.432,199.5,9.115,26.64075,85.48409,2189.0,16.221,1.412,5.0,-1.1181218220636173,0.2474452419743215
wheat,IN,IN-02-0928,2013,345.46,104.432,199.5,9.115,26.64075,85.48409,2189.0,16.221,1.412,5.0,-0.310947177093765,1.5264654646080906
wheat,IN,IN-02-0928,2014,345.46,104.432,199.5,9.115,26.64075,85.48409,2189.0,16.221,1.412,5.0,-0.4993998788460108,1.417060285309672
wheat,IN,IN-02-0928,2015,345.46,104.432,199.5,9.115,26.64075,85.48409,2189.0,16.221,1.412,5.0,-1.273060280770982,1.2644898033444432
wheat,IN,IN-02-0928,2016,345.46,104.432,199.5,9.115,26.64075,85.48409,2189.0,16.221,1.412,5.0,-0.46579506558979455,1.0066505998902182
wheat,IN,IN-02-0928,2017,345.46,104.432,199.5,9.115,26.64075,85.48409,2189.0,16.221,1.412,5.0,-0.45991173396048735,1.242425080822339
wheat,IN,IN-02-0929,2003,344.495,102.92,82.0,2.343,26.35818,86.01512,3499.0,16.142,1.467,5.0,1.7572814015068492,-0.49282572210451814
wheat,IN,IN-02-0929,2004,344.495,102.92,82.0,2.343,26.35818,86.01512,3499.0,16.142,1.467,5.0,1.518549034381919,-0.658633613159081
wheat,IN,IN-02-0929,2005,344.495,102.92,82.0,2.343,26.35818,86.01512,3499.0,16.142,1.467,5.0,0.2813107289539629,-0.5830118050178794
wheat,IN,IN-02-0929,2006,344.495,102.92,82.0,2.343,26.35818,86.01512,3499.0,16.142,1.467,5.0,-0.14090376312528122,-1.1466048753854783
wheat,IN,IN-02-0929,2007,344.495,102.92,82.0,2.343,26.35818,86.01512,3499.0,16.142,1.467,5.0,1.4649585221076422,-1.4632473922512432
wheat,IN,IN-02-0929,2008,344.495,102.92,82.0,2.343,26.35818,86.01512,3499.0,16.142,1.467,5.0,1.2063835078122815,0.23369918574978887
wheat,IN,IN-02-0929,2009,344.495,102.92,82.0,2.343,26.35818,86.01512,3499.0,16.142,1.467,5.0,-0.47779921669275904,-0.41912341586025065
wheat,IN,IN-02-0929,2010,344.495,102.92,82.0,2.343,26.35818,86.01512,3499.0,16.142,1.467,5.0,-0.9738281700523256,-0.1579504336238519
wheat,IN,IN-02-0929,2011,344.495,102.92,82.0,2.343,26.35818,86.01512,3499.0,16.142,1.467,5.0,-0.22947124901420768,1.240015457347732
wheat,IN,IN-02-0929,2012,344.495,102.92,82.0,2.343,26.35818,86.01512,3499.0,16.142,1.467,5.0,-1.1543175170775126,0.5875218319542425
wheat,IN,IN-02-0929,2013,344.495,102.92,82.0,2.343,26.35818,86.01512,3499.0,16.142,1.467,5.0,-0.5356765356691964,1.2732512799500058
wheat,IN,IN-02-0929,2014,344.495,102.92,82.0,2.343,26.35818,86.01512,3499.0,16.142,1.467,5.0,-0.6578979007192233,0.9204137795628586
wheat,IN,IN-02-0929,2015,344.495,102.92,82.0,2.343,26.35818,86.01512,3499.0,16.142,1.467,5.0,-1.061052823675363,1.2474765603808964
wheat,IN,IN-02-0929,2016,344.495,102.92,82.0,2.343,26.35818,86.01512,3499.0,16.142,1.467,5.0,-0.4810742001417477,0.7137250759705618
wheat,IN,IN-02-0929,2017,344.495,102.92,82.0,2.343,26.35818,86.01512,3499.0,16.142,1.467,5.0,-0.5164618185950506,1.126788177533642
wheat,IN,IN-02-0930,2003,341.36,101.597,684.3,25.601,25.81112,85.82113,2673.0,15.391,1.478,5.0,1.9732806225839454,-0.7057999131798545
wheat,IN,IN-02-0930,2004,341.36,101.597,684.3,25.601,25.81112,85.82113,2673.0,15.391,1.478,5.0,1.1894846116654867,-0.8512245281871705
wheat,IN,IN-02-0930,2005,341.36,101.597,684.3,25.601,25.81112,85.82113,2673.0,15.391,1.478,5.0,0.22147212128738314,-1.0139178569523062
wheat,IN,IN-02-0930,2006,341.36,101.597,684.3,25.601,25.81112,85.82113,2673.0,15.391,1.478,5.0,-0.035233116447132194,-1.048381800579608
wheat,IN,IN-02-0930,2007,341.36,101.597,684.3,25.601,25.81112,85.82113,2673.0,15.391,1.478,5.0,1.6734292715077728,-1.6372643913386562
wheat,IN,IN-02-0930,2008,341.36,101.597,684.3,25.601,25.81112,85.82113,2673.0,15.391,1.478,5.0,1.1178510547621536,0.17504725716612166
wheat,IN,IN-02-0930,2009,341.36,101.597,684.3,25.601,25.81112,85.82113,2673.0,15.391,1.478,5.0,-0.652852836824772,0.23494082523533205
wheat,IN,IN-02-0930,2010,341.36,101.597,684.3,25.601,25.81112,85.82113,2673.0,15.391,1.478,5.0,-1.0335451804708744,-1.3348553990617937
wheat,IN,IN-02-0930,2011,341.36,101.597,684.3,25.601,25.81112,85.82113,2673.0,15.391,1.478,5.0,-0.5014451158678788,0.53050166926649
wheat,IN,IN-02-0930,2012,341.36,101.597,684.3,25.601,25.81112,85.82113,2673.0,15.391,1.478,5.0,-0.8262490955661845,0.4153480936699286
wheat,IN,IN-02-0930,2013,341.36,101.597,684.3,25.601,25.81112,85.82113,2673.0,15.391,1.478,5.0,-0.4411336726339343,1.075511421135973
wheat,IN,IN-02-0930,2014,341.36,101.597,684.3,25.601,25.81112,85.82113,2673.0,15.391,1.478,5.0,-0.4594261467762976,0.5095501159287834
wheat,IN,IN-02-0930,2015,341.36,101.597,684.3,25.601,25.81112,85.82113,2673.0,15.391,1.478,5.0,-0.8035745712380186,1.943318755786994
wheat,IN,IN-02-0930,2016,341.36,101.597,684.3,25.601,25.81112,85.82113,2673.0,15.391,1.478,5.0,-0.48748129338206925,0.7276062061625896
wheat,IN,IN-02-0930,2017,341.36,101.597,684.3,25.601,25.81112,85.82113,2673.0,15.391,1.478,5.0,-0.9345766525995868,1.3581679938667246
wheat,IN,IN-02-0931,2003,340.79,101.784,820.9,42.709,25.5318,86.08464,1922.0,15.418,1.486,5.0,1.9161404635264097,-0.492327072098916
wheat,IN,IN-02-0931,2004,340.79,101.784,820.9,42.709,25.5318,86.08464,1922.0,15.418,1.486,5.0,1.2731298809364409,-0.6292498342578879
wheat,IN,IN-02-0931,2005,340.79,101.784,820.9,42.709,25.5318,86.08464,1922.0,15.418,1.486,5.0,0.27822367428424605,-0.007891815658584265
wheat,IN,IN-02-0931,2006,340.79,101.784,820.9,42.709,25.5318,86.08464,1922.0,15.418,1.486,5.0,0.009249196260092648,0.026551623230680253
wheat,IN,IN-02-0931,2007,340.79,101.784,820.9,42.709,25.5318,86.08464,1922.0,15.418,1.486,5.0,1.6592361769101904,-2.1308223232368166
wheat,IN,IN-02-0931,2008,340.79,101.784,820.9,42.709,25.5318,86.08464,1922.0,15.418,1.486,5.0,1.0847407009841314,0.5789569936775425
wheat,IN,IN-02-0931,2009,340.79,101.784,820.9,42.709,25.5318,86.08464,1922.0,15.418,1.486,5.0,-0.6300076136526283,-0.8923822115826816
wheat,IN,IN-02-0931,2010,340.79,101.784,820.9,42.709,25.5318,86.08464,1922.0,15.418,1.486,5.0,-1.0578093554831802,-0.026860666061372385
wheat,IN,IN-02-0931,2011,340.79,101.784,820.9,42.709,25.5318,86.08464,1922.0,15.418,1.486,5.0,-0.49175924463042536,-0.6658738140051522
wheat,IN,IN-02-0931,2012,340.79,101.784,820.9,42.709,25.5318,86.08464,1922.0,15.418,1.486,5.0,-0.7809576020398055,0.12767967398483726
wheat,IN,IN-02-0931,2013,340.79,101.784,820.9,42.709,25.5318,86.08464,1922.0,15.418,1.486,5.0,-0.5175414659189813,0.6734060613080702
wheat,IN,IN-02-0931,2014,340.79,101.784,820.9,42.709,25.5318,86.08464,1922.0,15.418,1.486,5.0,-0.46112141274396806,0.5535861562638139
wheat,IN,IN-02-0931,2015,340.79,101.784,820.9,42.709,25.5318,86.08464,1922.0,15.418,1.486,5.0,-0.6774654267582514,0.40358632384795723
wheat,IN,IN-02-0931,2016,340.79,101.784,820.9,42.709,25.5318,86.08464,1922.0,15.418,1.486,5.0,-0.5709550636884723,-0.4915975009295739
wheat,IN,IN-02-0931,2017,340.79,101.784,820.9,42.709,25.5318,86.08464,1922.0,15.418,1.486,5.0,-1.033102907985795,2.797266414494277
wheat,IN,IN-02-0932,2003,350.895,101.441,264.8,8.664,25.50912,87.49421,3056.0,16.793,1.432,5.0,1.746393208291988,-0.9079676030956834
wheat,IN,IN-02-0932,2004,350.895,101.441,264.8,8.664,25.50912,87.49421,3056.0,16.793,1.432,5.0,1.8679019804635384,-0.7901314895065459
wheat,IN,IN-02-0932,2005,350.895,101.441,264.8,8.664,25.50912,87.49421,3056.0,16.793,1.432,5.0,0.39811870631145635,-0.7673851000395774
wheat,IN,IN-02-0932,2006,350.895,101.441,264.8,8.664,25.50912,87.49421,3056.0,16.793,1.432,5.0,-0.4683720510758202,1.081068890803297
wheat,IN,IN-02-0932,2007,350.895,101.441,264.8,8.664,25.50912,87.49421,3056.0,16.793,1.432,5.0,1.0360081089880149,-1.116962749621182
wheat,IN,IN-02-0932,2008,350.895,101.441,264.8,8.664,25.50912,87.49421,3056.0,16.793,1.432,5.0,1.169163550995486,-0.37925328961782634
wheat,IN,IN-02-0932,2009,350.895,101.441,264.8,8.664,25.50912,87.49421,3056.0,16.793,1.432,5.0,-0.27552989702480013,0.38016815790836783
wheat,IN,IN-02-0932,2010,350.895,101.441,264.8,8.664,25.50912,87.49421,3056.0,16.793,1.432,5.0,-0.9917553034996744,-0.6756704912272347
wheat,IN,IN-02-0932,2011,350.895,101.441,264.8,8.664,25.50912,87.49421,3056.0,16.793,1.432,5.0,-0.5728656877840029,-1.040697185978667
wheat,IN,IN-02-0932,2012,350.895,101.441,264.8,8.664,25.50912,87.49421,3056.0,16.793,1.432,5.0,-0.9361686187872362,-0.1562634618472838
wheat,IN,IN-02-0932,2013,350.895,101.441,264.8,8.664,25.50912,87.49421,3056.0,16.793,1.432,5.0,-0.8603995926622733,0.6126612532721221
wheat,IN,IN-02-0932,2014,350.895,101.441,264.8,8.664,25.50912,87.49421,3056.0,16.793,1.432,5.0,-0.969123661198471,1.6968932527818954
wheat,IN,IN-02-0932,2015,350.895,101.441,264.8,8.664,25.50912,87.49421,3056.0,16.793,1.432,5.0,-0.046901006727331745,2.298558504865493
wheat,IN,IN-02-0932,2016,350.895,101.441,264.8,8.664,25.50912,87.49421,3056.0,16.793,1.432,5.0,-0.32910819324585794,0.01441885366116994
wheat,IN,IN-02-0932,2017,350.895,101.441,264.8,8.664,25.50912,87.49421,3056.0,16.793,1.432,5.0,-0.7673615430450238,0.7492778059821709
wheat,IN,IN-02-0934,2003,340.0,100.531,46.6,4.97,25.22322,84.99565,938.0,14.53,1.54,5.0,2.031221146974552,-0.1381207651708028
wheat,IN,IN-02-0934,2004,340.0,100.531,46.6,4.97,25.22322,84.99565,938.0,14.53,1.54,5.0,1.0944770488371731,-0.4507481339659755
wheat,IN,IN-02-0934,2005,340.0,100.531,46.6,4.97,25.22322,84.99565,938.0,14.53,1.54,5.0,0.13014717943222476,-0.6016888646874986
wheat,IN,IN-02-0934,2006,340.0,100.531,46.6,4.97,25.22322,84.99565,938.0,14.53,1.54,5.0,-0.053946640476471554,-0.1279823422679139
wheat,IN,IN-02-0934,2007,340.0,100.531,46.6,4.97,25.22322,84.99565,938.0,14.53,1.54,5.0,1.4645182888148571,0.5246201412040684
wheat,IN,IN-02-0934,2008,340.0,100.531,46.6,4.97,25.22322,84.99565,938.0,14.53,1.54,5.0,1.1149139447146408,1.1073454945146106
wheat,IN,IN-02-0934,2009,340.0,100.531,46.6,4.97,25.22322,84.99565,938.0,14.53,1.54,5.0,-0.8291050586197767,-1.4619205692975588
wheat,IN,IN-02-0934,2010,340.0,100.531,46.6,4.97,25.22322,84.99565,938.0,14.53,1.54,5.0,-1.3443531771168282,-2.202970109983794
wheat,IN,IN-02-0934,2011,340.0,100.531,46.6,4.97,25.22322,84.99565,938.0,14.53,1.54,5.0,-0.37533947319065936,-1.0687901753559435
wheat,IN,IN-02-0934,2012,340.0,100.531,46.6,4.97,25.22322,84.99565,938.0,14.53,1.54,5.0,-0.4270268801447228,0.8624452373889482
wheat,IN,IN-02-0934,2013,340.0,100.531,46.6,4.97,25.22322,84.99565,938.0,14.53,1.54,5.0,-0.13143318945400118,0.7932765317868575
wheat,IN,IN-02-0934,2014,340.0,100.531,46.6,4.97,25.22322,84.99565,938.0,14.53,1.54,5.0,-0.2627577072204296,0.6600070808918497
wheat,IN,IN-02-0934,2015,340.0,100.531,46.6,4.97,25.22322,84.99565,938.0,14.53,1.54,5.0,-0.8079580289522996,0.37951239107044
wheat,IN,IN-02-0934,2016,340.0,100.531,46.6,4.97,25.22322,84.99565,938.0,14.53,1.54,5.0,-0.34008214057589653,0.8484042572538208
wheat,IN,IN-02-0934,2017,340.0,100.531,46.6,4.97,25.22322,84.99565,938.0,14.53,1.54,5.0,-1.2632753130223322,1.6036052392850613
wheat,IN,IN-02-0935,2003,344.246,102.698,406.3,22.495,25.88367,86.85489,1806.0,16.818,1.42,5.0,1.841087952217252,-0.4211567748824489
wheat,IN,IN-02-0935,2004,344.246,102.698,406.3,22.495,25.88367,86.85489,1806.0,16.818,1.42,5.0,1.8555158925475048,-0.45117075257767353
wheat,IN,IN-02-0935,2005,344.246,102.698,406.3,22.495,25.88367,86.85489,1806.0,16.818,1.42,5.0,0.27085868020163667,-0.9334428816865447
wheat,IN,IN-02-0935,2006,344.246,102.698,406.3,22.495,25.88367,86.85489,1806.0,16.818,1.42,5.0,-0.31706208218893794,0.004658023713114591
wheat,IN,IN-02-0935,2007,344.246,102.698,406.3,22.495,25.88367,86.85489,1806.0,16.818,1.42,5.0,1.2376497841416145,-0.4872774698394463
wheat,IN,IN-02-0935,2008,344.246,102.698,406.3,22.495,25.88367,86.85489,1806.0,16.818,1.42,5.0,1.0286233823584503,-1.7540287421419456
wheat,IN,IN-02-0935,2009,344.246,102.698,406.3,22.495,25.88367,86.85489,1806.0,16.818,1.42,5.0,-0.39116370191974414,-0.028281116973329034
wheat,IN,IN-02-0935,2010,344.246,102.698,406.3,22.495,25.88367,86.85489,1806.0,16.818,1.42,5.0,-0.976003117443584,-1.0167207226558637
wheat,IN,IN-02-0935,2011,344.246,102.698,406.3,22.495,25.88367,86.85489,1806.0,16.818,1.42,5.0,-0.38491356625613554,-0.054851423178221045
wheat,IN,IN-02-0935,2012,344.246,102.698,406.3,22.495,25.88367,86.85489,1806.0,16.818,1.42,5.0,-0.9515220080432728,0.16392928705372703
wheat,IN,IN-02-0935,2013,344.246,102.698,406.3,22.495,25.88367,86.85489,1806.0,16.818,1.42,5.0,-0.7836724727739365,1.2406069333371372
wheat,IN,IN-02-0935,2014,344.246,102.698,406.3,22.495,25.88367,86.85489,1806.0,16.818,1.42,5.0,-0.7825223837610111,1.3208480106436864
wheat,IN,IN-02-0935,2015,344.246,102.698,406.3,22.495,25.88367,86.85489,1806.0,16.818,1.42,5.0,-0.38899868996543946,2.073051716061135
wheat,IN,IN-02-0935,2016,344.246,102.698,406.3,22.495,25.88367,86.85489,1806.0,16.818,1.42,5.0,-0.43445946386512707,1.0579226360210243
wheat,IN,IN-02-0935,2017,344.246,102.698,406.3,22.495,25.88367,86.85489,1806.0,16.818,1.42,5.0,-0.8234182052492748,0.678245589789675
wheat,IN,IN-02-0936,2003,342.418,102.0,410.2,27.514,25.50808,86.55425,1491.0,15.591,1.479,5.0,1.874379384628797,-0.2372752287277346
wheat,IN,IN-02-0936,2004,342.418,102.0,410.2,27.514,25.50808,86.55425,1491.0,15.591,1.479,5.0,1.5060349422960078,-1.1609308734585135
wheat,IN,IN-02-0936,2005,342.418,102.0,410.2,27.514,25.50808,86.55425,1491.0,15.591,1.479,5.0,0.3588436394379482,-0.7753506513267829
wheat,IN,IN-02-0936,2006,342.418,102.0,410.2,27.514,25.50808,86.55425,1491.0,15.591,1.479,5.0,-0.08778333347650223,-0.041245968670783714
wheat,IN,IN-02-0936,2007,342.418,102.0,410.2,27.514,25.50808,86.55425,1491.0,15.591,1.479,5.0,1.4932167277849706,-1.8101710096166184
wheat,IN,IN-02-0936,2008,342.418,102.0,410.2,27.514,25.50808,86.55425,1491.0,15.591,1.479,5.0,1.0888918200280218,-0.5885424285845503
wheat,IN,IN-02-0936,2009,342.418,102.0,410.2,27.514,25.50808,86.55425,1491.0,15.591,1.479,5.0,-0.44143158324359694,-0.4147577205392203
wheat,IN,IN-02-0936,2010,342.418,102.0,410.2,27.514,25.50808,86.55425,1491.0,15.591,1.479,5.0,-0.9937893807146821,-0.668727356014532
wheat,IN,IN-02-0936,2011,342.418,102.0,410.2,27.514,25.50808,86.55425,1491.0,15.591,1.479,5.0,-0.48743867261120943,0.38779119462968165
wheat,IN,IN-02-0936,2012,342.418,102.0,410.2,27.514,25.50808,86.55425,1491.0,15.591,1.479,5.0,-0.8276064665385422,0.7032379690791921
wheat,IN,IN-02-0936,2013,342.418,102.0,410.2,27.514,25.50808,86.55425,1491.0,15.591,1.479,5.0,-0.679450852679174,1.6116665028345691
wheat,IN,IN-02-0936,2014,342.418,102.0,410.2,27.514,25.50808,86.55425,1491.0,15.591,1.479,5.0,-0.7091154694997623,1.5448853280467116
wheat,IN,IN-02-0936,2015,342.418,102.0,410.2,27.514,25.50808,86.55425,1491.0,15.591,1.479,5.0,-0.5148207435027656,1.3139457775216454
wheat,IN,IN-02-0936,2016,342.418,102.0,410.2,27.514,25.50808,86.55425,1491.0,15.591,1.479,5.0,-0.5849427101146601,0.7770145917373328
wheat,IN,IN-02-0936,2017,342.418,102.0,410.2,27.514,25.50808,86.55425,1491.0,15.591,1.479,5.0,-0.9949873017948414,0.8263139237004778
wheat,IN,IN-02-0945,2003,347.52,103.879,60.1,2.155,26.16447,87.13467,2788.0,16.783,1.412,5.0,1.7189889994086551,-0.4839884057161788
wheat,IN,IN-02-0945,2004,347.52,103.879,60.1,2.155,26.16447,87.13467,2788.0,16.783,1.412,5.0,2.0759560784933027,-0.6692042278587182
wheat,IN,IN-02-0945,2005,347.52,103.879,60.1,2.155,26.16447,87.13467,2788.0,16.783,1.412,5.0,0.30532077501956256,-1.3533278672590245
wheat,IN,IN-02-0945,2006,347.52,103.879,60.1,2.155,26.16447,87.13467,2788.0,16.783,1.412,5.0,-0.47290769179194564,-0.1531544664036646
wheat,IN,IN-02-0945,2007,347.52,103.879,60.1,2.155,26.16447,87.13467,2788.0,16.783,1.412,5.0,0.9703617195854565,-0.9370091970304816
wheat,IN,IN-02-0945,2008,347.52,103.879,60.1,2.155,26.16447,87.13467,2788.0,16.783,1.412,5.0,0.9601867857797282,-0.3817098669589532
wheat,IN,IN-02-0945,2009,347.52,103.879,60.1,2.155,26.16447,87.13467,2788.0,16.783,1.412,5.0,-0.43438458431197735,-0.08281341609740635
wheat,IN,IN-02-0945,2010,347.52,103.879,60.1,2.155,26.16447,87.13467,2788.0,16.783,1.412,5.0,-1.0565849811031185,-0.4616873598281348
wheat,IN,IN-02-0945,2011,347.52,103.879,60.1,2.155,26.16447,87.13467,2788.0,16.783,1.412,5.0,-0.29755237685198976,1.0185345725297736
wheat,IN,IN-02-0945,2012,347.52,103.879,60.1,2.155,26.16447,87.13467,2788.0,16.783,1.412,5.0,-1.160844157900568,-0.004969012721513984
wheat,IN,IN-02-0945,2013,347.52,103.879,60.1,2.155,26.16447,87.13467,2788.0,16.783,1.412,5.0,-0.9272147517189994,0.7468998348437048
wheat,IN,IN-02-0945,2014,347.52,103.879,60.1,2.155,26.16447,87.13467,2788.0,16.783,1.412,5.0,-0.8440356802212636,0.9827750316162075
wheat,IN,IN-02-0945,2015,347.52,103.879,60.1,2.155,26.16447,87.13467,2788.0,16.783,1.412,5.0,-0.25004055629174643,1.09695461839286
wheat,IN,IN-02-0945,2016,347.52,103.879,60.1,2.155,26.16447,87.13467,2788.0,16.783,1.412,5.0,-0.2351992587135316,1.5250481111114924
wheat,IN,IN-02-0945,2017,347.52,103.879,60.1,2.155,26.16447,87.13467,2788.0,16.783,1.412,5.0,-0.35205031938157777,1.612739894589563
wheat,IN,IN-02-0946,2003,356.286,107.714,0.0,0.001,26.32857,88.05714,1928.0,16.611,1.39,5.0,1.861674229915076,-0.27678878951658703
wheat,IN,IN-02-0946,2004,356.286,107.714,0.0,0.001,26.32857,88.05714,1928.0,16.611,1.39,5.0,1.9912688031475536,-0.48676386662194826
wheat,IN,IN-02-0946,2005,356.286,107.714,0.0,0.001,26.32857,88.05714,1928.0,16.611,1.39,5.0,0.548902723993689,-0.980743984417092
wheat,IN,IN-02-0946,2006,356.286,107.714,0.0,0.001,26.32857,88.05714,1928.0,16.611,1.39,5.0,-0.37889341554101474,-0.41695098514640655
wheat,IN,IN-02-0946,2007,356.286,107.714,0.0,0.001,26.32857,88.05714,1928.0,16.611,1.39,5.0,0.5214806366242571,-0.713413279701816
wheat,IN,IN-02-0946,2008,356.286,107.714,0.0,0.001,26.32857,88.05714,1928.0,16.611,1.39,5.0,0.7303818290535453,-0.16906623706001075
wheat,IN,IN-02-0946,2009,356.286,107.714,0.0,0.001,26.32857,88.05714,1928.0,16.611,1.39,5.0,-0.32769898115201107,0.11672289695640702
wheat,IN,IN-02-0946,2010,356.286,107.714,0.0,0.001,26.32857,88.05714,1928.0,16.611,1.39,5.0,-0.5775165364985508,0.06950503149840749
wheat,IN,IN-02-0946,2011,356.286,107.714,0.0,0.001,26.32857,88.05714,1928.0,16.611,1.39,5.0,-0.6594240025177811,1.0751994594913625
wheat,IN,IN-02-0946,2012,356.286,107.714,0.0,0.001,26.32857,88.05714,1928.0,16.611,1.39,5.0,-1.3963717284027315,-0.08541856007851521
wheat,IN,IN-02-0946,2013,356.286,107.714,0.0,0.001,26.32857,88.05714,1928.0,16.611,1.39,5.0,-1.2309049518770974,0.02676398821277271
wheat,IN,IN-02-0946,2014,356.286,107.714,0.0,0.001,26.32857,88.05714,1928.0,16.611,1.39,5.0,-0.9820400098676089,0.11212490256723961
wheat,IN,IN-02-0946,2015,356.286,107.714,0.0,0.001,26.32857,88.05714,1928.0,16.611,1.39,5.0,0.044745184088672216,1.8313784252895775
wheat,IN,IN-02-0946,2016,356.286,107.714,0.0,0.001,26.32857,88.05714,1928.0,16.611,1.39,5.0,-0.09544685946236094,1.3579419031574453
wheat,IN,IN-02-0946,2017,356.286,107.714,0.0,0.001,26.32857,88.05714,1928.0,16.611,1.39,5.0,-0.05015692150363,1.4197390138110046
wheat,IN,IN-02-0947,2003,341.0,103.0,181.9,10.68,25.56326,84.05775,1703.0,15.168,1.5,5.0,2.416058027512857,-0.5257471642364641
wheat,IN,IN-02-0947,2004,341.0,103.0,181.9,10.68,25.56326,84.05775,1703.0,15.168,1.5,5.0,1.059463324015482,-0.42037642814913345
wheat,IN,IN-02-0947,2005,341.0,103.0,181.9,10.68,25.56326,84.05775,1703.0,15.168,1.5,5.0,0.0007268055562004809,-0.11620543656218447
wheat,IN,IN-02-0947,2006,341.0,103.0,181.9,10.68,25.56326,84.05775,1703.0,15.168,1.5,5.0,-0.2804571801667098,-0.13015301150862107
wheat,IN,IN-02-0947,2007,341.0,103.0,181.9,10.68,25.56326,84.05775,1703.0,15.168,1.5,5.0,0.681324050347798,1.0733234552980608
wheat,IN,IN-02-0947,2008,341.0,103.0,181.9,10.68,25.56326,84.05775,1703.0,15.168,1.5,5.0,1.3107738550416665,1.164356288207382
wheat,IN,IN-02-0947,2009,341.0,103.0,181.9,10.68,25.56326,84.05775,1703.0,15.168,1.5,5.0,-0.7202777359852166,-1.3150327117200502
wheat,IN,IN-02-0947,2010,341.0,103.0,181.9,10.68,25.56326,84.05775,1703.0,15.168,1.5,5.0,-1.2387168272444884,-1.4458742481223268
wheat,IN,IN-02-0947,2011,341.0,103.0,181.9,10.68,25.56326,84.05775,1703.0,15.168,1.5,5.0,-0.20720528572922656,1.5735608491752393
wheat,IN,IN-02-0947,2012,341.0,103.0,181.9,10.68,25.56326,84.05775,1703.0,15.168,1.5,5.0,-0.16270359778027915,-0.307597159438268
wheat,IN,IN-02-0947,2013,341.0,103.0,181.9,10.68,25.56326,84.05775,1703.0,15.168,1.5,5.0,0.06351794188799562,0.6248978512662517
wheat,IN,IN-02-0947,2014,341.0,103.0,181.9,10.68,25.56326,84.05775,1703.0,15.168,1.5,5.0,-0.4510974524991864,0.2613451527887169
wheat,IN,IN-02-0947,2015,341.0,103.0,181.9,10.68,25.56326,84.05775,1703.0,15.168,1.5,5.0,-1.155169275727025,-0.06897121216375711
wheat,IN,IN-02-0947,2016,341.0,103.0,181.9,10.68,25.56326,84.05775,1703.0,15.168,1.5,5.0,-0.3056917981045995,-0.22900725237321523
wheat,IN,IN-02-0947,2017,341.0,103.0,181.9,10.68,25.56326,84.05775,1703.0,15.168,1.5,5.0,-1.0105448511252544,1.891249100371143
wheat,IN,IN-02-0948,2003,339.484,102.525,110.0,3.262,25.16192,83.57219,3373.0,12.44,1.497,4.0,2.4496605451914077,-0.019865092361699664
wheat,IN,IN-02-0948,2004,339.484,102.525,110.0,3.262,25.16192,83.57219,3373.0,12.44,1.497,4.0,1.0222747262424925,-0.5918442037050684
wheat,IN,IN-02-0948,2005,339.484,102.525,110.0,3.262,25.16192,83.57219,3373.0,12.44,1.497,4.0,-0.11978305664894574,-0.5243660662623425
wheat,IN,IN-02-0948,2006,339.484,102.525,110.0,3.262,25.16192,83.57219,3373.0,12.44,1.497,4.0,-0.3963075657300201,-1.1950715800386897
wheat,IN,IN-02-0948,2007,339.484,102.525,110.0,3.262,25.16192,83.57219,3373.0,12.44,1.497,4.0,0.27694452889212046,1.084345590023977
wheat,IN,IN-02-0948,2008,339.484,102.525,110.0,3.262,25.16192,83.57219,3373.0,12.44,1.497,4.0,1.1561727240579702,0.11984083043672734
wheat,IN,IN-02-0948,2009,339.484,102.525,110.0,3.262,25.16192,83.57219,3373.0,12.44,1.497,4.0,-0.7926626456662471,-1.3406854757372384
wheat,IN,IN-02-0948,2010,339.484,102.525,110.0,3.262,25.16192,83.57219,3373.0,12.44,1.497,4.0,-1.4526683802043194,-0.5658408446686886
wheat,IN,IN-02-0948,2011,339.484,102.525,110.0,3.262,25.16192,83.57219,3373.0,12.44,1.497,4.0,-0.14271658832215156,0.5949895453636415
wheat,IN,IN-02-0948,2012,339.484,102.525,110.0,3.262,25.16192,83.57219,3373.0,12.44,1.497,4.0,0.16651829061059595,0.4345933702139664
wheat,IN,IN-02-0948,2013,339.484,102.525,110.0,3.262,25.16192,83.57219,3373.0,12.44,1.497,4.0,0.22554508624661204,1.9865957973664676
wheat,IN,IN-02-0948,2014,339.484,102.525,110.0,3.262,25.16192,83.57219,3373.0,12.44,1.497,4.0,-0.430711788349869,0.7834719461510606
wheat,IN,IN-02-0948,2015,339.484,102.525,110.0,3.262,25.16192,83.57219,3373.0,12.44,1.497,4.0,-1.2010437563121454,-0.18561675883174794
wheat,IN,IN-02-0948,2016,339.484,102.525,110.0,3.262,25.16192,83.57219,3373.0,12.44,1.497,4.0,0.17346544133425554,0.5864108951904844
wheat,IN,IN-02-0948,2017,339.484,102.525,110.0,3.262,25.16192,83.57219,3373.0,12.44,1.497,4.0,-0.9346875613417533,1.219196545512764
wheat,IN,IN-02-0949,2003,342.418,102.066,84.1,2.782,24.99726,86.78652,3023.0,14.294,1.525,5.0,1.794270747158286,0.351732562024551
wheat,IN,IN-02-0949,2004,342.418,102.066,84.1,2.782,24.99726,86.78652,3023.0,14.294,1.525,5.0,1.519527865652926,-0.49448892801942224
wheat,IN,IN-02-0949,2005,342.418,102.066,84.1,2.782,24.99726,86.78652,3023.0,14.294,1.525,5.0,0.4120884661624808,-0.5230399584515643
wheat,IN,IN-02-0949,2006,342.418,102.066,84.1,2.782,24.99726,86.78652,3023.0,14.294,1.525,5.0,0.0007775288398699672,-1.020098881766019
wheat,IN,IN-02-0949,2007,342.418,102.066,84.1,2.782,24.99726,86.78652,3023.0,14.294,1.525,5.0,1.3887350956246263,0.510833308369484
wheat,IN,IN-02-0949,2008,342.418,102.066,84.1,2.782,24.99726,86.78652,3023.0,14.294,1.525,5.0,1.138758411870823,0.6691980439960821
wheat,IN,IN-02-0949,2009,342.418,102.066,84.1,2.782,24.99726,86.78652,3023.0,14.294,1.525,5.0,-0.4151480647435078,-0.9928175127140793
wheat,IN,IN-02-0949,2010,342.418,102.066,84.1,2.782,24.99726,86.78652,3023.0,14.294,1.525,5.0,-1.3060478777102014,-0.9141340519728233
wheat,IN,IN-02-0949,2011,342.418,102.066,84.1,2.782,24.99726,86.78652,3023.0,14.294,1.525,5.0,-0.5144380175712786,-1.3661381749323653
wheat,IN,IN-02-0949,2012,342.418,102.066,84.1,2.782,24.99726,86.78652,3023.0,14.294,1.525,5.0,-0.7583967363250785,-0.061504347576721706
wheat,IN,IN-02-0949,2013,342.418,102.066,84.1,2.782,24.99726,86.78652,3023.0,14.294,1.525,5.0,-0.6285835795171189,1.4937160951266668
wheat,IN,IN-02-0949,2014,342.418,102.066,84.1,2.782,24.99726,86.78652,3023.0,14.294,1.525,5.0,-0.6127993630629401,0.9352410053540978
wheat,IN,IN-02-0949,2015,342.418,102.066,84.1,2.782,24.99726,86.78652,3023.0,14.294,1.525,5.0,-0.36539881055855733,1.785024000610862
wheat,IN,IN-02-0949,2016,342.418,102.066,84.1,2.782,24.99726,86.78652,3023.0,14.294,1.525,5.0,-0.6173877564687043,-0.6119180323075167
wheat,IN,IN-02-0949,2017,342.418,102.066,84.1,2.782,24.99726,86.78652,3023.0,14.294,1.525,5.0,-1.035957909351635,1.3581489203430177
wheat,IN,IN-02-0950,2003,340.791,102.112,128.9,4.158,24.94816,86.08457,3099.0,14.218,1.499,5.0,1.6563873894913206,-0.18995089782055813
wheat,IN,IN-02-0950,2004,340.791,102.112,128.9,4.158,24.94816,86.08457,3099.0,14.218,1.499,5.0,1.2852915342205933,0.09247904408203045
wheat,IN,IN-02-0950,2005,340.791,102.112,128.9,4.158,24.94816,86.08457,3099.0,14.218,1.499,5.0,0.37398237669164913,-1.2978287953106047
wheat,IN,IN-02-0950,2006,340.791,102.112,128.9,4.158,24.94816,86.08457,3099.0,14.218,1.499,5.0,0.3681120244390714,-0.6816550779693922
wheat,IN,IN-02-0950,2007,340.791,102.112,128.9,4.158,24.94816,86.08457,3099.0,14.218,1.499,5.0,1.596412286767146,1.0331938289178302
wheat,IN,IN-02-0950,2008,340.791,102.112,128.9,4.158,24.94816,86.08457,3099.0,14.218,1.499,5.0,1.0120300436054568,0.41122473537135246
wheat,IN,IN-02-0950,2009,340.791,102.112,128.9,4.158,24.94816,86.08457,3099.0,14.218,1.499,5.0,-0.6292134194535806,-0.43417212825932455
wheat,IN,IN-02-0950,2010,340.791,102.112,128.9,4.158,24.94816,86.08457,3099.0,14.218,1.499,5.0,-1.4285648257310715,-1.5398551841665444
wheat,IN,IN-02-0950,2011,340.791,102.112,128.9,4.158,24.94816,86.08457,3099.0,14.218,1.499,5.0,-0.40504787529688635,-0.3223955178466188
wheat,IN,IN-02-0950,2012,340.791,102.112,128.9,4.158,24.94816,86.08457,3099.0,14.218,1.499,5.0,-0.6052016577278064,0.17860192115718718
wheat,IN,IN-02-0950,2013,340.791,102.112,128.9,4.158,24.94816,86.08457,3099.0,14.218,1.499,5.0,-0.4013731836451187,1.3610861140783543
wheat,IN,IN-02-0950,2014,340.791,102.112,128.9,4.158,24.94816,86.08457,3099.0,14.218,1.499,5.0,-0.29973338174964065,1.1858024674980991
wheat,IN,IN-02-0950,2015,340.791,102.112,128.9,4.158,24.94816,86.08457,3099.0,14.218,1.499,5.0,-0.5666537095388537,0.9371023858733297
wheat,IN,IN-02-0950,2016,340.791,102.112,128.9,4.158,24.94816,86.08457,3099.0,14.218,1.499,5.0,-0.5887147944571717,-0.27950492659716425
wheat,IN,IN-02-0950,2017,340.791,102.112,128.9,4.158,24.94816,86.08457,3099.0,14.218,1.499,5.0,-1.3677128076150913,1.351700715760507
wheat,IN,IN-02-0951,2003,345.418,103.869,195.0,8.059,26.23244,86.77975,2420.0,16.788,1.422,5.0,1.677609756900014,-0.31189761126253696
wheat,IN,IN-02-0951,2004,345.418,103.869,195.0,8.059,26.23244,86.77975,2420.0,16.788,1.422,5.0,1.9946646890357989,-0.4174863560820861
wheat,IN,IN-02-0951,2005,345.418,103.869,195.0,8.059,26.23244,86.77975,2420.0,16.788,1.422,5.0,0.2109388636195757,-0.8475247561606432
wheat,IN,IN-02-0951,2006,345.418,103.869,195.0,8.059,26.23244,86.77975,2420.0,16.788,1.422,5.0,-0.38120199882670464,-0.6404506905740692
wheat,IN,IN-02-0951,2007,345.418,103.869,195.0,8.059,26.23244,86.77975,2420.0,16.788,1.422,5.0,1.2061689514910097,-0.5004834860114793
wheat,IN,IN-02-0951,2008,345.418,103.869,195.0,8.059,26.23244,86.77975,2420.0,16.788,1.422,5.0,1.0163202046896498,-0.9312290622848113
wheat,IN,IN-02-0951,2009,345.418,103.869,195.0,8.059,26.23244,86.77975,2420.0,16.788,1.422,5.0,-0.4012331976551272,-0.6291122989178776
wheat,IN,IN-02-0951,2010,345.418,103.869,195.0,8.059,26.23244,86.77975,2420.0,16.788,1.422,5.0,-1.0276789854602808,-0.1508036761103835
wheat,IN,IN-02-0951,2011,345.418,103.869,195.0,8.059,26.23244,86.77975,2420.0,16.788,1.422,5.0,-0.18640295444169205,1.1781897074569727
wheat,IN,IN-02-0951,2012,345.418,103.869,195.0,8.059,26.23244,86.77975,2420.0,16.788,1.422,5.0,-1.1559997054974067,-0.0764848064311345
wheat,IN,IN-02-0951,2013,345.418,103.869,195.0,8.059,26.23244,86.77975,2420.0,16.788,1.422,5.0,-0.79666861820018,1.2249361241512293
wheat,IN,IN-02-0951,2014,345.418,103.869,195.0,8.059,26.23244,86.77975,2420.0,16.788,1.422,5.0,-0.8216596845495893,0.8937519605504034
wheat,IN,IN-02-0951,2015,345.418,103.869,195.0,8.059,26.23244,86.77975,2420.0,16.788,1.422,5.0,-0.5795500049718234,1.3305330662639718
wheat,IN,IN-02-0951,2016,345.418,103.869,195.0,8.059,26.23244,86.77975,2420.0,16.788,1.422,5.0,-0.3060437579983941,0.9292163857474494
wheat,IN,IN-02-0951,2017,345.418,103.869,195.0,8.059,26.23244,86.77975,2420.0,16.788,1.422,5.0,-0.4492635581348618,1.4898705471428288
wheat,IN,IN-02-0956,2003,340.934,101.993,262.6,21.528,25.26715,86.11063,1220.0,15.949,1.475,4.0,1.8711365832321745,-0.3241881159275039
wheat,IN,IN-02-0956,2004,340.934,101.993,262.6,21.528,25.26715,86.11063,1220.0,15.949,1.475,4.0,1.274078605334817,1.6442095459229387
wheat,IN,IN-02-0956,2005,340.934,101.993,262.6,21.528,25.26715,86.11063,1220.0,15.949,1.475,4.0,0.30737746490873447,-0.14252584517128333
wheat,IN,IN-02-0956,2006,340.934,101.993,262.6,21.528,25.26715,86.11063,1220.0,15.949,1.475,4.0,0.12753745233519667,-0.9805511344206592
wheat,IN,IN-02-0956,2007,340.934,101.993,262.6,21.528,25.26715,86.11063,1220.0,15.949,1.475,4.0,1.6457634691782816,-0.3097925136189857
wheat,IN,IN-02-0956,2008,340.934,101.993,262.6,21.528,25.26715,86.11063,1220.0,15.949,1.475,4.0,1.0500936279046351,1.150744289124549
wheat,IN,IN-02-0956,2009,340.934,101.993,262.6,21.528,25.26715,86.11063,1220.0,15.949,1.475,4.0,-0.6280077882700643,-1.4409222536527928
wheat,IN,IN-02-0956,2010,340.934,101.993,262.6,21.528,25.26715,86.11063,1220.0,15.949,1.475,4.0,-1.1458773688561212,-0.9511092890511027
wheat,IN,IN-02-0956,2011,340.934,101.993,262.6,21.528,25.26715,86.11063,1220.0,15.949,1.475,4.0,-0.46937682131653635,-0.02431985362662116
wheat,IN,IN-02-0956,2012,340.934,101.993,262.6,21.528,25.26715,86.11063,1220.0,15.949,1.475,4.0,-0.7364252789852181,-0.6417682561956101
wheat,IN,IN-02-0956,2013,340.934,101.993,262.6,21.528,25.26715,86.11063,1220.0,15.949,1.475,4.0,-0.4992428280788178,0.9322858862500155
wheat,IN,IN-02-0956,2014,340.934,101.993,262.6,21.528,25.26715,86.11063,1220.0,15.949,1.475,4.0,-0.3911738466842421,1.075750556019003
wheat,IN,IN-02-0956,2015,340.934,101.993,262.6,21.528,25.26715,86.11063,1220.0,15.949,1.475,4.0,-0.6281920183275256,-0.2649438596936789
wheat,IN,IN-02-0956,2016,340.934,101.993,262.6,21.528,25.26715,86.11063,1220.0,15.949,1.475,4.0,-0.6580354679488218,-0.8839641878790764
wheat,IN,IN-02-0956,2017,340.934,101.993,262.6,21.528,25.26715,86.11063,1220.0,15.949,1.475,4.0,-1.119655784426492,1.8668857430532173
wheat,IN,IN-02-0958,2003,340.012,101.963,91.5,13.501,25.18074,85.7786,678.0,14.504,1.511,5.0,1.8506711212055522,0.14722488792561508
wheat,IN,IN-02-0958,2004,340.012,101.963,91.5,13.501,25.18074,85.7786,678.0,14.504,1.511,5.0,1.1036527041484085,-0.7013509099227153
wheat,IN,IN-02-0958,2005,340.012,101.963,91.5,13.501,25.18074,85.7786,678.0,14.504,1.511,5.0,0.2712851522833737,-1.0237520273160372
wheat,IN,IN-02-0958,2006,340.012,101.963,91.5,13.501,25.18074,85.7786,678.0,14.504,1.511,5.0,0.2320423303590567,-1.0768289002279203
wheat,IN,IN-02-0958,2007,340.012,101.963,91.5,13.501,25.18074,85.7786,678.0,14.504,1.511,5.0,1.7465959613840716,0.005560186653664608
wheat,IN,IN-02-0958,2008,340.012,101.963,91.5,13.501,25.18074,85.7786,678.0,14.504,1.511,5.0,0.9727458911573064,1.511895220617123
wheat,IN,IN-02-0958,2009,340.012,101.963,91.5,13.501,25.18074,85.7786,678.0,14.504,1.511,5.0,-0.6691224101937919,-0.8668382562074994
wheat,IN,IN-02-0958,2010,340.012,101.963,91.5,13.501,25.18074,85.7786,678.0,14.504,1.511,5.0,-1.1677252850954745,-1.3840744889588967
wheat,IN,IN-02-0958,2011,340.012,101.963,91.5,13.501,25.18074,85.7786,678.0,14.504,1.511,5.0,-0.42850698381692215,-0.5166783307471694
wheat,IN,IN-02-0958,2012,340.012,101.963,91.5,13.501,25.18074,85.7786,678.0,14.504,1.511,5.0,-0.6807143922076796,0.7920908404468365
wheat,IN,IN-02-0958,2013,340.012,101.963,91.5,13.501,25.18074,85.7786,678.0,14.504,1.511,5.0,-0.3921032948868331,0.5017868238774432
wheat,IN,IN-02-0958,2014,340.012,101.963,91.5,13.501,25.18074,85.7786,678.0,14.504,1.511,5.0,-0.2645278431680651,0.430254153390548
wheat,IN,IN-02-0958,2015,340.012,101.963,91.5,13.501,25.18074,85.7786,678.0,14.504,1.511,5.0,-0.639387558404813,0.9642837703221859
wheat,IN,IN-02-0958,2016,340.012,101.963,91.5,13.501,25.18074,85.7786,678.0,14.504,1.511,5.0,-0.6000751735634325,0.17901871918711357
wheat,IN,IN-02-0958,2017,340.012,101.963,91.5,13.501,25.18074,85.7786,678.0,14.504,1.511,5.0,-1.334830219200751,1.9639091515917917
wheat,IN,IN-02-0960,2003,344.0,103.0,53.2,11.946,26.53519,85.24883,445.0,16.116,1.464,5.0,1.7759795464085408,-1.085783594889707
wheat,IN,IN-02-0960,2004,344.0,103.0,53.2,11.946,26.53519,85.24883,445.0,16.116,1.464,5.0,1.1042352382974152,-1.4491562500093293
wheat,IN,IN-02-0960,2005,344.0,103.0,53.2,11.946,26.53519,85.24883,445.0,16.116,1.464,5.0,0.2060675991463446,-1.014147099020752
wheat,IN,IN-02-0960,2006,344.0,103.0,53.2,11.946,26.53519,85.24883,445.0,16.116,1.464,5.0,-0.021842139968713446,-0.6105204062055982
wheat,IN,IN-02-0960,2007,344.0,103.0,53.2,11.946,26.53519,85.24883,445.0,16.116,1.464,5.0,1.6267046302722699,-0.42448322716184395
wheat,IN,IN-02-0960,2008,344.0,103.0,53.2,11.946,26.53519,85.24883,445.0,16.116,1.464,5.0,1.3619333752009197,-0.6678649193422973
wheat,IN,IN-02-0960,2009,344.0,103.0,53.2,11.946,26.53519,85.24883,445.0,16.116,1.464,5.0,-0.5739470677239675,0.6271481481911676
wheat,IN,IN-02-0960,2010,344.0,103.0,53.2,11.946,26.53519,85.24883,445.0,16.116,1.464,5.0,-1.0563792927046094,-0.8458888425063009
wheat,IN,IN-02-0960,2011,344.0,103.0,53.2,11.946,26.53519,85.24883,445.0,16.116,1.464,5.0,-0.3066695658744712,0.6477175926819717
wheat,IN,IN-02-0960,2012,344.0,103.0,53.2,11.946,26.53519,85.24883,445.0,16.116,1.464,5.0,-1.038620290419369,0.5406066420530435
wheat,IN,IN-02-0960,2013,344.0,103.0,53.2,11.946,26.53519,85.24883,445.0,16.116,1.464,5.0,-0.2752685301569357,1.724860991308368
wheat,IN,IN-02-0960,2014,344.0,103.0,53.2,11.946,26.53519,85.24883,445.0,16.116,1.464,5.0,-0.5270257791440718,0.6853638882730764
wheat,IN,IN-02-0960,2015,344.0,103.0,53.2,11.946,26.53519,85.24883,445.0,16.116,1.464,5.0,-1.265287129550174,1.6563969921160033
wheat,IN,IN-02-0960,2016,344.0,103.0,53.2,11.946,26.53519,85.24883,445.0,16.116,1.464,5.0,-0.5098972399083855,-0.17971112789739413
wheat,IN,IN-02-0960,2017,344.0,103.0,53.2,11.946,26.53519,85.24883,445.0,16.116,1.464,5.0,-0.49998335387477366,1.331102708085947
wheat,IN,IN-02-0961,2003,340.04,100.029,15.9,2.487,25.22364,84.62821,638.0,15.137,1.497,5.0,1.9931672566390288,-1.0913522016178359
wheat,IN,IN-02-0961,2004,340.04,100.029,15.9,2.487,25.22364,84.62821,638.0,15.137,1.497,5.0,1.08213258786177,0.09105245418335794
wheat,IN,IN-02-0961,2007,340.04,100.029,15.9,2.487,25.22364,84.62821,638.0,15.137,1.497,5.0,1.0888085555322558,0.5034896987881734
wheat,IN,IN-02-0961,2008,340.04,100.029,15.9,2.487,25.22364,84.62821,638.0,15.137,1.497,5.0,1.1142247037217812,1.152213824460547
wheat,IN,IN-02-0961,2009,340.04,100.029,15.9,2.487,25.22364,84.62821,638.0,15.137,1.497,5.0,-0.7657215963054395,-1.2419698368980856
wheat,IN,IN-02-0961,2010,340.04,100.029,15.9,2.487,25.22364,84.62821,638.0,15.137,1.497,5.0,-1.2587174351062058,-1.9432877842302854
wheat,IN,IN-02-0961,2011,340.04,100.029,15.9,2.487,25.22364,84.62821,638.0,15.137,1.497,5.0,-0.32091625222785514,-0.5867024615989992
wheat,IN,IN-02-0961,2012,340.04,100.029,15.9,2.487,25.22364,84.62821,638.0,15.137,1.497,5.0,-0.3109185394526693,0.18745556251592263
wheat,IN,IN-02-0961,2013,340.04,100.029,15.9,2.487,25.22364,84.62821,638.0,15.137,1.497,5.0,-0.12076632900304006,0.6360331091993405
wheat,IN,IN-02-0961,2014,340.04,100.029,15.9,2.487,25.22364,84.62821,638.0,15.137,1.497,5.0,-0.36246832539262436,1.5324880294964245
wheat,IN,IN-02-0961,2015,340.04,100.029,15.9,2.487,25.22364,84.62821,638.0,15.137,1.497,5.0,-0.8142349848550916,-0.31246800928213286
wheat,IN,IN-02-0961,2016,340.04,100.029,15.9,2.487,25.22364,84.62821,638.0,15.137,1.497,5.0,-0.23061171819110912,0.31865243638462254
wheat,IN,IN-02-0961,2017,340.04,100.029,15.9,2.487,25.22364,84.62821,638.0,15.137,1.497,5.0,-1.0939779232207834,0.754395178598923
wheat,IN,IN-03-0121,2003,337.308,104.24,938.1,12.938,22.89835,72.17168,7251.0,14.037,1.521,5.0,-0.43590606228289475,-0.8738939394157219
wheat,IN,IN-03-0121,2004,337.308,104.24,938.1,12.938,22.89835,72.17168,7251.0,14.037,1.521,5.0,-1.3000436251856577,-0.878092335397803
wheat,IN,IN-03-0121,2005,337.308,104.24,938.1,12.938,22.89835,72.17168,7251.0,14.037,1.521,5.0,-0.5478213528420871,-0.1396047221403432
wheat,IN,IN-03-0121,2006,337.308,104.24,938.1,12.938,22.89835,72.17168,7251.0,14.037,1.521,5.0,1.464134235700216,-0.303163989611929
wheat,IN,IN-03-0121,2007,337.308,104.24,938.1,12.938,22.89835,72.17168,7251.0,14.037,1.521,5.0,1.6939111268268745,-0.014902121482399873
wheat,IN,IN-03-0121,2008,337.308,104.24,938.1,12.938,22.89835,72.17168,7251.0,14.037,1.521,5.0,1.6051700553546646,0.08489682300867502
wheat,IN,IN-03-0121,2009,337.308,104.24,938.1,12.938,22.89835,72.17168,7251.0,14.037,1.521,5.0,-0.808952325028488,-0.4666495291540782
wheat,IN,IN-03-0121,2010,337.308,104.24,938.1,12.938,22.89835,72.17168,7251.0,14.037,1.521,5.0,-0.4159474659852181,-0.4776472786290869
wheat,IN,IN-03-0121,2011,337.308,104.24,938.1,12.938,22.89835,72.17168,7251.0,14.037,1.521,5.0,0.46197355898350617,0.9536355362294744
wheat,IN,IN-03-0121,2012,337.308,104.24,938.1,12.938,22.89835,72.17168,7251.0,14.037,1.521,5.0,-0.9599862097697868,0.1615439799265887
wheat,IN,IN-03-0121,2013,337.308,104.24,938.1,12.938,22.89835,72.17168,7251.0,14.037,1.521,5.0,0.678385722393732,0.91510887901093
wheat,IN,IN-03-0121,2014,337.308,104.24,938.1,12.938,22.89835,72.17168,7251.0,14.037,1.521,5.0,-0.3957281143616553,1.0817189090365855
wheat,IN,IN-03-0121,2015,337.308,104.24,938.1,12.938,22.89835,72.17168,7251.0,14.037,1.521,5.0,-0.9504482554018165,1.2770548063080425
wheat,IN,IN-03-0121,2016,337.308,104.24,938.1,12.938,22.89835,72.17168,7251.0,14.037,1.521,5.0,-0.6541504391079918,1.084945044896497
wheat,IN,IN-03-0121,2017,337.308,104.24,938.1,12.938,22.89835,72.17168,7251.0,14.037,1.521,5.0,0.5654091507066052,1.1764388183883632
wheat,IN,IN-03-0122,2003,340.346,107.236,702.4,9.597,21.53514,71.1175,7319.0,15.815,1.57,4.0,-0.12606481521209223,-0.9212617494589399
wheat,IN,IN-03-0122,2004,340.346,107.236,702.4,9.597,21.53514,71.1175,7319.0,15.815,1.57,4.0,-0.9578343096777266,-1.2291576127413113
wheat,IN,IN-03-0122,2005,340.346,107.236,702.4,9.597,21.53514,71.1175,7319.0,15.815,1.57,4.0,-0.23861517665991064,-0.19674848755156402
wheat,IN,IN-03-0122,2006,340.346,107.236,702.4,9.597,21.53514,71.1175,7319.0,15.815,1.57,4.0,0.22989941862415259,0.39960441984956563
wheat,IN,IN-03-0122,2007,340.346,107.236,702.4,9.597,21.53514,71.1175,7319.0,15.815,1.57,4.0,1.4298745747074888,0.8028171965575843
wheat,IN,IN-03-0122,2008,340.346,107.236,702.4,9.597,21.53514,71.1175,7319.0,15.815,1.57,4.0,1.0566447150517575,0.8463002607573792
wheat,IN,IN-03-0122,2009,340.346,107.236,702.4,9.597,21.53514,71.1175,7319.0,15.815,1.57,4.0,-1.1218186039409699,-0.4244999399651405
wheat,IN,IN-03-0122,2010,340.346,107.236,702.4,9.597,21.53514,71.1175,7319.0,15.815,1.57,4.0,1.6002531223759058,0.6594396041040745
wheat,IN,IN-03-0122,2011,340.346,107.236,702.4,9.597,21.53514,71.1175,7319.0,15.815,1.57,4.0,1.1196663391359452,1.1653981219688794
wheat,IN,IN-03-0122,2012,340.346,107.236,702.4,9.597,21.53514,71.1175,7319.0,15.815,1.57,4.0,-1.4484629564465548,-0.8617104212859785
wheat,IN,IN-03-0122,2013,340.346,107.236,702.4,9.597,21.53514,71.1175,7319.0,15.815,1.57,4.0,0.8089821645381469,0.8349319513764609
wheat,IN,IN-03-0122,2014,340.346,107.236,702.4,9.597,21.53514,71.1175,7319.0,15.815,1.57,4.0,-0.5685868619803368,1.1475381084456926
wheat,IN,IN-03-0122,2015,340.346,107.236,702.4,9.597,21.53514,71.1175,7319.0,15.815,1.57,4.0,-1.2116088032133672,-0.01961343010695019
wheat,IN,IN-03-0122,2016,340.346,107.236,702.4,9.597,21.53514,71.1175,7319.0,15.815,1.57,4.0,-0.19862318455365083,0.43438668687652404
wheat,IN,IN-03-0122,2017,340.346,107.236,702.4,9.597,21.53514,71.1175,7319.0,15.815,1.57,4.0,-0.3737056227487764,0.8982097804273078
wheat,IN,IN-03-0123,2003,341.783,110.096,657.0,6.094,24.33985,71.98252,10780.0,12.862,1.466,6.0,0.23763222256443375,-1.0476756643866727
wheat,IN,IN-03-0123,2004,341.783,110.096,657.0,6.094,24.33985,71.98252,10780.0,12.862,1.466,6.0,-1.4267008034403545,-0.8075872450008205
wheat,IN,IN-03-0123,2005,341.783,110.096,657.0,6.094,24.33985,71.98252,10780.0,12.862,1.466,6.0,-1.4207415472796123,-0.727044732576906
wheat,IN,IN-03-0123,2006,341.783,110.096,657.0,6.094,24.33985,71.98252,10780.0,12.862,1.466,6.0,1.138999646540271,-0.1260327808718683
wheat,IN,IN-03-0123,2007,341.783,110.096,657.0,6.094,24.33985,71.98252,10780.0,12.862,1.466,6.0,0.8503223138906575,0.2615478385834076
wheat,IN,IN-03-0123,2008,341.783,110.096,657.0,6.094,24.33985,71.98252,10780.0,12.862,1.466,6.0,0.6271348099030819,0.11702503329480347
wheat,IN,IN-03-0123,2009,341.783,110.096,657.0,6.094,24.33985,71.98252,10780.0,12.862,1.466,6.0,-0.7240748409207884,-1.0353308106928623
wheat,IN,IN-03-0123,2010,341.783,110.096,657.0,6.094,24.33985,71.98252,10780.0,12.862,1.466,6.0,-0.19316701760450491,0.0018368950665608838
wheat,IN,IN-03-0123,2011,341.783,110.096,657.0,6.094,24.33985,71.98252,10780.0,12.862,1.466,6.0,0.9547001054932253,1.0874052766632143
wheat,IN,IN-03-0123,2012,341.783,110.096,657.0,6.094,24.33985,71.98252,10780.0,12.862,1.466,6.0,-0.5036352820787765,0.2083343511835125
wheat,IN,IN-03-0123,2013,341.783,110.096,657.0,6.094,24.33985,71.98252,10780.0,12.862,1.466,6.0,0.030403669162251644,1.258183717182685
wheat,IN,IN-03-0123,2014,341.783,110.096,657.0,6.094,24.33985,71.98252,10780.0,12.862,1.466,6.0,-0.8367721892547699,0.8835191142372881
wheat,IN,IN-03-0123,2015,341.783,110.096,657.0,6.094,24.33985,71.98252,10780.0,12.862,1.466,6.0,-0.3914554243455591,0.5251447119597712
wheat,IN,IN-03-0123,2016,341.783,110.096,657.0,6.094,24.33985,71.98252,10780.0,12.862,1.466,6.0,-0.49824089743586497,1.4062699831770897
wheat,IN,IN-03-0123,2017,341.783,110.096,657.0,6.094,24.33985,71.98252,10780.0,12.862,1.466,6.0,2.155595234806347,1.0143688745190278
wheat,IN,IN-03-0124,2003,336.982,102.269,97.8,1.983,21.87999,72.87551,4931.0,14.599,1.551,4.0,0.20543000964651104,-0.947640743950923
wheat,IN,IN-03-0124,2004,336.982,102.269,97.8,1.983,21.87999,72.87551,4931.0,14.599,1.551,4.0,-0.7416280998880953,-0.609671297454772
wheat,IN,IN-03-0124,2005,336.982,102.269,97.8,1.983,21.87999,72.87551,4931.0,14.599,1.551,4.0,0.12618502609518528,-0.3111101894494313
wheat,IN,IN-03-0124,2006,336.982,102.269,97.8,1.983,21.87999,72.87551,4931.0,14.599,1.551,4.0,1.1956846563548114,-0.6350954516816749
wheat,IN,IN-03-0124,2007,336.982,102.269,97.8,1.983,21.87999,72.87551,4931.0,14.599,1.551,4.0,1.9169126344862062,-0.44082221436498126
wheat,IN,IN-03-0124,2008,336.982,102.269,97.8,1.983,21.87999,72.87551,4931.0,14.599,1.551,4.0,1.2801128649478388,-0.5739715840703413
wheat,IN,IN-03-0124,2009,336.982,102.269,97.8,1.983,21.87999,72.87551,4931.0,14.599,1.551,4.0,-1.0446559178610875,-0.4251142938993413
wheat,IN,IN-03-0124,2010,336.982,102.269,97.8,1.983,21.87999,72.87551,4931.0,14.599,1.551,4.0,-0.19260190741625224,0.7429133976265583
wheat,IN,IN-03-0124,2011,336.982,102.269,97.8,1.983,21.87999,72.87551,4931.0,14.599,1.551,4.0,0.1798361005561587,0.7140585396931626
wheat,IN,IN-03-0124,2012,336.982,102.269,97.8,1.983,21.87999,72.87551,4931.0,14.599,1.551,4.0,-1.1495328488422023,0.01625160913158525
wheat,IN,IN-03-0124,2013,336.982,102.269,97.8,1.983,21.87999,72.87551,4931.0,14.599,1.551,4.0,1.13844911210809,0.3528941162325336
wheat,IN,IN-03-0124,2014,336.982,102.269,97.8,1.983,21.87999,72.87551,4931.0,14.599,1.551,4.0,-0.356083398640306,1.49649037314554
wheat,IN,IN-03-0124,2015,336.982,102.269,97.8,1.983,21.87999,72.87551,4931.0,14.599,1.551,4.0,-1.4596297999713308,1.5579221695609669
wheat,IN,IN-03-0124,2016,336.982,102.269,97.8,1.983,21.87999,72.87551,4931.0,14.599,1.551,4.0,-0.6202398885294715,0.6523219798309589
wheat,IN,IN-03-0124,2017,336.982,102.269,97.8,1.983,21.87999,72.87551,4931.0,14.599,1.551,4.0,-0.4782385430460555,1.496415364847112
wheat,IN,IN-03-0125,2003,338.517,100.84,132.4,3.234,22.27926,73.21068,4093.0,14.392,1.538,5.0,-0.2749741382066695,-0.7594174160200768
wheat,IN,IN-03-0125,2004,338.517,100.84,132.4,3.234,22.27926,73.21068,4093.0,14.392,1.538,5.0,-1.0614846801621467,-0.9398653081741083
wheat,IN,IN-03-0125,2005,338.517,100.84,132.4,3.234,22.27926,73.21068,4093.0,14.392,1.538,5.0,0.19580145850536843,-0.6721833076512069
wheat,IN,IN-03-0125,2006,338.517,100.84,132.4,3.234,22.27926,73.21068,4093.0,14.392,1.538,5.0,1.4830720122760475,-0.771642823379722
wheat,IN,IN-03-0125,2007,338.517,100.84,132.4,3.234,22.27926,73.21068,4093.0,14.392,1.538,5.0,1.8580516614346727,-0.022330895318780117
wheat,IN,IN-03-0125,2008,338.517,100.84,132.4,3.234,22.27926,73.21068,4093.0,14.392,1.538,5.0,1.5357305725071648,0.07257745097693612
wheat,IN,IN-03-0125,2009,338.517,100.84,132.4,3.234,22.27926,73.21068,4093.0,14.392,1.538,5.0,-0.863233758062974,-0.05875340805847717
wheat,IN,IN-03-0125,2010,338.517,100.84,132.4,3.234,22.27926,73.21068,4093.0,14.392,1.538,5.0,-0.6554657157074227,0.212146029705056
wheat,IN,IN-03-0125,2011,338.517,100.84,132.4,3.234,22.27926,73.21068,4093.0,14.392,1.538,5.0,0.039177929220747504,0.3962812507332447
wheat,IN,IN-03-0125,2012,338.517,100.84,132.4,3.234,22.27926,73.21068,4093.0,14.392,1.538,5.0,-0.7662584348572336,0.08194054221236474
wheat,IN,IN-03-0125,2013,338.517,100.84,132.4,3.234,22.27926,73.21068,4093.0,14.392,1.538,5.0,0.905079144142715,0.9214001907888452
wheat,IN,IN-03-0125,2014,338.517,100.84,132.4,3.234,22.27926,73.21068,4093.0,14.392,1.538,5.0,-0.05512288873095294,1.3806868248036874
wheat,IN,IN-03-0125,2015,338.517,100.84,132.4,3.234,22.27926,73.21068,4093.0,14.392,1.538,5.0,-1.2468611200487834,1.2321377811646637
wheat,IN,IN-03-0125,2016,338.517,100.84,132.4,3.234,22.27926,73.21068,4093.0,14.392,1.538,5.0,-0.6199880624627028,1.2651524309895916
wheat,IN,IN-03-0125,2017,338.517,100.84,132.4,3.234,22.27926,73.21068,4093.0,14.392,1.538,5.0,-0.4735239798478355,1.1232468306910852
wheat,IN,IN-03-0126,2003,337.624,104.371,210.0,3.1,21.53992,71.80079,6773.0,15.371,1.537,4.0,-0.07131185456236847,-0.43868627221005346
wheat,IN,IN-03-0126,2004,337.624,104.371,210.0,3.1,21.53992,71.80079,6773.0,15.371,1.537,4.0,-0.7158144583888516,-1.0253192891389604
wheat,IN,IN-03-0126,2005,337.624,104.371,210.0,3.1,21.53992,71.80079,6773.0,15.371,1.537,4.0,-0.3627625253623161,-0.38907255821055015
wheat,IN,IN-03-0126,2006,337.624,104.371,210.0,3.1,21.53992,71.80079,6773.0,15.371,1.537,4.0,0.39380666866206265,0.46488470093248785
wheat,IN,IN-03-0126,2007,337.624,104.371,210.0,3.1,21.53992,71.80079,6773.0,15.371,1.537,4.0,1.8236781959477084,0.9973062237823358
wheat,IN,IN-03-0126,2008,337.624,104.371,210.0,3.1,21.53992,71.80079,6773.0,15.371,1.537,4.0,1.6121872341799743,0.7293261632439787
wheat,IN,IN-03-0126,2009,337.624,104.371,210.0,3.1,21.53992,71.80079,6773.0,15.371,1.537,4.0,-0.9376541666052319,-0.5288930249364332
wheat,IN,IN-03-0126,2010,337.624,104.371,210.0,3.1,21.53992,71.80079,6773.0,15.371,1.537,4.0,0.9279376674156651,0.3742758638431818
wheat,IN,IN-03-0126,2011,337.624,104.371,210.0,3.1,21.53992,71.80079,6773.0,15.371,1.537,4.0,0.7379044226616708,0.9712953877658402
wheat,IN,IN-03-0126,2012,337.624,104.371,210.0,3.1,21.53992,71.80079,6773.0,15.371,1.537,4.0,-1.6934971898342857,-1.088293584935663
wheat,IN,IN-03-0126,2013,337.624,104.371,210.0,3.1,21.53992,71.80079,6773.0,15.371,1.537,4.0,0.6278975436190884,0.2884276320028206
wheat,IN,IN-03-0126,2014,337.624,104.371,210.0,3.1,21.53992,71.80079,6773.0,15.371,1.537,4.0,-0.44494558152492425,1.05949754598719
wheat,IN,IN-03-0126,2015,337.624,104.371,210.0,3.1,21.53992,71.80079,6773.0,15.371,1.537,4.0,-1.0973741135230546,0.4674868187995942
wheat,IN,IN-03-0126,2016,337.624,104.371,210.0,3.1,21.53992,71.80079,6773.0,15.371,1.537,4.0,-0.42910737589067705,0.7346375864892472
wheat,IN,IN-03-0126,2017,337.624,104.371,210.0,3.1,21.53992,71.80079,6773.0,15.371,1.537,4.0,-0.37094446679443055,1.138996830503767
wheat,IN,IN-03-0128,2004,340.082,101.822,2.6,0.149,20.93882,73.59791,1766.0,13.236,1.332,5.0,0.7793036634263187,0.6316081931248032
wheat,IN,IN-03-0128,2005,340.082,101.822,2.6,0.149,20.93882,73.59791,1766.0,13.236,1.332,5.0,1.2563877131797188,-0.5771910579168005
wheat,IN,IN-03-0128,2006,340.082,101.822,2.6,0.149,20.93882,73.59791,1766.0,13.236,1.332,5.0,0.7277377175011583,-0.07238902319610291
wheat,IN,IN-03-0128,2007,340.082,101.822,2.6,0.149,20.93882,73.59791,1766.0,13.236,1.332,5.0,0.006066818322547674,0.5128004953081405
wheat,IN,IN-03-0128,2008,340.082,101.822,2.6,0.149,20.93882,73.59791,1766.0,13.236,1.332,5.0,-0.38995233311964383,-0.3302506394897306
wheat,IN,IN-03-0128,2009,340.082,101.822,2.6,0.149,20.93882,73.59791,1766.0,13.236,1.332,5.0,-0.9285824777032449,0.06934385578316553
wheat,IN,IN-03-0128,2010,340.082,101.822,2.6,0.149,20.93882,73.59791,1766.0,13.236,1.332,5.0,0.2608778313245321,1.6974964710583007
wheat,IN,IN-03-0128,2011,340.082,101.822,2.6,0.149,20.93882,73.59791,1766.0,13.236,1.332,5.0,-0.19823643972368898,-0.16104834759087044
wheat,IN,IN-03-0128,2012,340.082,101.822,2.6,0.149,20.93882,73.59791,1766.0,13.236,1.332,5.0,-1.43880277126266,-0.4087619174859541
wheat,IN,IN-03-0128,2013,340.082,101.822,2.6,0.149,20.93882,73.59791,1766.0,13.236,1.332,5.0,1.7266378834854532,-0.633181826586893
wheat,IN,IN-03-0128,2014,340.082,101.822,2.6,0.149,20.93882,73.59791,1766.0,13.236,1.332,5.0,-0.6514766072684366,0.1722458090146917
wheat,IN,IN-03-0128,2015,340.082,101.822,2.6,0.149,20.93882,73.59791,1766.0,13.236,1.332,5.0,-1.6239415936486226,1.5516771087747552
wheat,IN,IN-03-0128,2016,340.082,101.822,2.6,0.149,20.93882,73.59791,1766.0,13.236,1.332,5.0,-0.44765738046055725,-1.8848528191328744
wheat,IN,IN-03-0128,2017,340.082,101.822,2.6,0.149,20.93882,73.59791,1766.0,13.236,1.332,5.0,0.9216379759471963,1.4408674811905473
wheat,IN,IN-03-0129,2003,341.212,105.809,796.5,13.466,22.31771,70.18402,5915.0,15.312,1.552,4.0,0.1222393632537695,-1.1933546753660833
wheat,IN,IN-03-0129,2004,341.212,105.809,796.5,13.466,22.31771,70.18402,5915.0,15.312,1.552,4.0,-1.3440731720697587,-0.49004857694454057
wheat,IN,IN-03-0129,2005,341.212,105.809,796.5,13.466,22.31771,70.18402,5915.0,15.312,1.552,4.0,-0.9460964444114708,-0.06056643375403068
wheat,IN,IN-03-0129,2006,341.212,105.809,796.5,13.466,22.31771,70.18402,5915.0,15.312,1.552,4.0,0.11001817796237941,0.417841899461175
wheat,IN,IN-03-0129,2007,341.212,105.809,796.5,13.466,22.31771,70.18402,5915.0,15.312,1.552,4.0,1.196521012910334,0.6266222332453538
wheat,IN,IN-03-0129,2008,341.212,105.809,796.5,13.466,22.31771,70.18402,5915.0,15.312,1.552,4.0,0.18741616301737007,0.8033968420520426
wheat,IN,IN-03-0129,2009,341.212,105.809,796.5,13.466,22.31771,70.18402,5915.0,15.312,1.552,4.0,-0.7616029650917536,0.06328783872535035
wheat,IN,IN-03-0129,2010,341.212,105.809,796.5,13.466,22.31771,70.18402,5915.0,15.312,1.552,4.0,2.0653674888518148,0.6400357205077708
wheat,IN,IN-03-0129,2011,341.212,105.809,796.5,13.466,22.31771,70.18402,5915.0,15.312,1.552,4.0,1.1847330088248014,1.7107180815899654
wheat,IN,IN-03-0129,2012,341.212,105.809,796.5,13.466,22.31771,70.18402,5915.0,15.312,1.552,4.0,-0.9417440428504223,-0.5962884429470712
wheat,IN,IN-03-0129,2013,341.212,105.809,796.5,13.466,22.31771,70.18402,5915.0,15.312,1.552,4.0,0.57547793225915,0.5614629917739452
wheat,IN,IN-03-0129,2014,341.212,105.809,796.5,13.466,22.31771,70.18402,5915.0,15.312,1.552,4.0,-0.8354940918768756,0.9475918301230286
wheat,IN,IN-03-0129,2015,341.212,105.809,796.5,13.466,22.31771,70.18402,5915.0,15.312,1.552,4.0,-0.9860792789680827,-0.5136644925042825
wheat,IN,IN-03-0129,2016,341.212,105.809,796.5,13.466,22.31771,70.18402,5915.0,15.312,1.552,4.0,-0.3597016312455096,-0.26772393673209943
wheat,IN,IN-03-0129,2017,341.212,105.809,796.5,13.466,22.31771,70.18402,5915.0,15.312,1.552,4.0,0.7330184794342259,0.9994778927761863
wheat,IN,IN-03-0130,2003,341.196,106.177,1039.9,16.922,21.47713,70.31143,6145.0,15.82,1.52,4.0,-0.5643914747764729,-1.4582264378206256
wheat,IN,IN-03-0130,2004,341.196,106.177,1039.9,16.922,21.47713,70.31143,6145.0,15.82,1.52,4.0,-0.7860588864345187,-0.26738444634414743
wheat,IN,IN-03-0130,2005,341.196,106.177,1039.9,16.922,21.47713,70.31143,6145.0,15.82,1.52,4.0,-0.24196106824037797,-0.020347952125510493
wheat,IN,IN-03-0130,2006,341.196,106.177,1039.9,16.922,21.47713,70.31143,6145.0,15.82,1.52,4.0,0.016233352046099027,0.5784475184503528
wheat,IN,IN-03-0130,2007,341.196,106.177,1039.9,16.922,21.47713,70.31143,6145.0,15.82,1.52,4.0,1.6741779108605628,0.6333694121796729
wheat,IN,IN-03-0130,2008,341.196,106.177,1039.9,16.922,21.47713,70.31143,6145.0,15.82,1.52,4.0,0.47700694059117954,0.7846640246132219
wheat,IN,IN-03-0130,2009,341.196,106.177,1039.9,16.922,21.47713,70.31143,6145.0,15.82,1.52,4.0,-0.9359759466312323,-0.18282146642410244
wheat,IN,IN-03-0130,2010,341.196,106.177,1039.9,16.922,21.47713,70.31143,6145.0,15.82,1.52,4.0,1.9670613931317147,0.31454921618963233
wheat,IN,IN-03-0130,2011,341.196,106.177,1039.9,16.922,21.47713,70.31143,6145.0,15.82,1.52,4.0,0.9791582381981289,1.3282912591798777
wheat,IN,IN-03-0130,2012,341.196,106.177,1039.9,16.922,21.47713,70.31143,6145.0,15.82,1.52,4.0,-1.0901958528391285,-0.5419519238288182
wheat,IN,IN-03-0130,2013,341.196,106.177,1039.9,16.922,21.47713,70.31143,6145.0,15.82,1.52,4.0,0.3672533140611797,0.1889565009465406
wheat,IN,IN-03-0130,2014,341.196,106.177,1039.9,16.922,21.47713,70.31143,6145.0,15.82,1.52,4.0,-0.8424483797658688,1.1254931756072852
wheat,IN,IN-03-0130,2015,341.196,106.177,1039.9,16.922,21.47713,70.31143,6145.0,15.82,1.52,4.0,-1.407780460956244,0.24729191513049073
wheat,IN,IN-03-0130,2016,341.196,106.177,1039.9,16.922,21.47713,70.31143,6145.0,15.82,1.52,4.0,-0.10605366055627578,0.1329967371139743
wheat,IN,IN-03-0130,2017,341.196,106.177,1039.9,16.922,21.47713,70.31143,6145.0,15.82,1.52,4.0,0.4939745813113004,1.039364645050225
wheat,IN,IN-03-0131,2003,337.306,102.503,153.9,4.471,22.8397,72.81185,3443.0,14.163,1.526,5.0,-0.7075872776189396,-0.6485359117093599
wheat,IN,IN-03-0131,2004,337.306,102.503,153.9,4.471,22.8397,72.81185,3443.0,14.163,1.526,5.0,-1.3884555915498555,-0.5194939165124866
wheat,IN,IN-03-0131,2005,337.306,102.503,153.9,4.471,22.8397,72.81185,3443.0,14.163,1.526,5.0,-0.2124856163401537,-0.20994105873969046
wheat,IN,IN-03-0131,2006,337.306,102.503,153.9,4.471,22.8397,72.81185,3443.0,14.163,1.526,5.0,1.5663363742802974,-0.13991181089462235
wheat,IN,IN-03-0131,2007,337.306,102.503,153.9,4.471,22.8397,72.81185,3443.0,14.163,1.526,5.0,1.6387144944374756,0.4484854461329832
wheat,IN,IN-03-0131,2008,337.306,102.503,153.9,4.471,22.8397,72.81185,3443.0,14.163,1.526,5.0,1.5378878560285796,0.2720131019883289
wheat,IN,IN-03-0131,2009,337.306,102.503,153.9,4.471,22.8397,72.81185,3443.0,14.163,1.526,5.0,-0.9960883977918517,-0.2881521095976268
wheat,IN,IN-03-0131,2010,337.306,102.503,153.9,4.471,22.8397,72.81185,3443.0,14.163,1.526,5.0,-0.5392551165002337,0.13632409989845945
wheat,IN,IN-03-0131,2011,337.306,102.503,153.9,4.471,22.8397,72.81185,3443.0,14.163,1.526,5.0,0.42048525793673486,0.5943837848505593
wheat,IN,IN-03-0131,2012,337.306,102.503,153.9,4.471,22.8397,72.81185,3443.0,14.163,1.526,5.0,-0.7017857805830083,-0.17890858521130165
wheat,IN,IN-03-0131,2013,337.306,102.503,153.9,4.471,22.8397,72.81185,3443.0,14.163,1.526,5.0,0.6729243412438651,1.387305182015525
wheat,IN,IN-03-0131,2014,337.306,102.503,153.9,4.471,22.8397,72.81185,3443.0,14.163,1.526,5.0,-0.2747123301584912,0.8891615581489357
wheat,IN,IN-03-0131,2015,337.306,102.503,153.9,4.471,22.8397,72.81185,3443.0,14.163,1.526,5.0,-1.0612745261367937,0.9196231894076261
wheat,IN,IN-03-0131,2016,337.306,102.503,153.9,4.471,22.8397,72.81185,3443.0,14.163,1.526,5.0,-0.4326234363365158,0.8753651033670058
wheat,IN,IN-03-0131,2017,337.306,102.503,153.9,4.471,22.8397,72.81185,3443.0,14.163,1.526,5.0,0.4779197490888882,0.8076782712209306
wheat,IN,IN-03-0132,2003,340.171,108.883,428.2,1.053,23.43033,69.90202,40681.0,14.306,1.486,6.0,1.2074244527201803,-0.7376301598362798
wheat,IN,IN-03-0132,2004,340.171,108.883,428.2,1.053,23.43033,69.90202,40681.0,14.306,1.486,6.0,-0.9681673714001263,-0.41701690528880664
wheat,IN,IN-03-0132,2005,340.171,108.883,428.2,1.053,23.43033,69.90202,40681.0,14.306,1.486,6.0,-1.210152005867909,-0.9578050624119755
wheat,IN,IN-03-0132,2006,340.171,108.883,428.2,1.053,23.43033,69.90202,40681.0,14.306,1.486,6.0,-0.07075020690921538,-0.2952452719200481
wheat,IN,IN-03-0132,2007,340.171,108.883,428.2,1.053,23.43033,69.90202,40681.0,14.306,1.486,6.0,0.15126083216521322,0.9105277096636631
wheat,IN,IN-03-0132,2008,340.171,108.883,428.2,1.053,23.43033,69.90202,40681.0,14.306,1.486,6.0,-0.5217830278362745,-0.005546362307728233
wheat,IN,IN-03-0132,2009,340.171,108.883,428.2,1.053,23.43033,69.90202,40681.0,14.306,1.486,6.0,-0.22406278920078218,-0.05954169901527863
wheat,IN,IN-03-0132,2010,340.171,108.883,428.2,1.053,23.43033,69.90202,40681.0,14.306,1.486,6.0,1.396676032418958,1.1852949833202322
wheat,IN,IN-03-0132,2011,340.171,108.883,428.2,1.053,23.43033,69.90202,40681.0,14.306,1.486,6.0,1.6453207987094192,1.9860916970874452
wheat,IN,IN-03-0132,2012,340.171,108.883,428.2,1.053,23.43033,69.90202,40681.0,14.306,1.486,6.0,-0.6383848731279818,-0.04175271166551996
wheat,IN,IN-03-0132,2013,340.171,108.883,428.2,1.053,23.43033,69.90202,40681.0,14.306,1.486,6.0,-0.01995111247827985,0.78454157299859
wheat,IN,IN-03-0132,2014,340.171,108.883,428.2,1.053,23.43033,69.90202,40681.0,14.306,1.486,6.0,-0.9186609309013519,0.12789989675384889
wheat,IN,IN-03-0132,2015,340.171,108.883,428.2,1.053,23.43033,69.90202,40681.0,14.306,1.486,6.0,-0.678750256577252,-0.47675041217882613
wheat,IN,IN-03-0132,2016,340.171,108.883,428.2,1.053,23.43033,69.90202,40681.0,14.306,1.486,6.0,-0.811612413590021,0.45727658025895723
wheat,IN,IN-03-0132,2017,340.171,108.883,428.2,1.053,23.43033,69.90202,40681.0,14.306,1.486,6.0,1.6615928718754287,0.8313484765899835
wheat,IN,IN-03-0133,2003,340.054,107.069,409.9,9.27,23.65842,72.37209,4422.0,13.1,1.505,5.0,-0.13951432282878637,-1.595210145554693
wheat,IN,IN-03-0133,2004,340.054,107.069,409.9,9.27,23.65842,72.37209,4422.0,13.1,1.505,5.0,-1.3847416154430923,-0.7604713116899434
wheat,IN,IN-03-0133,2005,340.054,107.069,409.9,9.27,23.65842,72.37209,4422.0,13.1,1.505,5.0,-1.0493564397914952,-0.5871471585056651
wheat,IN,IN-03-0133,2006,340.054,107.069,409.9,9.27,23.65842,72.37209,4422.0,13.1,1.505,5.0,1.6028094432571411,-0.5273802091317741
wheat,IN,IN-03-0133,2007,340.054,107.069,409.9,9.27,23.65842,72.37209,4422.0,13.1,1.505,5.0,1.324979868800447,0.1966777053612039
wheat,IN,IN-03-0133,2008,340.054,107.069,409.9,9.27,23.65842,72.37209,4422.0,13.1,1.505,5.0,1.135197526250702,0.6503235962445589
wheat,IN,IN-03-0133,2009,340.054,107.069,409.9,9.27,23.65842,72.37209,4422.0,13.1,1.505,5.0,-0.6736743926262587,-0.5608683779528326
wheat,IN,IN-03-0133,2010,340.054,107.069,409.9,9.27,23.65842,72.37209,4422.0,13.1,1.505,5.0,-0.7524984069461227,-0.09182856556956223
wheat,IN,IN-03-0133,2011,340.054,107.069,409.9,9.27,23.65842,72.37209,4422.0,13.1,1.505,5.0,0.39296028645652237,0.7545585976992057
wheat,IN,IN-03-0133,2012,340.054,107.069,409.9,9.27,23.65842,72.37209,4422.0,13.1,1.505,5.0,-0.6820886611603327,0.3385557271613696
wheat,IN,IN-03-0133,2013,340.054,107.069,409.9,9.27,23.65842,72.37209,4422.0,13.1,1.505,5.0,0.23194916331349325,1.16170243139995
wheat,IN,IN-03-0133,2014,340.054,107.069,409.9,9.27,23.65842,72.37209,4422.0,13.1,1.505,5.0,-0.5659159905418607,0.8384066470916548
wheat,IN,IN-03-0133,2015,340.054,107.069,409.9,9.27,23.65842,72.37209,4422.0,13.1,1.505,5.0,-0.6220096192973814,1.1357159233444794
wheat,IN,IN-03-0133,2016,340.054,107.069,409.9,9.27,23.65842,72.37209,4422.0,13.1,1.505,5.0,-0.4695850029887667,1.053632543434015
wheat,IN,IN-03-0133,2017,340.054,107.069,409.9,9.27,23.65842,72.37209,4422.0,13.1,1.505,5.0,1.651488163545786,1.1316435787920642
wheat,IN,IN-03-0134,2003,338.468,101.05,47.3,1.441,22.83513,73.49286,3283.0,15.05,1.556,4.0,-0.3556374029574767,-1.2480357769654487
wheat,IN,IN-03-0134,2004,338.468,101.05,47.3,1.441,22.83513,73.49286,3283.0,15.05,1.556,4.0,-1.3142946816693817,-0.42218714088360737
wheat,IN,IN-03-0134,2005,338.468,101.05,47.3,1.441,22.83513,73.49286,3283.0,15.05,1.556,4.0,-0.1510147748803848,0.03605813889351126
wheat,IN,IN-03-0134,2006,338.468,101.05,47.3,1.441,22.83513,73.49286,3283.0,15.05,1.556,4.0,1.7042510970604519,-0.0025356444811558197
wheat,IN,IN-03-0134,2007,338.468,101.05,47.3,1.441,22.83513,73.49286,3283.0,15.05,1.556,4.0,1.7659073987353704,0.4918317015877452
wheat,IN,IN-03-0134,2008,338.468,101.05,47.3,1.441,22.83513,73.49286,3283.0,15.05,1.556,4.0,1.2671999740032753,0.4654882392951445
wheat,IN,IN-03-0134,2009,338.468,101.05,47.3,1.441,22.83513,73.49286,3283.0,15.05,1.556,4.0,-1.237378909068438,-0.22579630669341322
wheat,IN,IN-03-0134,2010,338.468,101.05,47.3,1.441,22.83513,73.49286,3283.0,15.05,1.556,4.0,-0.7965401933409694,0.046848844068797135
wheat,IN,IN-03-0134,2011,338.468,101.05,47.3,1.441,22.83513,73.49286,3283.0,15.05,1.556,4.0,0.34710152443415887,0.3697889578099104
wheat,IN,IN-03-0134,2012,338.468,101.05,47.3,1.441,22.83513,73.49286,3283.0,15.05,1.556,4.0,-0.42623067447574514,0.2284204431515992
wheat,IN,IN-03-0134,2013,338.468,101.05,47.3,1.441,22.83513,73.49286,3283.0,15.05,1.556,4.0,0.7463504971428102,1.2527247294409585
wheat,IN,IN-03-0134,2014,338.468,101.05,47.3,1.441,22.83513,73.49286,3283.0,15.05,1.556,4.0,-0.24446167346971948,1.2362243478335846
wheat,IN,IN-03-0134,2015,338.468,101.05,47.3,1.441,22.83513,73.49286,3283.0,15.05,1.556,4.0,-1.172522481809161,0.7935656421985466
wheat,IN,IN-03-0134,2016,338.468,101.05,47.3,1.441,22.83513,73.49286,3283.0,15.05,1.556,4.0,-0.18146592848057613,0.07469309507012208
wheat,IN,IN-03-0134,2017,338.468,101.05,47.3,1.441,22.83513,73.49286,3283.0,15.05,1.556,4.0,0.048736228775785435,1.0662107929607585
wheat,IN,IN-03-0135,2003,341.282,105.36,1540.1,20.027,22.03799,70.61852,7690.0,15.815,1.572,4.0,-0.03542604068922535,-1.146648227245621
wheat,IN,IN-03-0135,2004,341.282,105.36,1540.1,20.027,22.03799,70.61852,7690.0,15.815,1.572,4.0,-1.2253000678936203,-0.3462977552119756
wheat,IN,IN-03-0135,2005,341.282,105.36,1540.1,20.027,22.03799,70.61852,7690.0,15.815,1.572,4.0,-0.48763832764655685,-0.23117642508524466
wheat,IN,IN-03-0135,2006,341.282,105.36,1540.1,20.027,22.03799,70.61852,7690.0,15.815,1.572,4.0,0.375986207984847,0.5132817581515743
wheat,IN,IN-03-0135,2007,341.282,105.36,1540.1,20.027,22.03799,70.61852,7690.0,15.815,1.572,4.0,1.3779071941400496,0.6940618106095602
wheat,IN,IN-03-0135,2008,341.282,105.36,1540.1,20.027,22.03799,70.61852,7690.0,15.815,1.572,4.0,0.6033022926242642,0.9064487361735205
wheat,IN,IN-03-0135,2009,341.282,105.36,1540.1,20.027,22.03799,70.61852,7690.0,15.815,1.572,4.0,-0.9966068860694469,0.10759212754972211
wheat,IN,IN-03-0135,2010,341.282,105.36,1540.1,20.027,22.03799,70.61852,7690.0,15.815,1.572,4.0,1.836929883614348,0.6682380132502505
wheat,IN,IN-03-0135,2011,341.282,105.36,1540.1,20.027,22.03799,70.61852,7690.0,15.815,1.572,4.0,1.1407598759827449,1.343456586690037
wheat,IN,IN-03-0135,2012,341.282,105.36,1540.1,20.027,22.03799,70.61852,7690.0,15.815,1.572,4.0,-1.1815749850956967,-0.6477972362287121
wheat,IN,IN-03-0135,2013,341.282,105.36,1540.1,20.027,22.03799,70.61852,7690.0,15.815,1.572,4.0,0.8488187999775487,0.5193181585226899
wheat,IN,IN-03-0135,2014,341.282,105.36,1540.1,20.027,22.03799,70.61852,7690.0,15.815,1.572,4.0,-0.8050894995714032,1.1073233940153788
wheat,IN,IN-03-0135,2015,341.282,105.36,1540.1,20.027,22.03799,70.61852,7690.0,15.815,1.572,4.0,-1.149742592897169,-0.23053810964151028
wheat,IN,IN-03-0135,2016,341.282,105.36,1540.1,20.027,22.03799,70.61852,7690.0,15.815,1.572,4.0,-0.3160354671210666,-0.20461314386557594
wheat,IN,IN-03-0135,2017,341.282,105.36,1540.1,20.027,22.03799,70.61852,7690.0,15.815,1.572,4.0,0.01370961266038274,0.8404640170263539
wheat,IN,IN-03-0136,2003,340.553,108.248,743.6,17.518,23.81558,72.97536,4245.0,12.356,1.519,5.0,-0.4939473392856948,-1.4505381842182947
wheat,IN,IN-03-0136,2004,340.553,108.248,743.6,17.518,23.81558,72.97536,4245.0,12.356,1.519,5.0,-1.518456429825182,-0.8410501160004147
wheat,IN,IN-03-0136,2005,340.553,108.248,743.6,17.518,23.81558,72.97536,4245.0,12.356,1.519,5.0,-1.1710632781437111,-0.7079334795387893
wheat,IN,IN-03-0136,2006,340.553,108.248,743.6,17.518,23.81558,72.97536,4245.0,12.356,1.519,5.0,1.5221042229516688,-0.41970758795514373
wheat,IN,IN-03-0136,2007,340.553,108.248,743.6,17.518,23.81558,72.97536,4245.0,12.356,1.519,5.0,1.0458813164305114,0.4276969374283391
wheat,IN,IN-03-0136,2008,340.553,108.248,743.6,17.518,23.81558,72.97536,4245.0,12.356,1.519,5.0,0.9260289765343692,0.8554077649757641
wheat,IN,IN-03-0136,2009,340.553,108.248,743.6,17.518,23.81558,72.97536,4245.0,12.356,1.519,5.0,-0.9215191783235057,-0.6947771932514116
wheat,IN,IN-03-0136,2010,340.553,108.248,743.6,17.518,23.81558,72.97536,4245.0,12.356,1.519,5.0,-0.9360531688785757,0.041847849317826515
wheat,IN,IN-03-0136,2011,340.553,108.248,743.6,17.518,23.81558,72.97536,4245.0,12.356,1.519,5.0,0.2536696226729211,0.7053739955751809
wheat,IN,IN-03-0136,2012,340.553,108.248,743.6,17.518,23.81558,72.97536,4245.0,12.356,1.519,5.0,-0.3267735111404172,0.6248962698116683
wheat,IN,IN-03-0136,2013,340.553,108.248,743.6,17.518,23.81558,72.97536,4245.0,12.356,1.519,5.0,0.3622195798139152,1.2094849832529029
wheat,IN,IN-03-0136,2014,340.553,108.248,743.6,17.518,23.81558,72.97536,4245.0,12.356,1.519,5.0,-0.30299746165198616,0.8127017168121338
wheat,IN,IN-03-0136,2015,340.553,108.248,743.6,17.518,23.81558,72.97536,4245.0,12.356,1.519,5.0,-0.5475986398942384,1.122772195103399
wheat,IN,IN-03-0136,2016,340.553,108.248,743.6,17.518,23.81558,72.97536,4245.0,12.356,1.519,5.0,0.28991506587090166,0.6321603674154196
wheat,IN,IN-03-0136,2017,340.553,108.248,743.6,17.518,23.81558,72.97536,4245.0,12.356,1.519,5.0,1.8185902228689839,0.9558120459909758
wheat,IN,IN-03-0137,2003,338.594,101.046,10.9,0.252,21.41054,73.06054,4335.0,14.687,1.554,4.0,1.084624115008479,-0.1507032254694167
wheat,IN,IN-03-0137,2004,338.594,101.046,10.9,0.252,21.41054,73.06054,4335.0,14.687,1.554,4.0,0.17715502609900532,-0.4073083137697883
wheat,IN,IN-03-0137,2005,338.594,101.046,10.9,0.252,21.41054,73.06054,4335.0,14.687,1.554,4.0,0.8660246746018193,-0.35714271028908595
wheat,IN,IN-03-0137,2006,338.594,101.046,10.9,0.252,21.41054,73.06054,4335.0,14.687,1.554,4.0,0.9937705939717113,0.007846785066246443
wheat,IN,IN-03-0137,2007,338.594,101.046,10.9,0.252,21.41054,73.06054,4335.0,14.687,1.554,4.0,0.997255891057147,1.5955618947611623
wheat,IN,IN-03-0137,2008,338.594,101.046,10.9,0.252,21.41054,73.06054,4335.0,14.687,1.554,4.0,0.2212363299209312,-0.24303937298542616
wheat,IN,IN-03-0137,2009,338.594,101.046,10.9,0.252,21.41054,73.06054,4335.0,14.687,1.554,4.0,-1.1955205667866948,0.009973189231015886
wheat,IN,IN-03-0137,2010,338.594,101.046,10.9,0.252,21.41054,73.06054,4335.0,14.687,1.554,4.0,-0.14598662781245247,1.3005676169860914
wheat,IN,IN-03-0137,2011,338.594,101.046,10.9,0.252,21.41054,73.06054,4335.0,14.687,1.554,4.0,-0.22546138216522535,-0.8197309534725324
wheat,IN,IN-03-0137,2012,338.594,101.046,10.9,0.252,21.41054,73.06054,4335.0,14.687,1.554,4.0,-1.4184014092510955,-1.132365610313104
wheat,IN,IN-03-0137,2013,338.594,101.046,10.9,0.252,21.41054,73.06054,4335.0,14.687,1.554,4.0,1.5784784852291782,-0.1489755220855336
wheat,IN,IN-03-0137,2014,338.594,101.046,10.9,0.252,21.41054,73.06054,4335.0,14.687,1.554,4.0,-0.7136141679581255,0.49109744584552617
wheat,IN,IN-03-0137,2015,338.594,101.046,10.9,0.252,21.41054,73.06054,4335.0,14.687,1.554,4.0,-1.7976701142948222,0.9540966383888868
wheat,IN,IN-03-0137,2016,338.594,101.046,10.9,0.252,21.41054,73.06054,4335.0,14.687,1.554,4.0,-0.5079579346878593,0.22717018606110123
wheat,IN,IN-03-0137,2017,338.594,101.046,10.9,0.252,21.41054,73.06054,4335.0,14.687,1.554,4.0,0.08606708706804518,1.8099743147088085
wheat,IN,IN-03-0138,2003,339.37,105.921,526.9,5.737,22.79531,71.54079,9184.0,15.116,1.546,4.0,0.06362410428549146,-1.0843375898444252
wheat,IN,IN-03-0138,2004,339.37,105.921,526.9,5.737,22.79531,71.54079,9184.0,15.116,1.546,4.0,-1.40285946909378,-0.9000978034731172
wheat,IN,IN-03-0138,2005,339.37,105.921,526.9,5.737,22.79531,71.54079,9184.0,15.116,1.546,4.0,-0.7205554590644485,-0.3000561054659901
wheat,IN,IN-03-0138,2006,339.37,105.921,526.9,5.737,22.79531,71.54079,9184.0,15.116,1.546,4.0,1.0536995516360528,-0.12966209886630017
wheat,IN,IN-03-0138,2007,339.37,105.921,526.9,5.737,22.79531,71.54079,9184.0,15.116,1.546,4.0,1.6511426284926076,0.4205247545930342
wheat,IN,IN-03-0138,2008,339.37,105.921,526.9,5.737,22.79531,71.54079,9184.0,15.116,1.546,4.0,1.0725360272204663,0.09141377365901421
wheat,IN,IN-03-0138,2009,339.37,105.921,526.9,5.737,22.79531,71.54079,9184.0,15.116,1.546,4.0,-0.911617929206487,-0.8034668845902291
wheat,IN,IN-03-0138,2010,339.37,105.921,526.9,5.737,22.79531,71.54079,9184.0,15.116,1.546,4.0,0.5634582362292199,0.2105200360570591
wheat,IN,IN-03-0138,2011,339.37,105.921,526.9,5.737,22.79531,71.54079,9184.0,15.116,1.546,4.0,1.1973195242539063,1.1430802741677888
wheat,IN,IN-03-0138,2012,339.37,105.921,526.9,5.737,22.79531,71.54079,9184.0,15.116,1.546,4.0,-1.1746988253774753,0.3190187623250619
wheat,IN,IN-03-0138,2013,339.37,105.921,526.9,5.737,22.79531,71.54079,9184.0,15.116,1.546,4.0,0.669362392442431,1.5263128505064538
wheat,IN,IN-03-0138,2014,339.37,105.921,526.9,5.737,22.79531,71.54079,9184.0,15.116,1.546,4.0,-0.6549996038470867,1.011389980129191
wheat,IN,IN-03-0138,2015,339.37,105.921,526.9,5.737,22.79531,71.54079,9184.0,15.116,1.546,4.0,-0.9938930900999065,0.7185872770793381
wheat,IN,IN-03-0138,2016,339.37,105.921,526.9,5.737,22.79531,71.54079,9184.0,15.116,1.546,4.0,-0.7584571508536242,0.36366417122002803
wheat,IN,IN-03-0138,2017,339.37,105.921,526.9,5.737,22.79531,71.54079,9184.0,15.116,1.546,4.0,0.34593906298265176,0.968970510414838
wheat,IN,IN-03-0518,2003,338.739,104.825,152.0,7.224,23.32248,72.64944,2104.0,13.282,1.508,5.0,-0.5001879304569049,-1.2420531450625156
wheat,IN,IN-03-0518,2004,338.739,104.825,152.0,7.224,23.32248,72.64944,2104.0,13.282,1.508,5.0,-1.3086995728035329,-0.9705560793399467
wheat,IN,IN-03-0518,2005,338.739,104.825,152.0,7.224,23.32248,72.64944,2104.0,13.282,1.508,5.0,-0.7096732990032142,-0.4316272621124276
wheat,IN,IN-03-0518,2006,338.739,104.825,152.0,7.224,23.32248,72.64944,2104.0,13.282,1.508,5.0,1.8045040675806507,-0.7124635631997952
wheat,IN,IN-03-0518,2007,338.739,104.825,152.0,7.224,23.32248,72.64944,2104.0,13.282,1.508,5.0,1.3834528535490673,0.43659200674218224
wheat,IN,IN-03-0518,2008,338.739,104.825,152.0,7.224,23.32248,72.64944,2104.0,13.282,1.508,5.0,1.277340888743255,0.9334393281494882
wheat,IN,IN-03-0518,2009,338.739,104.825,152.0,7.224,23.32248,72.64944,2104.0,13.282,1.508,5.0,-0.8578534544641507,-0.7631743434611471
wheat,IN,IN-03-0518,2010,338.739,104.825,152.0,7.224,23.32248,72.64944,2104.0,13.282,1.508,5.0,-0.7205573627419859,-0.025072083949027484
wheat,IN,IN-03-0518,2011,338.739,104.825,152.0,7.224,23.32248,72.64944,2104.0,13.282,1.508,5.0,0.31410896039704994,0.7487893032226041
wheat,IN,IN-03-0518,2012,338.739,104.825,152.0,7.224,23.32248,72.64944,2104.0,13.282,1.508,5.0,-0.6411432609768628,-0.12134490128663303
wheat,IN,IN-03-0518,2013,338.739,104.825,152.0,7.224,23.32248,72.64944,2104.0,13.282,1.508,5.0,0.39344523866954356,1.122860996019059
wheat,IN,IN-03-0518,2014,338.739,104.825,152.0,7.224,23.32248,72.64944,2104.0,13.282,1.508,5.0,-0.45839331492920943,0.46504075446880216
wheat,IN,IN-03-0518,2015,338.739,104.825,152.0,7.224,23.32248,72.64944,2104.0,13.282,1.508,5.0,-0.8406207447599775,1.289844742611547
wheat,IN,IN-03-0518,2016,338.739,104.825,152.0,7.224,23.32248,72.64944,2104.0,13.282,1.508,5.0,-0.44015909952185484,1.0938544297095665
wheat,IN,IN-03-0518,2017,338.739,104.825,152.0,7.224,23.32248,72.64944,2104.0,13.282,1.508,5.0,1.3044360307181175,1.156482243332336
wheat,IN,IN-03-1001,2003,337.051,102.133,144.6,4.552,22.51907,72.58737,3176.0,13.887,1.517,4.0,-0.7108872648239986,-0.4544425380486121
wheat,IN,IN-03-1001,2004,337.051,102.133,144.6,4.552,22.51907,72.58737,3176.0,13.887,1.517,4.0,-1.387461976839866,0.17001939988125644
wheat,IN,IN-03-1001,2005,337.051,102.133,144.6,4.552,22.51907,72.58737,3176.0,13.887,1.517,4.0,-0.1435999186993016,0.22649631024641
wheat,IN,IN-03-1001,2006,337.051,102.133,144.6,4.552,22.51907,72.58737,3176.0,13.887,1.517,4.0,1.2116461077542935,0.09785935372047148
wheat,IN,IN-03-1001,2007,337.051,102.133,144.6,4.552,22.51907,72.58737,3176.0,13.887,1.517,4.0,1.7405807623147196,0.12944911751818633
wheat,IN,IN-03-1001,2008,337.051,102.133,144.6,4.552,22.51907,72.58737,3176.0,13.887,1.517,4.0,1.8419265359764383,0.20790098956620176
wheat,IN,IN-03-1001,2009,337.051,102.133,144.6,4.552,22.51907,72.58737,3176.0,13.887,1.517,4.0,-0.8102138687803777,-0.469552975065185
wheat,IN,IN-03-1001,2010,337.051,102.133,144.6,4.552,22.51907,72.58737,3176.0,13.887,1.517,4.0,-0.3153653936262178,-0.13914983330335154
wheat,IN,IN-03-1001,2011,337.051,102.133,144.6,4.552,22.51907,72.58737,3176.0,13.887,1.517,4.0,0.3946136657133604,0.5169176952501829
wheat,IN,IN-03-1001,2012,337.051,102.133,144.6,4.552,22.51907,72.58737,3176.0,13.887,1.517,4.0,-0.904482067775069,0.5672404906907581
wheat,IN,IN-03-1001,2013,337.051,102.133,144.6,4.552,22.51907,72.58737,3176.0,13.887,1.517,4.0,0.7613484444582577,1.090997618968693
wheat,IN,IN-03-1001,2014,337.051,102.133,144.6,4.552,22.51907,72.58737,3176.0,13.887,1.517,4.0,-0.17695183936447478,0.428130334225602
wheat,IN,IN-03-1001,2015,337.051,102.133,144.6,4.552,22.51907,72.58737,3176.0,13.887,1.517,4.0,-1.0194200352427558,1.2488144621101083
wheat,IN,IN-03-1001,2016,337.051,102.133,144.6,4.552,22.51907,72.58737,3176.0,13.887,1.517,4.0,-0.5260357775977211,0.6548343319766241
wheat,IN,IN-03-1001,2017,337.051,102.133,144.6,4.552,22.51907,72.58737,3176.0,13.887,1.517,4.0,0.04430262653269269,0.4409071130156802
wheat,IN,IN-03-1002,2003,339.941,102.26,246.5,6.773,22.95059,74.15099,3640.0,14.277,1.507,4.0,-0.5787771925517373,-0.9585553627814706
wheat,IN,IN-03-1002,2004,339.941,102.26,246.5,6.773,22.95059,74.15099,3640.0,14.277,1.507,4.0,-0.9597518495814686,-0.04096533114076967
wheat,IN,IN-03-1002,2005,339.941,102.26,246.5,6.773,22.95059,74.15099,3640.0,14.277,1.507,4.0,-0.7482589690682933,-0.1533785112777275
wheat,IN,IN-03-1002,2006,339.941,102.26,246.5,6.773,22.95059,74.15099,3640.0,14.277,1.507,4.0,1.3607725172566933,0.14772268193903093
wheat,IN,IN-03-1002,2007,339.941,102.26,246.5,6.773,22.95059,74.15099,3640.0,14.277,1.507,4.0,1.7781543114727036,0.7180740438505436
wheat,IN,IN-03-1002,2008,339.941,102.26,246.5,6.773,22.95059,74.15099,3640.0,14.277,1.507,4.0,0.9167012860203396,0.4165438301432008
wheat,IN,IN-03-1002,2009,339.941,102.26,246.5,6.773,22.95059,74.15099,3640.0,14.277,1.507,4.0,-1.4004930162015217,-0.538009780245495
wheat,IN,IN-03-1002,2010,339.941,102.26,246.5,6.773,22.95059,74.15099,3640.0,14.277,1.507,4.0,-0.9544702651166194,-0.42864690409201794
wheat,IN,IN-03-1002,2011,339.941,102.26,246.5,6.773,22.95059,74.15099,3640.0,14.277,1.507,4.0,0.2005491994221881,0.21295487284192183
wheat,IN,IN-03-1002,2012,339.941,102.26,246.5,6.773,22.95059,74.15099,3640.0,14.277,1.507,4.0,-0.004445083390337852,0.6675836284080473
wheat,IN,IN-03-1002,2013,339.941,102.26,246.5,6.773,22.95059,74.15099,3640.0,14.277,1.507,4.0,1.4164685403825572,0.9724719256695935
wheat,IN,IN-03-1002,2014,339.941,102.26,246.5,6.773,22.95059,74.15099,3640.0,14.277,1.507,4.0,-0.09253722028152594,1.200008622816349
wheat,IN,IN-03-1002,2015,339.941,102.26,246.5,6.773,22.95059,74.15099,3640.0,14.277,1.507,4.0,-0.9474182024446273,0.3565392546386335
wheat,IN,IN-03-1002,2016,339.941,102.26,246.5,6.773,22.95059,74.15099,3640.0,14.277,1.507,4.0,0.5091738029689543,0.5150348940551063
wheat,IN,IN-03-1002,2017,339.941,102.26,246.5,6.773,22.95059,74.15099,3640.0,14.277,1.507,4.0,-0.4956678588872303,1.1908232441542308
wheat,IN,IN-03-1003,2003,339.09,98.147,11.3,0.402,21.63107,73.68944,2817.0,14.73,1.55,4.0,0.6063488406437597,-0.7503631689737281
wheat,IN,IN-03-1003,2004,339.09,98.147,11.3,0.402,21.63107,73.68944,2817.0,14.73,1.55,4.0,-0.3563503124320942,-0.14241950530597858
wheat,IN,IN-03-1003,2005,339.09,98.147,11.3,0.402,21.63107,73.68944,2817.0,14.73,1.55,4.0,0.47374789159789765,-1.0755936781886108
wheat,IN,IN-03-1003,2006,339.09,98.147,11.3,0.402,21.63107,73.68944,2817.0,14.73,1.55,4.0,1.2151668968051925,-0.427204018067761
wheat,IN,IN-03-1003,2007,339.09,98.147,11.3,0.402,21.63107,73.68944,2817.0,14.73,1.55,4.0,1.3468889712178844,0.5209329931253502
wheat,IN,IN-03-1003,2008,339.09,98.147,11.3,0.402,21.63107,73.68944,2817.0,14.73,1.55,4.0,0.3113382254667834,-0.33478951053859357
wheat,IN,IN-03-1003,2009,339.09,98.147,11.3,0.402,21.63107,73.68944,2817.0,14.73,1.55,4.0,-1.0435454271333668,-0.4505885631868742
wheat,IN,IN-03-1003,2010,339.09,98.147,11.3,0.402,21.63107,73.68944,2817.0,14.73,1.55,4.0,-0.5238646399622848,0.9745184757858756
wheat,IN,IN-03-1003,2011,339.09,98.147,11.3,0.402,21.63107,73.68944,2817.0,14.73,1.55,4.0,-0.09083590311904538,0.6088117689476641
wheat,IN,IN-03-1003,2012,339.09,98.147,11.3,0.402,21.63107,73.68944,2817.0,14.73,1.55,4.0,-1.186970843825881,-0.16572228628132066
wheat,IN,IN-03-1003,2013,339.09,98.147,11.3,0.402,21.63107,73.68944,2817.0,14.73,1.55,4.0,1.8540462336801578,0.6753710317462285
wheat,IN,IN-03-1003,2014,339.09,98.147,11.3,0.402,21.63107,73.68944,2817.0,14.73,1.55,4.0,-0.3031824960171825,0.8839385367634183
wheat,IN,IN-03-1003,2015,339.09,98.147,11.3,0.402,21.63107,73.68944,2817.0,14.73,1.55,4.0,-1.848353998180792,0.779111011535014
wheat,IN,IN-03-1003,2016,339.09,98.147,11.3,0.402,21.63107,73.68944,2817.0,14.73,1.55,4.0,-0.40554210996181583,0.3522391355548539
wheat,IN,IN-03-1003,2017,339.09,98.147,11.3,0.402,21.63107,73.68944,2817.0,14.73,1.55,4.0,-0.048891328779220096,2.0192388293505585
wheat,IN,IN-03-1004,2003,341.464,99.874,9.0,0.407,20.79808,73.25733,2205.0,13.42,1.408,5.0,1.182538651596528,-1.1780879858113826
wheat,IN,IN-03-1004,2004,341.464,99.874,9.0,0.407,20.79808,73.25733,2205.0,13.42,1.408,5.0,0.778364677322657,-1.2155177864832916
wheat,IN,IN-03-1004,2005,341.464,99.874,9.0,0.407,20.79808,73.25733,2205.0,13.42,1.408,5.0,1.1790272605348031,-0.5503742080061327
wheat,IN,IN-03-1004,2006,341.464,99.874,9.0,0.407,20.79808,73.25733,2205.0,13.42,1.408,5.0,0.5813460315530201,0.14828218811132446
wheat,IN,IN-03-1004,2007,341.464,99.874,9.0,0.407,20.79808,73.25733,2205.0,13.42,1.408,5.0,-0.03805331095036507,0.08899086961915817
wheat,IN,IN-03-1004,2008,341.464,99.874,9.0,0.407,20.79808,73.25733,2205.0,13.42,1.408,5.0,-0.400865245878057,-0.39538764685816336
wheat,IN,IN-03-1004,2009,341.464,99.874,9.0,0.407,20.79808,73.25733,2205.0,13.42,1.408,5.0,-1.0647840870493381,0.3515667086559018
wheat,IN,IN-03-1004,2010,341.464,99.874,9.0,0.407,20.79808,73.25733,2205.0,13.42,1.408,5.0,0.2221918296211746,1.269170447225159
wheat,IN,IN-03-1004,2011,341.464,99.874,9.0,0.407,20.79808,73.25733,2205.0,13.42,1.408,5.0,-0.294349677438475,0.07384417985309044
wheat,IN,IN-03-1004,2012,341.464,99.874,9.0,0.407,20.79808,73.25733,2205.0,13.42,1.408,5.0,-1.5152244021692913,-0.9209687658539022
wheat,IN,IN-03-1004,2013,341.464,99.874,9.0,0.407,20.79808,73.25733,2205.0,13.42,1.408,5.0,1.43032382325526,-0.06419724278764814
wheat,IN,IN-03-1004,2014,341.464,99.874,9.0,0.407,20.79808,73.25733,2205.0,13.42,1.408,5.0,-0.7902292824011908,0.5244582003935649
wheat,IN,IN-03-1004,2015,341.464,99.874,9.0,0.407,20.79808,73.25733,2205.0,13.42,1.408,5.0,-1.6825805445125162,1.696831918142052
wheat,IN,IN-03-1004,2016,341.464,99.874,9.0,0.407,20.79808,73.25733,2205.0,13.42,1.408,5.0,-0.4843241002486802,-0.6271357127029366
wheat,IN,IN-03-1004,2017,341.464,99.874,9.0,0.407,20.79808,73.25733,2205.0,13.42,1.408,5.0,0.8966183767645427,2.288173710653784
wheat,IN,IN-03-1005,2003,341.439,108.684,592.6,10.232,23.84989,71.81125,5792.0,13.21,1.49,5.0,0.4897735488778269,-1.4461285339102503
wheat,IN,IN-03-1005,2004,341.439,108.684,592.6,10.232,23.84989,71.81125,5792.0,13.21,1.49,5.0,-1.2428085954321495,-0.6278079672579023
wheat,IN,IN-03-1005,2005,341.439,108.684,592.6,10.232,23.84989,71.81125,5792.0,13.21,1.49,5.0,-1.2754564720960366,-0.24131025423822888
wheat,IN,IN-03-1005,2006,341.439,108.684,592.6,10.232,23.84989,71.81125,5792.0,13.21,1.49,5.0,1.1422701471100265,-0.20045550989816038
wheat,IN,IN-03-1005,2007,341.439,108.684,592.6,10.232,23.84989,71.81125,5792.0,13.21,1.49,5.0,1.1446705031056643,0.48382112292530893
wheat,IN,IN-03-1005,2008,341.439,108.684,592.6,10.232,23.84989,71.81125,5792.0,13.21,1.49,5.0,0.6674207612169003,0.3362575426832815
wheat,IN,IN-03-1005,2009,341.439,108.684,592.6,10.232,23.84989,71.81125,5792.0,13.21,1.49,5.0,-0.5000636304336759,-0.8999665018939516
wheat,IN,IN-03-1005,2010,341.439,108.684,592.6,10.232,23.84989,71.81125,5792.0,13.21,1.49,5.0,-0.4636064154606683,-0.2979583420463074
wheat,IN,IN-03-1005,2011,341.439,108.684,592.6,10.232,23.84989,71.81125,5792.0,13.21,1.49,5.0,0.9191180508727986,0.6763887682526442
wheat,IN,IN-03-1005,2012,341.439,108.684,592.6,10.232,23.84989,71.81125,5792.0,13.21,1.49,5.0,-0.7538608683109675,0.07296114682614682
wheat,IN,IN-03-1005,2013,341.439,108.684,592.6,10.232,23.84989,71.81125,5792.0,13.21,1.49,5.0,0.1194636228205835,1.099140522018818
wheat,IN,IN-03-1005,2014,341.439,108.684,592.6,10.232,23.84989,71.81125,5792.0,13.21,1.49,5.0,-0.8677968012415096,1.1942526798348485
wheat,IN,IN-03-1005,2015,341.439,108.684,592.6,10.232,23.84989,71.81125,5792.0,13.21,1.49,5.0,-0.5421777001511778,0.5198706821196306
wheat,IN,IN-03-1005,2016,341.439,108.684,592.6,10.232,23.84989,71.81125,5792.0,13.21,1.49,5.0,-0.8171388604770488,1.5070059800783837
wheat,IN,IN-03-1005,2017,341.439,108.684,592.6,10.232,23.84989,71.81125,5792.0,13.21,1.49,5.0,1.9801927095994174,1.0288749844484404
wheat,IN,IN-03-1006,2003,339.981,106.577,239.0,10.334,21.67516,69.78815,2313.0,15.417,1.527,4.0,-0.011873591103485666,-1.862182445308916
wheat,IN,IN-03-1006,2004,339.981,106.577,239.0,10.334,21.67516,69.78815,2313.0,15.417,1.527,4.0,-0.5434189205406973,-0.5392415659889529
wheat,IN,IN-03-1006,2005,339.981,106.577,239.0,10.334,21.67516,69.78815,2313.0,15.417,1.527,4.0,-0.25496171122119915,0.07959082426229598
wheat,IN,IN-03-1006,2006,339.981,106.577,239.0,10.334,21.67516,69.78815,2313.0,15.417,1.527,4.0,-0.062458391908175766,0.19507739515200428
wheat,IN,IN-03-1006,2007,339.981,106.577,239.0,10.334,21.67516,69.78815,2313.0,15.417,1.527,4.0,1.1922091937931936,0.3253909759337319
wheat,IN,IN-03-1006,2008,339.981,106.577,239.0,10.334,21.67516,69.78815,2313.0,15.417,1.527,4.0,0.07951854833164292,0.44469073225604017
wheat,IN,IN-03-1006,2009,339.981,106.577,239.0,10.334,21.67516,69.78815,2313.0,15.417,1.527,4.0,-0.7349558860758003,-0.013962180817393782
wheat,IN,IN-03-1006,2010,339.981,106.577,239.0,10.334,21.67516,69.78815,2313.0,15.417,1.527,4.0,2.253750312424164,-0.10906965122606888
wheat,IN,IN-03-1006,2011,339.981,106.577,239.0,10.334,21.67516,69.78815,2313.0,15.417,1.527,4.0,0.7298119984901009,1.7535217531020977
wheat,IN,IN-03-1006,2012,339.981,106.577,239.0,10.334,21.67516,69.78815,2313.0,15.417,1.527,4.0,-1.059322190798882,-0.35116728101423805
wheat,IN,IN-03-1006,2013,339.981,106.577,239.0,10.334,21.67516,69.78815,2313.0,15.417,1.527,4.0,0.3943387656312696,-0.01535443969516718
wheat,IN,IN-03-1006,2014,339.981,106.577,239.0,10.334,21.67516,69.78815,2313.0,15.417,1.527,4.0,-1.0363056638299566,1.4243207975732264
wheat,IN,IN-03-1006,2015,339.981,106.577,239.0,10.334,21.67516,69.78815,2313.0,15.417,1.527,4.0,-1.6871994586009602,0.4788179042644189
wheat,IN,IN-03-1006,2016,339.981,106.577,239.0,10.334,21.67516,69.78815,2313.0,15.417,1.527,4.0,-0.16952310686203084,0.23412329975459203
wheat,IN,IN-03-1006,2017,339.981,106.577,239.0,10.334,21.67516,69.78815,2313.0,15.417,1.527,4.0,0.9103901022707523,1.0339803667993623
wheat,IN,IN-03-2001,2008,339.75,98.715,36.5,1.163,21.29658,73.78046,3139.0,14.333,1.499,4.0,0.14966904942521278,-0.1871342652236846
wheat,IN,IN-03-2001,2009,339.75,98.715,36.5,1.163,21.29658,73.78046,3139.0,14.333,1.499,4.0,-0.5820700508079304,-0.2479661908283131
wheat,IN,IN-03-2001,2010,339.75,98.715,36.5,1.163,21.29658,73.78046,3139.0,14.333,1.499,4.0,0.05405605940962829,1.2393743902049135
wheat,IN,IN-03-2001,2011,339.75,98.715,36.5,1.163,21.29658,73.78046,3139.0,14.333,1.499,4.0,0.14082082717029293,-0.09481257002185695
wheat,IN,IN-03-2001,2012,339.75,98.715,36.5,1.163,21.29658,73.78046,3139.0,14.333,1.499,4.0,-0.9920107391108323,-1.6437937443051684
wheat,IN,IN-03-2001,2013,339.75,98.715,36.5,1.163,21.29658,73.78046,3139.0,14.333,1.499,4.0,2.342688852346813,-0.692332104140725
wheat,IN,IN-03-2001,2014,339.75,98.715,36.5,1.163,21.29658,73.78046,3139.0,14.333,1.499,4.0,-0.11337194410674437,0.025112125206225078
wheat,IN,IN-03-2001,2015,339.75,98.715,36.5,1.163,21.29658,73.78046,3139.0,14.333,1.499,4.0,-1.3460506433634676,0.36510555940585404
wheat,IN,IN-03-2001,2016,339.75,98.715,36.5,1.163,21.29658,73.78046,3139.0,14.333,1.499,4.0,-0.18680195203422273,-0.6621555642888497
wheat,IN,IN-03-2001,2017,339.75,98.715,36.5,1.163,21.29658,73.78046,3139.0,14.333,1.499,4.0,0.533070541071258,1.8986023639915992
wheat,IN,IN-04-0177,2003,345.775,105.806,3237.4,79.503,29.27363,75.79833,4072.0,15.526,1.445,6.0,2.250884940700255,-1.4414749728753653
wheat,IN,IN-04-0177,2004,345.775,105.806,3237.4,79.503,29.27363,75.79833,4072.0,15.526,1.445,6.0,1.84733825068973,-0.6262494287731074
wheat,IN,IN-04-0177,2005,345.775,105.806,3237.4,79.503,29.27363,75.79833,4072.0,15.526,1.445,6.0,1.179795830081777,-0.45999837680169736
wheat,IN,IN-04-0177,2006,345.775,105.806,3237.4,79.503,29.27363,75.79833,4072.0,15.526,1.445,6.0,-0.12670376855866708,-0.14966307978838583
wheat,IN,IN-04-0177,2007,345.775,105.806,3237.4,79.503,29.27363,75.79833,4072.0,15.526,1.445,6.0,-0.10197574590309796,0.10223245350163862
wheat,IN,IN-04-0177,2008,345.775,105.806,3237.4,79.503,29.27363,75.79833,4072.0,15.526,1.445,6.0,0.2276079020372965,0.33733495123899326
wheat,IN,IN-04-0177,2009,345.775,105.806,3237.4,79.503,29.27363,75.79833,4072.0,15.526,1.445,6.0,-0.5855358234537587,-0.19207109223739005
wheat,IN,IN-04-0177,2010,345.775,105.806,3237.4,79.503,29.27363,75.79833,4072.0,15.526,1.445,6.0,0.06502063757197771,-0.004711845469122661
wheat,IN,IN-04-0177,2011,345.775,105.806,3237.4,79.503,29.27363,75.79833,4072.0,15.526,1.445,6.0,-0.23156288466693714,1.3702505780328267
wheat,IN,IN-04-0177,2012,345.775,105.806,3237.4,79.503,29.27363,75.79833,4072.0,15.526,1.445,6.0,-0.5600528093239245,0.06103874675522829
wheat,IN,IN-04-0177,2013,345.775,105.806,3237.4,79.503,29.27363,75.79833,4072.0,15.526,1.445,6.0,-0.4238051981204208,0.8928180345293443
wheat,IN,IN-04-0177,2014,345.775,105.806,3237.4,79.503,29.27363,75.79833,4072.0,15.526,1.445,6.0,-0.9419095139280577,0.39140852571858153
wheat,IN,IN-04-0177,2015,345.775,105.806,3237.4,79.503,29.27363,75.79833,4072.0,15.526,1.445,6.0,-0.7577002693714822,1.2132080147875428
wheat,IN,IN-04-0177,2016,345.775,105.806,3237.4,79.503,29.27363,75.79833,4072.0,15.526,1.445,6.0,-0.9244160484687003,0.8306183755732239
wheat,IN,IN-04-0177,2017,345.775,105.806,3237.4,79.503,29.27363,75.79833,4072.0,15.526,1.445,6.0,-0.9169854992859964,1.0566830605180184
wheat,IN,IN-04-0178,2003,347.289,106.67,3717.3,87.076,29.66993,74.85069,4269.0,15.697,1.445,6.0,2.5495800828986535,-1.1822790039757136
wheat,IN,IN-04-0178,2004,347.289,106.67,3717.3,87.076,29.66993,74.85069,4269.0,15.697,1.445,6.0,1.5463609705424177,-0.7339742432958445
wheat,IN,IN-04-0178,2005,347.289,106.67,3717.3,87.076,29.66993,74.85069,4269.0,15.697,1.445,6.0,1.1305071250586642,-0.7263543323494469
wheat,IN,IN-04-0178,2006,347.289,106.67,3717.3,87.076,29.66993,74.85069,4269.0,15.697,1.445,6.0,-0.09627891907297886,-0.42484329087975886
wheat,IN,IN-04-0178,2007,347.289,106.67,3717.3,87.076,29.66993,74.85069,4269.0,15.697,1.445,6.0,0.23777205036730772,-0.08940155900019539
wheat,IN,IN-04-0178,2008,347.289,106.67,3717.3,87.076,29.66993,74.85069,4269.0,15.697,1.445,6.0,-0.09509249502600507,0.12263074559528427
wheat,IN,IN-04-0178,2009,347.289,106.67,3717.3,87.076,29.66993,74.85069,4269.0,15.697,1.445,6.0,-0.7672516690693252,-0.46791235275071535
wheat,IN,IN-04-0178,2010,347.289,106.67,3717.3,87.076,29.66993,74.85069,4269.0,15.697,1.445,6.0,-0.028042782475742236,-0.09806789462057097
wheat,IN,IN-04-0178,2011,347.289,106.67,3717.3,87.076,29.66993,74.85069,4269.0,15.697,1.445,6.0,-0.24118833022077799,1.5292131441313264
wheat,IN,IN-04-0178,2012,347.289,106.67,3717.3,87.076,29.66993,74.85069,4269.0,15.697,1.445,6.0,-0.6808076527119628,0.17350231015221407
wheat,IN,IN-04-0178,2013,347.289,106.67,3717.3,87.076,29.66993,74.85069,4269.0,15.697,1.445,6.0,-0.48581134609083404,0.9606044749564856
wheat,IN,IN-04-0178,2014,347.289,106.67,3717.3,87.076,29.66993,74.85069,4269.0,15.697,1.445,6.0,-0.7467349720561193,0.8053920843721446
wheat,IN,IN-04-0178,2015,347.289,106.67,3717.3,87.076,29.66993,74.85069,4269.0,15.697,1.445,6.0,-0.5986990977489637,1.4805081688180854
wheat,IN,IN-04-0178,2016,347.289,106.67,3717.3,87.076,29.66993,74.85069,4269.0,15.697,1.445,6.0,-0.9154886740512719,0.9484164435074676
wheat,IN,IN-04-0178,2017,347.289,106.67,3717.3,87.076,29.66993,74.85069,4269.0,15.697,1.445,6.0,-0.8088242903430268,0.8670873860688515
wheat,IN,IN-04-0179,2003,344.655,113.212,2471.6,75.148,28.82486,75.8572,3289.0,11.707,1.442,6.0,1.4161013303496994,-1.2815183950226838
wheat,IN,IN-04-0179,2004,344.655,113.212,2471.6,75.148,28.82486,75.8572,3289.0,11.707,1.442,6.0,1.9978804106393757,-0.458834817965961
wheat,IN,IN-04-0179,2005,344.655,113.212,2471.6,75.148,28.82486,75.8572,3289.0,11.707,1.442,6.0,1.2949996816890503,-0.2830466183832483
wheat,IN,IN-04-0179,2006,344.655,113.212,2471.6,75.148,28.82486,75.8572,3289.0,11.707,1.442,6.0,0.422591297706606,-0.9110725899547709
wheat,IN,IN-04-0179,2007,344.655,113.212,2471.6,75.148,28.82486,75.8572,3289.0,11.707,1.442,6.0,0.3819145905150967,-0.17014200239109825
wheat,IN,IN-04-0179,2008,344.655,113.212,2471.6,75.148,28.82486,75.8572,3289.0,11.707,1.442,6.0,0.4062830870925114,0.11084916216320237
wheat,IN,IN-04-0179,2009,344.655,113.212,2471.6,75.148,28.82486,75.8572,3289.0,11.707,1.442,6.0,-0.2683829649266824,-0.4988516438872313
wheat,IN,IN-04-0179,2010,344.655,113.212,2471.6,75.148,28.82486,75.8572,3289.0,11.707,1.442,6.0,-0.35892190266340673,-0.2565419674483841
wheat,IN,IN-04-0179,2011,344.655,113.212,2471.6,75.148,28.82486,75.8572,3289.0,11.707,1.442,6.0,0.03126248873500918,1.047181693807058
wheat,IN,IN-04-0179,2012,344.655,113.212,2471.6,75.148,28.82486,75.8572,3289.0,11.707,1.442,6.0,-0.3781376139254846,0.11195335475737568
wheat,IN,IN-04-0179,2013,344.655,113.212,2471.6,75.148,28.82486,75.8572,3289.0,11.707,1.442,6.0,-0.30456466990013215,0.975007273941401
wheat,IN,IN-04-0179,2014,344.655,113.212,2471.6,75.148,28.82486,75.8572,3289.0,11.707,1.442,6.0,-1.1205042168092754,0.8182968634606889
wheat,IN,IN-04-0179,2015,344.655,113.212,2471.6,75.148,28.82486,75.8572,3289.0,11.707,1.442,6.0,-1.0868519170268005,1.3920862981281217
wheat,IN,IN-04-0179,2016,344.655,113.212,2471.6,75.148,28.82486,75.8572,3289.0,11.707,1.442,6.0,-1.2376742667722163,1.096553397192299
wheat,IN,IN-04-0179,2017,344.655,113.212,2471.6,75.148,28.82486,75.8572,3289.0,11.707,1.442,6.0,-1.1959953347033554,1.3056826209348513
wheat,IN,IN-04-0180,2003,343.662,102.488,542.4,43.394,28.40006,76.82328,1250.0,14.619,1.469,6.0,2.054200400612612,-0.7349668422822215
wheat,IN,IN-04-0180,2004,343.662,102.488,542.4,43.394,28.40006,76.82328,1250.0,14.619,1.469,6.0,2.217605183153154,0.19257952718053598
wheat,IN,IN-04-0180,2005,343.662,102.488,542.4,43.394,28.40006,76.82328,1250.0,14.619,1.469,6.0,0.7608977551476359,-0.26779034950478225
wheat,IN,IN-04-0180,2006,343.662,102.488,542.4,43.394,28.40006,76.82328,1250.0,14.619,1.469,6.0,-0.3726042811206981,-0.5222933165488155
wheat,IN,IN-04-0180,2007,343.662,102.488,542.4,43.394,28.40006,76.82328,1250.0,14.619,1.469,6.0,-0.33812339718538026,0.4103573080224883
wheat,IN,IN-04-0180,2008,343.662,102.488,542.4,43.394,28.40006,76.82328,1250.0,14.619,1.469,6.0,0.41551762571522816,0.65448892252374
wheat,IN,IN-04-0180,2009,343.662,102.488,542.4,43.394,28.40006,76.82328,1250.0,14.619,1.469,6.0,-0.6855909045855965,-0.23926474873784642
wheat,IN,IN-04-0180,2010,343.662,102.488,542.4,43.394,28.40006,76.82328,1250.0,14.619,1.469,6.0,-0.09916098093544183,-0.8273807242475629
wheat,IN,IN-04-0180,2011,343.662,102.488,542.4,43.394,28.40006,76.82328,1250.0,14.619,1.469,6.0,-0.16779174821300225,1.6503700979134406
wheat,IN,IN-04-0180,2012,343.662,102.488,542.4,43.394,28.40006,76.82328,1250.0,14.619,1.469,6.0,-0.27785639463691925,-0.6168895484968593
wheat,IN,IN-04-0180,2013,343.662,102.488,542.4,43.394,28.40006,76.82328,1250.0,14.619,1.469,6.0,0.08446766008801004,1.2768590486606919
wheat,IN,IN-04-0180,2014,343.662,102.488,542.4,43.394,28.40006,76.82328,1250.0,14.619,1.469,6.0,-0.8909815929864078,-0.5074736562007524
wheat,IN,IN-04-0180,2015,343.662,102.488,542.4,43.394,28.40006,76.82328,1250.0,14.619,1.469,6.0,-1.0182372980511811,1.4786066199281065
wheat,IN,IN-04-0180,2016,343.662,102.488,542.4,43.394,28.40006,76.82328,1250.0,14.619,1.469,6.0,-0.742295512033803,0.3212417504628161
wheat,IN,IN-04-0180,2017,343.662,102.488,542.4,43.394,28.40006,76.82328,1250.0,14.619,1.469,6.0,-0.9400465149682055,0.8638285149115037
wheat,IN,IN-04-0181,2003,345.781,96.742,2319.5,84.996,29.48991,76.24914,2729.0,12.972,1.463,5.0,1.9830925667161146,-1.325782915515207
wheat,IN,IN-04-0181,2004,345.781,96.742,2319.5,84.996,29.48991,76.24914,2729.0,12.972,1.463,5.0,1.7649728322787492,-0.9507485332340605
wheat,IN,IN-04-0181,2005,345.781,96.742,2319.5,84.996,29.48991,76.24914,2729.0,12.972,1.463,5.0,1.3613422443677563,-0.5160311263504961
wheat,IN,IN-04-0181,2006,345.781,96.742,2319.5,84.996,29.48991,76.24914,2729.0,12.972,1.463,5.0,0.021423703245423285,-0.4486673824458711
wheat,IN,IN-04-0181,2007,345.781,96.742,2319.5,84.996,29.48991,76.24914,2729.0,12.972,1.463,5.0,0.06919538211234988,0.6312374318236994
wheat,IN,IN-04-0181,2008,345.781,96.742,2319.5,84.996,29.48991,76.24914,2729.0,12.972,1.463,5.0,0.4093419464895052,0.13637127840421456
wheat,IN,IN-04-0181,2009,345.781,96.742,2319.5,84.996,29.48991,76.24914,2729.0,12.972,1.463,5.0,-0.5491998321025887,0.03459227697272652
wheat,IN,IN-04-0181,2010,345.781,96.742,2319.5,84.996,29.48991,76.24914,2729.0,12.972,1.463,5.0,0.08517698274964851,0.1284541564259657
wheat,IN,IN-04-0181,2011,345.781,96.742,2319.5,84.996,29.48991,76.24914,2729.0,12.972,1.463,5.0,-0.07375647409191684,1.7937465415320317
wheat,IN,IN-04-0181,2012,345.781,96.742,2319.5,84.996,29.48991,76.24914,2729.0,12.972,1.463,5.0,-0.6440216475873307,-0.41489761076973464
wheat,IN,IN-04-0181,2013,345.781,96.742,2319.5,84.996,29.48991,76.24914,2729.0,12.972,1.463,5.0,-0.46312078615874114,0.2944452109253482
wheat,IN,IN-04-0181,2014,345.781,96.742,2319.5,84.996,29.48991,76.24914,2729.0,12.972,1.463,5.0,-1.0906773090352024,0.07204466233094224
wheat,IN,IN-04-0181,2015,345.781,96.742,2319.5,84.996,29.48991,76.24914,2729.0,12.972,1.463,5.0,-0.8492761983274988,0.8927450723990881
wheat,IN,IN-04-0181,2016,345.781,96.742,2319.5,84.996,29.48991,76.24914,2729.0,12.972,1.463,5.0,-1.1182186043623128,1.1698855766480938
wheat,IN,IN-04-0181,2017,345.781,96.742,2319.5,84.996,29.48991,76.24914,2729.0,12.972,1.463,5.0,-0.9062748062939541,1.4795330140196004
wheat,IN,IN-04-0182,2003,344.298,116.653,1295.8,66.999,28.23293,76.09868,1934.0,10.326,1.449,6.0,1.5714197011700446,-0.7609843080763423
wheat,IN,IN-04-0182,2004,344.298,116.653,1295.8,66.999,28.23293,76.09868,1934.0,10.326,1.449,6.0,2.2758842225885796,-1.0923224977186088
wheat,IN,IN-04-0182,2005,344.298,116.653,1295.8,66.999,28.23293,76.09868,1934.0,10.326,1.449,6.0,1.1171491839748346,-0.3581902002042725
wheat,IN,IN-04-0182,2006,344.298,116.653,1295.8,66.999,28.23293,76.09868,1934.0,10.326,1.449,6.0,0.22525682175956244,-0.6203201020721917
wheat,IN,IN-04-0182,2007,344.298,116.653,1295.8,66.999,28.23293,76.09868,1934.0,10.326,1.449,6.0,0.1841210202784162,-0.08510309986599267
wheat,IN,IN-04-0182,2008,344.298,116.653,1295.8,66.999,28.23293,76.09868,1934.0,10.326,1.449,6.0,0.3108201412432972,0.25510641907395776
wheat,IN,IN-04-0182,2009,344.298,116.653,1295.8,66.999,28.23293,76.09868,1934.0,10.326,1.449,6.0,-0.557621174551075,-0.35650447736267726
wheat,IN,IN-04-0182,2010,344.298,116.653,1295.8,66.999,28.23293,76.09868,1934.0,10.326,1.449,6.0,-0.4537215329996815,0.040100133005151285
wheat,IN,IN-04-0182,2011,344.298,116.653,1295.8,66.999,28.23293,76.09868,1934.0,10.326,1.449,6.0,-0.11952101003681326,1.507806978298708
wheat,IN,IN-04-0182,2012,344.298,116.653,1295.8,66.999,28.23293,76.09868,1934.0,10.326,1.449,6.0,-0.3528526167416363,0.1458409294324354
wheat,IN,IN-04-0182,2013,344.298,116.653,1295.8,66.999,28.23293,76.09868,1934.0,10.326,1.449,6.0,-0.11371777099408835,1.3213261163823784
wheat,IN,IN-04-0182,2014,344.298,116.653,1295.8,66.999,28.23293,76.09868,1934.0,10.326,1.449,6.0,-0.9761180641155035,0.7312924723181495
wheat,IN,IN-04-0182,2015,344.298,116.653,1295.8,66.999,28.23293,76.09868,1934.0,10.326,1.449,6.0,-1.2567850751999512,1.1622113941394214
wheat,IN,IN-04-0182,2016,344.298,116.653,1295.8,66.999,28.23293,76.09868,1934.0,10.326,1.449,6.0,-0.8985493557831034,0.7341778025772471
wheat,IN,IN-04-0182,2017,344.298,116.653,1295.8,66.999,28.23293,76.09868,1934.0,10.326,1.449,6.0,-0.9557644905928969,0.5150945042578609
wheat,IN,IN-04-0183,2003,348.316,124.31,647.1,42.742,30.35088,76.84481,1514.0,14.43,1.495,4.0,1.9865018991961323,-1.308275320822902
wheat,IN,IN-04-0183,2004,348.316,124.31,647.1,42.742,30.35088,76.84481,1514.0,14.43,1.495,4.0,1.1571462117165623,-0.9342867565030146
wheat,IN,IN-04-0183,2005,348.316,124.31,647.1,42.742,30.35088,76.84481,1514.0,14.43,1.495,4.0,1.2657320887509917,0.396914706751551
wheat,IN,IN-04-0183,2006,348.316,124.31,647.1,42.742,30.35088,76.84481,1514.0,14.43,1.495,4.0,0.18794540921235064,-0.1746377892124814
wheat,IN,IN-04-0183,2007,348.316,124.31,647.1,42.742,30.35088,76.84481,1514.0,14.43,1.495,4.0,0.443527576473494,-0.17174765497569164
wheat,IN,IN-04-0183,2008,348.316,124.31,647.1,42.742,30.35088,76.84481,1514.0,14.43,1.495,4.0,0.6334473170347051,-0.4327311394694047
wheat,IN,IN-04-0183,2009,348.316,124.31,647.1,42.742,30.35088,76.84481,1514.0,14.43,1.495,4.0,-0.6178827172728182,-0.6767098806629464
wheat,IN,IN-04-0183,2010,348.316,124.31,647.1,42.742,30.35088,76.84481,1514.0,14.43,1.495,4.0,0.3532707981478375,-0.8710756334294013
wheat,IN,IN-04-0183,2011,348.316,124.31,647.1,42.742,30.35088,76.84481,1514.0,14.43,1.495,4.0,0.3313115499538273,0.6317603669608304
wheat,IN,IN-04-0183,2012,348.316,124.31,647.1,42.742,30.35088,76.84481,1514.0,14.43,1.495,4.0,-0.8533286997744409,-0.49597685139285186
wheat,IN,IN-04-0183,2013,348.316,124.31,647.1,42.742,30.35088,76.84481,1514.0,14.43,1.495,4.0,-0.6018505860294469,1.1380961106342988
wheat,IN,IN-04-0183,2014,348.316,124.31,647.1,42.742,30.35088,76.84481,1514.0,14.43,1.495,4.0,-1.05006730936082,1.1577140939468569
wheat,IN,IN-04-0183,2015,348.316,124.31,647.1,42.742,30.35088,76.84481,1514.0,14.43,1.495,4.0,-0.8295444826779588,1.8333746519009102
wheat,IN,IN-04-0183,2016,348.316,124.31,647.1,42.742,30.35088,76.84481,1514.0,14.43,1.495,4.0,-1.411673910966029,0.7810332650854711
wheat,IN,IN-04-0183,2017,348.316,124.31,647.1,42.742,30.35088,76.84481,1514.0,14.43,1.495,4.0,-0.9945351444044003,1.379914830562986
wheat,IN,IN-04-0184,2003,345.346,100.663,1892.3,76.396,29.72832,76.81855,2477.0,11.206,1.506,5.0,1.8424312783262247,-0.5693251165486932
wheat,IN,IN-04-0184,2004,345.346,100.663,1892.3,76.396,29.72832,76.81855,2477.0,11.206,1.506,5.0,1.6449608393588107,-1.1871248474725022
wheat,IN,IN-04-0184,2005,345.346,100.663,1892.3,76.396,29.72832,76.81855,2477.0,11.206,1.506,5.0,1.4694237477499075,-0.46978261538503735
wheat,IN,IN-04-0184,2006,345.346,100.663,1892.3,76.396,29.72832,76.81855,2477.0,11.206,1.506,5.0,0.08553325668121561,0.3473112469556679
wheat,IN,IN-04-0184,2007,345.346,100.663,1892.3,76.396,29.72832,76.81855,2477.0,11.206,1.506,5.0,0.18909300197214887,0.06809767703290326
wheat,IN,IN-04-0184,2008,345.346,100.663,1892.3,76.396,29.72832,76.81855,2477.0,11.206,1.506,5.0,0.48840389735447515,-0.22940472154600497
wheat,IN,IN-04-0184,2009,345.346,100.663,1892.3,76.396,29.72832,76.81855,2477.0,11.206,1.506,5.0,-0.5309820860484186,-0.0246439844970891
wheat,IN,IN-04-0184,2010,345.346,100.663,1892.3,76.396,29.72832,76.81855,2477.0,11.206,1.506,5.0,0.15209169858832294,-1.5612840344363028
wheat,IN,IN-04-0184,2011,345.346,100.663,1892.3,76.396,29.72832,76.81855,2477.0,11.206,1.506,5.0,0.03673810308047961,0.687481802271218
wheat,IN,IN-04-0184,2012,345.346,100.663,1892.3,76.396,29.72832,76.81855,2477.0,11.206,1.506,5.0,-0.7702696795509563,-0.8186452825790893
wheat,IN,IN-04-0184,2013,345.346,100.663,1892.3,76.396,29.72832,76.81855,2477.0,11.206,1.506,5.0,-0.5239302157316647,1.9467187422025312
wheat,IN,IN-04-0184,2014,345.346,100.663,1892.3,76.396,29.72832,76.81855,2477.0,11.206,1.506,5.0,-1.1220652605484132,-0.6482821101993432
wheat,IN,IN-04-0184,2015,345.346,100.663,1892.3,76.396,29.72832,76.81855,2477.0,11.206,1.506,5.0,-0.9134970139143775,1.245900653672639
wheat,IN,IN-04-0184,2016,345.346,100.663,1892.3,76.396,29.72832,76.81855,2477.0,11.206,1.506,5.0,-1.2407298355253262,1.2062190656858212
wheat,IN,IN-04-0184,2017,345.346,100.663,1892.3,76.396,29.72832,76.81855,2477.0,11.206,1.506,5.0,-0.8072017317924213,1.4112028397761283
wheat,IN,IN-04-0185,2003,346.059,108.291,986.4,58.857,30.08068,76.7077,1676.0,11.419,1.506,5.0,1.9307877618274856,-1.3245480222815507
wheat,IN,IN-04-0185,2004,346.059,108.291,986.4,58.857,30.08068,76.7077,1676.0,11.419,1.506,5.0,1.2170588816894408,-0.7985530825781881
wheat,IN,IN-04-0185,2005,346.059,108.291,986.4,58.857,30.08068,76.7077,1676.0,11.419,1.506,5.0,1.3974641067025118,0.315662766936678
wheat,IN,IN-04-0185,2006,346.059,108.291,986.4,58.857,30.08068,76.7077,1676.0,11.419,1.506,5.0,0.1425783910623895,1.0771678963953926
wheat,IN,IN-04-0185,2007,346.059,108.291,986.4,58.857,30.08068,76.7077,1676.0,11.419,1.506,5.0,0.40149906928096957,0.00867325016551719
wheat,IN,IN-04-0185,2008,346.059,108.291,986.4,58.857,30.08068,76.7077,1676.0,11.419,1.506,5.0,0.5986437917442945,-0.8255508160135544
wheat,IN,IN-04-0185,2009,346.059,108.291,986.4,58.857,30.08068,76.7077,1676.0,11.419,1.506,5.0,-0.5903607536394525,-0.3127264662955915
wheat,IN,IN-04-0185,2010,346.059,108.291,986.4,58.857,30.08068,76.7077,1676.0,11.419,1.506,5.0,0.39697277624632354,-1.0119956133224246
wheat,IN,IN-04-0185,2011,346.059,108.291,986.4,58.857,30.08068,76.7077,1676.0,11.419,1.506,5.0,0.19563775009323184,-0.09705948950343096
wheat,IN,IN-04-0185,2012,346.059,108.291,986.4,58.857,30.08068,76.7077,1676.0,11.419,1.506,5.0,-0.8640041867454336,-0.6026196806949375
wheat,IN,IN-04-0185,2013,346.059,108.291,986.4,58.857,30.08068,76.7077,1676.0,11.419,1.506,5.0,-0.5975940876755141,1.2052732920342348
wheat,IN,IN-04-0185,2014,346.059,108.291,986.4,58.857,30.08068,76.7077,1676.0,11.419,1.506,5.0,-1.1206335652367354,-0.763202459240165
wheat,IN,IN-04-0185,2015,346.059,108.291,986.4,58.857,30.08068,76.7077,1676.0,11.419,1.506,5.0,-0.8006424938271144,1.6749464398455198
wheat,IN,IN-04-0185,2016,346.059,108.291,986.4,58.857,30.08068,76.7077,1676.0,11.419,1.506,5.0,-1.36712123990979,1.3781440821860451
wheat,IN,IN-04-0185,2017,346.059,108.291,986.4,58.857,30.08068,76.7077,1676.0,11.419,1.506,5.0,-0.9402862016125958,1.445368178771038
wheat,IN,IN-04-0186,2003,344.467,100.965,1232.1,73.868,28.96927,76.47669,1668.0,14.289,1.454,6.0,2.0543533670554606,-0.3774387084890721
wheat,IN,IN-04-0186,2004,344.467,100.965,1232.1,73.868,28.96927,76.47669,1668.0,14.289,1.454,6.0,2.0486174964384216,-0.8854950387822541
wheat,IN,IN-04-0186,2005,344.467,100.965,1232.1,73.868,28.96927,76.47669,1668.0,14.289,1.454,6.0,1.0795592716827458,-0.18623360525853278
wheat,IN,IN-04-0186,2006,344.467,100.965,1232.1,73.868,28.96927,76.47669,1668.0,14.289,1.454,6.0,-0.1536632003944988,-0.6316168280611987
wheat,IN,IN-04-0186,2007,344.467,100.965,1232.1,73.868,28.96927,76.47669,1668.0,14.289,1.454,6.0,-0.12892435665615443,0.769496841290426
wheat,IN,IN-04-0186,2008,344.467,100.965,1232.1,73.868,28.96927,76.47669,1668.0,14.289,1.454,6.0,0.34536563498870904,0.6528965746349034
wheat,IN,IN-04-0186,2009,344.467,100.965,1232.1,73.868,28.96927,76.47669,1668.0,14.289,1.454,6.0,-0.5644946316590763,-0.001414012630371287
wheat,IN,IN-04-0186,2010,344.467,100.965,1232.1,73.868,28.96927,76.47669,1668.0,14.289,1.454,6.0,-0.08583527003343233,-0.061857624053572216
wheat,IN,IN-04-0186,2011,344.467,100.965,1232.1,73.868,28.96927,76.47669,1668.0,14.289,1.454,6.0,-0.06575646702986805,1.2033503975815063
wheat,IN,IN-04-0186,2012,344.467,100.965,1232.1,73.868,28.96927,76.47669,1668.0,14.289,1.454,6.0,-0.4798915399148241,-0.5806812464592983
wheat,IN,IN-04-0186,2013,344.467,100.965,1232.1,73.868,28.96927,76.47669,1668.0,14.289,1.454,6.0,-0.23934095751232012,0.7776992410010403
wheat,IN,IN-04-0186,2014,344.467,100.965,1232.1,73.868,28.96927,76.47669,1668.0,14.289,1.454,6.0,-1.0323852123806032,-0.558414732122921
wheat,IN,IN-04-0186,2015,344.467,100.965,1232.1,73.868,28.96927,76.47669,1668.0,14.289,1.454,6.0,-0.9211512501686749,1.0318474412653482
wheat,IN,IN-04-0186,2016,344.467,100.965,1232.1,73.868,28.96927,76.47669,1668.0,14.289,1.454,6.0,-0.9626197305077318,0.6638363432430241
wheat,IN,IN-04-0186,2017,344.467,100.965,1232.1,73.868,28.96927,76.47669,1668.0,14.289,1.454,6.0,-0.8938331539081715,1.6543840000919934
wheat,IN,IN-04-0187,2003,344.042,96.148,1570.6,72.047,29.1182,76.79722,2180.0,11.194,1.491,5.0,1.917324226604202,0.21164274270067945
wheat,IN,IN-04-0187,2004,344.042,96.148,1570.6,72.047,29.1182,76.79722,2180.0,11.194,1.491,5.0,1.9943796824291027,-1.0481924117709278
wheat,IN,IN-04-0187,2005,344.042,96.148,1570.6,72.047,29.1182,76.79722,2180.0,11.194,1.491,5.0,1.2350238497534323,-0.5079514041442322
wheat,IN,IN-04-0187,2006,344.042,96.148,1570.6,72.047,29.1182,76.79722,2180.0,11.194,1.491,5.0,-0.048824515807728196,-0.5205868053526331
wheat,IN,IN-04-0187,2007,344.042,96.148,1570.6,72.047,29.1182,76.79722,2180.0,11.194,1.491,5.0,0.01609934646319575,0.5809264270622456
wheat,IN,IN-04-0187,2008,344.042,96.148,1570.6,72.047,29.1182,76.79722,2180.0,11.194,1.491,5.0,0.3655932231976018,0.5794704213380991
wheat,IN,IN-04-0187,2009,344.042,96.148,1570.6,72.047,29.1182,76.79722,2180.0,11.194,1.491,5.0,-0.4979972626579182,-0.15289494571744366
wheat,IN,IN-04-0187,2010,344.042,96.148,1570.6,72.047,29.1182,76.79722,2180.0,11.194,1.491,5.0,-0.10053660241371376,-0.4257259907156176
wheat,IN,IN-04-0187,2011,344.042,96.148,1570.6,72.047,29.1182,76.79722,2180.0,11.194,1.491,5.0,-0.04612468799295919,0.962633478094542
wheat,IN,IN-04-0187,2012,344.042,96.148,1570.6,72.047,29.1182,76.79722,2180.0,11.194,1.491,5.0,-0.5308589517898441,-1.1987812698104654
wheat,IN,IN-04-0187,2013,344.042,96.148,1570.6,72.047,29.1182,76.79722,2180.0,11.194,1.491,5.0,-0.29802939576829424,0.9244937932683042
wheat,IN,IN-04-0187,2014,344.042,96.148,1570.6,72.047,29.1182,76.79722,2180.0,11.194,1.491,5.0,-1.0655338870568833,-0.008962279625590333
wheat,IN,IN-04-0187,2015,344.042,96.148,1570.6,72.047,29.1182,76.79722,2180.0,11.194,1.491,5.0,-0.9815803200851735,0.9099498601212364
wheat,IN,IN-04-0187,2016,344.042,96.148,1570.6,72.047,29.1182,76.79722,2180.0,11.194,1.491,5.0,-1.114167132013875,0.2917979072722337
wheat,IN,IN-04-0187,2017,344.042,96.148,1570.6,72.047,29.1182,76.79722,2180.0,11.194,1.491,5.0,-0.8447675728611663,2.2494751263364905
wheat,IN,IN-04-0188,2003,342.715,96.385,316.9,42.598,28.36921,77.32745,744.0,10.98,1.557,5.0,2.0024382987018305,0.6871315526382914
wheat,IN,IN-04-0188,2004,342.715,96.385,316.9,42.598,28.36921,77.32745,744.0,10.98,1.557,5.0,2.021318917366922,0.6964790248431454
wheat,IN,IN-04-0188,2005,342.715,96.385,316.9,42.598,28.36921,77.32745,744.0,10.98,1.557,5.0,0.8744441577409476,-0.11843600905097414
wheat,IN,IN-04-0188,2006,342.715,96.385,316.9,42.598,28.36921,77.32745,744.0,10.98,1.557,5.0,-0.11115271300941888,0.13209542435554733
wheat,IN,IN-04-0188,2007,342.715,96.385,316.9,42.598,28.36921,77.32745,744.0,10.98,1.557,5.0,-0.19160672802339818,0.8478840038180091
wheat,IN,IN-04-0188,2008,342.715,96.385,316.9,42.598,28.36921,77.32745,744.0,10.98,1.557,5.0,0.5883801377046011,0.2924980412110431
wheat,IN,IN-04-0188,2009,342.715,96.385,316.9,42.598,28.36921,77.32745,744.0,10.98,1.557,5.0,-0.4626882811673611,-1.3477580754155087
wheat,IN,IN-04-0188,2010,342.715,96.385,316.9,42.598,28.36921,77.32745,744.0,10.98,1.557,5.0,-0.06415696187894948,-2.1065821976097876
wheat,IN,IN-04-0188,2011,342.715,96.385,316.9,42.598,28.36921,77.32745,744.0,10.98,1.557,5.0,-0.07760048689700028,1.1958266065336993
wheat,IN,IN-04-0188,2012,342.715,96.385,316.9,42.598,28.36921,77.32745,744.0,10.98,1.557,5.0,-0.32934653618022897,-0.8623635874049711
wheat,IN,IN-04-0188,2013,342.715,96.385,316.9,42.598,28.36921,77.32745,744.0,10.98,1.557,5.0,-0.06610050328138291,1.0934127919946994
wheat,IN,IN-04-0188,2014,342.715,96.385,316.9,42.598,28.36921,77.32745,744.0,10.98,1.557,5.0,-0.9454058370211325,-0.47011574905292025
wheat,IN,IN-04-0188,2015,342.715,96.385,316.9,42.598,28.36921,77.32745,744.0,10.98,1.557,5.0,-1.187378179154881,1.0737414827738074
wheat,IN,IN-04-0188,2016,342.715,96.385,316.9,42.598,28.36921,77.32745,744.0,10.98,1.557,5.0,-1.0374977782471109,-0.4645045324220902
wheat,IN,IN-04-0188,2017,342.715,96.385,316.9,42.598,28.36921,77.32745,744.0,10.98,1.557,5.0,-1.0136475066534476,1.120616089267572
wheat,IN,IN-04-0523,2003,348.685,125.676,540.0,31.375,30.25,77.20101,1721.0,14.901,1.492,4.0,1.9891891797864578,-0.307417972828534
wheat,IN,IN-04-0523,2004,348.685,125.676,540.0,31.375,30.25,77.20101,1721.0,14.901,1.492,4.0,1.1241767416170345,-0.8720512685899625
wheat,IN,IN-04-0523,2005,348.685,125.676,540.0,31.375,30.25,77.20101,1721.0,14.901,1.492,4.0,1.1771313533291303,-0.7349844902710695
wheat,IN,IN-04-0523,2006,348.685,125.676,540.0,31.375,30.25,77.20101,1721.0,14.901,1.492,4.0,0.1646217765284568,0.25843092706681003
wheat,IN,IN-04-0523,2007,348.685,125.676,540.0,31.375,30.25,77.20101,1721.0,14.901,1.492,4.0,0.5016312796956308,-0.25627365256028906
wheat,IN,IN-04-0523,2008,348.685,125.676,540.0,31.375,30.25,77.20101,1721.0,14.901,1.492,4.0,0.6983675687479188,-1.5063544939612554
wheat,IN,IN-04-0523,2009,348.685,125.676,540.0,31.375,30.25,77.20101,1721.0,14.901,1.492,4.0,-0.6444332996930692,-0.6250760872366454
wheat,IN,IN-04-0523,2010,348.685,125.676,540.0,31.375,30.25,77.20101,1721.0,14.901,1.492,4.0,0.2782712637314272,-0.6664738319206277
wheat,IN,IN-04-0523,2011,348.685,125.676,540.0,31.375,30.25,77.20101,1721.0,14.901,1.492,4.0,0.44823843051953266,0.18643792716322685
wheat,IN,IN-04-0523,2012,348.685,125.676,540.0,31.375,30.25,77.20101,1721.0,14.901,1.492,4.0,-0.8588145135172723,-0.45869150677749737
wheat,IN,IN-04-0523,2013,348.685,125.676,540.0,31.375,30.25,77.20101,1721.0,14.901,1.492,4.0,-0.507783505170338,1.734263292279832
wheat,IN,IN-04-0523,2014,348.685,125.676,540.0,31.375,30.25,77.20101,1721.0,14.901,1.492,4.0,-1.1231130133697251,1.393013233577425
wheat,IN,IN-04-0523,2015,348.685,125.676,540.0,31.375,30.25,77.20101,1721.0,14.901,1.492,4.0,-0.9929936356260122,1.4051158916077615
wheat,IN,IN-04-0523,2016,348.685,125.676,540.0,31.375,30.25,77.20101,1721.0,14.901,1.492,4.0,-1.4005843876230732,1.0227889703260151
wheat,IN,IN-04-0523,2017,348.685,125.676,540.0,31.375,30.25,77.20101,1721.0,14.901,1.492,4.0,-0.8539052389561066,1.2219478608796277
wheat,IN,IN-04-0524,2003,346.256,98.799,1721.6,75.708,29.83891,76.36742,2274.0,11.163,1.474,5.0,1.8457751790639971,-1.1129998261368563
wheat,IN,IN-04-0524,2004,346.256,98.799,1721.6,75.708,29.83891,76.36742,2274.0,11.163,1.474,5.0,1.5937561384981833,-1.0258006342290982
wheat,IN,IN-04-0524,2005,346.256,98.799,1721.6,75.708,29.83891,76.36742,2274.0,11.163,1.474,5.0,1.4624264670328657,-0.2976223675513698
wheat,IN,IN-04-0524,2006,346.256,98.799,1721.6,75.708,29.83891,76.36742,2274.0,11.163,1.474,5.0,0.15340795831953682,0.3534526345960035
wheat,IN,IN-04-0524,2007,346.256,98.799,1721.6,75.708,29.83891,76.36742,2274.0,11.163,1.474,5.0,0.24122077569598754,0.45099333488551474
wheat,IN,IN-04-0524,2008,346.256,98.799,1721.6,75.708,29.83891,76.36742,2274.0,11.163,1.474,5.0,0.47634348633407186,-1.0273117148702777
wheat,IN,IN-04-0524,2009,346.256,98.799,1721.6,75.708,29.83891,76.36742,2274.0,11.163,1.474,5.0,-0.5494542515680156,0.44769830066115074
wheat,IN,IN-04-0524,2010,346.256,98.799,1721.6,75.708,29.83891,76.36742,2274.0,11.163,1.474,5.0,0.23475384849237832,-0.14749347329573217
wheat,IN,IN-04-0524,2011,346.256,98.799,1721.6,75.708,29.83891,76.36742,2274.0,11.163,1.474,5.0,-0.026023515725735524,1.077130204202282
wheat,IN,IN-04-0524,2012,346.256,98.799,1721.6,75.708,29.83891,76.36742,2274.0,11.163,1.474,5.0,-0.7662799144779175,-0.5834729570447583
wheat,IN,IN-04-0524,2013,346.256,98.799,1721.6,75.708,29.83891,76.36742,2274.0,11.163,1.474,5.0,-0.5425029040419845,0.9120531059044277
wheat,IN,IN-04-0524,2014,346.256,98.799,1721.6,75.708,29.83891,76.36742,2274.0,11.163,1.474,5.0,-1.135910790615224,-0.7505460614572778
wheat,IN,IN-04-0524,2015,346.256,98.799,1721.6,75.708,29.83891,76.36742,2274.0,11.163,1.474,5.0,-0.8290612131336743,1.3260395593159686
wheat,IN,IN-04-0524,2016,346.256,98.799,1721.6,75.708,29.83891,76.36742,2274.0,11.163,1.474,5.0,-1.251659651828542,0.9058802721794523
wheat,IN,IN-04-0524,2017,346.256,98.799,1721.6,75.708,29.83891,76.36742,2274.0,11.163,1.474,5.0,-0.9067916120459272,1.77993689425172
wheat,IN,IN-04-0525,2003,344.821,95.509,928.8,71.283,29.38343,76.87699,1303.0,11.211,1.509,5.0,1.8732755641873997,-0.12014013731405525
wheat,IN,IN-04-0525,2004,344.821,95.509,928.8,71.283,29.38343,76.87699,1303.0,11.211,1.509,5.0,1.8926016940425914,-1.2456576189805821
wheat,IN,IN-04-0525,2005,344.821,95.509,928.8,71.283,29.38343,76.87699,1303.0,11.211,1.509,5.0,1.351110548013312,-0.5074623185579278
wheat,IN,IN-04-0525,2006,344.821,95.509,928.8,71.283,29.38343,76.87699,1303.0,11.211,1.509,5.0,0.009211707450804388,0.1534157847210716
wheat,IN,IN-04-0525,2007,344.821,95.509,928.8,71.283,29.38343,76.87699,1303.0,11.211,1.509,5.0,0.08116515696836288,-0.12668660813926644
wheat,IN,IN-04-0525,2008,344.821,95.509,928.8,71.283,29.38343,76.87699,1303.0,11.211,1.509,5.0,0.40310695358772664,0.7864015912672645
wheat,IN,IN-04-0525,2009,344.821,95.509,928.8,71.283,29.38343,76.87699,1303.0,11.211,1.509,5.0,-0.4749062111624358,-0.5395925511012455
wheat,IN,IN-04-0525,2010,344.821,95.509,928.8,71.283,29.38343,76.87699,1303.0,11.211,1.509,5.0,-0.038641808083220555,-0.8806068852292676
wheat,IN,IN-04-0525,2011,344.821,95.509,928.8,71.283,29.38343,76.87699,1303.0,11.211,1.509,5.0,-0.034370751171904614,1.10190006634113
wheat,IN,IN-04-0525,2012,344.821,95.509,928.8,71.283,29.38343,76.87699,1303.0,11.211,1.509,5.0,-0.6483793224056226,-0.2065066438806175
wheat,IN,IN-04-0525,2013,344.821,95.509,928.8,71.283,29.38343,76.87699,1303.0,11.211,1.509,5.0,-0.40791745806645907,0.9416436239260523
wheat,IN,IN-04-0525,2014,344.821,95.509,928.8,71.283,29.38343,76.87699,1303.0,11.211,1.509,5.0,-1.0888863975949998,0.08432497887069573
wheat,IN,IN-04-0525,2015,344.821,95.509,928.8,71.283,29.38343,76.87699,1303.0,11.211,1.509,5.0,-0.9606130249002456,1.144315186460062
wheat,IN,IN-04-0525,2016,344.821,95.509,928.8,71.283,29.38343,76.87699,1303.0,11.211,1.509,5.0,-1.1737341669968289,1.1763998684344716
wheat,IN,IN-04-0525,2017,344.821,95.509,928.8,71.283,29.38343,76.87699,1303.0,11.211,1.509,5.0,-0.78302248386848,1.4596219182607577
wheat,IN,IN-04-0526,2003,343.822,110.568,1076.7,69.332,28.29102,76.48653,1553.0,13.445,1.451,6.0,1.920259164535142,-0.4050318387941768
wheat,IN,IN-04-0526,2004,343.822,110.568,1076.7,69.332,28.29102,76.48653,1553.0,13.445,1.451,6.0,2.289854057016056,-0.3852521737222235
wheat,IN,IN-04-0526,2005,343.822,110.568,1076.7,69.332,28.29102,76.48653,1553.0,13.445,1.451,6.0,0.8708139170486694,-0.8056838781033934
wheat,IN,IN-04-0526,2006,343.822,110.568,1076.7,69.332,28.29102,76.48653,1553.0,13.445,1.451,6.0,-0.2052163797728146,-0.7013301638359983
wheat,IN,IN-04-0526,2007,343.822,110.568,1076.7,69.332,28.29102,76.48653,1553.0,13.445,1.451,6.0,-0.19881739950884988,0.15041757933905053
wheat,IN,IN-04-0526,2008,343.822,110.568,1076.7,69.332,28.29102,76.48653,1553.0,13.445,1.451,6.0,0.3724199173320289,0.8856521884730875
wheat,IN,IN-04-0526,2009,343.822,110.568,1076.7,69.332,28.29102,76.48653,1553.0,13.445,1.451,6.0,-0.6624361781226625,-0.3072970231445097
wheat,IN,IN-04-0526,2010,343.822,110.568,1076.7,69.332,28.29102,76.48653,1553.0,13.445,1.451,6.0,-0.2846375636028864,-0.35790969553451285
wheat,IN,IN-04-0526,2011,343.822,110.568,1076.7,69.332,28.29102,76.48653,1553.0,13.445,1.451,6.0,-0.1819338545669532,1.21668636637026
wheat,IN,IN-04-0526,2012,343.822,110.568,1076.7,69.332,28.29102,76.48653,1553.0,13.445,1.451,6.0,-0.30245141579467993,-0.3058273266685688
wheat,IN,IN-04-0526,2013,343.822,110.568,1076.7,69.332,28.29102,76.48653,1553.0,13.445,1.451,6.0,0.06000520690905436,1.4313270231948696
wheat,IN,IN-04-0526,2014,343.822,110.568,1076.7,69.332,28.29102,76.48653,1553.0,13.445,1.451,6.0,-0.9031175769530927,0.02754444985934265
wheat,IN,IN-04-0526,2015,343.822,110.568,1076.7,69.332,28.29102,76.48653,1553.0,13.445,1.451,6.0,-1.1030853312052176,1.778677239092659
wheat,IN,IN-04-0526,2016,343.822,110.568,1076.7,69.332,28.29102,76.48653,1553.0,13.445,1.451,6.0,-0.7556302071980201,0.8489407512824179
wheat,IN,IN-04-0526,2017,343.822,110.568,1076.7,69.332,28.29102,76.48653,1553.0,13.445,1.451,6.0,-0.9160263561157718,0.16324333059742455
wheat,IN,IN-04-1007,2003,347.061,102.056,2245.6,88.899,29.62047,75.52811,2526.0,15.697,1.445,6.0,2.4924994919366523,-1.3508024117089892
wheat,IN,IN-04-1007,2004,347.061,102.056,2245.6,88.899,29.62047,75.52811,2526.0,15.697,1.445,6.0,1.351604341444798,-0.5105405444629102
wheat,IN,IN-04-1007,2005,347.061,102.056,2245.6,88.899,29.62047,75.52811,2526.0,15.697,1.445,6.0,1.173070707709864,-0.8341104348622049
wheat,IN,IN-04-1007,2006,347.061,102.056,2245.6,88.899,29.62047,75.52811,2526.0,15.697,1.445,6.0,-0.16944678273574842,0.04960984758749671
wheat,IN,IN-04-1007,2007,347.061,102.056,2245.6,88.899,29.62047,75.52811,2526.0,15.697,1.445,6.0,0.12136302626627493,0.18609208689407755
wheat,IN,IN-04-1007,2008,347.061,102.056,2245.6,88.899,29.62047,75.52811,2526.0,15.697,1.445,6.0,0.2533910402696599,0.5099562416760722
wheat,IN,IN-04-1007,2009,347.061,102.056,2245.6,88.899,29.62047,75.52811,2526.0,15.697,1.445,6.0,-0.687896170487962,-0.018232201190628045
wheat,IN,IN-04-1007,2010,347.061,102.056,2245.6,88.899,29.62047,75.52811,2526.0,15.697,1.445,6.0,0.3594491564568507,-0.44179240128086295
wheat,IN,IN-04-1007,2011,347.061,102.056,2245.6,88.899,29.62047,75.52811,2526.0,15.697,1.445,6.0,-0.2096541305900342,1.658994553077882
wheat,IN,IN-04-1007,2012,347.061,102.056,2245.6,88.899,29.62047,75.52811,2526.0,15.697,1.445,6.0,-0.6985489670314129,-0.08915797945866932
wheat,IN,IN-04-1007,2013,347.061,102.056,2245.6,88.899,29.62047,75.52811,2526.0,15.697,1.445,6.0,-0.5096740244245634,0.6451906462588279
wheat,IN,IN-04-1007,2014,347.061,102.056,2245.6,88.899,29.62047,75.52811,2526.0,15.697,1.445,6.0,-0.9467128882524243,0.35391952948638383
wheat,IN,IN-04-1007,2015,347.061,102.056,2245.6,88.899,29.62047,75.52811,2526.0,15.697,1.445,6.0,-0.6616017242992679,1.1639753593994884
wheat,IN,IN-04-1007,2016,347.061,102.056,2245.6,88.899,29.62047,75.52811,2526.0,15.697,1.445,6.0,-0.9806650424728743,1.1082767453495685
wheat,IN,IN-04-1007,2017,347.061,102.056,2245.6,88.899,29.62047,75.52811,2526.0,15.697,1.445,6.0,-0.8871780337897848,0.8390518528397816
wheat,IN,IN-04-1008,2003,344.212,105.316,1324.6,71.291,28.65513,76.58649,1858.0,14.666,1.447,6.0,1.9805426535976152,-0.5915890813113817
wheat,IN,IN-04-1008,2004,344.212,105.316,1324.6,71.291,28.65513,76.58649,1858.0,14.666,1.447,6.0,2.2647304086175426,-0.09844068320967797
wheat,IN,IN-04-1008,2005,344.212,105.316,1324.6,71.291,28.65513,76.58649,1858.0,14.666,1.447,6.0,0.9150484638711885,-0.6501188190541588
wheat,IN,IN-04-1008,2006,344.212,105.316,1324.6,71.291,28.65513,76.58649,1858.0,14.666,1.447,6.0,-0.2785916821989305,-1.1712804419316039
wheat,IN,IN-04-1008,2007,344.212,105.316,1324.6,71.291,28.65513,76.58649,1858.0,14.666,1.447,6.0,-0.23955382901613143,0.31491470132532845
wheat,IN,IN-04-1008,2008,344.212,105.316,1324.6,71.291,28.65513,76.58649,1858.0,14.666,1.447,6.0,0.28170284057777656,0.8726164106185952
wheat,IN,IN-04-1008,2009,344.212,105.316,1324.6,71.291,28.65513,76.58649,1858.0,14.666,1.447,6.0,-0.6626437399855033,-0.1926527366649564
wheat,IN,IN-04-1008,2010,344.212,105.316,1324.6,71.291,28.65513,76.58649,1858.0,14.666,1.447,6.0,-0.17366261147649723,-0.21311839557432538
wheat,IN,IN-04-1008,2011,344.212,105.316,1324.6,71.291,28.65513,76.58649,1858.0,14.666,1.447,6.0,-0.1833841996766045,0.7817059849295034
wheat,IN,IN-04-1008,2012,344.212,105.316,1324.6,71.291,28.65513,76.58649,1858.0,14.666,1.447,6.0,-0.3259510858359929,-0.37754389157092616
wheat,IN,IN-04-1008,2013,344.212,105.316,1324.6,71.291,28.65513,76.58649,1858.0,14.666,1.447,6.0,0.03759510492921567,1.2751205854252814
wheat,IN,IN-04-1008,2014,344.212,105.316,1324.6,71.291,28.65513,76.58649,1858.0,14.666,1.447,6.0,-0.9229667215273268,-0.3735693205657823
wheat,IN,IN-04-1008,2015,344.212,105.316,1324.6,71.291,28.65513,76.58649,1858.0,14.666,1.447,6.0,-0.9914586956307979,1.4428096287851784
wheat,IN,IN-04-1008,2016,344.212,105.316,1324.6,71.291,28.65513,76.58649,1858.0,14.666,1.447,6.0,-0.8060711255716648,0.9975314993517046
wheat,IN,IN-04-1008,2017,344.212,105.316,1324.6,71.291,28.65513,76.58649,1858.0,14.666,1.447,6.0,-0.8953357806738663,1.2578309457889985
wheat,IN,IN-04-1009,2003,349.459,131.575,86.6,9.828,30.65075,76.9199,881.0,15.327,1.487,4.0,2.0833042858668995,-0.5386685586222585
wheat,IN,IN-04-1009,2004,349.459,131.575,86.6,9.828,30.65075,76.9199,881.0,15.327,1.487,4.0,1.0850425383002817,-0.7277683735457166
wheat,IN,IN-04-1009,2005,349.459,131.575,86.6,9.828,30.65075,76.9199,881.0,15.327,1.487,4.0,1.0796811262351307,-0.5143625063880453
wheat,IN,IN-04-1009,2006,349.459,131.575,86.6,9.828,30.65075,76.9199,881.0,15.327,1.487,4.0,0.207887590295169,-0.631869245702208
wheat,IN,IN-04-1009,2007,349.459,131.575,86.6,9.828,30.65075,76.9199,881.0,15.327,1.487,4.0,0.47396208297333065,-0.4096559556205228
wheat,IN,IN-04-1009,2008,349.459,131.575,86.6,9.828,30.65075,76.9199,881.0,15.327,1.487,4.0,0.7201450608566814,-0.504847757082762
wheat,IN,IN-04-1009,2009,349.459,131.575,86.6,9.828,30.65075,76.9199,881.0,15.327,1.487,4.0,-0.6416535709278772,-0.5305572300233687
wheat,IN,IN-04-1009,2010,349.459,131.575,86.6,9.828,30.65075,76.9199,881.0,15.327,1.487,4.0,0.23380292037481837,-0.3399565158928355
wheat,IN,IN-04-1009,2011,349.459,131.575,86.6,9.828,30.65075,76.9199,881.0,15.327,1.487,4.0,0.45223084622440807,0.9323385258806439
wheat,IN,IN-04-1009,2012,349.459,131.575,86.6,9.828,30.65075,76.9199,881.0,15.327,1.487,4.0,-0.7764348215626554,-0.2330879073919014
wheat,IN,IN-04-1009,2013,349.459,131.575,86.6,9.828,30.65075,76.9199,881.0,15.327,1.487,4.0,-0.6085072641725349,1.247921639995102
wheat,IN,IN-04-1009,2014,349.459,131.575,86.6,9.828,30.65075,76.9199,881.0,15.327,1.487,4.0,-0.967705897296864,0.9211278561518427
wheat,IN,IN-04-1009,2015,349.459,131.575,86.6,9.828,30.65075,76.9199,881.0,15.327,1.487,4.0,-0.814314790685459,1.7935305772026138
wheat,IN,IN-04-1009,2016,349.459,131.575,86.6,9.828,30.65075,76.9199,881.0,15.327,1.487,4.0,-1.4791038893419313,0.9374205704423101
wheat,IN,IN-04-1009,2017,349.459,131.575,86.6,9.828,30.65075,76.9199,881.0,15.327,1.487,4.0,-1.048336217139403,1.4673580743172316
wheat,IN,IN-04-2002,2005,341.476,102.465,917.0,60.526,28.02666,77.01355,1515.0,11.33,1.539,5.0,1.7816297928338003,-1.0655785047021316
wheat,IN,IN-04-2002,2006,341.476,102.465,917.0,60.526,28.02666,77.01355,1515.0,11.33,1.539,5.0,0.21619409565665307,-1.8208746381372694
wheat,IN,IN-04-2002,2007,341.476,102.465,917.0,60.526,28.02666,77.01355,1515.0,11.33,1.539,5.0,0.06244657950262743,-0.36074808526892643
wheat,IN,IN-04-2002,2008,341.476,102.465,917.0,60.526,28.02666,77.01355,1515.0,11.33,1.539,5.0,1.5470912042179368,0.4275600798361327
wheat,IN,IN-04-2002,2009,341.476,102.465,917.0,60.526,28.02666,77.01355,1515.0,11.33,1.539,5.0,-0.60264104101734,-0.9786899510116361
wheat,IN,IN-04-2002,2010,341.476,102.465,917.0,60.526,28.02666,77.01355,1515.0,11.33,1.539,5.0,0.29835428764909383,-0.3664815664974664
wheat,IN,IN-04-2002,2011,341.476,102.465,917.0,60.526,28.02666,77.01355,1515.0,11.33,1.539,5.0,0.3141875490824246,1.3753696323783964
wheat,IN,IN-04-2002,2012,341.476,102.465,917.0,60.526,28.02666,77.01355,1515.0,11.33,1.539,5.0,0.14117278868800662,-0.3564357233192577
wheat,IN,IN-04-2002,2013,341.476,102.465,917.0,60.526,28.02666,77.01355,1515.0,11.33,1.539,5.0,0.7177948725936054,1.0269503884901587
wheat,IN,IN-04-2002,2014,341.476,102.465,917.0,60.526,28.02666,77.01355,1515.0,11.33,1.539,5.0,-0.8530078833140459,-0.40077874748990017
wheat,IN,IN-04-2002,2015,341.476,102.465,917.0,60.526,28.02666,77.01355,1515.0,11.33,1.539,5.0,-1.4647211250887198,1.2370730247229356
wheat,IN,IN-04-2002,2016,341.476,102.465,917.0,60.526,28.02666,77.01355,1515.0,11.33,1.539,5.0,-0.8636049012365156,0.11358372684462054
wheat,IN,IN-04-2002,2017,341.476,102.465,917.0,60.526,28.02666,77.01355,1515.0,11.33,1.539,5.0,-1.2948962195675033,1.1690503641543597
wheat,IN,IN-04-2003,2008,340.917,98.595,1084.7,79.754,28.10979,77.2885,1360.0,11.535,1.543,5.0,1.9214559422772546,0.40488641599691205
wheat,IN,IN-04-2003,2009,340.917,98.595,1084.7,79.754,28.10979,77.2885,1360.0,11.535,1.543,5.0,-0.1330952394579432,-1.3834348695037797
wheat,IN,IN-04-2003,2010,340.917,98.595,1084.7,79.754,28.10979,77.2885,1360.0,11.535,1.543,5.0,0.5741355397655984,-0.7573606834528601
wheat,IN,IN-04-2003,2011,340.917,98.595,1084.7,79.754,28.10979,77.2885,1360.0,11.535,1.543,5.0,0.579038661194619,0.6117517902914523
wheat,IN,IN-04-2003,2012,340.917,98.595,1084.7,79.754,28.10979,77.2885,1360.0,11.535,1.543,5.0,0.2689690223880266,-0.7745564805513382
wheat,IN,IN-04-2003,2013,340.917,98.595,1084.7,79.754,28.10979,77.2885,1360.0,11.535,1.543,5.0,0.7143058716943471,1.3256479520004725
wheat,IN,IN-04-2003,2014,340.917,98.595,1084.7,79.754,28.10979,77.2885,1360.0,11.535,1.543,5.0,-0.7035981076798679,-0.6549214655258447
wheat,IN,IN-04-2003,2015,340.917,98.595,1084.7,79.754,28.10979,77.2885,1360.0,11.535,1.543,5.0,-1.2849857030053353,0.5786648389091553
wheat,IN,IN-04-2003,2016,340.917,98.595,1084.7,79.754,28.10979,77.2885,1360.0,11.535,1.543,5.0,-0.8630558048013514,-0.8247895489249333
wheat,IN,IN-04-2003,2017,340.917,98.595,1084.7,79.754,28.10979,77.2885,1360.0,11.535,1.543,5.0,-1.0731701823753619,1.4741120507607455
wheat,IN,IN-05-0072,2003,316.05,101.762,8.9,0.105,14.41521,76.61991,8435.0,13.547,1.609,4.0,-1.3000086164866052,-2.0493893157133236
wheat,IN,IN-05-0072,2004,316.05,101.762,8.9,0.105,14.41521,76.61991,8435.0,13.547,1.609,4.0,-1.1812211947988134,-0.8816811262813515
wheat,IN,IN-05-0072,2005,316.05,101.762,8.9,0.105,14.41521,76.61991,8435.0,13.547,1.609,4.0,0.37311392339587796,0.208429439688523
wheat,IN,IN-05-0072,2006,316.05,101.762,8.9,0.105,14.41521,76.61991,8435.0,13.547,1.609,4.0,-0.12158299112006564,-0.8597327471091164
wheat,IN,IN-05-0072,2007,316.05,101.762,8.9,0.105,14.41521,76.61991,8435.0,13.547,1.609,4.0,0.6556834960170124,0.34932608250291985
wheat,IN,IN-05-0072,2008,316.05,101.762,8.9,0.105,14.41521,76.61991,8435.0,13.547,1.609,4.0,1.4551657484834202,0.24311247375923087
wheat,IN,IN-05-0072,2009,316.05,101.762,8.9,0.105,14.41521,76.61991,8435.0,13.547,1.609,4.0,0.5497355298220947,0.4228643237957081
wheat,IN,IN-05-0072,2010,316.05,101.762,8.9,0.105,14.41521,76.61991,8435.0,13.547,1.609,4.0,1.7420600975665406,2.5287760128827728
wheat,IN,IN-05-0072,2011,316.05,101.762,8.9,0.105,14.41521,76.61991,8435.0,13.547,1.609,4.0,1.457207676972116,0.45691478951373377
wheat,IN,IN-05-0072,2012,316.05,101.762,8.9,0.105,14.41521,76.61991,8435.0,13.547,1.609,4.0,-1.0019086353239306,-0.22821801910796322
wheat,IN,IN-05-0072,2013,316.05,101.762,8.9,0.105,14.41521,76.61991,8435.0,13.547,1.609,4.0,0.013543404079896541,-0.13668330142375318
wheat,IN,IN-05-0072,2014,316.05,101.762,8.9,0.105,14.41521,76.61991,8435.0,13.547,1.609,4.0,-0.6129074857079793,0.8964624041205077
wheat,IN,IN-05-0072,2015,316.05,101.762,8.9,0.105,14.41521,76.61991,8435.0,13.547,1.609,4.0,-0.7012330067467436,0.9164810448353253
wheat,IN,IN-05-0072,2016,316.05,101.762,8.9,0.105,14.41521,76.61991,8435.0,13.547,1.609,4.0,-0.656061168838929,-1.0256448607038906
wheat,IN,IN-05-0072,2017,316.05,101.762,8.9,0.105,14.41521,76.61991,8435.0,13.547,1.609,4.0,-0.6715867773139478,-0.5783944322650005
wheat,IN,IN-05-0073,2003,317.09,103.302,177.2,2.093,15.4448,76.82441,8462.0,15.057,1.613,4.0,-1.306933834642111,-2.178241245137299
wheat,IN,IN-05-0073,2004,317.09,103.302,177.2,2.093,15.4448,76.82441,8462.0,15.057,1.613,4.0,-1.3111624274188285,-1.4148841249246784
wheat,IN,IN-05-0073,2005,317.09,103.302,177.2,2.093,15.4448,76.82441,8462.0,15.057,1.613,4.0,0.5001971658677293,-0.30562957883922837
wheat,IN,IN-05-0073,2006,317.09,103.302,177.2,2.093,15.4448,76.82441,8462.0,15.057,1.613,4.0,-0.3596447189038103,-0.02073928222081816
wheat,IN,IN-05-0073,2007,317.09,103.302,177.2,2.093,15.4448,76.82441,8462.0,15.057,1.613,4.0,1.139227480120696,-0.2737072437642332
wheat,IN,IN-05-0073,2008,317.09,103.302,177.2,2.093,15.4448,76.82441,8462.0,15.057,1.613,4.0,0.879530025514874,0.3253156830432512
wheat,IN,IN-05-0073,2009,317.09,103.302,177.2,2.093,15.4448,76.82441,8462.0,15.057,1.613,4.0,0.5710612653866881,0.12681605009146132
wheat,IN,IN-05-0073,2010,317.09,103.302,177.2,2.093,15.4448,76.82441,8462.0,15.057,1.613,4.0,1.8730559353164544,1.129909595103073
wheat,IN,IN-05-0073,2011,317.09,103.302,177.2,2.093,15.4448,76.82441,8462.0,15.057,1.613,4.0,1.0236242220589329,1.0103166485420618
wheat,IN,IN-05-0073,2012,317.09,103.302,177.2,2.093,15.4448,76.82441,8462.0,15.057,1.613,4.0,-1.2713556789273461,0.02951578358205587
wheat,IN,IN-05-0073,2013,317.09,103.302,177.2,2.093,15.4448,76.82441,8462.0,15.057,1.613,4.0,0.3450582036727521,0.918691921787112
wheat,IN,IN-05-0073,2014,317.09,103.302,177.2,2.093,15.4448,76.82441,8462.0,15.057,1.613,4.0,-0.46245875716626716,1.606021630903402
wheat,IN,IN-05-0073,2015,317.09,103.302,177.2,2.093,15.4448,76.82441,8462.0,15.057,1.613,4.0,-1.0642649865456568,1.2408361627616697
wheat,IN,IN-05-0073,2016,317.09,103.302,177.2,2.093,15.4448,76.82441,8462.0,15.057,1.613,4.0,-0.23861339604515414,-0.5075852321861593
wheat,IN,IN-05-0073,2017,317.09,103.302,177.2,2.093,15.4448,76.82441,8462.0,15.057,1.613,4.0,-0.317320498288998,-1.0978557924950316
wheat,IN,IN-05-0074,2003,322.079,99.225,20.7,0.486,15.57175,75.24271,4255.0,13.144,1.599,4.0,-0.6268203155697571,-1.8102915326980016
wheat,IN,IN-05-0074,2004,322.079,99.225,20.7,0.486,15.57175,75.24271,4255.0,13.144,1.599,4.0,-0.9910956565520785,-0.8961138127653171
wheat,IN,IN-05-0074,2005,322.079,99.225,20.7,0.486,15.57175,75.24271,4255.0,13.144,1.599,4.0,0.30660180134454884,-0.0805133198114798
wheat,IN,IN-05-0074,2006,322.079,99.225,20.7,0.486,15.57175,75.24271,4255.0,13.144,1.599,4.0,0.668707440159526,0.37846558100093247
wheat,IN,IN-05-0074,2007,322.079,99.225,20.7,0.486,15.57175,75.24271,4255.0,13.144,1.599,4.0,0.9628169084891878,0.3749786550338444
wheat,IN,IN-05-0074,2008,322.079,99.225,20.7,0.486,15.57175,75.24271,4255.0,13.144,1.599,4.0,0.1653046327429779,0.7152580292058757
wheat,IN,IN-05-0074,2009,322.079,99.225,20.7,0.486,15.57175,75.24271,4255.0,13.144,1.599,4.0,0.17981468040952084,0.7779284279754156
wheat,IN,IN-05-0074,2010,322.079,99.225,20.7,0.486,15.57175,75.24271,4255.0,13.144,1.599,4.0,1.9838107615400962,1.7337926519370308
wheat,IN,IN-05-0074,2011,322.079,99.225,20.7,0.486,15.57175,75.24271,4255.0,13.144,1.599,4.0,1.4276961852907086,1.207748672524338
wheat,IN,IN-05-0074,2012,322.079,99.225,20.7,0.486,15.57175,75.24271,4255.0,13.144,1.599,4.0,-1.3049912244676372,-0.6544145997968579
wheat,IN,IN-05-0074,2013,322.079,99.225,20.7,0.486,15.57175,75.24271,4255.0,13.144,1.599,4.0,0.4506788311333852,0.3978394513908305
wheat,IN,IN-05-0074,2014,322.079,99.225,20.7,0.486,15.57175,75.24271,4255.0,13.144,1.599,4.0,-0.4332006025686674,1.1810667381931144
wheat,IN,IN-05-0074,2015,322.079,99.225,20.7,0.486,15.57175,75.24271,4255.0,13.144,1.599,4.0,-1.4123375670371352,0.23600387559931976
wheat,IN,IN-05-0074,2016,322.079,99.225,20.7,0.486,15.57175,75.24271,4255.0,13.144,1.599,4.0,-0.4803634210284243,-1.6825156068148373
wheat,IN,IN-05-0074,2017,322.079,99.225,20.7,0.486,15.57175,75.24271,4255.0,13.144,1.599,4.0,-0.8966224538861717,-0.6146595892069662
wheat,IN,IN-05-0075,2003,325.791,93.456,80.1,0.597,16.36419,74.9583,13424.0,14.109,1.573,4.0,-0.49433929715894004,-2.1534121700065834
wheat,IN,IN-05-0075,2004,325.791,93.456,80.1,0.597,16.36419,74.9583,13424.0,14.109,1.573,4.0,-0.7642965670332934,-1.2789542285097337
wheat,IN,IN-05-0075,2005,325.791,93.456,80.1,0.597,16.36419,74.9583,13424.0,14.109,1.573,4.0,0.500349601738521,-0.13014989676510752
wheat,IN,IN-05-0075,2006,325.791,93.456,80.1,0.597,16.36419,74.9583,13424.0,14.109,1.573,4.0,0.6585049689648792,0.25369373032176096
wheat,IN,IN-05-0075,2007,325.791,93.456,80.1,0.597,16.36419,74.9583,13424.0,14.109,1.573,4.0,0.6937333922797777,0.3276776424976987
wheat,IN,IN-05-0075,2008,325.791,93.456,80.1,0.597,16.36419,74.9583,13424.0,14.109,1.573,4.0,-0.10097598047641655,-0.16617974381699863
wheat,IN,IN-05-0075,2009,325.791,93.456,80.1,0.597,16.36419,74.9583,13424.0,14.109,1.573,4.0,0.45413899272887687,0.31898078286448484
wheat,IN,IN-05-0075,2010,325.791,93.456,80.1,0.597,16.36419,74.9583,13424.0,14.109,1.573,4.0,2.141555555933121,1.4208277199011983
wheat,IN,IN-05-0075,2011,325.791,93.456,80.1,0.597,16.36419,74.9583,13424.0,14.109,1.573,4.0,1.1876872767566375,1.0401700349404233
wheat,IN,IN-05-0075,2012,325.791,93.456,80.1,0.597,16.36419,74.9583,13424.0,14.109,1.573,4.0,-1.3465179450559575,-0.1478614414666397
wheat,IN,IN-05-0075,2013,325.791,93.456,80.1,0.597,16.36419,74.9583,13424.0,14.109,1.573,4.0,0.4051132658332187,0.46431151937809956
wheat,IN,IN-05-0075,2014,325.791,93.456,80.1,0.597,16.36419,74.9583,13424.0,14.109,1.573,4.0,-0.48754223185232387,1.444270629060498
wheat,IN,IN-05-0075,2015,325.791,93.456,80.1,0.597,16.36419,74.9583,13424.0,14.109,1.573,4.0,-1.6289417480525348,0.9849964587366831
wheat,IN,IN-05-0075,2016,325.791,93.456,80.1,0.597,16.36419,74.9583,13424.0,14.109,1.573,4.0,-0.30738570682401617,-0.3660211541030839
wheat,IN,IN-05-0075,2017,325.791,93.456,80.1,0.597,16.36419,74.9583,13424.0,14.109,1.573,4.0,-0.9110835777815338,0.3375446775965123
wheat,IN,IN-05-0076,2003,325.746,82.271,54.7,0.521,17.02957,75.96967,10490.0,15.729,1.599,4.0,-0.8524691830706032,-1.5291190405524442
wheat,IN,IN-05-0076,2004,325.746,82.271,54.7,0.521,17.02957,75.96967,10490.0,15.729,1.599,4.0,-0.7525493510742799,-0.8292496467352182
wheat,IN,IN-05-0076,2005,325.746,82.271,54.7,0.521,17.02957,75.96967,10490.0,15.729,1.599,4.0,-0.13593527419675566,-0.49519028290022543
wheat,IN,IN-05-0076,2006,325.746,82.271,54.7,0.521,17.02957,75.96967,10490.0,15.729,1.599,4.0,-0.22824414718664285,-0.041989457679403736
wheat,IN,IN-05-0076,2007,325.746,82.271,54.7,0.521,17.02957,75.96967,10490.0,15.729,1.599,4.0,0.885923884388493,0.20576032677464556
wheat,IN,IN-05-0076,2009,325.746,82.271,54.7,0.521,17.02957,75.96967,10490.0,15.729,1.599,4.0,0.2453615158430387,0.16591642089064737
wheat,IN,IN-05-0076,2010,325.746,82.271,54.7,0.521,17.02957,75.96967,10490.0,15.729,1.599,4.0,2.2219928996367746,1.07110414055045
wheat,IN,IN-05-0076,2011,325.746,82.271,54.7,0.521,17.02957,75.96967,10490.0,15.729,1.599,4.0,0.8675077352011906,0.2799216062573074
wheat,IN,IN-05-0076,2012,325.746,82.271,54.7,0.521,17.02957,75.96967,10490.0,15.729,1.599,4.0,-1.368354314593264,-0.005733391661736268
wheat,IN,IN-05-0076,2013,325.746,82.271,54.7,0.521,17.02957,75.96967,10490.0,15.729,1.599,4.0,0.9361228745376949,1.156942534946443
wheat,IN,IN-05-0076,2014,325.746,82.271,54.7,0.521,17.02957,75.96967,10490.0,15.729,1.599,4.0,-0.31674804081129543,1.3197681849508236
wheat,IN,IN-05-0076,2015,325.746,82.271,54.7,0.521,17.02957,75.96967,10490.0,15.729,1.599,4.0,-1.4432312538003058,0.26518285164214006
wheat,IN,IN-05-0076,2016,325.746,82.271,54.7,0.521,17.02957,75.96967,10490.0,15.729,1.599,4.0,0.25994755044881007,0.5526808376392562
wheat,IN,IN-05-0076,2017,325.746,82.271,54.7,0.521,17.02957,75.96967,10490.0,15.729,1.599,4.0,-0.31932489532285524,1.205239813365809
wheat,IN,IN-05-0077,2003,326.13,89.333,310.4,5.693,18.11124,77.19823,5452.0,14.329,1.554,4.0,-0.2800624951631443,-0.958509277922208
wheat,IN,IN-05-0077,2004,326.13,89.333,310.4,5.693,18.11124,77.19823,5452.0,14.329,1.554,4.0,-0.6300941811604897,-0.815585563918325
wheat,IN,IN-05-0077,2005,326.13,89.333,310.4,5.693,18.11124,77.19823,5452.0,14.329,1.554,4.0,-0.4922928634188212,-0.7844844051164136
wheat,IN,IN-05-0077,2006,326.13,89.333,310.4,5.693,18.11124,77.19823,5452.0,14.329,1.554,4.0,0.05572132927309979,0.6497015307688006
wheat,IN,IN-05-0077,2007,326.13,89.333,310.4,5.693,18.11124,77.19823,5452.0,14.329,1.554,4.0,0.9786152864613208,-0.9760221343256422
wheat,IN,IN-05-0077,2008,326.13,89.333,310.4,5.693,18.11124,77.19823,5452.0,14.329,1.554,4.0,0.27673761440043915,-0.7980550771225351
wheat,IN,IN-05-0077,2009,326.13,89.333,310.4,5.693,18.11124,77.19823,5452.0,14.329,1.554,4.0,-0.9907445643008632,-0.9095919353315935
wheat,IN,IN-05-0077,2010,326.13,89.333,310.4,5.693,18.11124,77.19823,5452.0,14.329,1.554,4.0,1.4400242511499206,0.6777758317338536
wheat,IN,IN-05-0077,2011,326.13,89.333,310.4,5.693,18.11124,77.19823,5452.0,14.329,1.554,4.0,-0.031086384860118853,-0.0979521968066423
wheat,IN,IN-05-0077,2012,326.13,89.333,310.4,5.693,18.11124,77.19823,5452.0,14.329,1.554,4.0,-1.1565488442797252,1.208848024989347
wheat,IN,IN-05-0077,2013,326.13,89.333,310.4,5.693,18.11124,77.19823,5452.0,14.329,1.554,4.0,2.1147989636994935,1.1915013024418395
wheat,IN,IN-05-0077,2014,326.13,89.333,310.4,5.693,18.11124,77.19823,5452.0,14.329,1.554,4.0,-0.33653059902044385,1.233385834553763
wheat,IN,IN-05-0077,2015,326.13,89.333,310.4,5.693,18.11124,77.19823,5452.0,14.329,1.554,4.0,-1.6747820621699385,0.5343735785089753
wheat,IN,IN-05-0077,2016,326.13,89.333,310.4,5.693,18.11124,77.19823,5452.0,14.329,1.554,4.0,0.6767808056285549,0.3814550087430044
wheat,IN,IN-05-0077,2017,326.13,89.333,310.4,5.693,18.11124,77.19823,5452.0,14.329,1.554,4.0,0.04946374376068423,1.664827169322076
wheat,IN,IN-05-0078,2003,320.362,101.766,368.2,4.36,16.01475,76.83035,8445.0,15.647,1.61,4.0,-1.3096557682702843,-2.2996117270956264
wheat,IN,IN-05-0078,2004,320.362,101.766,368.2,4.36,16.01475,76.83035,8445.0,15.647,1.61,4.0,-1.280145995972284,-1.4075584947753832
wheat,IN,IN-05-0078,2005,320.362,101.766,368.2,4.36,16.01475,76.83035,8445.0,15.647,1.61,4.0,0.40288411759590825,-0.4095882016434664
wheat,IN,IN-05-0078,2006,320.362,101.766,368.2,4.36,16.01475,76.83035,8445.0,15.647,1.61,4.0,-0.359929107232448,0.5477741219558466
wheat,IN,IN-05-0078,2007,320.362,101.766,368.2,4.36,16.01475,76.83035,8445.0,15.647,1.61,4.0,1.2437055587354486,-0.12653293695456927
wheat,IN,IN-05-0078,2008,320.362,101.766,368.2,4.36,16.01475,76.83035,8445.0,15.647,1.61,4.0,0.7237133252855136,0.616187261972452
wheat,IN,IN-05-0078,2009,320.362,101.766,368.2,4.36,16.01475,76.83035,8445.0,15.647,1.61,4.0,0.4958518184183036,0.10420511426332116
wheat,IN,IN-05-0078,2010,320.362,101.766,368.2,4.36,16.01475,76.83035,8445.0,15.647,1.61,4.0,1.9211545293109882,1.3919827431268252
wheat,IN,IN-05-0078,2011,320.362,101.766,368.2,4.36,16.01475,76.83035,8445.0,15.647,1.61,4.0,0.6495344242993806,0.7041791880013062
wheat,IN,IN-05-0078,2012,320.362,101.766,368.2,4.36,16.01475,76.83035,8445.0,15.647,1.61,4.0,-1.351227011942919,-0.57026568366802
wheat,IN,IN-05-0078,2013,320.362,101.766,368.2,4.36,16.01475,76.83035,8445.0,15.647,1.61,4.0,0.616282796677153,0.9857164614746862
wheat,IN,IN-05-0078,2014,320.362,101.766,368.2,4.36,16.01475,76.83035,8445.0,15.647,1.61,4.0,-0.4490040310370928,1.1966748389645332
wheat,IN,IN-05-0078,2015,320.362,101.766,368.2,4.36,16.01475,76.83035,8445.0,15.647,1.61,4.0,-1.196255805008571,1.1263831658169208
wheat,IN,IN-05-0078,2016,320.362,101.766,368.2,4.36,16.01475,76.83035,8445.0,15.647,1.61,4.0,0.14783388037545964,-0.834867941486818
wheat,IN,IN-05-0078,2017,320.362,101.766,368.2,4.36,16.01475,76.83035,8445.0,15.647,1.61,4.0,-0.2547427312344612,-0.8073597859710009
wheat,IN,IN-05-0079,2003,325.903,93.097,358.1,3.268,17.32446,76.86651,10958.0,14.706,1.557,4.0,-0.8474067432039643,-1.559091099199196
wheat,IN,IN-05-0079,2004,325.903,93.097,358.1,3.268,17.32446,76.86651,10958.0,14.706,1.557,4.0,-0.8559877007891563,-0.7057903729709972
wheat,IN,IN-05-0079,2005,325.903,93.097,358.1,3.268,17.32446,76.86651,10958.0,14.706,1.557,4.0,-0.24690403153156443,-0.033817715848420096
wheat,IN,IN-05-0079,2006,325.903,93.097,358.1,3.268,17.32446,76.86651,10958.0,14.706,1.557,4.0,-0.17220926836879144,0.14019271093682373
wheat,IN,IN-05-0079,2007,325.903,93.097,358.1,3.268,17.32446,76.86651,10958.0,14.706,1.557,4.0,1.0962566405823064,0.15675246566818807
wheat,IN,IN-05-0079,2008,325.903,93.097,358.1,3.268,17.32446,76.86651,10958.0,14.706,1.557,4.0,0.3671511962709463,-0.154639210929953
wheat,IN,IN-05-0079,2009,325.903,93.097,358.1,3.268,17.32446,76.86651,10958.0,14.706,1.557,4.0,-0.4420327793321055,-0.6032175969473678
wheat,IN,IN-05-0079,2010,325.903,93.097,358.1,3.268,17.32446,76.86651,10958.0,14.706,1.557,4.0,1.9281558368744007,1.2641796117339092
wheat,IN,IN-05-0079,2011,325.903,93.097,358.1,3.268,17.32446,76.86651,10958.0,14.706,1.557,4.0,0.32725696370091495,0.18645759271209225
wheat,IN,IN-05-0079,2012,325.903,93.097,358.1,3.268,17.32446,76.86651,10958.0,14.706,1.557,4.0,-1.2270137798583198,-0.37174629022275163
wheat,IN,IN-05-0079,2013,325.903,93.097,358.1,3.268,17.32446,76.86651,10958.0,14.706,1.557,4.0,1.529055222387079,1.274923005716909
wheat,IN,IN-05-0079,2014,325.903,93.097,358.1,3.268,17.32446,76.86651,10958.0,14.706,1.557,4.0,-0.36428569372155395,1.010355830338056
wheat,IN,IN-05-0079,2015,325.903,93.097,358.1,3.268,17.32446,76.86651,10958.0,14.706,1.557,4.0,-1.676632685332207,-0.13978664740799976
wheat,IN,IN-05-0079,2016,325.903,93.097,358.1,3.268,17.32446,76.86651,10958.0,14.706,1.557,4.0,0.5601275942978843,0.17414020813613196
wheat,IN,IN-05-0079,2017,325.903,93.097,358.1,3.268,17.32446,76.86651,10958.0,14.706,1.557,4.0,0.024469228024147485,2.101320852797592
wheat,IN,IN-05-1010,2003,323.203,88.584,36.6,0.559,16.33397,75.45493,6549.0,15.143,1.599,4.0,-0.6862350185506563,-1.8571753102624036
wheat,IN,IN-05-1010,2004,323.203,88.584,36.6,0.559,16.33397,75.45493,6549.0,15.143,1.599,4.0,-0.8475062519186618,-1.0980856129563987
wheat,IN,IN-05-1010,2005,323.203,88.584,36.6,0.559,16.33397,75.45493,6549.0,15.143,1.599,4.0,0.2651781749055776,-0.5162324797908067
wheat,IN,IN-05-1010,2006,323.203,88.584,36.6,0.559,16.33397,75.45493,6549.0,15.143,1.599,4.0,0.3431764450298733,-0.02339900557959633
wheat,IN,IN-05-1010,2007,323.203,88.584,36.6,0.559,16.33397,75.45493,6549.0,15.143,1.599,4.0,0.864346788036472,0.3623528498893903
wheat,IN,IN-05-1010,2009,323.203,88.584,36.6,0.559,16.33397,75.45493,6549.0,15.143,1.599,4.0,0.522961691272914,0.2991359906319299
wheat,IN,IN-05-1010,2010,323.203,88.584,36.6,0.559,16.33397,75.45493,6549.0,15.143,1.599,4.0,2.1718710063179723,1.2609353493347004
wheat,IN,IN-05-1010,2011,323.203,88.584,36.6,0.559,16.33397,75.45493,6549.0,15.143,1.599,4.0,1.1805552163556376,0.7793445235628615
wheat,IN,IN-05-1010,2012,323.203,88.584,36.6,0.559,16.33397,75.45493,6549.0,15.143,1.599,4.0,-1.3027101979761315,-0.5146556420315492
wheat,IN,IN-05-1010,2013,323.203,88.584,36.6,0.559,16.33397,75.45493,6549.0,15.143,1.599,4.0,0.25012525164026633,0.8892334329689807
wheat,IN,IN-05-1010,2014,323.203,88.584,36.6,0.559,16.33397,75.45493,6549.0,15.143,1.599,4.0,-0.5098242553537211,1.5857280905197078
wheat,IN,IN-05-1010,2015,323.203,88.584,36.6,0.559,16.33397,75.45493,6549.0,15.143,1.599,4.0,-1.3815422321973934,0.6552439478127482
wheat,IN,IN-05-1010,2016,323.203,88.584,36.6,0.559,16.33397,75.45493,6549.0,15.143,1.599,4.0,-0.13154128195314074,-0.1912826061717481
wheat,IN,IN-05-1010,2017,323.203,88.584,36.6,0.559,16.33397,75.45493,6549.0,15.143,1.599,4.0,-0.7388553356090239,0.8004782452193892
wheat,IN,IN-05-1012,2003,320.299,105.316,2.7,0.045,14.65224,75.95663,5921.0,13.608,1.482,5.0,-0.8835583881614216,-2.1194900266462877
wheat,IN,IN-05-1012,2004,320.299,105.316,2.7,0.045,14.65224,75.95663,5921.0,13.608,1.482,5.0,-1.0016686760807851,-1.2637077548602311
wheat,IN,IN-05-1012,2005,320.299,105.316,2.7,0.045,14.65224,75.95663,5921.0,13.608,1.482,5.0,0.24407911247942604,-0.41615645023635384
wheat,IN,IN-05-1012,2006,320.299,105.316,2.7,0.045,14.65224,75.95663,5921.0,13.608,1.482,5.0,0.37993797394968365,-0.23073724864174536
wheat,IN,IN-05-1012,2007,320.299,105.316,2.7,0.045,14.65224,75.95663,5921.0,13.608,1.482,5.0,0.7168815578141335,-0.16241766321879228
wheat,IN,IN-05-1012,2008,320.299,105.316,2.7,0.045,14.65224,75.95663,5921.0,13.608,1.482,5.0,0.8772366099137083,0.0510212452827016
wheat,IN,IN-05-1012,2009,320.299,105.316,2.7,0.045,14.65224,75.95663,5921.0,13.608,1.482,5.0,0.3407056162802554,0.4804704273150772
wheat,IN,IN-05-1012,2010,320.299,105.316,2.7,0.045,14.65224,75.95663,5921.0,13.608,1.482,5.0,1.659794052647184,2.053324348881284
wheat,IN,IN-05-1012,2011,320.299,105.316,2.7,0.045,14.65224,75.95663,5921.0,13.608,1.482,5.0,1.7868297307659151,0.68720772964719
wheat,IN,IN-05-1012,2012,320.299,105.316,2.7,0.045,14.65224,75.95663,5921.0,13.608,1.482,5.0,-1.063943552188346,-0.4274488238931487
wheat,IN,IN-05-1012,2013,320.299,105.316,2.7,0.045,14.65224,75.95663,5921.0,13.608,1.482,5.0,0.4250943119178501,0.5206266044067165
wheat,IN,IN-05-1012,2014,320.299,105.316,2.7,0.045,14.65224,75.95663,5921.0,13.608,1.482,5.0,-0.5457119713469787,1.3970171004232503
wheat,IN,IN-05-1012,2015,320.299,105.316,2.7,0.045,14.65224,75.95663,5921.0,13.608,1.482,5.0,-1.3202447265165105,0.9036580526771055
wheat,IN,IN-05-1012,2016,320.299,105.316,2.7,0.045,14.65224,75.95663,5921.0,13.608,1.482,5.0,-0.7507151146870509,-0.9449745858235645
wheat,IN,IN-05-1012,2017,320.299,105.316,2.7,0.045,14.65224,75.95663,5921.0,13.608,1.482,5.0,-0.8647165367870413,0.12703819965528204
wheat,IN,IN-05-1013,2003,320.07,97.048,20.5,0.439,15.66866,75.56071,4654.0,13.144,1.619,4.0,-0.8121681181072626,-2.2591250766640827
wheat,IN,IN-05-1013,2004,320.07,97.048,20.5,0.439,15.66866,75.56071,4654.0,13.144,1.619,4.0,-0.9868982602910495,-0.6805828163171733
wheat,IN,IN-05-1013,2005,320.07,97.048,20.5,0.439,15.66866,75.56071,4654.0,13.144,1.619,4.0,0.2219790054743489,-0.05892275424716151
wheat,IN,IN-05-1013,2006,320.07,97.048,20.5,0.439,15.66866,75.56071,4654.0,13.144,1.619,4.0,0.38063047576304654,-0.0033767863813200815
wheat,IN,IN-05-1013,2007,320.07,97.048,20.5,0.439,15.66866,75.56071,4654.0,13.144,1.619,4.0,0.8380101712064174,0.09034665904468125
wheat,IN,IN-05-1013,2008,320.07,97.048,20.5,0.439,15.66866,75.56071,4654.0,13.144,1.619,4.0,0.37245403825918577,0.36358294324301416
wheat,IN,IN-05-1013,2009,320.07,97.048,20.5,0.439,15.66866,75.56071,4654.0,13.144,1.619,4.0,0.321289361151697,0.7877645218414687
wheat,IN,IN-05-1013,2010,320.07,97.048,20.5,0.439,15.66866,75.56071,4654.0,13.144,1.619,4.0,2.1245140705067302,2.1356365578759884
wheat,IN,IN-05-1013,2011,320.07,97.048,20.5,0.439,15.66866,75.56071,4654.0,13.144,1.619,4.0,1.5093650823009441,1.2984261570822548
wheat,IN,IN-05-1013,2012,320.07,97.048,20.5,0.439,15.66866,75.56071,4654.0,13.144,1.619,4.0,-1.3007413823643603,-0.5012920943421596
wheat,IN,IN-05-1013,2013,320.07,97.048,20.5,0.439,15.66866,75.56071,4654.0,13.144,1.619,4.0,0.22833400346890873,0.4800681589061939
wheat,IN,IN-05-1013,2014,320.07,97.048,20.5,0.439,15.66866,75.56071,4654.0,13.144,1.619,4.0,-0.48027033748389863,0.9587458299685485
wheat,IN,IN-05-1013,2015,320.07,97.048,20.5,0.439,15.66866,75.56071,4654.0,13.144,1.619,4.0,-1.3358716079042567,0.10547429529245543
wheat,IN,IN-05-1013,2016,320.07,97.048,20.5,0.439,15.66866,75.56071,4654.0,13.144,1.619,4.0,-0.32449653950246954,-0.8159247848509686
wheat,IN,IN-05-1013,2017,320.07,97.048,20.5,0.439,15.66866,75.56071,4654.0,13.144,1.619,4.0,-0.756129962477998,-0.7854023764474777
wheat,IN,IN-05-1014,2003,323.616,104.158,9.0,0.187,14.86523,75.34825,4820.0,13.571,1.592,4.0,-0.6015547372515271,-2.136935002916795
wheat,IN,IN-05-1014,2004,323.616,104.158,9.0,0.187,14.86523,75.34825,4820.0,13.571,1.592,4.0,-0.8041213220795264,-1.1583755865954701
wheat,IN,IN-05-1014,2005,323.616,104.158,9.0,0.187,14.86523,75.34825,4820.0,13.571,1.592,4.0,0.5308027849122677,-0.5465308881328325
wheat,IN,IN-05-1014,2006,323.616,104.158,9.0,0.187,14.86523,75.34825,4820.0,13.571,1.592,4.0,0.9583131342562368,-0.3201066153403843
wheat,IN,IN-05-1014,2007,323.616,104.158,9.0,0.187,14.86523,75.34825,4820.0,13.571,1.592,4.0,0.9402895861998435,0.08031149287098269
wheat,IN,IN-05-1014,2008,323.616,104.158,9.0,0.187,14.86523,75.34825,4820.0,13.571,1.592,4.0,0.38402967743758,0.4180490500732072
wheat,IN,IN-05-1014,2009,323.616,104.158,9.0,0.187,14.86523,75.34825,4820.0,13.571,1.592,4.0,0.04949620440387861,0.3096485677397401
wheat,IN,IN-05-1014,2010,323.616,104.158,9.0,0.187,14.86523,75.34825,4820.0,13.571,1.592,4.0,1.5370137669883128,1.6488946453948827
wheat,IN,IN-05-1014,2011,323.616,104.158,9.0,0.187,14.86523,75.34825,4820.0,13.571,1.592,4.0,1.3760570738089293,0.9039023294919968
wheat,IN,IN-05-1014,2012,323.616,104.158,9.0,0.187,14.86523,75.34825,4820.0,13.571,1.592,4.0,-1.1516801730627815,-0.06532003631360428
wheat,IN,IN-05-1014,2013,323.616,104.158,9.0,0.187,14.86523,75.34825,4820.0,13.571,1.592,4.0,0.7631454372837019,0.42592889077149754
wheat,IN,IN-05-1014,2014,323.616,104.158,9.0,0.187,14.86523,75.34825,4820.0,13.571,1.592,4.0,-0.4286175043661435,1.4444246373917922
wheat,IN,IN-05-1014,2015,323.616,104.158,9.0,0.187,14.86523,75.34825,4820.0,13.571,1.592,4.0,-1.4602793827758365,1.077371193349241
wheat,IN,IN-05-1014,2016,323.616,104.158,9.0,0.187,14.86523,75.34825,4820.0,13.571,1.592,4.0,-0.838605068319521,-0.3348549802837103
wheat,IN,IN-05-1014,2017,323.616,104.158,9.0,0.187,14.86523,75.34825,4820.0,13.571,1.592,4.0,-1.2542894774353768,0.2587667086852568
wheat,IN,IN-05-1015,2003,316.875,101.785,87.9,1.578,15.57624,76.42131,5568.0,13.605,1.579,5.0,-1.237984740805436,-2.271496138169605
wheat,IN,IN-05-1015,2004,316.875,101.785,87.9,1.578,15.57624,76.42131,5568.0,13.605,1.579,5.0,-1.2202150235596882,-0.8647523649717753
wheat,IN,IN-05-1015,2005,316.875,101.785,87.9,1.578,15.57624,76.42131,5568.0,13.605,1.579,5.0,0.30446812660347244,0.25074661832265827
wheat,IN,IN-05-1015,2006,316.875,101.785,87.9,1.578,15.57624,76.42131,5568.0,13.605,1.579,5.0,-0.31778719662070565,-0.5459211459203018
wheat,IN,IN-05-1015,2007,316.875,101.785,87.9,1.578,15.57624,76.42131,5568.0,13.605,1.579,5.0,1.0191851865065853,-0.13692615008972384
wheat,IN,IN-05-1015,2008,316.875,101.785,87.9,1.578,15.57624,76.42131,5568.0,13.605,1.579,5.0,0.7196808863098394,0.4478477575189599
wheat,IN,IN-05-1015,2009,316.875,101.785,87.9,1.578,15.57624,76.42131,5568.0,13.605,1.579,5.0,0.6388121340028766,0.4593337591660052
wheat,IN,IN-05-1015,2010,316.875,101.785,87.9,1.578,15.57624,76.42131,5568.0,13.605,1.579,5.0,1.9206501834030643,1.7507016482162245
wheat,IN,IN-05-1015,2011,316.875,101.785,87.9,1.578,15.57624,76.42131,5568.0,13.605,1.579,5.0,1.3039216410403587,0.7935515376446285
wheat,IN,IN-05-1015,2012,316.875,101.785,87.9,1.578,15.57624,76.42131,5568.0,13.605,1.579,5.0,-1.2910452570874071,-0.11624254559122175
wheat,IN,IN-05-1015,2013,316.875,101.785,87.9,1.578,15.57624,76.42131,5568.0,13.605,1.579,5.0,0.2803087116968098,0.809821838160018
wheat,IN,IN-05-1015,2014,316.875,101.785,87.9,1.578,15.57624,76.42131,5568.0,13.605,1.579,5.0,-0.47745491996099093,1.3271250807876516
wheat,IN,IN-05-1015,2015,316.875,101.785,87.9,1.578,15.57624,76.42131,5568.0,13.605,1.579,5.0,-1.145804184700333,0.41783452716156483
wheat,IN,IN-05-1015,2016,316.875,101.785,87.9,1.578,15.57624,76.42131,5568.0,13.605,1.579,5.0,-0.14508070839305312,-1.0885875945995858
wheat,IN,IN-05-1015,2017,316.875,101.785,87.9,1.578,15.57624,76.42131,5568.0,13.605,1.579,5.0,-0.3516548384353349,-1.108111955218055
wheat,IN,IN-06-0007,2003,340.335,109.031,2273.0,44.646,23.33384,79.85394,5091.0,14.689,1.574,4.0,1.3635414890462916,-0.9071467957045826
wheat,IN,IN-06-0007,2004,340.335,109.031,2273.0,44.646,23.33384,79.85394,5091.0,14.689,1.574,4.0,-0.3349168530978446,-0.5056242666313601
wheat,IN,IN-06-0007,2005,340.335,109.031,2273.0,44.646,23.33384,79.85394,5091.0,14.689,1.574,4.0,-0.14327827375264143,-0.8687150344354685
wheat,IN,IN-06-0007,2006,340.335,109.031,2273.0,44.646,23.33384,79.85394,5091.0,14.689,1.574,4.0,-0.8313061891221303,-0.11540676146412732
wheat,IN,IN-06-0007,2007,340.335,109.031,2273.0,44.646,23.33384,79.85394,5091.0,14.689,1.574,4.0,-0.7718277204640244,-0.2531954397458563
wheat,IN,IN-06-0007,2008,340.335,109.031,2273.0,44.646,23.33384,79.85394,5091.0,14.689,1.574,4.0,-0.22787134578205362,-0.4985931535631298
wheat,IN,IN-06-0007,2009,340.335,109.031,2273.0,44.646,23.33384,79.85394,5091.0,14.689,1.574,4.0,-0.9376908471237728,-0.5987755839759462
wheat,IN,IN-06-0007,2010,340.335,109.031,2273.0,44.646,23.33384,79.85394,5091.0,14.689,1.574,4.0,-0.9056698286363282,-0.4017691350157603
wheat,IN,IN-06-0007,2011,340.335,109.031,2273.0,44.646,23.33384,79.85394,5091.0,14.689,1.574,4.0,0.607401639416246,0.39280752922312606
wheat,IN,IN-06-0007,2012,340.335,109.031,2273.0,44.646,23.33384,79.85394,5091.0,14.689,1.574,4.0,0.6998829442914815,0.01683967418868817
wheat,IN,IN-06-0007,2013,340.335,109.031,2273.0,44.646,23.33384,79.85394,5091.0,14.689,1.574,4.0,2.5632979394585202,0.509493435971118
wheat,IN,IN-06-0007,2014,340.335,109.031,2273.0,44.646,23.33384,79.85394,5091.0,14.689,1.574,4.0,0.14004748370807696,0.980299563553792
wheat,IN,IN-06-0007,2015,340.335,109.031,2273.0,44.646,23.33384,79.85394,5091.0,14.689,1.574,4.0,-0.5696020791517677,1.5895100118109662
wheat,IN,IN-06-0007,2016,340.335,109.031,2273.0,44.646,23.33384,79.85394,5091.0,14.689,1.574,4.0,0.37540683842200434,1.5928392748511395
wheat,IN,IN-06-0007,2017,340.335,109.031,2273.0,44.646,23.33384,79.85394,5091.0,14.689,1.574,4.0,-1.0274151972119976,1.7490298943679141
wheat,IN,IN-06-0008,2003,338.915,105.55,102.0,1.104,21.92181,80.10752,9243.0,14.544,1.553,4.0,1.248331040393313,0.03945974837501974
wheat,IN,IN-06-0008,2004,338.915,105.55,102.0,1.104,21.92181,80.10752,9243.0,14.544,1.553,4.0,-0.6774943801710585,-0.693624765661497
wheat,IN,IN-06-0008,2005,338.915,105.55,102.0,1.104,21.92181,80.10752,9243.0,14.544,1.553,4.0,-0.5757317050209502,0.038145976844487624
wheat,IN,IN-06-0008,2006,338.915,105.55,102.0,1.104,21.92181,80.10752,9243.0,14.544,1.553,4.0,-0.8205708724088968,0.1112573625185604
wheat,IN,IN-06-0008,2007,338.915,105.55,102.0,1.104,21.92181,80.10752,9243.0,14.544,1.553,4.0,-0.004365974623872517,-0.26331652460037624
wheat,IN,IN-06-0008,2008,338.915,105.55,102.0,1.104,21.92181,80.10752,9243.0,14.544,1.553,4.0,0.19860239813771652,0.2532002704576198
wheat,IN,IN-06-0008,2009,338.915,105.55,102.0,1.104,21.92181,80.10752,9243.0,14.544,1.553,4.0,-0.8433823972338199,-0.18507574957034675
wheat,IN,IN-06-0008,2010,338.915,105.55,102.0,1.104,21.92181,80.10752,9243.0,14.544,1.553,4.0,0.07254492838209878,0.2730079027641023
wheat,IN,IN-06-0008,2011,338.915,105.55,102.0,1.104,21.92181,80.10752,9243.0,14.544,1.553,4.0,0.1255412814643753,0.38439046371603613
wheat,IN,IN-06-0008,2012,338.915,105.55,102.0,1.104,21.92181,80.10752,9243.0,14.544,1.553,4.0,0.581785772015747,0.07210191794129345
wheat,IN,IN-06-0008,2013,338.915,105.55,102.0,1.104,21.92181,80.10752,9243.0,14.544,1.553,4.0,2.8024179965697456,0.7801503081146071
wheat,IN,IN-06-0008,2014,338.915,105.55,102.0,1.104,21.92181,80.10752,9243.0,14.544,1.553,4.0,-0.35145671235749837,1.735538794291039
wheat,IN,IN-06-0008,2015,338.915,105.55,102.0,1.104,21.92181,80.10752,9243.0,14.544,1.553,4.0,-0.6887787522909758,1.9591243770917077
wheat,IN,IN-06-0008,2016,338.915,105.55,102.0,1.104,21.92181,80.10752,9243.0,14.544,1.553,4.0,0.11682154824908546,-0.19273208317889653
wheat,IN,IN-06-0008,2017,338.915,105.55,102.0,1.104,21.92181,80.10752,9243.0,14.544,1.553,4.0,-1.184264171105003,-0.5092818761669353
wheat,IN,IN-06-0009,2003,338.948,108.076,1973.5,16.702,22.11381,78.92222,11816.0,14.465,1.528,4.0,0.4090174762695082,-1.1486223432420501
wheat,IN,IN-06-0009,2004,338.948,108.076,1973.5,16.702,22.11381,78.92222,11816.0,14.465,1.528,4.0,-0.8903683742429729,-0.6895417972798934
wheat,IN,IN-06-0009,2005,338.948,108.076,1973.5,16.702,22.11381,78.92222,11816.0,14.465,1.528,4.0,-1.0851248350867824,-0.28699458547764234
wheat,IN,IN-06-0009,2006,338.948,108.076,1973.5,16.702,22.11381,78.92222,11816.0,14.465,1.528,4.0,-0.7181849574884993,0.04044677362100459
wheat,IN,IN-06-0009,2007,338.948,108.076,1973.5,16.702,22.11381,78.92222,11816.0,14.465,1.528,4.0,-0.10720173885514482,0.12347935295432201
wheat,IN,IN-06-0009,2008,338.948,108.076,1973.5,16.702,22.11381,78.92222,11816.0,14.465,1.528,4.0,-0.46583785505366015,-0.6457695911577319
wheat,IN,IN-06-0009,2009,338.948,108.076,1973.5,16.702,22.11381,78.92222,11816.0,14.465,1.528,4.0,-0.5361763193783305,-0.39638502409098647
wheat,IN,IN-06-0009,2010,338.948,108.076,1973.5,16.702,22.11381,78.92222,11816.0,14.465,1.528,4.0,-0.09921908073340925,0.9647430918343123
wheat,IN,IN-06-0009,2011,338.948,108.076,1973.5,16.702,22.11381,78.92222,11816.0,14.465,1.528,4.0,0.39579352847990207,0.36725448971496377
wheat,IN,IN-06-0009,2012,338.948,108.076,1973.5,16.702,22.11381,78.92222,11816.0,14.465,1.528,4.0,0.8015945434531535,0.1277374339457719
wheat,IN,IN-06-0009,2013,338.948,108.076,1973.5,16.702,22.11381,78.92222,11816.0,14.465,1.528,4.0,2.913855315413338,0.32907182924556255
wheat,IN,IN-06-0009,2014,338.948,108.076,1973.5,16.702,22.11381,78.92222,11816.0,14.465,1.528,4.0,0.11199361973974613,1.2877185350359697
wheat,IN,IN-06-0009,2015,338.948,108.076,1973.5,16.702,22.11381,78.92222,11816.0,14.465,1.528,4.0,-0.08316008809643402,1.6978287623832475
wheat,IN,IN-06-0009,2016,338.948,108.076,1973.5,16.702,22.11381,78.92222,11816.0,14.465,1.528,4.0,0.48345642922695703,0.44770180558918826
wheat,IN,IN-06-0009,2017,338.948,108.076,1973.5,16.702,22.11381,78.92222,11816.0,14.465,1.528,4.0,-1.1304376636473292,1.2518708156891816
wheat,IN,IN-06-0010,2003,339.529,108.906,1814.7,35.333,23.0122,79.0168,5136.0,14.819,1.59,4.0,0.8888948700527376,-1.3300957752094669
wheat,IN,IN-06-0010,2004,339.529,108.906,1814.7,35.333,23.0122,79.0168,5136.0,14.819,1.59,4.0,-0.6483220172058947,-0.29098107857923483
wheat,IN,IN-06-0010,2005,339.529,108.906,1814.7,35.333,23.0122,79.0168,5136.0,14.819,1.59,4.0,-0.859587030151712,-0.6884591450338822
wheat,IN,IN-06-0010,2006,339.529,108.906,1814.7,35.333,23.0122,79.0168,5136.0,14.819,1.59,4.0,-0.8475572611144357,0.03850100665110579
wheat,IN,IN-06-0010,2007,339.529,108.906,1814.7,35.333,23.0122,79.0168,5136.0,14.819,1.59,4.0,-0.6893281219301347,0.02757520001780427
wheat,IN,IN-06-0010,2008,339.529,108.906,1814.7,35.333,23.0122,79.0168,5136.0,14.819,1.59,4.0,-0.504858005391532,-0.623966156115464
wheat,IN,IN-06-0010,2009,339.529,108.906,1814.7,35.333,23.0122,79.0168,5136.0,14.819,1.59,4.0,-0.6559624566824686,-0.2343885847572017
wheat,IN,IN-06-0010,2010,339.529,108.906,1814.7,35.333,23.0122,79.0168,5136.0,14.819,1.59,4.0,-0.5125386473841129,-0.009361693635473343
wheat,IN,IN-06-0010,2011,339.529,108.906,1814.7,35.333,23.0122,79.0168,5136.0,14.819,1.59,4.0,0.7649933568423978,0.04131232531698393
wheat,IN,IN-06-0010,2012,339.529,108.906,1814.7,35.333,23.0122,79.0168,5136.0,14.819,1.59,4.0,0.8267185585538849,-0.3700773061231848
wheat,IN,IN-06-0010,2013,339.529,108.906,1814.7,35.333,23.0122,79.0168,5136.0,14.819,1.59,4.0,2.7127932772067562,0.48905687249623936
wheat,IN,IN-06-0010,2014,339.529,108.906,1814.7,35.333,23.0122,79.0168,5136.0,14.819,1.59,4.0,0.024437800090448696,1.5612986173350916
wheat,IN,IN-06-0010,2015,339.529,108.906,1814.7,35.333,23.0122,79.0168,5136.0,14.819,1.59,4.0,-0.21362225035094845,0.795565695716536
wheat,IN,IN-06-0010,2016,339.529,108.906,1814.7,35.333,23.0122,79.0168,5136.0,14.819,1.59,4.0,0.629688389293266,1.4113616218215892
wheat,IN,IN-06-0010,2017,339.529,108.906,1814.7,35.333,23.0122,79.0168,5136.0,14.819,1.59,4.0,-0.9157504618282521,1.9464492745603956
wheat,IN,IN-06-0011,2003,339.66,107.86,2055.7,23.472,22.38165,79.63438,8758.0,14.545,1.553,4.0,0.9569228356386875,-1.153006222440874
wheat,IN,IN-06-0011,2004,339.66,107.86,2055.7,23.472,22.38165,79.63438,8758.0,14.545,1.553,4.0,-0.7555142250876529,-0.5947257669095433
wheat,IN,IN-06-0011,2005,339.66,107.86,2055.7,23.472,22.38165,79.63438,8758.0,14.545,1.553,4.0,-0.6555629303262991,-0.3859878319145832
wheat,IN,IN-06-0011,2006,339.66,107.86,2055.7,23.472,22.38165,79.63438,8758.0,14.545,1.553,4.0,-0.7103973956977919,-0.6232532846921872
wheat,IN,IN-06-0011,2007,339.66,107.86,2055.7,23.472,22.38165,79.63438,8758.0,14.545,1.553,4.0,-0.22011949126962163,-0.012197651614166109
wheat,IN,IN-06-0011,2008,339.66,107.86,2055.7,23.472,22.38165,79.63438,8758.0,14.545,1.553,4.0,-0.2647729375563353,0.38338977111476114
wheat,IN,IN-06-0011,2009,339.66,107.86,2055.7,23.472,22.38165,79.63438,8758.0,14.545,1.553,4.0,-0.7932417318184243,-0.4391706998127814
wheat,IN,IN-06-0011,2010,339.66,107.86,2055.7,23.472,22.38165,79.63438,8758.0,14.545,1.553,4.0,-0.38604952883125154,0.8199538149929961
wheat,IN,IN-06-0011,2011,339.66,107.86,2055.7,23.472,22.38165,79.63438,8758.0,14.545,1.553,4.0,0.3329280507767448,0.3328052726221271
wheat,IN,IN-06-0011,2012,339.66,107.86,2055.7,23.472,22.38165,79.63438,8758.0,14.545,1.553,4.0,0.7615576198133789,0.5017344541165629
wheat,IN,IN-06-0011,2013,339.66,107.86,2055.7,23.472,22.38165,79.63438,8758.0,14.545,1.553,4.0,2.909262629722423,0.8546561849506408
wheat,IN,IN-06-0011,2014,339.66,107.86,2055.7,23.472,22.38165,79.63438,8758.0,14.545,1.553,4.0,0.03750523149906946,1.2635798205497915
wheat,IN,IN-06-0011,2015,339.66,107.86,2055.7,23.472,22.38165,79.63438,8758.0,14.545,1.553,4.0,-0.36943985937439433,1.6562302123692154
wheat,IN,IN-06-0011,2016,339.66,107.86,2055.7,23.472,22.38165,79.63438,8758.0,14.545,1.553,4.0,0.29760711895881803,0.6893741462195617
wheat,IN,IN-06-0011,2017,339.66,107.86,2055.7,23.472,22.38165,79.63438,8758.0,14.545,1.553,4.0,-1.1406853864473208,0.3399392563860172
wheat,IN,IN-06-0012,2003,340.188,109.308,446.4,5.947,22.63895,80.21053,7507.0,14.56,1.559,4.0,1.4527683180770015,-0.5374939608242381
wheat,IN,IN-06-0012,2004,340.188,109.308,446.4,5.947,22.63895,80.21053,7507.0,14.56,1.559,4.0,-0.5047570478268095,-0.14052226061613635
wheat,IN,IN-06-0012,2005,340.188,109.308,446.4,5.947,22.63895,80.21053,7507.0,14.56,1.559,4.0,-0.23270474209851708,-0.06646973665066405
wheat,IN,IN-06-0012,2006,340.188,109.308,446.4,5.947,22.63895,80.21053,7507.0,14.56,1.559,4.0,-0.7376827799587033,-0.47574950249096
wheat,IN,IN-06-0012,2007,340.188,109.308,446.4,5.947,22.63895,80.21053,7507.0,14.56,1.559,4.0,-0.3949112699889767,0.05161498462091903
wheat,IN,IN-06-0012,2008,340.188,109.308,446.4,5.947,22.63895,80.21053,7507.0,14.56,1.559,4.0,-0.12561347989686097,-0.45173210560334437
wheat,IN,IN-06-0012,2009,340.188,109.308,446.4,5.947,22.63895,80.21053,7507.0,14.56,1.559,4.0,-1.0481401378294632,-0.40173174549350693
wheat,IN,IN-06-0012,2010,340.188,109.308,446.4,5.947,22.63895,80.21053,7507.0,14.56,1.559,4.0,-0.7087580460215347,-0.1904234798542385
wheat,IN,IN-06-0012,2011,340.188,109.308,446.4,5.947,22.63895,80.21053,7507.0,14.56,1.559,4.0,0.33811948349382426,0.16687053634580057
wheat,IN,IN-06-0012,2012,340.188,109.308,446.4,5.947,22.63895,80.21053,7507.0,14.56,1.559,4.0,0.7200082953604854,0.17433623321877492
wheat,IN,IN-06-0012,2013,340.188,109.308,446.4,5.947,22.63895,80.21053,7507.0,14.56,1.559,4.0,2.6627285244039225,1.2946837144843517
wheat,IN,IN-06-0012,2014,340.188,109.308,446.4,5.947,22.63895,80.21053,7507.0,14.56,1.559,4.0,0.049710445012941036,1.6590227113536016
wheat,IN,IN-06-0012,2015,340.188,109.308,446.4,5.947,22.63895,80.21053,7507.0,14.56,1.559,4.0,-0.5366649327449913,2.089604733793789
wheat,IN,IN-06-0012,2016,340.188,109.308,446.4,5.947,22.63895,80.21053,7507.0,14.56,1.559,4.0,0.17094304891842943,0.009669393768895704
wheat,IN,IN-06-0012,2017,340.188,109.308,446.4,5.947,22.63895,80.21053,7507.0,14.56,1.559,4.0,-1.1050456789007332,0.3123837553971763
wheat,IN,IN-06-0013,2003,338.341,107.672,4987.5,48.55,23.94573,78.64516,10273.0,14.441,1.56,4.0,1.0467251066717815,-1.160428415832692
wheat,IN,IN-06-0013,2004,338.341,107.672,4987.5,48.55,23.94573,78.64516,10273.0,14.441,1.56,4.0,-0.21046039114558693,-0.6033230367925685
wheat,IN,IN-06-0013,2005,338.341,107.672,4987.5,48.55,23.94573,78.64516,10273.0,14.441,1.56,4.0,-0.7073331705755254,-0.6651307562500711
wheat,IN,IN-06-0013,2006,338.341,107.672,4987.5,48.55,23.94573,78.64516,10273.0,14.441,1.56,4.0,-0.9812789160021774,-0.10355083268279393
wheat,IN,IN-06-0013,2007,338.341,107.672,4987.5,48.55,23.94573,78.64516,10273.0,14.441,1.56,4.0,-1.061908562350376,0.20430766494917516
wheat,IN,IN-06-0013,2008,338.341,107.672,4987.5,48.55,23.94573,78.64516,10273.0,14.441,1.56,4.0,-0.2871413564786231,-0.5968324886872481
wheat,IN,IN-06-0013,2009,338.341,107.672,4987.5,48.55,23.94573,78.64516,10273.0,14.441,1.56,4.0,-0.8311260642902517,0.4841387957627013
wheat,IN,IN-06-0013,2010,338.341,107.672,4987.5,48.55,23.94573,78.64516,10273.0,14.441,1.56,4.0,-0.7064609670421776,1.0262470750140098
wheat,IN,IN-06-0013,2011,338.341,107.672,4987.5,48.55,23.94573,78.64516,10273.0,14.441,1.56,4.0,0.773654601112445,0.5402007251291839
wheat,IN,IN-06-0013,2012,338.341,107.672,4987.5,48.55,23.94573,78.64516,10273.0,14.441,1.56,4.0,0.7506836755585062,-1.0056578662968474
wheat,IN,IN-06-0013,2013,338.341,107.672,4987.5,48.55,23.94573,78.64516,10273.0,14.441,1.56,4.0,2.553399347485437,1.0521624951928554
wheat,IN,IN-06-0013,2014,338.341,107.672,4987.5,48.55,23.94573,78.64516,10273.0,14.441,1.56,4.0,0.2569944150021121,1.3192248038191443
wheat,IN,IN-06-0013,2015,338.341,107.672,4987.5,48.55,23.94573,78.64516,10273.0,14.441,1.56,4.0,-0.27139577369744033,1.1538796554889044
wheat,IN,IN-06-0013,2016,338.341,107.672,4987.5,48.55,23.94573,78.64516,10273.0,14.441,1.56,4.0,0.5870460664070292,0.41352949970784075
wheat,IN,IN-06-0013,2017,338.341,107.672,4987.5,48.55,23.94573,78.64516,10273.0,14.441,1.56,4.0,-0.9113980106551364,1.0865149083356562
wheat,IN,IN-06-0014,2003,339.203,109.333,3008.2,41.202,23.94378,79.46539,7301.0,14.312,1.569,4.0,1.4776162888632978,0.041565843004237685
wheat,IN,IN-06-0014,2004,339.203,109.333,3008.2,41.202,23.94378,79.46539,7301.0,14.312,1.569,4.0,0.04702942408978538,-0.5996073706488825
wheat,IN,IN-06-0014,2005,339.203,109.333,3008.2,41.202,23.94378,79.46539,7301.0,14.312,1.569,4.0,-0.08713694695060878,-1.0279356899404852
wheat,IN,IN-06-0014,2006,339.203,109.333,3008.2,41.202,23.94378,79.46539,7301.0,14.312,1.569,4.0,-0.9082092243760631,-0.31961882970772587
wheat,IN,IN-06-0014,2007,339.203,109.333,3008.2,41.202,23.94378,79.46539,7301.0,14.312,1.569,4.0,-1.0361118673174736,-0.5767360721959489
wheat,IN,IN-06-0014,2008,339.203,109.333,3008.2,41.202,23.94378,79.46539,7301.0,14.312,1.569,4.0,-0.10623610522483533,-0.5445279694012876
wheat,IN,IN-06-0014,2009,339.203,109.333,3008.2,41.202,23.94378,79.46539,7301.0,14.312,1.569,4.0,-0.9050379178495739,0.8281091144334736
wheat,IN,IN-06-0014,2010,339.203,109.333,3008.2,41.202,23.94378,79.46539,7301.0,14.312,1.569,4.0,-0.8863797788396037,0.2614600430827219
wheat,IN,IN-06-0014,2011,339.203,109.333,3008.2,41.202,23.94378,79.46539,7301.0,14.312,1.569,4.0,0.5397066663329914,0.4313138674368534
wheat,IN,IN-06-0014,2012,339.203,109.333,3008.2,41.202,23.94378,79.46539,7301.0,14.312,1.569,4.0,0.6957620415114327,-0.6441181289311327
wheat,IN,IN-06-0014,2013,339.203,109.333,3008.2,41.202,23.94378,79.46539,7301.0,14.312,1.569,4.0,2.4123913954562237,1.1029069492581192
wheat,IN,IN-06-0014,2014,339.203,109.333,3008.2,41.202,23.94378,79.46539,7301.0,14.312,1.569,4.0,0.19916217493967203,1.2034782926257004
wheat,IN,IN-06-0014,2015,339.203,109.333,3008.2,41.202,23.94378,79.46539,7301.0,14.312,1.569,4.0,-0.7343148244593397,1.3208623201622998
wheat,IN,IN-06-0014,2016,339.203,109.333,3008.2,41.202,23.94378,79.46539,7301.0,14.312,1.569,4.0,0.30456657919650215,0.4845703457404453
wheat,IN,IN-06-0014,2017,339.203,109.333,3008.2,41.202,23.94378,79.46539,7301.0,14.312,1.569,4.0,-1.0128079053723598,1.4012686012486009
wheat,IN,IN-06-0015,2003,335.414,107.786,2673.4,52.971,24.99895,78.92024,5047.0,12.971,1.618,5.0,1.5984633254311469,0.10897796290494871
wheat,IN,IN-06-0015,2004,335.414,107.786,2673.4,52.971,24.99895,78.92024,5047.0,12.971,1.618,5.0,0.3925922679619185,0.6145796951394225
wheat,IN,IN-06-0015,2005,335.414,107.786,2673.4,52.971,24.99895,78.92024,5047.0,12.971,1.618,5.0,0.030418284789774062,-0.049541499956483034
wheat,IN,IN-06-0015,2006,335.414,107.786,2673.4,52.971,24.99895,78.92024,5047.0,12.971,1.618,5.0,-0.7695394763990541,-0.8209620647742724
wheat,IN,IN-06-0015,2007,335.414,107.786,2673.4,52.971,24.99895,78.92024,5047.0,12.971,1.618,5.0,-1.1268566202133765,-1.2226248746316228
wheat,IN,IN-06-0015,2008,335.414,107.786,2673.4,52.971,24.99895,78.92024,5047.0,12.971,1.618,5.0,0.46486685943644024,-1.676220579434367
wheat,IN,IN-06-0015,2009,335.414,107.786,2673.4,52.971,24.99895,78.92024,5047.0,12.971,1.618,5.0,-0.882092932813885,0.7710923334741246
wheat,IN,IN-06-0015,2010,335.414,107.786,2673.4,52.971,24.99895,78.92024,5047.0,12.971,1.618,5.0,-0.7775964546170927,0.7042572068338977
wheat,IN,IN-06-0015,2011,335.414,107.786,2673.4,52.971,24.99895,78.92024,5047.0,12.971,1.618,5.0,0.39481165018729364,0.1868266308443104
wheat,IN,IN-06-0015,2012,335.414,107.786,2673.4,52.971,24.99895,78.92024,5047.0,12.971,1.618,5.0,0.7418838311742755,0.33935681180279653
wheat,IN,IN-06-0015,2013,335.414,107.786,2673.4,52.971,24.99895,78.92024,5047.0,12.971,1.618,5.0,2.0674009314189954,1.952974256466457
wheat,IN,IN-06-0015,2014,335.414,107.786,2673.4,52.971,24.99895,78.92024,5047.0,12.971,1.618,5.0,0.15956095814768495,1.2225013714510498
wheat,IN,IN-06-0015,2015,335.414,107.786,2673.4,52.971,24.99895,78.92024,5047.0,12.971,1.618,5.0,-0.8948916530046942,0.16534612240575677
wheat,IN,IN-06-0015,2016,335.414,107.786,2673.4,52.971,24.99895,78.92024,5047.0,12.971,1.618,5.0,0.02287574199972561,-0.6006190751895399
wheat,IN,IN-06-0015,2017,335.414,107.786,2673.4,52.971,24.99895,78.92024,5047.0,12.971,1.618,5.0,-1.4218967134991447,0.7084469917468476
wheat,IN,IN-06-0016,2003,337.225,109.347,3643.5,42.005,24.88755,79.57253,8674.0,13.516,1.58,5.0,1.669857292904639,0.06510145997691025
wheat,IN,IN-06-0016,2004,337.225,109.347,3643.5,42.005,24.88755,79.57253,8674.0,13.516,1.58,5.0,0.5133741792006398,0.6332478318045744
wheat,IN,IN-06-0016,2005,337.225,109.347,3643.5,42.005,24.88755,79.57253,8674.0,13.516,1.58,5.0,0.3550399923168415,0.1463787828441738
wheat,IN,IN-06-0016,2006,337.225,109.347,3643.5,42.005,24.88755,79.57253,8674.0,13.516,1.58,5.0,-0.8366423999157124,-0.5580770583625756
wheat,IN,IN-06-0016,2007,337.225,109.347,3643.5,42.005,24.88755,79.57253,8674.0,13.516,1.58,5.0,-1.1491236641664793,-1.3286565099397671
wheat,IN,IN-06-0016,2008,337.225,109.347,3643.5,42.005,24.88755,79.57253,8674.0,13.516,1.58,5.0,0.4180081211786682,-1.514738923384386
wheat,IN,IN-06-0016,2009,337.225,109.347,3643.5,42.005,24.88755,79.57253,8674.0,13.516,1.58,5.0,-0.920980914287523,0.457974974178834
wheat,IN,IN-06-0016,2010,337.225,109.347,3643.5,42.005,24.88755,79.57253,8674.0,13.516,1.58,5.0,-0.8229310958791509,1.07467576952867
wheat,IN,IN-06-0016,2011,337.225,109.347,3643.5,42.005,24.88755,79.57253,8674.0,13.516,1.58,5.0,0.2621637568015024,0.5495316472820324
wheat,IN,IN-06-0016,2012,337.225,109.347,3643.5,42.005,24.88755,79.57253,8674.0,13.516,1.58,5.0,0.6288168935850601,0.10671755666308216
wheat,IN,IN-06-0016,2013,337.225,109.347,3643.5,42.005,24.88755,79.57253,8674.0,13.516,1.58,5.0,1.977429078746497,1.3822674102441708
wheat,IN,IN-06-0016,2014,337.225,109.347,3643.5,42.005,24.88755,79.57253,8674.0,13.516,1.58,5.0,0.14472038739128923,1.2295675721611374
wheat,IN,IN-06-0016,2015,337.225,109.347,3643.5,42.005,24.88755,79.57253,8674.0,13.516,1.58,5.0,-0.9580767292008845,0.5544214143538434
wheat,IN,IN-06-0016,2016,337.225,109.347,3643.5,42.005,24.88755,79.57253,8674.0,13.516,1.58,5.0,0.054449949365184845,-0.874853887607863
wheat,IN,IN-06-0016,2017,337.225,109.347,3643.5,42.005,24.88755,79.57253,8674.0,13.516,1.58,5.0,-1.3361048480405586,0.9258221626217075
wheat,IN,IN-06-0017,2003,338.1,109.963,2009.5,28.323,24.45943,80.10974,7095.0,13.053,1.619,5.0,1.507684417526712,0.1885832983267449
wheat,IN,IN-06-0017,2004,338.1,109.963,2009.5,28.323,24.45943,80.10974,7095.0,13.053,1.619,5.0,0.5094060035561722,-0.1566326074805051
wheat,IN,IN-06-0017,2005,338.1,109.963,2009.5,28.323,24.45943,80.10974,7095.0,13.053,1.619,5.0,0.6798158638241127,-0.7780336423857931
wheat,IN,IN-06-0017,2006,338.1,109.963,2009.5,28.323,24.45943,80.10974,7095.0,13.053,1.619,5.0,-0.8879698597631395,-0.35003107520235227
wheat,IN,IN-06-0017,2007,338.1,109.963,2009.5,28.323,24.45943,80.10974,7095.0,13.053,1.619,5.0,-1.1689674740347062,-1.313073575072376
wheat,IN,IN-06-0017,2008,338.1,109.963,2009.5,28.323,24.45943,80.10974,7095.0,13.053,1.619,5.0,0.2957380524219524,-0.7385428186840468
wheat,IN,IN-06-0017,2009,338.1,109.963,2009.5,28.323,24.45943,80.10974,7095.0,13.053,1.619,5.0,-1.0318546160537463,0.5454972838466129
wheat,IN,IN-06-0017,2010,338.1,109.963,2009.5,28.323,24.45943,80.10974,7095.0,13.053,1.619,5.0,-1.0752737338411043,1.1245077353903865
wheat,IN,IN-06-0017,2011,338.1,109.963,2009.5,28.323,24.45943,80.10974,7095.0,13.053,1.619,5.0,0.19834712635490925,0.3694597979464252
wheat,IN,IN-06-0017,2012,338.1,109.963,2009.5,28.323,24.45943,80.10974,7095.0,13.053,1.619,5.0,0.4719973417008702,-0.4092786562905551
wheat,IN,IN-06-0017,2013,338.1,109.963,2009.5,28.323,24.45943,80.10974,7095.0,13.053,1.619,5.0,1.9650599156526367,0.688336644805715
wheat,IN,IN-06-0017,2014,338.1,109.963,2009.5,28.323,24.45943,80.10974,7095.0,13.053,1.619,5.0,0.16836330844967665,1.4874763425636814
wheat,IN,IN-06-0017,2015,338.1,109.963,2009.5,28.323,24.45943,80.10974,7095.0,13.053,1.619,5.0,-0.992213524845974,1.1115289503896015
wheat,IN,IN-06-0017,2016,338.1,109.963,2009.5,28.323,24.45943,80.10974,7095.0,13.053,1.619,5.0,0.45471329880265565,-0.015485864561086398
wheat,IN,IN-06-0017,2017,338.1,109.963,2009.5,28.323,24.45943,80.10974,7095.0,13.053,1.619,5.0,-1.0948461197510253,1.4338597299260152
wheat,IN,IN-06-0018,2003,337.312,107.748,1837.8,29.203,24.74471,81.4973,6293.0,12.894,1.622,5.0,2.116014887688172,0.4069924756789708
wheat,IN,IN-06-0018,2004,337.312,107.748,1837.8,29.203,24.74471,81.4973,6293.0,12.894,1.622,5.0,0.3609735888386049,0.1504915656770169
wheat,IN,IN-06-0018,2005,337.312,107.748,1837.8,29.203,24.74471,81.4973,6293.0,12.894,1.622,5.0,0.8047351168501349,-0.010567145254436238
wheat,IN,IN-06-0018,2006,337.312,107.748,1837.8,29.203,24.74471,81.4973,6293.0,12.894,1.622,5.0,-0.6091641339133461,-0.5132293936923759
wheat,IN,IN-06-0018,2007,337.312,107.748,1837.8,29.203,24.74471,81.4973,6293.0,12.894,1.622,5.0,-0.793482989992987,-0.39171733469059017
wheat,IN,IN-06-0018,2008,337.312,107.748,1837.8,29.203,24.74471,81.4973,6293.0,12.894,1.622,5.0,0.8003286314946673,-0.4499042520868719
wheat,IN,IN-06-0018,2009,337.312,107.748,1837.8,29.203,24.74471,81.4973,6293.0,12.894,1.622,5.0,-0.9867460887035168,-0.07065077600986669
wheat,IN,IN-06-0018,2010,337.312,107.748,1837.8,29.203,24.74471,81.4973,6293.0,12.894,1.622,5.0,-1.2783827758777655,-0.5347211787366887
wheat,IN,IN-06-0018,2011,337.312,107.748,1837.8,29.203,24.74471,81.4973,6293.0,12.894,1.622,5.0,0.09704936432300443,-0.6120518373132792
wheat,IN,IN-06-0018,2012,337.312,107.748,1837.8,29.203,24.74471,81.4973,6293.0,12.894,1.622,5.0,0.39254068767799233,-0.015561213810451419
wheat,IN,IN-06-0018,2013,337.312,107.748,1837.8,29.203,24.74471,81.4973,6293.0,12.894,1.622,5.0,1.2621633337371843,2.183609243793269
wheat,IN,IN-06-0018,2014,337.312,107.748,1837.8,29.203,24.74471,81.4973,6293.0,12.894,1.622,5.0,-0.11014817861576882,1.6248747034014175
wheat,IN,IN-06-0018,2015,337.312,107.748,1837.8,29.203,24.74471,81.4973,6293.0,12.894,1.622,5.0,-1.136214352256957,1.1171031850675919
wheat,IN,IN-06-0018,2016,337.312,107.748,1837.8,29.203,24.74471,81.4973,6293.0,12.894,1.622,5.0,0.2518038154498895,0.015330280712860201
wheat,IN,IN-06-0018,2017,337.312,107.748,1837.8,29.203,24.74471,81.4973,6293.0,12.894,1.622,5.0,-1.171470906699289,0.3729059760109377
wheat,IN,IN-06-0019,2003,337.976,108.733,714.8,14.977,24.40241,81.76182,4773.0,12.512,1.608,4.0,2.1012707622594995,-0.47716229382463354
wheat,IN,IN-06-0019,2004,337.976,108.733,714.8,14.977,24.40241,81.76182,4773.0,12.512,1.608,4.0,0.28858200711202425,0.34894850617088446
wheat,IN,IN-06-0019,2005,337.976,108.733,714.8,14.977,24.40241,81.76182,4773.0,12.512,1.608,4.0,0.45856133499086815,-0.4355322611749285
wheat,IN,IN-06-0019,2006,337.976,108.733,714.8,14.977,24.40241,81.76182,4773.0,12.512,1.608,4.0,-0.5683084115950491,-0.649750173162013
wheat,IN,IN-06-0019,2007,337.976,108.733,714.8,14.977,24.40241,81.76182,4773.0,12.512,1.608,4.0,-0.6635102828433299,-0.31882043326472087
wheat,IN,IN-06-0019,2008,337.976,108.733,714.8,14.977,24.40241,81.76182,4773.0,12.512,1.608,4.0,0.5056435189387404,-1.1236960430301584
wheat,IN,IN-06-0019,2009,337.976,108.733,714.8,14.977,24.40241,81.76182,4773.0,12.512,1.608,4.0,-1.0852621936855997,-0.5148763918442031
wheat,IN,IN-06-0019,2010,337.976,108.733,714.8,14.977,24.40241,81.76182,4773.0,12.512,1.608,4.0,-1.4864257070486884,-0.6086861439519495
wheat,IN,IN-06-0019,2011,337.976,108.733,714.8,14.977,24.40241,81.76182,4773.0,12.512,1.608,4.0,0.26657896575869755,-0.37618543173123675
wheat,IN,IN-06-0019,2012,337.976,108.733,714.8,14.977,24.40241,81.76182,4773.0,12.512,1.608,4.0,0.3864702399246979,0.1943792024353722
wheat,IN,IN-06-0019,2013,337.976,108.733,714.8,14.977,24.40241,81.76182,4773.0,12.512,1.608,4.0,1.4657706773274082,1.9463157389096928
wheat,IN,IN-06-0019,2014,337.976,108.733,714.8,14.977,24.40241,81.76182,4773.0,12.512,1.608,4.0,-0.07695305329915353,1.9432938561387154
wheat,IN,IN-06-0019,2015,337.976,108.733,714.8,14.977,24.40241,81.76182,4773.0,12.512,1.608,4.0,-1.057200410132039,1.2383221821448498
wheat,IN,IN-06-0019,2016,337.976,108.733,714.8,14.977,24.40241,81.76182,4773.0,12.512,1.608,4.0,0.5227144307156438,0.4062887317501854
wheat,IN,IN-06-0019,2017,337.976,108.733,714.8,14.977,24.40241,81.76182,4773.0,12.512,1.608,4.0,-1.0579318784237206,0.8026050596844222
wheat,IN,IN-06-0020,2003,337.905,109.257,3028.3,40.276,24.55662,80.79966,7519.0,12.926,1.631,5.0,1.753465248993513,0.07802901436786372
wheat,IN,IN-06-0020,2004,337.905,109.257,3028.3,40.276,24.55662,80.79966,7519.0,12.926,1.631,5.0,0.47087690535358406,0.04389120595564358
wheat,IN,IN-06-0020,2005,337.905,109.257,3028.3,40.276,24.55662,80.79966,7519.0,12.926,1.631,5.0,0.9018558641821175,-0.26541443090304406
wheat,IN,IN-06-0020,2006,337.905,109.257,3028.3,40.276,24.55662,80.79966,7519.0,12.926,1.631,5.0,-0.7252758416583898,-0.7370764458779735
wheat,IN,IN-06-0020,2007,337.905,109.257,3028.3,40.276,24.55662,80.79966,7519.0,12.926,1.631,5.0,-1.0262192191778583,-0.5410333152325665
wheat,IN,IN-06-0020,2008,337.905,109.257,3028.3,40.276,24.55662,80.79966,7519.0,12.926,1.631,5.0,0.4756211487592995,-0.37726611570766966
wheat,IN,IN-06-0020,2009,337.905,109.257,3028.3,40.276,24.55662,80.79966,7519.0,12.926,1.631,5.0,-1.0643009182660612,0.09184711650604853
wheat,IN,IN-06-0020,2010,337.905,109.257,3028.3,40.276,24.55662,80.79966,7519.0,12.926,1.631,5.0,-1.2174474551980745,0.5991456427357554
wheat,IN,IN-06-0020,2011,337.905,109.257,3028.3,40.276,24.55662,80.79966,7519.0,12.926,1.631,5.0,0.07708070031842898,0.22030585212077092
wheat,IN,IN-06-0020,2012,337.905,109.257,3028.3,40.276,24.55662,80.79966,7519.0,12.926,1.631,5.0,0.2950780835836049,0.008371634246170585
wheat,IN,IN-06-0020,2013,337.905,109.257,3028.3,40.276,24.55662,80.79966,7519.0,12.926,1.631,5.0,1.6503625176095256,1.601410909925605
wheat,IN,IN-06-0020,2014,337.905,109.257,3028.3,40.276,24.55662,80.79966,7519.0,12.926,1.631,5.0,0.06119321857083396,1.8578005697670243
wheat,IN,IN-06-0020,2015,337.905,109.257,3028.3,40.276,24.55662,80.79966,7519.0,12.926,1.631,5.0,-1.0689220313445726,1.268864025197962
wheat,IN,IN-06-0020,2016,337.905,109.257,3028.3,40.276,24.55662,80.79966,7519.0,12.926,1.631,5.0,0.5258739271747613,-0.15676033774910833
wheat,IN,IN-06-0020,2017,337.905,109.257,3028.3,40.276,24.55662,80.79966,7519.0,12.926,1.631,5.0,-1.1092421489007378,6.926164822444753e-05
wheat,IN,IN-06-0021,2003,339.524,110.092,262.6,4.625,23.89235,81.30313,5677.0,13.096,1.65,4.0,2.150796066518233,-1.0042973607480115
wheat,IN,IN-06-0021,2004,339.524,110.092,262.6,4.625,23.89235,81.30313,5677.0,13.096,1.65,4.0,0.348341111206098,0.11118201072051051
wheat,IN,IN-06-0021,2005,339.524,110.092,262.6,4.625,23.89235,81.30313,5677.0,13.096,1.65,4.0,0.21158988128823197,-0.32988587234928807
wheat,IN,IN-06-0021,2006,339.524,110.092,262.6,4.625,23.89235,81.30313,5677.0,13.096,1.65,4.0,-0.5839824025176518,-0.3412320241864948
wheat,IN,IN-06-0021,2007,339.524,110.092,262.6,4.625,23.89235,81.30313,5677.0,13.096,1.65,4.0,-0.6172403226560768,-0.4442727079585976
wheat,IN,IN-06-0021,2008,339.524,110.092,262.6,4.625,23.89235,81.30313,5677.0,13.096,1.65,4.0,0.02935615789898806,-0.7084169261122196
wheat,IN,IN-06-0021,2009,339.524,110.092,262.6,4.625,23.89235,81.30313,5677.0,13.096,1.65,4.0,-1.1419158294833118,-0.5375314666516259
wheat,IN,IN-06-0021,2010,339.524,110.092,262.6,4.625,23.89235,81.30313,5677.0,13.096,1.65,4.0,-1.362067369800991,-0.40078587195340376
wheat,IN,IN-06-0021,2011,339.524,110.092,262.6,4.625,23.89235,81.30313,5677.0,13.096,1.65,4.0,0.2103691846569984,0.3905711642819935
wheat,IN,IN-06-0021,2012,339.524,110.092,262.6,4.625,23.89235,81.30313,5677.0,13.096,1.65,4.0,0.22749265509650285,0.41078805038305477
wheat,IN,IN-06-0021,2013,339.524,110.092,262.6,4.625,23.89235,81.30313,5677.0,13.096,1.65,4.0,1.7739926443495047,1.8384093801359278
wheat,IN,IN-06-0021,2014,339.524,110.092,262.6,4.625,23.89235,81.30313,5677.0,13.096,1.65,4.0,0.1462430572506964,2.065914674325309
wheat,IN,IN-06-0021,2015,339.524,110.092,262.6,4.625,23.89235,81.30313,5677.0,13.096,1.65,4.0,-0.8579352518334934,0.9198431819531305
wheat,IN,IN-06-0021,2016,339.524,110.092,262.6,4.625,23.89235,81.30313,5677.0,13.096,1.65,4.0,0.5013269867605256,0.39617971978099936
wheat,IN,IN-06-0021,2017,339.524,110.092,262.6,4.625,23.89235,81.30313,5677.0,13.096,1.65,4.0,-1.0363665687342418,0.5672634615067081
wheat,IN,IN-06-0022,2003,333.156,107.341,1681.6,36.804,26.0636,78.15758,4569.0,13.561,1.493,5.0,1.8533171850706647,-0.5215525077264906
wheat,IN,IN-06-0022,2004,333.156,107.341,1681.6,36.804,26.0636,78.15758,4569.0,13.561,1.493,5.0,0.5948426899450516,-0.8930588310427732
wheat,IN,IN-06-0022,2005,333.156,107.341,1681.6,36.804,26.0636,78.15758,4569.0,13.561,1.493,5.0,0.6159139276478257,-0.8390401528336936
wheat,IN,IN-06-0022,2006,333.156,107.341,1681.6,36.804,26.0636,78.15758,4569.0,13.561,1.493,5.0,-0.4159900739769078,-0.38820231107077946
wheat,IN,IN-06-0022,2007,333.156,107.341,1681.6,36.804,26.0636,78.15758,4569.0,13.561,1.493,5.0,-0.8591419717161214,-1.363177517071738
wheat,IN,IN-06-0022,2008,333.156,107.341,1681.6,36.804,26.0636,78.15758,4569.0,13.561,1.493,5.0,0.7654553505314542,-0.9452182150390434
wheat,IN,IN-06-0022,2009,333.156,107.341,1681.6,36.804,26.0636,78.15758,4569.0,13.561,1.493,5.0,-0.7619474858138605,-0.19275487017272486
wheat,IN,IN-06-0022,2010,333.156,107.341,1681.6,36.804,26.0636,78.15758,4569.0,13.561,1.493,5.0,-0.48102374633093375,0.18218239565737876
wheat,IN,IN-06-0022,2011,333.156,107.341,1681.6,36.804,26.0636,78.15758,4569.0,13.561,1.493,5.0,0.11637811483637281,1.3421726761470751
wheat,IN,IN-06-0022,2012,333.156,107.341,1681.6,36.804,26.0636,78.15758,4569.0,13.561,1.493,5.0,0.5178104921316368,0.3166085701342483
wheat,IN,IN-06-0022,2013,333.156,107.341,1681.6,36.804,26.0636,78.15758,4569.0,13.561,1.493,5.0,1.6359768118609022,2.104154565212977
wheat,IN,IN-06-0022,2014,333.156,107.341,1681.6,36.804,26.0636,78.15758,4569.0,13.561,1.493,5.0,-0.041830121535794594,1.1370780809776357
wheat,IN,IN-06-0022,2015,333.156,107.341,1681.6,36.804,26.0636,78.15758,4569.0,13.561,1.493,5.0,-1.1859164938710003,0.812954791492556
wheat,IN,IN-06-0022,2016,333.156,107.341,1681.6,36.804,26.0636,78.15758,4569.0,13.561,1.493,5.0,-0.737346711541508,0.5555370865228737
wheat,IN,IN-06-0022,2017,333.156,107.341,1681.6,36.804,26.0636,78.15758,4569.0,13.561,1.493,5.0,-1.6164979672377817,0.5504535010677947
wheat,IN,IN-06-0023,2003,335.364,110.8,3862.7,37.509,25.35151,77.82567,10298.0,13.613,1.568,5.0,1.3891964547654219,-0.6604031177270933
wheat,IN,IN-06-0023,2004,335.364,110.8,3862.7,37.509,25.35151,77.82567,10298.0,13.613,1.568,5.0,0.23250849104406066,-0.8501747461159113
wheat,IN,IN-06-0023,2005,335.364,110.8,3862.7,37.509,25.35151,77.82567,10298.0,13.613,1.568,5.0,-0.1899078284240077,-0.6390112689249366
wheat,IN,IN-06-0023,2006,335.364,110.8,3862.7,37.509,25.35151,77.82567,10298.0,13.613,1.568,5.0,-0.5497580149975244,-0.26964534627438835
wheat,IN,IN-06-0023,2007,335.364,110.8,3862.7,37.509,25.35151,77.82567,10298.0,13.613,1.568,5.0,-0.8882174845857773,-0.790893395420239
wheat,IN,IN-06-0023,2008,335.364,110.8,3862.7,37.509,25.35151,77.82567,10298.0,13.613,1.568,5.0,0.5113959242135597,-0.47678974884192404
wheat,IN,IN-06-0023,2009,335.364,110.8,3862.7,37.509,25.35151,77.82567,10298.0,13.613,1.568,5.0,-0.8407218395492946,0.428960576576608
wheat,IN,IN-06-0023,2010,335.364,110.8,3862.7,37.509,25.35151,77.82567,10298.0,13.613,1.568,5.0,-0.6781732754102957,0.6727896041782524
wheat,IN,IN-06-0023,2011,335.364,110.8,3862.7,37.509,25.35151,77.82567,10298.0,13.613,1.568,5.0,0.5667176377087676,0.9868502697691844
wheat,IN,IN-06-0023,2012,335.364,110.8,3862.7,37.509,25.35151,77.82567,10298.0,13.613,1.568,5.0,0.7442509107146222,0.16608505614843008
wheat,IN,IN-06-0023,2013,335.364,110.8,3862.7,37.509,25.35151,77.82567,10298.0,13.613,1.568,5.0,2.2694760804382597,1.9268761711093496
wheat,IN,IN-06-0023,2014,335.364,110.8,3862.7,37.509,25.35151,77.82567,10298.0,13.613,1.568,5.0,0.29003182108423436,1.5432814278161533
wheat,IN,IN-06-0023,2015,335.364,110.8,3862.7,37.509,25.35151,77.82567,10298.0,13.613,1.568,5.0,-0.878205290386942,0.4982409959926787
wheat,IN,IN-06-0023,2016,335.364,110.8,3862.7,37.509,25.35151,77.82567,10298.0,13.613,1.568,5.0,-0.4315304440924444,0.10665988342661509
wheat,IN,IN-06-0023,2017,335.364,110.8,3862.7,37.509,25.35151,77.82567,10298.0,13.613,1.568,5.0,-1.5470631425226402,0.2635210186326669
wheat,IN,IN-06-0024,2003,339.019,111.539,3285.1,51.467,24.58032,77.18009,6383.0,14.379,1.529,4.0,-0.2031506847643969,-1.1904219537452303
wheat,IN,IN-06-0024,2004,339.019,111.539,3285.1,51.467,24.58032,77.18009,6383.0,14.379,1.529,4.0,-0.2391045174691853,-1.247169832157087
wheat,IN,IN-06-0024,2005,339.019,111.539,3285.1,51.467,24.58032,77.18009,6383.0,14.379,1.529,4.0,-0.9472203184174586,0.08494349817993103
wheat,IN,IN-06-0024,2006,339.019,111.539,3285.1,51.467,24.58032,77.18009,6383.0,14.379,1.529,4.0,-0.4879412126278646,-0.3275134576399105
wheat,IN,IN-06-0024,2007,339.019,111.539,3285.1,51.467,24.58032,77.18009,6383.0,14.379,1.529,4.0,-0.6561497250716031,0.6127546921109015
wheat,IN,IN-06-0024,2008,339.019,111.539,3285.1,51.467,24.58032,77.18009,6383.0,14.379,1.529,4.0,-0.0747644390404272,-0.2003616265297053
wheat,IN,IN-06-0024,2009,339.019,111.539,3285.1,51.467,24.58032,77.18009,6383.0,14.379,1.529,4.0,-0.874161783308949,0.7020238305075077
wheat,IN,IN-06-0024,2010,339.019,111.539,3285.1,51.467,24.58032,77.18009,6383.0,14.379,1.529,4.0,-0.7958116981543304,0.3145992426228647
wheat,IN,IN-06-0024,2011,339.019,111.539,3285.1,51.467,24.58032,77.18009,6383.0,14.379,1.529,4.0,0.9893512799291587,0.24325338703811128
wheat,IN,IN-06-0024,2012,339.019,111.539,3285.1,51.467,24.58032,77.18009,6383.0,14.379,1.529,4.0,0.6614842285839844,-0.34995421803022925
wheat,IN,IN-06-0024,2013,339.019,111.539,3285.1,51.467,24.58032,77.18009,6383.0,14.379,1.529,4.0,2.760240252065257,1.380016859305634
wheat,IN,IN-06-0024,2014,339.019,111.539,3285.1,51.467,24.58032,77.18009,6383.0,14.379,1.529,4.0,0.5939563331141533,1.1209733313249464
wheat,IN,IN-06-0024,2015,339.019,111.539,3285.1,51.467,24.58032,77.18009,6383.0,14.379,1.529,4.0,-0.09447896636539047,0.8177630916359379
wheat,IN,IN-06-0024,2016,339.019,111.539,3285.1,51.467,24.58032,77.18009,6383.0,14.379,1.529,4.0,0.5011165252048863,-0.09088516380425486
wheat,IN,IN-06-0024,2017,339.019,111.539,3285.1,51.467,24.58032,77.18009,6383.0,14.379,1.529,4.0,-1.1333652736778346,1.4287762681245086
wheat,IN,IN-06-0025,2003,332.363,107.221,1321.0,49.145,25.84695,78.54816,2688.0,12.985,1.591,5.0,1.6829269816169516,-0.7604136190643361
wheat,IN,IN-06-0025,2004,332.363,107.221,1321.0,49.145,25.84695,78.54816,2688.0,12.985,1.591,5.0,0.6005934884189501,-0.9078627944712702
wheat,IN,IN-06-0025,2005,332.363,107.221,1321.0,49.145,25.84695,78.54816,2688.0,12.985,1.591,5.0,0.5116044515645324,-0.9180125340006507
wheat,IN,IN-06-0025,2006,332.363,107.221,1321.0,49.145,25.84695,78.54816,2688.0,12.985,1.591,5.0,-0.4130700745971884,-0.5064639082068979
wheat,IN,IN-06-0025,2007,332.363,107.221,1321.0,49.145,25.84695,78.54816,2688.0,12.985,1.591,5.0,-0.9094707305922658,-0.9402128476709175
wheat,IN,IN-06-0025,2008,332.363,107.221,1321.0,49.145,25.84695,78.54816,2688.0,12.985,1.591,5.0,0.823160686071663,-0.7354148081012802
wheat,IN,IN-06-0025,2009,332.363,107.221,1321.0,49.145,25.84695,78.54816,2688.0,12.985,1.591,5.0,-0.7585864890017976,0.03419801195352125
wheat,IN,IN-06-0025,2010,332.363,107.221,1321.0,49.145,25.84695,78.54816,2688.0,12.985,1.591,5.0,-0.6128215331090506,0.5321090857569782
wheat,IN,IN-06-0025,2011,332.363,107.221,1321.0,49.145,25.84695,78.54816,2688.0,12.985,1.591,5.0,0.19109336380241046,1.0274481407599565
wheat,IN,IN-06-0025,2012,332.363,107.221,1321.0,49.145,25.84695,78.54816,2688.0,12.985,1.591,5.0,0.5747800242589483,0.08604014874647983
wheat,IN,IN-06-0025,2013,332.363,107.221,1321.0,49.145,25.84695,78.54816,2688.0,12.985,1.591,5.0,1.7610792507571575,1.8329075940991586
wheat,IN,IN-06-0025,2014,332.363,107.221,1321.0,49.145,25.84695,78.54816,2688.0,12.985,1.591,5.0,-0.03689909447308557,1.2421335765626769
wheat,IN,IN-06-0025,2015,332.363,107.221,1321.0,49.145,25.84695,78.54816,2688.0,12.985,1.591,5.0,-1.0987066511235866,0.7343749033518338
wheat,IN,IN-06-0025,2016,332.363,107.221,1321.0,49.145,25.84695,78.54816,2688.0,12.985,1.591,5.0,-0.6282467776733994,0.45755578052471424
wheat,IN,IN-06-0025,2017,332.363,107.221,1321.0,49.145,25.84695,78.54816,2688.0,12.985,1.591,5.0,-1.6874368959202208,1.3122127138528148
wheat,IN,IN-06-0026,2003,334.2,104.451,2222.4,44.51,26.53101,77.90553,4993.0,13.542,1.497,5.0,2.070126194645014,-0.9624056465479639
wheat,IN,IN-06-0026,2004,334.2,104.451,2222.4,44.51,26.53101,77.90553,4993.0,13.542,1.497,5.0,1.0797921395736894,-1.2534989194876474
wheat,IN,IN-06-0026,2005,334.2,104.451,2222.4,44.51,26.53101,77.90553,4993.0,13.542,1.497,5.0,0.8136386550544732,-0.8080058083463786
wheat,IN,IN-06-0026,2006,334.2,104.451,2222.4,44.51,26.53101,77.90553,4993.0,13.542,1.497,5.0,-0.3029019474283411,-1.0129332833405786
wheat,IN,IN-06-0026,2007,334.2,104.451,2222.4,44.51,26.53101,77.90553,4993.0,13.542,1.497,5.0,-0.6616444419667235,-1.1585925969233701
wheat,IN,IN-06-0026,2008,334.2,104.451,2222.4,44.51,26.53101,77.90553,4993.0,13.542,1.497,5.0,0.8309214384893938,0.05191597027836038
wheat,IN,IN-06-0026,2009,334.2,104.451,2222.4,44.51,26.53101,77.90553,4993.0,13.542,1.497,5.0,-0.7228759256643944,-0.20745289305625153
wheat,IN,IN-06-0026,2010,334.2,104.451,2222.4,44.51,26.53101,77.90553,4993.0,13.542,1.497,5.0,-0.2697061694919275,0.41693927998789077
wheat,IN,IN-06-0026,2011,334.2,104.451,2222.4,44.51,26.53101,77.90553,4993.0,13.542,1.497,5.0,-0.031163313852943138,1.1586766178036774
wheat,IN,IN-06-0026,2012,334.2,104.451,2222.4,44.51,26.53101,77.90553,4993.0,13.542,1.497,5.0,0.23362393101677173,0.29100535977000536
wheat,IN,IN-06-0026,2013,334.2,104.451,2222.4,44.51,26.53101,77.90553,4993.0,13.542,1.497,5.0,1.0114053422711353,1.6881785650139631
wheat,IN,IN-06-0026,2014,334.2,104.451,2222.4,44.51,26.53101,77.90553,4993.0,13.542,1.497,5.0,-0.31217895429845566,1.3304830110718255
wheat,IN,IN-06-0026,2015,334.2,104.451,2222.4,44.51,26.53101,77.90553,4993.0,13.542,1.497,5.0,-1.314454203280486,0.9420951099844204
wheat,IN,IN-06-0026,2016,334.2,104.451,2222.4,44.51,26.53101,77.90553,4993.0,13.542,1.497,5.0,-0.8744039349195325,0.4544607586000588
wheat,IN,IN-06-0026,2017,334.2,104.451,2222.4,44.51,26.53101,77.90553,4993.0,13.542,1.497,5.0,-1.5501788101476557,0.9669704475331204
wheat,IN,IN-06-0027,2003,332.131,101.182,2712.5,60.751,26.47691,78.65251,4465.0,13.476,1.508,5.0,2.1601031323565603,-0.4387236626729237
wheat,IN,IN-06-0027,2004,332.131,101.182,2712.5,60.751,26.47691,78.65251,4465.0,13.476,1.508,5.0,1.10079618095534,-0.8570710714827793
wheat,IN,IN-06-0027,2005,332.131,101.182,2712.5,60.751,26.47691,78.65251,4465.0,13.476,1.508,5.0,0.7744708117924198,-0.9593524018932013
wheat,IN,IN-06-0027,2006,332.131,101.182,2712.5,60.751,26.47691,78.65251,4465.0,13.476,1.508,5.0,-0.2702598954719344,-1.0961746406061619
wheat,IN,IN-06-0027,2007,332.131,101.182,2712.5,60.751,26.47691,78.65251,4465.0,13.476,1.508,5.0,-0.7629610376294276,-1.5439954673958485
wheat,IN,IN-06-0027,2008,332.131,101.182,2712.5,60.751,26.47691,78.65251,4465.0,13.476,1.508,5.0,0.8261154469406529,-0.27986247595589564
wheat,IN,IN-06-0027,2009,332.131,101.182,2712.5,60.751,26.47691,78.65251,4465.0,13.476,1.508,5.0,-0.6612640526250824,-0.2567970339920882
wheat,IN,IN-06-0027,2010,332.131,101.182,2712.5,60.751,26.47691,78.65251,4465.0,13.476,1.508,5.0,-0.3330411671804242,0.5602359744054716
wheat,IN,IN-06-0027,2011,332.131,101.182,2712.5,60.751,26.47691,78.65251,4465.0,13.476,1.508,5.0,-0.0061212277626531576,0.8583033290221708
wheat,IN,IN-06-0027,2012,332.131,101.182,2712.5,60.751,26.47691,78.65251,4465.0,13.476,1.508,5.0,0.20051567062906928,0.7018608844878246
wheat,IN,IN-06-0027,2013,332.131,101.182,2712.5,60.751,26.47691,78.65251,4465.0,13.476,1.508,5.0,0.9535290261885168,1.6285481749219755
wheat,IN,IN-06-0027,2014,332.131,101.182,2712.5,60.751,26.47691,78.65251,4465.0,13.476,1.508,5.0,-0.34056031074339765,1.2290488831095177
wheat,IN,IN-06-0027,2015,332.131,101.182,2712.5,60.751,26.47691,78.65251,4465.0,13.476,1.508,5.0,-1.217692209739316,0.8675819174829282
wheat,IN,IN-06-0027,2016,332.131,101.182,2712.5,60.751,26.47691,78.65251,4465.0,13.476,1.508,5.0,-0.9366928444544839,0.4744026955676817
wheat,IN,IN-06-0027,2017,332.131,101.182,2712.5,60.751,26.47691,78.65251,4465.0,13.476,1.508,5.0,-1.4869375232558275,1.2263451348261276
wheat,IN,IN-06-0028,2003,341.35,107.728,1929.0,49.385,22.86248,75.69601,3906.0,14.543,1.556,4.0,-0.8563996285673482,-1.361417068731219
wheat,IN,IN-06-0028,2004,341.35,107.728,1929.0,49.385,22.86248,75.69601,3906.0,14.543,1.556,4.0,-0.675792960447688,0.060570986485933224
wheat,IN,IN-06-0028,2005,341.35,107.728,1929.0,49.385,22.86248,75.69601,3906.0,14.543,1.556,4.0,-1.450658716406115,-0.04253903665786418
wheat,IN,IN-06-0028,2006,341.35,107.728,1929.0,49.385,22.86248,75.69601,3906.0,14.543,1.556,4.0,0.17431663698875036,-0.7644510463672285
wheat,IN,IN-06-0028,2007,341.35,107.728,1929.0,49.385,22.86248,75.69601,3906.0,14.543,1.556,4.0,0.9761263034094252,1.1197451319638605
wheat,IN,IN-06-0028,2008,341.35,107.728,1929.0,49.385,22.86248,75.69601,3906.0,14.543,1.556,4.0,-0.2974300182009867,-0.14959943731100053
wheat,IN,IN-06-0028,2009,341.35,107.728,1929.0,49.385,22.86248,75.69601,3906.0,14.543,1.556,4.0,-0.9958808772176061,-0.7811192561795745
wheat,IN,IN-06-0028,2010,341.35,107.728,1929.0,49.385,22.86248,75.69601,3906.0,14.543,1.556,4.0,-0.8512443761239111,0.2094377434238267
wheat,IN,IN-06-0028,2011,341.35,107.728,1929.0,49.385,22.86248,75.69601,3906.0,14.543,1.556,4.0,0.5619166501478318,0.8884046779978008
wheat,IN,IN-06-0028,2012,341.35,107.728,1929.0,49.385,22.86248,75.69601,3906.0,14.543,1.556,4.0,0.5278987418496824,0.3675378113235623
wheat,IN,IN-06-0028,2013,341.35,107.728,1929.0,49.385,22.86248,75.69601,3906.0,14.543,1.556,4.0,2.2673501838384538,1.1191632366596733
wheat,IN,IN-06-0028,2014,341.35,107.728,1929.0,49.385,22.86248,75.69601,3906.0,14.543,1.556,4.0,0.007808376595367812,0.6237209490916101
wheat,IN,IN-06-0028,2015,341.35,107.728,1929.0,49.385,22.86248,75.69601,3906.0,14.543,1.556,4.0,0.023741800578690287,1.317663912983965
wheat,IN,IN-06-0028,2016,341.35,107.728,1929.0,49.385,22.86248,75.69601,3906.0,14.543,1.556,4.0,1.296235955065722,0.029402641978130778
wheat,IN,IN-06-0028,2017,341.35,107.728,1929.0,49.385,22.86248,75.69601,3906.0,14.543,1.556,4.0,-0.7079880715102957,0.9480072644796775
wheat,IN,IN-06-0029,2003,341.876,110.528,1967.6,40.551,23.62163,75.13193,4852.0,14.529,1.562,4.0,-0.9674796282593218,-1.1525053893679569
wheat,IN,IN-06-0029,2004,341.876,110.528,1967.6,40.551,23.62163,75.13193,4852.0,14.529,1.562,4.0,-0.6267022966601792,-0.5243358346135791
wheat,IN,IN-06-0029,2005,341.876,110.528,1967.6,40.551,23.62163,75.13193,4852.0,14.529,1.562,4.0,-1.443121784230108,-0.10180055003172495
wheat,IN,IN-06-0029,2006,341.876,110.528,1967.6,40.551,23.62163,75.13193,4852.0,14.529,1.562,4.0,0.218150252345389,-0.31224261192599106
wheat,IN,IN-06-0029,2007,341.876,110.528,1967.6,40.551,23.62163,75.13193,4852.0,14.529,1.562,4.0,0.7238958555217705,0.7422892722619117
wheat,IN,IN-06-0029,2008,341.876,110.528,1967.6,40.551,23.62163,75.13193,4852.0,14.529,1.562,4.0,-0.07768364916067465,0.6759688101983597
wheat,IN,IN-06-0029,2009,341.876,110.528,1967.6,40.551,23.62163,75.13193,4852.0,14.529,1.562,4.0,-1.3236397231640193,-0.3873712800143968
wheat,IN,IN-06-0029,2010,341.876,110.528,1967.6,40.551,23.62163,75.13193,4852.0,14.529,1.562,4.0,-0.9990883271091945,-0.23140048445676353
wheat,IN,IN-06-0029,2011,341.876,110.528,1967.6,40.551,23.62163,75.13193,4852.0,14.529,1.562,4.0,0.7430788172762747,0.011028770845427234
wheat,IN,IN-06-0029,2012,341.876,110.528,1967.6,40.551,23.62163,75.13193,4852.0,14.529,1.562,4.0,0.6428437048151849,0.3150621707926685
wheat,IN,IN-06-0029,2013,341.876,110.528,1967.6,40.551,23.62163,75.13193,4852.0,14.529,1.562,4.0,2.230693013662646,1.0452896103316514
wheat,IN,IN-06-0029,2014,341.876,110.528,1967.6,40.551,23.62163,75.13193,4852.0,14.529,1.562,4.0,0.3014628062781937,1.1336562317967527
wheat,IN,IN-06-0029,2015,341.876,110.528,1967.6,40.551,23.62163,75.13193,4852.0,14.529,1.562,4.0,-0.16270856076382917,1.1051656141864514
wheat,IN,IN-06-0029,2016,341.876,110.528,1967.6,40.551,23.62163,75.13193,4852.0,14.529,1.562,4.0,1.051324023471183,0.4875947266865209
wheat,IN,IN-06-0029,2017,341.876,110.528,1967.6,40.551,23.62163,75.13193,4852.0,14.529,1.562,4.0,-0.31102450402329307,1.1484127358939535
wheat,IN,IN-06-0030,2003,341.911,110.135,3751.5,61.531,23.36506,75.59346,6097.0,14.56,1.559,4.0,-0.9780650370142513,-1.1117607479475786
wheat,IN,IN-06-0030,2004,341.911,110.135,3751.5,61.531,23.36506,75.59346,6097.0,14.56,1.559,4.0,-0.6311960415925633,-0.3446824794800217
wheat,IN,IN-06-0030,2005,341.911,110.135,3751.5,61.531,23.36506,75.59346,6097.0,14.56,1.559,4.0,-1.4685984115745503,-0.1859272392487343
wheat,IN,IN-06-0030,2006,341.911,110.135,3751.5,61.531,23.36506,75.59346,6097.0,14.56,1.559,4.0,0.1541853177156261,-0.5935447570548185
wheat,IN,IN-06-0030,2007,341.911,110.135,3751.5,61.531,23.36506,75.59346,6097.0,14.56,1.559,4.0,0.6909016861769652,1.075797595901082
wheat,IN,IN-06-0030,2008,341.911,110.135,3751.5,61.531,23.36506,75.59346,6097.0,14.56,1.559,4.0,-0.2360573975643623,0.3070043354745939
wheat,IN,IN-06-0030,2009,341.911,110.135,3751.5,61.531,23.36506,75.59346,6097.0,14.56,1.559,4.0,-1.159068442511473,-0.38766792309580367
wheat,IN,IN-06-0030,2010,341.911,110.135,3751.5,61.531,23.36506,75.59346,6097.0,14.56,1.559,4.0,-0.9252761637795989,-0.1763732777168161
wheat,IN,IN-06-0030,2011,341.911,110.135,3751.5,61.531,23.36506,75.59346,6097.0,14.56,1.559,4.0,0.6776426898650485,0.5262677326772923
wheat,IN,IN-06-0030,2012,341.911,110.135,3751.5,61.531,23.36506,75.59346,6097.0,14.56,1.559,4.0,0.6593499194189769,0.4341317930949856
wheat,IN,IN-06-0030,2013,341.911,110.135,3751.5,61.531,23.36506,75.59346,6097.0,14.56,1.559,4.0,2.2526996880959054,1.0814482645454109
wheat,IN,IN-06-0030,2014,341.911,110.135,3751.5,61.531,23.36506,75.59346,6097.0,14.56,1.559,4.0,0.13991762094993682,0.7334309454649017
wheat,IN,IN-06-0030,2015,341.911,110.135,3751.5,61.531,23.36506,75.59346,6097.0,14.56,1.559,4.0,0.09398945517885442,0.9718767432035849
wheat,IN,IN-06-0030,2016,341.911,110.135,3751.5,61.531,23.36506,75.59346,6097.0,14.56,1.559,4.0,1.2217103568595404,0.41827232808491843
wheat,IN,IN-06-0030,2017,341.911,110.135,3751.5,61.531,23.36506,75.59346,6097.0,14.56,1.559,4.0,-0.4921352402241079,1.2411904214198215
wheat,IN,IN-06-0031,2003,341.388,110.239,1445.2,26.044,24.23305,75.33186,5549.0,14.453,1.558,4.0,-1.1243248728730606,-1.7570562307705835
wheat,IN,IN-06-0031,2004,341.388,110.239,1445.2,26.044,24.23305,75.33186,5549.0,14.453,1.558,4.0,-0.23589597458899664,-0.9074079553256209
wheat,IN,IN-06-0031,2005,341.388,110.239,1445.2,26.044,24.23305,75.33186,5549.0,14.453,1.558,4.0,-1.3206608324983304,-0.03343733807780923
wheat,IN,IN-06-0031,2006,341.388,110.239,1445.2,26.044,24.23305,75.33186,5549.0,14.453,1.558,4.0,0.11883862130844407,-0.5485314381666068
wheat,IN,IN-06-0031,2007,341.388,110.239,1445.2,26.044,24.23305,75.33186,5549.0,14.453,1.558,4.0,0.43949458327416124,0.6182244142755741
wheat,IN,IN-06-0031,2008,341.388,110.239,1445.2,26.044,24.23305,75.33186,5549.0,14.453,1.558,4.0,-0.11698326777324516,0.23752220061037926
wheat,IN,IN-06-0031,2009,341.388,110.239,1445.2,26.044,24.23305,75.33186,5549.0,14.453,1.558,4.0,-1.2753899116473233,-0.2023241618647708
wheat,IN,IN-06-0031,2010,341.388,110.239,1445.2,26.044,24.23305,75.33186,5549.0,14.453,1.558,4.0,-1.0002543732226756,-0.2772971402819154
wheat,IN,IN-06-0031,2011,341.388,110.239,1445.2,26.044,24.23305,75.33186,5549.0,14.453,1.558,4.0,0.9645789162572092,0.47319648026898153
wheat,IN,IN-06-0031,2012,341.388,110.239,1445.2,26.044,24.23305,75.33186,5549.0,14.453,1.558,4.0,0.6531918122537321,0.8389757823989095
wheat,IN,IN-06-0031,2013,341.388,110.239,1445.2,26.044,24.23305,75.33186,5549.0,14.453,1.558,4.0,2.341901668047378,0.9580670320829561
wheat,IN,IN-06-0031,2014,341.388,110.239,1445.2,26.044,24.23305,75.33186,5549.0,14.453,1.558,4.0,0.5619609258223772,1.090280389008443
wheat,IN,IN-06-0031,2015,341.388,110.239,1445.2,26.044,24.23305,75.33186,5549.0,14.453,1.558,4.0,-0.314318577346915,0.9134500372660905
wheat,IN,IN-06-0031,2016,341.388,110.239,1445.2,26.044,24.23305,75.33186,5549.0,14.453,1.558,4.0,0.7802090214369751,0.45220723167240173
wheat,IN,IN-06-0031,2017,341.388,110.239,1445.2,26.044,24.23305,75.33186,5549.0,14.453,1.558,4.0,-0.47234773844963196,1.36877273580407
wheat,IN,IN-06-0032,2003,340.332,106.575,2542.4,36.263,22.89321,76.35448,7011.0,14.522,1.552,4.0,-0.8624073538287649,-1.022895142159495
wheat,IN,IN-06-0032,2004,340.332,106.575,2542.4,36.263,22.89321,76.35448,7011.0,14.522,1.552,4.0,-0.879680252238703,-0.3908810860734721
wheat,IN,IN-06-0032,2005,340.332,106.575,2542.4,36.263,22.89321,76.35448,7011.0,14.522,1.552,4.0,-1.4783517790320047,-0.26913333589259747
wheat,IN,IN-06-0032,2006,340.332,106.575,2542.4,36.263,22.89321,76.35448,7011.0,14.522,1.552,4.0,-0.05197265092567392,-0.18701474040653668
wheat,IN,IN-06-0032,2007,340.332,106.575,2542.4,36.263,22.89321,76.35448,7011.0,14.522,1.552,4.0,0.2997231891068308,0.40614891572338874
wheat,IN,IN-06-0032,2008,340.332,106.575,2542.4,36.263,22.89321,76.35448,7011.0,14.522,1.552,4.0,-0.4671409550761453,0.01196073437795564
wheat,IN,IN-06-0032,2009,340.332,106.575,2542.4,36.263,22.89321,76.35448,7011.0,14.522,1.552,4.0,-0.849166348275184,0.42793915372885977
wheat,IN,IN-06-0032,2010,340.332,106.575,2542.4,36.263,22.89321,76.35448,7011.0,14.522,1.552,4.0,-0.6688710128229253,0.5046941415393292
wheat,IN,IN-06-0032,2011,340.332,106.575,2542.4,36.263,22.89321,76.35448,7011.0,14.522,1.552,4.0,0.7237731310456446,0.3269515848558613
wheat,IN,IN-06-0032,2012,340.332,106.575,2542.4,36.263,22.89321,76.35448,7011.0,14.522,1.552,4.0,0.64426041072903,-1.0407992230684433
wheat,IN,IN-06-0032,2013,340.332,106.575,2542.4,36.263,22.89321,76.35448,7011.0,14.522,1.552,4.0,2.354835682918703,1.0516904996072838
wheat,IN,IN-06-0032,2014,340.332,106.575,2542.4,36.263,22.89321,76.35448,7011.0,14.522,1.552,4.0,0.1453783800229912,0.9262198373643852
wheat,IN,IN-06-0032,2015,340.332,106.575,2542.4,36.263,22.89321,76.35448,7011.0,14.522,1.552,4.0,0.3228250863849914,1.4317543504578756
wheat,IN,IN-06-0032,2016,340.332,106.575,2542.4,36.263,22.89321,76.35448,7011.0,14.522,1.552,4.0,1.3617010189580023,0.3150579777655614
wheat,IN,IN-06-0032,2017,340.332,106.575,2542.4,36.263,22.89321,76.35448,7011.0,14.522,1.552,4.0,-0.59490654696682,1.2828666337284287
wheat,IN,IN-06-0033,2003,340.421,103.981,2758.7,33.85,22.61722,75.1512,8150.0,14.505,1.548,4.0,-0.7368232079423715,-1.2679130008877422
wheat,IN,IN-06-0033,2004,340.421,103.981,2758.7,33.85,22.61722,75.1512,8150.0,14.505,1.548,4.0,-0.5542054657644622,-0.40364554303189293
wheat,IN,IN-06-0033,2005,340.421,103.981,2758.7,33.85,22.61722,75.1512,8150.0,14.505,1.548,4.0,-1.294284229810808,-0.16546722233825997
wheat,IN,IN-06-0033,2006,340.421,103.981,2758.7,33.85,22.61722,75.1512,8150.0,14.505,1.548,4.0,0.5381685838536588,-0.5699342597745078
wheat,IN,IN-06-0033,2007,340.421,103.981,2758.7,33.85,22.61722,75.1512,8150.0,14.505,1.548,4.0,1.3290215110746049,0.7674229381882702
wheat,IN,IN-06-0033,2008,340.421,103.981,2758.7,33.85,22.61722,75.1512,8150.0,14.505,1.548,4.0,-0.2361002243866369,0.4693493607704071
wheat,IN,IN-06-0033,2009,340.421,103.981,2758.7,33.85,22.61722,75.1512,8150.0,14.505,1.548,4.0,-1.0849306084877233,-0.45896386676513595
wheat,IN,IN-06-0033,2010,340.421,103.981,2758.7,33.85,22.61722,75.1512,8150.0,14.505,1.548,4.0,-0.9150189827461906,0.43566434551174676
wheat,IN,IN-06-0033,2011,340.421,103.981,2758.7,33.85,22.61722,75.1512,8150.0,14.505,1.548,4.0,0.3792668705834323,0.5290266718982272
wheat,IN,IN-06-0033,2012,340.421,103.981,2758.7,33.85,22.61722,75.1512,8150.0,14.505,1.548,4.0,0.42625430257624375,0.20533221594253365
wheat,IN,IN-06-0033,2013,340.421,103.981,2758.7,33.85,22.61722,75.1512,8150.0,14.505,1.548,4.0,2.271622404462446,1.089391365929711
wheat,IN,IN-06-0033,2014,340.421,103.981,2758.7,33.85,22.61722,75.1512,8150.0,14.505,1.548,4.0,-0.030738802048045976,0.9361372732390963
wheat,IN,IN-06-0033,2015,340.421,103.981,2758.7,33.85,22.61722,75.1512,8150.0,14.505,1.548,4.0,-0.3401733418225126,1.136807071986777
wheat,IN,IN-06-0033,2016,340.421,103.981,2758.7,33.85,22.61722,75.1512,8150.0,14.505,1.548,4.0,1.050137556811385,0.5826647553574205
wheat,IN,IN-06-0033,2017,340.421,103.981,2758.7,33.85,22.61722,75.1512,8150.0,14.505,1.548,4.0,-0.8021963663530197,0.7368024995057778
wheat,IN,IN-06-0034,2003,341.636,106.047,520.4,15.124,22.99918,74.71279,3441.0,14.718,1.559,4.0,-0.7638839793079856,-0.9763447744021588
wheat,IN,IN-06-0034,2004,341.636,106.047,520.4,15.124,22.99918,74.71279,3441.0,14.718,1.559,4.0,-0.5398598679349266,0.13653899317023993
wheat,IN,IN-06-0034,2005,341.636,106.047,520.4,15.124,22.99918,74.71279,3441.0,14.718,1.559,4.0,-1.1558464531965258,-0.17127249252086432
wheat,IN,IN-06-0034,2006,341.636,106.047,520.4,15.124,22.99918,74.71279,3441.0,14.718,1.559,4.0,0.8966532990670272,-0.49450323949425873
wheat,IN,IN-06-0034,2007,341.636,106.047,520.4,15.124,22.99918,74.71279,3441.0,14.718,1.559,4.0,1.603651210486453,0.4695915384533359
wheat,IN,IN-06-0034,2008,341.636,106.047,520.4,15.124,22.99918,74.71279,3441.0,14.718,1.559,4.0,0.27786707207689665,0.3676924460263905
wheat,IN,IN-06-0034,2009,341.636,106.047,520.4,15.124,22.99918,74.71279,3441.0,14.718,1.559,4.0,-1.3570168791450257,-0.4734277326718231
wheat,IN,IN-06-0034,2010,341.636,106.047,520.4,15.124,22.99918,74.71279,3441.0,14.718,1.559,4.0,-0.9733705615317506,-0.3136317187782847
wheat,IN,IN-06-0034,2011,341.636,106.047,520.4,15.124,22.99918,74.71279,3441.0,14.718,1.559,4.0,0.45500940363464604,-0.6919921255155524
wheat,IN,IN-06-0034,2012,341.636,106.047,520.4,15.124,22.99918,74.71279,3441.0,14.718,1.559,4.0,0.33223021389038687,0.30455043477023747
wheat,IN,IN-06-0034,2013,341.636,106.047,520.4,15.124,22.99918,74.71279,3441.0,14.718,1.559,4.0,1.9446358157208796,1.531992685907801
wheat,IN,IN-06-0034,2014,341.636,106.047,520.4,15.124,22.99918,74.71279,3441.0,14.718,1.559,4.0,-0.1082140172293308,1.3031221782781313
wheat,IN,IN-06-0034,2015,341.636,106.047,520.4,15.124,22.99918,74.71279,3441.0,14.718,1.559,4.0,-0.5799441702563619,0.8574193404065894
wheat,IN,IN-06-0034,2016,341.636,106.047,520.4,15.124,22.99918,74.71279,3441.0,14.718,1.559,4.0,0.7255424174196008,0.521227534647248
wheat,IN,IN-06-0034,2017,341.636,106.047,520.4,15.124,22.99918,74.71279,3441.0,14.718,1.559,4.0,-0.7574535036940149,1.3038786720232127
wheat,IN,IN-06-0035,2003,339.348,102.038,2012.7,25.093,22.03755,75.7054,8021.0,14.526,1.553,4.0,-0.3032165300552154,-1.058317042584773
wheat,IN,IN-06-0035,2004,339.348,102.038,2012.7,25.093,22.03755,75.7054,8021.0,14.526,1.553,4.0,-0.7654882107777972,-0.592769863771188
wheat,IN,IN-06-0035,2005,339.348,102.038,2012.7,25.093,22.03755,75.7054,8021.0,14.526,1.553,4.0,-1.4115632823299347,-0.42525580789788137
wheat,IN,IN-06-0035,2006,339.348,102.038,2012.7,25.093,22.03755,75.7054,8021.0,14.526,1.553,4.0,0.2223032568333619,-0.7444353045305718
wheat,IN,IN-06-0035,2007,339.348,102.038,2012.7,25.093,22.03755,75.7054,8021.0,14.526,1.553,4.0,1.0142341119268485,0.08033564670504047
wheat,IN,IN-06-0035,2008,339.348,102.038,2012.7,25.093,22.03755,75.7054,8021.0,14.526,1.553,4.0,-0.40457874385013853,-0.16724678349642969
wheat,IN,IN-06-0035,2009,339.348,102.038,2012.7,25.093,22.03755,75.7054,8021.0,14.526,1.553,4.0,-0.7126803564214794,-0.19714260613784595
wheat,IN,IN-06-0035,2010,339.348,102.038,2012.7,25.093,22.03755,75.7054,8021.0,14.526,1.553,4.0,-0.539286390919403,0.45263175529990324
wheat,IN,IN-06-0035,2011,339.348,102.038,2012.7,25.093,22.03755,75.7054,8021.0,14.526,1.553,4.0,0.276545884014091,0.7028250640863181
wheat,IN,IN-06-0035,2012,339.348,102.038,2012.7,25.093,22.03755,75.7054,8021.0,14.526,1.553,4.0,0.5872619665974328,0.29270373045751535
wheat,IN,IN-06-0035,2013,339.348,102.038,2012.7,25.093,22.03755,75.7054,8021.0,14.526,1.553,4.0,2.6948159809267827,1.1960030847912162
wheat,IN,IN-06-0035,2014,339.348,102.038,2012.7,25.093,22.03755,75.7054,8021.0,14.526,1.553,4.0,-0.15089307786200457,1.1748597719862208
wheat,IN,IN-06-0035,2015,339.348,102.038,2012.7,25.093,22.03755,75.7054,8021.0,14.526,1.553,4.0,-0.39918720161422383,1.1807020031560194
wheat,IN,IN-06-0035,2016,339.348,102.038,2012.7,25.093,22.03755,75.7054,8021.0,14.526,1.553,4.0,0.7877963795051857,0.5796110909187006
wheat,IN,IN-06-0035,2017,339.348,102.038,2012.7,25.093,22.03755,75.7054,8021.0,14.526,1.553,4.0,-0.8960637859735716,1.2108669926654057
wheat,IN,IN-06-0036,2003,339.268,103.048,1269.9,17.002,21.99926,76.43813,7469.0,14.567,1.559,4.0,-0.30708270610791893,-0.461093629501202
wheat,IN,IN-06-0036,2004,339.268,103.048,1269.9,17.002,21.99926,76.43813,7469.0,14.567,1.559,4.0,-1.106666705129084,-1.0344969612139103
wheat,IN,IN-06-0036,2005,339.268,103.048,1269.9,17.002,21.99926,76.43813,7469.0,14.567,1.559,4.0,-1.3512404739932735,-0.31023287674181804
wheat,IN,IN-06-0036,2006,339.268,103.048,1269.9,17.002,21.99926,76.43813,7469.0,14.567,1.559,4.0,-0.05707189572612988,-0.3526338282352076
wheat,IN,IN-06-0036,2007,339.268,103.048,1269.9,17.002,21.99926,76.43813,7469.0,14.567,1.559,4.0,0.4619195357237665,-0.2306485521457211
wheat,IN,IN-06-0036,2008,339.268,103.048,1269.9,17.002,21.99926,76.43813,7469.0,14.567,1.559,4.0,-0.521384053319092,-0.19566151947927116
wheat,IN,IN-06-0036,2009,339.268,103.048,1269.9,17.002,21.99926,76.43813,7469.0,14.567,1.559,4.0,-0.6210252217895268,0.5992168732728466
wheat,IN,IN-06-0036,2010,339.268,103.048,1269.9,17.002,21.99926,76.43813,7469.0,14.567,1.559,4.0,-0.28201712582582333,0.6877305788393
wheat,IN,IN-06-0036,2011,339.268,103.048,1269.9,17.002,21.99926,76.43813,7469.0,14.567,1.559,4.0,0.42444866921385976,1.2209303935234184
wheat,IN,IN-06-0036,2012,339.268,103.048,1269.9,17.002,21.99926,76.43813,7469.0,14.567,1.559,4.0,0.7462685822242787,-0.41735983866814247
wheat,IN,IN-06-0036,2013,339.268,103.048,1269.9,17.002,21.99926,76.43813,7469.0,14.567,1.559,4.0,2.784150764445546,0.6466346991993415
wheat,IN,IN-06-0036,2014,339.268,103.048,1269.9,17.002,21.99926,76.43813,7469.0,14.567,1.559,4.0,0.020069871467461798,0.8449397538604745
wheat,IN,IN-06-0036,2015,339.268,103.048,1269.9,17.002,21.99926,76.43813,7469.0,14.567,1.559,4.0,-0.24893669950516692,1.0717549135829505
wheat,IN,IN-06-0036,2016,339.268,103.048,1269.9,17.002,21.99926,76.43813,7469.0,14.567,1.559,4.0,0.8505046857760252,0.6512697334414774
wheat,IN,IN-06-0036,2017,339.268,103.048,1269.9,17.002,21.99926,76.43813,7469.0,14.567,1.559,4.0,-0.7919372274548758,1.2034604851744501
wheat,IN,IN-06-0037,2003,339.254,107.474,3026.6,46.06,23.10726,77.04536,6571.0,14.551,1.556,4.0,-0.7806761465664287,-0.8842168793089787
wheat,IN,IN-06-0037,2004,339.254,107.474,3026.6,46.06,23.10726,77.04536,6571.0,14.551,1.556,4.0,-0.8598060419285888,-0.16475009785010078
wheat,IN,IN-06-0037,2005,339.254,107.474,3026.6,46.06,23.10726,77.04536,6571.0,14.551,1.556,4.0,-1.5465207335977142,-0.9173401784179391
wheat,IN,IN-06-0037,2006,339.254,107.474,3026.6,46.06,23.10726,77.04536,6571.0,14.551,1.556,4.0,-0.2529045157790887,-0.6584877298256872
wheat,IN,IN-06-0037,2007,339.254,107.474,3026.6,46.06,23.10726,77.04536,6571.0,14.551,1.556,4.0,-0.18550304424852962,0.6956303973135269
wheat,IN,IN-06-0037,2008,339.254,107.474,3026.6,46.06,23.10726,77.04536,6571.0,14.551,1.556,4.0,-0.54693139886291,-0.3460439785815067
wheat,IN,IN-06-0037,2009,339.254,107.474,3026.6,46.06,23.10726,77.04536,6571.0,14.551,1.556,4.0,-0.6845380795112357,0.3624003080864288
wheat,IN,IN-06-0037,2010,339.254,107.474,3026.6,46.06,23.10726,77.04536,6571.0,14.551,1.556,4.0,-0.4647661098136659,0.6934335893622907
wheat,IN,IN-06-0037,2011,339.254,107.474,3026.6,46.06,23.10726,77.04536,6571.0,14.551,1.556,4.0,1.0223040008270605,1.3172849318395348
wheat,IN,IN-06-0037,2012,339.254,107.474,3026.6,46.06,23.10726,77.04536,6571.0,14.551,1.556,4.0,0.6955205113317969,-0.2254312636974137
wheat,IN,IN-06-0037,2013,339.254,107.474,3026.6,46.06,23.10726,77.04536,6571.0,14.551,1.556,4.0,2.3185456752287465,0.4563907204302559
wheat,IN,IN-06-0037,2014,339.254,107.474,3026.6,46.06,23.10726,77.04536,6571.0,14.551,1.556,4.0,0.16622162283489333,1.0045891335665267
wheat,IN,IN-06-0037,2015,339.254,107.474,3026.6,46.06,23.10726,77.04536,6571.0,14.551,1.556,4.0,0.3702566057736522,0.9842423915664393
wheat,IN,IN-06-0037,2016,339.254,107.474,3026.6,46.06,23.10726,77.04536,6571.0,14.551,1.556,4.0,1.3303980823324197,-0.2551468159844667
wheat,IN,IN-06-0037,2017,339.254,107.474,3026.6,46.06,23.10726,77.04536,6571.0,14.551,1.556,4.0,-0.581600428020366,1.5100660377647048
wheat,IN,IN-06-0038,2003,338.155,107.816,3529.6,41.579,23.27629,78.08489,8489.0,14.529,1.551,4.0,0.05276711033248873,-1.367663281353172
wheat,IN,IN-06-0038,2004,338.155,107.816,3529.6,41.579,23.27629,78.08489,8489.0,14.529,1.551,4.0,-0.6125404677420206,-0.49318857332497806
wheat,IN,IN-06-0038,2005,338.155,107.816,3529.6,41.579,23.27629,78.08489,8489.0,14.529,1.551,4.0,-1.3936473259523723,-0.559891721257741
wheat,IN,IN-06-0038,2006,338.155,107.816,3529.6,41.579,23.27629,78.08489,8489.0,14.529,1.551,4.0,-0.7533697305934386,-0.9336436914162324
wheat,IN,IN-06-0038,2007,338.155,107.816,3529.6,41.579,23.27629,78.08489,8489.0,14.529,1.551,4.0,-0.8046119909989579,-0.2375373403038586
wheat,IN,IN-06-0038,2008,338.155,107.816,3529.6,41.579,23.27629,78.08489,8489.0,14.529,1.551,4.0,-0.5043422291927413,-0.20386020672319105
wheat,IN,IN-06-0038,2009,338.155,107.816,3529.6,41.579,23.27629,78.08489,8489.0,14.529,1.551,4.0,-0.6218574439657772,0.8466765662499499
wheat,IN,IN-06-0038,2010,338.155,107.816,3529.6,41.579,23.27629,78.08489,8489.0,14.529,1.551,4.0,-0.4246151720284798,1.28276130621142
wheat,IN,IN-06-0038,2011,338.155,107.816,3529.6,41.579,23.27629,78.08489,8489.0,14.529,1.551,4.0,1.1610746613528498,0.5018714972504535
wheat,IN,IN-06-0038,2012,338.155,107.816,3529.6,41.579,23.27629,78.08489,8489.0,14.529,1.551,4.0,0.8939118027398155,-0.7800635514522721
wheat,IN,IN-06-0038,2013,338.155,107.816,3529.6,41.579,23.27629,78.08489,8489.0,14.529,1.551,4.0,2.4193975801974075,0.6798081129540363
wheat,IN,IN-06-0038,2014,338.155,107.816,3529.6,41.579,23.27629,78.08489,8489.0,14.529,1.551,4.0,-0.010478602130949335,0.976166888463901
wheat,IN,IN-06-0038,2015,338.155,107.816,3529.6,41.579,23.27629,78.08489,8489.0,14.529,1.551,4.0,0.09853907069787464,0.9134076284551779
wheat,IN,IN-06-0038,2016,338.155,107.816,3529.6,41.579,23.27629,78.08489,8489.0,14.529,1.551,4.0,1.1182357357741075,0.7467354953172659
wheat,IN,IN-06-0038,2017,338.155,107.816,3529.6,41.579,23.27629,78.08489,8489.0,14.529,1.551,4.0,-0.6184629984898015,1.5308661513114712
wheat,IN,IN-06-0039,2003,338.083,109.279,5385.2,73.639,23.93449,77.79085,7313.0,14.494,1.545,4.0,0.02705045377273796,-1.3636655771987363
wheat,IN,IN-06-0039,2004,338.083,109.279,5385.2,73.639,23.93449,77.79085,7313.0,14.494,1.545,4.0,-0.4535023664413496,-0.8247269851746666
wheat,IN,IN-06-0039,2005,338.083,109.279,5385.2,73.639,23.93449,77.79085,7313.0,14.494,1.545,4.0,-1.2196388490054533,-0.44970779303776726
wheat,IN,IN-06-0039,2006,338.083,109.279,5385.2,73.639,23.93449,77.79085,7313.0,14.494,1.545,4.0,-0.7998850590464481,-0.8290554615382042
wheat,IN,IN-06-0039,2007,338.083,109.279,5385.2,73.639,23.93449,77.79085,7313.0,14.494,1.545,4.0,-0.8583423870964061,0.01864140247628443
wheat,IN,IN-06-0039,2008,338.083,109.279,5385.2,73.639,23.93449,77.79085,7313.0,14.494,1.545,4.0,-0.3380483081440799,-0.3776286727932579
wheat,IN,IN-06-0039,2009,338.083,109.279,5385.2,73.639,23.93449,77.79085,7313.0,14.494,1.545,4.0,-0.8189800956756884,0.6368887543268748
wheat,IN,IN-06-0039,2010,338.083,109.279,5385.2,73.639,23.93449,77.79085,7313.0,14.494,1.545,4.0,-0.5148101032943995,1.278248156713937
wheat,IN,IN-06-0039,2011,338.083,109.279,5385.2,73.639,23.93449,77.79085,7313.0,14.494,1.545,4.0,1.0286485135488364,0.5893646004112568
wheat,IN,IN-06-0039,2012,338.083,109.279,5385.2,73.639,23.93449,77.79085,7313.0,14.494,1.545,4.0,0.7570767716413664,-0.7320975909949613
wheat,IN,IN-06-0039,2013,338.083,109.279,5385.2,73.639,23.93449,77.79085,7313.0,14.494,1.545,4.0,2.5623817425829447,1.1501619980711886
wheat,IN,IN-06-0039,2014,338.083,109.279,5385.2,73.639,23.93449,77.79085,7313.0,14.494,1.545,4.0,0.349698134691351,1.1577151893255648
wheat,IN,IN-06-0039,2015,338.083,109.279,5385.2,73.639,23.93449,77.79085,7313.0,14.494,1.545,4.0,0.13383212334705905,1.075329855872896
wheat,IN,IN-06-0039,2016,338.083,109.279,5385.2,73.639,23.93449,77.79085,7313.0,14.494,1.545,4.0,0.9474044861692943,0.42165778370599233
wheat,IN,IN-06-0039,2017,338.083,109.279,5385.2,73.639,23.93449,77.79085,7313.0,14.494,1.545,4.0,-0.8028850570498016,1.1386266085623642
wheat,IN,IN-06-0040,2003,338.67,106.85,1486.9,14.768,21.90944,77.9408,10068.0,14.344,1.522,5.0,-0.18142048031960298,-0.9509923650038934
wheat,IN,IN-06-0040,2004,338.67,106.85,1486.9,14.768,21.90944,77.9408,10068.0,14.344,1.522,5.0,-1.1290311189226248,-1.3034190687998504
wheat,IN,IN-06-0040,2005,338.67,106.85,1486.9,14.768,21.90944,77.9408,10068.0,14.344,1.522,5.0,-1.2973612835804853,-0.41226091108420365
wheat,IN,IN-06-0040,2006,338.67,106.85,1486.9,14.768,21.90944,77.9408,10068.0,14.344,1.522,5.0,-0.4803545904808893,-0.313282044798905
wheat,IN,IN-06-0040,2007,338.67,106.85,1486.9,14.768,21.90944,77.9408,10068.0,14.344,1.522,5.0,0.032684069989821415,0.32718444474671504
wheat,IN,IN-06-0040,2008,338.67,106.85,1486.9,14.768,21.90944,77.9408,10068.0,14.344,1.522,5.0,-0.5045227286144648,-0.02779102261969558
wheat,IN,IN-06-0040,2009,338.67,106.85,1486.9,14.768,21.90944,77.9408,10068.0,14.344,1.522,5.0,-0.3428190288878111,0.09183780651207987
wheat,IN,IN-06-0040,2010,338.67,106.85,1486.9,14.768,21.90944,77.9408,10068.0,14.344,1.522,5.0,0.05114555781357197,0.9843728969039278
wheat,IN,IN-06-0040,2011,338.67,106.85,1486.9,14.768,21.90944,77.9408,10068.0,14.344,1.522,5.0,0.5901021553575174,-0.24031241319780533
wheat,IN,IN-06-0040,2012,338.67,106.85,1486.9,14.768,21.90944,77.9408,10068.0,14.344,1.522,5.0,1.0478836611225006,-0.12200559713563472
wheat,IN,IN-06-0040,2013,338.67,106.85,1486.9,14.768,21.90944,77.9408,10068.0,14.344,1.522,5.0,2.72046566830411,0.7881028954541216
wheat,IN,IN-06-0040,2014,338.67,106.85,1486.9,14.768,21.90944,77.9408,10068.0,14.344,1.522,5.0,0.08356278291104899,0.9433633392892237
wheat,IN,IN-06-0040,2015,338.67,106.85,1486.9,14.768,21.90944,77.9408,10068.0,14.344,1.522,5.0,-0.24383754121555154,1.9196766680253217
wheat,IN,IN-06-0040,2016,338.67,106.85,1486.9,14.768,21.90944,77.9408,10068.0,14.344,1.522,5.0,0.6720479943334923,0.5791044383517813
wheat,IN,IN-06-0040,2017,338.67,106.85,1486.9,14.768,21.90944,77.9408,10068.0,14.344,1.522,5.0,-1.0185451178106937,1.0136154995805817
wheat,IN,IN-06-0041,2003,339.947,109.993,3169.2,51.389,23.86633,76.72751,6167.0,14.518,1.544,4.0,-0.9290815841249623,-2.1337451029654444
wheat,IN,IN-06-0041,2004,339.947,109.993,3169.2,51.389,23.86633,76.72751,6167.0,14.518,1.544,4.0,-0.49702073271090325,-0.23099599683119276
wheat,IN,IN-06-0041,2005,339.947,109.993,3169.2,51.389,23.86633,76.72751,6167.0,14.518,1.544,4.0,-1.2916545671982214,-0.06446558034776266
wheat,IN,IN-06-0041,2006,339.947,109.993,3169.2,51.389,23.86633,76.72751,6167.0,14.518,1.544,4.0,-0.3151242979985826,-0.5059444990630004
wheat,IN,IN-06-0041,2007,339.947,109.993,3169.2,51.389,23.86633,76.72751,6167.0,14.518,1.544,4.0,-0.26168090920424036,0.24546121276470964
wheat,IN,IN-06-0041,2008,339.947,109.993,3169.2,51.389,23.86633,76.72751,6167.0,14.518,1.544,4.0,-0.418964640619467,-0.09201840536388292
wheat,IN,IN-06-0041,2009,339.947,109.993,3169.2,51.389,23.86633,76.72751,6167.0,14.518,1.544,4.0,-0.8730590762276436,0.5782297260977971
wheat,IN,IN-06-0041,2010,339.947,109.993,3169.2,51.389,23.86633,76.72751,6167.0,14.518,1.544,4.0,-0.7278829451970376,0.7928841120579383
wheat,IN,IN-06-0041,2011,339.947,109.993,3169.2,51.389,23.86633,76.72751,6167.0,14.518,1.544,4.0,0.9793992600757022,-0.31182752010177023
wheat,IN,IN-06-0041,2012,339.947,109.993,3169.2,51.389,23.86633,76.72751,6167.0,14.518,1.544,4.0,0.5719507191020203,0.08849734180035877
wheat,IN,IN-06-0041,2013,339.947,109.993,3169.2,51.389,23.86633,76.72751,6167.0,14.518,1.544,4.0,2.511916599143953,0.8266470297590367
wheat,IN,IN-06-0041,2014,339.947,109.993,3169.2,51.389,23.86633,76.72751,6167.0,14.518,1.544,4.0,0.4561880616751193,0.8721494077838869
wheat,IN,IN-06-0041,2015,339.947,109.993,3169.2,51.389,23.86633,76.72751,6167.0,14.518,1.544,4.0,0.38325477540552666,1.4524387834282324
wheat,IN,IN-06-0041,2016,339.947,109.993,3169.2,51.389,23.86633,76.72751,6167.0,14.518,1.544,4.0,1.0862797975440868,0.20610361213394743
wheat,IN,IN-06-0041,2017,339.947,109.993,3169.2,51.389,23.86633,76.72751,6167.0,14.518,1.544,4.0,-0.674520459665345,1.3111056395631717
wheat,IN,IN-06-0042,2003,340.314,109.443,2121.6,61.282,23.4254,76.5623,3462.0,14.56,1.559,4.0,-0.9655101297156724,-1.456191115674089
wheat,IN,IN-06-0042,2004,340.314,109.443,2121.6,61.282,23.4254,76.5623,3462.0,14.56,1.559,4.0,-0.7641791066531665,0.03135816305661172
wheat,IN,IN-06-0042,2005,340.314,109.443,2121.6,61.282,23.4254,76.5623,3462.0,14.56,1.559,4.0,-1.4640521561285593,0.11164132686801366
wheat,IN,IN-06-0042,2006,340.314,109.443,2121.6,61.282,23.4254,76.5623,3462.0,14.56,1.559,4.0,-0.24852097197008954,-0.3346459507604151
wheat,IN,IN-06-0042,2007,340.314,109.443,2121.6,61.282,23.4254,76.5623,3462.0,14.56,1.559,4.0,0.0370730691759633,0.11576889890925927
wheat,IN,IN-06-0042,2008,340.314,109.443,2121.6,61.282,23.4254,76.5623,3462.0,14.56,1.559,4.0,-0.4938729473159631,0.4555230669392373
wheat,IN,IN-06-0042,2009,340.314,109.443,2121.6,61.282,23.4254,76.5623,3462.0,14.56,1.559,4.0,-0.8333800980972946,-0.012443807621948173
wheat,IN,IN-06-0042,2010,340.314,109.443,2121.6,61.282,23.4254,76.5623,3462.0,14.56,1.559,4.0,-0.6634760143858042,0.7090004153190343
wheat,IN,IN-06-0042,2011,340.314,109.443,2121.6,61.282,23.4254,76.5623,3462.0,14.56,1.559,4.0,0.8783006078956949,0.6000831311601185
wheat,IN,IN-06-0042,2012,340.314,109.443,2121.6,61.282,23.4254,76.5623,3462.0,14.56,1.559,4.0,0.586936707852421,-0.22552971425128507
wheat,IN,IN-06-0042,2013,340.314,109.443,2121.6,61.282,23.4254,76.5623,3462.0,14.56,1.559,4.0,2.3428571995448237,0.46545164277858175
wheat,IN,IN-06-0042,2014,340.314,109.443,2121.6,61.282,23.4254,76.5623,3462.0,14.56,1.559,4.0,0.3227988372626324,0.24488451182449267
wheat,IN,IN-06-0042,2015,340.314,109.443,2121.6,61.282,23.4254,76.5623,3462.0,14.56,1.559,4.0,0.4572073987822325,1.6182051219228686
wheat,IN,IN-06-0042,2016,340.314,109.443,2121.6,61.282,23.4254,76.5623,3462.0,14.56,1.559,4.0,1.3133571328055442,0.4329574713288737
wheat,IN,IN-06-0042,2017,340.314,109.443,2121.6,61.282,23.4254,76.5623,3462.0,14.56,1.559,4.0,-0.5055395290527251,1.2332284124352328
wheat,IN,IN-06-0043,2003,338.216,106.741,3000.0,44.803,22.72599,77.90786,6696.0,14.814,1.589,4.0,-0.030244791395900816,-1.255250116381881
wheat,IN,IN-06-0043,2004,338.216,106.741,3000.0,44.803,22.72599,77.90786,6696.0,14.814,1.589,4.0,-0.9027631041706082,-1.081522557978418
wheat,IN,IN-06-0043,2005,338.216,106.741,3000.0,44.803,22.72599,77.90786,6696.0,14.814,1.589,4.0,-1.392726281496821,-0.9175111414116346
wheat,IN,IN-06-0043,2006,338.216,106.741,3000.0,44.803,22.72599,77.90786,6696.0,14.814,1.589,4.0,-0.5112938246855637,-0.4570185243281605
wheat,IN,IN-06-0043,2007,338.216,106.741,3000.0,44.803,22.72599,77.90786,6696.0,14.814,1.589,4.0,-0.4488255417117554,0.017729338055425214
wheat,IN,IN-06-0043,2008,338.216,106.741,3000.0,44.803,22.72599,77.90786,6696.0,14.814,1.589,4.0,-0.5574799851432617,0.4181191015114636
wheat,IN,IN-06-0043,2009,338.216,106.741,3000.0,44.803,22.72599,77.90786,6696.0,14.814,1.589,4.0,-0.4954302876905861,0.207560763809968
wheat,IN,IN-06-0043,2010,338.216,106.741,3000.0,44.803,22.72599,77.90786,6696.0,14.814,1.589,4.0,-0.18633691493614354,-0.06524024802406186
wheat,IN,IN-06-0043,2011,338.216,106.741,3000.0,44.803,22.72599,77.90786,6696.0,14.814,1.589,4.0,1.0455418538753807,1.279217086294834
wheat,IN,IN-06-0043,2012,338.216,106.741,3000.0,44.803,22.72599,77.90786,6696.0,14.814,1.589,4.0,0.9533542549150237,-0.32488990238766846
wheat,IN,IN-06-0043,2013,338.216,106.741,3000.0,44.803,22.72599,77.90786,6696.0,14.814,1.589,4.0,2.5538776725451546,0.30954587734311934
wheat,IN,IN-06-0043,2014,338.216,106.741,3000.0,44.803,22.72599,77.90786,6696.0,14.814,1.589,4.0,-0.20204294845059065,0.13701428836297722
wheat,IN,IN-06-0043,2015,338.216,106.741,3000.0,44.803,22.72599,77.90786,6696.0,14.814,1.589,4.0,-0.1097496462305201,0.7550704868614768
wheat,IN,IN-06-0043,2016,338.216,106.741,3000.0,44.803,22.72599,77.90786,6696.0,14.814,1.589,4.0,1.0289176182490616,0.9958370142434662
wheat,IN,IN-06-0043,2017,338.216,106.741,3000.0,44.803,22.72599,77.90786,6696.0,14.814,1.589,4.0,-0.7447980736728637,2.379924945104883
wheat,IN,IN-06-0502,2003,338.821,109.433,1529.8,55.248,23.55248,77.33728,2769.0,14.485,1.533,4.0,-0.6171017936965844,-1.0997751371096558
wheat,IN,IN-06-0502,2004,338.821,109.433,1529.8,55.248,23.55248,77.33728,2769.0,14.485,1.533,4.0,-0.6292667549666524,-0.292089791955589
wheat,IN,IN-06-0502,2005,338.821,109.433,1529.8,55.248,23.55248,77.33728,2769.0,14.485,1.533,4.0,-1.462410291397775,-0.2686122075101212
wheat,IN,IN-06-0502,2006,338.821,109.433,1529.8,55.248,23.55248,77.33728,2769.0,14.485,1.533,4.0,-0.5663513709463528,-0.43172805176798223
wheat,IN,IN-06-0502,2007,338.821,109.433,1529.8,55.248,23.55248,77.33728,2769.0,14.485,1.533,4.0,-0.5625777591192809,0.4145412903282937
wheat,IN,IN-06-0502,2008,338.821,109.433,1529.8,55.248,23.55248,77.33728,2769.0,14.485,1.533,4.0,-0.5073129866975371,-0.37670229441680286
wheat,IN,IN-06-0502,2009,338.821,109.433,1529.8,55.248,23.55248,77.33728,2769.0,14.485,1.533,4.0,-0.74435219567483,0.8771125279654752
wheat,IN,IN-06-0502,2010,338.821,109.433,1529.8,55.248,23.55248,77.33728,2769.0,14.485,1.533,4.0,-0.46988012993270506,1.044953600776819
wheat,IN,IN-06-0502,2011,338.821,109.433,1529.8,55.248,23.55248,77.33728,2769.0,14.485,1.533,4.0,1.080173124974425,-0.5768085642196058
wheat,IN,IN-06-0502,2012,338.821,109.433,1529.8,55.248,23.55248,77.33728,2769.0,14.485,1.533,4.0,0.6662569239510211,-0.46771964851300035
wheat,IN,IN-06-0502,2013,338.821,109.433,1529.8,55.248,23.55248,77.33728,2769.0,14.485,1.533,4.0,2.3886904148594086,0.9831664016798132
wheat,IN,IN-06-0502,2014,338.821,109.433,1529.8,55.248,23.55248,77.33728,2769.0,14.485,1.533,4.0,0.3634062091645409,0.9155515463043393
wheat,IN,IN-06-0502,2015,338.821,109.433,1529.8,55.248,23.55248,77.33728,2769.0,14.485,1.533,4.0,0.4026069321238554,0.9145510149553254
wheat,IN,IN-06-0502,2016,338.821,109.433,1529.8,55.248,23.55248,77.33728,2769.0,14.485,1.533,4.0,1.2200906816146648,0.1630438062945444
wheat,IN,IN-06-0502,2017,338.821,109.433,1529.8,55.248,23.55248,77.33728,2769.0,14.485,1.533,4.0,-0.5619710042562034,1.6976078961336596
wheat,IN,IN-06-1057,2003,341.889,113.19,29.8,0.519,23.07165,80.81684,5741.0,13.956,1.583,4.0,1.8725245900871816,-0.3427116993763838
wheat,IN,IN-06-1057,2004,341.889,113.19,29.8,0.519,23.07165,80.81684,5741.0,13.956,1.583,4.0,0.011312000261929137,-0.3826365416886401
wheat,IN,IN-06-1057,2005,341.889,113.19,29.8,0.519,23.07165,80.81684,5741.0,13.956,1.583,4.0,0.17409699795729583,0.2671045215611474
wheat,IN,IN-06-1057,2006,341.889,113.19,29.8,0.519,23.07165,80.81684,5741.0,13.956,1.583,4.0,-0.7033019943415112,-0.825499830428112
wheat,IN,IN-06-1057,2007,341.889,113.19,29.8,0.519,23.07165,80.81684,5741.0,13.956,1.583,4.0,-0.7502653296397012,0.13198697671097825
wheat,IN,IN-06-1057,2008,341.889,113.19,29.8,0.519,23.07165,80.81684,5741.0,13.956,1.583,4.0,-0.2123243527471876,-0.48725618430274215
wheat,IN,IN-06-1057,2009,341.889,113.19,29.8,0.519,23.07165,80.81684,5741.0,13.956,1.583,4.0,-1.1437477408032273,-0.15349214369040004
wheat,IN,IN-06-1057,2010,341.889,113.19,29.8,0.519,23.07165,80.81684,5741.0,13.956,1.583,4.0,-1.1236146374862641,0.4851027548246736
wheat,IN,IN-06-1057,2011,341.889,113.19,29.8,0.519,23.07165,80.81684,5741.0,13.956,1.583,4.0,0.2927553577917314,0.3296073008028633
wheat,IN,IN-06-1057,2012,341.889,113.19,29.8,0.519,23.07165,80.81684,5741.0,13.956,1.583,4.0,0.22976471534888226,-0.7854508199459843
wheat,IN,IN-06-1057,2013,341.889,113.19,29.8,0.519,23.07165,80.81684,5741.0,13.956,1.583,4.0,2.2271849134849977,1.351627879031534
wheat,IN,IN-06-1057,2014,341.889,113.19,29.8,0.519,23.07165,80.81684,5741.0,13.956,1.583,4.0,0.2483459985657032,1.2777116492824654
wheat,IN,IN-06-1057,2015,341.889,113.19,29.8,0.519,23.07165,80.81684,5741.0,13.956,1.583,4.0,-0.6987386722358642,2.082051155378227
wheat,IN,IN-06-1057,2016,341.889,113.19,29.8,0.519,23.07165,80.81684,5741.0,13.956,1.583,4.0,0.5130163601253823,-0.03795843732458889
wheat,IN,IN-06-1057,2017,341.889,113.19,29.8,0.519,23.07165,80.81684,5741.0,13.956,1.583,4.0,-0.9370082063693528,0.4356831283619385
wheat,IN,IN-06-1058,2003,339.0,104.934,982.1,29.378,22.3344,77.02396,3343.0,14.833,1.592,4.0,-0.4816535526945434,-2.134093991356783
wheat,IN,IN-06-1058,2004,339.0,104.934,982.1,29.378,22.3344,77.02396,3343.0,14.833,1.592,4.0,-1.1152293357616,-1.0315397098501131
wheat,IN,IN-06-1058,2005,339.0,104.934,982.1,29.378,22.3344,77.02396,3343.0,14.833,1.592,4.0,-1.3676624821068253,-0.13059790071346195
wheat,IN,IN-06-1058,2006,339.0,104.934,982.1,29.378,22.3344,77.02396,3343.0,14.833,1.592,4.0,-0.009679423129419738,-0.16588860962038415
wheat,IN,IN-06-1058,2007,339.0,104.934,982.1,29.378,22.3344,77.02396,3343.0,14.833,1.592,4.0,0.08233000372562604,-0.029187031274831434
wheat,IN,IN-06-1058,2008,339.0,104.934,982.1,29.378,22.3344,77.02396,3343.0,14.833,1.592,4.0,-0.6187829854249575,0.17268326970845155
wheat,IN,IN-06-1058,2009,339.0,104.934,982.1,29.378,22.3344,77.02396,3343.0,14.833,1.592,4.0,-0.5954611008695285,0.24265236700476372
wheat,IN,IN-06-1058,2010,339.0,104.934,982.1,29.378,22.3344,77.02396,3343.0,14.833,1.592,4.0,-0.23136716414634287,0.46640869432562376
wheat,IN,IN-06-1058,2011,339.0,104.934,982.1,29.378,22.3344,77.02396,3343.0,14.833,1.592,4.0,0.7746813097758442,1.05917518570676
wheat,IN,IN-06-1058,2012,339.0,104.934,982.1,29.378,22.3344,77.02396,3343.0,14.833,1.592,4.0,0.8156865293280792,-0.06784436657583205
wheat,IN,IN-06-1058,2013,339.0,104.934,982.1,29.378,22.3344,77.02396,3343.0,14.833,1.592,4.0,2.6405996067785633,1.001698225010129
wheat,IN,IN-06-1058,2014,339.0,104.934,982.1,29.378,22.3344,77.02396,3343.0,14.833,1.592,4.0,-0.024120730503857366,0.3197011077606204
wheat,IN,IN-06-1058,2015,339.0,104.934,982.1,29.378,22.3344,77.02396,3343.0,14.833,1.592,4.0,-0.09489162135254645,1.0488334694678623
wheat,IN,IN-06-1058,2016,339.0,104.934,982.1,29.378,22.3344,77.02396,3343.0,14.833,1.592,4.0,1.0023368691797683,0.7250091785019875
wheat,IN,IN-06-1058,2017,339.0,104.934,982.1,29.378,22.3344,77.02396,3343.0,14.833,1.592,4.0,-0.7767859227982541,1.409987972564354
wheat,IN,IN-06-1060,2003,338.817,98.467,681.7,12.565,21.92743,75.02478,5425.0,14.426,1.537,4.0,-0.3419605401399414,-0.9795389498357979
wheat,IN,IN-06-1060,2004,338.817,98.467,681.7,12.565,21.92743,75.02478,5425.0,14.426,1.537,4.0,-0.4953071303902635,-0.7838421011776547
wheat,IN,IN-06-1060,2005,338.817,98.467,681.7,12.565,21.92743,75.02478,5425.0,14.426,1.537,4.0,-1.1958299981360085,-0.9824621467736288
wheat,IN,IN-06-1060,2006,338.817,98.467,681.7,12.565,21.92743,75.02478,5425.0,14.426,1.537,4.0,0.5767989424247603,-0.5287937829852664
wheat,IN,IN-06-1060,2007,338.817,98.467,681.7,12.565,21.92743,75.02478,5425.0,14.426,1.537,4.0,1.4164236771699332,0.4814057597653135
wheat,IN,IN-06-1060,2008,338.817,98.467,681.7,12.565,21.92743,75.02478,5425.0,14.426,1.537,4.0,-0.19992703080794572,0.17125312466278808
wheat,IN,IN-06-1060,2009,338.817,98.467,681.7,12.565,21.92743,75.02478,5425.0,14.426,1.537,4.0,-0.8027696048718089,-0.24062388387932507
wheat,IN,IN-06-1060,2010,338.817,98.467,681.7,12.565,21.92743,75.02478,5425.0,14.426,1.537,4.0,-0.4926931974391165,1.0405341340556422
wheat,IN,IN-06-1060,2011,338.817,98.467,681.7,12.565,21.92743,75.02478,5425.0,14.426,1.537,4.0,0.1434016101602256,0.6912192999771105
wheat,IN,IN-06-1060,2012,338.817,98.467,681.7,12.565,21.92743,75.02478,5425.0,14.426,1.537,4.0,0.222019147277164,0.2647147867579056
wheat,IN,IN-06-1060,2013,338.817,98.467,681.7,12.565,21.92743,75.02478,5425.0,14.426,1.537,4.0,2.6811752813819427,0.5351845194298787
wheat,IN,IN-06-1060,2014,338.817,98.467,681.7,12.565,21.92743,75.02478,5425.0,14.426,1.537,4.0,0.01370821265979057,0.9271677591529867
wheat,IN,IN-06-1060,2015,338.817,98.467,681.7,12.565,21.92743,75.02478,5425.0,14.426,1.537,4.0,-0.8630663598664134,0.8193561257485854
wheat,IN,IN-06-1060,2016,338.817,98.467,681.7,12.565,21.92743,75.02478,5425.0,14.426,1.537,4.0,0.2685474612433946,0.6707770813911644
wheat,IN,IN-06-1060,2017,338.817,98.467,681.7,12.565,21.92743,75.02478,5425.0,14.426,1.537,4.0,-0.9305204706657222,1.5326524665417112
wheat,IN,IN-06-1061,2003,339.931,109.548,1815.5,35.943,23.80013,80.33556,5051.0,13.963,1.622,4.0,1.7110149006668318,-0.7414199363173725
wheat,IN,IN-06-1061,2004,339.931,109.548,1815.5,35.943,23.80013,80.33556,5051.0,13.963,1.622,4.0,0.14213695343845642,-0.11595437114544531
wheat,IN,IN-06-1061,2005,339.931,109.548,1815.5,35.943,23.80013,80.33556,5051.0,13.963,1.622,4.0,0.27901253555893063,-0.8350632206105163
wheat,IN,IN-06-1061,2006,339.931,109.548,1815.5,35.943,23.80013,80.33556,5051.0,13.963,1.622,4.0,-0.7604412724620485,-0.5281239214325375
wheat,IN,IN-06-1061,2007,339.931,109.548,1815.5,35.943,23.80013,80.33556,5051.0,13.963,1.622,4.0,-0.8808471104184443,-0.6448820188698622
wheat,IN,IN-06-1061,2008,339.931,109.548,1815.5,35.943,23.80013,80.33556,5051.0,13.963,1.622,4.0,-0.018209552541803495,-0.558682523012994
wheat,IN,IN-06-1061,2009,339.931,109.548,1815.5,35.943,23.80013,80.33556,5051.0,13.963,1.622,4.0,-1.0419988068868589,-0.13234816823376033
wheat,IN,IN-06-1061,2010,339.931,109.548,1815.5,35.943,23.80013,80.33556,5051.0,13.963,1.622,4.0,-1.1483157549596883,0.36723761859092446
wheat,IN,IN-06-1061,2011,339.931,109.548,1815.5,35.943,23.80013,80.33556,5051.0,13.963,1.622,4.0,0.43640128314373466,-0.23223926138652534
wheat,IN,IN-06-1061,2012,339.931,109.548,1815.5,35.943,23.80013,80.33556,5051.0,13.963,1.622,4.0,0.4272107287096656,-0.23515635870427032
wheat,IN,IN-06-1061,2013,339.931,109.548,1815.5,35.943,23.80013,80.33556,5051.0,13.963,1.622,4.0,2.211221418846847,1.7927936391773
wheat,IN,IN-06-1061,2014,339.931,109.548,1815.5,35.943,23.80013,80.33556,5051.0,13.963,1.622,4.0,0.12963284383063894,1.3734220943280802
wheat,IN,IN-06-1061,2015,339.931,109.548,1815.5,35.943,23.80013,80.33556,5051.0,13.963,1.622,4.0,-0.8614707657742448,1.6105027112574934
wheat,IN,IN-06-1061,2016,339.931,109.548,1815.5,35.943,23.80013,80.33556,5051.0,13.963,1.622,4.0,0.3939276281637786,0.8232147204237712
wheat,IN,IN-06-1061,2017,339.931,109.548,1815.5,35.943,23.80013,80.33556,5051.0,13.963,1.622,4.0,-1.0192750293158308,0.9494420709640268
wheat,IN,IN-06-1062,2003,341.001,111.751,708.2,16.52,24.55844,75.00605,4287.0,13.612,1.549,4.0,-1.342214322723914,-1.371532039952239
wheat,IN,IN-06-1062,2004,341.001,111.751,708.2,16.52,24.55844,75.00605,4287.0,13.612,1.549,4.0,0.1703739537780677,-0.9118947491893596
wheat,IN,IN-06-1062,2005,341.001,111.751,708.2,16.52,24.55844,75.00605,4287.0,13.612,1.549,4.0,-1.31091091112795,0.4416705876066369
wheat,IN,IN-06-1062,2006,341.001,111.751,708.2,16.52,24.55844,75.00605,4287.0,13.612,1.549,4.0,0.053888398487473,-0.21930509915267501
wheat,IN,IN-06-1062,2007,341.001,111.751,708.2,16.52,24.55844,75.00605,4287.0,13.612,1.549,4.0,0.446499838902398,0.3841352329518201
wheat,IN,IN-06-1062,2008,341.001,111.751,708.2,16.52,24.55844,75.00605,4287.0,13.612,1.549,4.0,-0.11903564022955808,-0.09713899937507738
wheat,IN,IN-06-1062,2009,341.001,111.751,708.2,16.52,24.55844,75.00605,4287.0,13.612,1.549,4.0,-1.3229557881079135,-0.4995042217266827
wheat,IN,IN-06-1062,2010,341.001,111.751,708.2,16.52,24.55844,75.00605,4287.0,13.612,1.549,4.0,-1.1151305115238277,0.2385946168871255
wheat,IN,IN-06-1062,2011,341.001,111.751,708.2,16.52,24.55844,75.00605,4287.0,13.612,1.549,4.0,0.8089608618754698,0.7580657631457385
wheat,IN,IN-06-1062,2012,341.001,111.751,708.2,16.52,24.55844,75.00605,4287.0,13.612,1.549,4.0,0.5805038970518058,0.42597079465462784
wheat,IN,IN-06-1062,2013,341.001,111.751,708.2,16.52,24.55844,75.00605,4287.0,13.612,1.549,4.0,2.0846493422156094,1.0868569462694049
wheat,IN,IN-06-1062,2014,341.001,111.751,708.2,16.52,24.55844,75.00605,4287.0,13.612,1.549,4.0,0.8976504881444706,1.0585294697359797
wheat,IN,IN-06-1062,2015,341.001,111.751,708.2,16.52,24.55844,75.00605,4287.0,13.612,1.549,4.0,-0.2768808297502454,0.5708262557618565
wheat,IN,IN-06-1062,2016,341.001,111.751,708.2,16.52,24.55844,75.00605,4287.0,13.612,1.549,4.0,0.9013965323799916,0.5707257663680968
wheat,IN,IN-06-1062,2017,341.001,111.751,708.2,16.52,24.55844,75.00605,4287.0,13.612,1.549,4.0,-0.4567953093718697,1.330149237372337
wheat,IN,IN-06-1063,2003,338.329,108.536,1571.5,23.778,25.76688,76.75191,6609.0,14.156,1.526,4.0,1.3905166110728677,-1.5592619139002273
wheat,IN,IN-06-1063,2004,338.329,108.536,1571.5,23.778,25.76688,76.75191,6609.0,14.156,1.526,4.0,0.6964558326317982,-0.9334707163093652
wheat,IN,IN-06-1063,2005,338.329,108.536,1571.5,23.778,25.76688,76.75191,6609.0,14.156,1.526,4.0,-0.02365684284547072,-0.4890340820238206
wheat,IN,IN-06-1063,2006,338.329,108.536,1571.5,23.778,25.76688,76.75191,6609.0,14.156,1.526,4.0,-0.26647208144118467,-0.18396300106501332
wheat,IN,IN-06-1063,2007,338.329,108.536,1571.5,23.778,25.76688,76.75191,6609.0,14.156,1.526,4.0,-0.35505826613412217,-0.4043670149638429
wheat,IN,IN-06-1063,2008,338.329,108.536,1571.5,23.778,25.76688,76.75191,6609.0,14.156,1.526,4.0,0.6137913707905477,0.43784992347418555
wheat,IN,IN-06-1063,2009,338.329,108.536,1571.5,23.778,25.76688,76.75191,6609.0,14.156,1.526,4.0,-1.051730596656983,-0.19304078214398504
wheat,IN,IN-06-1063,2010,338.329,108.536,1571.5,23.778,25.76688,76.75191,6609.0,14.156,1.526,4.0,-0.648109487366957,-0.24102333927570768
wheat,IN,IN-06-1063,2011,338.329,108.536,1571.5,23.778,25.76688,76.75191,6609.0,14.156,1.526,4.0,0.5064122006130666,1.4947780856110795
wheat,IN,IN-06-1063,2012,338.329,108.536,1571.5,23.778,25.76688,76.75191,6609.0,14.156,1.526,4.0,0.34394547178069745,0.7669421066428586
wheat,IN,IN-06-1063,2013,338.329,108.536,1571.5,23.778,25.76688,76.75191,6609.0,14.156,1.526,4.0,2.0254475426345944,1.4616185497428615
wheat,IN,IN-06-1063,2014,338.329,108.536,1571.5,23.778,25.76688,76.75191,6609.0,14.156,1.526,4.0,0.21535696045188862,0.64276349005589
wheat,IN,IN-06-1063,2015,338.329,108.536,1571.5,23.778,25.76688,76.75191,6609.0,14.156,1.526,4.0,-1.2177086037412654,0.6355706302972995
wheat,IN,IN-06-1063,2016,338.329,108.536,1571.5,23.778,25.76688,76.75191,6609.0,14.156,1.526,4.0,-0.41109319285076,0.6395831789976112
wheat,IN,IN-06-1063,2017,338.329,108.536,1571.5,23.778,25.76688,76.75191,6609.0,14.156,1.526,4.0,-1.8180969189387022,0.5410861666100936
wheat,IN,IN-06-1064,2003,339.994,110.06,382.3,8.356,23.77014,80.83907,4575.0,13.537,1.661,4.0,1.9220039537255134,-1.260667848792469
wheat,IN,IN-06-1064,2004,339.994,110.06,382.3,8.356,23.77014,80.83907,4575.0,13.537,1.661,4.0,0.16319437398747041,0.5224509991977482
wheat,IN,IN-06-1064,2005,339.994,110.06,382.3,8.356,23.77014,80.83907,4575.0,13.537,1.661,4.0,0.2418522716216691,0.033760866411104234
wheat,IN,IN-06-1064,2006,339.994,110.06,382.3,8.356,23.77014,80.83907,4575.0,13.537,1.661,4.0,-0.6802864400198239,-0.34859711959613016
wheat,IN,IN-06-1064,2007,339.994,110.06,382.3,8.356,23.77014,80.83907,4575.0,13.537,1.661,4.0,-0.7883294851533621,-0.7665077877252081
wheat,IN,IN-06-1064,2008,339.994,110.06,382.3,8.356,23.77014,80.83907,4575.0,13.537,1.661,4.0,-0.12931369229535486,-0.5525128880679762
wheat,IN,IN-06-1064,2009,339.994,110.06,382.3,8.356,23.77014,80.83907,4575.0,13.537,1.661,4.0,-1.0926750159220588,-0.49469642269056857
wheat,IN,IN-06-1064,2010,339.994,110.06,382.3,8.356,23.77014,80.83907,4575.0,13.537,1.661,4.0,-1.2215090764194505,-0.0861247930447351
wheat,IN,IN-06-1064,2011,339.994,110.06,382.3,8.356,23.77014,80.83907,4575.0,13.537,1.661,4.0,0.3070411207927708,-0.13506657391333615
wheat,IN,IN-06-1064,2012,339.994,110.06,382.3,8.356,23.77014,80.83907,4575.0,13.537,1.661,4.0,0.25400220152062414,-0.100506059664661
wheat,IN,IN-06-1064,2013,339.994,110.06,382.3,8.356,23.77014,80.83907,4575.0,13.537,1.661,4.0,2.1055438036330565,2.088561460282383
wheat,IN,IN-06-1064,2014,339.994,110.06,382.3,8.356,23.77014,80.83907,4575.0,13.537,1.661,4.0,0.23256632044007028,1.8321542766098247
wheat,IN,IN-06-1064,2015,339.994,110.06,382.3,8.356,23.77014,80.83907,4575.0,13.537,1.661,4.0,-0.7839477523273917,1.0801762931753465
wheat,IN,IN-06-1064,2016,339.994,110.06,382.3,8.356,23.77014,80.83907,4575.0,13.537,1.661,4.0,0.45342884235119935,0.04276441223210163
wheat,IN,IN-06-1064,2017,339.994,110.06,382.3,8.356,23.77014,80.83907,4575.0,13.537,1.661,4.0,-0.9835714259349132,0.749495702320899
wheat,IN,IN-06-1071,2003,340.991,112.969,13.0,0.345,23.12142,81.64436,3771.0,10.89,1.578,4.0,1.9878691001090365,-1.5679569369572328
wheat,IN,IN-06-1071,2004,340.991,112.969,13.0,0.345,23.12142,81.64436,3771.0,10.89,1.578,4.0,0.3264365756675863,-0.2944378570329213
wheat,IN,IN-06-1071,2005,340.991,112.969,13.0,0.345,23.12142,81.64436,3771.0,10.89,1.578,4.0,-0.16512346695139601,-0.4593873292319161
wheat,IN,IN-06-1071,2006,340.991,112.969,13.0,0.345,23.12142,81.64436,3771.0,10.89,1.578,4.0,-0.48430126819505076,-1.397236810550235
wheat,IN,IN-06-1071,2007,340.991,112.969,13.0,0.345,23.12142,81.64436,3771.0,10.89,1.578,4.0,-0.5059989493701365,-0.35206563818791564
wheat,IN,IN-06-1071,2008,340.991,112.969,13.0,0.345,23.12142,81.64436,3771.0,10.89,1.578,4.0,-0.3553863183385253,-0.667750623354983
wheat,IN,IN-06-1071,2009,340.991,112.969,13.0,0.345,23.12142,81.64436,3771.0,10.89,1.578,4.0,-1.216624169988295,-0.7577652175190882
wheat,IN,IN-06-1071,2010,340.991,112.969,13.0,0.345,23.12142,81.64436,3771.0,10.89,1.578,4.0,-1.3469475048941546,0.15977627294501426
wheat,IN,IN-06-1071,2011,340.991,112.969,13.0,0.345,23.12142,81.64436,3771.0,10.89,1.578,4.0,0.27148487496426776,0.06229216387288563
wheat,IN,IN-06-1071,2012,340.991,112.969,13.0,0.345,23.12142,81.64436,3771.0,10.89,1.578,4.0,0.2100479984900775,0.3743901710519606
wheat,IN,IN-06-1071,2013,340.991,112.969,13.0,0.345,23.12142,81.64436,3771.0,10.89,1.578,4.0,1.9533897815015069,1.3265163712948103
wheat,IN,IN-06-1071,2014,340.991,112.969,13.0,0.345,23.12142,81.64436,3771.0,10.89,1.578,4.0,0.31271899698965544,1.8961861972723277
wheat,IN,IN-06-1071,2015,340.991,112.969,13.0,0.345,23.12142,81.64436,3771.0,10.89,1.578,4.0,-0.7594357365769192,1.5183981200075445
wheat,IN,IN-06-1071,2016,340.991,112.969,13.0,0.345,23.12142,81.64436,3771.0,10.89,1.578,4.0,0.7133141963982789,-0.3106949574008551
wheat,IN,IN-06-1071,2017,340.991,112.969,13.0,0.345,23.12142,81.64436,3771.0,10.89,1.578,4.0,-0.9414441098059417,0.4697360737906127
wheat,IN,IN-06-1081,2003,337.359,111.637,2886.4,60.856,24.65237,77.77119,4743.0,14.477,1.562,4.0,0.6576560660459904,-1.771194874256712
wheat,IN,IN-06-1081,2004,337.359,111.637,2886.4,60.856,24.65237,77.77119,4743.0,14.477,1.562,4.0,-0.18632491720370073,-1.4571712991778245
wheat,IN,IN-06-1081,2005,337.359,111.637,2886.4,60.856,24.65237,77.77119,4743.0,14.477,1.562,4.0,-0.8527336390199167,-0.7953696802469253
wheat,IN,IN-06-1081,2006,337.359,111.637,2886.4,60.856,24.65237,77.77119,4743.0,14.477,1.562,4.0,-0.7701106046344124,-1.181964726191069
wheat,IN,IN-06-1081,2007,337.359,111.637,2886.4,60.856,24.65237,77.77119,4743.0,14.477,1.562,4.0,-0.9559376742647185,-0.14969523178523614
wheat,IN,IN-06-1081,2008,337.359,111.637,2886.4,60.856,24.65237,77.77119,4743.0,14.477,1.562,4.0,0.08937214274835577,-0.6106752621693039
wheat,IN,IN-06-1081,2009,337.359,111.637,2886.4,60.856,24.65237,77.77119,4743.0,14.477,1.562,4.0,-0.8700123333363015,0.7229348626318456
wheat,IN,IN-06-1081,2010,337.359,111.637,2886.4,60.856,24.65237,77.77119,4743.0,14.477,1.562,4.0,-0.610791669619212,0.3823829567063332
wheat,IN,IN-06-1081,2011,337.359,111.637,2886.4,60.856,24.65237,77.77119,4743.0,14.477,1.562,4.0,0.9102612590145763,1.0960797178202952
wheat,IN,IN-06-1081,2012,337.359,111.637,2886.4,60.856,24.65237,77.77119,4743.0,14.477,1.562,4.0,0.7991635372592186,-0.3997245000303833
wheat,IN,IN-06-1081,2013,337.359,111.637,2886.4,60.856,24.65237,77.77119,4743.0,14.477,1.562,4.0,2.5983976624811267,1.4181007896994586
wheat,IN,IN-06-1081,2014,337.359,111.637,2886.4,60.856,24.65237,77.77119,4743.0,14.477,1.562,4.0,0.4551121143647378,0.9584274621858117
wheat,IN,IN-06-1081,2015,337.359,111.637,2886.4,60.856,24.65237,77.77119,4743.0,14.477,1.562,4.0,-0.29690317820947865,0.497175733984595
wheat,IN,IN-06-1081,2016,337.359,111.637,2886.4,60.856,24.65237,77.77119,4743.0,14.477,1.562,4.0,0.28417529907877664,0.27467887870871704
wheat,IN,IN-06-1081,2017,337.359,111.637,2886.4,60.856,24.65237,77.77119,4743.0,14.477,1.562,4.0,-1.2513240647050807,1.0160151721204072
wheat,IN,IN-06-1082,2003,337.091,97.054,219.0,6.791,21.38036,76.31018,3224.0,14.74,1.551,4.0,0.09562279038065692,-1.9406754345156039
wheat,IN,IN-06-1082,2004,337.091,97.054,219.0,6.791,21.38036,76.31018,3224.0,14.74,1.551,4.0,-1.0025993920044998,-1.17207054022263
wheat,IN,IN-06-1082,2005,337.091,97.054,219.0,6.791,21.38036,76.31018,3224.0,14.74,1.551,4.0,-1.2187673129424146,-1.0037016224302842
wheat,IN,IN-06-1082,2006,337.091,97.054,219.0,6.791,21.38036,76.31018,3224.0,14.74,1.551,4.0,0.003782737077422123,-0.8453568239353803
wheat,IN,IN-06-1082,2007,337.091,97.054,219.0,6.791,21.38036,76.31018,3224.0,14.74,1.551,4.0,0.7075395088854415,-0.17977897725164213
wheat,IN,IN-06-1082,2008,337.091,97.054,219.0,6.791,21.38036,76.31018,3224.0,14.74,1.551,4.0,-0.39319830422969887,-0.09983592859892272
wheat,IN,IN-06-1082,2009,337.091,97.054,219.0,6.791,21.38036,76.31018,3224.0,14.74,1.551,4.0,-0.4086230817626289,-0.45113048164154035
wheat,IN,IN-06-1082,2010,337.091,97.054,219.0,6.791,21.38036,76.31018,3224.0,14.74,1.551,4.0,0.1631827104176692,0.5794476634556982
wheat,IN,IN-06-1082,2011,337.091,97.054,219.0,6.791,21.38036,76.31018,3224.0,14.74,1.551,4.0,0.017568964860314805,0.27515541677910316
wheat,IN,IN-06-1082,2012,337.091,97.054,219.0,6.791,21.38036,76.31018,3224.0,14.74,1.551,4.0,0.5631931366413273,-0.476292686474321
wheat,IN,IN-06-1082,2013,337.091,97.054,219.0,6.791,21.38036,76.31018,3224.0,14.74,1.551,4.0,2.9451330875838657,0.5326007175930568
wheat,IN,IN-06-1082,2014,337.091,97.054,219.0,6.791,21.38036,76.31018,3224.0,14.74,1.551,4.0,0.09564873085105219,0.9702787930661898
wheat,IN,IN-06-1082,2015,337.091,97.054,219.0,6.791,21.38036,76.31018,3224.0,14.74,1.551,4.0,-0.7122773369482519,1.3349571602672845
wheat,IN,IN-06-1082,2016,337.091,97.054,219.0,6.791,21.38036,76.31018,3224.0,14.74,1.551,4.0,0.19522980067216236,0.9379075004552498
wheat,IN,IN-06-1082,2017,337.091,97.054,219.0,6.791,21.38036,76.31018,3224.0,14.74,1.551,4.0,-1.0514360394824394,1.5384952434537569
wheat,IN,IN-06-2006,2008,340.189,99.709,98.3,2.948,22.43306,74.40637,3335.0,14.368,1.511,4.0,0.7402774746436697,0.16570463234158453
wheat,IN,IN-06-2006,2009,340.189,99.709,98.3,2.948,22.43306,74.40637,3335.0,14.368,1.511,4.0,-1.1505675384537364,-1.2036373180488487
wheat,IN,IN-06-2006,2010,340.189,99.709,98.3,2.948,22.43306,74.40637,3335.0,14.368,1.511,4.0,-0.6715895986984846,-0.7582744588921699
wheat,IN,IN-06-2006,2011,340.189,99.709,98.3,2.948,22.43306,74.40637,3335.0,14.368,1.511,4.0,0.3361415620635532,-1.0071987856345226
wheat,IN,IN-06-2006,2012,340.189,99.709,98.3,2.948,22.43306,74.40637,3335.0,14.368,1.511,4.0,-0.05364393831674304,-1.178870735112009
wheat,IN,IN-06-2006,2013,340.189,99.709,98.3,2.948,22.43306,74.40637,3335.0,14.368,1.511,4.0,2.1384309990436994,1.3238069443242146
wheat,IN,IN-06-2006,2014,340.189,99.709,98.3,2.948,22.43306,74.40637,3335.0,14.368,1.511,4.0,0.152567427140013,0.13118903868218643
wheat,IN,IN-06-2006,2015,340.189,99.709,98.3,2.948,22.43306,74.40637,3335.0,14.368,1.511,4.0,-0.9626992740570613,0.3066339980382925
wheat,IN,IN-06-2006,2016,340.189,99.709,98.3,2.948,22.43306,74.40637,3335.0,14.368,1.511,4.0,0.40578456445972405,0.782224442570107
wheat,IN,IN-06-2006,2017,340.189,99.709,98.3,2.948,22.43306,74.40637,3335.0,14.368,1.511,4.0,-0.9347016778245925,1.438422241731159
wheat,IN,IN-06-2007,2008,336.779,107.786,405.7,7.039,24.30676,82.38147,5764.0,10.946,1.533,4.0,0.5448457937317334,-1.1439794324531136
wheat,IN,IN-06-2007,2009,336.779,107.786,405.7,7.039,24.30676,82.38147,5764.0,10.946,1.533,4.0,-0.9195376961011162,-0.9813012250681724
wheat,IN,IN-06-2007,2010,336.779,107.786,405.7,7.039,24.30676,82.38147,5764.0,10.946,1.533,4.0,-1.6064295337626546,-1.171167550528738
wheat,IN,IN-06-2007,2011,336.779,107.786,405.7,7.039,24.30676,82.38147,5764.0,10.946,1.533,4.0,0.5243281869083923,-0.7667021836159638
wheat,IN,IN-06-2007,2012,336.779,107.786,405.7,7.039,24.30676,82.38147,5764.0,10.946,1.533,4.0,0.7181073163650961,0.061693206933986625
wheat,IN,IN-06-2007,2013,336.779,107.786,405.7,7.039,24.30676,82.38147,5764.0,10.946,1.533,4.0,1.5357210212553754,1.0405122237064246
wheat,IN,IN-06-2007,2014,336.779,107.786,405.7,7.039,24.30676,82.38147,5764.0,10.946,1.533,4.0,0.12199315779168612,1.7249438741083447
wheat,IN,IN-06-2007,2015,336.779,107.786,405.7,7.039,24.30676,82.38147,5764.0,10.946,1.533,4.0,-0.9062970755741219,0.46654106710117055
wheat,IN,IN-06-2007,2016,336.779,107.786,405.7,7.039,24.30676,82.38147,5764.0,10.946,1.533,4.0,0.7972520656726648,0.07384799257410801
wheat,IN,IN-06-2007,2017,336.779,107.786,405.7,7.039,24.30676,82.38147,5764.0,10.946,1.533,4.0,-0.8099832362870735,0.6956120272419556
wheat,IN,IN-07-0096,2003,340.093,100.785,0.6,0.015,19.3863,73.38555,4274.0,13.305,1.353,5.0,0.6488027408551807,-0.4560342712099951
wheat,IN,IN-07-0096,2004,340.093,100.785,0.6,0.015,19.3863,73.38555,4274.0,13.305,1.353,5.0,-0.436603079367447,0.5502162526890281
wheat,IN,IN-07-0096,2005,340.093,100.785,0.6,0.015,19.3863,73.38555,4274.0,13.305,1.353,5.0,0.36236923245582103,-0.5623337477161092
wheat,IN,IN-07-0096,2006,340.093,100.785,0.6,0.015,19.3863,73.38555,4274.0,13.305,1.353,5.0,0.30997450162956874,0.8844169945917931
wheat,IN,IN-07-0096,2007,340.093,100.785,0.6,0.015,19.3863,73.38555,4274.0,13.305,1.353,5.0,-1.2114592297395566,-0.617620625794025
wheat,IN,IN-07-0096,2008,340.093,100.785,0.6,0.015,19.3863,73.38555,4274.0,13.305,1.353,5.0,-1.6431069315787923,-0.8794003430988699
wheat,IN,IN-07-0096,2009,340.093,100.785,0.6,0.015,19.3863,73.38555,4274.0,13.305,1.353,5.0,-0.9797274606666161,-1.0385309780083725
wheat,IN,IN-07-0096,2010,340.093,100.785,0.6,0.015,19.3863,73.38555,4274.0,13.305,1.353,5.0,1.2911167601226554,1.2254639641132483
wheat,IN,IN-07-0096,2011,340.093,100.785,0.6,0.015,19.3863,73.38555,4274.0,13.305,1.353,5.0,-0.1351836958632006,-0.06689479228487218
wheat,IN,IN-07-0096,2016,340.093,100.785,0.6,0.015,19.3863,73.38555,4274.0,13.305,1.353,5.0,0.28880076759496953,-0.20033246009961303
wheat,IN,IN-07-0096,2017,340.093,100.785,0.6,0.015,19.3863,73.38555,4274.0,13.305,1.353,5.0,1.5050163945574042,2.1516944511728093
wheat,IN,IN-07-0099,2003,337.544,96.472,745.9,4.81,20.28102,74.08992,15507.0,14.014,1.51,4.0,-0.2910959599419926,-1.2835013861909943
wheat,IN,IN-07-0099,2004,337.544,96.472,745.9,4.81,20.28102,74.08992,15507.0,14.014,1.51,4.0,-0.006711269331762304,-0.8775345590733052
wheat,IN,IN-07-0099,2005,337.544,96.472,745.9,4.81,20.28102,74.08992,15507.0,14.014,1.51,4.0,-0.05462986977300333,-0.3703921138917157
wheat,IN,IN-07-0099,2006,337.544,96.472,745.9,4.81,20.28102,74.08992,15507.0,14.014,1.51,4.0,0.6953113292382201,0.6035892689332187
wheat,IN,IN-07-0099,2007,337.544,96.472,745.9,4.81,20.28102,74.08992,15507.0,14.014,1.51,4.0,0.31358137299984573,0.7982067245921555
wheat,IN,IN-07-0099,2008,337.544,96.472,745.9,4.81,20.28102,74.08992,15507.0,14.014,1.51,4.0,-0.5956173657718487,-0.21240342165278203
wheat,IN,IN-07-0099,2009,337.544,96.472,745.9,4.81,20.28102,74.08992,15507.0,14.014,1.51,4.0,-0.7990494880279598,0.1549575597309745
wheat,IN,IN-07-0099,2010,337.544,96.472,745.9,4.81,20.28102,74.08992,15507.0,14.014,1.51,4.0,0.8544042711294709,1.4103309298632853
wheat,IN,IN-07-0099,2011,337.544,96.472,745.9,4.81,20.28102,74.08992,15507.0,14.014,1.51,4.0,0.09861423206906916,0.5623531312313169
wheat,IN,IN-07-0099,2012,337.544,96.472,745.9,4.81,20.28102,74.08992,15507.0,14.014,1.51,4.0,-1.7610034702859865,-0.44540832747279335
wheat,IN,IN-07-0099,2013,337.544,96.472,745.9,4.81,20.28102,74.08992,15507.0,14.014,1.51,4.0,2.240919789907093,0.6238049745245116
wheat,IN,IN-07-0099,2014,337.544,96.472,745.9,4.81,20.28102,74.08992,15507.0,14.014,1.51,4.0,0.1402245734068814,0.631803468413462
wheat,IN,IN-07-0099,2015,337.544,96.472,745.9,4.81,20.28102,74.08992,15507.0,14.014,1.51,4.0,-1.4701409491917181,0.5388732319231507
wheat,IN,IN-07-0099,2016,337.544,96.472,745.9,4.81,20.28102,74.08992,15507.0,14.014,1.51,4.0,-0.42128923981513183,0.09958312765607412
wheat,IN,IN-07-0099,2017,337.544,96.472,745.9,4.81,20.28102,74.08992,15507.0,14.014,1.51,4.0,1.0564820433887583,1.4305537186484212
wheat,IN,IN-07-0100,2003,336.452,93.514,768.0,10.692,21.18163,74.63271,7183.0,14.354,1.539,4.0,-0.23781881613487144,-0.8032629504287297
wheat,IN,IN-07-0100,2004,336.452,93.514,768.0,10.692,21.18163,74.63271,7183.0,14.354,1.539,4.0,-0.13347238339605086,-0.69250755181286
wheat,IN,IN-07-0100,2005,336.452,93.514,768.0,10.692,21.18163,74.63271,7183.0,14.354,1.539,4.0,-0.9107365480464773,-0.8790762195937079
wheat,IN,IN-07-0100,2006,336.452,93.514,768.0,10.692,21.18163,74.63271,7183.0,14.354,1.539,4.0,0.5922075158778558,-0.5992132099475563
wheat,IN,IN-07-0100,2007,336.452,93.514,768.0,10.692,21.18163,74.63271,7183.0,14.354,1.539,4.0,1.110459660893491,0.2812912132384525
wheat,IN,IN-07-0100,2008,336.452,93.514,768.0,10.692,21.18163,74.63271,7183.0,14.354,1.539,4.0,-0.21493724676428108,-0.3581137207033474
wheat,IN,IN-07-0100,2009,336.452,93.514,768.0,10.692,21.18163,74.63271,7183.0,14.354,1.539,4.0,-0.5460660983556345,0.010868389879743185
wheat,IN,IN-07-0100,2010,336.452,93.514,768.0,10.692,21.18163,74.63271,7183.0,14.354,1.539,4.0,0.2034071531224005,1.3376419968902755
wheat,IN,IN-07-0100,2011,336.452,93.514,768.0,10.692,21.18163,74.63271,7183.0,14.354,1.539,4.0,-0.06440431370493971,0.9077676320814242
wheat,IN,IN-07-0100,2012,336.452,93.514,768.0,10.692,21.18163,74.63271,7183.0,14.354,1.539,4.0,-0.7460885373444196,0.10372692992966018
wheat,IN,IN-07-0100,2013,336.452,93.514,768.0,10.692,21.18163,74.63271,7183.0,14.354,1.539,4.0,2.902279281129014,1.2423342324415625
wheat,IN,IN-07-0100,2014,336.452,93.514,768.0,10.692,21.18163,74.63271,7183.0,14.354,1.539,4.0,0.2006782905195105,1.1659761135270725
wheat,IN,IN-07-0100,2015,336.452,93.514,768.0,10.692,21.18163,74.63271,7183.0,14.354,1.539,4.0,-1.3189199867997794,0.7657687655895288
wheat,IN,IN-07-0100,2016,336.452,93.514,768.0,10.692,21.18163,74.63271,7183.0,14.354,1.539,4.0,-0.33825421977029346,-0.08893058977039252
wheat,IN,IN-07-0100,2017,336.452,93.514,768.0,10.692,21.18163,74.63271,7183.0,14.354,1.539,4.0,-0.49833375122551454,1.0934441603869276
wheat,IN,IN-07-0101,2003,333.872,92.67,1429.6,12.132,21.00451,75.39671,11784.0,14.64,1.556,4.0,0.1268639539767717,-0.6945804065499716
wheat,IN,IN-07-0101,2004,333.872,92.67,1429.6,12.132,21.00451,75.39671,11784.0,14.64,1.556,4.0,-0.38750797901744444,-0.662968241918913
wheat,IN,IN-07-0101,2005,333.872,92.67,1429.6,12.132,21.00451,75.39671,11784.0,14.64,1.556,4.0,-1.1532735312977682,-0.6426115158021474
wheat,IN,IN-07-0101,2006,333.872,92.67,1429.6,12.132,21.00451,75.39671,11784.0,14.64,1.556,4.0,0.03801161770252121,-0.7665990569096293
wheat,IN,IN-07-0101,2007,333.872,92.67,1429.6,12.132,21.00451,75.39671,11784.0,14.64,1.556,4.0,0.8275838997808215,0.35970021607838804
wheat,IN,IN-07-0101,2008,333.872,92.67,1429.6,12.132,21.00451,75.39671,11784.0,14.64,1.556,4.0,-0.3894416309785063,-0.43186285403218744
wheat,IN,IN-07-0101,2009,333.872,92.67,1429.6,12.132,21.00451,75.39671,11784.0,14.64,1.556,4.0,-0.5494244748104556,0.017851153764019946
wheat,IN,IN-07-0101,2010,333.872,92.67,1429.6,12.132,21.00451,75.39671,11784.0,14.64,1.556,4.0,0.3217078957448594,1.4601628967778049
wheat,IN,IN-07-0101,2011,333.872,92.67,1429.6,12.132,21.00451,75.39671,11784.0,14.64,1.556,4.0,-0.09384785024512268,0.7117516308590174
wheat,IN,IN-07-0101,2012,333.872,92.67,1429.6,12.132,21.00451,75.39671,11784.0,14.64,1.556,4.0,-0.061977455284446016,-0.496050443398695
wheat,IN,IN-07-0101,2013,333.872,92.67,1429.6,12.132,21.00451,75.39671,11784.0,14.64,1.556,4.0,3.072771644491308,0.15599850877864935
wheat,IN,IN-07-0101,2014,333.872,92.67,1429.6,12.132,21.00451,75.39671,11784.0,14.64,1.556,4.0,0.17330951081549462,1.543684114631363
wheat,IN,IN-07-0101,2015,333.872,92.67,1429.6,12.132,21.00451,75.39671,11784.0,14.64,1.556,4.0,-1.083668405825361,1.0582032324284092
wheat,IN,IN-07-0101,2016,333.872,92.67,1429.6,12.132,21.00451,75.39671,11784.0,14.64,1.556,4.0,-0.06866085589266922,-0.19600756338488728
wheat,IN,IN-07-0101,2017,333.872,92.67,1429.6,12.132,21.00451,75.39671,11784.0,14.64,1.556,4.0,-0.7724463391600697,1.5408187131343793
wheat,IN,IN-07-0102,2003,334.245,94.104,332.9,1.949,19.48722,74.6046,17083.0,14.434,1.545,4.0,-0.3092192330535077,-1.9465976953410002
wheat,IN,IN-07-0102,2004,334.245,94.104,332.9,1.949,19.48722,74.6046,17083.0,14.434,1.545,4.0,0.2275771522437644,-1.562265111516641
wheat,IN,IN-07-0102,2005,334.245,94.104,332.9,1.949,19.48722,74.6046,17083.0,14.434,1.545,4.0,-0.5093274340038565,-0.2401675552634036
wheat,IN,IN-07-0102,2006,334.245,94.104,332.9,1.949,19.48722,74.6046,17083.0,14.434,1.545,4.0,0.16271408084122901,1.1646635335002098
wheat,IN,IN-07-0102,2007,334.245,94.104,332.9,1.949,19.48722,74.6046,17083.0,14.434,1.545,4.0,0.41496630526795486,0.9040511988384595
wheat,IN,IN-07-0102,2008,334.245,94.104,332.9,1.949,19.48722,74.6046,17083.0,14.434,1.545,4.0,-0.9976023685916106,-0.41127026598816413
wheat,IN,IN-07-0102,2009,334.245,94.104,332.9,1.949,19.48722,74.6046,17083.0,14.434,1.545,4.0,-0.3790809150499722,0.5039562061887368
wheat,IN,IN-07-0102,2010,334.245,94.104,332.9,1.949,19.48722,74.6046,17083.0,14.434,1.545,4.0,1.8265722357963947,1.4853199940057393
wheat,IN,IN-07-0102,2011,334.245,94.104,332.9,1.949,19.48722,74.6046,17083.0,14.434,1.545,4.0,0.3490340238463307,0.9526498933584819
wheat,IN,IN-07-0102,2012,334.245,94.104,332.9,1.949,19.48722,74.6046,17083.0,14.434,1.545,4.0,-1.756765061506614,-0.40660234186268684
wheat,IN,IN-07-0102,2013,334.245,94.104,332.9,1.949,19.48722,74.6046,17083.0,14.434,1.545,4.0,1.8351642749804598,-0.2679231289603857
wheat,IN,IN-07-0102,2014,334.245,94.104,332.9,1.949,19.48722,74.6046,17083.0,14.434,1.545,4.0,-0.20499854157373662,0.5675472472223173
wheat,IN,IN-07-0102,2015,334.245,94.104,332.9,1.949,19.48722,74.6046,17083.0,14.434,1.545,4.0,-1.3748688112595666,-0.019317168025645426
wheat,IN,IN-07-0102,2016,334.245,94.104,332.9,1.949,19.48722,74.6046,17083.0,14.434,1.545,4.0,0.07966218998975313,-0.3573534750222139
wheat,IN,IN-07-0102,2017,334.245,94.104,332.9,1.949,19.48722,74.6046,17083.0,14.434,1.545,4.0,0.6361721020729278,1.3478518958271348
wheat,IN,IN-07-0103,2003,334.262,94.028,152.0,0.972,18.81145,74.17254,15644.0,13.531,1.561,5.0,-0.4270203453737904,-2.002182233715143
wheat,IN,IN-07-0103,2004,334.262,94.028,152.0,0.972,18.81145,74.17254,15644.0,13.531,1.561,5.0,-0.39195863620315924,-1.2482850218112485
wheat,IN,IN-07-0103,2005,334.262,94.028,152.0,0.972,18.81145,74.17254,15644.0,13.531,1.561,5.0,0.2366557802022221,-0.32358405208498026
wheat,IN,IN-07-0103,2006,334.262,94.028,152.0,0.972,18.81145,74.17254,15644.0,13.531,1.561,5.0,0.4838543027546756,0.6965648087504892
wheat,IN,IN-07-0103,2007,334.262,94.028,152.0,0.972,18.81145,74.17254,15644.0,13.531,1.561,5.0,-0.07825220421652763,0.3810163993515234
wheat,IN,IN-07-0103,2008,334.262,94.028,152.0,0.972,18.81145,74.17254,15644.0,13.531,1.561,5.0,-1.0302305205742712,-0.76301111416357
wheat,IN,IN-07-0103,2009,334.262,94.028,152.0,0.972,18.81145,74.17254,15644.0,13.531,1.561,5.0,-0.30326146969620277,0.5352926150582743
wheat,IN,IN-07-0103,2010,334.262,94.028,152.0,0.972,18.81145,74.17254,15644.0,13.531,1.561,5.0,1.9534651357256037,1.1952352587902664
wheat,IN,IN-07-0103,2011,334.262,94.028,152.0,0.972,18.81145,74.17254,15644.0,13.531,1.561,5.0,0.6358253631226531,0.6284393174136279
wheat,IN,IN-07-0103,2012,334.262,94.028,152.0,0.972,18.81145,74.17254,15644.0,13.531,1.561,5.0,-1.6748085245229554,-0.38751191452955086
wheat,IN,IN-07-0103,2013,334.262,94.028,152.0,0.972,18.81145,74.17254,15644.0,13.531,1.561,5.0,1.1391931482980509,0.30807639402683246
wheat,IN,IN-07-0103,2014,334.262,94.028,152.0,0.972,18.81145,74.17254,15644.0,13.531,1.561,5.0,-0.41407862439724924,1.2019561592809005
wheat,IN,IN-07-0103,2015,334.262,94.028,152.0,0.972,18.81145,74.17254,15644.0,13.531,1.561,5.0,-1.5110659196067857,1.007796811773751
wheat,IN,IN-07-0103,2016,334.262,94.028,152.0,0.972,18.81145,74.17254,15644.0,13.531,1.561,5.0,0.19987990554411,-0.06752905290491792
wheat,IN,IN-07-0103,2017,334.262,94.028,152.0,0.972,18.81145,74.17254,15644.0,13.531,1.561,5.0,1.181802608943592,1.213361323749853
wheat,IN,IN-07-0104,2003,334.22,97.551,56.3,0.538,17.79461,74.26012,10471.0,13.693,1.482,4.0,-0.9778688223729723,-2.4891783881782397
wheat,IN,IN-07-0104,2004,334.22,97.551,56.3,0.538,17.79461,74.26012,10471.0,13.693,1.482,4.0,-0.7235876348354594,-1.3250255355318845
wheat,IN,IN-07-0104,2005,334.22,97.551,56.3,0.538,17.79461,74.26012,10471.0,13.693,1.482,4.0,0.40857752762799077,-0.24032744864332134
wheat,IN,IN-07-0104,2006,334.22,97.551,56.3,0.538,17.79461,74.26012,10471.0,13.693,1.482,4.0,0.6177633019736524,0.45453606034684046
wheat,IN,IN-07-0104,2007,334.22,97.551,56.3,0.538,17.79461,74.26012,10471.0,13.693,1.482,4.0,0.0562709556613375,0.19215248765087156
wheat,IN,IN-07-0104,2008,334.22,97.551,56.3,0.538,17.79461,74.26012,10471.0,13.693,1.482,4.0,-0.6284269427598204,-0.07980817512163263
wheat,IN,IN-07-0104,2009,334.22,97.551,56.3,0.538,17.79461,74.26012,10471.0,13.693,1.482,4.0,0.29420511663189886,0.4109515039917796
wheat,IN,IN-07-0104,2010,334.22,97.551,56.3,0.538,17.79461,74.26012,10471.0,13.693,1.482,4.0,2.035816363960396,1.3228845148460535
wheat,IN,IN-07-0104,2011,334.22,97.551,56.3,0.538,17.79461,74.26012,10471.0,13.693,1.482,4.0,1.0797639602384548,0.47110852927163543
wheat,IN,IN-07-0104,2012,334.22,97.551,56.3,0.538,17.79461,74.26012,10471.0,13.693,1.482,4.0,-1.2673526142578424,-0.40288650635921625
wheat,IN,IN-07-0104,2013,334.22,97.551,56.3,0.538,17.79461,74.26012,10471.0,13.693,1.482,4.0,1.0228639156870767,0.33855605555275836
wheat,IN,IN-07-0104,2014,334.22,97.551,56.3,0.538,17.79461,74.26012,10471.0,13.693,1.482,4.0,-0.5155295517236876,1.1810938305961134
wheat,IN,IN-07-0104,2015,334.22,97.551,56.3,0.538,17.79461,74.26012,10471.0,13.693,1.482,4.0,-1.7815214972673632,0.8951522343101365
wheat,IN,IN-07-0104,2016,334.22,97.551,56.3,0.538,17.79461,74.26012,10471.0,13.693,1.482,4.0,0.10985334378448473,0.11377817372869761
wheat,IN,IN-07-0104,2017,334.22,97.551,56.3,0.538,17.79461,74.26012,10471.0,13.693,1.482,4.0,0.26917257765193403,1.0978711010778717
wheat,IN,IN-07-0105,2003,331.427,90.729,45.4,0.528,17.15339,74.67429,8600.0,14.391,1.539,4.0,-0.5824348358245461,-2.599516919885803
wheat,IN,IN-07-0105,2004,331.427,90.729,45.4,0.528,17.15339,74.67429,8600.0,14.391,1.539,4.0,-0.7652612638009492,-1.1457975790013817
wheat,IN,IN-07-0105,2005,331.427,90.729,45.4,0.528,17.15339,74.67429,8600.0,14.391,1.539,4.0,0.457665422942518,-0.10888781895421405
wheat,IN,IN-07-0105,2006,331.427,90.729,45.4,0.528,17.15339,74.67429,8600.0,14.391,1.539,4.0,0.7779108447025004,0.3156454163751775
wheat,IN,IN-07-0105,2007,331.427,90.729,45.4,0.528,17.15339,74.67429,8600.0,14.391,1.539,4.0,0.556277661644979,0.31434232830043657
wheat,IN,IN-07-0105,2008,331.427,90.729,45.4,0.528,17.15339,74.67429,8600.0,14.391,1.539,4.0,-0.4015654041876615,0.24689123183156544
wheat,IN,IN-07-0105,2009,331.427,90.729,45.4,0.528,17.15339,74.67429,8600.0,14.391,1.539,4.0,0.5250832258466899,0.03596156538565726
wheat,IN,IN-07-0105,2010,331.427,90.729,45.4,0.528,17.15339,74.67429,8600.0,14.391,1.539,4.0,2.1439807265885094,1.4640689387729562
wheat,IN,IN-07-0105,2011,331.427,90.729,45.4,0.528,17.15339,74.67429,8600.0,14.391,1.539,4.0,0.991417488340119,0.18748116478099727
wheat,IN,IN-07-0105,2012,331.427,90.729,45.4,0.528,17.15339,74.67429,8600.0,14.391,1.539,4.0,-1.1901378709742743,-0.37279658858627446
wheat,IN,IN-07-0105,2013,331.427,90.729,45.4,0.528,17.15339,74.67429,8600.0,14.391,1.539,4.0,0.5898265824362641,0.19891272913223873
wheat,IN,IN-07-0105,2014,331.427,90.729,45.4,0.528,17.15339,74.67429,8600.0,14.391,1.539,4.0,-0.5150130101704474,1.2839993526134035
wheat,IN,IN-07-0105,2015,331.427,90.729,45.4,0.528,17.15339,74.67429,8600.0,14.391,1.539,4.0,-1.899709980303667,0.8129689003523901
wheat,IN,IN-07-0105,2016,331.427,90.729,45.4,0.528,17.15339,74.67429,8600.0,14.391,1.539,4.0,-0.17167022795539863,0.6289009311850432
wheat,IN,IN-07-0105,2017,331.427,90.729,45.4,0.528,17.15339,74.67429,8600.0,14.391,1.539,4.0,-0.516369359284702,0.750190997510439
wheat,IN,IN-07-0106,2003,330.171,83.246,189.2,1.274,17.75966,75.57684,14847.0,14.632,1.559,4.0,-0.6652079664196614,-2.2297526189815313
wheat,IN,IN-07-0106,2004,330.171,83.246,189.2,1.274,17.75966,75.57684,14847.0,14.632,1.559,4.0,-0.5091908638254967,-1.0062744177180298
wheat,IN,IN-07-0106,2005,330.171,83.246,189.2,1.274,17.75966,75.57684,14847.0,14.632,1.559,4.0,-0.08347597251005354,-0.44491734191397897
wheat,IN,IN-07-0106,2006,330.171,83.246,189.2,1.274,17.75966,75.57684,14847.0,14.632,1.559,4.0,0.006184193198108,0.5102965085279763
wheat,IN,IN-07-0106,2007,330.171,83.246,189.2,1.274,17.75966,75.57684,14847.0,14.632,1.559,4.0,0.8584702748357165,0.04561739839929636
wheat,IN,IN-07-0106,2008,330.171,83.246,189.2,1.274,17.75966,75.57684,14847.0,14.632,1.559,4.0,-0.2519431802251834,-0.12881623537547038
wheat,IN,IN-07-0106,2009,330.171,83.246,189.2,1.274,17.75966,75.57684,14847.0,14.632,1.559,4.0,0.1550433660971134,0.49025215115850806
wheat,IN,IN-07-0106,2010,330.171,83.246,189.2,1.274,17.75966,75.57684,14847.0,14.632,1.559,4.0,2.3361691114359395,1.687345716279459
wheat,IN,IN-07-0106,2011,330.171,83.246,189.2,1.274,17.75966,75.57684,14847.0,14.632,1.559,4.0,0.7139645305780866,0.5784950482445679
wheat,IN,IN-07-0106,2012,330.171,83.246,189.2,1.274,17.75966,75.57684,14847.0,14.632,1.559,4.0,-1.40108671221042,-0.11245843510673577
wheat,IN,IN-07-0106,2013,330.171,83.246,189.2,1.274,17.75966,75.57684,14847.0,14.632,1.559,4.0,1.1194850207616827,0.4437365154852365
wheat,IN,IN-07-0106,2014,330.171,83.246,189.2,1.274,17.75966,75.57684,14847.0,14.632,1.559,4.0,-0.44976465128876697,1.2263848874702175
wheat,IN,IN-07-0106,2015,330.171,83.246,189.2,1.274,17.75966,75.57684,14847.0,14.632,1.559,4.0,-1.7160390540033446,-0.12353036768532617
wheat,IN,IN-07-0106,2016,330.171,83.246,189.2,1.274,17.75966,75.57684,14847.0,14.632,1.559,4.0,0.1982453537419838,-0.049315875266741825
wheat,IN,IN-07-0106,2017,330.171,83.246,189.2,1.274,17.75966,75.57684,14847.0,14.632,1.559,4.0,-0.31085345016578125,1.3401329036239116
wheat,IN,IN-07-0107,2003,332.021,98.534,6.3,0.082,16.75537,74.40124,7672.0,13.214,1.518,4.0,-0.4499068510771404,-2.3037361550267534
wheat,IN,IN-07-0107,2004,332.021,98.534,6.3,0.082,16.75537,74.40124,7672.0,13.214,1.518,4.0,-1.0192528202856945,-1.1938749388613992
wheat,IN,IN-07-0107,2005,332.021,98.534,6.3,0.082,16.75537,74.40124,7672.0,13.214,1.518,4.0,0.44228564068968806,-0.6948647567717852
wheat,IN,IN-07-0107,2006,332.021,98.534,6.3,0.082,16.75537,74.40124,7672.0,13.214,1.518,4.0,0.8460812413105451,-0.2620036470921277
wheat,IN,IN-07-0107,2007,332.021,98.534,6.3,0.082,16.75537,74.40124,7672.0,13.214,1.518,4.0,0.29147042638716963,-0.16355041479217935
wheat,IN,IN-07-0107,2008,332.021,98.534,6.3,0.082,16.75537,74.40124,7672.0,13.214,1.518,4.0,-0.4409659292376178,-0.5912945472667742
wheat,IN,IN-07-0107,2009,332.021,98.534,6.3,0.082,16.75537,74.40124,7672.0,13.214,1.518,4.0,0.45717547942221204,0.353768578141025
wheat,IN,IN-07-0107,2010,332.021,98.534,6.3,0.082,16.75537,74.40124,7672.0,13.214,1.518,4.0,1.9864730491125284,1.3285992270081566
wheat,IN,IN-07-0107,2011,332.021,98.534,6.3,0.082,16.75537,74.40124,7672.0,13.214,1.518,4.0,0.9335246662150268,-0.04282799899581522
wheat,IN,IN-07-0107,2012,332.021,98.534,6.3,0.082,16.75537,74.40124,7672.0,13.214,1.518,4.0,-1.297460703913195,0.32062851691148514
wheat,IN,IN-07-0107,2013,332.021,98.534,6.3,0.082,16.75537,74.40124,7672.0,13.214,1.518,4.0,0.8137831020060821,1.1714285327035323
wheat,IN,IN-07-0107,2014,332.021,98.534,6.3,0.082,16.75537,74.40124,7672.0,13.214,1.518,4.0,-0.3369167996455752,1.6362577815222794
wheat,IN,IN-07-0107,2015,332.021,98.534,6.3,0.082,16.75537,74.40124,7672.0,13.214,1.518,4.0,-2.001175298425855,1.134608624688922
wheat,IN,IN-07-0107,2016,332.021,98.534,6.3,0.082,16.75537,74.40124,7672.0,13.214,1.518,4.0,0.04880759776871451,-0.26542730272661846
wheat,IN,IN-07-0107,2017,332.021,98.534,6.3,0.082,16.75537,74.40124,7672.0,13.214,1.518,4.0,-0.27392280032687144,0.604033178460624
wheat,IN,IN-07-0108,2003,333.857,95.576,750.0,7.415,20.10917,75.26337,10115.0,14.47,1.542,4.0,-0.11887068044163444,-0.9117087950755852
wheat,IN,IN-07-0108,2004,333.857,95.576,750.0,7.415,20.10917,75.26337,10115.0,14.47,1.542,4.0,0.37151325281763886,-1.0308265158266852
wheat,IN,IN-07-0108,2005,333.857,95.576,750.0,7.415,20.10917,75.26337,10115.0,14.47,1.542,4.0,-1.079205299969874,-0.6006013361727146
wheat,IN,IN-07-0108,2006,333.857,95.576,750.0,7.415,20.10917,75.26337,10115.0,14.47,1.542,4.0,0.18179335995320572,-0.15602947809298318
wheat,IN,IN-07-0108,2007,333.857,95.576,750.0,7.415,20.10917,75.26337,10115.0,14.47,1.542,4.0,0.8740565605065624,0.703833255025692
wheat,IN,IN-07-0108,2008,333.857,95.576,750.0,7.415,20.10917,75.26337,10115.0,14.47,1.542,4.0,-0.6627666242730965,-0.663697839044028
wheat,IN,IN-07-0108,2009,333.857,95.576,750.0,7.415,20.10917,75.26337,10115.0,14.47,1.542,4.0,-0.39177175480974813,0.24443378868508794
wheat,IN,IN-07-0108,2010,333.857,95.576,750.0,7.415,20.10917,75.26337,10115.0,14.47,1.542,4.0,0.8933812620340781,1.6577471939273039
wheat,IN,IN-07-0108,2011,333.857,95.576,750.0,7.415,20.10917,75.26337,10115.0,14.47,1.542,4.0,-0.31272496174186953,1.0920965103241649
wheat,IN,IN-07-0108,2012,333.857,95.576,750.0,7.415,20.10917,75.26337,10115.0,14.47,1.542,4.0,-1.0744974097883466,-0.4851972855391461
wheat,IN,IN-07-0108,2013,333.857,95.576,750.0,7.415,20.10917,75.26337,10115.0,14.47,1.542,4.0,2.7449020301994413,-0.08573988124822203
wheat,IN,IN-07-0108,2014,333.857,95.576,750.0,7.415,20.10917,75.26337,10115.0,14.47,1.542,4.0,-0.07863628548297003,0.8491313946156721
wheat,IN,IN-07-0108,2015,333.857,95.576,750.0,7.415,20.10917,75.26337,10115.0,14.47,1.542,4.0,-1.303146531941575,0.6998838974392957
wheat,IN,IN-07-0108,2016,333.857,95.576,750.0,7.415,20.10917,75.26337,10115.0,14.47,1.542,4.0,-0.06133665855698234,0.05783399264875028
wheat,IN,IN-07-0108,2017,333.857,95.576,750.0,7.415,20.10917,75.26337,10115.0,14.47,1.542,4.0,0.017309741495206275,1.644536984170576
wheat,IN,IN-07-0109,2003,328.012,86.278,226.4,3.59,19.25596,76.73573,6307.0,14.676,1.554,4.0,-0.2873694694761854,-0.8144710603074646
wheat,IN,IN-07-0109,2004,328.012,86.278,226.4,3.59,19.25596,76.73573,6307.0,14.676,1.554,4.0,-0.3214602845982605,-1.2982351766150813
wheat,IN,IN-07-0109,2005,328.012,86.278,226.4,3.59,19.25596,76.73573,6307.0,14.676,1.554,4.0,-1.108264467359346,-1.1627649743157427
wheat,IN,IN-07-0109,2006,328.012,86.278,226.4,3.59,19.25596,76.73573,6307.0,14.676,1.554,4.0,0.18877182953343105,0.24396009161395016
wheat,IN,IN-07-0109,2007,328.012,86.278,226.4,3.59,19.25596,76.73573,6307.0,14.676,1.554,4.0,0.7968733487383536,0.32308195434338094
wheat,IN,IN-07-0109,2008,328.012,86.278,226.4,3.59,19.25596,76.73573,6307.0,14.676,1.554,4.0,-0.26486513237690723,0.063268205300792
wheat,IN,IN-07-0109,2009,328.012,86.278,226.4,3.59,19.25596,76.73573,6307.0,14.676,1.554,4.0,-0.48935693102543415,-0.06446103953199041
wheat,IN,IN-07-0109,2010,328.012,86.278,226.4,3.59,19.25596,76.73573,6307.0,14.676,1.554,4.0,1.244076136701006,0.5244830594728346
wheat,IN,IN-07-0109,2011,328.012,86.278,226.4,3.59,19.25596,76.73573,6307.0,14.676,1.554,4.0,-0.2557670335326094,1.4643891352989014
wheat,IN,IN-07-0109,2012,328.012,86.278,226.4,3.59,19.25596,76.73573,6307.0,14.676,1.554,4.0,-0.8384721718480644,0.8950801403027466
wheat,IN,IN-07-0109,2013,328.012,86.278,226.4,3.59,19.25596,76.73573,6307.0,14.676,1.554,4.0,2.6969842740880376,0.565664368645691
wheat,IN,IN-07-0109,2014,328.012,86.278,226.4,3.59,19.25596,76.73573,6307.0,14.676,1.554,4.0,-0.21746230097132177,1.2217269596055909
wheat,IN,IN-07-0109,2015,328.012,86.278,226.4,3.59,19.25596,76.73573,6307.0,14.676,1.554,4.0,-1.1883684913849788,-0.9178480395184299
wheat,IN,IN-07-0109,2016,328.012,86.278,226.4,3.59,19.25596,76.73573,6307.0,14.676,1.554,4.0,0.5491973430756899,-0.8853246764333311
wheat,IN,IN-07-0109,2017,328.012,86.278,226.4,3.59,19.25596,76.73573,6307.0,14.676,1.554,4.0,-0.5045166495633565,1.8538844868260331
wheat,IN,IN-07-0110,2003,328.99,88.174,359.4,3.39,18.84911,76.15958,10601.0,14.509,1.549,4.0,-0.33938588812960946,-1.2324909234094026
wheat,IN,IN-07-0110,2004,328.99,88.174,359.4,3.39,18.84911,76.15958,10601.0,14.509,1.549,4.0,-0.11412680342187069,-0.7871629245953232
wheat,IN,IN-07-0110,2005,328.99,88.174,359.4,3.39,18.84911,76.15958,10601.0,14.509,1.549,4.0,-1.0185652089129136,-0.6551943258278198
wheat,IN,IN-07-0110,2006,328.99,88.174,359.4,3.39,18.84911,76.15958,10601.0,14.509,1.549,4.0,0.024880111823386,0.34711112933044824
wheat,IN,IN-07-0110,2007,328.99,88.174,359.4,3.39,18.84911,76.15958,10601.0,14.509,1.549,4.0,0.6613325137660643,0.23510955432696914
wheat,IN,IN-07-0110,2008,328.99,88.174,359.4,3.39,18.84911,76.15958,10601.0,14.509,1.549,4.0,-0.45949946263044306,-0.9609503101033795
wheat,IN,IN-07-0110,2009,328.99,88.174,359.4,3.39,18.84911,76.15958,10601.0,14.509,1.549,4.0,-0.45570901607408704,0.44816577696076776
wheat,IN,IN-07-0110,2010,328.99,88.174,359.4,3.39,18.84911,76.15958,10601.0,14.509,1.549,4.0,1.6388546280372553,1.6737609455031364
wheat,IN,IN-07-0110,2011,328.99,88.174,359.4,3.39,18.84911,76.15958,10601.0,14.509,1.549,4.0,-0.050750182647148506,0.41996348899791874
wheat,IN,IN-07-0110,2012,328.99,88.174,359.4,3.39,18.84911,76.15958,10601.0,14.509,1.549,4.0,-1.2398942942831381,0.7093489128291077
wheat,IN,IN-07-0110,2013,328.99,88.174,359.4,3.39,18.84911,76.15958,10601.0,14.509,1.549,4.0,2.286186421044029,1.0173796222269285
wheat,IN,IN-07-0110,2014,328.99,88.174,359.4,3.39,18.84911,76.15958,10601.0,14.509,1.549,4.0,-0.19587746341312992,0.9021089166231696
wheat,IN,IN-07-0110,2015,328.99,88.174,359.4,3.39,18.84911,76.15958,10601.0,14.509,1.549,4.0,-1.411116470502867,-0.9124915938650927
wheat,IN,IN-07-0110,2016,328.99,88.174,359.4,3.39,18.84911,76.15958,10601.0,14.509,1.549,4.0,0.7032961177546392,-0.3144525779439938
wheat,IN,IN-07-0110,2017,328.99,88.174,359.4,3.39,18.84911,76.15958,10601.0,14.509,1.549,4.0,-0.029625002410202623,1.596247866092065
wheat,IN,IN-07-0111,2003,327.028,92.745,944.0,8.953,19.10068,77.61917,10544.0,14.504,1.534,4.0,-0.25442251791840265,-0.6540143274336176
wheat,IN,IN-07-0111,2004,327.028,92.745,944.0,8.953,19.10068,77.61917,10544.0,14.504,1.534,4.0,-0.7604977345412656,-0.10086605042979115
wheat,IN,IN-07-0111,2005,327.028,92.745,944.0,8.953,19.10068,77.61917,10544.0,14.504,1.534,4.0,-0.8160674528081334,-0.6653826402179059
wheat,IN,IN-07-0111,2006,327.028,92.745,944.0,8.953,19.10068,77.61917,10544.0,14.504,1.534,4.0,0.34639690232847503,-0.253022931042567
wheat,IN,IN-07-0111,2007,327.028,92.745,944.0,8.953,19.10068,77.61917,10544.0,14.504,1.534,4.0,0.9542909556439745,0.09204294315969484
wheat,IN,IN-07-0111,2008,327.028,92.745,944.0,8.953,19.10068,77.61917,10544.0,14.504,1.534,4.0,0.14198580533187152,-0.8343192971586191
wheat,IN,IN-07-0111,2009,327.028,92.745,944.0,8.953,19.10068,77.61917,10544.0,14.504,1.534,4.0,-0.8122018859715028,-1.278519906583416
wheat,IN,IN-07-0111,2010,327.028,92.745,944.0,8.953,19.10068,77.61917,10544.0,14.504,1.534,4.0,0.975105348035496,0.18496245839651332
wheat,IN,IN-07-0111,2011,327.028,92.745,944.0,8.953,19.10068,77.61917,10544.0,14.504,1.534,4.0,-0.39154167545234536,1.1888972208465158
wheat,IN,IN-07-0111,2012,327.028,92.745,944.0,8.953,19.10068,77.61917,10544.0,14.504,1.534,4.0,-0.5184918964416797,0.8059296632412284
wheat,IN,IN-07-0111,2013,327.028,92.745,944.0,8.953,19.10068,77.61917,10544.0,14.504,1.534,4.0,2.726330199417525,0.6713759207666522
wheat,IN,IN-07-0111,2014,327.028,92.745,944.0,8.953,19.10068,77.61917,10544.0,14.504,1.534,4.0,-0.2687717495537984,0.7782782519437024
wheat,IN,IN-07-0111,2015,327.028,92.745,944.0,8.953,19.10068,77.61917,10544.0,14.504,1.534,4.0,-1.2193593538566339,0.4677609830303185
wheat,IN,IN-07-0111,2016,327.028,92.745,944.0,8.953,19.10068,77.61917,10544.0,14.504,1.534,4.0,0.5010046752113482,-0.4493846973165364
wheat,IN,IN-07-0111,2017,327.028,92.745,944.0,8.953,19.10068,77.61917,10544.0,14.504,1.534,4.0,-0.6037596194249819,2.473305171224443
wheat,IN,IN-07-0112,2003,328.92,87.448,451.8,5.966,18.15391,76.19086,7573.0,14.536,1.555,4.0,-0.42954152818833763,-2.2129610834967104
wheat,IN,IN-07-0112,2004,328.92,87.448,451.8,5.966,18.15391,76.19086,7573.0,14.536,1.555,4.0,-0.3415827433810694,-0.7298218065372392
wheat,IN,IN-07-0112,2005,328.92,87.448,451.8,5.966,18.15391,76.19086,7573.0,14.536,1.555,4.0,-0.43734189098231563,-0.15054772184870976
wheat,IN,IN-07-0112,2006,328.92,87.448,451.8,5.966,18.15391,76.19086,7573.0,14.536,1.555,4.0,-0.07732268493963919,1.261465943311203
wheat,IN,IN-07-0112,2007,328.92,87.448,451.8,5.966,18.15391,76.19086,7573.0,14.536,1.555,4.0,0.7967957123786595,-0.13288542033261758
wheat,IN,IN-07-0112,2008,328.92,87.448,451.8,5.966,18.15391,76.19086,7573.0,14.536,1.555,4.0,-0.3147036106765561,-0.6971384729087601
wheat,IN,IN-07-0112,2009,328.92,87.448,451.8,5.966,18.15391,76.19086,7573.0,14.536,1.555,4.0,-0.41140472848472565,0.3236171419293901
wheat,IN,IN-07-0112,2010,328.92,87.448,451.8,5.966,18.15391,76.19086,7573.0,14.536,1.555,4.0,1.9915746959889276,1.2140556110454195
wheat,IN,IN-07-0112,2011,328.92,87.448,451.8,5.966,18.15391,76.19086,7573.0,14.536,1.555,4.0,0.2964901840086251,0.5722480017328051
wheat,IN,IN-07-0112,2012,328.92,87.448,451.8,5.966,18.15391,76.19086,7573.0,14.536,1.555,4.0,-1.3558315496084585,-0.11800358846485473
wheat,IN,IN-07-0112,2013,328.92,87.448,451.8,5.966,18.15391,76.19086,7573.0,14.536,1.555,4.0,1.768457139667,0.5467735283922918
wheat,IN,IN-07-0112,2014,328.92,87.448,451.8,5.966,18.15391,76.19086,7573.0,14.536,1.555,4.0,-0.2723696671552775,1.1129861558407783
wheat,IN,IN-07-0112,2015,328.92,87.448,451.8,5.966,18.15391,76.19086,7573.0,14.536,1.555,4.0,-1.7856611229386552,-0.6557142477284756
wheat,IN,IN-07-0112,2016,328.92,87.448,451.8,5.966,18.15391,76.19086,7573.0,14.536,1.555,4.0,0.5617034076226993,-0.851737778284835
wheat,IN,IN-07-0112,2017,328.92,87.448,451.8,5.966,18.15391,76.19086,7573.0,14.536,1.555,4.0,0.010738386689075353,1.7481496911309262
wheat,IN,IN-07-0113,2003,332.292,91.088,372.4,3.823,20.58067,76.32874,9740.0,14.484,1.546,4.0,0.05292798164707176,-0.5547972138811876
wheat,IN,IN-07-0113,2004,332.292,91.088,372.4,3.823,20.58067,76.32874,9740.0,14.484,1.546,4.0,-0.6879480148454331,-0.724272785388908
wheat,IN,IN-07-0113,2005,332.292,91.088,372.4,3.823,20.58067,76.32874,9740.0,14.484,1.546,4.0,-1.1682501675426509,-1.2972420959810655
wheat,IN,IN-07-0113,2006,332.292,91.088,372.4,3.823,20.58067,76.32874,9740.0,14.484,1.546,4.0,0.16601184972572136,-0.30028931739157066
wheat,IN,IN-07-0113,2007,332.292,91.088,372.4,3.823,20.58067,76.32874,9740.0,14.484,1.546,4.0,0.9366326149139904,0.5039771472178664
wheat,IN,IN-07-0113,2008,332.292,91.088,372.4,3.823,20.58067,76.32874,9740.0,14.484,1.546,4.0,-0.4260302260086723,-0.799315779947513
wheat,IN,IN-07-0113,2009,332.292,91.088,372.4,3.823,20.58067,76.32874,9740.0,14.484,1.546,4.0,-0.3209480062789153,-0.3886182907380329
wheat,IN,IN-07-0113,2010,332.292,91.088,372.4,3.823,20.58067,76.32874,9740.0,14.484,1.546,4.0,0.5654255511463663,1.6829432834320772
wheat,IN,IN-07-0113,2011,332.292,91.088,372.4,3.823,20.58067,76.32874,9740.0,14.484,1.546,4.0,-0.3339850266632282,0.16965037125891597
wheat,IN,IN-07-0113,2012,332.292,91.088,372.4,3.823,20.58067,76.32874,9740.0,14.484,1.546,4.0,-0.03838330213054571,-0.5957083626092929
wheat,IN,IN-07-0113,2013,332.292,91.088,372.4,3.823,20.58067,76.32874,9740.0,14.484,1.546,4.0,2.992368058659549,0.49707487910599807
wheat,IN,IN-07-0113,2014,332.292,91.088,372.4,3.823,20.58067,76.32874,9740.0,14.484,1.546,4.0,-0.05606795314445668,0.998297029442213
wheat,IN,IN-07-0113,2015,332.292,91.088,372.4,3.823,20.58067,76.32874,9740.0,14.484,1.546,4.0,-0.9173094271181599,1.1431909317054392
wheat,IN,IN-07-0113,2016,332.292,91.088,372.4,3.823,20.58067,76.32874,9740.0,14.484,1.546,4.0,0.09000062237526192,0.5602232894911695
wheat,IN,IN-07-0113,2017,332.292,91.088,372.4,3.823,20.58067,76.32874,9740.0,14.484,1.546,4.0,-0.8544445547358699,1.6860692346438342
wheat,IN,IN-07-0114,2003,331.862,89.692,415.4,7.634,20.81728,77.10832,5442.0,14.533,1.554,4.0,-0.22829547717889376,-1.1025474184340023
wheat,IN,IN-07-0114,2004,331.862,89.692,415.4,7.634,20.81728,77.10832,5442.0,14.533,1.554,4.0,-0.9487326601909712,-1.5080883477103972
wheat,IN,IN-07-0114,2005,331.862,89.692,415.4,7.634,20.81728,77.10832,5442.0,14.533,1.554,4.0,-1.0567984762940388,-1.5044877440766289
wheat,IN,IN-07-0114,2006,331.862,89.692,415.4,7.634,20.81728,77.10832,5442.0,14.533,1.554,4.0,0.05004696062763303,0.07686207183910862
wheat,IN,IN-07-0114,2007,331.862,89.692,415.4,7.634,20.81728,77.10832,5442.0,14.533,1.554,4.0,0.8776045649756361,0.5488190554160459
wheat,IN,IN-07-0114,2008,331.862,89.692,415.4,7.634,20.81728,77.10832,5442.0,14.533,1.554,4.0,-0.26997211155538814,-0.39490172427013576
wheat,IN,IN-07-0114,2009,331.862,89.692,415.4,7.634,20.81728,77.10832,5442.0,14.533,1.554,4.0,-0.33756764164894515,-0.6309909454608215
wheat,IN,IN-07-0114,2010,331.862,89.692,415.4,7.634,20.81728,77.10832,5442.0,14.533,1.554,4.0,0.33804657638182595,1.0071333240124845
wheat,IN,IN-07-0114,2011,331.862,89.692,415.4,7.634,20.81728,77.10832,5442.0,14.533,1.554,4.0,-0.18878755174053516,0.0261961164959399
wheat,IN,IN-07-0114,2012,331.862,89.692,415.4,7.634,20.81728,77.10832,5442.0,14.533,1.554,4.0,0.43638291759758685,-0.19457574405015987
wheat,IN,IN-07-0114,2013,331.862,89.692,415.4,7.634,20.81728,77.10832,5442.0,14.533,1.554,4.0,3.013347581643694,0.9436002562906055
wheat,IN,IN-07-0114,2014,331.862,89.692,415.4,7.634,20.81728,77.10832,5442.0,14.533,1.554,4.0,-0.04828597753907815,0.2677548493682607
wheat,IN,IN-07-0114,2015,331.862,89.692,415.4,7.634,20.81728,77.10832,5442.0,14.533,1.554,4.0,-0.7645669059810153,1.201745577327895
wheat,IN,IN-07-0114,2016,331.862,89.692,415.4,7.634,20.81728,77.10832,5442.0,14.533,1.554,4.0,0.10386745470453498,1.0820164662520486
wheat,IN,IN-07-0114,2017,331.862,89.692,415.4,7.634,20.81728,77.10832,5442.0,14.533,1.554,4.0,-0.9762892538020805,1.7283463429255557
wheat,IN,IN-07-0115,2003,335.511,94.769,676.7,5.539,21.1488,77.73416,12217.0,14.536,1.552,4.0,-0.2684932742707034,-0.5740335963013075
wheat,IN,IN-07-0115,2004,335.511,94.769,676.7,5.539,21.1488,77.73416,12217.0,14.536,1.552,4.0,-1.0233415925451506,-1.6242742476187555
wheat,IN,IN-07-0115,2005,335.511,94.769,676.7,5.539,21.1488,77.73416,12217.0,14.536,1.552,4.0,-1.1171182818163676,-0.45211152047962794
wheat,IN,IN-07-0115,2006,335.511,94.769,676.7,5.539,21.1488,77.73416,12217.0,14.536,1.552,4.0,-0.2723010622169431,-0.316347356812401
wheat,IN,IN-07-0115,2007,335.511,94.769,676.7,5.539,21.1488,77.73416,12217.0,14.536,1.552,4.0,0.5254726956600446,0.21536542761012212
wheat,IN,IN-07-0115,2008,335.511,94.769,676.7,5.539,21.1488,77.73416,12217.0,14.536,1.552,4.0,-0.28241209278557794,-0.43707692997345127
wheat,IN,IN-07-0115,2009,335.511,94.769,676.7,5.539,21.1488,77.73416,12217.0,14.536,1.552,4.0,-0.34849091261264586,-0.5236600627992022
wheat,IN,IN-07-0115,2010,335.511,94.769,676.7,5.539,21.1488,77.73416,12217.0,14.536,1.552,4.0,0.31538894311703053,0.9380364487875752
wheat,IN,IN-07-0115,2011,335.511,94.769,676.7,5.539,21.1488,77.73416,12217.0,14.536,1.552,4.0,0.03370055345513822,0.8430784499559938
wheat,IN,IN-07-0115,2012,335.511,94.769,676.7,5.539,21.1488,77.73416,12217.0,14.536,1.552,4.0,0.8397481315231409,-0.1664090159510995
wheat,IN,IN-07-0115,2013,335.511,94.769,676.7,5.539,21.1488,77.73416,12217.0,14.536,1.552,4.0,2.9440737044759278,0.9633461750807587
wheat,IN,IN-07-0115,2014,335.511,94.769,676.7,5.539,21.1488,77.73416,12217.0,14.536,1.552,4.0,0.029337076010023267,0.7435912738730748
wheat,IN,IN-07-0115,2015,335.511,94.769,676.7,5.539,21.1488,77.73416,12217.0,14.536,1.552,4.0,-0.6012025307187197,1.7060816276901545
wheat,IN,IN-07-0115,2016,335.511,94.769,676.7,5.539,21.1488,77.73416,12217.0,14.536,1.552,4.0,0.3004901892409597,0.7147685061298841
wheat,IN,IN-07-0115,2017,335.511,94.769,676.7,5.539,21.1488,77.73416,12217.0,14.536,1.552,4.0,-1.0748515465161115,0.9337879007584464
wheat,IN,IN-07-0116,2003,329.958,89.76,695.9,5.115,20.11707,78.05961,13604.0,14.375,1.52,4.0,-0.04949969898284471,-0.5131559612834213
wheat,IN,IN-07-0116,2004,329.958,89.76,695.9,5.115,20.11707,78.05961,13604.0,14.375,1.52,4.0,-0.9251862973563926,-1.2673039242613031
wheat,IN,IN-07-0116,2005,329.958,89.76,695.9,5.115,20.11707,78.05961,13604.0,14.375,1.52,4.0,-0.8957818245996128,-0.9168516042684204
wheat,IN,IN-07-0116,2006,329.958,89.76,695.9,5.115,20.11707,78.05961,13604.0,14.375,1.52,4.0,0.1753700376456564,0.11161867358824137
wheat,IN,IN-07-0116,2007,329.958,89.76,695.9,5.115,20.11707,78.05961,13604.0,14.375,1.52,4.0,0.893486688157902,0.08209202813456921
wheat,IN,IN-07-0116,2008,329.958,89.76,695.9,5.115,20.11707,78.05961,13604.0,14.375,1.52,4.0,-0.05389891557068509,-0.270275699028528
wheat,IN,IN-07-0116,2009,329.958,89.76,695.9,5.115,20.11707,78.05961,13604.0,14.375,1.52,4.0,-0.6084701935857174,-1.0170153897026468
wheat,IN,IN-07-0116,2010,329.958,89.76,695.9,5.115,20.11707,78.05961,13604.0,14.375,1.52,4.0,0.7146951039763,0.28390453067317734
wheat,IN,IN-07-0116,2011,329.958,89.76,695.9,5.115,20.11707,78.05961,13604.0,14.375,1.52,4.0,-0.46417767041579794,1.471151165751106
wheat,IN,IN-07-0116,2012,329.958,89.76,695.9,5.115,20.11707,78.05961,13604.0,14.375,1.52,4.0,0.18056623362315335,0.24973344278271536
wheat,IN,IN-07-0116,2013,329.958,89.76,695.9,5.115,20.11707,78.05961,13604.0,14.375,1.52,4.0,2.8841033092157327,0.6658260385837886
wheat,IN,IN-07-0116,2014,329.958,89.76,695.9,5.115,20.11707,78.05961,13604.0,14.375,1.52,4.0,-0.07343432839712381,0.6518397328425758
wheat,IN,IN-07-0116,2015,329.958,89.76,695.9,5.115,20.11707,78.05961,13604.0,14.375,1.52,4.0,-0.8994777050461501,1.1740900155340717
wheat,IN,IN-07-0116,2016,329.958,89.76,695.9,5.115,20.11707,78.05961,13604.0,14.375,1.52,4.0,0.21655119149477425,0.32515378333489253
wheat,IN,IN-07-0116,2017,329.958,89.76,695.9,5.115,20.11707,78.05961,13604.0,14.375,1.52,4.0,-1.094845930159155,1.8272721778436436
wheat,IN,IN-07-0117,2003,334.298,94.741,677.2,10.729,20.81092,78.59164,6312.0,14.378,1.493,4.0,0.008723605914246818,-0.9348215525623831
wheat,IN,IN-07-0117,2004,334.298,94.741,677.2,10.729,20.81092,78.59164,6312.0,14.378,1.493,4.0,-0.930737422757612,-0.9487834912675197
wheat,IN,IN-07-0117,2005,334.298,94.741,677.2,10.729,20.81092,78.59164,6312.0,14.378,1.493,4.0,-0.9870116973823468,0.10561346117766542
wheat,IN,IN-07-0117,2006,334.298,94.741,677.2,10.729,20.81092,78.59164,6312.0,14.378,1.493,4.0,-0.3607776980179042,0.07237122572038754
wheat,IN,IN-07-0117,2007,334.298,94.741,677.2,10.729,20.81092,78.59164,6312.0,14.378,1.493,4.0,0.5999241525058335,0.21843458448180175
wheat,IN,IN-07-0117,2008,334.298,94.741,677.2,10.729,20.81092,78.59164,6312.0,14.378,1.493,4.0,0.0018037754812184692,-1.1645849438689444
wheat,IN,IN-07-0117,2009,334.298,94.741,677.2,10.729,20.81092,78.59164,6312.0,14.378,1.493,4.0,-0.5143015266915337,-0.8283723471620168
wheat,IN,IN-07-0117,2010,334.298,94.741,677.2,10.729,20.81092,78.59164,6312.0,14.378,1.493,4.0,0.5813946422832575,0.19165630204220768
wheat,IN,IN-07-0117,2011,334.298,94.741,677.2,10.729,20.81092,78.59164,6312.0,14.378,1.493,4.0,-0.2924551433881934,1.4712858842892824
wheat,IN,IN-07-0117,2012,334.298,94.741,677.2,10.729,20.81092,78.59164,6312.0,14.378,1.493,4.0,0.7683461378273327,-0.005189133778783082
wheat,IN,IN-07-0117,2013,334.298,94.741,677.2,10.729,20.81092,78.59164,6312.0,14.378,1.493,4.0,2.8525791715661577,0.7218971952631223
wheat,IN,IN-07-0117,2014,334.298,94.741,677.2,10.729,20.81092,78.59164,6312.0,14.378,1.493,4.0,-0.019884718422922925,0.5637598684554828
wheat,IN,IN-07-0117,2015,334.298,94.741,677.2,10.729,20.81092,78.59164,6312.0,14.378,1.493,4.0,-0.6106912104973035,1.2997924127793765
wheat,IN,IN-07-0117,2016,334.298,94.741,677.2,10.729,20.81092,78.59164,6312.0,14.378,1.493,4.0,0.2511751775472441,0.40626919986155297
wheat,IN,IN-07-0117,2017,334.298,94.741,677.2,10.729,20.81092,78.59164,6312.0,14.378,1.493,4.0,-1.3480872459674864,1.685005707004964
wheat,IN,IN-07-0118,2003,337.385,102.972,1066.3,10.772,21.1795,79.15231,9899.0,14.468,1.525,4.0,0.33060467958074924,-0.597361258114089
wheat,IN,IN-07-0118,2004,337.385,102.972,1066.3,10.772,21.1795,79.15231,9899.0,14.468,1.525,4.0,-0.8653209421756313,-0.12304444620086538
wheat,IN,IN-07-0118,2005,337.385,102.972,1066.3,10.772,21.1795,79.15231,9899.0,14.468,1.525,4.0,-0.9017673605489799,-0.13875030089997284
wheat,IN,IN-07-0118,2006,337.385,102.972,1066.3,10.772,21.1795,79.15231,9899.0,14.468,1.525,4.0,-0.5974573251443979,0.5719970846789227
wheat,IN,IN-07-0118,2007,337.385,102.972,1066.3,10.772,21.1795,79.15231,9899.0,14.468,1.525,4.0,0.4159513004751504,0.9428595593789635
wheat,IN,IN-07-0118,2008,337.385,102.972,1066.3,10.772,21.1795,79.15231,9899.0,14.468,1.525,4.0,0.19579003055285144,-0.287674020585415
wheat,IN,IN-07-0118,2009,337.385,102.972,1066.3,10.772,21.1795,79.15231,9899.0,14.468,1.525,4.0,-0.6238370920469741,-0.8821607566580086
wheat,IN,IN-07-0118,2010,337.385,102.972,1066.3,10.772,21.1795,79.15231,9899.0,14.468,1.525,4.0,0.4444998026890609,-0.20868268550760785
wheat,IN,IN-07-0118,2011,337.385,102.972,1066.3,10.772,21.1795,79.15231,9899.0,14.468,1.525,4.0,-0.10104547606714452,-0.08857646237469757
wheat,IN,IN-07-0118,2012,337.385,102.972,1066.3,10.772,21.1795,79.15231,9899.0,14.468,1.525,4.0,0.7083416566122918,0.035270569166201866
wheat,IN,IN-07-0118,2013,337.385,102.972,1066.3,10.772,21.1795,79.15231,9899.0,14.468,1.525,4.0,2.8839167266644057,0.5223388371648635
wheat,IN,IN-07-0118,2014,337.385,102.972,1066.3,10.772,21.1795,79.15231,9899.0,14.468,1.525,4.0,-0.17082067148301558,0.8712510771410538
wheat,IN,IN-07-0118,2015,337.385,102.972,1066.3,10.772,21.1795,79.15231,9899.0,14.468,1.525,4.0,-0.5520796618993653,1.499991273356814
wheat,IN,IN-07-0118,2016,337.385,102.972,1066.3,10.772,21.1795,79.15231,9899.0,14.468,1.525,4.0,0.23211520494631127,0.36820404321725647
wheat,IN,IN-07-0118,2017,337.385,102.972,1066.3,10.772,21.1795,79.15231,9899.0,14.468,1.525,4.0,-1.3988908721553672,1.4547427326944586
wheat,IN,IN-07-0119,2003,338.114,103.569,246.0,5.949,21.0221,79.65102,4136.0,14.519,1.544,4.0,0.7545332534144534,-1.3262852338998257
wheat,IN,IN-07-0119,2004,338.114,103.569,246.0,5.949,21.0221,79.65102,4136.0,14.519,1.544,4.0,-0.6949210524470624,-0.6111933902857871
wheat,IN,IN-07-0119,2005,338.114,103.569,246.0,5.949,21.0221,79.65102,4136.0,14.519,1.544,4.0,-0.6908005400307615,0.8158737160526226
wheat,IN,IN-07-0119,2006,338.114,103.569,246.0,5.949,21.0221,79.65102,4136.0,14.519,1.544,4.0,-0.5742570368190568,0.5197521020223275
wheat,IN,IN-07-0119,2007,338.114,103.569,246.0,5.949,21.0221,79.65102,4136.0,14.519,1.544,4.0,0.4671066380642979,-0.35358118605686273
wheat,IN,IN-07-0119,2008,338.114,103.569,246.0,5.949,21.0221,79.65102,4136.0,14.519,1.544,4.0,0.4739675842385117,0.3318576768762023
wheat,IN,IN-07-0119,2009,338.114,103.569,246.0,5.949,21.0221,79.65102,4136.0,14.519,1.544,4.0,-0.8004738388932503,-1.5656010496482413
wheat,IN,IN-07-0119,2010,338.114,103.569,246.0,5.949,21.0221,79.65102,4136.0,14.519,1.544,4.0,0.4700695733136027,0.06803463274795077
wheat,IN,IN-07-0119,2011,338.114,103.569,246.0,5.949,21.0221,79.65102,4136.0,14.519,1.544,4.0,-0.18961817501235848,0.7871555365460712
wheat,IN,IN-07-0119,2012,338.114,103.569,246.0,5.949,21.0221,79.65102,4136.0,14.519,1.544,4.0,0.5682511524189807,-0.16938683574438676
wheat,IN,IN-07-0119,2013,338.114,103.569,246.0,5.949,21.0221,79.65102,4136.0,14.519,1.544,4.0,2.758674472408709,0.7553818676109769
wheat,IN,IN-07-0119,2014,338.114,103.569,246.0,5.949,21.0221,79.65102,4136.0,14.519,1.544,4.0,-0.4283082927988494,0.6039288044877926
wheat,IN,IN-07-0119,2015,338.114,103.569,246.0,5.949,21.0221,79.65102,4136.0,14.519,1.544,4.0,-0.7632243698754272,1.9406295233378745
wheat,IN,IN-07-0119,2016,338.114,103.569,246.0,5.949,21.0221,79.65102,4136.0,14.519,1.544,4.0,0.09538350084936424,0.5373500189140589
wheat,IN,IN-07-0119,2017,338.114,103.569,246.0,5.949,21.0221,79.65102,4136.0,14.519,1.544,4.0,-1.446382868831081,0.5663499194585616
wheat,IN,IN-07-0120,2003,337.867,105.675,295.8,2.603,20.25856,79.22655,11363.0,14.623,1.552,4.0,0.477310910880237,-0.7525776091859767
wheat,IN,IN-07-0120,2004,337.867,105.675,295.8,2.603,20.25856,79.22655,11363.0,14.623,1.552,4.0,-0.9160279160086354,-0.574106624085949
wheat,IN,IN-07-0120,2005,337.867,105.675,295.8,2.603,20.25856,79.22655,11363.0,14.623,1.552,4.0,-0.7632738651863533,-0.10094604811241507
wheat,IN,IN-07-0120,2006,337.867,105.675,295.8,2.603,20.25856,79.22655,11363.0,14.623,1.552,4.0,-0.1092100646917284,0.356685234352413
wheat,IN,IN-07-0120,2007,337.867,105.675,295.8,2.603,20.25856,79.22655,11363.0,14.623,1.552,4.0,0.7964225720034416,-0.08543606964538725
wheat,IN,IN-07-0120,2008,337.867,105.675,295.8,2.603,20.25856,79.22655,11363.0,14.623,1.552,4.0,0.1970019703035417,-0.048870764245727255
wheat,IN,IN-07-0120,2009,337.867,105.675,295.8,2.603,20.25856,79.22655,11363.0,14.623,1.552,4.0,-0.8013560399329834,-1.3032880774946416
wheat,IN,IN-07-0120,2010,337.867,105.675,295.8,2.603,20.25856,79.22655,11363.0,14.623,1.552,4.0,0.8488959421683557,-0.07788848716893543
wheat,IN,IN-07-0120,2011,337.867,105.675,295.8,2.603,20.25856,79.22655,11363.0,14.623,1.552,4.0,-0.51788729231508,1.0775998499231434
wheat,IN,IN-07-0120,2012,337.867,105.675,295.8,2.603,20.25856,79.22655,11363.0,14.623,1.552,4.0,0.5020243978259195,-0.09903385898634362
wheat,IN,IN-07-0120,2013,337.867,105.675,295.8,2.603,20.25856,79.22655,11363.0,14.623,1.552,4.0,2.69269116234895,0.34479530132820585
wheat,IN,IN-07-0120,2014,337.867,105.675,295.8,2.603,20.25856,79.22655,11363.0,14.623,1.552,4.0,-0.3069055987259957,0.5433605133459332
wheat,IN,IN-07-0120,2015,337.867,105.675,295.8,2.603,20.25856,79.22655,11363.0,14.623,1.552,4.0,-0.8454829257834902,1.747715905882069
wheat,IN,IN-07-0120,2016,337.867,105.675,295.8,2.603,20.25856,79.22655,11363.0,14.623,1.552,4.0,0.057110344963448835,0.5715071278894864
wheat,IN,IN-07-0120,2017,337.867,105.675,295.8,2.603,20.25856,79.22655,11363.0,14.623,1.552,4.0,-1.3113135978496344,1.6257607327303805
wheat,IN,IN-07-0514,2003,331.851,92.427,541.5,7.058,20.03934,75.89178,7673.0,14.517,1.55,4.0,-0.03064458233738697,-0.8320805212032015
wheat,IN,IN-07-0514,2004,331.851,92.427,541.5,7.058,20.03934,75.89178,7673.0,14.517,1.55,4.0,0.025913340499093357,-0.7199685846131925
wheat,IN,IN-07-0514,2005,331.851,92.427,541.5,7.058,20.03934,75.89178,7673.0,14.517,1.55,4.0,-1.1885486937449974,-1.2626313430321958
wheat,IN,IN-07-0514,2006,331.851,92.427,541.5,7.058,20.03934,75.89178,7673.0,14.517,1.55,4.0,0.18302415559817953,-0.10656032648280837
wheat,IN,IN-07-0514,2007,331.851,92.427,541.5,7.058,20.03934,75.89178,7673.0,14.517,1.55,4.0,1.0066899704848062,0.5354631013600928
wheat,IN,IN-07-0514,2008,331.851,92.427,541.5,7.058,20.03934,75.89178,7673.0,14.517,1.55,4.0,-0.5463383242612806,-0.521199653158955
wheat,IN,IN-07-0514,2009,331.851,92.427,541.5,7.058,20.03934,75.89178,7673.0,14.517,1.55,4.0,-0.2926251140935243,0.2123621355896468
wheat,IN,IN-07-0514,2010,331.851,92.427,541.5,7.058,20.03934,75.89178,7673.0,14.517,1.55,4.0,0.9018121881614675,1.5598863793767987
wheat,IN,IN-07-0514,2011,331.851,92.427,541.5,7.058,20.03934,75.89178,7673.0,14.517,1.55,4.0,-0.4488935437353129,0.8756342791563402
wheat,IN,IN-07-0514,2012,331.851,92.427,541.5,7.058,20.03934,75.89178,7673.0,14.517,1.55,4.0,-0.7490543062570485,-0.5557494740173341
wheat,IN,IN-07-0514,2013,331.851,92.427,541.5,7.058,20.03934,75.89178,7673.0,14.517,1.55,4.0,2.8263862412964773,-0.040799533000260416
wheat,IN,IN-07-0514,2014,331.851,92.427,541.5,7.058,20.03934,75.89178,7673.0,14.517,1.55,4.0,-0.22689792490208122,0.9729196248938178
wheat,IN,IN-07-0514,2015,331.851,92.427,541.5,7.058,20.03934,75.89178,7673.0,14.517,1.55,4.0,-1.1665462526376824,0.5721205697357106
wheat,IN,IN-07-0514,2016,331.851,92.427,541.5,7.058,20.03934,75.89178,7673.0,14.517,1.55,4.0,0.11245661377588774,-0.1519717731962766
wheat,IN,IN-07-0514,2017,331.851,92.427,541.5,7.058,20.03934,75.89178,7673.0,14.517,1.55,4.0,-0.40673376784658904,2.0807293323152023
wheat,IN,IN-07-0515,2003,328.066,86.487,877.4,12.179,18.39745,76.64783,7204.0,14.538,1.555,4.0,-0.3250319256435078,-1.021081952948142
wheat,IN,IN-07-0515,2004,328.066,86.487,877.4,12.179,18.39745,76.64783,7204.0,14.538,1.555,4.0,-0.39558199957046225,-0.9872778111107723
wheat,IN,IN-07-0515,2005,328.066,86.487,877.4,12.179,18.39745,76.64783,7204.0,14.538,1.555,4.0,-0.7305520462888075,-0.48128647992276646
wheat,IN,IN-07-0515,2006,328.066,86.487,877.4,12.179,18.39745,76.64783,7204.0,14.538,1.555,4.0,-0.013748684462950467,1.4440779058812716
wheat,IN,IN-07-0515,2007,328.066,86.487,877.4,12.179,18.39745,76.64783,7204.0,14.538,1.555,4.0,0.7829095016990593,0.7548316366953903
wheat,IN,IN-07-0515,2008,328.066,86.487,877.4,12.179,18.39745,76.64783,7204.0,14.538,1.555,4.0,-0.11889784474215985,-0.783699507823369
wheat,IN,IN-07-0515,2009,328.066,86.487,877.4,12.179,18.39745,76.64783,7204.0,14.538,1.555,4.0,-0.7022030351376615,-0.509309308762979
wheat,IN,IN-07-0515,2010,328.066,86.487,877.4,12.179,18.39745,76.64783,7204.0,14.538,1.555,4.0,1.6440745237756873,-0.14965705824987385
wheat,IN,IN-07-0515,2011,328.066,86.487,877.4,12.179,18.39745,76.64783,7204.0,14.538,1.555,4.0,0.034744561491447716,0.19748870754010073
wheat,IN,IN-07-0515,2012,328.066,86.487,877.4,12.179,18.39745,76.64783,7204.0,14.538,1.555,4.0,-1.2353584226394736,1.0649462248790986
wheat,IN,IN-07-0515,2013,328.066,86.487,877.4,12.179,18.39745,76.64783,7204.0,14.538,1.555,4.0,2.183598129275338,0.8326728279181989
wheat,IN,IN-07-0515,2014,328.066,86.487,877.4,12.179,18.39745,76.64783,7204.0,14.538,1.555,4.0,-0.19768888859472514,1.5223929586317884
wheat,IN,IN-07-0515,2015,328.066,86.487,877.4,12.179,18.39745,76.64783,7204.0,14.538,1.555,4.0,-1.5968516560398571,-1.2542023322857032
wheat,IN,IN-07-0515,2016,328.066,86.487,877.4,12.179,18.39745,76.64783,7204.0,14.538,1.555,4.0,0.7037645011589284,-0.39286877128937164
wheat,IN,IN-07-0515,2017,328.066,86.487,877.4,12.179,18.39745,76.64783,7204.0,14.538,1.555,4.0,-0.03317671428090128,1.6027816797491585
wheat,IN,IN-07-0516,2003,338.112,106.377,39.7,0.274,19.72152,79.98641,14497.0,14.375,1.537,4.0,0.639366709118644,-0.5404931513615915
wheat,IN,IN-07-0516,2004,338.112,106.377,39.7,0.274,19.72152,79.98641,14497.0,14.375,1.537,4.0,-0.7512537829307044,0.8694203616352383
wheat,IN,IN-07-0516,2005,338.112,106.377,39.7,0.274,19.72152,79.98641,14497.0,14.375,1.537,4.0,-0.5796117129785038,-0.22430163573137432
wheat,IN,IN-07-0516,2006,338.112,106.377,39.7,0.274,19.72152,79.98641,14497.0,14.375,1.537,4.0,0.15936775453684154,1.4827225758800595
wheat,IN,IN-07-0516,2007,338.112,106.377,39.7,0.274,19.72152,79.98641,14497.0,14.375,1.537,4.0,0.9835671919264877,0.1822632571782422
wheat,IN,IN-07-0516,2008,338.112,106.377,39.7,0.274,19.72152,79.98641,14497.0,14.375,1.537,4.0,0.5547381559622919,0.6012785113070445
wheat,IN,IN-07-0516,2009,338.112,106.377,39.7,0.274,19.72152,79.98641,14497.0,14.375,1.537,4.0,-1.033713857374601,-1.1636005482088907
wheat,IN,IN-07-0516,2010,338.112,106.377,39.7,0.274,19.72152,79.98641,14497.0,14.375,1.537,4.0,0.741073268891307,-0.829486472027535
wheat,IN,IN-07-0516,2011,338.112,106.377,39.7,0.274,19.72152,79.98641,14497.0,14.375,1.537,4.0,-0.60711440280713,0.7540446853253716
wheat,IN,IN-07-0516,2012,338.112,106.377,39.7,0.274,19.72152,79.98641,14497.0,14.375,1.537,4.0,0.3046222281868492,-1.266283733535428
wheat,IN,IN-07-0516,2013,338.112,106.377,39.7,0.274,19.72152,79.98641,14497.0,14.375,1.537,4.0,2.5598578521903677,0.1315803707992657
wheat,IN,IN-07-0516,2014,338.112,106.377,39.7,0.274,19.72152,79.98641,14497.0,14.375,1.537,4.0,-0.5432398446141526,0.6934993284792251
wheat,IN,IN-07-0516,2015,338.112,106.377,39.7,0.274,19.72152,79.98641,14497.0,14.375,1.537,4.0,-1.0554378708224612,1.238430038601413
wheat,IN,IN-07-0516,2016,338.112,106.377,39.7,0.274,19.72152,79.98641,14497.0,14.375,1.537,4.0,-0.23457029233860194,-0.2683737108435267
wheat,IN,IN-07-0516,2017,338.112,106.377,39.7,0.274,19.72152,79.98641,14497.0,14.375,1.537,4.0,-1.137651396946557,1.2721065536254308
wheat,IN,IN-07-1072,2003,338.402,102.807,9.3,0.179,21.37243,79.94463,5180.0,14.281,1.549,4.0,1.0086780971482616,-1.6822862768736109
wheat,IN,IN-07-1072,2004,338.402,102.807,9.3,0.179,21.37243,79.94463,5180.0,14.281,1.549,4.0,-0.6670688632411863,-0.5977924453644536
wheat,IN,IN-07-1072,2005,338.402,102.807,9.3,0.179,21.37243,79.94463,5180.0,14.281,1.549,4.0,-0.6876147131930892,0.5969766516021376
wheat,IN,IN-07-1072,2006,338.402,102.807,9.3,0.179,21.37243,79.94463,5180.0,14.281,1.549,4.0,-0.7577438249872296,0.421944044380403
wheat,IN,IN-07-1072,2007,338.402,102.807,9.3,0.179,21.37243,79.94463,5180.0,14.281,1.549,4.0,0.29585566553771053,-0.7370410520374162
wheat,IN,IN-07-1072,2008,338.402,102.807,9.3,0.179,21.37243,79.94463,5180.0,14.281,1.549,4.0,0.4666153507704548,0.253617142986552
wheat,IN,IN-07-1072,2009,338.402,102.807,9.3,0.179,21.37243,79.94463,5180.0,14.281,1.549,4.0,-0.7560005767651727,-1.213666560281341
wheat,IN,IN-07-1072,2010,338.402,102.807,9.3,0.179,21.37243,79.94463,5180.0,14.281,1.549,4.0,0.4704606633151655,0.28264398991069684
wheat,IN,IN-07-1072,2011,338.402,102.807,9.3,0.179,21.37243,79.94463,5180.0,14.281,1.549,4.0,-0.058948273025465146,0.4146693259205091
wheat,IN,IN-07-1072,2012,338.402,102.807,9.3,0.179,21.37243,79.94463,5180.0,14.281,1.549,4.0,0.48113056740878113,0.6116539362968466
wheat,IN,IN-07-1072,2013,338.402,102.807,9.3,0.179,21.37243,79.94463,5180.0,14.281,1.549,4.0,2.7204828050457395,0.26696012907264843
wheat,IN,IN-07-1072,2014,338.402,102.807,9.3,0.179,21.37243,79.94463,5180.0,14.281,1.549,4.0,-0.5263319592038895,1.2490256009217895
wheat,IN,IN-07-1072,2015,338.402,102.807,9.3,0.179,21.37243,79.94463,5180.0,14.281,1.549,4.0,-0.8101145299361087,2.154479468482957
wheat,IN,IN-07-1072,2016,338.402,102.807,9.3,0.179,21.37243,79.94463,5180.0,14.281,1.549,4.0,0.1611911333289244,0.34584760821326854
wheat,IN,IN-07-1072,2017,338.402,102.807,9.3,0.179,21.37243,79.94463,5180.0,14.281,1.549,4.0,-1.3405915422028343,0.14276772011742783
wheat,IN,IN-07-1073,2003,328.105,86.498,422.0,8.955,19.63804,77.06329,4713.0,14.414,1.528,4.0,-0.18015474940431866,-0.8064344368143384
wheat,IN,IN-07-1073,2004,328.105,86.498,422.0,8.955,19.63804,77.06329,4713.0,14.414,1.528,4.0,-0.5929963559374225,-0.9986390128995141
wheat,IN,IN-07-1073,2005,328.105,86.498,422.0,8.955,19.63804,77.06329,4713.0,14.414,1.528,4.0,-1.0131452712737194,-1.8986693287618668
wheat,IN,IN-07-1073,2006,328.105,86.498,422.0,8.955,19.63804,77.06329,4713.0,14.414,1.528,4.0,0.2877713836824147,0.32194689478658123
wheat,IN,IN-07-1073,2007,328.105,86.498,422.0,8.955,19.63804,77.06329,4713.0,14.414,1.528,4.0,0.9507034310254401,0.9704204528451083
wheat,IN,IN-07-1073,2008,328.105,86.498,422.0,8.955,19.63804,77.06329,4713.0,14.414,1.528,4.0,-0.18742894425935477,-0.46669209980122633
wheat,IN,IN-07-1073,2009,328.105,86.498,422.0,8.955,19.63804,77.06329,4713.0,14.414,1.528,4.0,-0.4463979025229913,-0.4086992525224428
wheat,IN,IN-07-1073,2010,328.105,86.498,422.0,8.955,19.63804,77.06329,4713.0,14.414,1.528,4.0,1.064226558940171,-0.0654751685807746
wheat,IN,IN-07-1073,2011,328.105,86.498,422.0,8.955,19.63804,77.06329,4713.0,14.414,1.528,4.0,-0.3293651437501896,0.7019694278511142
wheat,IN,IN-07-1073,2012,328.105,86.498,422.0,8.955,19.63804,77.06329,4713.0,14.414,1.528,4.0,-0.44467116331869877,0.6831276222068972
wheat,IN,IN-07-1073,2013,328.105,86.498,422.0,8.955,19.63804,77.06329,4713.0,14.414,1.528,4.0,2.808195167052701,0.1394597498745903
wheat,IN,IN-07-1073,2014,328.105,86.498,422.0,8.955,19.63804,77.06329,4713.0,14.414,1.528,4.0,-0.21921361753531957,1.1078339810369802
wheat,IN,IN-07-1073,2015,328.105,86.498,422.0,8.955,19.63804,77.06329,4713.0,14.414,1.528,4.0,-1.06680313074059,0.6724531146033802
wheat,IN,IN-07-1073,2016,328.105,86.498,422.0,8.955,19.63804,77.06329,4713.0,14.414,1.528,4.0,0.25848937330965605,-0.6467248399798526
wheat,IN,IN-07-1073,2017,328.105,86.498,422.0,8.955,19.63804,77.06329,4713.0,14.414,1.528,4.0,-0.8892096352678076,2.243358263418689
wheat,IN,IN-07-1074,2003,338.539,94.509,386.2,6.488,21.50605,74.30574,5952.0,14.257,1.522,4.0,-0.15689001030990202,-1.0110127134670899
wheat,IN,IN-07-1074,2004,338.539,94.509,386.2,6.488,21.50605,74.30574,5952.0,14.257,1.522,4.0,-0.2735272843635337,-0.7462428403651842
wheat,IN,IN-07-1074,2005,338.539,94.509,386.2,6.488,21.50605,74.30574,5952.0,14.257,1.522,4.0,-0.4994276438422411,-0.39503976247057326
wheat,IN,IN-07-1074,2006,338.539,94.509,386.2,6.488,21.50605,74.30574,5952.0,14.257,1.522,4.0,1.2918954408419034,-0.5685463469756602
wheat,IN,IN-07-1074,2007,338.539,94.509,386.2,6.488,21.50605,74.30574,5952.0,14.257,1.522,4.0,1.43146348411491,0.21443940825996047
wheat,IN,IN-07-1074,2008,338.539,94.509,386.2,6.488,21.50605,74.30574,5952.0,14.257,1.522,4.0,-0.06866386775707083,0.3354819407041537
wheat,IN,IN-07-1074,2009,338.539,94.509,386.2,6.488,21.50605,74.30574,5952.0,14.257,1.522,4.0,-0.609740662442849,0.24872864845161116
wheat,IN,IN-07-1074,2010,338.539,94.509,386.2,6.488,21.50605,74.30574,5952.0,14.257,1.522,4.0,-0.4110931308987196,1.1448926150207142
wheat,IN,IN-07-1074,2011,338.539,94.509,386.2,6.488,21.50605,74.30574,5952.0,14.257,1.522,4.0,-0.15308378757650928,0.6718045482044432
wheat,IN,IN-07-1074,2012,338.539,94.509,386.2,6.488,21.50605,74.30574,5952.0,14.257,1.522,4.0,-0.7935664160809253,-0.3711180950920141
wheat,IN,IN-07-1074,2013,338.539,94.509,386.2,6.488,21.50605,74.30574,5952.0,14.257,1.522,4.0,2.5255545259858327,0.6138948492147972
wheat,IN,IN-07-1074,2014,338.539,94.509,386.2,6.488,21.50605,74.30574,5952.0,14.257,1.522,4.0,0.054893198130418104,1.086641771444857
wheat,IN,IN-07-1074,2015,338.539,94.509,386.2,6.488,21.50605,74.30574,5952.0,14.257,1.522,4.0,-1.3495855851354068,0.45590435771193
wheat,IN,IN-07-1074,2016,338.539,94.509,386.2,6.488,21.50605,74.30574,5952.0,14.257,1.522,4.0,-0.3470378776605542,0.7113719137927148
wheat,IN,IN-07-1074,2017,338.539,94.509,386.2,6.488,21.50605,74.30574,5952.0,14.257,1.522,4.0,-0.6411903830052699,1.4203536490472137
wheat,IN,IN-07-1075,2003,328.784,88.312,477.3,9.296,20.28673,77.16347,5135.0,14.506,1.549,4.0,-0.13192087054736862,-0.43261774719642765
wheat,IN,IN-07-1075,2004,328.784,88.312,477.3,9.296,20.28673,77.16347,5135.0,14.506,1.549,4.0,-0.846168376512497,-1.7118896682217886
wheat,IN,IN-07-1075,2005,328.784,88.312,477.3,9.296,20.28673,77.16347,5135.0,14.506,1.549,4.0,-1.0000964533110883,-1.4378243840594018
wheat,IN,IN-07-1075,2006,328.784,88.312,477.3,9.296,20.28673,77.16347,5135.0,14.506,1.549,4.0,0.18380485769181856,0.7624790038224943
wheat,IN,IN-07-1075,2007,328.784,88.312,477.3,9.296,20.28673,77.16347,5135.0,14.506,1.549,4.0,0.9859971986356799,0.7433807966960997
wheat,IN,IN-07-1075,2008,328.784,88.312,477.3,9.296,20.28673,77.16347,5135.0,14.506,1.549,4.0,-0.2585070393862706,0.30161808170603704
wheat,IN,IN-07-1075,2009,328.784,88.312,477.3,9.296,20.28673,77.16347,5135.0,14.506,1.549,4.0,-0.389372312671193,-0.6401313129239721
wheat,IN,IN-07-1075,2010,328.784,88.312,477.3,9.296,20.28673,77.16347,5135.0,14.506,1.549,4.0,0.6101358283299945,0.8915501743603773
wheat,IN,IN-07-1075,2011,328.784,88.312,477.3,9.296,20.28673,77.16347,5135.0,14.506,1.549,4.0,-0.3492652827542776,-0.13647093997570417
wheat,IN,IN-07-1075,2012,328.784,88.312,477.3,9.296,20.28673,77.16347,5135.0,14.506,1.549,4.0,0.07984820065619878,0.17971989907633068
wheat,IN,IN-07-1075,2013,328.784,88.312,477.3,9.296,20.28673,77.16347,5135.0,14.506,1.549,4.0,2.9746892888437855,0.5197207434043326
wheat,IN,IN-07-1075,2014,328.784,88.312,477.3,9.296,20.28673,77.16347,5135.0,14.506,1.549,4.0,-0.09040216746108053,0.3281794428709801
wheat,IN,IN-07-1075,2015,328.784,88.312,477.3,9.296,20.28673,77.16347,5135.0,14.506,1.549,4.0,-0.856229736730413,1.2635959109772454
wheat,IN,IN-07-1075,2016,328.784,88.312,477.3,9.296,20.28673,77.16347,5135.0,14.506,1.549,4.0,0.06092114204905335,0.5270751358723424
wheat,IN,IN-07-1075,2017,328.784,88.312,477.3,9.296,20.28673,77.16347,5135.0,14.506,1.549,4.0,-0.9734342768323635,1.5502009115687287
wheat,IN,IN-08-0701,2003,350.913,99.652,0.1,0.001,21.58261,86.69131,3715.0,10.541,1.478,4.0,2.0143135597151427,-0.5740958451169711
wheat,IN,IN-08-0701,2004,350.913,99.652,0.1,0.001,21.58261,86.69131,3715.0,10.541,1.478,4.0,1.2449282632251657,-0.8072881348564334
wheat,IN,IN-08-0701,2005,350.913,99.652,0.1,0.001,21.58261,86.69131,3715.0,10.541,1.478,4.0,0.026910607409769118,-0.9862856474817229
wheat,IN,IN-08-0701,2006,350.913,99.652,0.1,0.001,21.58261,86.69131,3715.0,10.541,1.478,4.0,0.34781328651002286,-1.1870658826419174
wheat,IN,IN-08-0701,2007,350.913,99.652,0.1,0.001,21.58261,86.69131,3715.0,10.541,1.478,4.0,1.1007433209084352,-0.24665534791132432
wheat,IN,IN-08-0701,2008,350.913,99.652,0.1,0.001,21.58261,86.69131,3715.0,10.541,1.478,4.0,0.38637078237621775,-0.6829119295418737
wheat,IN,IN-08-0701,2009,350.913,99.652,0.1,0.001,21.58261,86.69131,3715.0,10.541,1.478,4.0,-1.0853734393087087,-0.626441004185829
wheat,IN,IN-08-0701,2010,350.913,99.652,0.1,0.001,21.58261,86.69131,3715.0,10.541,1.478,4.0,-1.6059637606499666,-0.16680389220621586
wheat,IN,IN-08-0701,2011,350.913,99.652,0.1,0.001,21.58261,86.69131,3715.0,10.541,1.478,4.0,-1.076500573967682,0.44417989717352835
wheat,IN,IN-08-0701,2012,350.913,99.652,0.1,0.001,21.58261,86.69131,3715.0,10.541,1.478,4.0,-1.3261278853741143,0.008836520435288774
wheat,IN,IN-08-0701,2013,350.913,99.652,0.1,0.001,21.58261,86.69131,3715.0,10.541,1.478,4.0,0.3472573133445933,0.9931242601359358
wheat,IN,IN-08-0701,2014,350.913,99.652,0.1,0.001,21.58261,86.69131,3715.0,10.541,1.478,4.0,-0.2288260028641662,0.7829907190449509
wheat,IN,IN-08-0701,2015,350.913,99.652,0.1,0.001,21.58261,86.69131,3715.0,10.541,1.478,4.0,-0.18708505947272472,0.7828007494223687
wheat,IN,IN-08-0701,2016,350.913,99.652,0.1,0.001,21.58261,86.69131,3715.0,10.541,1.478,4.0,-0.09464613351637001,2.167133271058199
wheat,IN,IN-08-0701,2017,350.913,99.652,0.1,0.001,21.58261,86.69131,3715.0,10.541,1.478,4.0,0.13618572166439008,1.7791820909890463
wheat,IN,IN-08-0702,2003,342.32,107.171,5.1,0.078,20.44119,83.14233,6552.0,12.482,1.472,5.0,2.0987609779732215,-1.0863403836273664
wheat,IN,IN-08-0702,2004,342.32,107.171,5.1,0.078,20.44119,83.14233,6552.0,12.482,1.472,5.0,0.37511797035320554,0.0674596211076199
wheat,IN,IN-08-0702,2005,342.32,107.171,5.1,0.078,20.44119,83.14233,6552.0,12.482,1.472,5.0,-0.5979210739053097,0.14139756440293158
wheat,IN,IN-08-0702,2006,342.32,107.171,5.1,0.078,20.44119,83.14233,6552.0,12.482,1.472,5.0,0.4712943302200041,-0.060171352437861786
wheat,IN,IN-08-0702,2007,342.32,107.171,5.1,0.078,20.44119,83.14233,6552.0,12.482,1.472,5.0,0.7598688226986202,0.05249598972642481
wheat,IN,IN-08-0702,2008,342.32,107.171,5.1,0.078,20.44119,83.14233,6552.0,12.482,1.472,5.0,0.4990744259514705,-0.23513073474105617
wheat,IN,IN-08-0702,2009,342.32,107.171,5.1,0.078,20.44119,83.14233,6552.0,12.482,1.472,5.0,-1.4603276924215534,-1.0470165547875596
wheat,IN,IN-08-0702,2010,342.32,107.171,5.1,0.078,20.44119,83.14233,6552.0,12.482,1.472,5.0,-0.46745555934117317,0.1572414093947862
wheat,IN,IN-08-0702,2011,342.32,107.171,5.1,0.078,20.44119,83.14233,6552.0,12.482,1.472,5.0,-0.750675788362181,0.08186506824791032
wheat,IN,IN-08-0702,2012,342.32,107.171,5.1,0.078,20.44119,83.14233,6552.0,12.482,1.472,5.0,0.37380500665416466,-0.22386792050427196
wheat,IN,IN-08-0702,2013,342.32,107.171,5.1,0.078,20.44119,83.14233,6552.0,12.482,1.472,5.0,1.1030873505688152,1.3996629208392566
wheat,IN,IN-08-0702,2014,342.32,107.171,5.1,0.078,20.44119,83.14233,6552.0,12.482,1.472,5.0,0.6803723639443157,1.6664095598026187
wheat,IN,IN-08-0702,2015,342.32,107.171,5.1,0.078,20.44119,83.14233,6552.0,12.482,1.472,5.0,-1.0245359801579497,0.8211110890335769
wheat,IN,IN-08-0702,2016,342.32,107.171,5.1,0.078,20.44119,83.14233,6552.0,12.482,1.472,5.0,-0.7638414637640951,0.6108305110043645
wheat,IN,IN-08-0702,2017,342.32,107.171,5.1,0.078,20.44119,83.14233,6552.0,12.482,1.472,5.0,-1.2966236904115616,1.2074289009746522
wheat,IN,IN-08-0703,2003,349.009,99.713,3.6,0.094,20.50502,85.31405,3853.0,9.927,1.434,4.0,2.299566870071496,-0.7872839372217706
wheat,IN,IN-08-0703,2004,349.009,99.713,3.6,0.094,20.50502,85.31405,3853.0,9.927,1.434,4.0,0.7039289673675112,-0.5278143100754557
wheat,IN,IN-08-0703,2005,349.009,99.713,3.6,0.094,20.50502,85.31405,3853.0,9.927,1.434,4.0,-0.7008496692753302,0.03256065902483677
wheat,IN,IN-08-0703,2006,349.009,99.713,3.6,0.094,20.50502,85.31405,3853.0,9.927,1.434,4.0,0.4096338796935282,-0.466573719460043
wheat,IN,IN-08-0703,2007,349.009,99.713,3.6,0.094,20.50502,85.31405,3853.0,9.927,1.434,4.0,0.8841480012497369,-0.9735167303830375
wheat,IN,IN-08-0703,2008,349.009,99.713,3.6,0.094,20.50502,85.31405,3853.0,9.927,1.434,4.0,1.4379944471021964,-0.26537678450510205
wheat,IN,IN-08-0703,2009,349.009,99.713,3.6,0.094,20.50502,85.31405,3853.0,9.927,1.434,4.0,-0.8120958182499588,-1.8583851893597014
wheat,IN,IN-08-0703,2010,349.009,99.713,3.6,0.094,20.50502,85.31405,3853.0,9.927,1.434,4.0,-0.6955804747232911,-0.3433858957473039
wheat,IN,IN-08-0703,2011,349.009,99.713,3.6,0.094,20.50502,85.31405,3853.0,9.927,1.434,4.0,-1.1786635473068678,0.5522570828216944
wheat,IN,IN-08-0703,2012,349.009,99.713,3.6,0.094,20.50502,85.31405,3853.0,9.927,1.434,4.0,-0.6368980831808012,0.9659909825308869
wheat,IN,IN-08-0703,2013,349.009,99.713,3.6,0.094,20.50502,85.31405,3853.0,9.927,1.434,4.0,0.13704685704428107,0.7979946426329055
wheat,IN,IN-08-0703,2014,349.009,99.713,3.6,0.094,20.50502,85.31405,3853.0,9.927,1.434,4.0,0.1444360583333066,1.1258145275149074
wheat,IN,IN-08-0703,2015,349.009,99.713,3.6,0.094,20.50502,85.31405,3853.0,9.927,1.434,4.0,-1.184533245104088,1.5909420238145626
wheat,IN,IN-08-0703,2016,349.009,99.713,3.6,0.094,20.50502,85.31405,3853.0,9.927,1.434,4.0,-0.4185323141721552,1.45454250072068
wheat,IN,IN-08-0703,2017,349.009,99.713,3.6,0.094,20.50502,85.31405,3853.0,9.927,1.434,4.0,-0.38960192884954215,0.428200897452077
wheat,IN,IN-08-0704,2003,349.263,110.773,5.6,0.125,21.1195,85.36791,4458.0,10.759,1.571,4.0,2.0662663012929343,-1.3010158124780276
wheat,IN,IN-08-0704,2004,349.263,110.773,5.6,0.125,21.1195,85.36791,4458.0,10.759,1.571,4.0,1.0029924886391328,-0.019675049306170127
wheat,IN,IN-08-0704,2005,349.263,110.773,5.6,0.125,21.1195,85.36791,4458.0,10.759,1.571,4.0,-0.389311804740332,-0.6830279358255
wheat,IN,IN-08-0704,2006,349.263,110.773,5.6,0.125,21.1195,85.36791,4458.0,10.759,1.571,4.0,0.2531173037554483,0.3620125526118348
wheat,IN,IN-08-0704,2007,349.263,110.773,5.6,0.125,21.1195,85.36791,4458.0,10.759,1.571,4.0,1.061137233997588,-0.27662330143320435
wheat,IN,IN-08-0704,2008,349.263,110.773,5.6,0.125,21.1195,85.36791,4458.0,10.759,1.571,4.0,1.1409222208838354,-0.3580915115533208
wheat,IN,IN-08-0704,2009,349.263,110.773,5.6,0.125,21.1195,85.36791,4458.0,10.759,1.571,4.0,-1.1032266264172026,-1.151740264076237
wheat,IN,IN-08-0704,2010,349.263,110.773,5.6,0.125,21.1195,85.36791,4458.0,10.759,1.571,4.0,-1.3736069647424636,0.12825109183825237
wheat,IN,IN-08-0704,2011,349.263,110.773,5.6,0.125,21.1195,85.36791,4458.0,10.759,1.571,4.0,-0.7453531591423914,-0.07000306507684052
wheat,IN,IN-08-0704,2012,349.263,110.773,5.6,0.125,21.1195,85.36791,4458.0,10.759,1.571,4.0,-0.32475835810936576,0.7219565366703791
wheat,IN,IN-08-0704,2013,349.263,110.773,5.6,0.125,21.1195,85.36791,4458.0,10.759,1.571,4.0,0.03771531339785203,1.5739692301745773
wheat,IN,IN-08-0704,2014,349.263,110.773,5.6,0.125,21.1195,85.36791,4458.0,10.759,1.571,4.0,-0.02312269048660821,0.8739044728665593
wheat,IN,IN-08-0704,2015,349.263,110.773,5.6,0.125,21.1195,85.36791,4458.0,10.759,1.571,4.0,-0.9236200000452671,0.5212753400349792
wheat,IN,IN-08-0704,2016,349.263,110.773,5.6,0.125,21.1195,85.36791,4458.0,10.759,1.571,4.0,-0.6791512582831309,2.030377224661566
wheat,IN,IN-08-0705,2003,347.401,110.744,3.4,0.041,19.72493,84.53291,8398.0,12.034,1.372,4.0,2.846897118875957,-0.6373572885220037
wheat,IN,IN-08-0705,2004,347.401,110.744,3.4,0.041,19.72493,84.53291,8398.0,12.034,1.372,4.0,-0.046498238306297734,-0.1188108501875267
wheat,IN,IN-08-0705,2005,347.401,110.744,3.4,0.041,19.72493,84.53291,8398.0,12.034,1.372,4.0,-0.7211336717331043,-1.091592141084927
wheat,IN,IN-08-0705,2006,347.401,110.744,3.4,0.041,19.72493,84.53291,8398.0,12.034,1.372,4.0,0.16151599067154931,-0.8839321574291047
wheat,IN,IN-08-0705,2007,347.401,110.744,3.4,0.041,19.72493,84.53291,8398.0,12.034,1.372,4.0,0.5169010774796633,-0.8875453337259632
wheat,IN,IN-08-0705,2008,347.401,110.744,3.4,0.041,19.72493,84.53291,8398.0,12.034,1.372,4.0,0.4739981113703155,0.9083855721834871
wheat,IN,IN-08-0705,2009,347.401,110.744,3.4,0.041,19.72493,84.53291,8398.0,12.034,1.372,4.0,-1.2828129383418796,-1.5625189143152967
wheat,IN,IN-08-0705,2010,347.401,110.744,3.4,0.041,19.72493,84.53291,8398.0,12.034,1.372,4.0,0.18083445854309463,0.6558456365094485
wheat,IN,IN-08-0705,2011,347.401,110.744,3.4,0.041,19.72493,84.53291,8398.0,12.034,1.372,4.0,-1.229052771496059,0.18868340850786686
wheat,IN,IN-08-0705,2012,347.401,110.744,3.4,0.041,19.72493,84.53291,8398.0,12.034,1.372,4.0,-0.637622870671651,0.34083695379184586
wheat,IN,IN-08-0705,2013,347.401,110.744,3.4,0.041,19.72493,84.53291,8398.0,12.034,1.372,4.0,0.4074844574842221,1.4668198719884682
wheat,IN,IN-08-0705,2014,347.401,110.744,3.4,0.041,19.72493,84.53291,8398.0,12.034,1.372,4.0,0.6783694061166836,0.471892376632195
wheat,IN,IN-08-0705,2015,347.401,110.744,3.4,0.041,19.72493,84.53291,8398.0,12.034,1.372,4.0,-0.3167258601463369,1.0772844936392605
wheat,IN,IN-08-0705,2016,347.401,110.744,3.4,0.041,19.72493,84.53291,8398.0,12.034,1.372,4.0,-0.5297462154673691,1.178556760888712
wheat,IN,IN-08-0705,2017,347.401,110.744,3.4,0.041,19.72493,84.53291,8398.0,12.034,1.372,4.0,-0.5024080543788001,1.1773263278795105
wheat,IN,IN-08-0706,2003,341.763,109.123,20.5,0.26,19.99158,82.95053,7902.0,13.342,1.419,5.0,1.7921576283778606,-1.9656078027502795
wheat,IN,IN-08-0706,2004,341.763,109.123,20.5,0.26,19.99158,82.95053,7902.0,13.342,1.419,5.0,0.1176534682016153,0.3300260619638598
wheat,IN,IN-08-0706,2005,341.763,109.123,20.5,0.26,19.99158,82.95053,7902.0,13.342,1.419,5.0,-0.7062560851337027,0.15349077138225461
wheat,IN,IN-08-0706,2006,341.763,109.123,20.5,0.26,19.99158,82.95053,7902.0,13.342,1.419,5.0,0.47735256944833293,-0.2972760242670808
wheat,IN,IN-08-0706,2007,341.763,109.123,20.5,0.26,19.99158,82.95053,7902.0,13.342,1.419,5.0,0.8711162605152526,-0.14686648538916694
wheat,IN,IN-08-0706,2008,341.763,109.123,20.5,0.26,19.99158,82.95053,7902.0,13.342,1.419,5.0,0.4448466461783848,-0.09711336121304956
wheat,IN,IN-08-0706,2009,341.763,109.123,20.5,0.26,19.99158,82.95053,7902.0,13.342,1.419,5.0,-1.6928340703504292,-1.0051009072501258
wheat,IN,IN-08-0706,2010,341.763,109.123,20.5,0.26,19.99158,82.95053,7902.0,13.342,1.419,5.0,-0.22339143874635,0.6596361532699605
wheat,IN,IN-08-0706,2011,341.763,109.123,20.5,0.26,19.99158,82.95053,7902.0,13.342,1.419,5.0,-0.8890867985442337,0.1748803748702543
wheat,IN,IN-08-0706,2012,341.763,109.123,20.5,0.26,19.99158,82.95053,7902.0,13.342,1.419,5.0,0.4970110265959202,-0.11796621431276841
wheat,IN,IN-08-0706,2013,341.763,109.123,20.5,0.26,19.99158,82.95053,7902.0,13.342,1.419,5.0,1.4023515142462604,1.0904584437747693
wheat,IN,IN-08-0706,2014,341.763,109.123,20.5,0.26,19.99158,82.95053,7902.0,13.342,1.419,5.0,0.721753419287718,1.1479510783539526
wheat,IN,IN-08-0706,2015,341.763,109.123,20.5,0.26,19.99158,82.95053,7902.0,13.342,1.419,5.0,-0.8448479605318833,1.2944058258696511
wheat,IN,IN-08-0706,2016,341.763,109.123,20.5,0.26,19.99158,82.95053,7902.0,13.342,1.419,5.0,-0.9979038723405365,0.7461064693805588
wheat,IN,IN-08-0706,2017,341.763,109.123,20.5,0.26,19.99158,82.95053,7902.0,13.342,1.419,5.0,-0.9699223072041896,1.0470355808287453
wheat,IN,IN-08-0707,2003,350.115,111.333,3.9,0.047,21.46509,85.80853,8299.0,12.963,1.361,5.0,2.3688402308271455,-1.0329172328640337
wheat,IN,IN-08-0707,2004,350.115,111.333,3.9,0.047,21.46509,85.80853,8299.0,12.963,1.361,5.0,1.151946224081303,-0.6586709936597214
wheat,IN,IN-08-0707,2005,350.115,111.333,3.9,0.047,21.46509,85.80853,8299.0,12.963,1.361,5.0,-0.323400710320695,-0.35566583741498525
wheat,IN,IN-08-0707,2006,350.115,111.333,3.9,0.047,21.46509,85.80853,8299.0,12.963,1.361,5.0,0.10645178989069351,-0.5372268498119654
wheat,IN,IN-08-0707,2007,350.115,111.333,3.9,0.047,21.46509,85.80853,8299.0,12.963,1.361,5.0,1.1898528949013754,0.4310592507181537
wheat,IN,IN-08-0707,2008,350.115,111.333,3.9,0.047,21.46509,85.80853,8299.0,12.963,1.361,5.0,0.6945465835630966,-0.8434926936262807
wheat,IN,IN-08-0707,2009,350.115,111.333,3.9,0.047,21.46509,85.80853,8299.0,12.963,1.361,5.0,-1.1049621335791477,-1.2988741883862045
wheat,IN,IN-08-0707,2010,350.115,111.333,3.9,0.047,21.46509,85.80853,8299.0,12.963,1.361,5.0,-1.454110067289273,-0.2955777880740835
wheat,IN,IN-08-0707,2011,350.115,111.333,3.9,0.047,21.46509,85.80853,8299.0,12.963,1.361,5.0,-0.8941417594191572,0.2709255068425682
wheat,IN,IN-08-0707,2012,350.115,111.333,3.9,0.047,21.46509,85.80853,8299.0,12.963,1.361,5.0,-0.615388113582648,0.06317812665985327
wheat,IN,IN-08-0707,2013,350.115,111.333,3.9,0.047,21.46509,85.80853,8299.0,12.963,1.361,5.0,-0.06619059750985472,1.15431658235322
wheat,IN,IN-08-0707,2014,350.115,111.333,3.9,0.047,21.46509,85.80853,8299.0,12.963,1.361,5.0,-0.08147946720750127,1.2490288519720965
wheat,IN,IN-08-0707,2015,350.115,111.333,3.9,0.047,21.46509,85.80853,8299.0,12.963,1.361,5.0,-0.5375967151227774,0.7140891171609378
wheat,IN,IN-08-0707,2016,350.115,111.333,3.9,0.047,21.46509,85.80853,8299.0,12.963,1.361,5.0,-0.4813936459770597,1.9888876022803093
wheat,IN,IN-08-0707,2017,350.115,111.333,3.9,0.047,21.46509,85.80853,8299.0,12.963,1.361,5.0,0.04702548674448253,1.2853647273726108
wheat,IN,IN-08-0708,2003,340.211,113.818,1.0,0.012,18.89137,82.79857,8390.0,12.913,1.386,4.0,0.26465306020772567,-1.6463296709458701
wheat,IN,IN-08-0708,2004,340.211,113.818,1.0,0.012,18.89137,82.79857,8390.0,12.913,1.386,4.0,-0.36708422912274796,0.6392989219102352
wheat,IN,IN-08-0708,2005,340.211,113.818,1.0,0.012,18.89137,82.79857,8390.0,12.913,1.386,4.0,-1.2156946264870152,-0.6903697960350949
wheat,IN,IN-08-0708,2006,340.211,113.818,1.0,0.012,18.89137,82.79857,8390.0,12.913,1.386,4.0,0.5425804511935491,0.46088078600217464
wheat,IN,IN-08-0708,2007,340.211,113.818,1.0,0.012,18.89137,82.79857,8390.0,12.913,1.386,4.0,1.4218677411852478,-0.3359779534821213
wheat,IN,IN-08-0708,2008,340.211,113.818,1.0,0.012,18.89137,82.79857,8390.0,12.913,1.386,4.0,0.35578164817198277,-0.25705642406854623
wheat,IN,IN-08-0708,2009,340.211,113.818,1.0,0.012,18.89137,82.79857,8390.0,12.913,1.386,4.0,-2.039390111705517,-1.55312732441763
wheat,IN,IN-08-0708,2010,340.211,113.818,1.0,0.012,18.89137,82.79857,8390.0,12.913,1.386,4.0,0.5999539776362944,0.4548327135985116
wheat,IN,IN-08-0708,2011,340.211,113.818,1.0,0.012,18.89137,82.79857,8390.0,12.913,1.386,4.0,-0.6399963724956778,0.924514644023148
wheat,IN,IN-08-0708,2012,340.211,113.818,1.0,0.012,18.89137,82.79857,8390.0,12.913,1.386,4.0,0.15576339816349125,-0.10143874572839999
wheat,IN,IN-08-0708,2013,340.211,113.818,1.0,0.012,18.89137,82.79857,8390.0,12.913,1.386,4.0,1.6048595454458803,1.3197070673223306
wheat,IN,IN-08-0708,2014,340.211,113.818,1.0,0.012,18.89137,82.79857,8390.0,12.913,1.386,4.0,0.938809316550617,0.7664596441972505
wheat,IN,IN-08-0708,2015,340.211,113.818,1.0,0.012,18.89137,82.79857,8390.0,12.913,1.386,4.0,-0.07404182729543661,1.0213354954082812
wheat,IN,IN-08-0708,2016,340.211,113.818,1.0,0.012,18.89137,82.79857,8390.0,12.913,1.386,4.0,-1.1353001966905782,0.6411949446082071
wheat,IN,IN-08-0708,2017,340.211,113.818,1.0,0.012,18.89137,82.79857,8390.0,12.913,1.386,4.0,-0.41276177475779624,0.8948429041966298
wheat,IN,IN-08-0709,2003,349.906,108.702,6.4,0.062,21.81557,86.23064,10403.0,11.824,1.43,5.0,1.8215312137157196,-0.6681698435663875
wheat,IN,IN-08-0709,2004,349.906,108.702,6.4,0.062,21.81557,86.23064,10403.0,11.824,1.43,5.0,1.2482188829264316,-0.29838969500101453
wheat,IN,IN-08-0709,2005,349.906,108.702,6.4,0.062,21.81557,86.23064,10403.0,11.824,1.43,5.0,-0.2711226019170953,-0.9182542491565033
wheat,IN,IN-08-0709,2006,349.906,108.702,6.4,0.062,21.81557,86.23064,10403.0,11.824,1.43,5.0,0.3319896235401984,-0.8657419965493741
wheat,IN,IN-08-0709,2007,349.906,108.702,6.4,0.062,21.81557,86.23064,10403.0,11.824,1.43,5.0,1.247192898090377,-0.10171992069477964
wheat,IN,IN-08-0709,2008,349.906,108.702,6.4,0.062,21.81557,86.23064,10403.0,11.824,1.43,5.0,0.5325120488519883,-0.7572858350488992
wheat,IN,IN-08-0709,2009,349.906,108.702,6.4,0.062,21.81557,86.23064,10403.0,11.824,1.43,5.0,-1.20233417886547,-1.4145756079430498
wheat,IN,IN-08-0709,2010,349.906,108.702,6.4,0.062,21.81557,86.23064,10403.0,11.824,1.43,5.0,-1.8481672438163963,-0.11401178158891902
wheat,IN,IN-08-0709,2011,349.906,108.702,6.4,0.062,21.81557,86.23064,10403.0,11.824,1.43,5.0,-0.9908092021078403,0.04139245971555982
wheat,IN,IN-08-0709,2012,349.906,108.702,6.4,0.062,21.81557,86.23064,10403.0,11.824,1.43,5.0,-0.9068612325340193,0.5549983556181654
wheat,IN,IN-08-0709,2013,349.906,108.702,6.4,0.062,21.81557,86.23064,10403.0,11.824,1.43,5.0,0.3572680320031724,1.7527447515898307
wheat,IN,IN-08-0709,2014,349.906,108.702,6.4,0.062,21.81557,86.23064,10403.0,11.824,1.43,5.0,0.12632097873164747,0.948107431838869
wheat,IN,IN-08-0709,2015,349.906,108.702,6.4,0.062,21.81557,86.23064,10403.0,11.824,1.43,5.0,-0.14346613823595175,0.7393731460981228
wheat,IN,IN-08-0709,2016,349.906,108.702,6.4,0.062,21.81557,86.23064,10403.0,11.824,1.43,5.0,-0.4872136069162154,1.4419579267180307
wheat,IN,IN-08-0709,2017,349.906,108.702,6.4,0.062,21.81557,86.23064,10403.0,11.824,1.43,5.0,0.18494052653350854,1.5416250567211114
wheat,IN,IN-08-0710,2003,346.887,116.205,0.6,0.007,20.08284,83.97491,8033.0,13.112,1.346,4.0,2.0991349997975566,-1.6623123639537907
wheat,IN,IN-08-0710,2004,346.887,116.205,0.6,0.007,20.08284,83.97491,8033.0,13.112,1.346,4.0,0.3488838736728497,0.434550009262384
wheat,IN,IN-08-0710,2005,346.887,116.205,0.6,0.007,20.08284,83.97491,8033.0,13.112,1.346,4.0,-0.8753251258393916,-0.4091843090532169
wheat,IN,IN-08-0710,2006,346.887,116.205,0.6,0.007,20.08284,83.97491,8033.0,13.112,1.346,4.0,0.496492758967976,0.11719338127568192
wheat,IN,IN-08-0710,2007,346.887,116.205,0.6,0.007,20.08284,83.97491,8033.0,13.112,1.346,4.0,0.8358346123163454,-0.1556335116191007
wheat,IN,IN-08-0710,2008,346.887,116.205,0.6,0.007,20.08284,83.97491,8033.0,13.112,1.346,4.0,0.6849643190594187,-0.13638339472374142
wheat,IN,IN-08-0710,2009,346.887,116.205,0.6,0.007,20.08284,83.97491,8033.0,13.112,1.346,4.0,-1.5175189387298837,-1.9325673788827964
wheat,IN,IN-08-0710,2010,346.887,116.205,0.6,0.007,20.08284,83.97491,8033.0,13.112,1.346,4.0,-0.2619195077883415,0.4356386348563659
wheat,IN,IN-08-0710,2011,346.887,116.205,0.6,0.007,20.08284,83.97491,8033.0,13.112,1.346,4.0,-1.142794069667142,1.0516027891225432
wheat,IN,IN-08-0710,2012,346.887,116.205,0.6,0.007,20.08284,83.97491,8033.0,13.112,1.346,4.0,-0.09465057401803194,-0.6738615359229199
wheat,IN,IN-08-0710,2013,346.887,116.205,0.6,0.007,20.08284,83.97491,8033.0,13.112,1.346,4.0,0.8031530533865885,1.2736691343724653
wheat,IN,IN-08-0710,2014,346.887,116.205,0.6,0.007,20.08284,83.97491,8033.0,13.112,1.346,4.0,1.0009624692994212,0.730309789953978
wheat,IN,IN-08-0710,2015,346.887,116.205,0.6,0.007,20.08284,83.97491,8033.0,13.112,1.346,4.0,-0.610233254218413,1.6847589056357946
wheat,IN,IN-08-0710,2016,346.887,116.205,0.6,0.007,20.08284,83.97491,8033.0,13.112,1.346,4.0,-0.7727395797491117,0.2217731886209508
wheat,IN,IN-08-0710,2017,346.887,116.205,0.6,0.007,20.08284,83.97491,8033.0,13.112,1.346,4.0,-0.9942450364898482,0.7494597038117078
wheat,IN,IN-08-0711,2003,347.997,94.02,9.3,0.269,19.92639,85.64238,3471.0,10.864,1.451,4.0,1.578490207500494,-1.3983765299551985
wheat,IN,IN-08-0711,2004,347.997,94.02,9.3,0.269,19.92639,85.64238,3471.0,10.864,1.451,4.0,0.6078640729928898,-0.6727345338356884
wheat,IN,IN-08-0711,2005,347.997,94.02,9.3,0.269,19.92639,85.64238,3471.0,10.864,1.451,4.0,-0.6658574873983321,-0.31798282526750554
wheat,IN,IN-08-0711,2006,347.997,94.02,9.3,0.269,19.92639,85.64238,3471.0,10.864,1.451,4.0,0.7187085428981714,-0.35378472809146794
wheat,IN,IN-08-0711,2007,347.997,94.02,9.3,0.269,19.92639,85.64238,3471.0,10.864,1.451,4.0,0.8513612739579125,-0.17537023804190768
wheat,IN,IN-08-0711,2008,347.997,94.02,9.3,0.269,19.92639,85.64238,3471.0,10.864,1.451,4.0,1.2790539178948663,0.24936248325534618
wheat,IN,IN-08-0711,2009,347.997,94.02,9.3,0.269,19.92639,85.64238,3471.0,10.864,1.451,4.0,-0.3272492848723036,-0.23055459569739448
wheat,IN,IN-08-0711,2010,347.997,94.02,9.3,0.269,19.92639,85.64238,3471.0,10.864,1.451,4.0,-0.41822608117762605,0.3549435846379898
wheat,IN,IN-08-0711,2011,347.997,94.02,9.3,0.269,19.92639,85.64238,3471.0,10.864,1.451,4.0,-1.3126011260066726,0.02203092915820002
wheat,IN,IN-08-0711,2012,347.997,94.02,9.3,0.269,19.92639,85.64238,3471.0,10.864,1.451,4.0,-0.8972716652099549,0.29067922564594434
wheat,IN,IN-08-0711,2013,347.997,94.02,9.3,0.269,19.92639,85.64238,3471.0,10.864,1.451,4.0,0.08251406285795684,1.2705821119214977
wheat,IN,IN-08-0711,2014,347.997,94.02,9.3,0.269,19.92639,85.64238,3471.0,10.864,1.451,4.0,-0.8803608383305087,0.39414143652508576
wheat,IN,IN-08-0711,2015,347.997,94.02,9.3,0.269,19.92639,85.64238,3471.0,10.864,1.451,4.0,-1.7918553313646828,1.1660535714354692
wheat,IN,IN-08-0711,2016,347.997,94.02,9.3,0.269,19.92639,85.64238,3471.0,10.864,1.451,4.0,0.18476531611977642,0.23314469652258932
wheat,IN,IN-08-0711,2017,347.997,94.02,9.3,0.269,19.92639,85.64238,3471.0,10.864,1.451,4.0,0.9906644201380373,2.209287526163013
wheat,IN,IN-08-0712,2003,345.762,109.45,3.4,0.05,21.57888,84.2326,6658.0,11.497,1.504,4.0,2.190069159991525,-0.7473935885963392
wheat,IN,IN-08-0712,2004,345.762,109.45,3.4,0.05,21.57888,84.2326,6658.0,11.497,1.504,4.0,0.9482605650519023,0.5303030747256429
wheat,IN,IN-08-0712,2005,345.762,109.45,3.4,0.05,21.57888,84.2326,6658.0,11.497,1.504,4.0,0.015759091891013502,-0.33958125168481745
wheat,IN,IN-08-0712,2006,345.762,109.45,3.4,0.05,21.57888,84.2326,6658.0,11.497,1.504,4.0,0.27058383344269515,0.38207634091480197
wheat,IN,IN-08-0712,2007,345.762,109.45,3.4,0.05,21.57888,84.2326,6658.0,11.497,1.504,4.0,0.6638022438752321,-0.005008355171137018
wheat,IN,IN-08-0712,2008,345.762,109.45,3.4,0.05,21.57888,84.2326,6658.0,11.497,1.504,4.0,0.8285029892422956,-0.4771854714884097
wheat,IN,IN-08-0712,2009,345.762,109.45,3.4,0.05,21.57888,84.2326,6658.0,11.497,1.504,4.0,-1.0153406312866198,-0.9539533213531658
wheat,IN,IN-08-0712,2010,345.762,109.45,3.4,0.05,21.57888,84.2326,6658.0,11.497,1.504,4.0,-1.5970038698922524,-0.486166701327935
wheat,IN,IN-08-0712,2011,345.762,109.45,3.4,0.05,21.57888,84.2326,6658.0,11.497,1.504,4.0,-0.2375338458391471,-0.8834307717445767
wheat,IN,IN-08-0712,2012,345.762,109.45,3.4,0.05,21.57888,84.2326,6658.0,11.497,1.504,4.0,0.1434705178223298,0.17296882063858815
wheat,IN,IN-08-0712,2013,345.762,109.45,3.4,0.05,21.57888,84.2326,6658.0,11.497,1.504,4.0,0.6053053150529606,1.7643115912082317
wheat,IN,IN-08-0712,2014,345.762,109.45,3.4,0.05,21.57888,84.2326,6658.0,11.497,1.504,4.0,0.20272155343193551,1.4672522611013106
wheat,IN,IN-08-0712,2015,345.762,109.45,3.4,0.05,21.57888,84.2326,6658.0,11.497,1.504,4.0,-1.004085680860764,1.2437653990404545
wheat,IN,IN-08-0712,2016,345.762,109.45,3.4,0.05,21.57888,84.2326,6658.0,11.497,1.504,4.0,-0.9880991770498796,0.6529197345533798
wheat,IN,IN-08-0712,2017,345.762,109.45,3.4,0.05,21.57888,84.2326,6658.0,11.497,1.504,4.0,-1.0264120648732213,0.7775840747497214
wheat,IN,IN-08-0713,2003,344.309,110.285,1.5,0.015,22.33215,84.6877,9733.0,10.835,1.565,4.0,1.8160276211576598,-0.4007667856114296
wheat,IN,IN-08-0713,2004,344.309,110.285,1.5,0.015,22.33215,84.6877,9733.0,10.835,1.565,4.0,1.0212904684061583,0.1318361115172747
wheat,IN,IN-08-0713,2005,344.309,110.285,1.5,0.015,22.33215,84.6877,9733.0,10.835,1.565,4.0,-0.01135775657189218,-0.6877573813786819
wheat,IN,IN-08-0713,2006,344.309,110.285,1.5,0.015,22.33215,84.6877,9733.0,10.835,1.565,4.0,0.2910484874149538,-0.45716757375502187
wheat,IN,IN-08-0713,2007,344.309,110.285,1.5,0.015,22.33215,84.6877,9733.0,10.835,1.565,4.0,0.9691459832958251,0.3759190677826422
wheat,IN,IN-08-0713,2008,344.309,110.285,1.5,0.015,22.33215,84.6877,9733.0,10.835,1.565,4.0,0.3552229338821001,-0.8133830778198249
wheat,IN,IN-08-0713,2009,344.309,110.285,1.5,0.015,22.33215,84.6877,9733.0,10.835,1.565,4.0,-1.4490571212652408,-0.5541494167824246
wheat,IN,IN-08-0713,2010,344.309,110.285,1.5,0.015,22.33215,84.6877,9733.0,10.835,1.565,4.0,-2.0759160432510044,-0.8284727623670181
wheat,IN,IN-08-0713,2011,344.309,110.285,1.5,0.015,22.33215,84.6877,9733.0,10.835,1.565,4.0,-0.05285936899046778,-0.28679019290458346
wheat,IN,IN-08-0713,2012,344.309,110.285,1.5,0.015,22.33215,84.6877,9733.0,10.835,1.565,4.0,-0.06615578397547374,0.8794929966075091
wheat,IN,IN-08-0713,2013,344.309,110.285,1.5,0.015,22.33215,84.6877,9733.0,10.835,1.565,4.0,0.9479757975166414,2.48389852464946
wheat,IN,IN-08-0713,2014,344.309,110.285,1.5,0.015,22.33215,84.6877,9733.0,10.835,1.565,4.0,-0.0337729124236275,1.4564822444760137
wheat,IN,IN-08-0713,2015,344.309,110.285,1.5,0.015,22.33215,84.6877,9733.0,10.835,1.565,4.0,-0.9163027038544789,-0.06870714541602174
wheat,IN,IN-08-0713,2016,344.309,110.285,1.5,0.015,22.33215,84.6877,9733.0,10.835,1.565,4.0,-0.5331570983367813,0.7010370725142241
wheat,IN,IN-08-0713,2017,344.309,110.285,1.5,0.015,22.33215,84.6877,9733.0,10.835,1.565,4.0,-0.2621325030043768,0.5632414222639412
wheat,IN,IN-08-0714,2003,352.375,104.188,0.1,0.003,20.99375,86.41875,2504.0,10.068,1.432,4.0,2.3001323427689004,-0.39184405562938407
wheat,IN,IN-08-0714,2004,352.375,104.188,0.1,0.003,20.99375,86.41875,2504.0,10.068,1.432,4.0,0.8767383019059378,-0.5480443483249219
wheat,IN,IN-08-0714,2005,352.375,104.188,0.1,0.003,20.99375,86.41875,2504.0,10.068,1.432,4.0,-0.26724428617969614,-0.09189037836529589
wheat,IN,IN-08-0714,2006,352.375,104.188,0.1,0.003,20.99375,86.41875,2504.0,10.068,1.432,4.0,0.41276197578366247,-0.9093775838367527
wheat,IN,IN-08-0714,2007,352.375,104.188,0.1,0.003,20.99375,86.41875,2504.0,10.068,1.432,4.0,0.911066839408705,-0.8617440387986112
wheat,IN,IN-08-0714,2008,352.375,104.188,0.1,0.003,20.99375,86.41875,2504.0,10.068,1.432,4.0,1.1553433176678956,0.1357229457544387
wheat,IN,IN-08-0714,2009,352.375,104.188,0.1,0.003,20.99375,86.41875,2504.0,10.068,1.432,4.0,-1.0116567662079174,-0.9049837258639014
wheat,IN,IN-08-0714,2010,352.375,104.188,0.1,0.003,20.99375,86.41875,2504.0,10.068,1.432,4.0,-1.1396077724547855,-0.030712378079467605
wheat,IN,IN-08-0714,2011,352.375,104.188,0.1,0.003,20.99375,86.41875,2504.0,10.068,1.432,4.0,-0.9266758287876328,0.023609749788272842
wheat,IN,IN-08-0714,2012,352.375,104.188,0.1,0.003,20.99375,86.41875,2504.0,10.068,1.432,4.0,-1.2367826831265012,-0.5676817494575186
wheat,IN,IN-08-0714,2013,352.375,104.188,0.1,0.003,20.99375,86.41875,2504.0,10.068,1.432,4.0,-0.17206713480518096,0.8507841428598821
wheat,IN,IN-08-0714,2014,352.375,104.188,0.1,0.003,20.99375,86.41875,2504.0,10.068,1.432,4.0,-0.42685004228800244,0.7494539464165507
wheat,IN,IN-08-0714,2015,352.375,104.188,0.1,0.003,20.99375,86.41875,2504.0,10.068,1.432,4.0,-0.7507273474925125,1.0748691598584306
wheat,IN,IN-08-0714,2016,352.375,104.188,0.1,0.003,20.99375,86.41875,2504.0,10.068,1.432,4.0,0.06642391306341049,2.706886683290012
wheat,IN,IN-08-0714,2017,352.375,104.188,0.1,0.003,20.99375,86.41875,2504.0,10.068,1.432,4.0,0.20914517074371958,0.8596574313869101
wheat,IN,IN-08-0716,2003,348.5,93.25,0.0,0.001,20.2,86.25,1733.0,12.508,1.406,4.0,1.884625700532543,-0.6811309891002777
wheat,IN,IN-08-0716,2004,348.5,93.25,0.0,0.001,20.2,86.25,1733.0,12.508,1.406,4.0,0.4465003104367314,-0.08907435787598811
wheat,IN,IN-08-0716,2005,348.5,93.25,0.0,0.001,20.2,86.25,1733.0,12.508,1.406,4.0,-0.432539719910084,-0.950145642092423
wheat,IN,IN-08-0716,2006,348.5,93.25,0.0,0.001,20.2,86.25,1733.0,12.508,1.406,4.0,0.9039758653497024,-0.1662100159163241
wheat,IN,IN-08-0716,2007,348.5,93.25,0.0,0.001,20.2,86.25,1733.0,12.508,1.406,4.0,1.02211610640291,-0.16872303282985449
wheat,IN,IN-08-0716,2008,348.5,93.25,0.0,0.001,20.2,86.25,1733.0,12.508,1.406,4.0,1.1626820994906724,0.47644497735772334
wheat,IN,IN-08-0716,2009,348.5,93.25,0.0,0.001,20.2,86.25,1733.0,12.508,1.406,4.0,-0.47522065639738464,-0.6704245667244132
wheat,IN,IN-08-0716,2010,348.5,93.25,0.0,0.001,20.2,86.25,1733.0,12.508,1.406,4.0,-1.1925458047290696,-0.001607408080021143
wheat,IN,IN-08-0716,2011,348.5,93.25,0.0,0.001,20.2,86.25,1733.0,12.508,1.406,4.0,-1.1438841000715676,0.17769634870044204
wheat,IN,IN-08-0716,2012,348.5,93.25,0.0,0.001,20.2,86.25,1733.0,12.508,1.406,4.0,-1.4046325358591856,-0.32748287634219514
wheat,IN,IN-08-0716,2013,348.5,93.25,0.0,0.001,20.2,86.25,1733.0,12.508,1.406,4.0,0.03379082132944286,0.46190339686359383
wheat,IN,IN-08-0716,2014,348.5,93.25,0.0,0.001,20.2,86.25,1733.0,12.508,1.406,4.0,-0.3678912893520466,1.5613320485793694
wheat,IN,IN-08-0716,2015,348.5,93.25,0.0,0.001,20.2,86.25,1733.0,12.508,1.406,4.0,-1.1839605379124576,0.3519909861907567
wheat,IN,IN-08-0716,2016,348.5,93.25,0.0,0.001,20.2,86.25,1733.0,12.508,1.406,4.0,0.14843057446063582,1.5011338706961435
wheat,IN,IN-08-0716,2017,348.5,93.25,0.0,0.001,20.2,86.25,1733.0,12.508,1.406,4.0,0.5985531662291197,1.8170436013432671
wheat,IN,IN-08-0717,2003,351.266,101.226,0.6,0.02,20.89637,86.10766,2896.0,9.964,1.447,4.0,2.17802746989319,-0.8570422204680693
wheat,IN,IN-08-0717,2004,351.266,101.226,0.6,0.02,20.89637,86.10766,2896.0,9.964,1.447,4.0,0.7871338406468398,0.0873554322742837
wheat,IN,IN-08-0717,2005,351.266,101.226,0.6,0.02,20.89637,86.10766,2896.0,9.964,1.447,4.0,-0.48870906236788936,-0.8826003540154357
wheat,IN,IN-08-0717,2006,351.266,101.226,0.6,0.02,20.89637,86.10766,2896.0,9.964,1.447,4.0,0.45808863454014415,-0.573754256858121
wheat,IN,IN-08-0717,2007,351.266,101.226,0.6,0.02,20.89637,86.10766,2896.0,9.964,1.447,4.0,1.171881349601028,-0.7287368092359738
wheat,IN,IN-08-0717,2008,351.266,101.226,0.6,0.02,20.89637,86.10766,2896.0,9.964,1.447,4.0,1.1955196666774646,-0.5362302020585694
wheat,IN,IN-08-0717,2009,351.266,101.226,0.6,0.02,20.89637,86.10766,2896.0,9.964,1.447,4.0,-0.961459052087765,-1.75632148684309
wheat,IN,IN-08-0717,2010,351.266,101.226,0.6,0.02,20.89637,86.10766,2896.0,9.964,1.447,4.0,-1.2314089316989145,0.207847987040113
wheat,IN,IN-08-0717,2011,351.266,101.226,0.6,0.02,20.89637,86.10766,2896.0,9.964,1.447,4.0,-0.9550669167202499,0.10219347302901598
wheat,IN,IN-08-0717,2012,351.266,101.226,0.6,0.02,20.89637,86.10766,2896.0,9.964,1.447,4.0,-1.0669882250713218,1.1654134012587822
wheat,IN,IN-08-0717,2013,351.266,101.226,0.6,0.02,20.89637,86.10766,2896.0,9.964,1.447,4.0,-0.16239189080912608,1.6801563064049085
wheat,IN,IN-08-0717,2014,351.266,101.226,0.6,0.02,20.89637,86.10766,2896.0,9.964,1.447,4.0,-0.2011117892739172,0.9181913549796252
wheat,IN,IN-08-0717,2015,351.266,101.226,0.6,0.02,20.89637,86.10766,2896.0,9.964,1.447,4.0,-0.8847275965593361,0.3583908516331636
wheat,IN,IN-08-0717,2016,351.266,101.226,0.6,0.02,20.89637,86.10766,2896.0,9.964,1.447,4.0,-0.04473100171940646,1.1492105168734186
wheat,IN,IN-08-0717,2017,351.266,101.226,0.6,0.02,20.89637,86.10766,2896.0,9.964,1.447,4.0,0.20594350494924035,1.3739480280820433
wheat,IN,IN-08-0718,2003,356.0,106.0,0.0,0.0,20.8,86.5,2531.0,9.816,1.434,4.0,2.1053644647790497,-0.6926405504607483
wheat,IN,IN-08-0718,2004,356.0,106.0,0.0,0.0,20.8,86.5,2531.0,9.816,1.434,4.0,0.9734147928265189,-0.03924330596749842
wheat,IN,IN-08-0718,2005,356.0,106.0,0.0,0.0,20.8,86.5,2531.0,9.816,1.434,4.0,-0.09195142419506723,-1.6417252897025996
wheat,IN,IN-08-0718,2006,356.0,106.0,0.0,0.0,20.8,86.5,2531.0,9.816,1.434,4.0,0.6007600202139279,-0.2534364424073366
wheat,IN,IN-08-0718,2007,356.0,106.0,0.0,0.0,20.8,86.5,2531.0,9.816,1.434,4.0,0.8443203898624485,-1.1554529929227082
wheat,IN,IN-08-0718,2008,356.0,106.0,0.0,0.0,20.8,86.5,2531.0,9.816,1.434,4.0,1.0132047444987295,0.40187472677049374
wheat,IN,IN-08-0718,2009,356.0,106.0,0.0,0.0,20.8,86.5,2531.0,9.816,1.434,4.0,-1.0674496777390883,-1.4298760175504015
wheat,IN,IN-08-0718,2010,356.0,106.0,0.0,0.0,20.8,86.5,2531.0,9.816,1.434,4.0,-1.2633494203218456,-0.24502257060554752
wheat,IN,IN-08-0718,2011,356.0,106.0,0.0,0.0,20.8,86.5,2531.0,9.816,1.434,4.0,-0.8664127251646947,-0.8355711976936449
wheat,IN,IN-08-0718,2012,356.0,106.0,0.0,0.0,20.8,86.5,2531.0,9.816,1.434,4.0,-1.5374795772403027,1.027001866337709
wheat,IN,IN-08-0718,2013,356.0,106.0,0.0,0.0,20.8,86.5,2531.0,9.816,1.434,4.0,-0.12583330058892628,0.7688489815100807
wheat,IN,IN-08-0718,2014,356.0,106.0,0.0,0.0,20.8,86.5,2531.0,9.816,1.434,4.0,-0.3644946104503356,0.21838759940070274
wheat,IN,IN-08-0718,2015,356.0,106.0,0.0,0.0,20.8,86.5,2531.0,9.816,1.434,4.0,-0.6183686347482387,2.115669460639381
wheat,IN,IN-08-0718,2016,356.0,106.0,0.0,0.0,20.8,86.5,2531.0,9.816,1.434,4.0,0.039953533754177185,0.9120677123970636
wheat,IN,IN-08-0718,2017,356.0,106.0,0.0,0.0,20.8,86.5,2531.0,9.816,1.434,4.0,0.3583214245136431,1.0404707125026313
wheat,IN,IN-08-0719,2003,348.522,109.776,4.2,0.066,20.93584,84.78867,6376.0,13.025,1.457,4.0,2.2879763826579738,-1.2947928999110456
wheat,IN,IN-08-0719,2004,348.522,109.776,4.2,0.066,20.93584,84.78867,6376.0,13.025,1.457,4.0,0.8494718466153954,-0.19221606007393863
wheat,IN,IN-08-0719,2005,348.522,109.776,4.2,0.066,20.93584,84.78867,6376.0,13.025,1.457,4.0,-0.5038477818424332,-0.7860298190551763
wheat,IN,IN-08-0719,2006,348.522,109.776,4.2,0.066,20.93584,84.78867,6376.0,13.025,1.457,4.0,0.32853918638834156,0.6190745548432007
wheat,IN,IN-08-0719,2007,348.522,109.776,4.2,0.066,20.93584,84.78867,6376.0,13.025,1.457,4.0,0.7401854751864433,-0.49757951475098433
wheat,IN,IN-08-0719,2008,348.522,109.776,4.2,0.066,20.93584,84.78867,6376.0,13.025,1.457,4.0,1.2235862965430038,-0.5404763612103571
wheat,IN,IN-08-0719,2009,348.522,109.776,4.2,0.066,20.93584,84.78867,6376.0,13.025,1.457,4.0,-1.0628779279720793,-1.14335056672871
wheat,IN,IN-08-0719,2010,348.522,109.776,4.2,0.066,20.93584,84.78867,6376.0,13.025,1.457,4.0,-1.0253700379451425,0.3746896794864483
wheat,IN,IN-08-0719,2011,348.522,109.776,4.2,0.066,20.93584,84.78867,6376.0,13.025,1.457,4.0,-0.7078296757656953,0.40207184902925236
wheat,IN,IN-08-0719,2012,348.522,109.776,4.2,0.066,20.93584,84.78867,6376.0,13.025,1.457,4.0,-0.15057122204118453,0.26005476923266685
wheat,IN,IN-08-0719,2013,348.522,109.776,4.2,0.066,20.93584,84.78867,6376.0,13.025,1.457,4.0,0.4140453176885508,1.3139810710758943
wheat,IN,IN-08-0719,2014,348.522,109.776,4.2,0.066,20.93584,84.78867,6376.0,13.025,1.457,4.0,0.3957733334690693,1.4252680559493434
wheat,IN,IN-08-0719,2015,348.522,109.776,4.2,0.066,20.93584,84.78867,6376.0,13.025,1.457,4.0,-1.0068170126488611,0.89295947028748
wheat,IN,IN-08-0719,2016,348.522,109.776,4.2,0.066,20.93584,84.78867,6376.0,13.025,1.457,4.0,-0.8598910746516385,1.1155665919941284
wheat,IN,IN-08-0719,2017,348.522,109.776,4.2,0.066,20.93584,84.78867,6376.0,13.025,1.457,4.0,-0.9223731056817147,0.8602072466711681
wheat,IN,IN-08-0721,2003,340.29,104.333,9.9,0.257,20.263,82.62529,3846.0,12.832,1.45,5.0,2.053710111877868,-1.548112663561785
wheat,IN,IN-08-0721,2004,340.29,104.333,9.9,0.257,20.263,82.62529,3846.0,12.832,1.45,5.0,0.14185461485391965,0.4201506689220892
wheat,IN,IN-08-0721,2005,340.29,104.333,9.9,0.257,20.263,82.62529,3846.0,12.832,1.45,5.0,-0.5208206781694235,0.4065099179952335
wheat,IN,IN-08-0721,2006,340.29,104.333,9.9,0.257,20.263,82.62529,3846.0,12.832,1.45,5.0,0.2795900947056124,-0.0265739359349869
wheat,IN,IN-08-0721,2007,340.29,104.333,9.9,0.257,20.263,82.62529,3846.0,12.832,1.45,5.0,0.6952518503264318,-0.0022569668751027316
wheat,IN,IN-08-0721,2008,340.29,104.333,9.9,0.257,20.263,82.62529,3846.0,12.832,1.45,5.0,0.22324454292263685,-0.19901365408658508
wheat,IN,IN-08-0721,2009,340.29,104.333,9.9,0.257,20.263,82.62529,3846.0,12.832,1.45,5.0,-1.5593287341597124,-0.8513943462306282
wheat,IN,IN-08-0721,2010,340.29,104.333,9.9,0.257,20.263,82.62529,3846.0,12.832,1.45,5.0,-0.26210727332060474,0.20909001232157526
wheat,IN,IN-08-0721,2011,340.29,104.333,9.9,0.257,20.263,82.62529,3846.0,12.832,1.45,5.0,-0.6843963048610685,0.02183934003360401
wheat,IN,IN-08-0721,2012,340.29,104.333,9.9,0.257,20.263,82.62529,3846.0,12.832,1.45,5.0,0.6253489668053362,-0.302975346501339
wheat,IN,IN-08-0721,2013,340.29,104.333,9.9,0.257,20.263,82.62529,3846.0,12.832,1.45,5.0,1.4690092689486798,1.397737818680294
wheat,IN,IN-08-0721,2014,340.29,104.333,9.9,0.257,20.263,82.62529,3846.0,12.832,1.45,5.0,0.5224715998172323,1.0328810247119606
wheat,IN,IN-08-0721,2015,340.29,104.333,9.9,0.257,20.263,82.62529,3846.0,12.832,1.45,5.0,-0.9052519183284163,1.1834049038379097
wheat,IN,IN-08-0721,2016,340.29,104.333,9.9,0.257,20.263,82.62529,3846.0,12.832,1.45,5.0,-0.8056614468207703,0.9976413205687598
wheat,IN,IN-08-0721,2017,340.29,104.333,9.9,0.257,20.263,82.62529,3846.0,12.832,1.45,5.0,-1.2729146945977294,0.7881691718673646
wheat,IN,IN-08-0722,2003,340.564,108.797,0.3,0.005,18.28271,81.97143,5779.0,12.567,1.422,4.0,0.3733609856633765,-2.0854003357038655
wheat,IN,IN-08-0722,2004,340.564,108.797,0.3,0.005,18.28271,81.97143,5779.0,12.567,1.422,4.0,-0.6669254301408458,1.133014100125528
wheat,IN,IN-08-0722,2007,340.564,108.797,0.3,0.005,18.28271,81.97143,5779.0,12.567,1.422,4.0,1.1586081345793624,-0.06022616721976372
wheat,IN,IN-08-0722,2008,340.564,108.797,0.3,0.005,18.28271,81.97143,5779.0,12.567,1.422,4.0,0.3466899134386111,-0.11329862063209467
wheat,IN,IN-08-0722,2009,340.564,108.797,0.3,0.005,18.28271,81.97143,5779.0,12.567,1.422,4.0,-1.8699115764151817,-1.0777733898128454
wheat,IN,IN-08-0722,2010,340.564,108.797,0.3,0.005,18.28271,81.97143,5779.0,12.567,1.422,4.0,0.8693868438223707,0.5413217999085075
wheat,IN,IN-08-0722,2011,340.564,108.797,0.3,0.005,18.28271,81.97143,5779.0,12.567,1.422,4.0,-0.6858186225867122,0.43523055089519713
wheat,IN,IN-08-0722,2012,340.564,108.797,0.3,0.005,18.28271,81.97143,5779.0,12.567,1.422,4.0,-0.1960781299948496,-0.9639777519912432
wheat,IN,IN-08-0722,2013,340.564,108.797,0.3,0.005,18.28271,81.97143,5779.0,12.567,1.422,4.0,1.7394705384749138,1.1657401237121863
wheat,IN,IN-08-0722,2014,340.564,108.797,0.3,0.005,18.28271,81.97143,5779.0,12.567,1.422,4.0,0.3605582591567091,0.9861060321735257
wheat,IN,IN-08-0722,2015,340.564,108.797,0.3,0.005,18.28271,81.97143,5779.0,12.567,1.422,4.0,-0.6287024525855152,0.9746815396019569
wheat,IN,IN-08-0722,2016,340.564,108.797,0.3,0.005,18.28271,81.97143,5779.0,12.567,1.422,4.0,-0.800638463412211,-0.2963107812133349
wheat,IN,IN-08-0723,2003,338.804,106.161,4.7,0.086,19.72122,82.25835,5453.0,10.969,1.56,4.0,1.1424791731337864,-1.4539734390784578
wheat,IN,IN-08-0723,2004,338.804,106.161,4.7,0.086,19.72122,82.25835,5453.0,10.969,1.56,4.0,0.12119221293654982,0.3185759170520519
wheat,IN,IN-08-0723,2005,338.804,106.161,4.7,0.086,19.72122,82.25835,5453.0,10.969,1.56,4.0,-0.7826934952221898,0.388603126679959
wheat,IN,IN-08-0723,2006,338.804,106.161,4.7,0.086,19.72122,82.25835,5453.0,10.969,1.56,4.0,0.46822651894602674,-0.11303409613535272
wheat,IN,IN-08-0723,2007,338.804,106.161,4.7,0.086,19.72122,82.25835,5453.0,10.969,1.56,4.0,0.7730688551897191,-0.3324361481628755
wheat,IN,IN-08-0723,2008,338.804,106.161,4.7,0.086,19.72122,82.25835,5453.0,10.969,1.56,4.0,0.31466946029804005,0.2156529537889395
wheat,IN,IN-08-0723,2009,338.804,106.161,4.7,0.086,19.72122,82.25835,5453.0,10.969,1.56,4.0,-1.9993238990638935,-1.161871117261055
wheat,IN,IN-08-0723,2010,338.804,106.161,4.7,0.086,19.72122,82.25835,5453.0,10.969,1.56,4.0,0.06766226680508235,0.2329721422056244
wheat,IN,IN-08-0723,2011,338.804,106.161,4.7,0.086,19.72122,82.25835,5453.0,10.969,1.56,4.0,-0.7933367124477222,-0.3450811205546549
wheat,IN,IN-08-0723,2012,338.804,106.161,4.7,0.086,19.72122,82.25835,5453.0,10.969,1.56,4.0,0.5120773598832599,-0.4467383209630855
wheat,IN,IN-08-0723,2013,338.804,106.161,4.7,0.086,19.72122,82.25835,5453.0,10.969,1.56,4.0,1.7703242672409498,0.8044345730826098
wheat,IN,IN-08-0723,2014,338.804,106.161,4.7,0.086,19.72122,82.25835,5453.0,10.969,1.56,4.0,0.8878700477936156,0.7441949436169435
wheat,IN,IN-08-0723,2015,338.804,106.161,4.7,0.086,19.72122,82.25835,5453.0,10.969,1.56,4.0,-0.4657167740225261,0.9130216372428102
wheat,IN,IN-08-0723,2016,338.804,106.161,4.7,0.086,19.72122,82.25835,5453.0,10.969,1.56,4.0,-1.215237154465361,1.2130164077192946
wheat,IN,IN-08-0723,2017,338.804,106.161,4.7,0.086,19.72122,82.25835,5453.0,10.969,1.56,4.0,-0.8012621270053557,1.9703651687688257
wheat,IN,IN-08-0724,2003,341.274,114.049,6.1,0.083,19.37652,83.40297,7349.0,13.136,1.34,4.0,1.3710249821051934,-1.576083788806024
wheat,IN,IN-08-0724,2004,341.274,114.049,6.1,0.083,19.37652,83.40297,7349.0,13.136,1.34,4.0,-0.5272115815815789,0.5118749244780142
wheat,IN,IN-08-0724,2005,341.274,114.049,6.1,0.083,19.37652,83.40297,7349.0,13.136,1.34,4.0,-1.5329606772088884,-0.9627459167788349
wheat,IN,IN-08-0724,2006,341.274,114.049,6.1,0.083,19.37652,83.40297,7349.0,13.136,1.34,4.0,0.42056861810183016,0.8921855861387491
wheat,IN,IN-08-0724,2007,341.274,114.049,6.1,0.083,19.37652,83.40297,7349.0,13.136,1.34,4.0,1.2851402654402302,-0.616102771204165
wheat,IN,IN-08-0724,2008,341.274,114.049,6.1,0.083,19.37652,83.40297,7349.0,13.136,1.34,4.0,0.4626812919024895,0.26787974917087987
wheat,IN,IN-08-0724,2009,341.274,114.049,6.1,0.083,19.37652,83.40297,7349.0,13.136,1.34,4.0,-1.8775254854726524,-2.0020055993045207
wheat,IN,IN-08-0724,2010,341.274,114.049,6.1,0.083,19.37652,83.40297,7349.0,13.136,1.34,4.0,0.6241641743756714,0.6078730262382019
wheat,IN,IN-08-0724,2011,341.274,114.049,6.1,0.083,19.37652,83.40297,7349.0,13.136,1.34,4.0,-0.6885573780976768,0.7534067338609209
wheat,IN,IN-08-0724,2012,341.274,114.049,6.1,0.083,19.37652,83.40297,7349.0,13.136,1.34,4.0,0.25050496681511586,-0.06811360698977027
wheat,IN,IN-08-0724,2013,341.274,114.049,6.1,0.083,19.37652,83.40297,7349.0,13.136,1.34,4.0,0.9179695506379003,1.0619803259162897
wheat,IN,IN-08-0724,2014,341.274,114.049,6.1,0.083,19.37652,83.40297,7349.0,13.136,1.34,4.0,0.8776714989129166,0.7216512642237863
wheat,IN,IN-08-0724,2015,341.274,114.049,6.1,0.083,19.37652,83.40297,7349.0,13.136,1.34,4.0,0.0111155287306556,0.960329471496448
wheat,IN,IN-08-0724,2016,341.274,114.049,6.1,0.083,19.37652,83.40297,7349.0,13.136,1.34,4.0,-1.0358666863350734,0.14383674741730526
wheat,IN,IN-08-0724,2017,341.274,114.049,6.1,0.083,19.37652,83.40297,7349.0,13.136,1.34,4.0,-0.5587190683261115,0.7235207394524272
wheat,IN,IN-08-0725,2003,348.068,94.104,0.5,0.018,20.07511,85.51312,2880.0,11.456,1.446,4.0,1.950972283354158,-1.2002680499575207
wheat,IN,IN-08-0725,2004,348.068,94.104,0.5,0.018,20.07511,85.51312,2880.0,11.456,1.446,4.0,0.3765240826125629,0.3452693415202423
wheat,IN,IN-08-0725,2005,348.068,94.104,0.5,0.018,20.07511,85.51312,2880.0,11.456,1.446,4.0,-0.7500354631097504,-0.16021720315449556
wheat,IN,IN-08-0725,2006,348.068,94.104,0.5,0.018,20.07511,85.51312,2880.0,11.456,1.446,4.0,0.3572885125708347,-0.19296689584962415
wheat,IN,IN-08-0725,2007,348.068,94.104,0.5,0.018,20.07511,85.51312,2880.0,11.456,1.446,4.0,0.7238236307785376,-0.7589978399419226
wheat,IN,IN-08-0725,2008,348.068,94.104,0.5,0.018,20.07511,85.51312,2880.0,11.456,1.446,4.0,1.0557056743503126,0.6189939195059811
wheat,IN,IN-08-0725,2009,348.068,94.104,0.5,0.018,20.07511,85.51312,2880.0,11.456,1.446,4.0,-0.5499514586195126,-0.31170800114148434
wheat,IN,IN-08-0725,2010,348.068,94.104,0.5,0.018,20.07511,85.51312,2880.0,11.456,1.446,4.0,-0.5975597426789725,0.516332826207833
wheat,IN,IN-08-0725,2011,348.068,94.104,0.5,0.018,20.07511,85.51312,2880.0,11.456,1.446,4.0,-1.4509710927186268,1.0098399994989127
wheat,IN,IN-08-0725,2012,348.068,94.104,0.5,0.018,20.07511,85.51312,2880.0,11.456,1.446,4.0,-0.9677464600500998,0.7635509685465954
wheat,IN,IN-08-0725,2013,348.068,94.104,0.5,0.018,20.07511,85.51312,2880.0,11.456,1.446,4.0,-0.14804996648945606,1.9558725897608864
wheat,IN,IN-08-0726,2003,348.797,103.247,1.6,0.041,20.39273,85.02514,3899.0,11.077,1.399,4.0,2.296423273148702,-1.3253302561469753
wheat,IN,IN-08-0726,2004,348.797,103.247,1.6,0.041,20.39273,85.02514,3899.0,11.077,1.399,4.0,0.6482260208295556,-0.2364827554491161
wheat,IN,IN-08-0726,2005,348.797,103.247,1.6,0.041,20.39273,85.02514,3899.0,11.077,1.399,4.0,-0.7985367298839511,-0.4524455825578928
wheat,IN,IN-08-0726,2006,348.797,103.247,1.6,0.041,20.39273,85.02514,3899.0,11.077,1.399,4.0,0.32885090117674715,-0.6108784426846309
wheat,IN,IN-08-0726,2007,348.797,103.247,1.6,0.041,20.39273,85.02514,3899.0,11.077,1.399,4.0,0.6946791988077987,-0.6726034452728146
wheat,IN,IN-08-0726,2008,348.797,103.247,1.6,0.041,20.39273,85.02514,3899.0,11.077,1.399,4.0,1.3955505578351115,-0.3331520250833086
wheat,IN,IN-08-0726,2009,348.797,103.247,1.6,0.041,20.39273,85.02514,3899.0,11.077,1.399,4.0,-1.0298457357060435,-0.9615022777055598
wheat,IN,IN-08-0726,2010,348.797,103.247,1.6,0.041,20.39273,85.02514,3899.0,11.077,1.399,4.0,-0.43391365490722206,0.11474226655858567
wheat,IN,IN-08-0726,2011,348.797,103.247,1.6,0.041,20.39273,85.02514,3899.0,11.077,1.399,4.0,-1.2247767650386434,0.33210831230836163
wheat,IN,IN-08-0726,2012,348.797,103.247,1.6,0.041,20.39273,85.02514,3899.0,11.077,1.399,4.0,-0.6277087512177476,0.0016301052092769304
wheat,IN,IN-08-0726,2013,348.797,103.247,1.6,0.041,20.39273,85.02514,3899.0,11.077,1.399,4.0,0.37409688828376736,1.3796516705261568
wheat,IN,IN-08-0726,2014,348.797,103.247,1.6,0.041,20.39273,85.02514,3899.0,11.077,1.399,4.0,0.4754984903244918,1.2576433347605782
wheat,IN,IN-08-0726,2015,348.797,103.247,1.6,0.041,20.39273,85.02514,3899.0,11.077,1.399,4.0,-1.019199282096215,1.6708019344334968
wheat,IN,IN-08-0726,2016,348.797,103.247,1.6,0.041,20.39273,85.02514,3899.0,11.077,1.399,4.0,-0.5356440782836555,0.7970435586717209
wheat,IN,IN-08-0726,2017,348.797,103.247,1.6,0.041,20.39273,85.02514,3899.0,11.077,1.399,4.0,-0.5437003332726762,1.3221993659594673
wheat,IN,IN-08-0728,2003,346.771,112.515,3.5,0.112,20.74363,84.11786,3107.0,12.881,1.529,4.0,2.2646539473870915,-1.3663550555740347
wheat,IN,IN-08-0728,2004,346.771,112.515,3.5,0.112,20.74363,84.11786,3107.0,12.881,1.529,4.0,0.6925816318563076,0.3827394842252405
wheat,IN,IN-08-0728,2005,346.771,112.515,3.5,0.112,20.74363,84.11786,3107.0,12.881,1.529,4.0,-0.46076804993318315,-0.5773234593617719
wheat,IN,IN-08-0728,2006,346.771,112.515,3.5,0.112,20.74363,84.11786,3107.0,12.881,1.529,4.0,0.5148429517272985,0.3587983172805039
wheat,IN,IN-08-0728,2007,346.771,112.515,3.5,0.112,20.74363,84.11786,3107.0,12.881,1.529,4.0,0.5667842301469561,0.0028219586463871333
wheat,IN,IN-08-0728,2008,346.771,112.515,3.5,0.112,20.74363,84.11786,3107.0,12.881,1.529,4.0,0.7258596657985755,-0.2687122689551749
wheat,IN,IN-08-0728,2009,346.771,112.515,3.5,0.112,20.74363,84.11786,3107.0,12.881,1.529,4.0,-1.1579770552567503,-1.4727009539917102
wheat,IN,IN-08-0728,2010,346.771,112.515,3.5,0.112,20.74363,84.11786,3107.0,12.881,1.529,4.0,-0.746288430524522,0.390207026892954
wheat,IN,IN-08-0728,2011,346.771,112.515,3.5,0.112,20.74363,84.11786,3107.0,12.881,1.529,4.0,-0.6461947713962014,0.24891863013381318
wheat,IN,IN-08-0728,2012,346.771,112.515,3.5,0.112,20.74363,84.11786,3107.0,12.881,1.529,4.0,0.1660416040516214,0.21140455473745495
wheat,IN,IN-08-0728,2013,346.771,112.515,3.5,0.112,20.74363,84.11786,3107.0,12.881,1.529,4.0,0.6812297301798215,1.7534065290208574
wheat,IN,IN-08-0728,2014,346.771,112.515,3.5,0.112,20.74363,84.11786,3107.0,12.881,1.529,4.0,0.7078055974861506,1.238760036121639
wheat,IN,IN-08-0728,2015,346.771,112.515,3.5,0.112,20.74363,84.11786,3107.0,12.881,1.529,4.0,-1.0315300606814806,0.8920258941634098
wheat,IN,IN-08-0728,2016,346.771,112.515,3.5,0.112,20.74363,84.11786,3107.0,12.881,1.529,4.0,-0.913113627780566,0.3571884801928411
wheat,IN,IN-08-0728,2017,346.771,112.515,3.5,0.112,20.74363,84.11786,3107.0,12.881,1.529,4.0,-1.3639273630611435,0.8476934574416066
wheat,IN,IN-08-0729,2003,342.681,98.127,1.5,0.025,21.50579,83.27214,5841.0,11.942,1.509,4.0,2.099528604233004,-0.9051390040922619
wheat,IN,IN-08-0729,2004,342.681,98.127,1.5,0.025,21.50579,83.27214,5841.0,11.942,1.509,4.0,0.9159803312216809,0.08385821918957258
wheat,IN,IN-08-0729,2005,342.681,98.127,1.5,0.025,21.50579,83.27214,5841.0,11.942,1.509,4.0,-0.03127223907854671,-0.2737157327906332
wheat,IN,IN-08-0729,2006,342.681,98.127,1.5,0.025,21.50579,83.27214,5841.0,11.942,1.509,4.0,0.29884082332553424,-0.09333339413553668
wheat,IN,IN-08-0729,2007,342.681,98.127,1.5,0.025,21.50579,83.27214,5841.0,11.942,1.509,4.0,0.5723526451230699,0.9274731345987985
wheat,IN,IN-08-0729,2008,342.681,98.127,1.5,0.025,21.50579,83.27214,5841.0,11.942,1.509,4.0,0.6848719221115468,0.301707510087913
wheat,IN,IN-08-0729,2009,342.681,98.127,1.5,0.025,21.50579,83.27214,5841.0,11.942,1.509,4.0,-1.3339689458080477,-0.5632634207355779
wheat,IN,IN-08-0729,2010,342.681,98.127,1.5,0.025,21.50579,83.27214,5841.0,11.942,1.509,4.0,-1.1116957148674185,0.9617458778804808
wheat,IN,IN-08-0729,2011,342.681,98.127,1.5,0.025,21.50579,83.27214,5841.0,11.942,1.509,4.0,-0.32160440505377347,-0.014133591790870747
wheat,IN,IN-08-0729,2012,342.681,98.127,1.5,0.025,21.50579,83.27214,5841.0,11.942,1.509,4.0,0.32386271727748067,-0.1443719092600801
wheat,IN,IN-08-0729,2013,342.681,98.127,1.5,0.025,21.50579,83.27214,5841.0,11.942,1.509,4.0,0.8079669128321997,2.159233602824354
wheat,IN,IN-08-0729,2014,342.681,98.127,1.5,0.025,21.50579,83.27214,5841.0,11.942,1.509,4.0,0.42666186129094863,0.563705020115205
wheat,IN,IN-08-0729,2015,342.681,98.127,1.5,0.025,21.50579,83.27214,5841.0,11.942,1.509,4.0,-1.236149634748972,0.23882929406279566
wheat,IN,IN-08-0729,2016,342.681,98.127,1.5,0.025,21.50579,83.27214,5841.0,11.942,1.509,4.0,-0.8425447040912737,1.091460916395577
wheat,IN,IN-08-0729,2017,342.681,98.127,1.5,0.025,21.50579,83.27214,5841.0,11.942,1.509,4.0,-1.2528301737674299,-0.9476990256938086
wheat,IN,IN-08-0730,2003,347.098,110.235,1.0,0.033,21.52023,84.74465,2957.0,12.657,1.398,4.0,2.264640159691845,-1.2582647877715323
wheat,IN,IN-08-0730,2004,347.098,110.235,1.0,0.033,21.52023,84.74465,2957.0,12.657,1.398,4.0,0.9454733102864674,0.8295153981103606
wheat,IN,IN-08-0730,2005,347.098,110.235,1.0,0.033,21.52023,84.74465,2957.0,12.657,1.398,4.0,-0.1929831057071973,-0.5769074643649842
wheat,IN,IN-08-0730,2006,347.098,110.235,1.0,0.033,21.52023,84.74465,2957.0,12.657,1.398,4.0,0.07463154863998403,0.7647243960698483
wheat,IN,IN-08-0730,2007,347.098,110.235,1.0,0.033,21.52023,84.74465,2957.0,12.657,1.398,4.0,0.881397704331521,0.4551673863207389
wheat,IN,IN-08-0730,2008,347.098,110.235,1.0,0.033,21.52023,84.74465,2957.0,12.657,1.398,4.0,0.9835898498530218,-0.22424994676497606
wheat,IN,IN-08-0730,2009,347.098,110.235,1.0,0.033,21.52023,84.74465,2957.0,12.657,1.398,4.0,-1.0233751330811862,-1.5858767839614993
wheat,IN,IN-08-0730,2010,347.098,110.235,1.0,0.033,21.52023,84.74465,2957.0,12.657,1.398,4.0,-1.6300941610175361,0.0469290644936855
wheat,IN,IN-08-0730,2011,347.098,110.235,1.0,0.033,21.52023,84.74465,2957.0,12.657,1.398,4.0,-0.21651716176045757,-0.8172512290771672
wheat,IN,IN-08-0730,2012,347.098,110.235,1.0,0.033,21.52023,84.74465,2957.0,12.657,1.398,4.0,-0.08159072523551976,-0.24224485028985213
wheat,IN,IN-08-0730,2013,347.098,110.235,1.0,0.033,21.52023,84.74465,2957.0,12.657,1.398,4.0,0.44710955321092233,2.1602131926164185
wheat,IN,IN-08-0730,2014,347.098,110.235,1.0,0.033,21.52023,84.74465,2957.0,12.657,1.398,4.0,0.11125653307904988,1.4097164348382905
wheat,IN,IN-08-0730,2015,347.098,110.235,1.0,0.033,21.52023,84.74465,2957.0,12.657,1.398,4.0,-0.8866326312714218,0.7723908638437624
wheat,IN,IN-08-0730,2016,347.098,110.235,1.0,0.033,21.52023,84.74465,2957.0,12.657,1.398,4.0,-0.9565899208051493,-0.1552517367997484
wheat,IN,IN-08-0730,2017,347.098,110.235,1.0,0.033,21.52023,84.74465,2957.0,12.657,1.398,4.0,-0.7203158202143436,0.11350055016354393
wheat,IN,IN-08-0731,2003,344.231,105.825,0.8,0.037,21.86213,83.84112,2076.0,10.736,1.574,4.0,1.8791717621347397,-0.30772689908850054
wheat,IN,IN-08-0731,2004,344.231,105.825,0.8,0.037,21.86213,83.84112,2076.0,10.736,1.574,4.0,0.9246737316928305,-0.11423817901238761
wheat,IN,IN-08-0731,2005,344.231,105.825,0.8,0.037,21.86213,83.84112,2076.0,10.736,1.574,4.0,0.05294626129105348,-0.6675845960844301
wheat,IN,IN-08-0731,2006,344.231,105.825,0.8,0.037,21.86213,83.84112,2076.0,10.736,1.574,4.0,0.3665802617469866,0.045386353265396966
wheat,IN,IN-08-0731,2007,344.231,105.825,0.8,0.037,21.86213,83.84112,2076.0,10.736,1.574,4.0,0.7371355969071298,1.3046265220686895
wheat,IN,IN-08-0731,2008,344.231,105.825,0.8,0.037,21.86213,83.84112,2076.0,10.736,1.574,4.0,0.8236919163984583,-0.16026274797320947
wheat,IN,IN-08-0731,2009,344.231,105.825,0.8,0.037,21.86213,83.84112,2076.0,10.736,1.574,4.0,-1.2432671732327967,-1.2293136840780727
wheat,IN,IN-08-0731,2010,344.231,105.825,0.8,0.037,21.86213,83.84112,2076.0,10.736,1.574,4.0,-1.707625168478334,-1.1677871694614146
wheat,IN,IN-08-0731,2011,344.231,105.825,0.8,0.037,21.86213,83.84112,2076.0,10.736,1.574,4.0,-0.12801457840283226,-0.31340761421645796
wheat,IN,IN-08-0731,2012,344.231,105.825,0.8,0.037,21.86213,83.84112,2076.0,10.736,1.574,4.0,0.27581028403167474,-0.028564964404441635
wheat,IN,IN-08-0731,2013,344.231,105.825,0.8,0.037,21.86213,83.84112,2076.0,10.736,1.574,4.0,0.7836168672396157,1.477189862148611
wheat,IN,IN-08-0731,2014,344.231,105.825,0.8,0.037,21.86213,83.84112,2076.0,10.736,1.574,4.0,0.23749700332595125,0.8715297644743298
wheat,IN,IN-08-0731,2015,344.231,105.825,0.8,0.037,21.86213,83.84112,2076.0,10.736,1.574,4.0,-1.1218532139835755,0.4386275114118246
wheat,IN,IN-08-0731,2016,344.231,105.825,0.8,0.037,21.86213,83.84112,2076.0,10.736,1.574,4.0,-0.8976617761875191,1.6480080643455075
wheat,IN,IN-08-0731,2017,344.231,105.825,0.8,0.037,21.86213,83.84112,2076.0,10.736,1.574,4.0,-0.9827017744833939,0.7965860877703479
wheat,IN,IN-08-0732,2003,345.489,108.101,1.0,0.041,20.91429,83.82389,2366.0,12.508,1.529,4.0,2.232166478633742,-0.7818241047283646
wheat,IN,IN-08-0732,2004,345.489,108.101,1.0,0.041,20.91429,83.82389,2366.0,12.508,1.529,4.0,0.6632267869892036,0.40448975112869034
wheat,IN,IN-08-0732,2005,345.489,108.101,1.0,0.041,20.91429,83.82389,2366.0,12.508,1.529,4.0,-0.34725639054795043,0.27579297571490285
wheat,IN,IN-08-0732,2006,345.489,108.101,1.0,0.041,20.91429,83.82389,2366.0,12.508,1.529,4.0,0.5305217538088165,0.431030331272392
wheat,IN,IN-08-0732,2007,345.489,108.101,1.0,0.041,20.91429,83.82389,2366.0,12.508,1.529,4.0,0.656135722872202,-0.4583551666634967
wheat,IN,IN-08-0732,2008,345.489,108.101,1.0,0.041,20.91429,83.82389,2366.0,12.508,1.529,4.0,0.6684345509597176,-0.559375876660111
wheat,IN,IN-08-0732,2009,345.489,108.101,1.0,0.041,20.91429,83.82389,2366.0,12.508,1.529,4.0,-1.205417292843458,-0.4342176196953666
wheat,IN,IN-08-0732,2010,345.489,108.101,1.0,0.041,20.91429,83.82389,2366.0,12.508,1.529,4.0,-0.8126661602794306,0.4753230541725836
wheat,IN,IN-08-0732,2011,345.489,108.101,1.0,0.041,20.91429,83.82389,2366.0,12.508,1.529,4.0,-0.5604243184672915,0.01544619148962485
wheat,IN,IN-08-0732,2012,345.489,108.101,1.0,0.041,20.91429,83.82389,2366.0,12.508,1.529,4.0,0.25436159914268636,-0.12704517992531492
wheat,IN,IN-08-0732,2013,345.489,108.101,1.0,0.041,20.91429,83.82389,2366.0,12.508,1.529,4.0,0.7751815180313715,1.8878828366130942
wheat,IN,IN-08-0732,2014,345.489,108.101,1.0,0.041,20.91429,83.82389,2366.0,12.508,1.529,4.0,0.5393844398024426,1.1430649673560296
wheat,IN,IN-08-0732,2015,345.489,108.101,1.0,0.041,20.91429,83.82389,2366.0,12.508,1.529,4.0,-1.1465752981887538,0.23453544913931898
wheat,IN,IN-08-0732,2016,345.489,108.101,1.0,0.041,20.91429,83.82389,2366.0,12.508,1.529,4.0,-0.9301133108265365,0.9259871126692275
wheat,IN,IN-08-0732,2017,345.489,108.101,1.0,0.041,20.91429,83.82389,2366.0,12.508,1.529,4.0,-1.3169600790867706,0.48133581902724004
wheat,IN,IN-09-0165,2003,352.281,143.377,1541.7,59.252,31.95469,75.19752,2602.0,12.318,1.474,5.0,2.3740776094184595,-0.5615324029785149
wheat,IN,IN-09-0165,2004,352.281,143.377,1541.7,59.252,31.95469,75.19752,2602.0,12.318,1.474,5.0,0.7387134434022715,0.12189379572465718
wheat,IN,IN-09-0165,2005,352.281,143.377,1541.7,59.252,31.95469,75.19752,2602.0,12.318,1.474,5.0,1.1714976447464969,-1.4654746603325823
wheat,IN,IN-09-0165,2006,352.281,143.377,1541.7,59.252,31.95469,75.19752,2602.0,12.318,1.474,5.0,0.23078551926325794,1.0119494039077794
wheat,IN,IN-09-0165,2007,352.281,143.377,1541.7,59.252,31.95469,75.19752,2602.0,12.318,1.474,5.0,0.8620480364190028,0.7475060985708635
wheat,IN,IN-09-0165,2008,352.281,143.377,1541.7,59.252,31.95469,75.19752,2602.0,12.318,1.474,5.0,0.30298628977963576,-0.16681095060056714
wheat,IN,IN-09-0165,2009,352.281,143.377,1541.7,59.252,31.95469,75.19752,2602.0,12.318,1.474,5.0,-0.9571252122400313,-1.7806157147205017
wheat,IN,IN-09-0165,2010,352.281,143.377,1541.7,59.252,31.95469,75.19752,2602.0,12.318,1.474,5.0,-0.660243889347669,-1.1932541234975496
wheat,IN,IN-09-0165,2011,352.281,143.377,1541.7,59.252,31.95469,75.19752,2602.0,12.318,1.474,5.0,-0.22251722607381835,0.20863324833456462
wheat,IN,IN-09-0165,2012,352.281,143.377,1541.7,59.252,31.95469,75.19752,2602.0,12.318,1.474,5.0,-0.9040830715347992,0.0790681914471406
wheat,IN,IN-09-0165,2013,352.281,143.377,1541.7,59.252,31.95469,75.19752,2602.0,12.318,1.474,5.0,0.14751748202473844,1.2947460935562618
wheat,IN,IN-09-0165,2014,352.281,143.377,1541.7,59.252,31.95469,75.19752,2602.0,12.318,1.474,5.0,-0.5248068663554019,-0.08545614743869942
wheat,IN,IN-09-0165,2015,352.281,143.377,1541.7,59.252,31.95469,75.19752,2602.0,12.318,1.474,5.0,-0.10983715696131242,1.2015224550641033
wheat,IN,IN-09-0165,2016,352.281,143.377,1541.7,59.252,31.95469,75.19752,2602.0,12.318,1.474,5.0,-1.3479805007381784,0.6074945084170889
wheat,IN,IN-09-0165,2017,352.281,143.377,1541.7,59.252,31.95469,75.19752,2602.0,12.318,1.474,5.0,-1.1010321018026457,1.521951779511558
wheat,IN,IN-09-0166,2003,353.12,138.615,1797.1,67.155,31.76487,74.83438,2676.0,11.756,1.474,5.0,2.388029542318196,-0.8921169202550887
wheat,IN,IN-09-0166,2004,353.12,138.615,1797.1,67.155,31.76487,74.83438,2676.0,11.756,1.474,5.0,0.7579564252514305,-0.8409845908813405
wheat,IN,IN-09-0166,2005,353.12,138.615,1797.1,67.155,31.76487,74.83438,2676.0,11.756,1.474,5.0,1.1698556729051326,-0.9132990300885497
wheat,IN,IN-09-0166,2006,353.12,138.615,1797.1,67.155,31.76487,74.83438,2676.0,11.756,1.474,5.0,0.21877848320415993,0.8888577576859387
wheat,IN,IN-09-0166,2007,353.12,138.615,1797.1,67.155,31.76487,74.83438,2676.0,11.756,1.474,5.0,0.8370862335892432,1.2565192753973298
wheat,IN,IN-09-0166,2008,353.12,138.615,1797.1,67.155,31.76487,74.83438,2676.0,11.756,1.474,5.0,0.32591438347803164,0.5407565276611733
wheat,IN,IN-09-0166,2009,353.12,138.615,1797.1,67.155,31.76487,74.83438,2676.0,11.756,1.474,5.0,-0.9196465220938632,-1.175186933484072
wheat,IN,IN-09-0166,2010,353.12,138.615,1797.1,67.155,31.76487,74.83438,2676.0,11.756,1.474,5.0,-0.6656411013432376,-1.5595371917060317
wheat,IN,IN-09-0166,2011,353.12,138.615,1797.1,67.155,31.76487,74.83438,2676.0,11.756,1.474,5.0,-0.3132281909525401,1.0583702661370356
wheat,IN,IN-09-0166,2012,353.12,138.615,1797.1,67.155,31.76487,74.83438,2676.0,11.756,1.474,5.0,-0.9196076595453293,-0.3673651608828586
wheat,IN,IN-09-0166,2013,353.12,138.615,1797.1,67.155,31.76487,74.83438,2676.0,11.756,1.474,5.0,0.08670728819499085,0.5030138592306427
wheat,IN,IN-09-0166,2014,353.12,138.615,1797.1,67.155,31.76487,74.83438,2676.0,11.756,1.474,5.0,-0.4406682735883527,0.6135459596343429
wheat,IN,IN-09-0166,2015,353.12,138.615,1797.1,67.155,31.76487,74.83438,2676.0,11.756,1.474,5.0,-0.0526568989121991,0.842120181200878
wheat,IN,IN-09-0166,2016,353.12,138.615,1797.1,67.155,31.76487,74.83438,2676.0,11.756,1.474,5.0,-1.2853962821564529,0.7369000466999827
wheat,IN,IN-09-0166,2017,353.12,138.615,1797.1,67.155,31.76487,74.83438,2676.0,11.756,1.474,5.0,-1.1874831003491904,1.360311613581294
wheat,IN,IN-09-0167,2003,350.765,133.924,830.0,50.887,31.43313,75.33884,1631.0,11.593,1.524,5.0,2.190757924388906,-1.429515577878354
wheat,IN,IN-09-0167,2004,350.765,133.924,830.0,50.887,31.43313,75.33884,1631.0,11.593,1.524,5.0,0.990249315635184,-0.3368923637004515
wheat,IN,IN-09-0167,2005,350.765,133.924,830.0,50.887,31.43313,75.33884,1631.0,11.593,1.524,5.0,1.3031887980366643,-0.570580135943796
wheat,IN,IN-09-0167,2006,350.765,133.924,830.0,50.887,31.43313,75.33884,1631.0,11.593,1.524,5.0,0.23845458447108078,0.5846305521188542
wheat,IN,IN-09-0167,2007,350.765,133.924,830.0,50.887,31.43313,75.33884,1631.0,11.593,1.524,5.0,0.8013184522574716,1.1535315790521852
wheat,IN,IN-09-0167,2008,350.765,133.924,830.0,50.887,31.43313,75.33884,1631.0,11.593,1.524,5.0,0.3804685544235238,-0.06725262649659101
wheat,IN,IN-09-0167,2009,350.765,133.924,830.0,50.887,31.43313,75.33884,1631.0,11.593,1.524,5.0,-0.938937718797356,-1.0739076453910104
wheat,IN,IN-09-0167,2010,350.765,133.924,830.0,50.887,31.43313,75.33884,1631.0,11.593,1.524,5.0,-0.5432075863287047,-1.5244659379754397
wheat,IN,IN-09-0167,2011,350.765,133.924,830.0,50.887,31.43313,75.33884,1631.0,11.593,1.524,5.0,-0.23258713831370167,-0.07880861523389637
wheat,IN,IN-09-0167,2012,350.765,133.924,830.0,50.887,31.43313,75.33884,1631.0,11.593,1.524,5.0,-0.870690320586005,-0.38825231364404444
wheat,IN,IN-09-0167,2013,350.765,133.924,830.0,50.887,31.43313,75.33884,1631.0,11.593,1.524,5.0,0.021739301874859344,0.8371104920935029
wheat,IN,IN-09-0167,2014,350.765,133.924,830.0,50.887,31.43313,75.33884,1631.0,11.593,1.524,5.0,-0.6597912084740966,0.8572264724880784
wheat,IN,IN-09-0167,2015,350.765,133.924,830.0,50.887,31.43313,75.33884,1631.0,11.593,1.524,5.0,-0.18200852044306223,1.3623390533662518
wheat,IN,IN-09-0167,2016,350.765,133.924,830.0,50.887,31.43313,75.33884,1631.0,11.593,1.524,5.0,-1.4705757063992144,0.6709182540676971
wheat,IN,IN-09-0167,2017,350.765,133.924,830.0,50.887,31.43313,75.33884,1631.0,11.593,1.524,5.0,-1.028378731745551,1.7119217325086884
wheat,IN,IN-09-0168,2003,349.623,121.699,1028.2,38.992,31.21609,75.55483,2637.0,11.749,1.543,5.0,2.0406055625680786,-1.4829871373673273
wheat,IN,IN-09-0168,2004,349.623,121.699,1028.2,38.992,31.21609,75.55483,2637.0,11.749,1.543,5.0,1.1593937767717708,-0.507233069639093
wheat,IN,IN-09-0168,2005,349.623,121.699,1028.2,38.992,31.21609,75.55483,2637.0,11.749,1.543,5.0,1.433390559718807,-0.6420345388267108
wheat,IN,IN-09-0168,2006,349.623,121.699,1028.2,38.992,31.21609,75.55483,2637.0,11.749,1.543,5.0,0.2666921007381708,0.6295386168681391
wheat,IN,IN-09-0168,2007,349.623,121.699,1028.2,38.992,31.21609,75.55483,2637.0,11.749,1.543,5.0,0.7444309297817134,1.1137514798242123
wheat,IN,IN-09-0168,2008,349.623,121.699,1028.2,38.992,31.21609,75.55483,2637.0,11.749,1.543,5.0,0.42108037566399026,-0.09197970017122159
wheat,IN,IN-09-0168,2009,349.623,121.699,1028.2,38.992,31.21609,75.55483,2637.0,11.749,1.543,5.0,-0.8251194946063836,-1.0894295166970767
wheat,IN,IN-09-0168,2010,349.623,121.699,1028.2,38.992,31.21609,75.55483,2637.0,11.749,1.543,5.0,-0.39613647866629004,-1.0017159269108327
wheat,IN,IN-09-0168,2011,349.623,121.699,1028.2,38.992,31.21609,75.55483,2637.0,11.749,1.543,5.0,-0.16897542549312422,0.1362661022169886
wheat,IN,IN-09-0168,2012,349.623,121.699,1028.2,38.992,31.21609,75.55483,2637.0,11.749,1.543,5.0,-0.8308368202921733,-0.49039847357958244
wheat,IN,IN-09-0168,2013,349.623,121.699,1028.2,38.992,31.21609,75.55483,2637.0,11.749,1.543,5.0,-0.18940823899661807,1.2329943602333202
wheat,IN,IN-09-0168,2014,349.623,121.699,1028.2,38.992,31.21609,75.55483,2637.0,11.749,1.543,5.0,-0.8272735500167994,0.9405421914786144
wheat,IN,IN-09-0168,2015,349.623,121.699,1028.2,38.992,31.21609,75.55483,2637.0,11.749,1.543,5.0,-0.35687986131963456,1.4165643467222626
wheat,IN,IN-09-0168,2016,349.623,121.699,1028.2,38.992,31.21609,75.55483,2637.0,11.749,1.543,5.0,-1.5333714148047668,0.537333085858196
wheat,IN,IN-09-0168,2017,349.623,121.699,1028.2,38.992,31.21609,75.55483,2637.0,11.749,1.543,5.0,-0.937592021046723,1.3995133104033408
wheat,IN,IN-09-0169,2003,353.269,145.673,551.7,16.322,31.63147,75.74285,3380.0,15.574,1.481,4.0,2.106889048548502,-1.1566838249467433
wheat,IN,IN-09-0169,2004,353.269,145.673,551.7,16.322,31.63147,75.74285,3380.0,15.574,1.481,4.0,0.9479920649831691,-0.7371001104751389
wheat,IN,IN-09-0169,2005,353.269,145.673,551.7,16.322,31.63147,75.74285,3380.0,15.574,1.481,4.0,1.3452508196193935,-0.363587943897948
wheat,IN,IN-09-0169,2006,353.269,145.673,551.7,16.322,31.63147,75.74285,3380.0,15.574,1.481,4.0,0.23530810302699595,0.13014216796623398
wheat,IN,IN-09-0169,2007,353.269,145.673,551.7,16.322,31.63147,75.74285,3380.0,15.574,1.481,4.0,0.8290198314032922,0.4512901479683794
wheat,IN,IN-09-0169,2008,353.269,145.673,551.7,16.322,31.63147,75.74285,3380.0,15.574,1.481,4.0,0.47938616531591366,-0.34571536066305
wheat,IN,IN-09-0169,2009,353.269,145.673,551.7,16.322,31.63147,75.74285,3380.0,15.574,1.481,4.0,-0.9500824791795309,-1.1390346490022747
wheat,IN,IN-09-0169,2010,353.269,145.673,551.7,16.322,31.63147,75.74285,3380.0,15.574,1.481,4.0,-0.45290055926044026,-0.999130910804971
wheat,IN,IN-09-0169,2011,353.269,145.673,551.7,16.322,31.63147,75.74285,3380.0,15.574,1.481,4.0,-0.07017071365229771,0.4853597597599168
wheat,IN,IN-09-0169,2012,353.269,145.673,551.7,16.322,31.63147,75.74285,3380.0,15.574,1.481,4.0,-0.7881728685532199,0.2994747392400904
wheat,IN,IN-09-0169,2013,353.269,145.673,551.7,16.322,31.63147,75.74285,3380.0,15.574,1.481,4.0,-0.06700564812843031,1.0223496469540256
wheat,IN,IN-09-0169,2014,353.269,145.673,551.7,16.322,31.63147,75.74285,3380.0,15.574,1.481,4.0,-0.7821567835009795,0.6342731303518344
wheat,IN,IN-09-0169,2015,353.269,145.673,551.7,16.322,31.63147,75.74285,3380.0,15.574,1.481,4.0,-0.27653362444968427,2.2835853502352106
wheat,IN,IN-09-0169,2016,353.269,145.673,551.7,16.322,31.63147,75.74285,3380.0,15.574,1.481,4.0,-1.5824316011160633,0.8588561298620212
wheat,IN,IN-09-0169,2017,353.269,145.673,551.7,16.322,31.63147,75.74285,3380.0,15.574,1.481,4.0,-0.9743917550566265,0.8955199584457778
wheat,IN,IN-09-0170,2003,351.016,137.646,401.5,29.197,31.05034,76.42166,1375.0,12.677,1.56,5.0,1.7793564884449613,-1.1581098240963215
wheat,IN,IN-09-0170,2004,351.016,137.646,401.5,29.197,31.05034,76.42166,1375.0,12.677,1.56,5.0,1.0095436641042745,-0.563151542683586
wheat,IN,IN-09-0170,2005,351.016,137.646,401.5,29.197,31.05034,76.42166,1375.0,12.677,1.56,5.0,1.2976366773575874,-0.5613375778046751
wheat,IN,IN-09-0170,2006,351.016,137.646,401.5,29.197,31.05034,76.42166,1375.0,12.677,1.56,5.0,0.2578872148776868,-0.03162646591498729
wheat,IN,IN-09-0170,2007,351.016,137.646,401.5,29.197,31.05034,76.42166,1375.0,12.677,1.56,5.0,0.7578862927998351,0.017652104392542497
wheat,IN,IN-09-0170,2008,351.016,137.646,401.5,29.197,31.05034,76.42166,1375.0,12.677,1.56,5.0,0.8453420257335392,-0.41435060830871434
wheat,IN,IN-09-0170,2009,351.016,137.646,401.5,29.197,31.05034,76.42166,1375.0,12.677,1.56,5.0,-0.8298850607008745,-1.3127471587564232
wheat,IN,IN-09-0170,2010,351.016,137.646,401.5,29.197,31.05034,76.42166,1375.0,12.677,1.56,5.0,0.12231319250424828,-0.30514992259811624
wheat,IN,IN-09-0170,2011,351.016,137.646,401.5,29.197,31.05034,76.42166,1375.0,12.677,1.56,5.0,0.20577023335716427,0.6128558418920353
wheat,IN,IN-09-0170,2012,351.016,137.646,401.5,29.197,31.05034,76.42166,1375.0,12.677,1.56,5.0,-0.7499120521155135,-0.30766156627661184
wheat,IN,IN-09-0170,2013,351.016,137.646,401.5,29.197,31.05034,76.42166,1375.0,12.677,1.56,5.0,-0.5085744212404849,1.7996632942851838
wheat,IN,IN-09-0170,2014,351.016,137.646,401.5,29.197,31.05034,76.42166,1375.0,12.677,1.56,5.0,-1.013040243659722,0.1847102962684794
wheat,IN,IN-09-0170,2015,351.016,137.646,401.5,29.197,31.05034,76.42166,1375.0,12.677,1.56,5.0,-0.39910771952315444,2.3420667002323037
wheat,IN,IN-09-0170,2016,351.016,137.646,401.5,29.197,31.05034,76.42166,1375.0,12.677,1.56,5.0,-1.6807575563308093,0.5416735767310368
wheat,IN,IN-09-0170,2017,351.016,137.646,401.5,29.197,31.05034,76.42166,1375.0,12.677,1.56,5.0,-1.0944587356087097,0.9506719166496983
wheat,IN,IN-09-0171,2003,348.72,114.6,2119.4,57.468,30.82775,75.78197,3688.0,11.223,1.519,5.0,1.9216288386723626,-0.9619265459235874
wheat,IN,IN-09-0171,2004,348.72,114.6,2119.4,57.468,30.82775,75.78197,3688.0,11.223,1.519,5.0,1.205744876127893,-0.9105344249736946
wheat,IN,IN-09-0171,2005,348.72,114.6,2119.4,57.468,30.82775,75.78197,3688.0,11.223,1.519,5.0,1.4145850490418226,-0.8192376154854011
wheat,IN,IN-09-0171,2006,348.72,114.6,2119.4,57.468,30.82775,75.78197,3688.0,11.223,1.519,5.0,0.24302903022669176,0.33193940371745834
wheat,IN,IN-09-0171,2007,348.72,114.6,2119.4,57.468,30.82775,75.78197,3688.0,11.223,1.519,5.0,0.7253020243441446,0.8805840586991567
wheat,IN,IN-09-0171,2008,348.72,114.6,2119.4,57.468,30.82775,75.78197,3688.0,11.223,1.519,5.0,0.5515734651574834,-0.1275800179974031
wheat,IN,IN-09-0171,2009,348.72,114.6,2119.4,57.468,30.82775,75.78197,3688.0,11.223,1.519,5.0,-0.7683354386288826,-1.6089483729587504
wheat,IN,IN-09-0171,2010,348.72,114.6,2119.4,57.468,30.82775,75.78197,3688.0,11.223,1.519,5.0,0.013592501625667115,-0.9845457811371577
wheat,IN,IN-09-0171,2011,348.72,114.6,2119.4,57.468,30.82775,75.78197,3688.0,11.223,1.519,5.0,-0.1044789720209695,1.3685456850572904
wheat,IN,IN-09-0171,2012,348.72,114.6,2119.4,57.468,30.82775,75.78197,3688.0,11.223,1.519,5.0,-0.8447852943707537,-0.008719987226356045
wheat,IN,IN-09-0171,2013,348.72,114.6,2119.4,57.468,30.82775,75.78197,3688.0,11.223,1.519,5.0,-0.40297194311711293,0.6570415796245661
wheat,IN,IN-09-0171,2014,348.72,114.6,2119.4,57.468,30.82775,75.78197,3688.0,11.223,1.519,5.0,-1.0238903941185693,0.36250456555488064
wheat,IN,IN-09-0171,2015,348.72,114.6,2119.4,57.468,30.82775,75.78197,3688.0,11.223,1.519,5.0,-0.4500154140030667,1.9677213684808454
wheat,IN,IN-09-0171,2016,348.72,114.6,2119.4,57.468,30.82775,75.78197,3688.0,11.223,1.519,5.0,-1.520784482639049,0.8250821977529159
wheat,IN,IN-09-0171,2017,348.72,114.6,2119.4,57.468,30.82775,75.78197,3688.0,11.223,1.519,5.0,-0.9601938462976516,0.7509664479769809
wheat,IN,IN-09-0172,2003,352.073,110.039,2026.1,85.489,30.96008,74.653,2370.0,12.621,1.468,5.0,2.2100475623610407,-1.7541434418296076
wheat,IN,IN-09-0172,2004,352.073,110.039,2026.1,85.489,30.96008,74.653,2370.0,12.621,1.468,5.0,1.3112300036036426,-0.9757408418553177
wheat,IN,IN-09-0172,2005,352.073,110.039,2026.1,85.489,30.96008,74.653,2370.0,12.621,1.468,5.0,1.3793614252953363,-1.1479128363199773
wheat,IN,IN-09-0172,2006,352.073,110.039,2026.1,85.489,30.96008,74.653,2370.0,12.621,1.468,5.0,0.2196210932259157,0.6119001621018887
wheat,IN,IN-09-0172,2007,352.073,110.039,2026.1,85.489,30.96008,74.653,2370.0,12.621,1.468,5.0,0.6344828718728943,0.8902199340234499
wheat,IN,IN-09-0172,2008,352.073,110.039,2026.1,85.489,30.96008,74.653,2370.0,12.621,1.468,5.0,0.2618730823984373,0.18780364573663152
wheat,IN,IN-09-0172,2009,352.073,110.039,2026.1,85.489,30.96008,74.653,2370.0,12.621,1.468,5.0,-0.7762565875848794,-0.3403066183956976
wheat,IN,IN-09-0172,2010,352.073,110.039,2026.1,85.489,30.96008,74.653,2370.0,12.621,1.468,5.0,-0.6386481051219417,-0.3892799857100864
wheat,IN,IN-09-0172,2011,352.073,110.039,2026.1,85.489,30.96008,74.653,2370.0,12.621,1.468,5.0,-0.19246725478318716,0.48541523616838833
wheat,IN,IN-09-0172,2012,352.073,110.039,2026.1,85.489,30.96008,74.653,2370.0,12.621,1.468,5.0,-0.8268959743824831,0.16382254650762043
wheat,IN,IN-09-0172,2013,352.073,110.039,2026.1,85.489,30.96008,74.653,2370.0,12.621,1.468,5.0,-0.21954303698725272,0.8499579744483111
wheat,IN,IN-09-0172,2014,352.073,110.039,2026.1,85.489,30.96008,74.653,2370.0,12.621,1.468,5.0,-0.7647555987817488,0.4018102888562974
wheat,IN,IN-09-0172,2015,352.073,110.039,2026.1,85.489,30.96008,74.653,2370.0,12.621,1.468,5.0,-0.391585732555186,1.5811670009398757
wheat,IN,IN-09-0172,2016,352.073,110.039,2026.1,85.489,30.96008,74.653,2370.0,12.621,1.468,5.0,-1.2092299291473225,1.4207305975613376
wheat,IN,IN-09-0172,2017,352.073,110.039,2026.1,85.489,30.96008,74.653,2370.0,12.621,1.468,5.0,-0.9972338194132656,0.4781440439021608
wheat,IN,IN-09-0173,2003,350.286,103.224,1273.3,87.209,30.6622,74.72926,1460.0,15.332,1.448,6.0,2.4739767700861135,-1.4798817072747492
wheat,IN,IN-09-0173,2004,350.286,103.224,1273.3,87.209,30.6622,74.72926,1460.0,15.332,1.448,6.0,1.3547042561150109,-1.1429427140425403
wheat,IN,IN-09-0173,2005,350.286,103.224,1273.3,87.209,30.6622,74.72926,1460.0,15.332,1.448,6.0,1.2909722596461541,-0.8070918490243919
wheat,IN,IN-09-0173,2006,350.286,103.224,1273.3,87.209,30.6622,74.72926,1460.0,15.332,1.448,6.0,0.05556710599219917,0.5231939777087766
wheat,IN,IN-09-0173,2007,350.286,103.224,1273.3,87.209,30.6622,74.72926,1460.0,15.332,1.448,6.0,0.4577167089625487,0.4725973919709924
wheat,IN,IN-09-0173,2008,350.286,103.224,1273.3,87.209,30.6622,74.72926,1460.0,15.332,1.448,6.0,0.06398998724299516,0.0338273510905048
wheat,IN,IN-09-0173,2009,350.286,103.224,1273.3,87.209,30.6622,74.72926,1460.0,15.332,1.448,6.0,-0.837786688559989,-0.47719816486113814
wheat,IN,IN-09-0173,2010,350.286,103.224,1273.3,87.209,30.6622,74.72926,1460.0,15.332,1.448,6.0,-0.39927635944989165,-0.1192443514408117
wheat,IN,IN-09-0173,2011,350.286,103.224,1273.3,87.209,30.6622,74.72926,1460.0,15.332,1.448,6.0,-0.3095068514657556,1.352073004226175
wheat,IN,IN-09-0173,2012,350.286,103.224,1273.3,87.209,30.6622,74.72926,1460.0,15.332,1.448,6.0,-0.7800336356964873,0.9171289616476516
wheat,IN,IN-09-0173,2013,350.286,103.224,1273.3,87.209,30.6622,74.72926,1460.0,15.332,1.448,6.0,-0.3295777697203492,0.5137761279886537
wheat,IN,IN-09-0173,2014,350.286,103.224,1273.3,87.209,30.6622,74.72926,1460.0,15.332,1.448,6.0,-0.7626872360689799,0.04699718553821221
wheat,IN,IN-09-0173,2015,350.286,103.224,1273.3,87.209,30.6622,74.72926,1460.0,15.332,1.448,6.0,-0.42298011475262376,1.4841909507652353
wheat,IN,IN-09-0173,2016,350.286,103.224,1273.3,87.209,30.6622,74.72926,1460.0,15.332,1.448,6.0,-0.9798857891899179,0.9573504657646837
wheat,IN,IN-09-0173,2017,350.286,103.224,1273.3,87.209,30.6622,74.72926,1460.0,15.332,1.448,6.0,-0.8751926431410273,0.5177086978334694
wheat,IN,IN-09-0174,2003,348.467,101.799,2875.0,85.16,30.23166,74.9938,3376.0,15.5,1.446,6.0,2.4769489771061752,-0.876867039499365
wheat,IN,IN-09-0174,2004,348.467,101.799,2875.0,85.16,30.23166,74.9938,3376.0,15.5,1.446,6.0,1.363674181511054,-1.2993941401256872
wheat,IN,IN-09-0174,2005,348.467,101.799,2875.0,85.16,30.23166,74.9938,3376.0,15.5,1.446,6.0,1.250177510257231,-0.998214512175554
wheat,IN,IN-09-0174,2006,348.467,101.799,2875.0,85.16,30.23166,74.9938,3376.0,15.5,1.446,6.0,-0.07733153011696374,-0.23159875470179275
wheat,IN,IN-09-0174,2007,348.467,101.799,2875.0,85.16,30.23166,74.9938,3376.0,15.5,1.446,6.0,0.4009944707729993,0.03122873117528406
wheat,IN,IN-09-0174,2008,348.467,101.799,2875.0,85.16,30.23166,74.9938,3376.0,15.5,1.446,6.0,0.14315650668163699,-0.46474002086935257
wheat,IN,IN-09-0174,2009,348.467,101.799,2875.0,85.16,30.23166,74.9938,3376.0,15.5,1.446,6.0,-0.8241616123016107,-0.25167170211196854
wheat,IN,IN-09-0174,2010,348.467,101.799,2875.0,85.16,30.23166,74.9938,3376.0,15.5,1.446,6.0,-0.05731637531799832,0.34355227154215257
wheat,IN,IN-09-0174,2011,348.467,101.799,2875.0,85.16,30.23166,74.9938,3376.0,15.5,1.446,6.0,-0.2686035111702663,1.2492722633842892
wheat,IN,IN-09-0174,2012,348.467,101.799,2875.0,85.16,30.23166,74.9938,3376.0,15.5,1.446,6.0,-0.7729020955097116,0.22884825733206535
wheat,IN,IN-09-0174,2013,348.467,101.799,2875.0,85.16,30.23166,74.9938,3376.0,15.5,1.446,6.0,-0.41397596402724707,0.8929054385069343
wheat,IN,IN-09-0174,2014,348.467,101.799,2875.0,85.16,30.23166,74.9938,3376.0,15.5,1.446,6.0,-0.842120396508056,0.46362047869313633
wheat,IN,IN-09-0174,2015,348.467,101.799,2875.0,85.16,30.23166,74.9938,3376.0,15.5,1.446,6.0,-0.5061704227545435,1.485022624456997
wheat,IN,IN-09-0174,2016,348.467,101.799,2875.0,85.16,30.23166,74.9938,3376.0,15.5,1.446,6.0,-1.017466987063903,1.1279470775639384
wheat,IN,IN-09-0174,2017,348.467,101.799,2875.0,85.16,30.23166,74.9938,3376.0,15.5,1.446,6.0,-0.8549027515587876,1.0810054431686391
wheat,IN,IN-09-0175,2003,348.258,101.412,3181.8,88.236,30.25475,75.81723,3606.0,11.572,1.473,5.0,1.8843711450684306,-1.6623025047029094
wheat,IN,IN-09-0175,2004,348.258,101.412,3181.8,88.236,30.25475,75.81723,3606.0,11.572,1.473,5.0,1.4777743566262633,-1.0885690324227018
wheat,IN,IN-09-0175,2005,348.258,101.412,3181.8,88.236,30.25475,75.81723,3606.0,11.572,1.473,5.0,1.4477323658770813,-1.0255062396747925
wheat,IN,IN-09-0175,2006,348.258,101.412,3181.8,88.236,30.25475,75.81723,3606.0,11.572,1.473,5.0,0.20699448517171887,0.3277405645352517
wheat,IN,IN-09-0175,2007,348.258,101.412,3181.8,88.236,30.25475,75.81723,3606.0,11.572,1.473,5.0,0.44279294848594175,0.7570075202988327
wheat,IN,IN-09-0175,2008,348.258,101.412,3181.8,88.236,30.25475,75.81723,3606.0,11.572,1.473,5.0,0.4454311589012174,0.25032459008276037
wheat,IN,IN-09-0175,2009,348.258,101.412,3181.8,88.236,30.25475,75.81723,3606.0,11.572,1.473,5.0,-0.6182469416326396,-0.16823745406576826
wheat,IN,IN-09-0175,2010,348.258,101.412,3181.8,88.236,30.25475,75.81723,3606.0,11.572,1.473,5.0,0.22992639217962355,-0.7278942684114965
wheat,IN,IN-09-0175,2011,348.258,101.412,3181.8,88.236,30.25475,75.81723,3606.0,11.572,1.473,5.0,-0.09192113511118603,1.3602547776918092
wheat,IN,IN-09-0175,2012,348.258,101.412,3181.8,88.236,30.25475,75.81723,3606.0,11.572,1.473,5.0,-0.7881103008029945,0.0554623823635655
wheat,IN,IN-09-0175,2013,348.258,101.412,3181.8,88.236,30.25475,75.81723,3606.0,11.572,1.473,5.0,-0.5371925310768674,0.3510480766425686
wheat,IN,IN-09-0175,2014,348.258,101.412,3181.8,88.236,30.25475,75.81723,3606.0,11.572,1.473,5.0,-1.1368773391818803,-0.2342672952549762
wheat,IN,IN-09-0175,2015,348.258,101.412,3181.8,88.236,30.25475,75.81723,3606.0,11.572,1.473,5.0,-0.7259589378075465,1.5830188908240788
wheat,IN,IN-09-0175,2016,348.258,101.412,3181.8,88.236,30.25475,75.81723,3606.0,11.572,1.473,5.0,-1.2884821583510386,1.192622737601578
wheat,IN,IN-09-0175,2017,348.258,101.412,3181.8,88.236,30.25475,75.81723,3606.0,11.572,1.473,5.0,-0.9482335083461223,1.1421232430354598
wheat,IN,IN-09-0176,2003,347.271,110.343,2278.1,68.722,30.31372,76.28449,3315.0,11.387,1.501,5.0,1.9034154545717759,-1.1756171640853534
wheat,IN,IN-09-0176,2004,347.271,110.343,2278.1,68.722,30.31372,76.28449,3315.0,11.387,1.501,5.0,1.341633053560251,-1.032983434079928
wheat,IN,IN-09-0176,2005,347.271,110.343,2278.1,68.722,30.31372,76.28449,3315.0,11.387,1.501,5.0,1.3624994466771942,-0.39583691711623487
wheat,IN,IN-09-0176,2006,347.271,110.343,2278.1,68.722,30.31372,76.28449,3315.0,11.387,1.501,5.0,0.23708518068308815,0.930671602442689
wheat,IN,IN-09-0176,2007,347.271,110.343,2278.1,68.722,30.31372,76.28449,3315.0,11.387,1.501,5.0,0.4269010903620682,0.6635773703826153
wheat,IN,IN-09-0176,2008,347.271,110.343,2278.1,68.722,30.31372,76.28449,3315.0,11.387,1.501,5.0,0.5334008634531127,-0.0349869802505956
wheat,IN,IN-09-0176,2009,347.271,110.343,2278.1,68.722,30.31372,76.28449,3315.0,11.387,1.501,5.0,-0.5572969050757981,-0.2808211349791751
wheat,IN,IN-09-0176,2010,347.271,110.343,2278.1,68.722,30.31372,76.28449,3315.0,11.387,1.501,5.0,0.32089279198202075,-1.4236675607499059
wheat,IN,IN-09-0176,2011,347.271,110.343,2278.1,68.722,30.31372,76.28449,3315.0,11.387,1.501,5.0,0.0903546116536727,0.04730498692707442
wheat,IN,IN-09-0176,2012,347.271,110.343,2278.1,68.722,30.31372,76.28449,3315.0,11.387,1.501,5.0,-0.806700770235418,0.3660689559310028
wheat,IN,IN-09-0176,2013,347.271,110.343,2278.1,68.722,30.31372,76.28449,3315.0,11.387,1.501,5.0,-0.5733304769743944,0.7510268134184005
wheat,IN,IN-09-0176,2014,347.271,110.343,2278.1,68.722,30.31372,76.28449,3315.0,11.387,1.501,5.0,-1.1152477518541146,-0.5034291006642638
wheat,IN,IN-09-0176,2015,347.271,110.343,2278.1,68.722,30.31372,76.28449,3315.0,11.387,1.501,5.0,-0.7550612973842189,1.9218765248384408
wheat,IN,IN-09-0176,2016,347.271,110.343,2278.1,68.722,30.31372,76.28449,3315.0,11.387,1.501,5.0,-1.4067880028476858,0.5706196130466409
wheat,IN,IN-09-0176,2017,347.271,110.343,2278.1,68.722,30.31372,76.28449,3315.0,11.387,1.501,5.0,-1.001757288571561,1.542128733664734
wheat,IN,IN-09-0545,2003,347.874,99.685,1940.4,89.42,29.95786,75.39033,2170.0,15.65,1.445,6.0,2.344575946400874,-1.1234142051590543
wheat,IN,IN-09-0545,2004,347.874,99.685,1940.4,89.42,29.95786,75.39033,2170.0,15.65,1.445,6.0,1.44139472687002,-1.0024095370462704
wheat,IN,IN-09-0545,2005,347.874,99.685,1940.4,89.42,29.95786,75.39033,2170.0,15.65,1.445,6.0,1.2816759481995221,-1.1387592051864575
wheat,IN,IN-09-0545,2006,347.874,99.685,1940.4,89.42,29.95786,75.39033,2170.0,15.65,1.445,6.0,-0.08373290327884467,-0.371721747535528
wheat,IN,IN-09-0545,2007,347.874,99.685,1940.4,89.42,29.95786,75.39033,2170.0,15.65,1.445,6.0,0.23948398084978564,0.5883365912558803
wheat,IN,IN-09-0545,2008,347.874,99.685,1940.4,89.42,29.95786,75.39033,2170.0,15.65,1.445,6.0,0.2549713818899335,0.5670364645265726
wheat,IN,IN-09-0545,2009,347.874,99.685,1940.4,89.42,29.95786,75.39033,2170.0,15.65,1.445,6.0,-0.7051955826397781,-0.16463461181086195
wheat,IN,IN-09-0545,2010,347.874,99.685,1940.4,89.42,29.95786,75.39033,2170.0,15.65,1.445,6.0,0.25761992744740647,-0.2541095726102602
wheat,IN,IN-09-0545,2011,347.874,99.685,1940.4,89.42,29.95786,75.39033,2170.0,15.65,1.445,6.0,-0.21279533377157703,1.2429060564695078
wheat,IN,IN-09-0545,2012,347.874,99.685,1940.4,89.42,29.95786,75.39033,2170.0,15.65,1.445,6.0,-0.7489473988281773,-0.03631626963827959
wheat,IN,IN-09-0545,2013,347.874,99.685,1940.4,89.42,29.95786,75.39033,2170.0,15.65,1.445,6.0,-0.5438454046601514,0.593187347722108
wheat,IN,IN-09-0545,2014,347.874,99.685,1940.4,89.42,29.95786,75.39033,2170.0,15.65,1.445,6.0,-0.9595931203360315,0.06583273423418444
wheat,IN,IN-09-0545,2015,347.874,99.685,1940.4,89.42,29.95786,75.39033,2170.0,15.65,1.445,6.0,-0.654979282441446,1.379651629569451
wheat,IN,IN-09-0545,2016,347.874,99.685,1940.4,89.42,29.95786,75.39033,2170.0,15.65,1.445,6.0,-1.034565747969581,1.4062056858189738
wheat,IN,IN-09-0545,2017,347.874,99.685,1940.4,89.42,29.95786,75.39033,2170.0,15.65,1.445,6.0,-0.8760671377319652,1.0693092726630786
wheat,IN,IN-09-0546,2003,347.872,116.913,802.8,69.752,30.68713,76.33002,1151.0,11.267,1.552,5.0,1.8043233454747625,-1.5284515716761822
wheat,IN,IN-09-0546,2004,347.872,116.913,802.8,69.752,30.68713,76.33002,1151.0,11.267,1.552,5.0,1.0794490553150216,-0.9628163356954288
wheat,IN,IN-09-0546,2005,347.872,116.913,802.8,69.752,30.68713,76.33002,1151.0,11.267,1.552,5.0,1.280663956269532,-0.3411291162676935
wheat,IN,IN-09-0546,2006,347.872,116.913,802.8,69.752,30.68713,76.33002,1151.0,11.267,1.552,5.0,0.26471164861197466,1.169749326143334
wheat,IN,IN-09-0546,2007,347.872,116.913,802.8,69.752,30.68713,76.33002,1151.0,11.267,1.552,5.0,0.6674579334648292,0.8216266964977891
wheat,IN,IN-09-0546,2008,347.872,116.913,802.8,69.752,30.68713,76.33002,1151.0,11.267,1.552,5.0,0.7377881916206419,-0.0940964211516924
wheat,IN,IN-09-0546,2009,347.872,116.913,802.8,69.752,30.68713,76.33002,1151.0,11.267,1.552,5.0,-0.6866544194995144,-0.8642083953361758
wheat,IN,IN-09-0546,2010,347.872,116.913,802.8,69.752,30.68713,76.33002,1151.0,11.267,1.552,5.0,0.3613950992264716,-1.5401102152162678
wheat,IN,IN-09-0546,2011,347.872,116.913,802.8,69.752,30.68713,76.33002,1151.0,11.267,1.552,5.0,0.16742157535089716,-0.1890632207912841
wheat,IN,IN-09-0546,2012,347.872,116.913,802.8,69.752,30.68713,76.33002,1151.0,11.267,1.552,5.0,-0.8583675742133621,0.20314044941998188
wheat,IN,IN-09-0546,2013,347.872,116.913,802.8,69.752,30.68713,76.33002,1151.0,11.267,1.552,5.0,-0.5621129092929388,1.0833557125493576
wheat,IN,IN-09-0546,2014,347.872,116.913,802.8,69.752,30.68713,76.33002,1151.0,11.267,1.552,5.0,-1.044062912515817,-0.44812912550191814
wheat,IN,IN-09-0546,2015,347.872,116.913,802.8,69.752,30.68713,76.33002,1151.0,11.267,1.552,5.0,-0.4619052113758519,2.266555520543231
wheat,IN,IN-09-0546,2016,347.872,116.913,802.8,69.752,30.68713,76.33002,1151.0,11.267,1.552,5.0,-1.6109949546441273,-0.14109863795554867
wheat,IN,IN-09-0546,2017,347.872,116.913,802.8,69.752,30.68713,76.33002,1151.0,11.267,1.552,5.0,-1.139112823792543,0.8329786184381041
wheat,IN,IN-09-1017,2003,348.448,125.555,494.3,39.139,31.16946,76.02396,1263.0,11.983,1.539,5.0,1.8076609377041901,-1.3466090007730063
wheat,IN,IN-09-1017,2004,348.448,125.555,494.3,39.139,31.16946,76.02396,1263.0,11.983,1.539,5.0,1.1637803692576152,-0.0824733229726538
wheat,IN,IN-09-1017,2005,348.448,125.555,494.3,39.139,31.16946,76.02396,1263.0,11.983,1.539,5.0,1.4961550637586167,-0.37883173921926017
wheat,IN,IN-09-1017,2006,348.448,125.555,494.3,39.139,31.16946,76.02396,1263.0,11.983,1.539,5.0,0.27599203678805145,-0.2981949650494089
wheat,IN,IN-09-1017,2007,348.448,125.555,494.3,39.139,31.16946,76.02396,1263.0,11.983,1.539,5.0,0.7557152328835826,0.17198037184155804
wheat,IN,IN-09-1017,2008,348.448,125.555,494.3,39.139,31.16946,76.02396,1263.0,11.983,1.539,5.0,0.6087210372752482,0.03275687093170459
wheat,IN,IN-09-1017,2009,348.448,125.555,494.3,39.139,31.16946,76.02396,1263.0,11.983,1.539,5.0,-0.7975540156965829,-1.270921731404261
wheat,IN,IN-09-1017,2010,348.448,125.555,494.3,39.139,31.16946,76.02396,1263.0,11.983,1.539,5.0,-0.14959395415284707,-0.8036364974025906
wheat,IN,IN-09-1017,2011,348.448,125.555,494.3,39.139,31.16946,76.02396,1263.0,11.983,1.539,5.0,-0.004414175074428411,0.051515274590551836
wheat,IN,IN-09-1017,2012,348.448,125.555,494.3,39.139,31.16946,76.02396,1263.0,11.983,1.539,5.0,-0.7761766569390826,-0.6190976562132767
wheat,IN,IN-09-1017,2013,348.448,125.555,494.3,39.139,31.16946,76.02396,1263.0,11.983,1.539,5.0,-0.3902712715417694,1.8798675886878544
wheat,IN,IN-09-1017,2014,348.448,125.555,494.3,39.139,31.16946,76.02396,1263.0,11.983,1.539,5.0,-0.9547763657472718,0.2789304670000899
wheat,IN,IN-09-1017,2015,348.448,125.555,494.3,39.139,31.16946,76.02396,1263.0,11.983,1.539,5.0,-0.42888232839966994,2.36119157815679
wheat,IN,IN-09-1017,2016,348.448,125.555,494.3,39.139,31.16946,76.02396,1263.0,11.983,1.539,5.0,-1.632072433068164,0.6703791946038049
wheat,IN,IN-09-1017,2017,348.448,125.555,494.3,39.139,31.16946,76.02396,1263.0,11.983,1.539,5.0,-0.974283477047515,0.7651136171009816
wheat,IN,IN-09-1018,2003,349.864,103.938,2348.3,88.983,30.34889,74.48756,2639.0,15.697,1.445,6.0,2.569362959229181,-1.581239000068762
wheat,IN,IN-09-1018,2004,349.864,103.938,2348.3,88.983,30.34889,74.48756,2639.0,15.697,1.445,6.0,1.2887806076732942,-0.7207902632532062
wheat,IN,IN-09-1018,2005,349.864,103.938,2348.3,88.983,30.34889,74.48756,2639.0,15.697,1.445,6.0,1.1757648624625072,-0.6039250835193565
wheat,IN,IN-09-1018,2006,349.864,103.938,2348.3,88.983,30.34889,74.48756,2639.0,15.697,1.445,6.0,0.009568801070810318,0.004598389686442185
wheat,IN,IN-09-1018,2007,349.864,103.938,2348.3,88.983,30.34889,74.48756,2639.0,15.697,1.445,6.0,0.5556350494000564,0.3819380350673501
wheat,IN,IN-09-1018,2008,349.864,103.938,2348.3,88.983,30.34889,74.48756,2639.0,15.697,1.445,6.0,-0.04895202455654288,-0.2024911696536026
wheat,IN,IN-09-1018,2009,349.864,103.938,2348.3,88.983,30.34889,74.48756,2639.0,15.697,1.445,6.0,-0.9071119019087446,-0.5163450176778607
wheat,IN,IN-09-1018,2010,349.864,103.938,2348.3,88.983,30.34889,74.48756,2639.0,15.697,1.445,6.0,-0.3283345409775367,0.42153305009776865
wheat,IN,IN-09-1018,2011,349.864,103.938,2348.3,88.983,30.34889,74.48756,2639.0,15.697,1.445,6.0,-0.2748685166146714,1.6551880738175582
wheat,IN,IN-09-1018,2012,349.864,103.938,2348.3,88.983,30.34889,74.48756,2639.0,15.697,1.445,6.0,-0.7519964340414368,0.4188516960285254
wheat,IN,IN-09-1018,2013,349.864,103.938,2348.3,88.983,30.34889,74.48756,2639.0,15.697,1.445,6.0,-0.3594675123454775,0.687028720421866
wheat,IN,IN-09-1018,2014,349.864,103.938,2348.3,88.983,30.34889,74.48756,2639.0,15.697,1.445,6.0,-0.6765233712266836,0.16509809729368807
wheat,IN,IN-09-1018,2015,349.864,103.938,2348.3,88.983,30.34889,74.48756,2639.0,15.697,1.445,6.0,-0.39248048822861653,1.4086195753808277
wheat,IN,IN-09-1018,2016,349.864,103.938,2348.3,88.983,30.34889,74.48756,2639.0,15.697,1.445,6.0,-0.9649478706807134,0.6420342911623539
wheat,IN,IN-09-1018,2017,349.864,103.938,2348.3,88.983,30.34889,74.48756,2639.0,15.697,1.445,6.0,-0.894429619255371,0.6756522880238649
wheat,IN,IN-09-1019,2003,349.644,107.759,1733.0,77.055,30.79801,75.10719,2249.0,11.518,1.472,5.0,2.1953079251724272,-1.7953831618970855
wheat,IN,IN-09-1019,2004,349.644,107.759,1733.0,77.055,30.79801,75.10719,2249.0,11.518,1.472,5.0,1.3615223579141398,-1.1956915461518314
wheat,IN,IN-09-1019,2005,349.644,107.759,1733.0,77.055,30.79801,75.10719,2249.0,11.518,1.472,5.0,1.4167818052765415,-0.6521298520204051
wheat,IN,IN-09-1019,2006,349.644,107.759,1733.0,77.055,30.79801,75.10719,2249.0,11.518,1.472,5.0,0.1391458191203236,0.5260617084408508
wheat,IN,IN-09-1019,2007,349.644,107.759,1733.0,77.055,30.79801,75.10719,2249.0,11.518,1.472,5.0,0.579557518324804,1.3048322799212002
wheat,IN,IN-09-1019,2008,349.644,107.759,1733.0,77.055,30.79801,75.10719,2249.0,11.518,1.472,5.0,0.29153456005076867,0.6569459497757187
wheat,IN,IN-09-1019,2009,349.644,107.759,1733.0,77.055,30.79801,75.10719,2249.0,11.518,1.472,5.0,-0.7859002167883498,-0.39530708272363974
wheat,IN,IN-09-1019,2010,349.644,107.759,1733.0,77.055,30.79801,75.10719,2249.0,11.518,1.472,5.0,-0.46096021661974257,-0.2515185819574663
wheat,IN,IN-09-1019,2011,349.644,107.759,1733.0,77.055,30.79801,75.10719,2249.0,11.518,1.472,5.0,-0.21753728779822057,1.0595847819759519
wheat,IN,IN-09-1019,2012,349.644,107.759,1733.0,77.055,30.79801,75.10719,2249.0,11.518,1.472,5.0,-0.8116830799082956,0.19588707182095738
wheat,IN,IN-09-1019,2013,349.644,107.759,1733.0,77.055,30.79801,75.10719,2249.0,11.518,1.472,5.0,-0.26299448638499956,0.31894988281036113
wheat,IN,IN-09-1019,2014,349.644,107.759,1733.0,77.055,30.79801,75.10719,2249.0,11.518,1.472,5.0,-0.8709817274856761,-0.11252722289404009
wheat,IN,IN-09-1019,2015,349.644,107.759,1733.0,77.055,30.79801,75.10719,2249.0,11.518,1.472,5.0,-0.45415446570087586,1.4012467146267467
wheat,IN,IN-09-1019,2016,349.644,107.759,1733.0,77.055,30.79801,75.10719,2249.0,11.518,1.472,5.0,-1.2367766100659132,1.1373132335183096
wheat,IN,IN-09-1019,2017,349.644,107.759,1733.0,77.055,30.79801,75.10719,2249.0,11.518,1.472,5.0,-0.8828618951069275,0.4311979030706146
wheat,IN,IN-09-2009,2005,352.851,128.293,2038.7,84.488,31.38227,74.779,2413.0,11.163,1.474,5.0,1.9426216801577605,-1.725935957732755
wheat,IN,IN-09-2009,2006,352.851,128.293,2038.7,84.488,31.38227,74.779,2413.0,11.163,1.474,5.0,0.5339250073461813,0.4180494506667885
wheat,IN,IN-09-2009,2007,352.851,128.293,2038.7,84.488,31.38227,74.779,2413.0,11.163,1.474,5.0,1.3637132139195751,1.0345171049586226
wheat,IN,IN-09-2009,2008,352.851,128.293,2038.7,84.488,31.38227,74.779,2413.0,11.163,1.474,5.0,0.7527586396603947,0.21941098711659068
wheat,IN,IN-09-2009,2009,352.851,128.293,2038.7,84.488,31.38227,74.779,2413.0,11.163,1.474,5.0,-0.9148076371062845,-1.1818857917507009
wheat,IN,IN-09-2009,2010,352.851,128.293,2038.7,84.488,31.38227,74.779,2413.0,11.163,1.474,5.0,-0.6280012803245877,-1.6070081318742588
wheat,IN,IN-09-2009,2011,352.851,128.293,2038.7,84.488,31.38227,74.779,2413.0,11.163,1.474,5.0,-0.07826132665001406,0.6616530525403548
wheat,IN,IN-09-2009,2012,352.851,128.293,2038.7,84.488,31.38227,74.779,2413.0,11.163,1.474,5.0,-0.856307770725717,-0.19554422854675335
wheat,IN,IN-09-2009,2013,352.851,128.293,2038.7,84.488,31.38227,74.779,2413.0,11.163,1.474,5.0,0.460058388140862,-0.15758672842746804
wheat,IN,IN-09-2009,2014,352.851,128.293,2038.7,84.488,31.38227,74.779,2413.0,11.163,1.474,5.0,-0.2966302866177322,-0.2175096095022011
wheat,IN,IN-09-2009,2015,352.851,128.293,2038.7,84.488,31.38227,74.779,2413.0,11.163,1.474,5.0,0.2391927593577572,1.5788549944808477
wheat,IN,IN-09-2009,2016,352.851,128.293,2038.7,84.488,31.38227,74.779,2413.0,11.163,1.474,5.0,-1.3498575084269717,0.48702485254560124
wheat,IN,IN-09-2009,2017,352.851,128.293,2038.7,84.488,31.38227,74.779,2413.0,11.163,1.474,5.0,-1.1684038787311875,0.6859600055253283
wheat,IN,IN-09-2010,2006,348.862,103.207,1272.6,89.43,30.43703,75.45005,1423.0,11.648,1.471,5.0,0.9512969907684702,-0.5755272886252008
wheat,IN,IN-09-2010,2007,348.862,103.207,1272.6,89.43,30.43703,75.45005,1423.0,11.648,1.471,5.0,1.6035760497670128,0.7408672676224318
wheat,IN,IN-09-2010,2008,348.862,103.207,1272.6,89.43,30.43703,75.45005,1423.0,11.648,1.471,5.0,1.3971275698271286,-1.115451432839145
wheat,IN,IN-09-2010,2009,348.862,103.207,1272.6,89.43,30.43703,75.45005,1423.0,11.648,1.471,5.0,-0.5056658225252189,-1.0757572199992924
wheat,IN,IN-09-2010,2010,348.862,103.207,1272.6,89.43,30.43703,75.45005,1423.0,11.648,1.471,5.0,0.6584171605895229,-1.1635792484070036
wheat,IN,IN-09-2010,2011,348.862,103.207,1272.6,89.43,30.43703,75.45005,1423.0,11.648,1.471,5.0,0.4343622534314014,0.5215704966867218
wheat,IN,IN-09-2010,2012,348.862,103.207,1272.6,89.43,30.43703,75.45005,1423.0,11.648,1.471,5.0,-0.6681094785623178,-0.42208580855685013
wheat,IN,IN-09-2010,2013,348.862,103.207,1272.6,89.43,30.43703,75.45005,1423.0,11.648,1.471,5.0,-0.06851952255104712,0.3212388318856363
wheat,IN,IN-09-2010,2014,348.862,103.207,1272.6,89.43,30.43703,75.45005,1423.0,11.648,1.471,5.0,-1.1166358012670563,-0.7091433014110503
wheat,IN,IN-09-2010,2015,348.862,103.207,1272.6,89.43,30.43703,75.45005,1423.0,11.648,1.471,5.0,-0.3708666042375975,1.4874406091157688
wheat,IN,IN-09-2010,2016,348.862,103.207,1272.6,89.43,30.43703,75.45005,1423.0,11.648,1.471,5.0,-1.456385501533008,1.7418163440300152
wheat,IN,IN-09-2010,2017,348.862,103.207,1272.6,89.43,30.43703,75.45005,1423.0,11.648,1.471,5.0,-0.8585972937073002,0.24861075049796538
wheat,IN,IN-09-2011,2005,348.267,129.013,268.4,24.557,30.66316,76.69344,1093.0,15.363,1.484,4.0,1.7250337790236414,-0.2116616512960586
wheat,IN,IN-09-2011,2006,348.267,129.013,268.4,24.557,30.66316,76.69344,1093.0,15.363,1.484,4.0,0.5561279684892558,-0.8949472387696763
wheat,IN,IN-09-2011,2007,348.267,129.013,268.4,24.557,30.66316,76.69344,1093.0,15.363,1.484,4.0,0.9096649951430846,-0.18064005099146976
wheat,IN,IN-09-2011,2008,348.267,129.013,268.4,24.557,30.66316,76.69344,1093.0,15.363,1.484,4.0,1.161758479372006,-0.8024339297843244
wheat,IN,IN-09-2011,2009,348.267,129.013,268.4,24.557,30.66316,76.69344,1093.0,15.363,1.484,4.0,-0.512175064695595,-1.4915445162535643
wheat,IN,IN-09-2011,2010,348.267,129.013,268.4,24.557,30.66316,76.69344,1093.0,15.363,1.484,4.0,0.668993349343773,-0.7616339934943567
wheat,IN,IN-09-2011,2011,348.267,129.013,268.4,24.557,30.66316,76.69344,1093.0,15.363,1.484,4.0,0.7161442127556867,0.5095421853069777
wheat,IN,IN-09-2011,2012,348.267,129.013,268.4,24.557,30.66316,76.69344,1093.0,15.363,1.484,4.0,-0.7045027906010032,-0.2929240554203474
wheat,IN,IN-09-2011,2013,348.267,129.013,268.4,24.557,30.66316,76.69344,1093.0,15.363,1.484,4.0,-0.47247838654266305,1.0180059074584016
wheat,IN,IN-09-2011,2014,348.267,129.013,268.4,24.557,30.66316,76.69344,1093.0,15.363,1.484,4.0,-0.9358534413703714,0.3141816963221438
wheat,IN,IN-09-2011,2015,348.267,129.013,268.4,24.557,30.66316,76.69344,1093.0,15.363,1.484,4.0,-0.5668942100742247,2.1895613981472364
wheat,IN,IN-09-2011,2016,348.267,129.013,268.4,24.557,30.66316,76.69344,1093.0,15.363,1.484,4.0,-1.5537309322612147,-0.4773606904952848
wheat,IN,IN-09-2011,2017,348.267,129.013,268.4,24.557,30.66316,76.69344,1093.0,15.363,1.484,4.0,-0.992087958582357,1.0818549392703407
wheat,IN,IN-10-0139,2003,341.851,118.855,1521.2,17.964,26.21694,74.87421,8468.0,12.996,1.508,5.0,1.254356582590687,-1.0272292751287229
wheat,IN,IN-10-0139,2004,341.851,118.855,1521.2,17.964,26.21694,74.87421,8468.0,12.996,1.508,5.0,1.266625448759043,-1.0363476895574741
wheat,IN,IN-10-0139,2005,341.851,118.855,1521.2,17.964,26.21694,74.87421,8468.0,12.996,1.508,5.0,-0.5567274906119073,-0.19651072322649474
wheat,IN,IN-10-0139,2006,341.851,118.855,1521.2,17.964,26.21694,74.87421,8468.0,12.996,1.508,5.0,-0.5339338301431102,-0.20378220668738414
wheat,IN,IN-10-0139,2007,341.851,118.855,1521.2,17.964,26.21694,74.87421,8468.0,12.996,1.508,5.0,0.5649872506770057,-0.3047822078670586
wheat,IN,IN-10-0139,2008,341.851,118.855,1521.2,17.964,26.21694,74.87421,8468.0,12.996,1.508,5.0,-0.23229151901964534,-0.5650192429921717
wheat,IN,IN-10-0139,2009,341.851,118.855,1521.2,17.964,26.21694,74.87421,8468.0,12.996,1.508,5.0,-1.581562410359386,-1.2351187916233521
wheat,IN,IN-10-0139,2010,341.851,118.855,1521.2,17.964,26.21694,74.87421,8468.0,12.996,1.508,5.0,-0.26486220770635144,-0.24418220715925393
wheat,IN,IN-10-0139,2011,341.851,118.855,1521.2,17.964,26.21694,74.87421,8468.0,12.996,1.508,5.0,0.3055134984016747,1.303950232263457
wheat,IN,IN-10-0139,2012,341.851,118.855,1521.2,17.964,26.21694,74.87421,8468.0,12.996,1.508,5.0,0.9727896803846099,0.6439074451573064
wheat,IN,IN-10-0139,2013,341.851,118.855,1521.2,17.964,26.21694,74.87421,8468.0,12.996,1.508,5.0,1.0440062870446722,1.3109714695414214
wheat,IN,IN-10-0139,2014,341.851,118.855,1521.2,17.964,26.21694,74.87421,8468.0,12.996,1.508,5.0,0.11366555787585615,1.3118119286617127
wheat,IN,IN-10-0139,2015,341.851,118.855,1521.2,17.964,26.21694,74.87421,8468.0,12.996,1.508,5.0,-1.628928602709154,0.5852060378220629
wheat,IN,IN-10-0139,2016,341.851,118.855,1521.2,17.964,26.21694,74.87421,8468.0,12.996,1.508,5.0,0.6928835175510053,0.7964800718535733
wheat,IN,IN-10-0139,2017,341.851,118.855,1521.2,17.964,26.21694,74.87421,8468.0,12.996,1.508,5.0,-1.4165217627349869,1.1963873035105483
wheat,IN,IN-10-0140,2003,341.011,112.35,4295.7,51.255,27.71463,76.60065,8381.0,13.381,1.487,5.0,2.061419566926388,-0.40830397985976963
wheat,IN,IN-10-0140,2004,341.011,112.35,4295.7,51.255,27.71463,76.60065,8381.0,13.381,1.487,5.0,2.066928162790135,-0.9091254937053305
wheat,IN,IN-10-0140,2005,341.011,112.35,4295.7,51.255,27.71463,76.60065,8381.0,13.381,1.487,5.0,0.7098174213839339,-0.5060063791198085
wheat,IN,IN-10-0140,2006,341.011,112.35,4295.7,51.255,27.71463,76.60065,8381.0,13.381,1.487,5.0,-0.23004489675649684,-0.8379413122430099
wheat,IN,IN-10-0140,2007,341.011,112.35,4295.7,51.255,27.71463,76.60065,8381.0,13.381,1.487,5.0,-0.2846525409847974,-0.38298154376645455
wheat,IN,IN-10-0140,2008,341.011,112.35,4295.7,51.255,27.71463,76.60065,8381.0,13.381,1.487,5.0,0.5091924530544331,0.327158040430458
wheat,IN,IN-10-0140,2009,341.011,112.35,4295.7,51.255,27.71463,76.60065,8381.0,13.381,1.487,5.0,-0.8476263378318768,-0.33733081869822684
wheat,IN,IN-10-0140,2010,341.011,112.35,4295.7,51.255,27.71463,76.60065,8381.0,13.381,1.487,5.0,-0.11952732086861671,0.8557779618984587
wheat,IN,IN-10-0140,2011,341.011,112.35,4295.7,51.255,27.71463,76.60065,8381.0,13.381,1.487,5.0,-0.09961080788794437,1.4244776724941552
wheat,IN,IN-10-0140,2012,341.011,112.35,4295.7,51.255,27.71463,76.60065,8381.0,13.381,1.487,5.0,-0.21460473793421808,0.07665751614163464
wheat,IN,IN-10-0140,2013,341.011,112.35,4295.7,51.255,27.71463,76.60065,8381.0,13.381,1.487,5.0,0.19971929653885742,1.576044957419357
wheat,IN,IN-10-0140,2014,341.011,112.35,4295.7,51.255,27.71463,76.60065,8381.0,13.381,1.487,5.0,-0.771120804396026,0.7613815473506004
wheat,IN,IN-10-0140,2015,341.011,112.35,4295.7,51.255,27.71463,76.60065,8381.0,13.381,1.487,5.0,-1.2001243310578802,1.0215992773628533
wheat,IN,IN-10-0140,2016,341.011,112.35,4295.7,51.255,27.71463,76.60065,8381.0,13.381,1.487,5.0,-0.6310759300764205,0.3905616253143367
wheat,IN,IN-10-0140,2017,341.011,112.35,4295.7,51.255,27.71463,76.60065,8381.0,13.381,1.487,5.0,-1.1486891928994603,0.1505219436390792
wheat,IN,IN-10-0141,2003,340.33,107.19,918.4,20.378,23.54637,74.29871,4507.0,14.812,1.605,4.0,-0.7961466383210356,-1.6761598789029726
wheat,IN,IN-10-0141,2004,340.33,107.19,918.4,20.378,23.54637,74.29871,4507.0,14.812,1.605,4.0,-0.9606278094579891,-0.4313243640161153
wheat,IN,IN-10-0141,2005,340.33,107.19,918.4,20.378,23.54637,74.29871,4507.0,14.812,1.605,4.0,-1.1501228456563142,0.2352452451833636
wheat,IN,IN-10-0141,2006,340.33,107.19,918.4,20.378,23.54637,74.29871,4507.0,14.812,1.605,4.0,0.764728718068995,0.08939043055276426
wheat,IN,IN-10-0141,2007,340.33,107.19,918.4,20.378,23.54637,74.29871,4507.0,14.812,1.605,4.0,1.4400676309792282,0.060161893357710425
wheat,IN,IN-10-0141,2008,340.33,107.19,918.4,20.378,23.54637,74.29871,4507.0,14.812,1.605,4.0,0.517454378876061,0.21872965489511564
wheat,IN,IN-10-0141,2009,340.33,107.19,918.4,20.378,23.54637,74.29871,4507.0,14.812,1.605,4.0,-1.463674105848908,-0.8978163674206532
wheat,IN,IN-10-0141,2010,340.33,107.19,918.4,20.378,23.54637,74.29871,4507.0,14.812,1.605,4.0,-1.0000769025411893,0.3543818543610916
wheat,IN,IN-10-0141,2011,340.33,107.19,918.4,20.378,23.54637,74.29871,4507.0,14.812,1.605,4.0,0.7074069224249318,-0.054994869404112155
wheat,IN,IN-10-0141,2012,340.33,107.19,918.4,20.378,23.54637,74.29871,4507.0,14.812,1.605,4.0,0.3075725376342491,0.7718374316401463
wheat,IN,IN-10-0141,2013,340.33,107.19,918.4,20.378,23.54637,74.29871,4507.0,14.812,1.605,4.0,1.7840732094948115,1.369228046090312
wheat,IN,IN-10-0141,2014,340.33,107.19,918.4,20.378,23.54637,74.29871,4507.0,14.812,1.605,4.0,0.0771806774741625,0.9493389027609856
wheat,IN,IN-10-0141,2015,340.33,107.19,918.4,20.378,23.54637,74.29871,4507.0,14.812,1.605,4.0,-0.8031364278640298,0.7440772976464413
wheat,IN,IN-10-0141,2016,340.33,107.19,918.4,20.378,23.54637,74.29871,4507.0,14.812,1.605,4.0,0.7658185077498055,0.6574980456615913
wheat,IN,IN-10-0141,2017,340.33,107.19,918.4,20.378,23.54637,74.29871,4507.0,14.812,1.605,4.0,-0.19051785301270033,1.0592845448505022
wheat,IN,IN-10-0142,2003,342.52,112.254,411.8,1.45,25.79946,71.62582,28410.0,11.188,1.445,6.0,1.028129380501815,-0.4054680929402919
wheat,IN,IN-10-0142,2004,342.52,112.254,411.8,1.45,25.79946,71.62582,28410.0,11.188,1.445,6.0,-0.6112468959351107,-0.6499239834696258
wheat,IN,IN-10-0142,2005,342.52,112.254,411.8,1.45,25.79946,71.62582,28410.0,11.188,1.445,6.0,-1.643367188127233,-1.2046255713083256
wheat,IN,IN-10-0142,2006,342.52,112.254,411.8,1.45,25.79946,71.62582,28410.0,11.188,1.445,6.0,0.9343274445741558,-0.744260988204095
wheat,IN,IN-10-0142,2007,342.52,112.254,411.8,1.45,25.79946,71.62582,28410.0,11.188,1.445,6.0,1.6651655417538893,0.1859839106558388
wheat,IN,IN-10-0142,2008,342.52,112.254,411.8,1.45,25.79946,71.62582,28410.0,11.188,1.445,6.0,0.6411414908875467,-0.4010539805034436
wheat,IN,IN-10-0142,2009,342.52,112.254,411.8,1.45,25.79946,71.62582,28410.0,11.188,1.445,6.0,-1.3794886085547393,-1.026852726830918
wheat,IN,IN-10-0142,2010,342.52,112.254,411.8,1.45,25.79946,71.62582,28410.0,11.188,1.445,6.0,-0.4860125224657742,0.35843377824774725
wheat,IN,IN-10-0142,2011,342.52,112.254,411.8,1.45,25.79946,71.62582,28410.0,11.188,1.445,6.0,0.9536528770870977,1.402334674072147
wheat,IN,IN-10-0142,2012,342.52,112.254,411.8,1.45,25.79946,71.62582,28410.0,11.188,1.445,6.0,1.0497533302930613,0.8611833105498495
wheat,IN,IN-10-0142,2013,342.52,112.254,411.8,1.45,25.79946,71.62582,28410.0,11.188,1.445,6.0,0.13004264341014019,1.1014630174703801
wheat,IN,IN-10-0142,2014,342.52,112.254,411.8,1.45,25.79946,71.62582,28410.0,11.188,1.445,6.0,-0.6034454387090139,0.8881793545924432
wheat,IN,IN-10-0142,2015,342.52,112.254,411.8,1.45,25.79946,71.62582,28410.0,11.188,1.445,6.0,-0.31242745351059636,0.6728904606959906
wheat,IN,IN-10-0142,2016,342.52,112.254,411.8,1.45,25.79946,71.62582,28410.0,11.188,1.445,6.0,-1.036155456133989,0.6460568237937416
wheat,IN,IN-10-0142,2017,342.52,112.254,411.8,1.45,25.79946,71.62582,28410.0,11.188,1.445,6.0,-0.33006914507120944,1.1530097488743334
wheat,IN,IN-10-0143,2003,336.411,103.936,3426.5,67.677,27.32257,77.23085,5063.0,12.505,1.521,5.0,2.132279452565091,-0.18074554548305122
wheat,IN,IN-10-0143,2004,336.411,103.936,3426.5,67.677,27.32257,77.23085,5063.0,12.505,1.521,5.0,1.7266938984184994,-0.9669330246692258
wheat,IN,IN-10-0143,2005,336.411,103.936,3426.5,67.677,27.32257,77.23085,5063.0,12.505,1.521,5.0,0.7541082216029068,-0.7443821643433025
wheat,IN,IN-10-0143,2006,336.411,103.936,3426.5,67.677,27.32257,77.23085,5063.0,12.505,1.521,5.0,-0.05328734389693733,-1.2095045246389273
wheat,IN,IN-10-0143,2007,336.411,103.936,3426.5,67.677,27.32257,77.23085,5063.0,12.505,1.521,5.0,-0.30895214159743734,-0.8981120758937394
wheat,IN,IN-10-0143,2008,336.411,103.936,3426.5,67.677,27.32257,77.23085,5063.0,12.505,1.521,5.0,0.7186287972293998,-0.03995994930214913
wheat,IN,IN-10-0143,2009,336.411,103.936,3426.5,67.677,27.32257,77.23085,5063.0,12.505,1.521,5.0,-0.6582342776970679,-0.6613203439164331
wheat,IN,IN-10-0143,2010,336.411,103.936,3426.5,67.677,27.32257,77.23085,5063.0,12.505,1.521,5.0,-0.21942667071120783,0.7050287265343759
wheat,IN,IN-10-0143,2011,336.411,103.936,3426.5,67.677,27.32257,77.23085,5063.0,12.505,1.521,5.0,-0.11213365818624273,1.5682594553058178
wheat,IN,IN-10-0143,2012,336.411,103.936,3426.5,67.677,27.32257,77.23085,5063.0,12.505,1.521,5.0,-0.12349454412696119,0.3449713896507415
wheat,IN,IN-10-0143,2013,336.411,103.936,3426.5,67.677,27.32257,77.23085,5063.0,12.505,1.521,5.0,0.28425826803722176,1.7120056903274536
wheat,IN,IN-10-0143,2014,336.411,103.936,3426.5,67.677,27.32257,77.23085,5063.0,12.505,1.521,5.0,-0.5969669574304861,0.876973706476113
wheat,IN,IN-10-0143,2015,336.411,103.936,3426.5,67.677,27.32257,77.23085,5063.0,12.505,1.521,5.0,-1.3526600915031386,0.981301094887133
wheat,IN,IN-10-0143,2016,336.411,103.936,3426.5,67.677,27.32257,77.23085,5063.0,12.505,1.521,5.0,-0.8581541072239365,1.0902618169506433
wheat,IN,IN-10-0143,2017,336.411,103.936,3426.5,67.677,27.32257,77.23085,5063.0,12.505,1.521,5.0,-1.3326588454796837,-0.3326056155474851
wheat,IN,IN-10-0144,2003,341.848,117.761,2054.3,19.602,25.53401,74.82672,10480.0,13.263,1.527,5.0,-0.42797111922037995,-1.3842547734772128
wheat,IN,IN-10-0144,2004,341.848,117.761,2054.3,19.602,25.53401,74.82672,10480.0,13.263,1.527,5.0,1.1793123799747802,-0.6738537122187059
wheat,IN,IN-10-0144,2005,341.848,117.761,2054.3,19.602,25.53401,74.82672,10480.0,13.263,1.527,5.0,-0.9853805221165124,-0.03897841699964307
wheat,IN,IN-10-0144,2006,341.848,117.761,2054.3,19.602,25.53401,74.82672,10480.0,13.263,1.527,5.0,-0.3484175990375054,-0.42638971815257426
wheat,IN,IN-10-0144,2007,341.848,117.761,2054.3,19.602,25.53401,74.82672,10480.0,13.263,1.527,5.0,0.42979753469221965,0.4378769441442802
wheat,IN,IN-10-0144,2008,341.848,117.761,2054.3,19.602,25.53401,74.82672,10480.0,13.263,1.527,5.0,-0.220745404166151,-0.04516663578236712
wheat,IN,IN-10-0144,2009,341.848,117.761,2054.3,19.602,25.53401,74.82672,10480.0,13.263,1.527,5.0,-1.5607593297994815,-1.0086766444389033
wheat,IN,IN-10-0144,2010,341.848,117.761,2054.3,19.602,25.53401,74.82672,10480.0,13.263,1.527,5.0,-0.8727540839358654,-0.8104565072039543
wheat,IN,IN-10-0144,2011,341.848,117.761,2054.3,19.602,25.53401,74.82672,10480.0,13.263,1.527,5.0,0.48566968639461394,1.0773411983125085
wheat,IN,IN-10-0144,2012,341.848,117.761,2054.3,19.602,25.53401,74.82672,10480.0,13.263,1.527,5.0,0.9149142539651621,0.4302164151532727
wheat,IN,IN-10-0144,2013,341.848,117.761,2054.3,19.602,25.53401,74.82672,10480.0,13.263,1.527,5.0,1.5775004383897393,1.538009435724925
wheat,IN,IN-10-0144,2014,341.848,117.761,2054.3,19.602,25.53401,74.82672,10480.0,13.263,1.527,5.0,1.1450656482886292,1.0982296539896632
wheat,IN,IN-10-0144,2015,341.848,117.761,2054.3,19.602,25.53401,74.82672,10480.0,13.263,1.527,5.0,-1.177551391798214,0.7560930999361849
wheat,IN,IN-10-0144,2016,341.848,117.761,2054.3,19.602,25.53401,74.82672,10480.0,13.263,1.527,5.0,0.8344573188768936,0.4670628369086058
wheat,IN,IN-10-0144,2017,341.848,117.761,2054.3,19.602,25.53401,74.82672,10480.0,13.263,1.527,5.0,-0.9731378105078924,1.2981217446869715
wheat,IN,IN-10-0145,2003,340.24,120.469,3867.8,12.785,28.21983,73.40939,30253.0,9.73,1.441,6.0,0.9115075227223954,-0.7926815506826672
wheat,IN,IN-10-0145,2004,340.24,120.469,3867.8,12.785,28.21983,73.40939,30253.0,9.73,1.441,6.0,1.7614185026782836,-1.1313032656738298
wheat,IN,IN-10-0145,2005,340.24,120.469,3867.8,12.785,28.21983,73.40939,30253.0,9.73,1.441,6.0,1.2322931037572118,-0.8283955596856426
wheat,IN,IN-10-0145,2006,340.24,120.469,3867.8,12.785,28.21983,73.40939,30253.0,9.73,1.441,6.0,0.64627898495082,-1.0717799173355411
wheat,IN,IN-10-0145,2007,340.24,120.469,3867.8,12.785,28.21983,73.40939,30253.0,9.73,1.441,6.0,0.9113090012721686,-0.4672872464333483
wheat,IN,IN-10-0145,2008,340.24,120.469,3867.8,12.785,28.21983,73.40939,30253.0,9.73,1.441,6.0,0.5717314112631791,-0.49837166167667807
wheat,IN,IN-10-0145,2009,340.24,120.469,3867.8,12.785,28.21983,73.40939,30253.0,9.73,1.441,6.0,-0.31903094812014904,-0.6776030772286386
wheat,IN,IN-10-0145,2010,340.24,120.469,3867.8,12.785,28.21983,73.40939,30253.0,9.73,1.441,6.0,-0.6222238868373356,0.40307638037987453
wheat,IN,IN-10-0145,2011,340.24,120.469,3867.8,12.785,28.21983,73.40939,30253.0,9.73,1.441,6.0,-0.011983337211492274,0.8790427102405
wheat,IN,IN-10-0145,2012,340.24,120.469,3867.8,12.785,28.21983,73.40939,30253.0,9.73,1.441,6.0,0.06878632089654141,0.5452710458546797
wheat,IN,IN-10-0145,2013,340.24,120.469,3867.8,12.785,28.21983,73.40939,30253.0,9.73,1.441,6.0,-0.31036781624243154,0.8792631670861975
wheat,IN,IN-10-0145,2014,340.24,120.469,3867.8,12.785,28.21983,73.40939,30253.0,9.73,1.441,6.0,-0.8892384665041039,0.9255591046826459
wheat,IN,IN-10-0145,2015,340.24,120.469,3867.8,12.785,28.21983,73.40939,30253.0,9.73,1.441,6.0,-0.8269149074920475,1.4678829450981816
wheat,IN,IN-10-0145,2016,340.24,120.469,3867.8,12.785,28.21983,73.40939,30253.0,9.73,1.441,6.0,-1.4393806660323702,1.454376289018456
wheat,IN,IN-10-0145,2017,340.24,120.469,3867.8,12.785,28.21983,73.40939,30253.0,9.73,1.441,6.0,-1.684184819100671,1.0849494041218455
wheat,IN,IN-10-0146,2003,340.805,114.079,2677.8,46.385,25.56203,75.78816,5773.0,14.109,1.528,4.0,-0.0839232808037533,-1.7777426043402118
wheat,IN,IN-10-0146,2004,340.805,114.079,2677.8,46.385,25.56203,75.78816,5773.0,14.109,1.528,4.0,1.085858135909514,-0.8942789328620022
wheat,IN,IN-10-0146,2005,340.805,114.079,2677.8,46.385,25.56203,75.78816,5773.0,14.109,1.528,4.0,-0.6372632325052514,0.027565848334455932
wheat,IN,IN-10-0146,2006,340.805,114.079,2677.8,46.385,25.56203,75.78816,5773.0,14.109,1.528,4.0,-0.37494077932315417,-0.14188706730587858
wheat,IN,IN-10-0146,2007,340.805,114.079,2677.8,46.385,25.56203,75.78816,5773.0,14.109,1.528,4.0,0.0964898825778888,0.3126478670385449
wheat,IN,IN-10-0146,2008,340.805,114.079,2677.8,46.385,25.56203,75.78816,5773.0,14.109,1.528,4.0,0.15807990189486035,0.3622995434345841
wheat,IN,IN-10-0146,2009,340.805,114.079,2677.8,46.385,25.56203,75.78816,5773.0,14.109,1.528,4.0,-1.2279102515144027,-0.49962100032436013
wheat,IN,IN-10-0146,2010,340.805,114.079,2677.8,46.385,25.56203,75.78816,5773.0,14.109,1.528,4.0,-0.6444161364858353,-0.700381108389198
wheat,IN,IN-10-0146,2011,340.805,114.079,2677.8,46.385,25.56203,75.78816,5773.0,14.109,1.528,4.0,0.7860953455431317,0.7693241735053188
wheat,IN,IN-10-0146,2012,340.805,114.079,2677.8,46.385,25.56203,75.78816,5773.0,14.109,1.528,4.0,0.6544663044109873,0.5579672509485069
wheat,IN,IN-10-0146,2013,340.805,114.079,2677.8,46.385,25.56203,75.78816,5773.0,14.109,1.528,4.0,2.144596848683173,1.2855485689321757
wheat,IN,IN-10-0146,2014,340.805,114.079,2677.8,46.385,25.56203,75.78816,5773.0,14.109,1.528,4.0,0.6519117924271645,0.39000680678739197
wheat,IN,IN-10-0146,2015,340.805,114.079,2677.8,46.385,25.56203,75.78816,5773.0,14.109,1.528,4.0,-1.2441204543313724,1.3455329699814942
wheat,IN,IN-10-0146,2016,340.805,114.079,2677.8,46.385,25.56203,75.78816,5773.0,14.109,1.528,4.0,0.25560710739942194,1.0285932573949454
wheat,IN,IN-10-0146,2017,340.805,114.079,2677.8,46.385,25.56203,75.78816,5773.0,14.109,1.528,4.0,-1.6205311838823524,0.8122160416871088
wheat,IN,IN-10-0147,2003,341.466,114.078,1751.2,22.425,24.8418,74.57673,7809.0,13.182,1.535,5.0,-1.3368316166897507,-1.5770506985646018
wheat,IN,IN-10-0147,2004,341.466,114.078,1751.2,22.425,24.8418,74.57673,7809.0,13.182,1.535,5.0,-0.05310594927846188,-0.7994425323597429
wheat,IN,IN-10-0147,2005,341.466,114.078,1751.2,22.425,24.8418,74.57673,7809.0,13.182,1.535,5.0,-1.3370590443658315,0.009199391708800905
wheat,IN,IN-10-0147,2006,341.466,114.078,1751.2,22.425,24.8418,74.57673,7809.0,13.182,1.535,5.0,0.10173836478388654,-0.23738511927552733
wheat,IN,IN-10-0147,2007,341.466,114.078,1751.2,22.425,24.8418,74.57673,7809.0,13.182,1.535,5.0,0.40387621154768283,0.3942979258198593
wheat,IN,IN-10-0147,2008,341.466,114.078,1751.2,22.425,24.8418,74.57673,7809.0,13.182,1.535,5.0,-0.1357584974613606,0.1542020888365667
wheat,IN,IN-10-0147,2009,341.466,114.078,1751.2,22.425,24.8418,74.57673,7809.0,13.182,1.535,5.0,-1.4885338996932045,-0.4777406969785401
wheat,IN,IN-10-0147,2010,341.466,114.078,1751.2,22.425,24.8418,74.57673,7809.0,13.182,1.535,5.0,-1.1735801784134714,-0.5323696025264938
wheat,IN,IN-10-0147,2011,341.466,114.078,1751.2,22.425,24.8418,74.57673,7809.0,13.182,1.535,5.0,0.6154833130585577,0.8138293315952408
wheat,IN,IN-10-0147,2012,341.466,114.078,1751.2,22.425,24.8418,74.57673,7809.0,13.182,1.535,5.0,0.5561458176187184,0.32739681909759166
wheat,IN,IN-10-0147,2013,341.466,114.078,1751.2,22.425,24.8418,74.57673,7809.0,13.182,1.535,5.0,1.7173775768086925,1.320886356600735
wheat,IN,IN-10-0147,2014,341.466,114.078,1751.2,22.425,24.8418,74.57673,7809.0,13.182,1.535,5.0,1.1013384249200977,1.1553747008400133
wheat,IN,IN-10-0147,2015,341.466,114.078,1751.2,22.425,24.8418,74.57673,7809.0,13.182,1.535,5.0,-0.27635741588559093,0.9922755208263394
wheat,IN,IN-10-0147,2016,341.466,114.078,1751.2,22.425,24.8418,74.57673,7809.0,13.182,1.535,5.0,1.307892645312901,0.37990216890303774
wheat,IN,IN-10-0147,2017,341.466,114.078,1751.2,22.425,24.8418,74.57673,7809.0,13.182,1.535,5.0,-0.0026257522628718743,1.344687971578129
wheat,IN,IN-10-0148,2003,341.26,120.959,1871.0,13.52,28.37678,74.47124,13839.0,9.619,1.441,6.0,0.8745081366401801,-0.9639180835896222
wheat,IN,IN-10-0148,2004,341.26,120.959,1871.0,13.52,28.37678,74.47124,13839.0,9.619,1.441,6.0,1.7507909592487798,-1.1549657209206317
wheat,IN,IN-10-0148,2005,341.26,120.959,1871.0,13.52,28.37678,74.47124,13839.0,9.619,1.441,6.0,1.3149313557863398,-0.7555024792285192
wheat,IN,IN-10-0148,2006,341.26,120.959,1871.0,13.52,28.37678,74.47124,13839.0,9.619,1.441,6.0,0.7776042652493104,-0.9910121121565646
wheat,IN,IN-10-0148,2007,341.26,120.959,1871.0,13.52,28.37678,74.47124,13839.0,9.619,1.441,6.0,0.8097584575907314,-0.3386712705063131
wheat,IN,IN-10-0148,2008,341.26,120.959,1871.0,13.52,28.37678,74.47124,13839.0,9.619,1.441,6.0,0.4861520978956631,-0.1969486595407645
wheat,IN,IN-10-0148,2009,341.26,120.959,1871.0,13.52,28.37678,74.47124,13839.0,9.619,1.441,6.0,-0.10189491763270035,-0.7582813539533327
wheat,IN,IN-10-0148,2010,341.26,120.959,1871.0,13.52,28.37678,74.47124,13839.0,9.619,1.441,6.0,-0.4927570699151946,0.5262534875922604
wheat,IN,IN-10-0148,2011,341.26,120.959,1871.0,13.52,28.37678,74.47124,13839.0,9.619,1.441,6.0,0.053565706855578356,1.5278680057658887
wheat,IN,IN-10-0148,2012,341.26,120.959,1871.0,13.52,28.37678,74.47124,13839.0,9.619,1.441,6.0,-0.11653075464588696,0.34006888102967675
wheat,IN,IN-10-0148,2013,341.26,120.959,1871.0,13.52,28.37678,74.47124,13839.0,9.619,1.441,6.0,-0.30066260904951997,0.8055303974361379
wheat,IN,IN-10-0148,2014,341.26,120.959,1871.0,13.52,28.37678,74.47124,13839.0,9.619,1.441,6.0,-0.9845489357814824,0.7743915623252975
wheat,IN,IN-10-0148,2015,341.26,120.959,1871.0,13.52,28.37678,74.47124,13839.0,9.619,1.441,6.0,-1.118352654002853,1.184846797373344
wheat,IN,IN-10-0148,2016,341.26,120.959,1871.0,13.52,28.37678,74.47124,13839.0,9.619,1.441,6.0,-1.424824394535668,1.2168192949016303
wheat,IN,IN-10-0148,2017,341.26,120.959,1871.0,13.52,28.37678,74.47124,13839.0,9.619,1.441,6.0,-1.5277396437032846,1.0236720633340932
wheat,IN,IN-10-0149,2003,340.507,108.52,420.0,11.143,23.78714,73.87312,3769.0,13.554,1.56,5.0,-0.8067610008867566,-1.3466363306828701
wheat,IN,IN-10-0149,2004,340.507,108.52,420.0,11.143,23.78714,73.87312,3769.0,13.554,1.56,5.0,-1.332912158101661,-0.6251025917352542
wheat,IN,IN-10-0149,2005,340.507,108.52,420.0,11.143,23.78714,73.87312,3769.0,13.554,1.56,5.0,-1.1877825149638153,-0.41551022066607013
wheat,IN,IN-10-0149,2006,340.507,108.52,420.0,11.143,23.78714,73.87312,3769.0,13.554,1.56,5.0,1.2785261204266765,-0.23264439355872968
wheat,IN,IN-10-0149,2007,340.507,108.52,420.0,11.143,23.78714,73.87312,3769.0,13.554,1.56,5.0,1.2009612155532448,0.3287089382905371
wheat,IN,IN-10-0149,2008,340.507,108.52,420.0,11.143,23.78714,73.87312,3769.0,13.554,1.56,5.0,0.6248049203815899,-0.012640605643165843
wheat,IN,IN-10-0149,2009,340.507,108.52,420.0,11.143,23.78714,73.87312,3769.0,13.554,1.56,5.0,-1.2890245891862646,-1.0433576247923155
wheat,IN,IN-10-0149,2010,340.507,108.52,420.0,11.143,23.78714,73.87312,3769.0,13.554,1.56,5.0,-1.1226954318021403,0.30875993896973425
wheat,IN,IN-10-0149,2011,340.507,108.52,420.0,11.143,23.78714,73.87312,3769.0,13.554,1.56,5.0,0.6227602144152717,0.5981985451867113
wheat,IN,IN-10-0149,2012,340.507,108.52,420.0,11.143,23.78714,73.87312,3769.0,13.554,1.56,5.0,0.03304910798369388,0.9937075518674254
wheat,IN,IN-10-0149,2013,340.507,108.52,420.0,11.143,23.78714,73.87312,3769.0,13.554,1.56,5.0,0.9578475944020167,1.267914950956456
wheat,IN,IN-10-0149,2014,340.507,108.52,420.0,11.143,23.78714,73.87312,3769.0,13.554,1.56,5.0,-0.10130689907733512,1.0487431325256926
wheat,IN,IN-10-0149,2015,340.507,108.52,420.0,11.143,23.78714,73.87312,3769.0,13.554,1.56,5.0,-0.7901980363880926,0.7730335251364013
wheat,IN,IN-10-0149,2016,340.507,108.52,420.0,11.143,23.78714,73.87312,3769.0,13.554,1.56,5.0,0.9250153835052458,0.6834963498222789
wheat,IN,IN-10-0149,2017,340.507,108.52,420.0,11.143,23.78714,73.87312,3769.0,13.554,1.56,5.0,0.987716073738352,1.112616997749643
wheat,IN,IN-10-0150,2003,345.51,111.555,5564.4,50.919,29.55431,73.57254,10928.0,12.277,1.446,6.0,1.510849321324668,-1.0056656808544198
wheat,IN,IN-10-0150,2004,345.51,111.555,5564.4,50.919,29.55431,73.57254,10928.0,12.277,1.446,6.0,1.5943919723387672,-1.31758449734016
wheat,IN,IN-10-0150,2005,345.51,111.555,5564.4,50.919,29.55431,73.57254,10928.0,12.277,1.446,6.0,1.4500816701222834,-0.5214620837707632
wheat,IN,IN-10-0150,2006,345.51,111.555,5564.4,50.919,29.55431,73.57254,10928.0,12.277,1.446,6.0,0.634686584216054,-0.6194143179010313
wheat,IN,IN-10-0150,2007,345.51,111.555,5564.4,50.919,29.55431,73.57254,10928.0,12.277,1.446,6.0,0.841578951694708,0.5275299271278279
wheat,IN,IN-10-0150,2008,345.51,111.555,5564.4,50.919,29.55431,73.57254,10928.0,12.277,1.446,6.0,0.3192786583581327,-0.21510084085269543
wheat,IN,IN-10-0150,2009,345.51,111.555,5564.4,50.919,29.55431,73.57254,10928.0,12.277,1.446,6.0,-0.34216077110480836,-0.3672394172677924
wheat,IN,IN-10-0150,2010,345.51,111.555,5564.4,50.919,29.55431,73.57254,10928.0,12.277,1.446,6.0,-0.6658185968645483,-0.3061061080233708
wheat,IN,IN-10-0150,2011,345.51,111.555,5564.4,50.919,29.55431,73.57254,10928.0,12.277,1.446,6.0,-0.05221359149423253,1.3319578256400306
wheat,IN,IN-10-0150,2012,345.51,111.555,5564.4,50.919,29.55431,73.57254,10928.0,12.277,1.446,6.0,-0.42495624436984963,0.6108935306429516
wheat,IN,IN-10-0150,2013,345.51,111.555,5564.4,50.919,29.55431,73.57254,10928.0,12.277,1.446,6.0,-0.6685702061802706,0.9307318894626276
wheat,IN,IN-10-0150,2014,345.51,111.555,5564.4,50.919,29.55431,73.57254,10928.0,12.277,1.446,6.0,-0.9412660590728994,1.2131955660396931
wheat,IN,IN-10-0150,2015,345.51,111.555,5564.4,50.919,29.55431,73.57254,10928.0,12.277,1.446,6.0,-0.6810899053656718,1.481537953415256
wheat,IN,IN-10-0150,2016,345.51,111.555,5564.4,50.919,29.55431,73.57254,10928.0,12.277,1.446,6.0,-1.3330054236426219,0.6288924904928047
wheat,IN,IN-10-0150,2017,345.51,111.555,5564.4,50.919,29.55431,73.57254,10928.0,12.277,1.446,6.0,-1.2417863599597072,0.5003420246177839
wheat,IN,IN-10-0151,2003,341.074,118.244,2985.8,26.824,27.07407,75.71682,11131.0,12.73,1.493,5.0,1.925717601967549,-0.7173646276943522
wheat,IN,IN-10-0151,2004,341.074,118.244,2985.8,26.824,27.07407,75.71682,11131.0,12.73,1.493,5.0,1.6708740471493742,-0.8202543518063526
wheat,IN,IN-10-0151,2005,341.074,118.244,2985.8,26.824,27.07407,75.71682,11131.0,12.73,1.493,5.0,0.43776804347867804,-0.27377146358087795
wheat,IN,IN-10-0151,2006,341.074,118.244,2985.8,26.824,27.07407,75.71682,11131.0,12.73,1.493,5.0,-0.22831389911019015,-0.3829051551191975
wheat,IN,IN-10-0151,2007,341.074,118.244,2985.8,26.824,27.07407,75.71682,11131.0,12.73,1.493,5.0,0.08784934888187292,-0.3776927997024427
wheat,IN,IN-10-0151,2008,341.074,118.244,2985.8,26.824,27.07407,75.71682,11131.0,12.73,1.493,5.0,0.36793292460003885,-0.053839022523881626
wheat,IN,IN-10-0151,2009,341.074,118.244,2985.8,26.824,27.07407,75.71682,11131.0,12.73,1.493,5.0,-1.31005325537455,-0.4236266818126028
wheat,IN,IN-10-0151,2010,341.074,118.244,2985.8,26.824,27.07407,75.71682,11131.0,12.73,1.493,5.0,0.16072063136669243,0.09435113772749025
wheat,IN,IN-10-0151,2011,341.074,118.244,2985.8,26.824,27.07407,75.71682,11131.0,12.73,1.493,5.0,0.1616708407883639,1.6953043858364167
wheat,IN,IN-10-0151,2012,341.074,118.244,2985.8,26.824,27.07407,75.71682,11131.0,12.73,1.493,5.0,0.21340116611933432,0.011760477679323597
wheat,IN,IN-10-0151,2013,341.074,118.244,2985.8,26.824,27.07407,75.71682,11131.0,12.73,1.493,5.0,0.5298618899729262,1.4464539022273712
wheat,IN,IN-10-0151,2014,341.074,118.244,2985.8,26.824,27.07407,75.71682,11131.0,12.73,1.493,5.0,-0.7454692122117352,1.2321105935411834
wheat,IN,IN-10-0151,2015,341.074,118.244,2985.8,26.824,27.07407,75.71682,11131.0,12.73,1.493,5.0,-1.4776609445616193,0.8819235624342213
wheat,IN,IN-10-0151,2016,341.074,118.244,2985.8,26.824,27.07407,75.71682,11131.0,12.73,1.493,5.0,-0.31858731842632704,0.34054185339389687
wheat,IN,IN-10-0151,2017,341.074,118.244,2985.8,26.824,27.07407,75.71682,11131.0,12.73,1.493,5.0,-1.475711864640428,0.39231907165336183
wheat,IN,IN-10-0152,2003,341.823,114.208,1218.2,3.168,27.17414,71.19588,38457.0,10.486,1.447,6.0,1.8615514156005661,-0.4949397298922205
wheat,IN,IN-10-0152,2004,341.823,114.208,1218.2,3.168,27.17414,71.19588,38457.0,10.486,1.447,6.0,0.2257376839417045,-1.198603131250663
wheat,IN,IN-10-0152,2005,341.823,114.208,1218.2,3.168,27.17414,71.19588,38457.0,10.486,1.447,6.0,-0.7566971025650536,-1.37058790113576
wheat,IN,IN-10-0152,2006,341.823,114.208,1218.2,3.168,27.17414,71.19588,38457.0,10.486,1.447,6.0,-0.179695365285768,-0.5932167412551287
wheat,IN,IN-10-0152,2007,341.823,114.208,1218.2,3.168,27.17414,71.19588,38457.0,10.486,1.447,6.0,1.1344288277942882,-0.03991716728193932
wheat,IN,IN-10-0152,2008,341.823,114.208,1218.2,3.168,27.17414,71.19588,38457.0,10.486,1.447,6.0,0.14329713998567128,-0.6639761894364271
wheat,IN,IN-10-0152,2009,341.823,114.208,1218.2,3.168,27.17414,71.19588,38457.0,10.486,1.447,6.0,-1.3165038719696762,-1.0678947061379906
wheat,IN,IN-10-0152,2010,341.823,114.208,1218.2,3.168,27.17414,71.19588,38457.0,10.486,1.447,6.0,-0.7479468694424256,0.7924891189619164
wheat,IN,IN-10-0152,2011,341.823,114.208,1218.2,3.168,27.17414,71.19588,38457.0,10.486,1.447,6.0,0.989985082653176,1.4922214398658484
wheat,IN,IN-10-0152,2012,341.823,114.208,1218.2,3.168,27.17414,71.19588,38457.0,10.486,1.447,6.0,1.3190367016517375,1.0175434749829866
wheat,IN,IN-10-0152,2013,341.823,114.208,1218.2,3.168,27.17414,71.19588,38457.0,10.486,1.447,6.0,0.31411742449709595,0.7993685097573253
wheat,IN,IN-10-0152,2014,341.823,114.208,1218.2,3.168,27.17414,71.19588,38457.0,10.486,1.447,6.0,-0.7583797179430184,0.3502425678288195
wheat,IN,IN-10-0152,2015,341.823,114.208,1218.2,3.168,27.17414,71.19588,38457.0,10.486,1.447,6.0,0.15867019788853884,0.9340080153245133
wheat,IN,IN-10-0152,2016,341.823,114.208,1218.2,3.168,27.17414,71.19588,38457.0,10.486,1.447,6.0,-1.1249405754853365,1.146744985921425
wheat,IN,IN-10-0152,2017,341.823,114.208,1218.2,3.168,27.17414,71.19588,38457.0,10.486,1.447,6.0,-1.2626609713215042,0.8072306706663562
wheat,IN,IN-10-0153,2003,341.991,111.903,815.6,7.654,25.15459,72.24645,10656.0,12.859,1.448,6.0,0.20585611350866692,-0.3582425818307068
wheat,IN,IN-10-0153,2004,341.991,111.903,815.6,7.654,25.15459,72.24645,10656.0,12.859,1.448,6.0,-1.386810439024014,-0.740697523245436
wheat,IN,IN-10-0153,2005,341.991,111.903,815.6,7.654,25.15459,72.24645,10656.0,12.859,1.448,6.0,-1.5979575508914525,-0.9908818755132482
wheat,IN,IN-10-0153,2006,341.991,111.903,815.6,7.654,25.15459,72.24645,10656.0,12.859,1.448,6.0,1.3939731504356117,-0.16532211576697117
wheat,IN,IN-10-0153,2007,341.991,111.903,815.6,7.654,25.15459,72.24645,10656.0,12.859,1.448,6.0,0.6612138472278242,0.5589304725331716
wheat,IN,IN-10-0153,2008,341.991,111.903,815.6,7.654,25.15459,72.24645,10656.0,12.859,1.448,6.0,0.43638480506723853,-0.21573009780627647
wheat,IN,IN-10-0153,2009,341.991,111.903,815.6,7.654,25.15459,72.24645,10656.0,12.859,1.448,6.0,-1.2435038276375157,-1.261783672932536
wheat,IN,IN-10-0153,2010,341.991,111.903,815.6,7.654,25.15459,72.24645,10656.0,12.859,1.448,6.0,0.0599610881697422,0.027695555771770658
wheat,IN,IN-10-0153,2011,341.991,111.903,815.6,7.654,25.15459,72.24645,10656.0,12.859,1.448,6.0,0.4466032174428512,1.1680939876404637
wheat,IN,IN-10-0153,2012,341.991,111.903,815.6,7.654,25.15459,72.24645,10656.0,12.859,1.448,6.0,0.1689383423117233,0.5769458346340887
wheat,IN,IN-10-0153,2013,341.991,111.903,815.6,7.654,25.15459,72.24645,10656.0,12.859,1.448,6.0,0.09274150542196632,1.3070260174017765
wheat,IN,IN-10-0153,2014,341.991,111.903,815.6,7.654,25.15459,72.24645,10656.0,12.859,1.448,6.0,-0.7151249830216263,0.9864136410295156
wheat,IN,IN-10-0153,2015,341.991,111.903,815.6,7.654,25.15459,72.24645,10656.0,12.859,1.448,6.0,-0.36324779757878023,0.3005168971771323
wheat,IN,IN-10-0153,2016,341.991,111.903,815.6,7.654,25.15459,72.24645,10656.0,12.859,1.448,6.0,-0.25970012426584105,0.8531135323769673
wheat,IN,IN-10-0153,2017,341.991,111.903,815.6,7.654,25.15459,72.24645,10656.0,12.859,1.448,6.0,2.1006726528336572,1.1248028350213086
wheat,IN,IN-10-0154,2003,341.124,108.552,2424.7,38.245,24.42252,76.14916,6340.0,14.56,1.559,4.0,-0.9673586129087638,-1.6657155427323822
wheat,IN,IN-10-0154,2004,341.124,108.552,2424.7,38.245,24.42252,76.14916,6340.0,14.56,1.559,4.0,-0.3005565740005792,-0.8840346348663348
wheat,IN,IN-10-0154,2005,341.124,108.552,2424.7,38.245,24.42252,76.14916,6340.0,14.56,1.559,4.0,-1.1758734706473208,-0.1601014202988142
wheat,IN,IN-10-0154,2006,341.124,108.552,2424.7,38.245,24.42252,76.14916,6340.0,14.56,1.559,4.0,-0.3567970268818325,-0.3659699594260593
wheat,IN,IN-10-0154,2007,341.124,108.552,2424.7,38.245,24.42252,76.14916,6340.0,14.56,1.559,4.0,-0.032405409836599675,0.49975127334212127
wheat,IN,IN-10-0154,2008,341.124,108.552,2424.7,38.245,24.42252,76.14916,6340.0,14.56,1.559,4.0,-0.19109715931534976,0.25261860691201443
wheat,IN,IN-10-0154,2009,341.124,108.552,2424.7,38.245,24.42252,76.14916,6340.0,14.56,1.559,4.0,-1.0221756805508453,0.33283256370427217
wheat,IN,IN-10-0154,2010,341.124,108.552,2424.7,38.245,24.42252,76.14916,6340.0,14.56,1.559,4.0,-0.8404554838641101,-0.1455878040025467
wheat,IN,IN-10-0154,2011,341.124,108.552,2424.7,38.245,24.42252,76.14916,6340.0,14.56,1.559,4.0,0.9917347361318527,0.24789980683613352
wheat,IN,IN-10-0154,2012,341.124,108.552,2424.7,38.245,24.42252,76.14916,6340.0,14.56,1.559,4.0,0.6087015257565725,0.5897830812810917
wheat,IN,IN-10-0154,2013,341.124,108.552,2424.7,38.245,24.42252,76.14916,6340.0,14.56,1.559,4.0,2.592944939987265,1.164849586844127
wheat,IN,IN-10-0154,2014,341.124,108.552,2424.7,38.245,24.42252,76.14916,6340.0,14.56,1.559,4.0,0.6660365833546548,0.8397366795109474
wheat,IN,IN-10-0154,2015,341.124,108.552,2424.7,38.245,24.42252,76.14916,6340.0,14.56,1.559,4.0,-0.055898559661118154,0.9298905967501222
wheat,IN,IN-10-0154,2016,341.124,108.552,2424.7,38.245,24.42252,76.14916,6340.0,14.56,1.559,4.0,0.7990677304693695,0.5462521505811005
wheat,IN,IN-10-0154,2017,341.124,108.552,2424.7,38.245,24.42252,76.14916,6340.0,14.56,1.559,4.0,-0.7158675380331326,1.2690765270163695
wheat,IN,IN-10-0155,2003,342.967,122.667,2253.9,38.073,28.17479,75.53996,5920.0,9.809,1.442,6.0,1.0665744631764238,-0.836780896742125
wheat,IN,IN-10-0155,2004,342.967,122.667,2253.9,38.073,28.17479,75.53996,5920.0,9.809,1.442,6.0,1.9002920539038235,-0.7652528954798362
wheat,IN,IN-10-0155,2005,342.967,122.667,2253.9,38.073,28.17479,75.53996,5920.0,9.809,1.442,6.0,1.3368722817997638,-0.32603009458581866
wheat,IN,IN-10-0155,2006,342.967,122.667,2253.9,38.073,28.17479,75.53996,5920.0,9.809,1.442,6.0,0.6677348447399513,-0.920489094790789
wheat,IN,IN-10-0155,2007,342.967,122.667,2253.9,38.073,28.17479,75.53996,5920.0,9.809,1.442,6.0,0.667673844451955,-0.30175144730022124
wheat,IN,IN-10-0155,2008,342.967,122.667,2253.9,38.073,28.17479,75.53996,5920.0,9.809,1.442,6.0,0.42999583398461827,0.4357145076570282
wheat,IN,IN-10-0155,2009,342.967,122.667,2253.9,38.073,28.17479,75.53996,5920.0,9.809,1.442,6.0,-0.3396882415495773,-0.8145459066354473
wheat,IN,IN-10-0155,2010,342.967,122.667,2253.9,38.073,28.17479,75.53996,5920.0,9.809,1.442,6.0,-0.465233645691279,0.5774298710722264
wheat,IN,IN-10-0155,2011,342.967,122.667,2253.9,38.073,28.17479,75.53996,5920.0,9.809,1.442,6.0,0.03939797251696422,1.6774264897570852
wheat,IN,IN-10-0155,2012,342.967,122.667,2253.9,38.073,28.17479,75.53996,5920.0,9.809,1.442,6.0,-0.21125785935384708,0.020659624986915863
wheat,IN,IN-10-0155,2013,342.967,122.667,2253.9,38.073,28.17479,75.53996,5920.0,9.809,1.442,6.0,-0.22500058594015215,0.9982597573559427
wheat,IN,IN-10-0155,2014,342.967,122.667,2253.9,38.073,28.17479,75.53996,5920.0,9.809,1.442,6.0,-1.0690803402560412,0.9909025915118235
wheat,IN,IN-10-0155,2015,342.967,122.667,2253.9,38.073,28.17479,75.53996,5920.0,9.809,1.442,6.0,-1.2888749734880727,1.0604363635827703
wheat,IN,IN-10-0155,2016,342.967,122.667,2253.9,38.073,28.17479,75.53996,5920.0,9.809,1.442,6.0,-1.1990283003361915,0.6013741017285454
wheat,IN,IN-10-0155,2017,342.967,122.667,2253.9,38.073,28.17479,75.53996,5920.0,9.809,1.442,6.0,-1.3103773479583387,0.39423644155361753
wheat,IN,IN-10-0156,2003,342.733,115.14,3008.3,13.258,26.88263,72.65247,22690.0,10.488,1.443,6.0,1.4462495065151582,-0.6597170663294428
wheat,IN,IN-10-0156,2004,342.733,115.14,3008.3,13.258,26.88263,72.65247,22690.0,10.488,1.443,6.0,1.181400662846732,-0.773401834296658
wheat,IN,IN-10-0156,2005,342.733,115.14,3008.3,13.258,26.88263,72.65247,22690.0,10.488,1.443,6.0,0.2965618392447602,-0.7998258614457926
wheat,IN,IN-10-0156,2006,342.733,115.14,3008.3,13.258,26.88263,72.65247,22690.0,10.488,1.443,6.0,0.35307325933651357,-1.1107690646426072
wheat,IN,IN-10-0156,2007,342.733,115.14,3008.3,13.258,26.88263,72.65247,22690.0,10.488,1.443,6.0,1.2028087623393076,-0.5632386416221299
wheat,IN,IN-10-0156,2008,342.733,115.14,3008.3,13.258,26.88263,72.65247,22690.0,10.488,1.443,6.0,0.4288934497055324,-0.6394381617731294
wheat,IN,IN-10-0156,2009,342.733,115.14,3008.3,13.258,26.88263,72.65247,22690.0,10.488,1.443,6.0,-1.1675200779963708,-1.07021125552998
wheat,IN,IN-10-0156,2010,342.733,115.14,3008.3,13.258,26.88263,72.65247,22690.0,10.488,1.443,6.0,-0.9089481540673916,0.39724401963601347
wheat,IN,IN-10-0156,2011,342.733,115.14,3008.3,13.258,26.88263,72.65247,22690.0,10.488,1.443,6.0,0.13251316593829904,1.1103513569630943
wheat,IN,IN-10-0156,2012,342.733,115.14,3008.3,13.258,26.88263,72.65247,22690.0,10.488,1.443,6.0,1.048676930762694,0.6239990433111612
wheat,IN,IN-10-0156,2013,342.733,115.14,3008.3,13.258,26.88263,72.65247,22690.0,10.488,1.443,6.0,0.107407618221313,0.9841032272505541
wheat,IN,IN-10-0156,2014,342.733,115.14,3008.3,13.258,26.88263,72.65247,22690.0,10.488,1.443,6.0,-0.5425854934769303,1.0099127421404093
wheat,IN,IN-10-0156,2015,342.733,115.14,3008.3,13.258,26.88263,72.65247,22690.0,10.488,1.443,6.0,-0.4975312687038845,1.062146284179399
wheat,IN,IN-10-0156,2016,342.733,115.14,3008.3,13.258,26.88263,72.65247,22690.0,10.488,1.443,6.0,-1.3629897365877828,1.207089242402102
wheat,IN,IN-10-0156,2017,342.733,115.14,3008.3,13.258,26.88263,72.65247,22690.0,10.488,1.443,6.0,-1.7180104640779608,1.2887510937467206
wheat,IN,IN-10-0157,2003,340.611,109.463,2535.7,49.847,25.23552,76.14323,5087.0,14.54,1.558,4.0,-0.3675610419858705,-1.5494725317588038
wheat,IN,IN-10-0157,2004,340.611,109.463,2535.7,49.847,25.23552,76.14323,5087.0,14.54,1.558,4.0,0.1848479805811546,-0.6332688235718865
wheat,IN,IN-10-0157,2005,340.611,109.463,2535.7,49.847,25.23552,76.14323,5087.0,14.54,1.558,4.0,-0.7144494367630537,0.1816141719561441
wheat,IN,IN-10-0157,2006,340.611,109.463,2535.7,49.847,25.23552,76.14323,5087.0,14.54,1.558,4.0,-0.34730287920671854,0.17166732744321134
wheat,IN,IN-10-0157,2007,340.611,109.463,2535.7,49.847,25.23552,76.14323,5087.0,14.54,1.558,4.0,-0.057169315359887805,0.37652196063994675
wheat,IN,IN-10-0157,2008,340.611,109.463,2535.7,49.847,25.23552,76.14323,5087.0,14.54,1.558,4.0,0.189952727378408,0.5133855047609416
wheat,IN,IN-10-0157,2009,340.611,109.463,2535.7,49.847,25.23552,76.14323,5087.0,14.54,1.558,4.0,-1.1945283257192405,0.4450204180621608
wheat,IN,IN-10-0157,2010,340.611,109.463,2535.7,49.847,25.23552,76.14323,5087.0,14.54,1.558,4.0,-0.6973011723787694,-0.9615543420246818
wheat,IN,IN-10-0157,2011,340.611,109.463,2535.7,49.847,25.23552,76.14323,5087.0,14.54,1.558,4.0,0.9421079927723774,0.17198909597176024
wheat,IN,IN-10-0157,2012,340.611,109.463,2535.7,49.847,25.23552,76.14323,5087.0,14.54,1.558,4.0,0.5786949601463527,0.8888893775761901
wheat,IN,IN-10-0157,2013,340.611,109.463,2535.7,49.847,25.23552,76.14323,5087.0,14.54,1.558,4.0,2.6657932009109913,1.2895159470434363
wheat,IN,IN-10-0157,2014,340.611,109.463,2535.7,49.847,25.23552,76.14323,5087.0,14.54,1.558,4.0,0.6819834748520578,-0.11020190356463329
wheat,IN,IN-10-0157,2015,340.611,109.463,2535.7,49.847,25.23552,76.14323,5087.0,14.54,1.558,4.0,-0.753869024102548,1.2694391659527537
wheat,IN,IN-10-0157,2016,340.611,109.463,2535.7,49.847,25.23552,76.14323,5087.0,14.54,1.558,4.0,0.2404799335166209,0.4041647093512009
wheat,IN,IN-10-0157,2017,340.611,109.463,2535.7,49.847,25.23552,76.14323,5087.0,14.54,1.558,4.0,-1.3516790746419436,0.8232485977524402
wheat,IN,IN-10-0158,2003,340.135,117.795,2104.9,11.826,27.01925,74.08276,17799.0,12.097,1.449,6.0,2.027959710335588,-0.5648014406236257
wheat,IN,IN-10-0158,2004,340.135,117.795,2104.9,11.826,27.01925,74.08276,17799.0,12.097,1.449,6.0,1.4716246698126447,-0.5237296329467157
wheat,IN,IN-10-0158,2005,340.135,117.795,2104.9,11.826,27.01925,74.08276,17799.0,12.097,1.449,6.0,0.3863347708586098,-0.36185839092595434
wheat,IN,IN-10-0158,2006,340.135,117.795,2104.9,11.826,27.01925,74.08276,17799.0,12.097,1.449,6.0,0.13238077971260295,-0.7548592173246195
wheat,IN,IN-10-0158,2007,340.135,117.795,2104.9,11.826,27.01925,74.08276,17799.0,12.097,1.449,6.0,0.7567793044128923,-0.29260004856881305
wheat,IN,IN-10-0158,2008,340.135,117.795,2104.9,11.826,27.01925,74.08276,17799.0,12.097,1.449,6.0,0.24729724093456557,-0.48910046176814403
wheat,IN,IN-10-0158,2009,340.135,117.795,2104.9,11.826,27.01925,74.08276,17799.0,12.097,1.449,6.0,-1.131800482772062,-1.2010117948345813
wheat,IN,IN-10-0158,2010,340.135,117.795,2104.9,11.826,27.01925,74.08276,17799.0,12.097,1.449,6.0,-0.47577895647405405,0.371796840322375
wheat,IN,IN-10-0158,2011,340.135,117.795,2104.9,11.826,27.01925,74.08276,17799.0,12.097,1.449,6.0,-0.11305009244044771,0.7954538787256376
wheat,IN,IN-10-0158,2012,340.135,117.795,2104.9,11.826,27.01925,74.08276,17799.0,12.097,1.449,6.0,0.6604386034839516,-0.3376985040571828
wheat,IN,IN-10-0158,2013,340.135,117.795,2104.9,11.826,27.01925,74.08276,17799.0,12.097,1.449,6.0,0.05460625207417211,1.2939357950363086
wheat,IN,IN-10-0158,2014,340.135,117.795,2104.9,11.826,27.01925,74.08276,17799.0,12.097,1.449,6.0,-0.5881376285359181,1.0571322978331634
wheat,IN,IN-10-0158,2015,340.135,117.795,2104.9,11.826,27.01925,74.08276,17799.0,12.097,1.449,6.0,-1.1636769255414585,0.6711467867326878
wheat,IN,IN-10-0158,2016,340.135,117.795,2104.9,11.826,27.01925,74.08276,17799.0,12.097,1.449,6.0,-0.5422936996871192,1.2840479484548866
wheat,IN,IN-10-0158,2017,340.135,117.795,2104.9,11.826,27.01925,74.08276,17799.0,12.097,1.449,6.0,-1.7226835461739753,1.5995583639262518
wheat,IN,IN-10-0159,2003,341.731,113.815,1430.0,11.547,25.67861,73.45125,12384.0,14.302,1.453,6.0,1.2800126622686212,-0.5985236391515996
wheat,IN,IN-10-0159,2004,341.731,113.815,1430.0,11.547,25.67861,73.45125,12384.0,14.302,1.453,6.0,-0.7834925876371024,-0.9923533893316315
wheat,IN,IN-10-0159,2005,341.731,113.815,1430.0,11.547,25.67861,73.45125,12384.0,14.302,1.453,6.0,-1.85466080634518,-0.5605278133302485
wheat,IN,IN-10-0159,2006,341.731,113.815,1430.0,11.547,25.67861,73.45125,12384.0,14.302,1.453,6.0,0.8205046194333322,-0.2253366428268875
wheat,IN,IN-10-0159,2007,341.731,113.815,1430.0,11.547,25.67861,73.45125,12384.0,14.302,1.453,6.0,0.24099981083850516,0.3803760350394505
wheat,IN,IN-10-0159,2008,341.731,113.815,1430.0,11.547,25.67861,73.45125,12384.0,14.302,1.453,6.0,-0.32464439837663,-0.38516354229136024
wheat,IN,IN-10-0159,2009,341.731,113.815,1430.0,11.547,25.67861,73.45125,12384.0,14.302,1.453,6.0,-1.842116580013283,-1.4504928447061853
wheat,IN,IN-10-0159,2010,341.731,113.815,1430.0,11.547,25.67861,73.45125,12384.0,14.302,1.453,6.0,-0.16010890324119975,-0.2864281809557965
wheat,IN,IN-10-0159,2011,341.731,113.815,1430.0,11.547,25.67861,73.45125,12384.0,14.302,1.453,6.0,-0.1339613739534657,1.253018984206288
wheat,IN,IN-10-0159,2012,341.731,113.815,1430.0,11.547,25.67861,73.45125,12384.0,14.302,1.453,6.0,0.8948435267834235,0.6671951747623093
wheat,IN,IN-10-0159,2013,341.731,113.815,1430.0,11.547,25.67861,73.45125,12384.0,14.302,1.453,6.0,0.29410075229052823,1.064159913457078
wheat,IN,IN-10-0159,2014,341.731,113.815,1430.0,11.547,25.67861,73.45125,12384.0,14.302,1.453,6.0,0.0006943285067627497,0.6312142790981509
wheat,IN,IN-10-0159,2015,341.731,113.815,1430.0,11.547,25.67861,73.45125,12384.0,14.302,1.453,6.0,-0.7059858311641768,0.11329498665235885
wheat,IN,IN-10-0159,2016,341.731,113.815,1430.0,11.547,25.67861,73.45125,12384.0,14.302,1.453,6.0,1.3150786831310677,1.2312369548594588
wheat,IN,IN-10-0159,2017,341.731,113.815,1430.0,11.547,25.67861,73.45125,12384.0,14.302,1.453,6.0,0.958736097478809,1.6560075657858555
wheat,IN,IN-10-0160,2003,339.154,110.961,2298.5,45.75,26.29494,76.40784,5024.0,13.633,1.519,5.0,1.7138821797363584,-1.0318323167939834
wheat,IN,IN-10-0160,2004,339.154,110.961,2298.5,45.75,26.29494,76.40784,5024.0,13.633,1.519,5.0,0.823249501054546,-0.9584817033621994
wheat,IN,IN-10-0160,2005,339.154,110.961,2298.5,45.75,26.29494,76.40784,5024.0,13.633,1.519,5.0,-0.12257337586346183,-0.42914123422425815
wheat,IN,IN-10-0160,2006,339.154,110.961,2298.5,45.75,26.29494,76.40784,5024.0,13.633,1.519,5.0,-0.3044208586391835,-0.7498923910080498
wheat,IN,IN-10-0160,2007,339.154,110.961,2298.5,45.75,26.29494,76.40784,5024.0,13.633,1.519,5.0,-0.3717473596628522,-0.678968475908621
wheat,IN,IN-10-0160,2008,339.154,110.961,2298.5,45.75,26.29494,76.40784,5024.0,13.633,1.519,5.0,0.7155154656408427,-0.12077656678613166
wheat,IN,IN-10-0160,2009,339.154,110.961,2298.5,45.75,26.29494,76.40784,5024.0,13.633,1.519,5.0,-1.1632545268372874,-0.24956287747196565
wheat,IN,IN-10-0160,2010,339.154,110.961,2298.5,45.75,26.29494,76.40784,5024.0,13.633,1.519,5.0,-0.1348846252541777,0.01838394280874759
wheat,IN,IN-10-0160,2011,339.154,110.961,2298.5,45.75,26.29494,76.40784,5024.0,13.633,1.519,5.0,0.345642107850872,1.2491965725534933
wheat,IN,IN-10-0160,2012,339.154,110.961,2298.5,45.75,26.29494,76.40784,5024.0,13.633,1.519,5.0,0.24955973228617895,0.4923456111357983
wheat,IN,IN-10-0160,2013,339.154,110.961,2298.5,45.75,26.29494,76.40784,5024.0,13.633,1.519,5.0,1.5793704555682473,1.6780272616718093
wheat,IN,IN-10-0160,2014,339.154,110.961,2298.5,45.75,26.29494,76.40784,5024.0,13.633,1.519,5.0,0.06252099822519527,1.1209069536980856
wheat,IN,IN-10-0160,2015,339.154,110.961,2298.5,45.75,26.29494,76.40784,5024.0,13.633,1.519,5.0,-1.4881665403953228,0.801933019000603
wheat,IN,IN-10-0160,2016,339.154,110.961,2298.5,45.75,26.29494,76.40784,5024.0,13.633,1.519,5.0,-0.07285174760945626,1.034541574747804
wheat,IN,IN-10-0160,2017,339.154,110.961,2298.5,45.75,26.29494,76.40784,5024.0,13.633,1.519,5.0,-1.8318414061004988,0.5821840827815845
wheat,IN,IN-10-0161,2003,341.011,122.566,1941.1,25.127,27.63196,75.21124,7725.0,10.29,1.449,6.0,1.189530439779359,-1.0209761486108808
wheat,IN,IN-10-0161,2004,341.011,122.566,1941.1,25.127,27.63196,75.21124,7725.0,10.29,1.449,6.0,1.805233873932048,-0.8568991683689581
wheat,IN,IN-10-0161,2005,341.011,122.566,1941.1,25.127,27.63196,75.21124,7725.0,10.29,1.449,6.0,1.1244953056907578,-0.6122104543560044
wheat,IN,IN-10-0161,2006,341.011,122.566,1941.1,25.127,27.63196,75.21124,7725.0,10.29,1.449,6.0,0.4970894025798245,-0.39034984194192685
wheat,IN,IN-10-0161,2007,341.011,122.566,1941.1,25.127,27.63196,75.21124,7725.0,10.29,1.449,6.0,0.6709669939587182,-0.28691000657201804
wheat,IN,IN-10-0161,2008,341.011,122.566,1941.1,25.127,27.63196,75.21124,7725.0,10.29,1.449,6.0,0.43984354441840906,0.26136075300932343
wheat,IN,IN-10-0161,2009,341.011,122.566,1941.1,25.127,27.63196,75.21124,7725.0,10.29,1.449,6.0,-0.6154366469218253,-0.820516881445749
wheat,IN,IN-10-0161,2010,341.011,122.566,1941.1,25.127,27.63196,75.21124,7725.0,10.29,1.449,6.0,-0.27036095380661657,0.3344423838223911
wheat,IN,IN-10-0161,2011,341.011,122.566,1941.1,25.127,27.63196,75.21124,7725.0,10.29,1.449,6.0,0.08168726208380285,1.4711550206597683
wheat,IN,IN-10-0161,2012,341.011,122.566,1941.1,25.127,27.63196,75.21124,7725.0,10.29,1.449,6.0,0.07308198686176964,0.3539730929680995
wheat,IN,IN-10-0161,2013,341.011,122.566,1941.1,25.127,27.63196,75.21124,7725.0,10.29,1.449,6.0,0.04165993688670433,1.1559946311364957
wheat,IN,IN-10-0161,2014,341.011,122.566,1941.1,25.127,27.63196,75.21124,7725.0,10.29,1.449,6.0,-0.8766963657614332,1.1319991834331309
wheat,IN,IN-10-0161,2015,341.011,122.566,1941.1,25.127,27.63196,75.21124,7725.0,10.29,1.449,6.0,-1.264529065625266,0.8855825089519269
wheat,IN,IN-10-0161,2016,341.011,122.566,1941.1,25.127,27.63196,75.21124,7725.0,10.29,1.449,6.0,-1.181245420674302,0.884938072233665
wheat,IN,IN-10-0161,2017,341.011,122.566,1941.1,25.127,27.63196,75.21124,7725.0,10.29,1.449,6.0,-1.7153202934019416,0.5310104973058998
wheat,IN,IN-10-0162,2003,342.0,111.757,498.8,9.707,24.82802,72.72783,5139.0,14.252,1.454,6.0,-0.06476869207408356,-0.8095273692377456
wheat,IN,IN-10-0162,2004,342.0,111.757,498.8,9.707,24.82802,72.72783,5139.0,14.252,1.454,6.0,-1.783196664708879,-0.8172412230339755
wheat,IN,IN-10-0162,2005,342.0,111.757,498.8,9.707,24.82802,72.72783,5139.0,14.252,1.454,6.0,-1.7177283144702593,-0.7577060950169129
wheat,IN,IN-10-0162,2006,342.0,111.757,498.8,9.707,24.82802,72.72783,5139.0,14.252,1.454,6.0,1.0774830463860856,-0.2425146122121112
wheat,IN,IN-10-0162,2007,342.0,111.757,498.8,9.707,24.82802,72.72783,5139.0,14.252,1.454,6.0,0.27556546222239264,0.5611940580579637
wheat,IN,IN-10-0162,2008,342.0,111.757,498.8,9.707,24.82802,72.72783,5139.0,14.252,1.454,6.0,0.38340578332507314,0.17653745232777576
wheat,IN,IN-10-0162,2009,342.0,111.757,498.8,9.707,24.82802,72.72783,5139.0,14.252,1.454,6.0,-1.010576167350907,-1.146563442796139
wheat,IN,IN-10-0162,2010,342.0,111.757,498.8,9.707,24.82802,72.72783,5139.0,14.252,1.454,6.0,0.020558151009110393,-0.05294935232141481
wheat,IN,IN-10-0162,2011,342.0,111.757,498.8,9.707,24.82802,72.72783,5139.0,14.252,1.454,6.0,0.5013005029644071,1.0098856326255905
wheat,IN,IN-10-0162,2012,342.0,111.757,498.8,9.707,24.82802,72.72783,5139.0,14.252,1.454,6.0,-0.034293564493825666,0.6240322607197687
wheat,IN,IN-10-0162,2013,342.0,111.757,498.8,9.707,24.82802,72.72783,5139.0,14.252,1.454,6.0,0.19554719802761647,1.3724738700771397
wheat,IN,IN-10-0162,2014,342.0,111.757,498.8,9.707,24.82802,72.72783,5139.0,14.252,1.454,6.0,-0.3630553192685029,0.7690484074415793
wheat,IN,IN-10-0162,2015,342.0,111.757,498.8,9.707,24.82802,72.72783,5139.0,14.252,1.454,6.0,-0.2718017542914129,0.4789235640803789
wheat,IN,IN-10-0162,2016,342.0,111.757,498.8,9.707,24.82802,72.72783,5139.0,14.252,1.454,6.0,0.6653609736811162,0.7257817198939884
wheat,IN,IN-10-0162,2017,342.0,111.757,498.8,9.707,24.82802,72.72783,5139.0,14.252,1.454,6.0,2.1261993590420722,1.4250460985066515
wheat,IN,IN-10-0163,2003,341.079,115.787,3062.6,42.583,26.19267,75.65922,7192.0,13.524,1.532,5.0,1.1095839571901809,-1.1159402187253094
wheat,IN,IN-10-0163,2004,341.079,115.787,3062.6,42.583,26.19267,75.65922,7192.0,13.524,1.532,5.0,1.1966711977820157,-0.9552153609407925
wheat,IN,IN-10-0163,2005,341.079,115.787,3062.6,42.583,26.19267,75.65922,7192.0,13.524,1.532,5.0,-0.3704612369074365,0.09967933347941044
wheat,IN,IN-10-0163,2006,341.079,115.787,3062.6,42.583,26.19267,75.65922,7192.0,13.524,1.532,5.0,-0.5051538717300292,-0.6561295882266956
wheat,IN,IN-10-0163,2007,341.079,115.787,3062.6,42.583,26.19267,75.65922,7192.0,13.524,1.532,5.0,0.011512375169928092,-0.2531581685364259
wheat,IN,IN-10-0163,2008,341.079,115.787,3062.6,42.583,26.19267,75.65922,7192.0,13.524,1.532,5.0,0.22725018270347866,0.005871764332833791
wheat,IN,IN-10-0163,2009,341.079,115.787,3062.6,42.583,26.19267,75.65922,7192.0,13.524,1.532,5.0,-1.312676132850891,-0.6062915510570942
wheat,IN,IN-10-0163,2010,341.079,115.787,3062.6,42.583,26.19267,75.65922,7192.0,13.524,1.532,5.0,-0.12739067435712223,-0.3006738877901693
wheat,IN,IN-10-0163,2011,341.079,115.787,3062.6,42.583,26.19267,75.65922,7192.0,13.524,1.532,5.0,0.5545755241436335,1.107436717803913
wheat,IN,IN-10-0163,2012,341.079,115.787,3062.6,42.583,26.19267,75.65922,7192.0,13.524,1.532,5.0,0.7542465423412712,0.6640810029622245
wheat,IN,IN-10-0163,2013,341.079,115.787,3062.6,42.583,26.19267,75.65922,7192.0,13.524,1.532,5.0,1.5255374212947066,1.1585664934129076
wheat,IN,IN-10-0163,2014,341.079,115.787,3062.6,42.583,26.19267,75.65922,7192.0,13.524,1.532,5.0,0.1817412548860351,1.0664304569884506
wheat,IN,IN-10-0163,2015,341.079,115.787,3062.6,42.583,26.19267,75.65922,7192.0,13.524,1.532,5.0,-1.6179482843968591,0.9777291845117991
wheat,IN,IN-10-0163,2016,341.079,115.787,3062.6,42.583,26.19267,75.65922,7192.0,13.524,1.532,5.0,0.1798366447658205,1.0690818537200881
wheat,IN,IN-10-0163,2017,341.079,115.787,3062.6,42.583,26.19267,75.65922,7192.0,13.524,1.532,5.0,-1.8073249000347453,0.9508018123138902
wheat,IN,IN-10-0164,2003,341.685,112.776,953.2,8.132,24.4601,73.83956,11721.0,12.844,1.531,5.0,-0.9797325955704522,-1.2859372406457117
wheat,IN,IN-10-0164,2004,341.685,112.776,953.2,8.132,24.4601,73.83956,11721.0,12.844,1.531,5.0,-1.2176291647987019,-0.9381368170258048
wheat,IN,IN-10-0164,2005,341.685,112.776,953.2,8.132,24.4601,73.83956,11721.0,12.844,1.531,5.0,-1.5386693002887581,-0.4361351166046866
wheat,IN,IN-10-0164,2006,341.685,112.776,953.2,8.132,24.4601,73.83956,11721.0,12.844,1.531,5.0,0.7173639251319919,-0.32332477853949565
wheat,IN,IN-10-0164,2007,341.685,112.776,953.2,8.132,24.4601,73.83956,11721.0,12.844,1.531,5.0,0.4622370458515576,0.5034827999491887
wheat,IN,IN-10-0164,2008,341.685,112.776,953.2,8.132,24.4601,73.83956,11721.0,12.844,1.531,5.0,0.08489358635525099,0.12298865656007815
wheat,IN,IN-10-0164,2009,341.685,112.776,953.2,8.132,24.4601,73.83956,11721.0,12.844,1.531,5.0,-1.310009643697988,-0.5731999753209801
wheat,IN,IN-10-0164,2010,341.685,112.776,953.2,8.132,24.4601,73.83956,11721.0,12.844,1.531,5.0,-1.012789815817595,0.1838350631830724
wheat,IN,IN-10-0164,2011,341.685,112.776,953.2,8.132,24.4601,73.83956,11721.0,12.844,1.531,5.0,0.5976253920227725,0.6373256849202162
wheat,IN,IN-10-0164,2012,341.685,112.776,953.2,8.132,24.4601,73.83956,11721.0,12.844,1.531,5.0,0.15692740791115758,0.670630913825029
wheat,IN,IN-10-0164,2013,341.685,112.776,953.2,8.132,24.4601,73.83956,11721.0,12.844,1.531,5.0,0.8498484675151525,0.9469636627777293
wheat,IN,IN-10-0164,2014,341.685,112.776,953.2,8.132,24.4601,73.83956,11721.0,12.844,1.531,5.0,0.4970061983265053,1.1465241453966482
wheat,IN,IN-10-0164,2015,341.685,112.776,953.2,8.132,24.4601,73.83956,11721.0,12.844,1.531,5.0,-0.2001443273038657,0.8120489989660907
wheat,IN,IN-10-0164,2016,341.685,112.776,953.2,8.132,24.4601,73.83956,11721.0,12.844,1.531,5.0,1.7078960509615373,0.4870831899788636
wheat,IN,IN-10-0164,2017,341.685,112.776,953.2,8.132,24.4601,73.83956,11721.0,12.844,1.531,5.0,1.1851767734014518,1.5379677605379654
wheat,IN,IN-10-0519,2003,334.458,102.722,1436.9,47.312,26.80536,77.72426,3037.0,13.526,1.499,5.0,2.145497697907463,-0.7553929361427287
wheat,IN,IN-10-0519,2004,334.458,102.722,1436.9,47.312,26.80536,77.72426,3037.0,13.526,1.499,5.0,1.1429928319491947,-1.2833404427023796
wheat,IN,IN-10-0519,2005,334.458,102.722,1436.9,47.312,26.80536,77.72426,3037.0,13.526,1.499,5.0,0.6861225958050751,-0.6163376210521865
wheat,IN,IN-10-0519,2006,334.458,102.722,1436.9,47.312,26.80536,77.72426,3037.0,13.526,1.499,5.0,-0.316175168917532,-0.8157307662990081
wheat,IN,IN-10-0519,2007,334.458,102.722,1436.9,47.312,26.80536,77.72426,3037.0,13.526,1.499,5.0,-0.5815620896259311,-1.3462264617512358
wheat,IN,IN-10-0519,2008,334.458,102.722,1436.9,47.312,26.80536,77.72426,3037.0,13.526,1.499,5.0,0.9519500661276575,-0.4822372956278298
wheat,IN,IN-10-0519,2009,334.458,102.722,1436.9,47.312,26.80536,77.72426,3037.0,13.526,1.499,5.0,-0.7267714143316734,-0.1650117991357357
wheat,IN,IN-10-0519,2010,334.458,102.722,1436.9,47.312,26.80536,77.72426,3037.0,13.526,1.499,5.0,-0.1960072516564001,0.8192006386987106
wheat,IN,IN-10-0519,2011,334.458,102.722,1436.9,47.312,26.80536,77.72426,3037.0,13.526,1.499,5.0,-0.051689706169666186,1.5775550646500305
wheat,IN,IN-10-0519,2012,334.458,102.722,1436.9,47.312,26.80536,77.72426,3037.0,13.526,1.499,5.0,0.17666011993046832,0.6155927396478194
wheat,IN,IN-10-0519,2013,334.458,102.722,1436.9,47.312,26.80536,77.72426,3037.0,13.526,1.499,5.0,0.8532440906959048,2.0043036413957704
wheat,IN,IN-10-0519,2014,334.458,102.722,1436.9,47.312,26.80536,77.72426,3037.0,13.526,1.499,5.0,-0.36364005109944497,0.9961424120530328
wheat,IN,IN-10-0519,2015,334.458,102.722,1436.9,47.312,26.80536,77.72426,3037.0,13.526,1.499,5.0,-1.3047052575723903,0.9059411243283658
wheat,IN,IN-10-0519,2016,334.458,102.722,1436.9,47.312,26.80536,77.72426,3037.0,13.526,1.499,5.0,-0.8965782703133812,-0.11753975752543391
wheat,IN,IN-10-0519,2017,334.458,102.722,1436.9,47.312,26.80536,77.72426,3037.0,13.526,1.499,5.0,-1.519338192729358,0.09121981584752242
wheat,IN,IN-10-0536,2003,339.99,109.188,3526.8,50.361,25.04983,76.62369,7003.0,14.479,1.551,4.0,-0.07519710046327252,-1.676721158717713
wheat,IN,IN-10-0536,2004,339.99,109.188,3526.8,50.361,25.04983,76.62369,7003.0,14.479,1.551,4.0,0.03857035354670229,-0.6235453647017583
wheat,IN,IN-10-0536,2005,339.99,109.188,3526.8,50.361,25.04983,76.62369,7003.0,14.479,1.551,4.0,-0.649329349519273,0.17540419964257223
wheat,IN,IN-10-0536,2006,339.99,109.188,3526.8,50.361,25.04983,76.62369,7003.0,14.479,1.551,4.0,-0.3681258512626685,-0.13783611715295402
wheat,IN,IN-10-0536,2007,339.99,109.188,3526.8,50.361,25.04983,76.62369,7003.0,14.479,1.551,4.0,-0.2948830354446952,0.09521627354175781
wheat,IN,IN-10-0536,2008,339.99,109.188,3526.8,50.361,25.04983,76.62369,7003.0,14.479,1.551,4.0,0.173523284733518,0.24586439436652507
wheat,IN,IN-10-0536,2009,339.99,109.188,3526.8,50.361,25.04983,76.62369,7003.0,14.479,1.551,4.0,-1.0266763079666181,0.5069133384888431
wheat,IN,IN-10-0536,2010,339.99,109.188,3526.8,50.361,25.04983,76.62369,7003.0,14.479,1.551,4.0,-0.8441744329798784,0.1758181444970505
wheat,IN,IN-10-0536,2011,339.99,109.188,3526.8,50.361,25.04983,76.62369,7003.0,14.479,1.551,4.0,0.9745831912662246,0.8243157054693215
wheat,IN,IN-10-0536,2012,339.99,109.188,3526.8,50.361,25.04983,76.62369,7003.0,14.479,1.551,4.0,0.6081359211998356,0.2284611314250364
wheat,IN,IN-10-0536,2013,339.99,109.188,3526.8,50.361,25.04983,76.62369,7003.0,14.479,1.551,4.0,2.7525559470600998,0.8864095774278016
wheat,IN,IN-10-0536,2014,339.99,109.188,3526.8,50.361,25.04983,76.62369,7003.0,14.479,1.551,4.0,0.5793294493505633,0.9204480150508745
wheat,IN,IN-10-0536,2015,339.99,109.188,3526.8,50.361,25.04983,76.62369,7003.0,14.479,1.551,4.0,-0.5922598250831052,0.9710003502618634
wheat,IN,IN-10-0536,2016,339.99,109.188,3526.8,50.361,25.04983,76.62369,7003.0,14.479,1.551,4.0,0.12197273113974268,0.3371943383500576
wheat,IN,IN-10-0536,2017,339.99,109.188,3526.8,50.361,25.04983,76.62369,7003.0,14.479,1.551,4.0,-1.3980249755771308,0.7215535814338666
wheat,IN,IN-10-0537,2003,338.928,111.688,1556.6,45.581,26.89003,76.50362,3415.0,13.35,1.529,5.0,2.047892065282791,-0.7158955141892971
wheat,IN,IN-10-0537,2004,338.928,111.688,1556.6,45.581,26.89003,76.50362,3415.0,13.35,1.529,5.0,1.4654556886629264,-1.0873559607319179
wheat,IN,IN-10-0537,2005,338.928,111.688,1556.6,45.581,26.89003,76.50362,3415.0,13.35,1.529,5.0,0.4623653834001797,-0.504606085880653
wheat,IN,IN-10-0537,2006,338.928,111.688,1556.6,45.581,26.89003,76.50362,3415.0,13.35,1.529,5.0,-0.13271292077898694,-0.4883617911235902
wheat,IN,IN-10-0537,2007,338.928,111.688,1556.6,45.581,26.89003,76.50362,3415.0,13.35,1.529,5.0,-0.3053796409503728,-0.5461675758109323
wheat,IN,IN-10-0537,2008,338.928,111.688,1556.6,45.581,26.89003,76.50362,3415.0,13.35,1.529,5.0,0.6475823273194905,0.08893545331970708
wheat,IN,IN-10-0537,2009,338.928,111.688,1556.6,45.581,26.89003,76.50362,3415.0,13.35,1.529,5.0,-1.113728960195787,-0.3150893137149224
wheat,IN,IN-10-0537,2010,338.928,111.688,1556.6,45.581,26.89003,76.50362,3415.0,13.35,1.529,5.0,0.08144238412324979,0.24087072770831536
wheat,IN,IN-10-0537,2011,338.928,111.688,1556.6,45.581,26.89003,76.50362,3415.0,13.35,1.529,5.0,0.13659319902063305,1.6571346779438207
wheat,IN,IN-10-0537,2012,338.928,111.688,1556.6,45.581,26.89003,76.50362,3415.0,13.35,1.529,5.0,-0.003975731933608824,0.18981465715812468
wheat,IN,IN-10-0537,2013,338.928,111.688,1556.6,45.581,26.89003,76.50362,3415.0,13.35,1.529,5.0,0.7007638048524066,1.81129565054886
wheat,IN,IN-10-0537,2014,338.928,111.688,1556.6,45.581,26.89003,76.50362,3415.0,13.35,1.529,5.0,-0.5595851495161839,0.9421241725815233
wheat,IN,IN-10-0537,2015,338.928,111.688,1556.6,45.581,26.89003,76.50362,3415.0,13.35,1.529,5.0,-1.5284536277568663,0.9361379029572753
wheat,IN,IN-10-0537,2016,338.928,111.688,1556.6,45.581,26.89003,76.50362,3415.0,13.35,1.529,5.0,-0.3546565918908227,0.31324691563111595
wheat,IN,IN-10-0537,2017,338.928,111.688,1556.6,45.581,26.89003,76.50362,3415.0,13.35,1.529,5.0,-1.5436022296390708,0.3174266323201469
wheat,IN,IN-10-0538,2003,342.0,116.012,312.4,6.753,25.17377,73.93993,4627.0,13.578,1.536,5.0,-0.3869623841094494,-1.1606038420671336
wheat,IN,IN-10-0538,2004,342.0,116.012,312.4,6.753,25.17377,73.93993,4627.0,13.578,1.536,5.0,-0.67085325055663,-1.029773460234884
wheat,IN,IN-10-0538,2005,342.0,116.012,312.4,6.753,25.17377,73.93993,4627.0,13.578,1.536,5.0,-1.6681395455279568,-0.2366096497898187
wheat,IN,IN-10-0538,2006,342.0,116.012,312.4,6.753,25.17377,73.93993,4627.0,13.578,1.536,5.0,0.38056369777552135,-0.08170996998412203
wheat,IN,IN-10-0538,2007,342.0,116.012,312.4,6.753,25.17377,73.93993,4627.0,13.578,1.536,5.0,0.30412160855211867,0.49592174296572356
wheat,IN,IN-10-0538,2008,342.0,116.012,312.4,6.753,25.17377,73.93993,4627.0,13.578,1.536,5.0,-0.23487163285619517,0.2603375667168184
wheat,IN,IN-10-0538,2009,342.0,116.012,312.4,6.753,25.17377,73.93993,4627.0,13.578,1.536,5.0,-1.910261790386184,-0.7896015066961516
wheat,IN,IN-10-0538,2010,342.0,116.012,312.4,6.753,25.17377,73.93993,4627.0,13.578,1.536,5.0,-0.7832719894520388,-0.5417890363930504
wheat,IN,IN-10-0538,2011,342.0,116.012,312.4,6.753,25.17377,73.93993,4627.0,13.578,1.536,5.0,0.417567377034139,1.0405922449801692
wheat,IN,IN-10-0538,2012,342.0,116.012,312.4,6.753,25.17377,73.93993,4627.0,13.578,1.536,5.0,0.6548653201642667,0.9135024611767977
wheat,IN,IN-10-0538,2013,342.0,116.012,312.4,6.753,25.17377,73.93993,4627.0,13.578,1.536,5.0,0.9313658500972549,1.0910451870547901
wheat,IN,IN-10-0538,2014,342.0,116.012,312.4,6.753,25.17377,73.93993,4627.0,13.578,1.536,5.0,1.0092374157780675,0.9040715922993268
wheat,IN,IN-10-0538,2015,342.0,116.012,312.4,6.753,25.17377,73.93993,4627.0,13.578,1.536,5.0,-0.3864983832500325,0.436603721105712
wheat,IN,IN-10-0538,2016,342.0,116.012,312.4,6.753,25.17377,73.93993,4627.0,13.578,1.536,5.0,1.7541004994755875,0.5506582915926443
wheat,IN,IN-10-0538,2017,342.0,116.012,312.4,6.753,25.17377,73.93993,4627.0,13.578,1.536,5.0,0.5890372072615668,1.4820022976543776
wheat,IN,IN-10-0539,2003,346.204,112.652,4832.4,49.803,29.47247,74.41048,9703.0,13.07,1.445,6.0,1.7100865762471482,-0.9887862193472277
wheat,IN,IN-10-0539,2004,346.204,112.652,4832.4,49.803,29.47247,74.41048,9703.0,13.07,1.445,6.0,1.7663163959389814,-1.090789473761981
wheat,IN,IN-10-0539,2005,346.204,112.652,4832.4,49.803,29.47247,74.41048,9703.0,13.07,1.445,6.0,1.3732199740471007,-0.6159229717905973
wheat,IN,IN-10-0539,2006,346.204,112.652,4832.4,49.803,29.47247,74.41048,9703.0,13.07,1.445,6.0,0.4737350946960934,-0.3795235375726231
wheat,IN,IN-10-0539,2007,346.204,112.652,4832.4,49.803,29.47247,74.41048,9703.0,13.07,1.445,6.0,0.6425768491817201,0.6026023917586119
wheat,IN,IN-10-0539,2008,346.204,112.652,4832.4,49.803,29.47247,74.41048,9703.0,13.07,1.445,6.0,0.1867649096342444,-0.06317560665119165
wheat,IN,IN-10-0539,2009,346.204,112.652,4832.4,49.803,29.47247,74.41048,9703.0,13.07,1.445,6.0,-0.3871243015638898,-0.40295671764087787
wheat,IN,IN-10-0539,2010,346.204,112.652,4832.4,49.803,29.47247,74.41048,9703.0,13.07,1.445,6.0,-0.43638317969091256,-0.13280125148144264
wheat,IN,IN-10-0539,2011,346.204,112.652,4832.4,49.803,29.47247,74.41048,9703.0,13.07,1.445,6.0,-0.0651584456804826,1.184664205689284
wheat,IN,IN-10-0539,2012,346.204,112.652,4832.4,49.803,29.47247,74.41048,9703.0,13.07,1.445,6.0,-0.5202636814132324,0.347594255721732
wheat,IN,IN-10-0539,2013,346.204,112.652,4832.4,49.803,29.47247,74.41048,9703.0,13.07,1.445,6.0,-0.5800562256657603,0.9407857859254599
wheat,IN,IN-10-0539,2014,346.204,112.652,4832.4,49.803,29.47247,74.41048,9703.0,13.07,1.445,6.0,-0.9381133442404498,0.8707055401865804
wheat,IN,IN-10-0539,2015,346.204,112.652,4832.4,49.803,29.47247,74.41048,9703.0,13.07,1.445,6.0,-0.8233670870766071,1.4118004279596208
wheat,IN,IN-10-0539,2016,346.204,112.652,4832.4,49.803,29.47247,74.41048,9703.0,13.07,1.445,6.0,-1.2382144849604682,0.48154627720993237
wheat,IN,IN-10-0539,2017,346.204,112.652,4832.4,49.803,29.47247,74.41048,9703.0,13.07,1.445,6.0,-1.1640190494534932,1.101465973853369
wheat,IN,IN-10-1020,2003,337.555,108.676,1697.0,33.819,26.65476,76.8735,5018.0,13.551,1.465,5.0,1.9922569618926438,-0.8706592399020489
wheat,IN,IN-10-1020,2004,337.555,108.676,1697.0,33.819,26.65476,76.8735,5018.0,13.551,1.465,5.0,1.168861719571799,-0.6145671189424109
wheat,IN,IN-10-1020,2005,337.555,108.676,1697.0,33.819,26.65476,76.8735,5018.0,13.551,1.465,5.0,0.4080444060425757,-0.6929599302137892
wheat,IN,IN-10-1020,2006,337.555,108.676,1697.0,33.819,26.65476,76.8735,5018.0,13.551,1.465,5.0,-0.2131804096428431,-0.6839442541847157
wheat,IN,IN-10-1020,2007,337.555,108.676,1697.0,33.819,26.65476,76.8735,5018.0,13.551,1.465,5.0,-0.43261067214643106,-0.8927794859213358
wheat,IN,IN-10-1020,2008,337.555,108.676,1697.0,33.819,26.65476,76.8735,5018.0,13.551,1.465,5.0,0.8758346669882414,0.009827098238333342
wheat,IN,IN-10-1020,2009,337.555,108.676,1697.0,33.819,26.65476,76.8735,5018.0,13.551,1.465,5.0,-0.9592665583487257,-0.19083034557600298
wheat,IN,IN-10-1020,2010,337.555,108.676,1697.0,33.819,26.65476,76.8735,5018.0,13.551,1.465,5.0,-0.19854132209762557,0.37330295896432397
wheat,IN,IN-10-1020,2011,337.555,108.676,1697.0,33.819,26.65476,76.8735,5018.0,13.551,1.465,5.0,0.11535632591838467,1.530862136258395
wheat,IN,IN-10-1020,2012,337.555,108.676,1697.0,33.819,26.65476,76.8735,5018.0,13.551,1.465,5.0,0.08443430541603693,0.2569877407054861
wheat,IN,IN-10-1020,2013,337.555,108.676,1697.0,33.819,26.65476,76.8735,5018.0,13.551,1.465,5.0,1.0879257027427909,1.814738626839229
wheat,IN,IN-10-1020,2014,337.555,108.676,1697.0,33.819,26.65476,76.8735,5018.0,13.551,1.465,5.0,-0.29076989521432645,1.0655310384092835
wheat,IN,IN-10-1020,2015,337.555,108.676,1697.0,33.819,26.65476,76.8735,5018.0,13.551,1.465,5.0,-1.4816727385327528,0.8031060422238978
wheat,IN,IN-10-1020,2016,337.555,108.676,1697.0,33.819,26.65476,76.8735,5018.0,13.551,1.465,5.0,-0.47445667010347314,0.5896007082881597
wheat,IN,IN-10-1020,2017,337.555,108.676,1697.0,33.819,26.65476,76.8735,5018.0,13.551,1.465,5.0,-1.682215822486311,0.36317648270224645
wheat,IN,IN-10-2012,2008,341.164,110.83,1097.0,24.73,24.05322,74.67017,4436.0,13.954,1.592,4.0,-0.09022898966303565,-0.1390626421662907
wheat,IN,IN-10-2012,2009,341.164,110.83,1097.0,24.73,24.05322,74.67017,4436.0,13.954,1.592,4.0,-1.5310021901010686,-1.6289427100905762
wheat,IN,IN-10-2012,2010,341.164,110.83,1097.0,24.73,24.05322,74.67017,4436.0,13.954,1.592,4.0,-1.3075747926894676,-0.7023667249005697
wheat,IN,IN-10-2012,2011,341.164,110.83,1097.0,24.73,24.05322,74.67017,4436.0,13.954,1.592,4.0,0.6572764897642153,-0.6212458428522937
wheat,IN,IN-10-2012,2012,341.164,110.83,1097.0,24.73,24.05322,74.67017,4436.0,13.954,1.592,4.0,0.33298225099202594,-0.3863670180659189
wheat,IN,IN-10-2012,2013,341.164,110.83,1097.0,24.73,24.05322,74.67017,4436.0,13.954,1.592,4.0,1.760826621935959,1.149964761624071
wheat,IN,IN-10-2012,2014,341.164,110.83,1097.0,24.73,24.05322,74.67017,4436.0,13.954,1.592,4.0,0.24435664899936113,1.2896066546565887
wheat,IN,IN-10-2012,2015,341.164,110.83,1097.0,24.73,24.05322,74.67017,4436.0,13.954,1.592,4.0,-0.7218174911167096,-0.052832652211519136
wheat,IN,IN-10-2012,2016,341.164,110.83,1097.0,24.73,24.05322,74.67017,4436.0,13.954,1.592,4.0,0.827279228422256,-0.3803784439472302
wheat,IN,IN-10-2012,2017,341.164,110.83,1097.0,24.73,24.05322,74.67017,4436.0,13.954,1.592,4.0,-0.17209777654348646,1.471624617953733
wheat,IN,IN-12-0189,2003,346.537,116.3,263.9,7.095,29.95276,77.34087,3719.0,12.639,1.529,5.0,1.8212309775873523,0.49188364904908066
wheat,IN,IN-12-0189,2004,346.537,116.3,263.9,7.095,29.95276,77.34087,3719.0,12.639,1.529,5.0,1.3733185328232302,-0.6495973070137974
wheat,IN,IN-12-0189,2005,346.537,116.3,263.9,7.095,29.95276,77.34087,3719.0,12.639,1.529,5.0,1.3722191208850787,-0.5250967866870946
wheat,IN,IN-12-0189,2006,346.537,116.3,263.9,7.095,29.95276,77.34087,3719.0,12.639,1.529,5.0,0.14494384778009944,0.22050767358785872
wheat,IN,IN-12-0189,2007,346.537,116.3,263.9,7.095,29.95276,77.34087,3719.0,12.639,1.529,5.0,0.2924333121914206,-0.1278915908306542
wheat,IN,IN-12-0189,2008,346.537,116.3,263.9,7.095,29.95276,77.34087,3719.0,12.639,1.529,5.0,0.63798979722186,-1.718843223663435
wheat,IN,IN-12-0189,2009,346.537,116.3,263.9,7.095,29.95276,77.34087,3719.0,12.639,1.529,5.0,-0.5567333778717715,-0.837675589208621
wheat,IN,IN-12-0189,2010,346.537,116.3,263.9,7.095,29.95276,77.34087,3719.0,12.639,1.529,5.0,0.23186796186189326,-0.8800417877925761
wheat,IN,IN-12-0189,2011,346.537,116.3,263.9,7.095,29.95276,77.34087,3719.0,12.639,1.529,5.0,0.3331014389794122,0.1901005171864185
wheat,IN,IN-12-0189,2012,346.537,116.3,263.9,7.095,29.95276,77.34087,3719.0,12.639,1.529,5.0,-0.7909928893498983,-0.31476443322787395
wheat,IN,IN-12-0189,2013,346.537,116.3,263.9,7.095,29.95276,77.34087,3719.0,12.639,1.529,5.0,-0.4231764321549475,1.7371986008117053
wheat,IN,IN-12-0189,2014,346.537,116.3,263.9,7.095,29.95276,77.34087,3719.0,12.639,1.529,5.0,-1.1532271985432876,1.0231117689838833
wheat,IN,IN-12-0189,2015,346.537,116.3,263.9,7.095,29.95276,77.34087,3719.0,12.639,1.529,5.0,-1.1399173402268339,1.066771606937073
wheat,IN,IN-12-0189,2016,346.537,116.3,263.9,7.095,29.95276,77.34087,3719.0,12.639,1.529,5.0,-1.38414643818872,0.9230018051972898
wheat,IN,IN-12-0189,2017,346.537,116.3,263.9,7.095,29.95276,77.34087,3719.0,12.639,1.529,5.0,-0.758911312994896,1.461732438693929
wheat,IN,IN-12-0190,2003,344.977,110.841,28.7,1.047,29.47176,77.88099,2741.0,15.075,1.49,4.0,1.6157033268034737,-0.8987827897763888
wheat,IN,IN-12-0190,2004,344.977,110.841,28.7,1.047,29.47176,77.88099,2741.0,15.075,1.49,4.0,1.5876088220896645,-0.7700848659141319
wheat,IN,IN-12-0190,2005,344.977,110.841,28.7,1.047,29.47176,77.88099,2741.0,15.075,1.49,4.0,1.3048793752038241,-0.5447469503872365
wheat,IN,IN-12-0190,2006,344.977,110.841,28.7,1.047,29.47176,77.88099,2741.0,15.075,1.49,4.0,0.11636957298080469,0.7821342150409775
wheat,IN,IN-12-0190,2007,344.977,110.841,28.7,1.047,29.47176,77.88099,2741.0,15.075,1.49,4.0,0.31406344459924246,-0.1714984923532801
wheat,IN,IN-12-0190,2008,344.977,110.841,28.7,1.047,29.47176,77.88099,2741.0,15.075,1.49,4.0,0.5968387651399948,-0.946465277890021
wheat,IN,IN-12-0190,2009,344.977,110.841,28.7,1.047,29.47176,77.88099,2741.0,15.075,1.49,4.0,-0.4283553939097327,0.014409103793772755
wheat,IN,IN-12-0190,2010,344.977,110.841,28.7,1.047,29.47176,77.88099,2741.0,15.075,1.49,4.0,0.20236361273714376,-0.34865013779870097
wheat,IN,IN-12-0190,2011,344.977,110.841,28.7,1.047,29.47176,77.88099,2741.0,15.075,1.49,4.0,0.31520896726354614,0.47819699382940295
wheat,IN,IN-12-0190,2012,344.977,110.841,28.7,1.047,29.47176,77.88099,2741.0,15.075,1.49,4.0,-0.7033477433327868,-0.5657094946737015
wheat,IN,IN-12-0190,2013,344.977,110.841,28.7,1.047,29.47176,77.88099,2741.0,15.075,1.49,4.0,-0.22630154036921524,0.767741022195086
wheat,IN,IN-12-0190,2014,344.977,110.841,28.7,1.047,29.47176,77.88099,2741.0,15.075,1.49,4.0,-1.1737502698704119,0.3513568495438947
wheat,IN,IN-12-0190,2015,344.977,110.841,28.7,1.047,29.47176,77.88099,2741.0,15.075,1.49,4.0,-1.273340626830864,1.6200017815594336
wheat,IN,IN-12-0190,2016,344.977,110.841,28.7,1.047,29.47176,77.88099,2741.0,15.075,1.49,4.0,-1.5128700095907923,1.3234885643324854
wheat,IN,IN-12-0190,2017,344.977,110.841,28.7,1.047,29.47176,77.88099,2741.0,15.075,1.49,4.0,-0.735070302913899,1.7291756804862664
wheat,IN,IN-12-0191,2003,342.618,93.026,166.9,6.429,28.93338,77.77668,2596.0,12.216,1.537,5.0,1.666436015214608,-0.024000472131547188
wheat,IN,IN-12-0191,2004,342.618,93.026,166.9,6.429,28.93338,77.77668,2596.0,12.216,1.537,5.0,2.034183907932043,-0.6132154386982949
wheat,IN,IN-12-0191,2005,342.618,93.026,166.9,6.429,28.93338,77.77668,2596.0,12.216,1.537,5.0,1.2472227737388641,-0.22204205743821775
wheat,IN,IN-12-0191,2006,342.618,93.026,166.9,6.429,28.93338,77.77668,2596.0,12.216,1.537,5.0,-0.09204841522497068,1.2094572462374595
wheat,IN,IN-12-0191,2007,342.618,93.026,166.9,6.429,28.93338,77.77668,2596.0,12.216,1.537,5.0,-0.08110067242277424,0.5131010955086994
wheat,IN,IN-12-0191,2008,342.618,93.026,166.9,6.429,28.93338,77.77668,2596.0,12.216,1.537,5.0,0.4823368103870208,-0.6952311042723374
wheat,IN,IN-12-0191,2009,342.618,93.026,166.9,6.429,28.93338,77.77668,2596.0,12.216,1.537,5.0,-0.34898398936699043,-0.5340631952556701
wheat,IN,IN-12-0191,2010,342.618,93.026,166.9,6.429,28.93338,77.77668,2596.0,12.216,1.537,5.0,0.03690348394585639,-0.8218226678023759
wheat,IN,IN-12-0191,2011,342.618,93.026,166.9,6.429,28.93338,77.77668,2596.0,12.216,1.537,5.0,0.016812929079857878,1.3050591718981612
wheat,IN,IN-12-0191,2012,342.618,93.026,166.9,6.429,28.93338,77.77668,2596.0,12.216,1.537,5.0,-0.47833847736419727,-0.7795789688674453
wheat,IN,IN-12-0191,2013,342.618,93.026,166.9,6.429,28.93338,77.77668,2596.0,12.216,1.537,5.0,-0.11399980232032314,0.30742012486624753
wheat,IN,IN-12-0191,2014,342.618,93.026,166.9,6.429,28.93338,77.77668,2596.0,12.216,1.537,5.0,-0.960295975964429,0.05393438501652213
wheat,IN,IN-12-0191,2015,342.618,93.026,166.9,6.429,28.93338,77.77668,2596.0,12.216,1.537,5.0,-1.2052368540906684,0.7958538615135532
wheat,IN,IN-12-0191,2016,342.618,93.026,166.9,6.429,28.93338,77.77668,2596.0,12.216,1.537,5.0,-1.339907541417594,0.38177942654877367
wheat,IN,IN-12-0191,2017,342.618,93.026,166.9,6.429,28.93338,77.77668,2596.0,12.216,1.537,5.0,-0.8639841921262911,2.1472733809995703
wheat,IN,IN-12-0192,2003,339.429,89.533,2021.1,57.369,28.40265,77.94291,3523.0,11.755,1.544,5.0,2.079636104827572,0.2432482489536405
wheat,IN,IN-12-0192,2004,339.429,89.533,2021.1,57.369,28.40265,77.94291,3523.0,11.755,1.544,5.0,1.867047991020842,-1.039007195825109
wheat,IN,IN-12-0192,2005,339.429,89.533,2021.1,57.369,28.40265,77.94291,3523.0,11.755,1.544,5.0,0.8509117092991216,-0.5441277228776399
wheat,IN,IN-12-0192,2006,339.429,89.533,2021.1,57.369,28.40265,77.94291,3523.0,11.755,1.544,5.0,-0.1373919797510304,0.5395170801328242
wheat,IN,IN-12-0192,2007,339.429,89.533,2021.1,57.369,28.40265,77.94291,3523.0,11.755,1.544,5.0,-0.2507524629274442,0.0063917560105122605
wheat,IN,IN-12-0192,2008,339.429,89.533,2021.1,57.369,28.40265,77.94291,3523.0,11.755,1.544,5.0,0.6944165470727864,-0.2979412959687488
wheat,IN,IN-12-0192,2009,339.429,89.533,2021.1,57.369,28.40265,77.94291,3523.0,11.755,1.544,5.0,-0.37896412236069194,-0.867611691944518
wheat,IN,IN-12-0192,2010,339.429,89.533,2021.1,57.369,28.40265,77.94291,3523.0,11.755,1.544,5.0,-0.031065727481236736,-0.9099836437959758
wheat,IN,IN-12-0192,2011,339.429,89.533,2021.1,57.369,28.40265,77.94291,3523.0,11.755,1.544,5.0,-0.013811489740244263,1.4844956182705575
wheat,IN,IN-12-0192,2012,339.429,89.533,2021.1,57.369,28.40265,77.94291,3523.0,11.755,1.544,5.0,-0.31609625578616424,-0.14824902243423005
wheat,IN,IN-12-0192,2013,339.429,89.533,2021.1,57.369,28.40265,77.94291,3523.0,11.755,1.544,5.0,-0.08742744377967167,1.3638812689934865
wheat,IN,IN-12-0192,2014,339.429,89.533,2021.1,57.369,28.40265,77.94291,3523.0,11.755,1.544,5.0,-0.8522407922300207,-0.12512472027051683
wheat,IN,IN-12-0192,2015,339.429,89.533,2021.1,57.369,28.40265,77.94291,3523.0,11.755,1.544,5.0,-1.2071589039326973,0.9184448742448589
wheat,IN,IN-12-0192,2016,339.429,89.533,2021.1,57.369,28.40265,77.94291,3523.0,11.755,1.544,5.0,-1.17010142729706,0.5344205936164272
wheat,IN,IN-12-0192,2017,339.429,89.533,2021.1,57.369,28.40265,77.94291,3523.0,11.755,1.544,5.0,-1.047001746934058,1.7265487484670676
wheat,IN,IN-12-0193,2003,342.939,92.941,279.1,30.604,28.8285,77.44663,912.0,11.267,1.552,5.0,1.7635013790891194,0.3628993660510037
wheat,IN,IN-12-0193,2004,342.939,92.941,279.1,30.604,28.8285,77.44663,912.0,11.267,1.552,5.0,2.083352787701072,-0.19518791938439978
wheat,IN,IN-12-0193,2005,342.939,92.941,279.1,30.604,28.8285,77.44663,912.0,11.267,1.552,5.0,1.1835148470416315,0.2031547241196024
wheat,IN,IN-12-0193,2006,342.939,92.941,279.1,30.604,28.8285,77.44663,912.0,11.267,1.552,5.0,-0.09992363144092484,0.7794332098123172
wheat,IN,IN-12-0193,2007,342.939,92.941,279.1,30.604,28.8285,77.44663,912.0,11.267,1.552,5.0,-0.10933494888003066,-0.4656746217485171
wheat,IN,IN-12-0193,2008,342.939,92.941,279.1,30.604,28.8285,77.44663,912.0,11.267,1.552,5.0,0.412771012885279,-1.191042669856287
wheat,IN,IN-12-0193,2009,342.939,92.941,279.1,30.604,28.8285,77.44663,912.0,11.267,1.552,5.0,-0.38405407460026997,-0.9694250857844293
wheat,IN,IN-12-0193,2010,342.939,92.941,279.1,30.604,28.8285,77.44663,912.0,11.267,1.552,5.0,-0.011994245022866997,-1.5624172165912522
wheat,IN,IN-12-0193,2011,342.939,92.941,279.1,30.604,28.8285,77.44663,912.0,11.267,1.552,5.0,-0.05064662245597252,1.930530171751785
wheat,IN,IN-12-0193,2012,342.939,92.941,279.1,30.604,28.8285,77.44663,912.0,11.267,1.552,5.0,-0.41387543609869215,-0.3464277959750915
wheat,IN,IN-12-0193,2013,342.939,92.941,279.1,30.604,28.8285,77.44663,912.0,11.267,1.552,5.0,-0.10993698559574931,0.8691772436008925
wheat,IN,IN-12-0193,2014,342.939,92.941,279.1,30.604,28.8285,77.44663,912.0,11.267,1.552,5.0,-0.9618831167707649,-0.27138751317005805
wheat,IN,IN-12-0193,2015,342.939,92.941,279.1,30.604,28.8285,77.44663,912.0,11.267,1.552,5.0,-1.1728281235674687,0.2756874264019656
wheat,IN,IN-12-0193,2016,342.939,92.941,279.1,30.604,28.8285,77.44663,912.0,11.267,1.552,5.0,-1.232772367456418,0.5296953005094458
wheat,IN,IN-12-0193,2017,342.939,92.941,279.1,30.604,28.8285,77.44663,912.0,11.267,1.552,5.0,-0.8958904748279455,1.8658570502120861
wheat,IN,IN-12-0194,2003,337.652,89.994,2487.8,66.93,27.98694,77.98022,3717.0,11.551,1.547,5.0,2.320469462357926,-0.33282461035337946
wheat,IN,IN-12-0194,2004,337.652,89.994,2487.8,66.93,27.98694,77.98022,3717.0,11.551,1.547,5.0,1.6633074333291868,-0.444456756788805
wheat,IN,IN-12-0194,2005,337.652,89.994,2487.8,66.93,27.98694,77.98022,3717.0,11.551,1.547,5.0,0.620478540644975,-1.0147853929274169
wheat,IN,IN-12-0194,2006,337.652,89.994,2487.8,66.93,27.98694,77.98022,3717.0,11.551,1.547,5.0,-0.14398017308628303,-0.46421782136008233
wheat,IN,IN-12-0194,2007,337.652,89.994,2487.8,66.93,27.98694,77.98022,3717.0,11.551,1.547,5.0,-0.36919880523444915,-0.014619834847429802
wheat,IN,IN-12-0194,2008,337.652,89.994,2487.8,66.93,27.98694,77.98022,3717.0,11.551,1.547,5.0,0.8571497608286208,0.35249880585614524
wheat,IN,IN-12-0194,2009,337.652,89.994,2487.8,66.93,27.98694,77.98022,3717.0,11.551,1.547,5.0,-0.4417705934180404,-1.1422852516061688
wheat,IN,IN-12-0194,2010,337.652,89.994,2487.8,66.93,27.98694,77.98022,3717.0,11.551,1.547,5.0,-0.1163104615347117,-0.5705490432151388
wheat,IN,IN-12-0194,2011,337.652,89.994,2487.8,66.93,27.98694,77.98022,3717.0,11.551,1.547,5.0,-0.037676907045092196,1.229212119818616
wheat,IN,IN-12-0194,2012,337.652,89.994,2487.8,66.93,27.98694,77.98022,3717.0,11.551,1.547,5.0,-0.2162407419270226,-0.23736317770159482
wheat,IN,IN-12-0194,2013,337.652,89.994,2487.8,66.93,27.98694,77.98022,3717.0,11.551,1.547,5.0,-0.04342365832074565,1.9138863609235108
wheat,IN,IN-12-0194,2014,337.652,89.994,2487.8,66.93,27.98694,77.98022,3717.0,11.551,1.547,5.0,-0.7273773127321101,0.5237129017961851
wheat,IN,IN-12-0194,2015,337.652,89.994,2487.8,66.93,27.98694,77.98022,3717.0,11.551,1.547,5.0,-1.188849195206134,0.8616393565057207
wheat,IN,IN-12-0194,2016,337.652,89.994,2487.8,66.93,27.98694,77.98022,3717.0,11.551,1.547,5.0,-1.055476842238136,0.39736169049291603
wheat,IN,IN-12-0194,2017,337.652,89.994,2487.8,66.93,27.98694,77.98022,3717.0,11.551,1.547,5.0,-1.1211005064179684,1.5676036366362733
wheat,IN,IN-12-0195,2003,336.582,97.24,2479.1,74.136,27.65761,77.56822,3344.0,12.326,1.528,5.0,2.2523942987924404,0.16112317397128129
wheat,IN,IN-12-0195,2004,336.582,97.24,2479.1,74.136,27.65761,77.56822,3344.0,12.326,1.528,5.0,1.739409091546031,-1.310309379638301
wheat,IN,IN-12-0195,2005,336.582,97.24,2479.1,74.136,27.65761,77.56822,3344.0,12.326,1.528,5.0,0.6655217790504662,-1.1735848316542354
wheat,IN,IN-12-0195,2006,336.582,97.24,2479.1,74.136,27.65761,77.56822,3344.0,12.326,1.528,5.0,-0.09183605402617656,-0.7773639690051739
wheat,IN,IN-12-0195,2007,336.582,97.24,2479.1,74.136,27.65761,77.56822,3344.0,12.326,1.528,5.0,-0.29333693074683237,-0.1493641664955864
wheat,IN,IN-12-0195,2008,336.582,97.24,2479.1,74.136,27.65761,77.56822,3344.0,12.326,1.528,5.0,0.7736415304987531,0.4967850663966727
wheat,IN,IN-12-0195,2009,336.582,97.24,2479.1,74.136,27.65761,77.56822,3344.0,12.326,1.528,5.0,-0.5955746129203988,-0.972138343843671
wheat,IN,IN-12-0195,2010,336.582,97.24,2479.1,74.136,27.65761,77.56822,3344.0,12.326,1.528,5.0,-0.1626817757243379,-0.6861363130979072
wheat,IN,IN-12-0195,2011,336.582,97.24,2479.1,74.136,27.65761,77.56822,3344.0,12.326,1.528,5.0,-0.13384284793114154,1.9407082159705111
wheat,IN,IN-12-0195,2012,336.582,97.24,2479.1,74.136,27.65761,77.56822,3344.0,12.326,1.528,5.0,-0.15424357515590947,-0.12374838507743267
wheat,IN,IN-12-0195,2013,336.582,97.24,2479.1,74.136,27.65761,77.56822,3344.0,12.326,1.528,5.0,0.07072910069569915,1.7203790280496412
wheat,IN,IN-12-0195,2014,336.582,97.24,2479.1,74.136,27.65761,77.56822,3344.0,12.326,1.528,5.0,-0.6927274169757421,-0.04318413433809484
wheat,IN,IN-12-0195,2015,336.582,97.24,2479.1,74.136,27.65761,77.56822,3344.0,12.326,1.528,5.0,-1.2504830151997244,1.1181232397889966
wheat,IN,IN-12-0195,2016,336.582,97.24,2479.1,74.136,27.65761,77.56822,3344.0,12.326,1.528,5.0,-0.9374011551622992,0.8827964518131892
wheat,IN,IN-12-0195,2017,336.582,97.24,2479.1,74.136,27.65761,77.56822,3344.0,12.326,1.528,5.0,-1.1895684167408276,0.4370092145971526
wheat,IN,IN-12-0196,2003,333.534,98.394,2248.0,55.466,27.08177,77.97825,4053.0,13.434,1.503,5.0,2.32164676756236,-0.5425289675432009
wheat,IN,IN-12-0196,2004,333.534,98.394,2248.0,55.466,27.08177,77.97825,4053.0,13.434,1.503,5.0,1.3433972607629259,-1.1948189883487326
wheat,IN,IN-12-0196,2005,333.534,98.394,2248.0,55.466,27.08177,77.97825,4053.0,13.434,1.503,5.0,0.6384269968965907,-1.140850771780193
wheat,IN,IN-12-0196,2006,333.534,98.394,2248.0,55.466,27.08177,77.97825,4053.0,13.434,1.503,5.0,-0.25226837374587446,-1.0229810932290218
wheat,IN,IN-12-0196,2007,333.534,98.394,2248.0,55.466,27.08177,77.97825,4053.0,13.434,1.503,5.0,-0.5236002580931395,-0.5640216518333435
wheat,IN,IN-12-0196,2008,333.534,98.394,2248.0,55.466,27.08177,77.97825,4053.0,13.434,1.503,5.0,0.8632565268586068,0.2635191987779769
wheat,IN,IN-12-0196,2009,333.534,98.394,2248.0,55.466,27.08177,77.97825,4053.0,13.434,1.503,5.0,-0.664930970573309,-0.3098057725504169
wheat,IN,IN-12-0196,2010,333.534,98.394,2248.0,55.466,27.08177,77.97825,4053.0,13.434,1.503,5.0,-0.17273197251277358,0.39909509945654215
wheat,IN,IN-12-0196,2011,333.534,98.394,2248.0,55.466,27.08177,77.97825,4053.0,13.434,1.503,5.0,-0.044182592445213054,1.909397887956375
wheat,IN,IN-12-0196,2012,333.534,98.394,2248.0,55.466,27.08177,77.97825,4053.0,13.434,1.503,5.0,0.07237762029087769,0.9299844836392107
wheat,IN,IN-12-0196,2013,333.534,98.394,2248.0,55.466,27.08177,77.97825,4053.0,13.434,1.503,5.0,0.4924204769345705,1.8138296535735763
wheat,IN,IN-12-0196,2014,333.534,98.394,2248.0,55.466,27.08177,77.97825,4053.0,13.434,1.503,5.0,-0.49565951828533517,0.5694973386685018
wheat,IN,IN-12-0196,2015,333.534,98.394,2248.0,55.466,27.08177,77.97825,4053.0,13.434,1.503,5.0,-1.26282097435032,0.612793444852974
wheat,IN,IN-12-0196,2016,333.534,98.394,2248.0,55.466,27.08177,77.97825,4053.0,13.434,1.503,5.0,-0.9676252114765628,-0.20056363384578849
wheat,IN,IN-12-0196,2017,333.534,98.394,2248.0,55.466,27.08177,77.97825,4053.0,13.434,1.503,5.0,-1.347705777823394,0.6373316102964167
wheat,IN,IN-12-0197,2003,332.078,93.68,1440.0,52.592,27.22512,78.9838,2738.0,13.988,1.499,5.0,2.634110544849416,-1.0627851540122337
wheat,IN,IN-12-0197,2004,332.078,93.68,1440.0,52.592,27.22512,78.9838,2738.0,13.988,1.499,5.0,1.0332128048614855,-0.5834934124365516
wheat,IN,IN-12-0197,2005,332.078,93.68,1440.0,52.592,27.22512,78.9838,2738.0,13.988,1.499,5.0,0.49315384635126747,-1.2641780931409563
wheat,IN,IN-12-0197,2006,332.078,93.68,1440.0,52.592,27.22512,78.9838,2738.0,13.988,1.499,5.0,-0.29780340672177275,-0.3770165828276745
wheat,IN,IN-12-0197,2007,332.078,93.68,1440.0,52.592,27.22512,78.9838,2738.0,13.988,1.499,5.0,-0.597010508755823,-0.42150211028607204
wheat,IN,IN-12-0197,2008,332.078,93.68,1440.0,52.592,27.22512,78.9838,2738.0,13.988,1.499,5.0,0.9066767341548801,-0.01965997185560328
wheat,IN,IN-12-0197,2009,332.078,93.68,1440.0,52.592,27.22512,78.9838,2738.0,13.988,1.499,5.0,-0.48424912501333217,-0.18150956885330893
wheat,IN,IN-12-0197,2010,332.078,93.68,1440.0,52.592,27.22512,78.9838,2738.0,13.988,1.499,5.0,-0.16944761412418313,-0.5171994992515501
wheat,IN,IN-12-0197,2011,332.078,93.68,1440.0,52.592,27.22512,78.9838,2738.0,13.988,1.499,5.0,0.09753029413398172,1.4138215825117986
wheat,IN,IN-12-0197,2012,332.078,93.68,1440.0,52.592,27.22512,78.9838,2738.0,13.988,1.499,5.0,-0.05364189428832437,-0.273546279865367
wheat,IN,IN-12-0197,2013,332.078,93.68,1440.0,52.592,27.22512,78.9838,2738.0,13.988,1.499,5.0,0.3353085637513167,1.6463453038483626
wheat,IN,IN-12-0197,2014,332.078,93.68,1440.0,52.592,27.22512,78.9838,2738.0,13.988,1.499,5.0,-0.5151412272823908,0.7843696578208564
wheat,IN,IN-12-0197,2015,332.078,93.68,1440.0,52.592,27.22512,78.9838,2738.0,13.988,1.499,5.0,-1.1015331519229234,1.0313154882798243
wheat,IN,IN-12-0197,2016,332.078,93.68,1440.0,52.592,27.22512,78.9838,2738.0,13.988,1.499,5.0,-1.0541961773290156,0.48673643176139575
wheat,IN,IN-12-0197,2017,332.078,93.68,1440.0,52.592,27.22512,78.9838,2738.0,13.988,1.499,5.0,-1.226969682664571,1.6775727265909448
wheat,IN,IN-12-0198,2003,333.876,90.52,1365.9,56.349,27.56304,78.61565,2424.0,12.211,1.55,5.0,2.460513555874319,-0.686390852154735
wheat,IN,IN-12-0198,2004,333.876,90.52,1365.9,56.349,27.56304,78.61565,2424.0,12.211,1.55,5.0,1.453770937195594,-0.507264591409324
wheat,IN,IN-12-0198,2005,333.876,90.52,1365.9,56.349,27.56304,78.61565,2424.0,12.211,1.55,5.0,0.6097284331414922,-1.2956353780324055
wheat,IN,IN-12-0198,2006,333.876,90.52,1365.9,56.349,27.56304,78.61565,2424.0,12.211,1.55,5.0,-0.1560452083532893,-0.3931826720465126
wheat,IN,IN-12-0198,2007,333.876,90.52,1365.9,56.349,27.56304,78.61565,2424.0,12.211,1.55,5.0,-0.4635297853133374,-0.3111415169568794
wheat,IN,IN-12-0198,2008,333.876,90.52,1365.9,56.349,27.56304,78.61565,2424.0,12.211,1.55,5.0,0.8569362366166173,0.131155730462635
wheat,IN,IN-12-0198,2009,333.876,90.52,1365.9,56.349,27.56304,78.61565,2424.0,12.211,1.55,5.0,-0.447186467019252,-0.509438521444819
wheat,IN,IN-12-0198,2010,333.876,90.52,1365.9,56.349,27.56304,78.61565,2424.0,12.211,1.55,5.0,-0.20838683089923943,-0.37900271931496915
wheat,IN,IN-12-0198,2011,333.876,90.52,1365.9,56.349,27.56304,78.61565,2424.0,12.211,1.55,5.0,0.05009335589868093,0.9110531306973602
wheat,IN,IN-12-0198,2012,333.876,90.52,1365.9,56.349,27.56304,78.61565,2424.0,12.211,1.55,5.0,-0.17310778142078642,-0.08698098599399882
wheat,IN,IN-12-0198,2013,333.876,90.52,1365.9,56.349,27.56304,78.61565,2424.0,12.211,1.55,5.0,0.03697602890895782,1.8927800478993864
wheat,IN,IN-12-0198,2014,333.876,90.52,1365.9,56.349,27.56304,78.61565,2424.0,12.211,1.55,5.0,-0.6505458007244966,0.5099630391480716
wheat,IN,IN-12-0198,2015,333.876,90.52,1365.9,56.349,27.56304,78.61565,2424.0,12.211,1.55,5.0,-1.152983340474467,0.7329081455911092
wheat,IN,IN-12-0198,2016,333.876,90.52,1365.9,56.349,27.56304,78.61565,2424.0,12.211,1.55,5.0,-1.0813261847118196,0.3569657661310257
wheat,IN,IN-12-0198,2017,333.876,90.52,1365.9,56.349,27.56304,78.61565,2424.0,12.211,1.55,5.0,-1.1349071487189695,2.074579260471107
wheat,IN,IN-12-0199,2003,340.907,109.223,1357.9,32.958,28.5097,79.38585,4120.0,14.521,1.493,5.0,2.2468759695080034,-0.6301017674994146
wheat,IN,IN-12-0199,2004,340.907,109.223,1357.9,32.958,28.5097,79.38585,4120.0,14.521,1.493,5.0,1.2632698446970394,-0.09868290862105181
wheat,IN,IN-12-0199,2005,340.907,109.223,1357.9,32.958,28.5097,79.38585,4120.0,14.521,1.493,5.0,0.9337417324527962,-0.7485251301202747
wheat,IN,IN-12-0199,2006,340.907,109.223,1357.9,32.958,28.5097,79.38585,4120.0,14.521,1.493,5.0,-0.08820467426736958,-0.3396512626830441
wheat,IN,IN-12-0199,2007,340.907,109.223,1357.9,32.958,28.5097,79.38585,4120.0,14.521,1.493,5.0,-0.06956323379335715,0.008067757321795425
wheat,IN,IN-12-0199,2008,340.907,109.223,1357.9,32.958,28.5097,79.38585,4120.0,14.521,1.493,5.0,0.7114970595228015,-0.6458284099941531
wheat,IN,IN-12-0199,2009,340.907,109.223,1357.9,32.958,28.5097,79.38585,4120.0,14.521,1.493,5.0,-0.32255371281814244,-0.4328050973345292
wheat,IN,IN-12-0199,2010,340.907,109.223,1357.9,32.958,28.5097,79.38585,4120.0,14.521,1.493,5.0,0.22035586135469604,-1.300813784947807
wheat,IN,IN-12-0199,2011,340.907,109.223,1357.9,32.958,28.5097,79.38585,4120.0,14.521,1.493,5.0,0.023634762770320672,1.4788951993615167
wheat,IN,IN-12-0199,2012,340.907,109.223,1357.9,32.958,28.5097,79.38585,4120.0,14.521,1.493,5.0,-0.3900369189716657,0.15625528060137808
wheat,IN,IN-12-0199,2013,340.907,109.223,1357.9,32.958,28.5097,79.38585,4120.0,14.521,1.493,5.0,0.11685577384994442,1.0698710237547093
wheat,IN,IN-12-0199,2014,340.907,109.223,1357.9,32.958,28.5097,79.38585,4120.0,14.521,1.493,5.0,-0.7619638343694313,0.5285355641892711
wheat,IN,IN-12-0199,2015,340.907,109.223,1357.9,32.958,28.5097,79.38585,4120.0,14.521,1.493,5.0,-1.168077347855204,1.1951317924194815
wheat,IN,IN-12-0199,2016,340.907,109.223,1357.9,32.958,28.5097,79.38585,4120.0,14.521,1.493,5.0,-1.4390736759832015,1.0147713695157945
wheat,IN,IN-12-0199,2017,340.907,109.223,1357.9,32.958,28.5097,79.38585,4120.0,14.521,1.493,5.0,-1.2767576060972168,1.57861691952198
wheat,IN,IN-12-0200,2003,337.28,94.549,1632.8,38.365,28.13417,78.96844,4256.0,14.052,1.574,5.0,2.3085178716964228,-0.7645425139111209
wheat,IN,IN-12-0200,2004,337.28,94.549,1632.8,38.365,28.13417,78.96844,4256.0,14.052,1.574,5.0,1.3756969048536631,-0.2561426566788181
wheat,IN,IN-12-0200,2005,337.28,94.549,1632.8,38.365,28.13417,78.96844,4256.0,14.052,1.574,5.0,0.768069334998081,-0.8662740956057845
wheat,IN,IN-12-0200,2006,337.28,94.549,1632.8,38.365,28.13417,78.96844,4256.0,14.052,1.574,5.0,-0.09016041527711471,-0.22917071647102724
wheat,IN,IN-12-0200,2007,337.28,94.549,1632.8,38.365,28.13417,78.96844,4256.0,14.052,1.574,5.0,-0.3015834583242841,-0.31227494567057257
wheat,IN,IN-12-0200,2008,337.28,94.549,1632.8,38.365,28.13417,78.96844,4256.0,14.052,1.574,5.0,0.8405891378952068,-0.6071261368449963
wheat,IN,IN-12-0200,2009,337.28,94.549,1632.8,38.365,28.13417,78.96844,4256.0,14.052,1.574,5.0,-0.3208816527639273,0.027984047801746643
wheat,IN,IN-12-0200,2010,337.28,94.549,1632.8,38.365,28.13417,78.96844,4256.0,14.052,1.574,5.0,0.06625457046172674,-0.7715663011531894
wheat,IN,IN-12-0200,2011,337.28,94.549,1632.8,38.365,28.13417,78.96844,4256.0,14.052,1.574,5.0,0.083302218736181,1.890029139242409
wheat,IN,IN-12-0200,2012,337.28,94.549,1632.8,38.365,28.13417,78.96844,4256.0,14.052,1.574,5.0,-0.3184665295559317,-0.00965556525613423
wheat,IN,IN-12-0200,2013,337.28,94.549,1632.8,38.365,28.13417,78.96844,4256.0,14.052,1.574,5.0,0.05012889023731332,0.7713506778062591
wheat,IN,IN-12-0200,2014,337.28,94.549,1632.8,38.365,28.13417,78.96844,4256.0,14.052,1.574,5.0,-0.7486454327403954,0.6046334998969369
wheat,IN,IN-12-0200,2015,337.28,94.549,1632.8,38.365,28.13417,78.96844,4256.0,14.052,1.574,5.0,-1.16572686545446,0.8702654049227218
wheat,IN,IN-12-0200,2016,337.28,94.549,1632.8,38.365,28.13417,78.96844,4256.0,14.052,1.574,5.0,-1.2974102606799935,0.020069774231247735
wheat,IN,IN-12-0200,2017,337.28,94.549,1632.8,38.365,28.13417,78.96844,4256.0,14.052,1.574,5.0,-1.2496843140824974,2.1913905807234833
wheat,IN,IN-12-0201,2003,339.542,93.794,397.0,20.369,28.80242,78.76273,1949.0,14.383,1.512,5.0,1.8054916621299364,-1.2868945829588228
wheat,IN,IN-12-0201,2004,339.542,93.794,397.0,20.369,28.80242,78.76273,1949.0,14.383,1.512,5.0,1.6869985255637878,-0.220287523650819
wheat,IN,IN-12-0201,2005,339.542,93.794,397.0,20.369,28.80242,78.76273,1949.0,14.383,1.512,5.0,1.0908484624452688,-0.9757115258272692
wheat,IN,IN-12-0201,2006,339.542,93.794,397.0,20.369,28.80242,78.76273,1949.0,14.383,1.512,5.0,0.0021237693835858894,-0.186576578360879
wheat,IN,IN-12-0201,2007,339.542,93.794,397.0,20.369,28.80242,78.76273,1949.0,14.383,1.512,5.0,0.020795855297092398,0.2961036319126746
wheat,IN,IN-12-0201,2008,339.542,93.794,397.0,20.369,28.80242,78.76273,1949.0,14.383,1.512,5.0,0.7459496802022092,-0.7852328231894165
wheat,IN,IN-12-0201,2009,339.542,93.794,397.0,20.369,28.80242,78.76273,1949.0,14.383,1.512,5.0,-0.31529278219289625,-0.022432065183885904
wheat,IN,IN-12-0201,2010,339.542,93.794,397.0,20.369,28.80242,78.76273,1949.0,14.383,1.512,5.0,0.2149625744971934,-0.914035216304381
wheat,IN,IN-12-0201,2011,339.542,93.794,397.0,20.369,28.80242,78.76273,1949.0,14.383,1.512,5.0,0.10413600730970711,0.631131824732019
wheat,IN,IN-12-0201,2012,339.542,93.794,397.0,20.369,28.80242,78.76273,1949.0,14.383,1.512,5.0,-0.5087285353598308,-0.04448313154737517
wheat,IN,IN-12-0201,2013,339.542,93.794,397.0,20.369,28.80242,78.76273,1949.0,14.383,1.512,5.0,-0.13944476043165177,1.4483994986842652
wheat,IN,IN-12-0201,2014,339.542,93.794,397.0,20.369,28.80242,78.76273,1949.0,14.383,1.512,5.0,-0.8928064907320424,0.9620710570861196
wheat,IN,IN-12-0201,2015,339.542,93.794,397.0,20.369,28.80242,78.76273,1949.0,14.383,1.512,5.0,-1.2673639878912115,1.4848111829060673
wheat,IN,IN-12-0201,2016,339.542,93.794,397.0,20.369,28.80242,78.76273,1949.0,14.383,1.512,5.0,-1.4528170712027653,1.1126493580949592
wheat,IN,IN-12-0201,2017,339.542,93.794,397.0,20.369,28.80242,78.76273,1949.0,14.383,1.512,5.0,-1.0948529090183776,1.150870222272319
wheat,IN,IN-12-0202,2003,338.744,109.671,2128.6,49.354,28.03448,79.80757,4313.0,14.991,1.49,5.0,2.652478339094323,-1.215020127741726
wheat,IN,IN-12-0202,2004,338.744,109.671,2128.6,49.354,28.03448,79.80757,4313.0,14.991,1.49,5.0,0.9059836748725096,0.2561508349525494
wheat,IN,IN-12-0202,2005,338.744,109.671,2128.6,49.354,28.03448,79.80757,4313.0,14.991,1.49,5.0,0.7811396474968756,-0.41893094372621675
wheat,IN,IN-12-0202,2006,338.744,109.671,2128.6,49.354,28.03448,79.80757,4313.0,14.991,1.49,5.0,-0.1915978434180773,-0.40011727066970126
wheat,IN,IN-12-0202,2007,338.744,109.671,2128.6,49.354,28.03448,79.80757,4313.0,14.991,1.49,5.0,-0.17732316132765633,-0.40011727066970126
wheat,IN,IN-12-0202,2008,338.744,109.671,2128.6,49.354,28.03448,79.80757,4313.0,14.991,1.49,5.0,0.7326932547208318,-0.05109617199834573
wheat,IN,IN-12-0202,2009,338.744,109.671,2128.6,49.354,28.03448,79.80757,4313.0,14.991,1.49,5.0,-0.3225030337088586,-0.3574605268088877
wheat,IN,IN-12-0202,2010,338.744,109.671,2128.6,49.354,28.03448,79.80757,4313.0,14.991,1.49,5.0,0.07722584356796186,-1.487927763327519
wheat,IN,IN-12-0202,2011,338.744,109.671,2128.6,49.354,28.03448,79.80757,4313.0,14.991,1.49,5.0,-0.065159906144886,1.4547316669171781
wheat,IN,IN-12-0202,2012,338.744,109.671,2128.6,49.354,28.03448,79.80757,4313.0,14.991,1.49,5.0,-0.2913404898570598,-0.23756086096908316
wheat,IN,IN-12-0202,2013,338.744,109.671,2128.6,49.354,28.03448,79.80757,4313.0,14.991,1.49,5.0,0.14822480982161643,1.0203373979761428
wheat,IN,IN-12-0202,2014,338.744,109.671,2128.6,49.354,28.03448,79.80757,4313.0,14.991,1.49,5.0,-0.718818618089169,0.320763073178982
wheat,IN,IN-12-0202,2015,338.744,109.671,2128.6,49.354,28.03448,79.80757,4313.0,14.991,1.49,5.0,-1.0289179242883215,0.8029519253977734
wheat,IN,IN-12-0202,2016,338.744,109.671,2128.6,49.354,28.03448,79.80757,4313.0,14.991,1.49,5.0,-1.2804256963637177,0.8317871391517211
wheat,IN,IN-12-0202,2017,338.744,109.671,2128.6,49.354,28.03448,79.80757,4313.0,14.991,1.49,5.0,-1.2216588963763737,2.1038149665609995
wheat,IN,IN-12-0203,2003,343.876,116.483,1537.1,40.859,28.5834,79.92974,3762.0,15.137,1.489,5.0,2.2979531089781924,-0.484945114776281
wheat,IN,IN-12-0203,2004,343.876,116.483,1537.1,40.859,28.5834,79.92974,3762.0,15.137,1.489,5.0,0.8691991195318215,-0.5589948388024024
wheat,IN,IN-12-0203,2005,343.876,116.483,1537.1,40.859,28.5834,79.92974,3762.0,15.137,1.489,5.0,0.958923054344574,-0.32766802690415653
wheat,IN,IN-12-0203,2006,343.876,116.483,1537.1,40.859,28.5834,79.92974,3762.0,15.137,1.489,5.0,-0.18090027725516494,-0.3423773948346464
wheat,IN,IN-12-0203,2007,343.876,116.483,1537.1,40.859,28.5834,79.92974,3762.0,15.137,1.489,5.0,0.17777566481464238,-0.5245472592045134
wheat,IN,IN-12-0203,2008,343.876,116.483,1537.1,40.859,28.5834,79.92974,3762.0,15.137,1.489,5.0,0.9192238945063267,-0.002571677521178771
wheat,IN,IN-12-0203,2009,343.876,116.483,1537.1,40.859,28.5834,79.92974,3762.0,15.137,1.489,5.0,-0.2919895967449506,-0.627110527218965
wheat,IN,IN-12-0203,2010,343.876,116.483,1537.1,40.859,28.5834,79.92974,3762.0,15.137,1.489,5.0,0.12300337276936858,-0.9210654551242613
wheat,IN,IN-12-0203,2011,343.876,116.483,1537.1,40.859,28.5834,79.92974,3762.0,15.137,1.489,5.0,-0.02023439077570715,0.9410298451244982
wheat,IN,IN-12-0203,2012,343.876,116.483,1537.1,40.859,28.5834,79.92974,3762.0,15.137,1.489,5.0,-0.3744904040500529,-0.7354623535777298
wheat,IN,IN-12-0203,2013,343.876,116.483,1537.1,40.859,28.5834,79.92974,3762.0,15.137,1.489,5.0,0.25345112935759695,1.0092386513652762
wheat,IN,IN-12-0203,2014,343.876,116.483,1537.1,40.859,28.5834,79.92974,3762.0,15.137,1.489,5.0,-0.8299669254811085,1.04915709863537
wheat,IN,IN-12-0203,2015,343.876,116.483,1537.1,40.859,28.5834,79.92974,3762.0,15.137,1.489,5.0,-1.1171326218041098,0.8921319019539989
wheat,IN,IN-12-0203,2016,343.876,116.483,1537.1,40.859,28.5834,79.92974,3762.0,15.137,1.489,5.0,-1.4800532886485733,1.0114501996904903
wheat,IN,IN-12-0203,2017,343.876,116.483,1537.1,40.859,28.5834,79.92974,3762.0,15.137,1.489,5.0,-1.3047618395428398,2.1634702950530933
wheat,IN,IN-12-0204,2003,342.172,109.479,951.1,40.2,28.79242,79.08939,2366.0,14.537,1.487,5.0,1.9798166791800749,-0.8461855071182727
wheat,IN,IN-12-0204,2004,342.172,109.479,951.1,40.2,28.79242,79.08939,2366.0,14.537,1.487,5.0,1.3822546858992768,-0.2246755680031098
wheat,IN,IN-12-0204,2005,342.172,109.479,951.1,40.2,28.79242,79.08939,2366.0,14.537,1.487,5.0,0.9746306412204926,-0.6449205075899778
wheat,IN,IN-12-0204,2006,342.172,109.479,951.1,40.2,28.79242,79.08939,2366.0,14.537,1.487,5.0,-0.10088188487875788,-0.7337583331910166
wheat,IN,IN-12-0204,2007,342.172,109.479,951.1,40.2,28.79242,79.08939,2366.0,14.537,1.487,5.0,0.06322736459234111,0.14957698354432075
wheat,IN,IN-12-0204,2008,342.172,109.479,951.1,40.2,28.79242,79.08939,2366.0,14.537,1.487,5.0,0.7917779353539603,-0.41262203559988275
wheat,IN,IN-12-0204,2009,342.172,109.479,951.1,40.2,28.79242,79.08939,2366.0,14.537,1.487,5.0,-0.33644553635690394,-0.32354774106227474
wheat,IN,IN-12-0204,2010,342.172,109.479,951.1,40.2,28.79242,79.08939,2366.0,14.537,1.487,5.0,0.34522174661351135,-0.8832963679371774
wheat,IN,IN-12-0204,2011,342.172,109.479,951.1,40.2,28.79242,79.08939,2366.0,14.537,1.487,5.0,0.12981201288095445,1.321631850473677
wheat,IN,IN-12-0204,2012,342.172,109.479,951.1,40.2,28.79242,79.08939,2366.0,14.537,1.487,5.0,-0.4539119836995634,-0.3224245409510151
wheat,IN,IN-12-0204,2013,342.172,109.479,951.1,40.2,28.79242,79.08939,2366.0,14.537,1.487,5.0,0.06844462074777155,1.2416696169890464
wheat,IN,IN-12-0204,2014,342.172,109.479,951.1,40.2,28.79242,79.08939,2366.0,14.537,1.487,5.0,-0.8423774458185046,0.8553539267351424
wheat,IN,IN-12-0204,2015,342.172,109.479,951.1,40.2,28.79242,79.08939,2366.0,14.537,1.487,5.0,-1.2289326541712395,1.7286229111966487
wheat,IN,IN-12-0204,2016,342.172,109.479,951.1,40.2,28.79242,79.08939,2366.0,14.537,1.487,5.0,-1.552344241912076,0.9097918096785452
wheat,IN,IN-12-0204,2017,342.172,109.479,951.1,40.2,28.79242,79.08939,2366.0,14.537,1.487,5.0,-1.2202919396513485,1.0608243827787294
wheat,IN,IN-12-0205,2003,346.156,121.709,45.7,0.992,29.5496,78.44608,4607.0,13.295,1.506,6.0,1.3749071974340248,0.17135709151498202
wheat,IN,IN-12-0205,2004,346.156,121.709,45.7,0.992,29.5496,78.44608,4607.0,13.295,1.506,6.0,1.5744139686136671,-0.5459596230049496
wheat,IN,IN-12-0205,2005,346.156,121.709,45.7,0.992,29.5496,78.44608,4607.0,13.295,1.506,6.0,0.9921966227418859,-0.17089258493085946
wheat,IN,IN-12-0205,2006,346.156,121.709,45.7,0.992,29.5496,78.44608,4607.0,13.295,1.506,6.0,-0.051156615466912275,0.21086531582176915
wheat,IN,IN-12-0205,2007,346.156,121.709,45.7,0.992,29.5496,78.44608,4607.0,13.295,1.506,6.0,0.427250150141911,-0.31446495561433996
wheat,IN,IN-12-0205,2008,346.156,121.709,45.7,0.992,29.5496,78.44608,4607.0,13.295,1.506,6.0,0.9466259215690087,0.03597221331058162
wheat,IN,IN-12-0205,2009,346.156,121.709,45.7,0.992,29.5496,78.44608,4607.0,13.295,1.506,6.0,-0.4083812296243424,-0.28110245508860887
wheat,IN,IN-12-0205,2010,346.156,121.709,45.7,0.992,29.5496,78.44608,4607.0,13.295,1.506,6.0,0.3957704731909709,-0.715528806963586
wheat,IN,IN-12-0205,2011,346.156,121.709,45.7,0.992,29.5496,78.44608,4607.0,13.295,1.506,6.0,0.33496602150304894,0.36292904220821487
wheat,IN,IN-12-0205,2012,346.156,121.709,45.7,0.992,29.5496,78.44608,4607.0,13.295,1.506,6.0,-0.633494340294878,-1.1847476447669494
wheat,IN,IN-12-0205,2013,346.156,121.709,45.7,0.992,29.5496,78.44608,4607.0,13.295,1.506,6.0,-0.0058585100399083925,1.0289696050293358
wheat,IN,IN-12-0205,2014,346.156,121.709,45.7,0.992,29.5496,78.44608,4607.0,13.295,1.506,6.0,-1.1587829220155148,0.8024638192962898
wheat,IN,IN-12-0205,2015,346.156,121.709,45.7,0.992,29.5496,78.44608,4607.0,13.295,1.506,6.0,-1.5230301609151873,1.9116321116284891
wheat,IN,IN-12-0205,2016,346.156,121.709,45.7,0.992,29.5496,78.44608,4607.0,13.295,1.506,6.0,-1.6325621346859993,0.8983649820439353
wheat,IN,IN-12-0205,2017,346.156,121.709,45.7,0.992,29.5496,78.44608,4607.0,13.295,1.506,6.0,-0.6328644421517832,1.1750725678579552
wheat,IN,IN-12-0206,2003,332.507,98.342,469.1,21.508,27.50357,79.40327,2181.0,14.226,1.544,5.0,2.7446703508599057,-0.5606911933958015
wheat,IN,IN-12-0206,2004,332.507,98.342,469.1,21.508,27.50357,79.40327,2181.0,14.226,1.544,5.0,0.928274162450519,0.05856132629198435
wheat,IN,IN-12-0206,2005,332.507,98.342,469.1,21.508,27.50357,79.40327,2181.0,14.226,1.544,5.0,0.5305850562311566,-0.2742213132192986
wheat,IN,IN-12-0206,2006,332.507,98.342,469.1,21.508,27.50357,79.40327,2181.0,14.226,1.544,5.0,-0.2973846720250299,0.9495454793188346
wheat,IN,IN-12-0206,2007,332.507,98.342,469.1,21.508,27.50357,79.40327,2181.0,14.226,1.544,5.0,-0.5335862188262825,-0.7840204925135605
wheat,IN,IN-12-0206,2008,332.507,98.342,469.1,21.508,27.50357,79.40327,2181.0,14.226,1.544,5.0,0.7943962788630989,-0.8003269420326335
wheat,IN,IN-12-0206,2009,332.507,98.342,469.1,21.508,27.50357,79.40327,2181.0,14.226,1.544,5.0,-0.4081969621078254,-0.3483634625533955
wheat,IN,IN-12-0206,2010,332.507,98.342,469.1,21.508,27.50357,79.40327,2181.0,14.226,1.544,5.0,-0.1018329226852056,-1.9382081228824766
wheat,IN,IN-12-0206,2011,332.507,98.342,469.1,21.508,27.50357,79.40327,2181.0,14.226,1.544,5.0,0.03457236655139928,1.0793119974750287
wheat,IN,IN-12-0206,2012,332.507,98.342,469.1,21.508,27.50357,79.40327,2181.0,14.226,1.544,5.0,-0.11456871319845112,-0.37587892486669655
wheat,IN,IN-12-0206,2013,332.507,98.342,469.1,21.508,27.50357,79.40327,2181.0,14.226,1.544,5.0,0.3037073652346947,1.3165896419849807
wheat,IN,IN-12-0206,2014,332.507,98.342,469.1,21.508,27.50357,79.40327,2181.0,14.226,1.544,5.0,-0.5305886298231097,0.6314695256357012
wheat,IN,IN-12-0206,2015,332.507,98.342,469.1,21.508,27.50357,79.40327,2181.0,14.226,1.544,5.0,-1.0428157755483842,0.5600523504861674
wheat,IN,IN-12-0206,2016,332.507,98.342,469.1,21.508,27.50357,79.40327,2181.0,14.226,1.544,5.0,-1.1028628623429737,-0.29501022547525785
wheat,IN,IN-12-0206,2017,332.507,98.342,469.1,21.508,27.50357,79.40327,2181.0,14.226,1.544,5.0,-1.204368823633514,2.117579096529569
wheat,IN,IN-12-0207,2003,331.271,95.255,1003.4,43.14,26.846,79.0401,2326.0,14.424,1.485,5.0,2.5265156043564847,-0.7152441393229784
wheat,IN,IN-12-0207,2004,331.271,95.255,1003.4,43.14,26.846,79.0401,2326.0,14.424,1.485,5.0,1.048566607584544,-1.013259069080959
wheat,IN,IN-12-0207,2005,331.271,95.255,1003.4,43.14,26.846,79.0401,2326.0,14.424,1.485,5.0,0.5202270037830932,-1.051896451180285
wheat,IN,IN-12-0207,2006,331.271,95.255,1003.4,43.14,26.846,79.0401,2326.0,14.424,1.485,5.0,-0.282131951875596,-0.4118737852855227
wheat,IN,IN-12-0207,2007,331.271,95.255,1003.4,43.14,26.846,79.0401,2326.0,14.424,1.485,5.0,-0.6707658753218545,-0.8090777815641971
wheat,IN,IN-12-0207,2008,331.271,95.255,1003.4,43.14,26.846,79.0401,2326.0,14.424,1.485,5.0,0.9216360996467605,-0.243412950653889
wheat,IN,IN-12-0207,2009,331.271,95.255,1003.4,43.14,26.846,79.0401,2326.0,14.424,1.485,5.0,-0.5454528018548482,-0.3426693833651912
wheat,IN,IN-12-0207,2010,331.271,95.255,1003.4,43.14,26.846,79.0401,2326.0,14.424,1.485,5.0,-0.29090476240494784,-0.4205574393431958
wheat,IN,IN-12-0207,2011,331.271,95.255,1003.4,43.14,26.846,79.0401,2326.0,14.424,1.485,5.0,0.010643986243896883,1.3655133391542758
wheat,IN,IN-12-0207,2012,331.271,95.255,1003.4,43.14,26.846,79.0401,2326.0,14.424,1.485,5.0,0.04626979048070037,-0.27523795222517566
wheat,IN,IN-12-0207,2013,331.271,95.255,1003.4,43.14,26.846,79.0401,2326.0,14.424,1.485,5.0,0.567114759047738,1.7317044847038798
wheat,IN,IN-12-0207,2014,331.271,95.255,1003.4,43.14,26.846,79.0401,2326.0,14.424,1.485,5.0,-0.41912495683794254,1.0940609623538857
wheat,IN,IN-12-0207,2015,331.271,95.255,1003.4,43.14,26.846,79.0401,2326.0,14.424,1.485,5.0,-1.1486813916748275,0.9167252855390294
wheat,IN,IN-12-0207,2016,331.271,95.255,1003.4,43.14,26.846,79.0401,2326.0,14.424,1.485,5.0,-0.9711157435000262,0.6763149080321138
wheat,IN,IN-12-0207,2017,331.271,95.255,1003.4,43.14,26.846,79.0401,2326.0,14.424,1.485,5.0,-1.312796367673176,1.5265693705662249
wheat,IN,IN-12-0209,2003,333.019,96.189,748.0,17.956,25.93618,80.74561,4166.0,14.419,1.495,5.0,2.2260191292907496,-0.5121859025923474
wheat,IN,IN-12-0209,2004,333.019,96.189,748.0,17.956,25.93618,80.74561,4166.0,14.419,1.495,5.0,0.7942696088091302,0.6090680300947023
wheat,IN,IN-12-0209,2005,333.019,96.189,748.0,17.956,25.93618,80.74561,4166.0,14.419,1.495,5.0,0.5531525735748195,-0.42586103871602543
wheat,IN,IN-12-0209,2006,333.019,96.189,748.0,17.956,25.93618,80.74561,4166.0,14.419,1.495,5.0,-0.5665647873545057,-0.6595488134807392
wheat,IN,IN-12-0209,2007,333.019,96.189,748.0,17.956,25.93618,80.74561,4166.0,14.419,1.495,5.0,-0.7056514452877655,-1.4013016028656058
wheat,IN,IN-12-0209,2008,333.019,96.189,748.0,17.956,25.93618,80.74561,4166.0,14.419,1.495,5.0,1.257491323085979,-0.5240420263427853
wheat,IN,IN-12-0209,2009,333.019,96.189,748.0,17.956,25.93618,80.74561,4166.0,14.419,1.495,5.0,-0.6339569766414801,-0.4224703593493376
wheat,IN,IN-12-0209,2010,333.019,96.189,748.0,17.956,25.93618,80.74561,4166.0,14.419,1.495,5.0,-0.8571058361444331,-1.2237686241597787
wheat,IN,IN-12-0209,2011,333.019,96.189,748.0,17.956,25.93618,80.74561,4166.0,14.419,1.495,5.0,0.0133195484606543,0.9937323696379059
wheat,IN,IN-12-0209,2012,333.019,96.189,748.0,17.956,25.93618,80.74561,4166.0,14.419,1.495,5.0,0.28720580949381425,0.2279749658277549
wheat,IN,IN-12-0209,2013,333.019,96.189,748.0,17.956,25.93618,80.74561,4166.0,14.419,1.495,5.0,0.925814461104189,2.2909715191356432
wheat,IN,IN-12-0209,2014,333.019,96.189,748.0,17.956,25.93618,80.74561,4166.0,14.419,1.495,5.0,-0.22026893966155567,1.1270701112289239
wheat,IN,IN-12-0209,2015,333.019,96.189,748.0,17.956,25.93618,80.74561,4166.0,14.419,1.495,5.0,-1.2488651698368456,-0.008504245124828202
wheat,IN,IN-12-0209,2016,333.019,96.189,748.0,17.956,25.93618,80.74561,4166.0,14.419,1.495,5.0,-0.4892242667915112,0.029287803330515103
wheat,IN,IN-12-0209,2017,333.019,96.189,748.0,17.956,25.93618,80.74561,4166.0,14.419,1.495,5.0,-1.3356350321012391,1.395798072016562
wheat,IN,IN-12-0210,2003,335.071,100.706,561.0,10.256,25.43898,81.89349,5470.0,13.993,1.52,4.0,2.421700630183538,0.938827533924347
wheat,IN,IN-12-0210,2004,335.071,100.706,561.0,10.256,25.43898,81.89349,5470.0,13.993,1.52,4.0,0.601038377891421,-0.26753041287661594
wheat,IN,IN-12-0210,2005,335.071,100.706,561.0,10.256,25.43898,81.89349,5470.0,13.993,1.52,4.0,0.3627810724441287,-0.21589727231326922
wheat,IN,IN-12-0210,2006,335.071,100.706,561.0,10.256,25.43898,81.89349,5470.0,13.993,1.52,4.0,-0.6105328367676218,-0.5350975256803366
wheat,IN,IN-12-0210,2007,335.071,100.706,561.0,10.256,25.43898,81.89349,5470.0,13.993,1.52,4.0,-0.4844211548710735,-0.32027779462361067
wheat,IN,IN-12-0210,2008,335.071,100.706,561.0,10.256,25.43898,81.89349,5470.0,13.993,1.52,4.0,1.2509367530602733,-0.9676801972360963
wheat,IN,IN-12-0210,2009,335.071,100.706,561.0,10.256,25.43898,81.89349,5470.0,13.993,1.52,4.0,-0.801124282384656,-1.3361930331930758
wheat,IN,IN-12-0210,2010,335.071,100.706,561.0,10.256,25.43898,81.89349,5470.0,13.993,1.52,4.0,-1.0835575594160891,-1.2963701262048362
wheat,IN,IN-12-0210,2011,335.071,100.706,561.0,10.256,25.43898,81.89349,5470.0,13.993,1.52,4.0,0.047218080559204414,0.8346303497679537
wheat,IN,IN-12-0210,2012,335.071,100.706,561.0,10.256,25.43898,81.89349,5470.0,13.993,1.52,4.0,0.3896221921493141,-0.2997744777412159
wheat,IN,IN-12-0210,2013,335.071,100.706,561.0,10.256,25.43898,81.89349,5470.0,13.993,1.52,4.0,0.6837654674256292,1.6955175688665847
wheat,IN,IN-12-0210,2014,335.071,100.706,561.0,10.256,25.43898,81.89349,5470.0,13.993,1.52,4.0,-0.28876618668077114,1.8959877139656867
wheat,IN,IN-12-0210,2015,335.071,100.706,561.0,10.256,25.43898,81.89349,5470.0,13.993,1.52,4.0,-1.2597725145753655,0.3628117424401081
wheat,IN,IN-12-0210,2016,335.071,100.706,561.0,10.256,25.43898,81.89349,5470.0,13.993,1.52,4.0,-0.06340457469746844,-1.1032304324955784
wheat,IN,IN-12-0210,2017,335.071,100.706,561.0,10.256,25.43898,81.89349,5470.0,13.993,1.52,4.0,-1.1654834643204532,1.1969020702928377
wheat,IN,IN-12-0211,2003,333.37,107.099,1856.5,36.952,25.52452,78.85683,5024.0,12.818,1.62,5.0,1.5608108280057413,0.044733328218856803
wheat,IN,IN-12-0211,2004,333.37,107.099,1856.5,36.952,25.52452,78.85683,5024.0,12.818,1.62,5.0,0.5659412955766582,-0.2950701456455535
wheat,IN,IN-12-0211,2005,333.37,107.099,1856.5,36.952,25.52452,78.85683,5024.0,12.818,1.62,5.0,0.3746055930914344,-0.6672304639260508
wheat,IN,IN-12-0211,2006,333.37,107.099,1856.5,36.952,25.52452,78.85683,5024.0,12.818,1.62,5.0,-0.5067705974041341,-1.1655575681312806
wheat,IN,IN-12-0211,2007,333.37,107.099,1856.5,36.952,25.52452,78.85683,5024.0,12.818,1.62,5.0,-1.0106555791937772,-1.620011599040068
wheat,IN,IN-12-0211,2008,333.37,107.099,1856.5,36.952,25.52452,78.85683,5024.0,12.818,1.62,5.0,0.8737613349781022,-1.268196622129984
wheat,IN,IN-12-0211,2009,333.37,107.099,1856.5,36.952,25.52452,78.85683,5024.0,12.818,1.62,5.0,-0.7760373777214771,0.3994955900705202
wheat,IN,IN-12-0211,2010,333.37,107.099,1856.5,36.952,25.52452,78.85683,5024.0,12.818,1.62,5.0,-0.730352290178104,0.3910277948982456
wheat,IN,IN-12-0211,2011,333.37,107.099,1856.5,36.952,25.52452,78.85683,5024.0,12.818,1.62,5.0,0.25741564222046,0.8918078905742532
wheat,IN,IN-12-0211,2012,333.37,107.099,1856.5,36.952,25.52452,78.85683,5024.0,12.818,1.62,5.0,0.6226704422803183,0.18899960145432146
wheat,IN,IN-12-0211,2013,333.37,107.099,1856.5,36.952,25.52452,78.85683,5024.0,12.818,1.62,5.0,1.860727126250409,1.957693820722762
wheat,IN,IN-12-0211,2014,333.37,107.099,1856.5,36.952,25.52452,78.85683,5024.0,12.818,1.62,5.0,-0.0051197765610546874,1.1614112771446112
wheat,IN,IN-12-0211,2015,333.37,107.099,1856.5,36.952,25.52452,78.85683,5024.0,12.818,1.62,5.0,-1.0414287581866495,0.4940511395551972
wheat,IN,IN-12-0211,2016,333.37,107.099,1856.5,36.952,25.52452,78.85683,5024.0,12.818,1.62,5.0,-0.3774772753273262,0.04570697714110493
wheat,IN,IN-12-0211,2017,333.37,107.099,1856.5,36.952,25.52452,78.85683,5024.0,12.818,1.62,5.0,-1.6680906078306006,1.1663768866480708
wheat,IN,IN-12-0212,2003,335.429,106.842,3003.1,59.49,24.72275,78.527,5048.0,12.876,1.626,5.0,1.3783539004640453,-0.8831319170182698
wheat,IN,IN-12-0212,2004,335.429,106.842,3003.1,59.49,24.72275,78.527,5048.0,12.876,1.626,5.0,0.24902668086474497,0.1534134767699495
wheat,IN,IN-12-0212,2005,335.429,106.842,3003.1,59.49,24.72275,78.527,5048.0,12.876,1.626,5.0,-0.37767211587446714,-0.5039696985122902
wheat,IN,IN-12-0212,2006,335.429,106.842,3003.1,59.49,24.72275,78.527,5048.0,12.876,1.626,5.0,-0.8585723513873336,-0.3790149458683139
wheat,IN,IN-12-0212,2007,335.429,106.842,3003.1,59.49,24.72275,78.527,5048.0,12.876,1.626,5.0,-1.1654679224663473,-0.5564386216998028
wheat,IN,IN-12-0212,2008,335.429,106.842,3003.1,59.49,24.72275,78.527,5048.0,12.876,1.626,5.0,0.24892654395497749,-1.0639367778135707
wheat,IN,IN-12-0212,2009,335.429,106.842,3003.1,59.49,24.72275,78.527,5048.0,12.876,1.626,5.0,-0.8566022324691583,0.2830641493003757
wheat,IN,IN-12-0212,2010,335.429,106.842,3003.1,59.49,24.72275,78.527,5048.0,12.876,1.626,5.0,-0.7517754011291732,0.5544835789967784
wheat,IN,IN-12-0212,2011,335.429,106.842,3003.1,59.49,24.72275,78.527,5048.0,12.876,1.626,5.0,0.7192680098247943,0.8677021508551407
wheat,IN,IN-12-0212,2012,335.429,106.842,3003.1,59.49,24.72275,78.527,5048.0,12.876,1.626,5.0,0.821415442215713,0.1380281014649779
wheat,IN,IN-12-0212,2013,335.429,106.842,3003.1,59.49,24.72275,78.527,5048.0,12.876,1.626,5.0,2.228269708256272,1.7803691346019697
wheat,IN,IN-12-0212,2014,335.429,106.842,3003.1,59.49,24.72275,78.527,5048.0,12.876,1.626,5.0,0.2570852997972426,1.2739291797673982
wheat,IN,IN-12-0212,2015,335.429,106.842,3003.1,59.49,24.72275,78.527,5048.0,12.876,1.626,5.0,-0.7771894466567837,0.45961052606338687
wheat,IN,IN-12-0212,2016,335.429,106.842,3003.1,59.49,24.72275,78.527,5048.0,12.876,1.626,5.0,0.14605481421440317,0.27523640297139296
wheat,IN,IN-12-0212,2017,335.429,106.842,3003.1,59.49,24.72275,78.527,5048.0,12.876,1.626,5.0,-1.2611209296089425,1.047280172717188
wheat,IN,IN-12-0213,2003,331.808,98.821,1394.0,30.55,26.14758,79.32082,4563.0,12.902,1.606,5.0,2.0369838932879176,-0.5043762780655299
wheat,IN,IN-12-0213,2004,331.808,98.821,1394.0,30.55,26.14758,79.32082,4563.0,12.902,1.606,5.0,0.9320747902042315,-1.0664124044437606
wheat,IN,IN-12-0213,2005,331.808,98.821,1394.0,30.55,26.14758,79.32082,4563.0,12.902,1.606,5.0,0.5723501737656429,-0.3724176995684828
wheat,IN,IN-12-0213,2006,331.808,98.821,1394.0,30.55,26.14758,79.32082,4563.0,12.902,1.606,5.0,-0.37934081877640646,-0.8551810261037858
wheat,IN,IN-12-0213,2007,331.808,98.821,1394.0,30.55,26.14758,79.32082,4563.0,12.902,1.606,5.0,-0.8943643388602093,-0.8105558446593452
wheat,IN,IN-12-0213,2008,331.808,98.821,1394.0,30.55,26.14758,79.32082,4563.0,12.902,1.606,5.0,1.0510979513749918,-0.3542778530852235
wheat,IN,IN-12-0213,2009,331.808,98.821,1394.0,30.55,26.14758,79.32082,4563.0,12.902,1.606,5.0,-0.5953360638570869,0.1931436908936008
wheat,IN,IN-12-0213,2010,331.808,98.821,1394.0,30.55,26.14758,79.32082,4563.0,12.902,1.606,5.0,-0.6022977989628335,-0.6833603514103271
wheat,IN,IN-12-0213,2011,331.808,98.821,1394.0,30.55,26.14758,79.32082,4563.0,12.902,1.606,5.0,0.08918619379414185,0.8924528279665878
wheat,IN,IN-12-0213,2012,331.808,98.821,1394.0,30.55,26.14758,79.32082,4563.0,12.902,1.606,5.0,0.29111496007655774,0.1827601259471171
wheat,IN,IN-12-0213,2013,331.808,98.821,1394.0,30.55,26.14758,79.32082,4563.0,12.902,1.606,5.0,1.1683615843624797,1.8920135854526494
wheat,IN,IN-12-0213,2014,331.808,98.821,1394.0,30.55,26.14758,79.32082,4563.0,12.902,1.606,5.0,-0.21313460769788004,1.5815630833870706
wheat,IN,IN-12-0213,2015,331.808,98.821,1394.0,30.55,26.14758,79.32082,4563.0,12.902,1.606,5.0,-1.2168441074587737,0.3160850998600171
wheat,IN,IN-12-0213,2016,331.808,98.821,1394.0,30.55,26.14758,79.32082,4563.0,12.902,1.606,5.0,-0.6748461463819148,0.31483907206643874
wheat,IN,IN-12-0213,2017,331.808,98.821,1394.0,30.55,26.14758,79.32082,4563.0,12.902,1.606,5.0,-1.5650056648708564,1.6055641190607515
wheat,IN,IN-12-0214,2003,333.252,99.855,1617.9,41.548,25.77639,79.7932,3894.0,12.823,1.618,5.0,1.634780150292177,-0.18565696945081486
wheat,IN,IN-12-0214,2004,333.252,99.855,1617.9,41.548,25.77639,79.7932,3894.0,12.823,1.618,5.0,0.8408838392888818,-0.11337747879111032
wheat,IN,IN-12-0214,2005,333.252,99.855,1617.9,41.548,25.77639,79.7932,3894.0,12.823,1.618,5.0,0.5909404975500789,0.1963524011231388
wheat,IN,IN-12-0214,2006,333.252,99.855,1617.9,41.548,25.77639,79.7932,3894.0,12.823,1.618,5.0,-0.5240220567071,-0.36138183103561716
wheat,IN,IN-12-0214,2007,333.252,99.855,1617.9,41.548,25.77639,79.7932,3894.0,12.823,1.618,5.0,-1.0062338985734018,-1.9207597151780396
wheat,IN,IN-12-0214,2008,333.252,99.855,1617.9,41.548,25.77639,79.7932,3894.0,12.823,1.618,5.0,1.0822381484208008,-0.3740576090392256
wheat,IN,IN-12-0214,2009,333.252,99.855,1617.9,41.548,25.77639,79.7932,3894.0,12.823,1.618,5.0,-0.7134090321044019,0.3310953089450716
wheat,IN,IN-12-0214,2010,333.252,99.855,1617.9,41.548,25.77639,79.7932,3894.0,12.823,1.618,5.0,-0.7991503702368036,0.09161189635854489
wheat,IN,IN-12-0214,2011,333.252,99.855,1617.9,41.548,25.77639,79.7932,3894.0,12.823,1.618,5.0,0.16339493263943808,0.7482645368075551
wheat,IN,IN-12-0214,2012,333.252,99.855,1617.9,41.548,25.77639,79.7932,3894.0,12.823,1.618,5.0,0.48004334657595515,0.16857026115090334
wheat,IN,IN-12-0214,2013,333.252,99.855,1617.9,41.548,25.77639,79.7932,3894.0,12.823,1.618,5.0,1.4910365148895068,2.3223344255671083
wheat,IN,IN-12-0214,2014,333.252,99.855,1617.9,41.548,25.77639,79.7932,3894.0,12.823,1.618,5.0,-0.09746778124389184,0.7848969094231705
wheat,IN,IN-12-0214,2015,333.252,99.855,1617.9,41.548,25.77639,79.7932,3894.0,12.823,1.618,5.0,-1.2261151556438241,0.5986968163888043
wheat,IN,IN-12-0214,2016,333.252,99.855,1617.9,41.548,25.77639,79.7932,3894.0,12.823,1.618,5.0,-0.3124017622517718,-0.4107898092105495
wheat,IN,IN-12-0214,2017,333.252,99.855,1617.9,41.548,25.77639,79.7932,3894.0,12.823,1.618,5.0,-1.604517372895637,0.900655755140549
wheat,IN,IN-12-0215,2003,333.978,99.541,842.0,18.925,25.49938,80.47427,4449.0,12.849,1.617,5.0,1.8263032111225106,0.3616114964104931
wheat,IN,IN-12-0215,2004,333.978,99.541,842.0,18.925,25.49938,80.47427,4449.0,12.849,1.617,5.0,0.7474543596774729,0.05642679414772621
wheat,IN,IN-12-0215,2005,333.978,99.541,842.0,18.925,25.49938,80.47427,4449.0,12.849,1.617,5.0,0.7905615984002713,0.2729160609960498
wheat,IN,IN-12-0215,2006,333.978,99.541,842.0,18.925,25.49938,80.47427,4449.0,12.849,1.617,5.0,-0.6070951836559781,-0.5297965725260184
wheat,IN,IN-12-0215,2007,333.978,99.541,842.0,18.925,25.49938,80.47427,4449.0,12.849,1.617,5.0,-0.9608377013723636,-1.046424426905368
wheat,IN,IN-12-0215,2008,333.978,99.541,842.0,18.925,25.49938,80.47427,4449.0,12.849,1.617,5.0,1.010208277658584,-1.2359924076056277
wheat,IN,IN-12-0215,2009,333.978,99.541,842.0,18.925,25.49938,80.47427,4449.0,12.849,1.617,5.0,-0.7974625361489801,0.08239795092391707
wheat,IN,IN-12-0215,2010,333.978,99.541,842.0,18.925,25.49938,80.47427,4449.0,12.849,1.617,5.0,-0.952972256974199,-0.7168525937920949
wheat,IN,IN-12-0215,2011,333.978,99.541,842.0,18.925,25.49938,80.47427,4449.0,12.849,1.617,5.0,0.08284698687595524,0.7512568164309916
wheat,IN,IN-12-0215,2012,333.978,99.541,842.0,18.925,25.49938,80.47427,4449.0,12.849,1.617,5.0,0.4352614977069761,-0.0005254764767799338
wheat,IN,IN-12-0215,2013,333.978,99.541,842.0,18.925,25.49938,80.47427,4449.0,12.849,1.617,5.0,1.3519561835706304,1.5220868563123746
wheat,IN,IN-12-0215,2014,333.978,99.541,842.0,18.925,25.49938,80.47427,4449.0,12.849,1.617,5.0,-0.043472823623041695,2.1547073805237553
wheat,IN,IN-12-0215,2015,333.978,99.541,842.0,18.925,25.49938,80.47427,4449.0,12.849,1.617,5.0,-1.2308987484158935,0.8482680468644477
wheat,IN,IN-12-0215,2016,333.978,99.541,842.0,18.925,25.49938,80.47427,4449.0,12.849,1.617,5.0,-0.22628837035357646,-0.7027337285628557
wheat,IN,IN-12-0215,2017,333.978,99.541,842.0,18.925,25.49938,80.47427,4449.0,12.849,1.617,5.0,-1.4255644944683807,0.5863715778013836
wheat,IN,IN-12-0216,2003,338.136,103.241,139.1,9.071,25.50307,82.84904,1533.0,13.935,1.517,4.0,2.4882765982404322,0.34428106822369836
wheat,IN,IN-12-0216,2004,338.136,103.241,139.1,9.071,25.50307,82.84904,1533.0,13.935,1.517,4.0,0.7141294230843749,-0.7486960252963797
wheat,IN,IN-12-0216,2005,338.136,103.241,139.1,9.071,25.50307,82.84904,1533.0,13.935,1.517,4.0,-0.09998055037075748,-0.5833966389698296
wheat,IN,IN-12-0216,2006,338.136,103.241,139.1,9.071,25.50307,82.84904,1533.0,13.935,1.517,4.0,-0.49541956580992536,0.3470940461502172
wheat,IN,IN-12-0216,2007,338.136,103.241,139.1,9.071,25.50307,82.84904,1533.0,13.935,1.517,4.0,-0.1580755740278189,0.47573076646541634
wheat,IN,IN-12-0216,2008,338.136,103.241,139.1,9.071,25.50307,82.84904,1533.0,13.935,1.517,4.0,1.3335838086650744,-0.21210736743970218
wheat,IN,IN-12-0216,2009,338.136,103.241,139.1,9.071,25.50307,82.84904,1533.0,13.935,1.517,4.0,-0.7016658358775173,-1.3913263124357438
wheat,IN,IN-12-0216,2010,338.136,103.241,139.1,9.071,25.50307,82.84904,1533.0,13.935,1.517,4.0,-1.2029904384112065,-1.5744840544146188
wheat,IN,IN-12-0216,2011,338.136,103.241,139.1,9.071,25.50307,82.84904,1533.0,13.935,1.517,4.0,0.025315498463996434,0.005384920060890293
wheat,IN,IN-12-0216,2012,338.136,103.241,139.1,9.071,25.50307,82.84904,1533.0,13.935,1.517,4.0,0.2955280158509738,-0.45690619030083957
wheat,IN,IN-12-0216,2013,338.136,103.241,139.1,9.071,25.50307,82.84904,1533.0,13.935,1.517,4.0,0.3772580308399094,1.1063350546069115
wheat,IN,IN-12-0216,2014,338.136,103.241,139.1,9.071,25.50307,82.84904,1533.0,13.935,1.517,4.0,-0.45059540183292274,2.0328951705813703
wheat,IN,IN-12-0216,2015,338.136,103.241,139.1,9.071,25.50307,82.84904,1533.0,13.935,1.517,4.0,-1.3723631613950278,1.1932192082446063
wheat,IN,IN-12-0216,2016,338.136,103.241,139.1,9.071,25.50307,82.84904,1533.0,13.935,1.517,4.0,0.21505860700784896,0.057964667226082026
wheat,IN,IN-12-0216,2017,338.136,103.241,139.1,9.071,25.50307,82.84904,1533.0,13.935,1.517,4.0,-0.9680594544274362,1.1849815335705465
wheat,IN,IN-12-0217,2003,336.217,104.465,401.5,9.094,24.9967,82.58599,4415.0,13.282,1.515,4.0,2.4286617468580123,1.098193296717886
wheat,IN,IN-12-0217,2004,336.217,104.465,401.5,9.094,24.9967,82.58599,4415.0,13.282,1.515,4.0,0.6033399395775229,-0.2957728563453888
wheat,IN,IN-12-0217,2005,336.217,104.465,401.5,9.094,24.9967,82.58599,4415.0,13.282,1.515,4.0,-0.018118797446952228,-1.1507925878276895
wheat,IN,IN-12-0217,2006,336.217,104.465,401.5,9.094,24.9967,82.58599,4415.0,13.282,1.515,4.0,-0.5168126789866923,-0.2573238899324239
wheat,IN,IN-12-0217,2007,336.217,104.465,401.5,9.094,24.9967,82.58599,4415.0,13.282,1.515,4.0,-0.27958736742971824,-0.39981272401415574
wheat,IN,IN-12-0217,2008,336.217,104.465,401.5,9.094,24.9967,82.58599,4415.0,13.282,1.515,4.0,0.9077287488692765,-0.29257655900255547
wheat,IN,IN-12-0217,2009,336.217,104.465,401.5,9.094,24.9967,82.58599,4415.0,13.282,1.515,4.0,-0.8264816212179902,-1.890325693250801
wheat,IN,IN-12-0217,2010,336.217,104.465,401.5,9.094,24.9967,82.58599,4415.0,13.282,1.515,4.0,-1.4123848048497103,-0.7532143751691144
wheat,IN,IN-12-0217,2011,336.217,104.465,401.5,9.094,24.9967,82.58599,4415.0,13.282,1.515,4.0,0.27529530163140664,-0.5539880202556196
wheat,IN,IN-12-0217,2012,336.217,104.465,401.5,9.094,24.9967,82.58599,4415.0,13.282,1.515,4.0,0.49875473149707217,0.6883544570920311
wheat,IN,IN-12-0217,2013,336.217,104.465,401.5,9.094,24.9967,82.58599,4415.0,13.282,1.515,4.0,0.6900812172588818,2.1412122527999866
wheat,IN,IN-12-0217,2014,336.217,104.465,401.5,9.094,24.9967,82.58599,4415.0,13.282,1.515,4.0,-0.32247932527918916,1.6430668657736645
wheat,IN,IN-12-0217,2015,336.217,104.465,401.5,9.094,24.9967,82.58599,4415.0,13.282,1.515,4.0,-1.3091526756106455,0.4933415885354438
wheat,IN,IN-12-0217,2016,336.217,104.465,401.5,9.094,24.9967,82.58599,4415.0,13.282,1.515,4.0,0.35230736008069125,-0.3234348887281176
wheat,IN,IN-12-0217,2017,336.217,104.465,401.5,9.094,24.9967,82.58599,4415.0,13.282,1.515,4.0,-1.071151774951942,0.5311039662624641
wheat,IN,IN-12-0218,2003,337.999,102.406,1064.8,26.403,25.78703,82.53813,4033.0,14.859,1.505,5.0,2.456116580558813,0.2577299799259562
wheat,IN,IN-12-0218,2004,337.999,102.406,1064.8,26.403,25.78703,82.53813,4033.0,14.859,1.505,5.0,0.7780981848077438,-1.2611456918682382
wheat,IN,IN-12-0218,2005,337.999,102.406,1064.8,26.403,25.78703,82.53813,4033.0,14.859,1.505,5.0,0.0036469762259212554,-1.086191358103075
wheat,IN,IN-12-0218,2006,337.999,102.406,1064.8,26.403,25.78703,82.53813,4033.0,14.859,1.505,5.0,-0.5420292334966886,-0.020169602945072376
wheat,IN,IN-12-0218,2007,337.999,102.406,1064.8,26.403,25.78703,82.53813,4033.0,14.859,1.505,5.0,-0.11486275982569895,-0.08978752789676943
wheat,IN,IN-12-0218,2008,337.999,102.406,1064.8,26.403,25.78703,82.53813,4033.0,14.859,1.505,5.0,1.498638945833407,-0.5996019469296971
wheat,IN,IN-12-0218,2009,337.999,102.406,1064.8,26.403,25.78703,82.53813,4033.0,14.859,1.505,5.0,-0.6962604692157862,-0.7335745471574923
wheat,IN,IN-12-0218,2010,337.999,102.406,1064.8,26.403,25.78703,82.53813,4033.0,14.859,1.505,5.0,-1.0452196135375913,-0.8098516230368994
wheat,IN,IN-12-0218,2011,337.999,102.406,1064.8,26.403,25.78703,82.53813,4033.0,14.859,1.505,5.0,-0.023361316939295468,1.423430673811119
wheat,IN,IN-12-0218,2012,337.999,102.406,1064.8,26.403,25.78703,82.53813,4033.0,14.859,1.505,5.0,0.13184578585855766,-0.03309132870183805
wheat,IN,IN-12-0218,2013,337.999,102.406,1064.8,26.403,25.78703,82.53813,4033.0,14.859,1.505,5.0,0.39168906963427574,2.2105776467758114
wheat,IN,IN-12-0218,2014,337.999,102.406,1064.8,26.403,25.78703,82.53813,4033.0,14.859,1.505,5.0,-0.43380939037027605,1.2016109879668333
wheat,IN,IN-12-0218,2015,337.999,102.406,1064.8,26.403,25.78703,82.53813,4033.0,14.859,1.505,5.0,-1.3151577662466805,0.8460504884003339
wheat,IN,IN-12-0218,2016,337.999,102.406,1064.8,26.403,25.78703,82.53813,4033.0,14.859,1.505,5.0,-0.02056566909352564,-0.5397213518776218
wheat,IN,IN-12-0218,2017,337.999,102.406,1064.8,26.403,25.78703,82.53813,4033.0,14.859,1.505,5.0,-1.06876932419315,0.910950709963966
wheat,IN,IN-12-0219,2003,340.559,103.409,935.1,27.642,25.71601,83.48881,3383.0,15.499,1.494,5.0,2.4602660744812757,-0.933278670278998
wheat,IN,IN-12-0219,2004,340.559,103.409,935.1,27.642,25.71601,83.48881,3383.0,15.499,1.494,5.0,0.9481728192820936,-0.576929800401627
wheat,IN,IN-12-0219,2005,340.559,103.409,935.1,27.642,25.71601,83.48881,3383.0,15.499,1.494,5.0,-0.054691713755517256,-0.9520687268323411
wheat,IN,IN-12-0219,2006,340.559,103.409,935.1,27.642,25.71601,83.48881,3383.0,15.499,1.494,5.0,-0.3424718196500045,0.6288055369502699
wheat,IN,IN-12-0219,2007,340.559,103.409,935.1,27.642,25.71601,83.48881,3383.0,15.499,1.494,5.0,0.4326055180547885,-0.21772835670659013
wheat,IN,IN-12-0219,2008,340.559,103.409,935.1,27.642,25.71601,83.48881,3383.0,15.499,1.494,5.0,1.4327607889405278,0.1255064376713734
wheat,IN,IN-12-0219,2009,340.559,103.409,935.1,27.642,25.71601,83.48881,3383.0,15.499,1.494,5.0,-0.650355042456569,-1.2006183227523595
wheat,IN,IN-12-0219,2010,340.559,103.409,935.1,27.642,25.71601,83.48881,3383.0,15.499,1.494,5.0,-1.2330248093861458,-1.7621519359043338
wheat,IN,IN-12-0219,2011,340.559,103.409,935.1,27.642,25.71601,83.48881,3383.0,15.499,1.494,5.0,-0.1923398006400464,1.1839068171889215
wheat,IN,IN-12-0219,2012,340.559,103.409,935.1,27.642,25.71601,83.48881,3383.0,15.499,1.494,5.0,-0.03325313106294694,0.7819279090955359
wheat,IN,IN-12-0219,2013,340.559,103.409,935.1,27.642,25.71601,83.48881,3383.0,15.499,1.494,5.0,0.11163744329665753,1.6291395960946875
wheat,IN,IN-12-0219,2014,340.559,103.409,935.1,27.642,25.71601,83.48881,3383.0,15.499,1.494,5.0,-0.4928378251409331,1.0333645407310277
wheat,IN,IN-12-0219,2015,340.559,103.409,935.1,27.642,25.71601,83.48881,3383.0,15.499,1.494,5.0,-1.2397200134666881,0.28893587171575386
wheat,IN,IN-12-0219,2016,340.559,103.409,935.1,27.642,25.71601,83.48881,3383.0,15.499,1.494,5.0,-0.215153661129204,0.4528736594805169
wheat,IN,IN-12-0219,2017,340.559,103.409,935.1,27.642,25.71601,83.48881,3383.0,15.499,1.494,5.0,-0.9315948273672969,1.1838557722482084
wheat,IN,IN-12-0220,2003,341.849,102.433,1014.5,33.885,25.94226,84.06133,2994.0,16.002,1.482,5.0,2.4045382400643076,-0.08572901461183759
wheat,IN,IN-12-0220,2004,341.849,102.433,1014.5,33.885,25.94226,84.06133,2994.0,16.002,1.482,5.0,0.9283365518729273,-0.17368392198506785
wheat,IN,IN-12-0220,2005,341.849,102.433,1014.5,33.885,25.94226,84.06133,2994.0,16.002,1.482,5.0,0.003316925951072229,-1.0002482360932945
wheat,IN,IN-12-0220,2006,341.849,102.433,1014.5,33.885,25.94226,84.06133,2994.0,16.002,1.482,5.0,-0.20489692053665162,0.3680611869890766
wheat,IN,IN-12-0220,2007,341.849,102.433,1014.5,33.885,25.94226,84.06133,2994.0,16.002,1.482,5.0,0.8739324822034028,-0.1706692318345743
wheat,IN,IN-12-0220,2008,341.849,102.433,1014.5,33.885,25.94226,84.06133,2994.0,16.002,1.482,5.0,1.430129723511237,-1.0029601596576627
wheat,IN,IN-12-0220,2009,341.849,102.433,1014.5,33.885,25.94226,84.06133,2994.0,16.002,1.482,5.0,-0.7037889766045744,-1.652737289666662
wheat,IN,IN-12-0220,2010,341.849,102.433,1014.5,33.885,25.94226,84.06133,2994.0,16.002,1.482,5.0,-1.1720982400803515,-1.0420295306668523
wheat,IN,IN-12-0220,2011,341.849,102.433,1014.5,33.885,25.94226,84.06133,2994.0,16.002,1.482,5.0,-0.2623926539510413,0.24033352534966262
wheat,IN,IN-12-0220,2012,341.849,102.433,1014.5,33.885,25.94226,84.06133,2994.0,16.002,1.482,5.0,-0.3996139426049232,0.31017384716947133
wheat,IN,IN-12-0220,2013,341.849,102.433,1014.5,33.885,25.94226,84.06133,2994.0,16.002,1.482,5.0,-0.07003180946250279,2.049856954505942
wheat,IN,IN-12-0220,2014,341.849,102.433,1014.5,33.885,25.94226,84.06133,2994.0,16.002,1.482,5.0,-0.5128206869657043,1.2584374561741618
wheat,IN,IN-12-0220,2015,341.849,102.433,1014.5,33.885,25.94226,84.06133,2994.0,16.002,1.482,5.0,-1.1524427981182803,0.6422922120824004
wheat,IN,IN-12-0220,2016,341.849,102.433,1014.5,33.885,25.94226,84.06133,2994.0,16.002,1.482,5.0,-0.3199719981423472,1.6148548992609
wheat,IN,IN-12-0220,2017,341.849,102.433,1014.5,33.885,25.94226,84.06133,2994.0,16.002,1.482,5.0,-0.8421958971365602,-0.20513127806474576
wheat,IN,IN-12-0221,2003,342.672,103.816,1687.4,50.644,26.68466,83.29847,3332.0,15.406,1.493,5.0,2.3606057904684565,0.3509895508854876
wheat,IN,IN-12-0221,2004,342.672,103.816,1687.4,50.644,26.68466,83.29847,3332.0,15.406,1.493,5.0,0.5682101911482006,-0.9628623490837885
wheat,IN,IN-12-0221,2005,342.672,103.816,1687.4,50.644,26.68466,83.29847,3332.0,15.406,1.493,5.0,-0.06206096176590403,-0.3869202387953431
wheat,IN,IN-12-0221,2006,342.672,103.816,1687.4,50.644,26.68466,83.29847,3332.0,15.406,1.493,5.0,-0.38031307238190704,-0.06998263343020222
wheat,IN,IN-12-0221,2007,342.672,103.816,1687.4,50.644,26.68466,83.29847,3332.0,15.406,1.493,5.0,0.7013861116593653,-0.3636309451132039
wheat,IN,IN-12-0221,2008,342.672,103.816,1687.4,50.644,26.68466,83.29847,3332.0,15.406,1.493,5.0,1.627156966100744,-1.4886605497771386
wheat,IN,IN-12-0221,2009,342.672,103.816,1687.4,50.644,26.68466,83.29847,3332.0,15.406,1.493,5.0,-0.7469604694853501,-0.34425263791073113
wheat,IN,IN-12-0221,2010,342.672,103.816,1687.4,50.644,26.68466,83.29847,3332.0,15.406,1.493,5.0,-1.060419425585301,-1.4995773391934513
wheat,IN,IN-12-0221,2011,342.672,103.816,1687.4,50.644,26.68466,83.29847,3332.0,15.406,1.493,5.0,-0.18986667850575087,1.5842008901202018
wheat,IN,IN-12-0221,2012,342.672,103.816,1687.4,50.644,26.68466,83.29847,3332.0,15.406,1.493,5.0,-0.3421604811399388,-0.012137258052134
wheat,IN,IN-12-0221,2013,342.672,103.816,1687.4,50.644,26.68466,83.29847,3332.0,15.406,1.493,5.0,0.4353858664257726,1.1536024256258564
wheat,IN,IN-12-0221,2014,342.672,103.816,1687.4,50.644,26.68466,83.29847,3332.0,15.406,1.493,5.0,-0.4808692945798113,1.3726788373861407
wheat,IN,IN-12-0221,2015,342.672,103.816,1687.4,50.644,26.68466,83.29847,3332.0,15.406,1.493,5.0,-1.2542586570294894,-0.19009872503729577
wheat,IN,IN-12-0221,2016,342.672,103.816,1687.4,50.644,26.68466,83.29847,3332.0,15.406,1.493,5.0,-0.20334854799693197,-0.2774090127688673
wheat,IN,IN-12-0221,2017,342.672,103.816,1687.4,50.644,26.68466,83.29847,3332.0,15.406,1.493,5.0,-0.9724873373321522,1.4741930889492387
wheat,IN,IN-12-0222,2003,343.732,102.975,1243.5,48.955,26.45436,83.77621,2540.0,15.254,1.491,5.0,2.339554648854635,-1.236623599318606
wheat,IN,IN-12-0222,2004,343.732,102.975,1243.5,48.955,26.45436,83.77621,2540.0,15.254,1.491,5.0,0.6305165912715796,-0.16326526827158747
wheat,IN,IN-12-0222,2005,343.732,102.975,1243.5,48.955,26.45436,83.77621,2540.0,15.254,1.491,5.0,-0.010820691853954824,-0.6338296501768438
wheat,IN,IN-12-0222,2006,343.732,102.975,1243.5,48.955,26.45436,83.77621,2540.0,15.254,1.491,5.0,-0.24637607408190718,-0.17070085780691086
wheat,IN,IN-12-0222,2007,343.732,102.975,1243.5,48.955,26.45436,83.77621,2540.0,15.254,1.491,5.0,0.8387980288546386,-0.6667776674681832
wheat,IN,IN-12-0222,2008,343.732,102.975,1243.5,48.955,26.45436,83.77621,2540.0,15.254,1.491,5.0,1.6459008676062614,-0.7327166124271941
wheat,IN,IN-12-0222,2009,343.732,102.975,1243.5,48.955,26.45436,83.77621,2540.0,15.254,1.491,5.0,-0.6713222735965448,-1.0099930266065567
wheat,IN,IN-12-0222,2010,343.732,102.975,1243.5,48.955,26.45436,83.77621,2540.0,15.254,1.491,5.0,-1.15058540038524,-0.8542602533792892
wheat,IN,IN-12-0222,2011,343.732,102.975,1243.5,48.955,26.45436,83.77621,2540.0,15.254,1.491,5.0,-0.17022268779503957,1.0507593132425077
wheat,IN,IN-12-0222,2012,343.732,102.975,1243.5,48.955,26.45436,83.77621,2540.0,15.254,1.491,5.0,-0.45694543261440407,0.13936322581608226
wheat,IN,IN-12-0222,2013,343.732,102.975,1243.5,48.955,26.45436,83.77621,2540.0,15.254,1.491,5.0,0.14367261695315742,2.2268120429889744
wheat,IN,IN-12-0222,2014,343.732,102.975,1243.5,48.955,26.45436,83.77621,2540.0,15.254,1.491,5.0,-0.5566917025246916,0.8697713915820406
wheat,IN,IN-12-0222,2015,343.732,102.975,1243.5,48.955,26.45436,83.77621,2540.0,15.254,1.491,5.0,-1.2253454659543233,-0.19650854981909532
wheat,IN,IN-12-0222,2016,343.732,102.975,1243.5,48.955,26.45436,83.77621,2540.0,15.254,1.491,5.0,-0.24279186040918282,0.4400811864814758
wheat,IN,IN-12-0222,2017,343.732,102.975,1243.5,48.955,26.45436,83.77621,2540.0,15.254,1.491,5.0,-0.8673411643249859,1.7609603101919844
wheat,IN,IN-12-0223,2003,341.406,104.783,562.7,20.205,26.91434,82.66932,2785.0,15.569,1.495,5.0,2.4040571863691205,-1.3446231852818824
wheat,IN,IN-12-0223,2004,341.406,104.783,562.7,20.205,26.91434,82.66932,2785.0,15.569,1.495,5.0,0.5410235336243163,-0.4416503717367376
wheat,IN,IN-12-0223,2005,341.406,104.783,562.7,20.205,26.91434,82.66932,2785.0,15.569,1.495,5.0,0.07836373158348134,-0.9557625829369077
wheat,IN,IN-12-0223,2006,341.406,104.783,562.7,20.205,26.91434,82.66932,2785.0,15.569,1.495,5.0,-0.38866350746397804,0.30934696429952036
wheat,IN,IN-12-0223,2007,341.406,104.783,562.7,20.205,26.91434,82.66932,2785.0,15.569,1.495,5.0,0.3685732966124947,-0.24738631801630678
wheat,IN,IN-12-0223,2008,341.406,104.783,562.7,20.205,26.91434,82.66932,2785.0,15.569,1.495,5.0,1.5429446049484314,-0.7551013144536118
wheat,IN,IN-12-0223,2009,341.406,104.783,562.7,20.205,26.91434,82.66932,2785.0,15.569,1.495,5.0,-0.7935453155877359,-0.41553534223463573
wheat,IN,IN-12-0223,2010,341.406,104.783,562.7,20.205,26.91434,82.66932,2785.0,15.569,1.495,5.0,-0.8745003590349283,-1.7379166904343666
wheat,IN,IN-12-0223,2011,341.406,104.783,562.7,20.205,26.91434,82.66932,2785.0,15.569,1.495,5.0,-0.19272653970364448,1.4199670666004447
wheat,IN,IN-12-0223,2012,341.406,104.783,562.7,20.205,26.91434,82.66932,2785.0,15.569,1.495,5.0,-0.3193981691892013,0.8866554287378124
wheat,IN,IN-12-0223,2013,341.406,104.783,562.7,20.205,26.91434,82.66932,2785.0,15.569,1.495,5.0,0.7926723695899992,1.536000625997051
wheat,IN,IN-12-0223,2014,341.406,104.783,562.7,20.205,26.91434,82.66932,2785.0,15.569,1.495,5.0,-0.39279595419086866,1.4137548114116754
wheat,IN,IN-12-0223,2015,341.406,104.783,562.7,20.205,26.91434,82.66932,2785.0,15.569,1.495,5.0,-1.274583895300333,-0.24711604352220412
wheat,IN,IN-12-0223,2016,341.406,104.783,562.7,20.205,26.91434,82.66932,2785.0,15.569,1.495,5.0,-0.42861131621170895,-0.47554904288758215
wheat,IN,IN-12-0223,2017,341.406,104.783,562.7,20.205,26.91434,82.66932,2785.0,15.569,1.495,5.0,-1.0628096660454447,1.292665277336623
wheat,IN,IN-12-0224,2003,340.248,103.667,1054.9,25.021,26.05855,83.02783,4216.0,15.569,1.495,5.0,2.3740549794192773,-0.18783039824437792
wheat,IN,IN-12-0224,2004,340.248,103.667,1054.9,25.021,26.05855,83.02783,4216.0,15.569,1.495,5.0,0.8373883813142213,0.031791634426814375
wheat,IN,IN-12-0224,2005,340.248,103.667,1054.9,25.021,26.05855,83.02783,4216.0,15.569,1.495,5.0,-0.06270318861724791,-1.1048276139004354
wheat,IN,IN-12-0224,2006,340.248,103.667,1054.9,25.021,26.05855,83.02783,4216.0,15.569,1.495,5.0,-0.41034165524348476,0.26337729042985425
wheat,IN,IN-12-0224,2007,340.248,103.667,1054.9,25.021,26.05855,83.02783,4216.0,15.569,1.495,5.0,0.2873189694658336,0.20443981018025245
wheat,IN,IN-12-0224,2008,340.248,103.667,1054.9,25.021,26.05855,83.02783,4216.0,15.569,1.495,5.0,1.579834550562117,-0.5420346424486229
wheat,IN,IN-12-0224,2009,340.248,103.667,1054.9,25.021,26.05855,83.02783,4216.0,15.569,1.495,5.0,-0.7016980423284962,-1.0162900878730272
wheat,IN,IN-12-0224,2010,340.248,103.667,1054.9,25.021,26.05855,83.02783,4216.0,15.569,1.495,5.0,-1.087287854092042,-1.3567093722682302
wheat,IN,IN-12-0224,2011,340.248,103.667,1054.9,25.021,26.05855,83.02783,4216.0,15.569,1.495,5.0,-0.09889108070293906,1.575082144657533
wheat,IN,IN-12-0224,2012,340.248,103.667,1054.9,25.021,26.05855,83.02783,4216.0,15.569,1.495,5.0,-0.026897894756440482,0.17225116724317063
wheat,IN,IN-12-0224,2013,340.248,103.667,1054.9,25.021,26.05855,83.02783,4216.0,15.569,1.495,5.0,0.34704386615127636,1.16353722617882
wheat,IN,IN-12-0224,2014,340.248,103.667,1054.9,25.021,26.05855,83.02783,4216.0,15.569,1.495,5.0,-0.49928450121375895,1.5585144607928545
wheat,IN,IN-12-0224,2015,340.248,103.667,1054.9,25.021,26.05855,83.02783,4216.0,15.569,1.495,5.0,-1.334713797813329,0.35990812372093856
wheat,IN,IN-12-0224,2016,340.248,103.667,1054.9,25.021,26.05855,83.02783,4216.0,15.569,1.495,5.0,-0.1829576908546288,-0.8509417803125503
wheat,IN,IN-12-0224,2017,340.248,103.667,1054.9,25.021,26.05855,83.02783,4216.0,15.569,1.495,5.0,-1.020865041290365,1.600027805021955
wheat,IN,IN-12-0225,2003,333.622,102.119,218.2,8.629,26.88578,80.83736,2528.0,15.569,1.495,5.0,2.8115190491306223,-1.6253900575641633
wheat,IN,IN-12-0225,2004,333.622,102.119,218.2,8.629,26.88578,80.83736,2528.0,15.569,1.495,5.0,0.5962909721568043,-0.31033220962758246
wheat,IN,IN-12-0225,2005,333.622,102.119,218.2,8.629,26.88578,80.83736,2528.0,15.569,1.495,5.0,0.5319928494468912,-0.725575513533565
wheat,IN,IN-12-0225,2006,333.622,102.119,218.2,8.629,26.88578,80.83736,2528.0,15.569,1.495,5.0,-0.4469671926093633,-0.32284173890485857
wheat,IN,IN-12-0225,2007,333.622,102.119,218.2,8.629,26.88578,80.83736,2528.0,15.569,1.495,5.0,-0.36883580979192326,-0.4712833043404588
wheat,IN,IN-12-0225,2008,333.622,102.119,218.2,8.629,26.88578,80.83736,2528.0,15.569,1.495,5.0,1.1100857336512489,-0.3489608360077789
wheat,IN,IN-12-0225,2009,333.622,102.119,218.2,8.629,26.88578,80.83736,2528.0,15.569,1.495,5.0,-0.5379262675681713,-0.0486503123040783
wheat,IN,IN-12-0225,2010,333.622,102.119,218.2,8.629,26.88578,80.83736,2528.0,15.569,1.495,5.0,-0.5384715862507774,-0.39768455298972233
wheat,IN,IN-12-0225,2011,333.622,102.119,218.2,8.629,26.88578,80.83736,2528.0,15.569,1.495,5.0,-0.11099844572681729,1.1585483548817235
wheat,IN,IN-12-0225,2012,333.622,102.119,218.2,8.629,26.88578,80.83736,2528.0,15.569,1.495,5.0,-0.01715899570721759,-0.24197766118684322
wheat,IN,IN-12-0225,2013,333.622,102.119,218.2,8.629,26.88578,80.83736,2528.0,15.569,1.495,5.0,0.31636433026316857,1.6787556752808668
wheat,IN,IN-12-0225,2014,333.622,102.119,218.2,8.629,26.88578,80.83736,2528.0,15.569,1.495,5.0,-0.31533177476948515,0.9602105937722495
wheat,IN,IN-12-0225,2015,333.622,102.119,218.2,8.629,26.88578,80.83736,2528.0,15.569,1.495,5.0,-1.0574911930838022,0.3017362977537223
wheat,IN,IN-12-0225,2016,333.622,102.119,218.2,8.629,26.88578,80.83736,2528.0,15.569,1.495,5.0,-0.8592055404043714,0.0739850012161561
wheat,IN,IN-12-0225,2017,333.622,102.119,218.2,8.629,26.88578,80.83736,2528.0,15.569,1.495,5.0,-1.1138661287368061,2.2160151440361546
wheat,IN,IN-12-0226,2003,331.991,99.701,1082.4,23.705,26.67827,80.45253,4566.0,14.968,1.487,5.0,2.6993391382638086,-0.8344565935872565
wheat,IN,IN-12-0226,2004,331.991,99.701,1082.4,23.705,26.67827,80.45253,4566.0,14.968,1.487,5.0,0.7454738205329611,-0.5789817314134311
wheat,IN,IN-12-0226,2005,331.991,99.701,1082.4,23.705,26.67827,80.45253,4566.0,14.968,1.487,5.0,0.4616692853812196,-0.20564259834726797
wheat,IN,IN-12-0226,2006,331.991,99.701,1082.4,23.705,26.67827,80.45253,4566.0,14.968,1.487,5.0,-0.4905129464033137,-0.5312096900514831
wheat,IN,IN-12-0226,2007,331.991,99.701,1082.4,23.705,26.67827,80.45253,4566.0,14.968,1.487,5.0,-0.5366848701619693,-0.6651112789590099
wheat,IN,IN-12-0226,2008,331.991,99.701,1082.4,23.705,26.67827,80.45253,4566.0,14.968,1.487,5.0,1.090262989337766,-0.5411524173333079
wheat,IN,IN-12-0226,2009,331.991,99.701,1082.4,23.705,26.67827,80.45253,4566.0,14.968,1.487,5.0,-0.48759600082687543,-0.3298462319233771
wheat,IN,IN-12-0226,2010,331.991,99.701,1082.4,23.705,26.67827,80.45253,4566.0,14.968,1.487,5.0,-0.5452564232049623,-1.0568635370645127
wheat,IN,IN-12-0226,2011,331.991,99.701,1082.4,23.705,26.67827,80.45253,4566.0,14.968,1.487,5.0,-0.03770649847604496,1.1318276011892858
wheat,IN,IN-12-0226,2012,331.991,99.701,1082.4,23.705,26.67827,80.45253,4566.0,14.968,1.487,5.0,0.09147396417764299,0.21974743311449452
wheat,IN,IN-12-0226,2013,331.991,99.701,1082.4,23.705,26.67827,80.45253,4566.0,14.968,1.487,5.0,0.4517130646675436,2.3342332050928443
wheat,IN,IN-12-0226,2014,331.991,99.701,1082.4,23.705,26.67827,80.45253,4566.0,14.968,1.487,5.0,-0.29833637258697837,0.7468860868184977
wheat,IN,IN-12-0226,2015,331.991,99.701,1082.4,23.705,26.67827,80.45253,4566.0,14.968,1.487,5.0,-1.1041667415746568,0.1906893608152973
wheat,IN,IN-12-0226,2016,331.991,99.701,1082.4,23.705,26.67827,80.45253,4566.0,14.968,1.487,5.0,-0.8074891473546755,0.6750971179054832
wheat,IN,IN-12-0226,2017,331.991,99.701,1082.4,23.705,26.67827,80.45253,4566.0,14.968,1.487,5.0,-1.2321832617714905,1.5429527190192407
wheat,IN,IN-12-0227,2003,334.264,98.098,625.6,15.93,26.26995,81.13816,3927.0,15.254,1.491,5.0,2.6044715284186237,-1.4192927268422937
wheat,IN,IN-12-0227,2004,334.264,98.098,625.6,15.93,26.26995,81.13816,3927.0,15.254,1.491,5.0,0.6652935876565628,-0.05420618589132423
wheat,IN,IN-12-0227,2005,334.264,98.098,625.6,15.93,26.26995,81.13816,3927.0,15.254,1.491,5.0,0.4434267063902456,-0.34338503384827723
wheat,IN,IN-12-0227,2006,334.264,98.098,625.6,15.93,26.26995,81.13816,3927.0,15.254,1.491,5.0,-0.5633675048396924,-0.4799451493998124
wheat,IN,IN-12-0227,2007,334.264,98.098,625.6,15.93,26.26995,81.13816,3927.0,15.254,1.491,5.0,-0.4697625970085513,-0.5014350509499091
wheat,IN,IN-12-0227,2008,334.264,98.098,625.6,15.93,26.26995,81.13816,3927.0,15.254,1.491,5.0,1.2975613472732517,0.3476447631460812
wheat,IN,IN-12-0227,2009,334.264,98.098,625.6,15.93,26.26995,81.13816,3927.0,15.254,1.491,5.0,-0.5878802874637785,-0.1156214820715817
wheat,IN,IN-12-0227,2010,334.264,98.098,625.6,15.93,26.26995,81.13816,3927.0,15.254,1.491,5.0,-0.7835950202062909,-1.0286403236818684
wheat,IN,IN-12-0227,2011,334.264,98.098,625.6,15.93,26.26995,81.13816,3927.0,15.254,1.491,5.0,-0.0669902444730794,1.216674001622902
wheat,IN,IN-12-0227,2012,334.264,98.098,625.6,15.93,26.26995,81.13816,3927.0,15.254,1.491,5.0,0.10792166131966528,-1.0984426488818102
wheat,IN,IN-12-0227,2013,334.264,98.098,625.6,15.93,26.26995,81.13816,3927.0,15.254,1.491,5.0,0.5405555489301636,2.1581053359219027
wheat,IN,IN-12-0227,2014,334.264,98.098,625.6,15.93,26.26995,81.13816,3927.0,15.254,1.491,5.0,-0.25806133055246766,0.7058563463504263
wheat,IN,IN-12-0227,2015,334.264,98.098,625.6,15.93,26.26995,81.13816,3927.0,15.254,1.491,5.0,-1.1077334361941702,-0.11394909235573965
wheat,IN,IN-12-0227,2016,334.264,98.098,625.6,15.93,26.26995,81.13816,3927.0,15.254,1.491,5.0,-0.6515157959674768,0.3328211177512569
wheat,IN,IN-12-0227,2017,334.264,98.098,625.6,15.93,26.26995,81.13816,3927.0,15.254,1.491,5.0,-1.1703241632830208,1.7012126378356716
wheat,IN,IN-12-0228,2003,335.992,110.108,397.2,6.924,27.52174,80.78037,5736.0,15.569,1.495,5.0,2.775091824756805,-0.6973812856170613
wheat,IN,IN-12-0228,2004,335.992,110.108,397.2,6.924,27.52174,80.78037,5736.0,15.569,1.495,5.0,0.5413964297269682,-0.365696990636851
wheat,IN,IN-12-0228,2005,335.992,110.108,397.2,6.924,27.52174,80.78037,5736.0,15.569,1.495,5.0,0.7654255440913654,-0.46559124792033624
wheat,IN,IN-12-0228,2006,335.992,110.108,397.2,6.924,27.52174,80.78037,5736.0,15.569,1.495,5.0,-0.2830838884456257,-0.13836723554610436
wheat,IN,IN-12-0228,2007,335.992,110.108,397.2,6.924,27.52174,80.78037,5736.0,15.569,1.495,5.0,-0.10746288728185709,0.07803791436943866
wheat,IN,IN-12-0228,2008,335.992,110.108,397.2,6.924,27.52174,80.78037,5736.0,15.569,1.495,5.0,0.9702249854259063,-0.811596666511104
wheat,IN,IN-12-0228,2009,335.992,110.108,397.2,6.924,27.52174,80.78037,5736.0,15.569,1.495,5.0,-0.4917950851346037,-0.38944766065764547
wheat,IN,IN-12-0228,2010,335.992,110.108,397.2,6.924,27.52174,80.78037,5736.0,15.569,1.495,5.0,-0.21229963506822036,-0.5333503010045313
wheat,IN,IN-12-0228,2011,335.992,110.108,397.2,6.924,27.52174,80.78037,5736.0,15.569,1.495,5.0,-0.21036651586352317,0.6508081123870884
wheat,IN,IN-12-0228,2012,335.992,110.108,397.2,6.924,27.52174,80.78037,5736.0,15.569,1.495,5.0,-0.2089908273307124,-0.5257858405536814
wheat,IN,IN-12-0228,2013,335.992,110.108,397.2,6.924,27.52174,80.78037,5736.0,15.569,1.495,5.0,0.2966579583075323,0.938762885889808
wheat,IN,IN-12-0228,2014,335.992,110.108,397.2,6.924,27.52174,80.78037,5736.0,15.569,1.495,5.0,-0.5367701914739474,1.270246484443046
wheat,IN,IN-12-0228,2015,335.992,110.108,397.2,6.924,27.52174,80.78037,5736.0,15.569,1.495,5.0,-1.0186370967928082,0.7073264561834686
wheat,IN,IN-12-0228,2016,335.992,110.108,397.2,6.924,27.52174,80.78037,5736.0,15.569,1.495,5.0,-1.1543997466766414,0.6912372926209942
wheat,IN,IN-12-0228,2017,335.992,110.108,397.2,6.924,27.52174,80.78037,5736.0,15.569,1.495,5.0,-1.1249908682406162,2.4174426992172133
wheat,IN,IN-12-0229,2003,332.041,103.767,2079.4,34.749,27.35509,80.06745,5984.0,15.179,1.49,5.0,2.861835698140321,-0.838453766077626
wheat,IN,IN-12-0229,2004,332.041,103.767,2079.4,34.749,27.35509,80.06745,5984.0,15.179,1.49,5.0,0.716934614194322,-0.39448889486635674
wheat,IN,IN-12-0229,2005,332.041,103.767,2079.4,34.749,27.35509,80.06745,5984.0,15.179,1.49,5.0,0.5333284409478418,-0.023400161232113373
wheat,IN,IN-12-0229,2006,332.041,103.767,2079.4,34.749,27.35509,80.06745,5984.0,15.179,1.49,5.0,-0.3269109155343403,0.010470384565434643
wheat,IN,IN-12-0229,2007,332.041,103.767,2079.4,34.749,27.35509,80.06745,5984.0,15.179,1.49,5.0,-0.3974562610946667,-0.62115892534371
wheat,IN,IN-12-0229,2008,332.041,103.767,2079.4,34.749,27.35509,80.06745,5984.0,15.179,1.49,5.0,0.864578589810409,0.002979439158772503
wheat,IN,IN-12-0229,2009,332.041,103.767,2079.4,34.749,27.35509,80.06745,5984.0,15.179,1.49,5.0,-0.3939003795802321,-0.576755038939181
wheat,IN,IN-12-0229,2010,332.041,103.767,2079.4,34.749,27.35509,80.06745,5984.0,15.179,1.49,5.0,-0.23312677811492966,-0.7267041536195032
wheat,IN,IN-12-0229,2011,332.041,103.767,2079.4,34.749,27.35509,80.06745,5984.0,15.179,1.49,5.0,-0.08665959970567506,1.421587906552046
wheat,IN,IN-12-0229,2012,332.041,103.767,2079.4,34.749,27.35509,80.06745,5984.0,15.179,1.49,5.0,-0.0882169927192169,-0.07462874904204439
wheat,IN,IN-12-0229,2013,332.041,103.767,2079.4,34.749,27.35509,80.06745,5984.0,15.179,1.49,5.0,0.26783107889854113,1.8464553123503902
wheat,IN,IN-12-0229,2014,332.041,103.767,2079.4,34.749,27.35509,80.06745,5984.0,15.179,1.49,5.0,-0.5081684174180892,0.09907562679737468
wheat,IN,IN-12-0229,2015,332.041,103.767,2079.4,34.749,27.35509,80.06745,5984.0,15.179,1.49,5.0,-1.030600941699809,-0.27803000827919977
wheat,IN,IN-12-0229,2016,332.041,103.767,2079.4,34.749,27.35509,80.06745,5984.0,15.179,1.49,5.0,-1.0298246718184045,0.48284892220149517
wheat,IN,IN-12-0229,2017,332.041,103.767,2079.4,34.749,27.35509,80.06745,5984.0,15.179,1.49,5.0,-1.1496434643060587,2.1075648235640436
wheat,IN,IN-12-0230,2003,342.589,116.488,1081.9,14.079,28.14804,80.48547,7684.0,15.601,1.492,5.0,2.5721678656456928,-0.45638487105316067
wheat,IN,IN-12-0230,2004,342.589,116.488,1081.9,14.079,28.14804,80.48547,7684.0,15.601,1.492,5.0,0.550884226105465,-0.3626636543761521
wheat,IN,IN-12-0230,2005,342.589,116.488,1081.9,14.079,28.14804,80.48547,7684.0,15.601,1.492,5.0,0.871468387409491,-0.6149878677027016
wheat,IN,IN-12-0230,2006,342.589,116.488,1081.9,14.079,28.14804,80.48547,7684.0,15.601,1.492,5.0,-0.2798500453021405,-0.5227127944284319
wheat,IN,IN-12-0230,2007,342.589,116.488,1081.9,14.079,28.14804,80.48547,7684.0,15.601,1.492,5.0,0.16414758503973848,-0.08845261685827607
wheat,IN,IN-12-0230,2008,342.589,116.488,1081.9,14.079,28.14804,80.48547,7684.0,15.601,1.492,5.0,0.9072413412073765,-0.6898779333878915
wheat,IN,IN-12-0230,2009,342.589,116.488,1081.9,14.079,28.14804,80.48547,7684.0,15.601,1.492,5.0,-0.291244933232875,-0.6173795664072165
wheat,IN,IN-12-0230,2010,342.589,116.488,1081.9,14.079,28.14804,80.48547,7684.0,15.601,1.492,5.0,0.006446459586350512,-0.3130630846517988
wheat,IN,IN-12-0230,2011,342.589,116.488,1081.9,14.079,28.14804,80.48547,7684.0,15.601,1.492,5.0,-0.16601425798481703,0.5595201730385773
wheat,IN,IN-12-0230,2012,342.589,116.488,1081.9,14.079,28.14804,80.48547,7684.0,15.601,1.492,5.0,-0.30356690511139545,-0.44876480773877325
wheat,IN,IN-12-0230,2013,342.589,116.488,1081.9,14.079,28.14804,80.48547,7684.0,15.601,1.492,5.0,0.34509020186079525,0.9270870504290168
wheat,IN,IN-12-0230,2014,342.589,116.488,1081.9,14.079,28.14804,80.48547,7684.0,15.601,1.492,5.0,-0.7233400665966023,1.3783842889347535
wheat,IN,IN-12-0230,2015,342.589,116.488,1081.9,14.079,28.14804,80.48547,7684.0,15.601,1.492,5.0,-0.9726744119154516,0.7637986250013052
wheat,IN,IN-12-0230,2016,342.589,116.488,1081.9,14.079,28.14804,80.48547,7684.0,15.601,1.492,5.0,-1.397242915624217,0.9912086480022256
wheat,IN,IN-12-0230,2017,342.589,116.488,1081.9,14.079,28.14804,80.48547,7684.0,15.601,1.492,5.0,-1.2835125310874016,2.2536467545650702
wheat,IN,IN-12-0231,2003,338.092,103.254,226.2,8.417,26.69267,81.86127,2687.0,15.569,1.495,5.0,2.607828633276306,-0.9453928622418076
wheat,IN,IN-12-0231,2004,338.092,103.254,226.2,8.417,26.69267,81.86127,2687.0,15.569,1.495,5.0,0.70181960698769,0.014354186152646064
wheat,IN,IN-12-0231,2005,338.092,103.254,226.2,8.417,26.69267,81.86127,2687.0,15.569,1.495,5.0,0.3901578884247645,-0.4034663991747116
wheat,IN,IN-12-0231,2006,338.092,103.254,226.2,8.417,26.69267,81.86127,2687.0,15.569,1.495,5.0,-0.4000637273624818,0.14649536780980515
wheat,IN,IN-12-0231,2007,338.092,103.254,226.2,8.417,26.69267,81.86127,2687.0,15.569,1.495,5.0,-0.08220225434229841,0.020281744629604016
wheat,IN,IN-12-0231,2008,338.092,103.254,226.2,8.417,26.69267,81.86127,2687.0,15.569,1.495,5.0,1.3583115142263344,-0.4886339799523522
wheat,IN,IN-12-0231,2009,338.092,103.254,226.2,8.417,26.69267,81.86127,2687.0,15.569,1.495,5.0,-0.626458032056152,-0.24893969038220468
wheat,IN,IN-12-0231,2010,338.092,103.254,226.2,8.417,26.69267,81.86127,2687.0,15.569,1.495,5.0,-0.746531811218213,-1.6387117559348874
wheat,IN,IN-12-0231,2011,338.092,103.254,226.2,8.417,26.69267,81.86127,2687.0,15.569,1.495,5.0,-0.18242488617015035,1.226314528407906
wheat,IN,IN-12-0231,2012,338.092,103.254,226.2,8.417,26.69267,81.86127,2687.0,15.569,1.495,5.0,-0.2342684721006907,-0.817858501201805
wheat,IN,IN-12-0231,2013,338.092,103.254,226.2,8.417,26.69267,81.86127,2687.0,15.569,1.495,5.0,0.5159379780313065,2.062367490484409
wheat,IN,IN-12-0231,2014,338.092,103.254,226.2,8.417,26.69267,81.86127,2687.0,15.569,1.495,5.0,-0.32716882307683587,1.3889281473922257
wheat,IN,IN-12-0231,2015,338.092,103.254,226.2,8.417,26.69267,81.86127,2687.0,15.569,1.495,5.0,-1.1506020193395727,0.2715655373591944
wheat,IN,IN-12-0231,2016,338.092,103.254,226.2,8.417,26.69267,81.86127,2687.0,15.569,1.495,5.0,-0.6443050320498575,-0.760746372008699
wheat,IN,IN-12-0231,2017,338.092,103.254,226.2,8.417,26.69267,81.86127,2687.0,15.569,1.495,5.0,-1.180030563230147,1.415282031073766
wheat,IN,IN-12-0232,2003,339.951,105.493,286.2,7.193,27.09923,81.98481,3979.0,15.569,1.495,5.0,2.4914366419625926,-1.7319878925243877
wheat,IN,IN-12-0232,2004,339.951,105.493,286.2,7.193,27.09923,81.98481,3979.0,15.569,1.495,5.0,0.640379522247491,-0.6856623210340765
wheat,IN,IN-12-0232,2005,339.951,105.493,286.2,7.193,27.09923,81.98481,3979.0,15.569,1.495,5.0,0.4223643136691261,-0.990971737572072
wheat,IN,IN-12-0232,2006,339.951,105.493,286.2,7.193,27.09923,81.98481,3979.0,15.569,1.495,5.0,-0.2630816031213004,-0.47689834921240376
wheat,IN,IN-12-0232,2007,339.951,105.493,286.2,7.193,27.09923,81.98481,3979.0,15.569,1.495,5.0,0.10700328168431501,-0.05390927003895298
wheat,IN,IN-12-0232,2008,339.951,105.493,286.2,7.193,27.09923,81.98481,3979.0,15.569,1.495,5.0,1.3821774831933324,0.13668991574477984
wheat,IN,IN-12-0232,2009,339.951,105.493,286.2,7.193,27.09923,81.98481,3979.0,15.569,1.495,5.0,-0.70867658333211,-0.3139155064643398
wheat,IN,IN-12-0232,2010,339.951,105.493,286.2,7.193,27.09923,81.98481,3979.0,15.569,1.495,5.0,-0.6980195321180157,-0.8845165774990734
wheat,IN,IN-12-0232,2011,339.951,105.493,286.2,7.193,27.09923,81.98481,3979.0,15.569,1.495,5.0,-0.2454992757977793,1.5695159627203796
wheat,IN,IN-12-0232,2012,339.951,105.493,286.2,7.193,27.09923,81.98481,3979.0,15.569,1.495,5.0,-0.3932694437431612,0.27914589003062457
wheat,IN,IN-12-0232,2013,339.951,105.493,286.2,7.193,27.09923,81.98481,3979.0,15.569,1.495,5.0,0.7505479495347849,1.901055989701123
wheat,IN,IN-12-0232,2014,339.951,105.493,286.2,7.193,27.09923,81.98481,3979.0,15.569,1.495,5.0,-0.3619770127131856,1.6839245121595585
wheat,IN,IN-12-0232,2015,339.951,105.493,286.2,7.193,27.09923,81.98481,3979.0,15.569,1.495,5.0,-1.2065113099807838,0.11065916199542601
wheat,IN,IN-12-0232,2016,339.951,105.493,286.2,7.193,27.09923,81.98481,3979.0,15.569,1.495,5.0,-0.8545568695379618,-0.43880484379295054
wheat,IN,IN-12-0232,2017,339.951,105.493,286.2,7.193,27.09923,81.98481,3979.0,15.569,1.495,5.0,-1.0623175619473673,0.8542341176907221
wheat,IN,IN-12-0233,2003,342.269,113.073,1059.0,21.419,27.80516,81.48402,4944.0,15.595,1.492,5.0,2.489775718307638,-0.12295590501062245
wheat,IN,IN-12-0233,2004,342.269,113.073,1059.0,21.419,27.80516,81.48402,4944.0,15.595,1.492,5.0,0.31605149135967014,0.29219729739837924
wheat,IN,IN-12-0233,2005,342.269,113.073,1059.0,21.419,27.80516,81.48402,4944.0,15.595,1.492,5.0,0.717339111055993,-1.1969094604392885
wheat,IN,IN-12-0233,2006,342.269,113.073,1059.0,21.419,27.80516,81.48402,4944.0,15.595,1.492,5.0,-0.18263481909697682,-0.9639088358210216
wheat,IN,IN-12-0233,2007,342.269,113.073,1059.0,21.419,27.80516,81.48402,4944.0,15.595,1.492,5.0,0.5157426855272416,-0.7225151211904576
wheat,IN,IN-12-0233,2008,342.269,113.073,1059.0,21.419,27.80516,81.48402,4944.0,15.595,1.492,5.0,1.09156635116335,0.0903606033037257
wheat,IN,IN-12-0233,2009,342.269,113.073,1059.0,21.419,27.80516,81.48402,4944.0,15.595,1.492,5.0,-0.6718458245874218,-0.8602685438899302
wheat,IN,IN-12-0233,2010,342.269,113.073,1059.0,21.419,27.80516,81.48402,4944.0,15.595,1.492,5.0,-0.2054968722597435,-0.10625644604184838
wheat,IN,IN-12-0233,2011,342.269,113.073,1059.0,21.419,27.80516,81.48402,4944.0,15.595,1.492,5.0,-0.22097556456935724,0.4404319587815127
wheat,IN,IN-12-0233,2012,342.269,113.073,1059.0,21.419,27.80516,81.48402,4944.0,15.595,1.492,5.0,-0.3382092253397644,0.6322703714075726
wheat,IN,IN-12-0233,2013,342.269,113.073,1059.0,21.419,27.80516,81.48402,4944.0,15.595,1.492,5.0,0.5980840350001118,1.8429727259034205
wheat,IN,IN-12-0233,2014,342.269,113.073,1059.0,21.419,27.80516,81.48402,4944.0,15.595,1.492,5.0,-0.5069281958604817,1.0524914495874893
wheat,IN,IN-12-0233,2015,342.269,113.073,1059.0,21.419,27.80516,81.48402,4944.0,15.595,1.492,5.0,-1.1094292153419723,0.4389512910151918
wheat,IN,IN-12-0233,2016,342.269,113.073,1059.0,21.419,27.80516,81.48402,4944.0,15.595,1.492,5.0,-1.4535597764774477,0.5278203896957707
wheat,IN,IN-12-0233,2017,342.269,113.073,1059.0,21.419,27.80516,81.48402,4944.0,15.595,1.492,5.0,-1.0394798988808338,1.5427745944570952
wheat,IN,IN-12-0234,2003,338.174,102.23,552.0,20.652,26.30264,82.13042,2673.0,15.569,1.495,5.0,2.4741153543884242,-0.22587203322160165
wheat,IN,IN-12-0234,2004,338.174,102.23,552.0,20.652,26.30264,82.13042,2673.0,15.569,1.495,5.0,0.7678869006763952,-0.4963061151326406
wheat,IN,IN-12-0234,2005,338.174,102.23,552.0,20.652,26.30264,82.13042,2673.0,15.569,1.495,5.0,0.21877041462849595,-0.5969875502267379
wheat,IN,IN-12-0234,2006,338.174,102.23,552.0,20.652,26.30264,82.13042,2673.0,15.569,1.495,5.0,-0.5512228555454576,-0.10952342196205013
wheat,IN,IN-12-0234,2007,338.174,102.23,552.0,20.652,26.30264,82.13042,2673.0,15.569,1.495,5.0,-0.12673001971708978,-0.4082917586404076
wheat,IN,IN-12-0234,2008,338.174,102.23,552.0,20.652,26.30264,82.13042,2673.0,15.569,1.495,5.0,1.4577939954849517,-0.4054173603814777
wheat,IN,IN-12-0234,2009,338.174,102.23,552.0,20.652,26.30264,82.13042,2673.0,15.569,1.495,5.0,-0.6830198876722985,-0.14084487788254468
wheat,IN,IN-12-0234,2010,338.174,102.23,552.0,20.652,26.30264,82.13042,2673.0,15.569,1.495,5.0,-0.8642199049181855,-1.7355951108215388
wheat,IN,IN-12-0234,2011,338.174,102.23,552.0,20.652,26.30264,82.13042,2673.0,15.569,1.495,5.0,-0.09417159126163471,0.6092836528055842
wheat,IN,IN-12-0234,2012,338.174,102.23,552.0,20.652,26.30264,82.13042,2673.0,15.569,1.495,5.0,-0.06736615751164725,-0.196247245367886
wheat,IN,IN-12-0234,2013,338.174,102.23,552.0,20.652,26.30264,82.13042,2673.0,15.569,1.495,5.0,0.6093110126030177,2.170468827157703
wheat,IN,IN-12-0234,2014,338.174,102.23,552.0,20.652,26.30264,82.13042,2673.0,15.569,1.495,5.0,-0.34129848030440585,1.766713142106599
wheat,IN,IN-12-0234,2015,338.174,102.23,552.0,20.652,26.30264,82.13042,2673.0,15.569,1.495,5.0,-1.2067014961404625,1.0198667542426059
wheat,IN,IN-12-0234,2016,338.174,102.23,552.0,20.652,26.30264,82.13042,2673.0,15.569,1.495,5.0,-0.37441190718639367,-0.5705261780195185
wheat,IN,IN-12-0234,2017,338.174,102.23,552.0,20.652,26.30264,82.13042,2673.0,15.569,1.495,5.0,-1.2187353775237073,0.9866156729127218
wheat,IN,IN-12-0235,2003,336.193,99.365,771.4,20.794,25.92431,81.80211,3710.0,14.877,1.501,5.0,2.491094252532753,-0.022846358995289875
wheat,IN,IN-12-0235,2004,336.193,99.365,771.4,20.794,25.92431,81.80211,3710.0,14.877,1.501,5.0,0.7283905887886769,-0.7972985431483856
wheat,IN,IN-12-0235,2005,336.193,99.365,771.4,20.794,25.92431,81.80211,3710.0,14.877,1.501,5.0,0.32683814650095805,-0.46498163850814606
wheat,IN,IN-12-0235,2006,336.193,99.365,771.4,20.794,25.92431,81.80211,3710.0,14.877,1.501,5.0,-0.6005569662430715,-0.7695047327427205
wheat,IN,IN-12-0235,2007,336.193,99.365,771.4,20.794,25.92431,81.80211,3710.0,14.877,1.501,5.0,-0.38500608400685193,-0.7818645800154771
wheat,IN,IN-12-0235,2008,336.193,99.365,771.4,20.794,25.92431,81.80211,3710.0,14.877,1.501,5.0,1.3927693874380624,-0.03816529911511337
wheat,IN,IN-12-0235,2009,336.193,99.365,771.4,20.794,25.92431,81.80211,3710.0,14.877,1.501,5.0,-0.676575907557124,-0.45062067310551407
wheat,IN,IN-12-0235,2010,336.193,99.365,771.4,20.794,25.92431,81.80211,3710.0,14.877,1.501,5.0,-0.924020117089441,-1.4625488356536387
wheat,IN,IN-12-0235,2011,336.193,99.365,771.4,20.794,25.92431,81.80211,3710.0,14.877,1.501,5.0,-0.09074729288837753,1.2168853535591762
wheat,IN,IN-12-0235,2012,336.193,99.365,771.4,20.794,25.92431,81.80211,3710.0,14.877,1.501,5.0,0.16129831598360536,0.34652767675114116
wheat,IN,IN-12-0235,2013,336.193,99.365,771.4,20.794,25.92431,81.80211,3710.0,14.877,1.501,5.0,0.5942883111673128,2.333057263083657
wheat,IN,IN-12-0235,2014,336.193,99.365,771.4,20.794,25.92431,81.80211,3710.0,14.877,1.501,5.0,-0.2767876041208376,0.9246526663526649
wheat,IN,IN-12-0235,2015,336.193,99.365,771.4,20.794,25.92431,81.80211,3710.0,14.877,1.501,5.0,-1.1952260939624346,0.6472189919603272
wheat,IN,IN-12-0235,2016,336.193,99.365,771.4,20.794,25.92431,81.80211,3710.0,14.877,1.501,5.0,-0.3794920056216141,0.21857142150782696
wheat,IN,IN-12-0235,2017,336.193,99.365,771.4,20.794,25.92431,81.80211,3710.0,14.877,1.501,5.0,-1.1662669309216067,1.1035975955301713
wheat,IN,IN-12-0236,2003,336.172,103.469,535.9,13.944,26.89206,81.3176,3843.0,15.569,1.495,5.0,2.758842778403184,-0.8445168992480411
wheat,IN,IN-12-0236,2004,336.172,103.469,535.9,13.944,26.89206,81.3176,3843.0,15.569,1.495,5.0,0.5965841456645958,-0.657744090718017
wheat,IN,IN-12-0236,2005,336.172,103.469,535.9,13.944,26.89206,81.3176,3843.0,15.569,1.495,5.0,0.5519656467837686,-0.8470582752447867
wheat,IN,IN-12-0236,2006,336.172,103.469,535.9,13.944,26.89206,81.3176,3843.0,15.569,1.495,5.0,-0.3552806549203504,-0.08281508041405934
wheat,IN,IN-12-0236,2007,336.172,103.469,535.9,13.944,26.89206,81.3176,3843.0,15.569,1.495,5.0,-0.19156108570774455,0.3930046296432014
wheat,IN,IN-12-0236,2008,336.172,103.469,535.9,13.944,26.89206,81.3176,3843.0,15.569,1.495,5.0,1.2140117580351995,-0.4974579706068226
wheat,IN,IN-12-0236,2009,336.172,103.469,535.9,13.944,26.89206,81.3176,3843.0,15.569,1.495,5.0,-0.5882845753035734,-0.35267735182918075
wheat,IN,IN-12-0236,2010,336.172,103.469,535.9,13.944,26.89206,81.3176,3843.0,15.569,1.495,5.0,-0.6083405291563696,-0.9472288094241874
wheat,IN,IN-12-0236,2011,336.172,103.469,535.9,13.944,26.89206,81.3176,3843.0,15.569,1.495,5.0,-0.18441446748230966,1.2233015971339154
wheat,IN,IN-12-0236,2012,336.172,103.469,535.9,13.944,26.89206,81.3176,3843.0,15.569,1.495,5.0,-0.17240205326809546,0.6108311852213589
wheat,IN,IN-12-0236,2013,336.172,103.469,535.9,13.944,26.89206,81.3176,3843.0,15.569,1.495,5.0,0.33039300179666364,1.9233195242070726
wheat,IN,IN-12-0236,2014,336.172,103.469,535.9,13.944,26.89206,81.3176,3843.0,15.569,1.495,5.0,-0.31515177427430213,1.0974649795981053
wheat,IN,IN-12-0236,2015,336.172,103.469,535.9,13.944,26.89206,81.3176,3843.0,15.569,1.495,5.0,-1.071080270650065,0.4648410469083368
wheat,IN,IN-12-0236,2016,336.172,103.469,535.9,13.944,26.89206,81.3176,3843.0,15.569,1.495,5.0,-0.8714754881784059,-0.6253731394144206
wheat,IN,IN-12-0236,2017,336.172,103.469,535.9,13.944,26.89206,81.3176,3843.0,15.569,1.495,5.0,-1.0938064317422251,1.5498541736298204
wheat,IN,IN-12-0528,2003,333.052,93.028,1284.2,53.023,27.26115,78.47097,2422.0,13.069,1.514,5.0,2.4558542741196785,-0.5920627438767488
wheat,IN,IN-12-0528,2004,333.052,93.028,1284.2,53.023,27.26115,78.47097,2422.0,13.069,1.514,5.0,1.387878669105244,-0.812493073791442
wheat,IN,IN-12-0528,2005,333.052,93.028,1284.2,53.023,27.26115,78.47097,2422.0,13.069,1.514,5.0,0.6138582163527121,-1.1985841007082971
wheat,IN,IN-12-0528,2006,333.052,93.028,1284.2,53.023,27.26115,78.47097,2422.0,13.069,1.514,5.0,-0.21279754828352865,-0.3530873076383003
wheat,IN,IN-12-0528,2007,333.052,93.028,1284.2,53.023,27.26115,78.47097,2422.0,13.069,1.514,5.0,-0.5199513428685139,-0.19861643352938813
wheat,IN,IN-12-0528,2008,333.052,93.028,1284.2,53.023,27.26115,78.47097,2422.0,13.069,1.514,5.0,0.8300014455226039,0.4644657142677993
wheat,IN,IN-12-0528,2009,333.052,93.028,1284.2,53.023,27.26115,78.47097,2422.0,13.069,1.514,5.0,-0.5651193346505926,-0.6926761159499591
wheat,IN,IN-12-0528,2010,333.052,93.028,1284.2,53.023,27.26115,78.47097,2422.0,13.069,1.514,5.0,-0.21084130484343708,-1.0579425731994214
wheat,IN,IN-12-0528,2011,333.052,93.028,1284.2,53.023,27.26115,78.47097,2422.0,13.069,1.514,5.0,0.022720690766072055,1.3855521183068462
wheat,IN,IN-12-0528,2012,333.052,93.028,1284.2,53.023,27.26115,78.47097,2422.0,13.069,1.514,5.0,-0.035918606906941666,0.6112693705592822
wheat,IN,IN-12-0528,2013,333.052,93.028,1284.2,53.023,27.26115,78.47097,2422.0,13.069,1.514,5.0,0.2296388264320205,1.7248022893924506
wheat,IN,IN-12-0528,2014,333.052,93.028,1284.2,53.023,27.26115,78.47097,2422.0,13.069,1.514,5.0,-0.5765261667217042,0.3871370393488298
wheat,IN,IN-12-0528,2015,333.052,93.028,1284.2,53.023,27.26115,78.47097,2422.0,13.069,1.514,5.0,-1.1811406867863443,1.143136368424433
wheat,IN,IN-12-0528,2016,333.052,93.028,1284.2,53.023,27.26115,78.47097,2422.0,13.069,1.514,5.0,-1.0419151956965234,0.08852407593405541
wheat,IN,IN-12-0528,2017,333.052,93.028,1284.2,53.023,27.26115,78.47097,2422.0,13.069,1.514,5.0,-1.1957419355407652,1.4090642154105895
wheat,IN,IN-12-0529,2003,335.853,104.265,838.2,12.169,24.73682,82.96969,6888.0,13.354,1.512,4.0,2.3806686890719826,0.7041643951049051
wheat,IN,IN-12-0529,2004,335.853,104.265,838.2,12.169,24.73682,82.96969,6888.0,13.354,1.512,4.0,0.8098600302231331,-1.0378202961239054
wheat,IN,IN-12-0529,2005,335.853,104.265,838.2,12.169,24.73682,82.96969,6888.0,13.354,1.512,4.0,-0.16453153248559885,-1.0814101429049159
wheat,IN,IN-12-0529,2006,335.853,104.265,838.2,12.169,24.73682,82.96969,6888.0,13.354,1.512,4.0,-0.4155160994571915,-0.49846101934176756
wheat,IN,IN-12-0529,2007,335.853,104.265,838.2,12.169,24.73682,82.96969,6888.0,13.354,1.512,4.0,-0.09300230384513541,-0.061142686815705484
wheat,IN,IN-12-0529,2008,335.853,104.265,838.2,12.169,24.73682,82.96969,6888.0,13.354,1.512,4.0,0.7076556657500482,0.050789981628467255
wheat,IN,IN-12-0529,2009,335.853,104.265,838.2,12.169,24.73682,82.96969,6888.0,13.354,1.512,4.0,-0.9389575465003208,-1.7040516874924136
wheat,IN,IN-12-0529,2010,335.853,104.265,838.2,12.169,24.73682,82.96969,6888.0,13.354,1.512,4.0,-1.6915185705081022,-0.5702093149826665
wheat,IN,IN-12-0529,2011,335.853,104.265,838.2,12.169,24.73682,82.96969,6888.0,13.354,1.512,4.0,0.15454093376916012,-0.0016030263917045822
wheat,IN,IN-12-0529,2012,335.853,104.265,838.2,12.169,24.73682,82.96969,6888.0,13.354,1.512,4.0,0.4389971192034232,0.467358005519362
wheat,IN,IN-12-0529,2013,335.853,104.265,838.2,12.169,24.73682,82.96969,6888.0,13.354,1.512,4.0,0.6676387588950545,1.7235326035406504
wheat,IN,IN-12-0529,2014,335.853,104.265,838.2,12.169,24.73682,82.96969,6888.0,13.354,1.512,4.0,-0.17335395821099955,1.8598396162760438
wheat,IN,IN-12-0529,2015,335.853,104.265,838.2,12.169,24.73682,82.96969,6888.0,13.354,1.512,4.0,-1.1716573124821306,0.5615153199714009
wheat,IN,IN-12-0529,2016,335.853,104.265,838.2,12.169,24.73682,82.96969,6888.0,13.354,1.512,4.0,0.46182961992349053,0.17395310385009496
wheat,IN,IN-12-0529,2017,335.853,104.265,838.2,12.169,24.73682,82.96969,6888.0,13.354,1.512,4.0,-0.9726534933468076,1.1166418563616278
wheat,IN,IN-12-0530,2003,341.639,103.38,627.0,36.094,26.08667,83.51035,1737.0,15.565,1.495,5.0,2.3723113273364818,-0.21493006099916082
wheat,IN,IN-12-0530,2004,341.639,103.38,627.0,36.094,26.08667,83.51035,1737.0,15.565,1.495,5.0,0.8436665676921585,0.43587297447332785
wheat,IN,IN-12-0530,2005,341.639,103.38,627.0,36.094,26.08667,83.51035,1737.0,15.565,1.495,5.0,-0.0678674635021596,-1.05278162247754
wheat,IN,IN-12-0530,2006,341.639,103.38,627.0,36.094,26.08667,83.51035,1737.0,15.565,1.495,5.0,-0.33952495170489755,0.27295011095507965
wheat,IN,IN-12-0530,2007,341.639,103.38,627.0,36.094,26.08667,83.51035,1737.0,15.565,1.495,5.0,0.5661746832479265,0.052469373515209895
wheat,IN,IN-12-0530,2008,341.639,103.38,627.0,36.094,26.08667,83.51035,1737.0,15.565,1.495,5.0,1.6027853327279162,-1.1782432763481718
wheat,IN,IN-12-0530,2009,341.639,103.38,627.0,36.094,26.08667,83.51035,1737.0,15.565,1.495,5.0,-0.6851005547754615,-1.450831482452014
wheat,IN,IN-12-0530,2010,341.639,103.38,627.0,36.094,26.08667,83.51035,1737.0,15.565,1.495,5.0,-1.205523437318851,-0.4930997505148073
wheat,IN,IN-12-0530,2011,341.639,103.38,627.0,36.094,26.08667,83.51035,1737.0,15.565,1.495,5.0,-0.1979350660913327,1.6819346775871935
wheat,IN,IN-12-0530,2012,341.639,103.38,627.0,36.094,26.08667,83.51035,1737.0,15.565,1.495,5.0,-0.18118894979135095,-0.015691266655117185
wheat,IN,IN-12-0530,2013,341.639,103.38,627.0,36.094,26.08667,83.51035,1737.0,15.565,1.495,5.0,0.13499818524651813,1.3887477304029192
wheat,IN,IN-12-0530,2014,341.639,103.38,627.0,36.094,26.08667,83.51035,1737.0,15.565,1.495,5.0,-0.5197127701380625,0.9777500638274593
wheat,IN,IN-12-0530,2015,341.639,103.38,627.0,36.094,26.08667,83.51035,1737.0,15.565,1.495,5.0,-1.2339221845762531,0.36698204172974247
wheat,IN,IN-12-0530,2016,341.639,103.38,627.0,36.094,26.08667,83.51035,1737.0,15.565,1.495,5.0,-0.18938654707533412,-1.3897367432316703
wheat,IN,IN-12-0530,2017,341.639,103.38,627.0,36.094,26.08667,83.51035,1737.0,15.565,1.495,5.0,-0.8997741712772875,1.6048279533945078
wheat,IN,IN-12-0531,2003,345.088,104.399,1338.3,45.411,27.24702,83.46478,2947.0,15.695,1.483,5.0,2.0012307344028564,0.3348470801605394
wheat,IN,IN-12-0531,2004,345.088,104.399,1338.3,45.411,27.24702,83.46478,2947.0,15.695,1.483,5.0,0.20505082182753426,-0.921564180124919
wheat,IN,IN-12-0531,2005,345.088,104.399,1338.3,45.411,27.24702,83.46478,2947.0,15.695,1.483,5.0,-0.1305234191829204,-1.4503262593552195
wheat,IN,IN-12-0531,2006,345.088,104.399,1338.3,45.411,27.24702,83.46478,2947.0,15.695,1.483,5.0,-0.5286397226067425,-0.6158559116191769
wheat,IN,IN-12-0531,2007,345.088,104.399,1338.3,45.411,27.24702,83.46478,2947.0,15.695,1.483,5.0,1.1402395899805944,-1.0170508368310343
wheat,IN,IN-12-0531,2008,345.088,104.399,1338.3,45.411,27.24702,83.46478,2947.0,15.695,1.483,5.0,1.7753462763639885,-0.38651520746265805
wheat,IN,IN-12-0531,2009,345.088,104.399,1338.3,45.411,27.24702,83.46478,2947.0,15.695,1.483,5.0,-0.7063852009564476,-1.1757778179180867
wheat,IN,IN-12-0531,2010,345.088,104.399,1338.3,45.411,27.24702,83.46478,2947.0,15.695,1.483,5.0,-1.178737294983214,0.182562067708723
wheat,IN,IN-12-0531,2011,345.088,104.399,1338.3,45.411,27.24702,83.46478,2947.0,15.695,1.483,5.0,-0.3176912972737227,-0.2905815193656664
wheat,IN,IN-12-0531,2012,345.088,104.399,1338.3,45.411,27.24702,83.46478,2947.0,15.695,1.483,5.0,-0.6212410268457601,0.5729152226104028
wheat,IN,IN-12-0531,2013,345.088,104.399,1338.3,45.411,27.24702,83.46478,2947.0,15.695,1.483,5.0,0.7940052594126273,1.4661972653000315
wheat,IN,IN-12-0531,2014,345.088,104.399,1338.3,45.411,27.24702,83.46478,2947.0,15.695,1.483,5.0,-0.36434881794027285,1.1294309757760368
wheat,IN,IN-12-0531,2015,345.088,104.399,1338.3,45.411,27.24702,83.46478,2947.0,15.695,1.483,5.0,-1.341641298878944,1.0674946564135521
wheat,IN,IN-12-0531,2016,345.088,104.399,1338.3,45.411,27.24702,83.46478,2947.0,15.695,1.483,5.0,-0.3953191581598161,0.9839974961425184
wheat,IN,IN-12-0531,2017,345.088,104.399,1338.3,45.411,27.24702,83.46478,2947.0,15.695,1.483,5.0,-0.3313454451597604,1.013989111498049
wheat,IN,IN-12-0532,2003,343.529,104.91,1520.8,52.513,27.33071,82.83488,2896.0,15.626,1.488,5.0,2.1167291369815704,-0.3544994227937051
wheat,IN,IN-12-0532,2004,343.529,104.91,1520.8,52.513,27.33071,82.83488,2896.0,15.626,1.488,5.0,0.26738502531596486,-0.1384453536821471
wheat,IN,IN-12-0532,2005,343.529,104.91,1520.8,52.513,27.33071,82.83488,2896.0,15.626,1.488,5.0,0.030954350754391416,-1.4969173582485293
wheat,IN,IN-12-0532,2006,343.529,104.91,1520.8,52.513,27.33071,82.83488,2896.0,15.626,1.488,5.0,-0.4232889743905564,-0.3988130372980848
wheat,IN,IN-12-0532,2007,343.529,104.91,1520.8,52.513,27.33071,82.83488,2896.0,15.626,1.488,5.0,0.7163276158863875,-0.5756287466571595
wheat,IN,IN-12-0532,2008,343.529,104.91,1520.8,52.513,27.33071,82.83488,2896.0,15.626,1.488,5.0,1.6064659030331954,-0.9561944580196116
wheat,IN,IN-12-0532,2009,343.529,104.91,1520.8,52.513,27.33071,82.83488,2896.0,15.626,1.488,5.0,-0.8662161147399577,-0.9170378813182326
wheat,IN,IN-12-0532,2010,343.529,104.91,1520.8,52.513,27.33071,82.83488,2896.0,15.626,1.488,5.0,-0.9909766117318842,-0.8692208752703602
wheat,IN,IN-12-0532,2011,343.529,104.91,1520.8,52.513,27.33071,82.83488,2896.0,15.626,1.488,5.0,-0.23919026308659608,1.2606729412027102
wheat,IN,IN-12-0532,2012,343.529,104.91,1520.8,52.513,27.33071,82.83488,2896.0,15.626,1.488,5.0,-0.3858406170658369,0.14094018074540454
wheat,IN,IN-12-0532,2013,343.529,104.91,1520.8,52.513,27.33071,82.83488,2896.0,15.626,1.488,5.0,1.1941325620210692,1.9257748549208702
wheat,IN,IN-12-0532,2014,343.529,104.91,1520.8,52.513,27.33071,82.83488,2896.0,15.626,1.488,5.0,-0.35599513297265517,0.8539067507416824
wheat,IN,IN-12-0532,2015,343.529,104.91,1520.8,52.513,27.33071,82.83488,2896.0,15.626,1.488,5.0,-1.3358132261523186,0.7628471607491744
wheat,IN,IN-12-0532,2016,343.529,104.91,1520.8,52.513,27.33071,82.83488,2896.0,15.626,1.488,5.0,-0.7296441197339317,0.5465806345169707
wheat,IN,IN-12-0532,2017,343.529,104.91,1520.8,52.513,27.33071,82.83488,2896.0,15.626,1.488,5.0,-0.6050295341188638,1.1939542800735798
wheat,IN,IN-12-0533,2003,334.668,103.868,1636.2,50.098,25.41284,79.66925,3266.0,12.89,1.615,5.0,1.463797293894181,0.26398126542866934
wheat,IN,IN-12-0533,2004,334.668,103.868,1636.2,50.098,25.41284,79.66925,3266.0,12.89,1.615,5.0,0.5938550861565894,0.4850885432118508
wheat,IN,IN-12-0533,2005,334.668,103.868,1636.2,50.098,25.41284,79.66925,3266.0,12.89,1.615,5.0,0.5204828512851162,0.21365254833484543
wheat,IN,IN-12-0533,2006,334.668,103.868,1636.2,50.098,25.41284,79.66925,3266.0,12.89,1.615,5.0,-0.7183585016041639,-0.6690797431298325
wheat,IN,IN-12-0533,2008,334.668,103.868,1636.2,50.098,25.41284,79.66925,3266.0,12.89,1.615,5.0,0.8550036073074622,-1.0024192148455817
wheat,IN,IN-12-0533,2009,334.668,103.868,1636.2,50.098,25.41284,79.66925,3266.0,12.89,1.615,5.0,-0.9294830668205737,0.4600857728950428
wheat,IN,IN-12-0533,2010,334.668,103.868,1636.2,50.098,25.41284,79.66925,3266.0,12.89,1.615,5.0,-0.9182001226469205,0.25324467300142256
wheat,IN,IN-12-0533,2011,334.668,103.868,1636.2,50.098,25.41284,79.66925,3266.0,12.89,1.615,5.0,0.09744254738007631,0.9309024023731741
wheat,IN,IN-12-0533,2012,334.668,103.868,1636.2,50.098,25.41284,79.66925,3266.0,12.89,1.615,5.0,0.4748653647276471,-0.29792362277033324
wheat,IN,IN-12-0533,2013,334.668,103.868,1636.2,50.098,25.41284,79.66925,3266.0,12.89,1.615,5.0,1.6917988160183561,1.7218294178996474
wheat,IN,IN-12-0533,2014,334.668,103.868,1636.2,50.098,25.41284,79.66925,3266.0,12.89,1.615,5.0,-0.06762102946029336,1.371749784032103
wheat,IN,IN-12-0533,2015,334.668,103.868,1636.2,50.098,25.41284,79.66925,3266.0,12.89,1.615,5.0,-1.188779499841374,-0.4067474113937803
wheat,IN,IN-12-0533,2016,334.668,103.868,1636.2,50.098,25.41284,79.66925,3266.0,12.89,1.615,5.0,-0.22773894230221314,-1.7866278103206341
wheat,IN,IN-12-0533,2017,334.668,103.868,1636.2,50.098,25.41284,79.66925,3266.0,12.89,1.615,5.0,-1.6470644040938784,0.895241157536774
wheat,IN,IN-12-0547,2003,331.479,96.912,742.5,24.776,26.40121,80.13679,2997.0,14.534,1.486,5.0,2.3972872859555614,-0.37932274858208037
wheat,IN,IN-12-0547,2004,331.479,96.912,742.5,24.776,26.40121,80.13679,2997.0,14.534,1.486,5.0,0.9802733730727244,-0.5135369863970813
wheat,IN,IN-12-0547,2005,331.479,96.912,742.5,24.776,26.40121,80.13679,2997.0,14.534,1.486,5.0,0.5421760771294485,-0.2851011918387439
wheat,IN,IN-12-0547,2006,331.479,96.912,742.5,24.776,26.40121,80.13679,2997.0,14.534,1.486,5.0,-0.4302199871784027,-0.3292127797177224
wheat,IN,IN-12-0547,2007,331.479,96.912,742.5,24.776,26.40121,80.13679,2997.0,14.534,1.486,5.0,-0.6486838443485994,-1.283762367490513
wheat,IN,IN-12-0547,2008,331.479,96.912,742.5,24.776,26.40121,80.13679,2997.0,14.534,1.486,5.0,1.1139305526463548,-0.47177369888997384
wheat,IN,IN-12-0547,2009,331.479,96.912,742.5,24.776,26.40121,80.13679,2997.0,14.534,1.486,5.0,-0.4749587448160947,-0.3656005487073792
wheat,IN,IN-12-0547,2010,331.479,96.912,742.5,24.776,26.40121,80.13679,2997.0,14.534,1.486,5.0,-0.6033105377877969,-0.6118096971504521
wheat,IN,IN-12-0547,2011,331.479,96.912,742.5,24.776,26.40121,80.13679,2997.0,14.534,1.486,5.0,0.016449847486017594,1.3446155601003689
wheat,IN,IN-12-0547,2012,331.479,96.912,742.5,24.776,26.40121,80.13679,2997.0,14.534,1.486,5.0,0.1500566588976332,-0.20937614875139832
wheat,IN,IN-12-0547,2013,331.479,96.912,742.5,24.776,26.40121,80.13679,2997.0,14.534,1.486,5.0,0.6398833575351853,2.400506219965464
wheat,IN,IN-12-0547,2014,331.479,96.912,742.5,24.776,26.40121,80.13679,2997.0,14.534,1.486,5.0,-0.30588061506433556,0.8217726669187071
wheat,IN,IN-12-0547,2015,331.479,96.912,742.5,24.776,26.40121,80.13679,2997.0,14.534,1.486,5.0,-1.2112597899089275,0.2206373049916119
wheat,IN,IN-12-0547,2016,331.479,96.912,742.5,24.776,26.40121,80.13679,2997.0,14.534,1.486,5.0,-0.748463425672595,0.5832547928589091
wheat,IN,IN-12-0547,2017,331.479,96.912,742.5,24.776,26.40121,80.13679,2997.0,14.534,1.486,5.0,-1.4172802079461841,1.2882782622564979
wheat,IN,IN-12-0548,2003,331.085,96.386,1349.4,42.757,26.49676,79.78086,3156.0,14.491,1.488,5.0,2.451854396634278,-0.5389640221461047
wheat,IN,IN-12-0548,2004,331.085,96.386,1349.4,42.757,26.49676,79.78086,3156.0,14.491,1.488,5.0,0.9750705234757815,-0.21008583113581572
wheat,IN,IN-12-0548,2005,331.085,96.386,1349.4,42.757,26.49676,79.78086,3156.0,14.491,1.488,5.0,0.46668737978234176,-0.25657824823069186
wheat,IN,IN-12-0548,2006,331.085,96.386,1349.4,42.757,26.49676,79.78086,3156.0,14.491,1.488,5.0,-0.40022549505444066,-0.4601233599176082
wheat,IN,IN-12-0548,2007,331.085,96.386,1349.4,42.757,26.49676,79.78086,3156.0,14.491,1.488,5.0,-0.687426968169346,-1.0601437059592942
wheat,IN,IN-12-0548,2008,331.085,96.386,1349.4,42.757,26.49676,79.78086,3156.0,14.491,1.488,5.0,1.0927492115510793,-0.9636094828674121
wheat,IN,IN-12-0548,2009,331.085,96.386,1349.4,42.757,26.49676,79.78086,3156.0,14.491,1.488,5.0,-0.4663047066483766,-0.6334960239674806
wheat,IN,IN-12-0548,2010,331.085,96.386,1349.4,42.757,26.49676,79.78086,3156.0,14.491,1.488,5.0,-0.5351286139266853,-0.5425864309511982
wheat,IN,IN-12-0548,2011,331.085,96.386,1349.4,42.757,26.49676,79.78086,3156.0,14.491,1.488,5.0,-0.031316426976757364,1.51611795396623
wheat,IN,IN-12-0548,2012,331.085,96.386,1349.4,42.757,26.49676,79.78086,3156.0,14.491,1.488,5.0,0.12314328907963852,-0.23264137397637222
wheat,IN,IN-12-0548,2013,331.085,96.386,1349.4,42.757,26.49676,79.78086,3156.0,14.491,1.488,5.0,0.6671479679180595,2.0139985237092874
wheat,IN,IN-12-0548,2014,331.085,96.386,1349.4,42.757,26.49676,79.78086,3156.0,14.491,1.488,5.0,-0.3093755600775499,1.347439608567445
wheat,IN,IN-12-0548,2015,331.085,96.386,1349.4,42.757,26.49676,79.78086,3156.0,14.491,1.488,5.0,-1.159136767070213,0.43528130396314185
wheat,IN,IN-12-0548,2016,331.085,96.386,1349.4,42.757,26.49676,79.78086,3156.0,14.491,1.488,5.0,-0.7811643168518718,0.4282916486143129
wheat,IN,IN-12-0548,2017,331.085,96.386,1349.4,42.757,26.49676,79.78086,3156.0,14.491,1.488,5.0,-1.4065739136659532,1.1950868548422486
wheat,IN,IN-12-1028,2003,339.894,103.951,342.4,14.71,26.4662,82.63251,2328.0,15.569,1.495,5.0,2.4171543597363514,-0.300628831957907
wheat,IN,IN-12-1028,2004,339.894,103.951,342.4,14.71,26.4662,82.63251,2328.0,15.569,1.495,5.0,0.7327437414662952,0.2998258267139768
wheat,IN,IN-12-1028,2005,339.894,103.951,342.4,14.71,26.4662,82.63251,2328.0,15.569,1.495,5.0,0.035800426151761364,-0.14064945725525546
wheat,IN,IN-12-1028,2006,339.894,103.951,342.4,14.71,26.4662,82.63251,2328.0,15.569,1.495,5.0,-0.5129115279982278,-0.011113129391676241
wheat,IN,IN-12-1028,2007,339.894,103.951,342.4,14.71,26.4662,82.63251,2328.0,15.569,1.495,5.0,0.13682533769987795,-1.0315898693870127
wheat,IN,IN-12-1028,2008,339.894,103.951,342.4,14.71,26.4662,82.63251,2328.0,15.569,1.495,5.0,1.5437349115150318,-0.7518593587574312
wheat,IN,IN-12-1028,2009,339.894,103.951,342.4,14.71,26.4662,82.63251,2328.0,15.569,1.495,5.0,-0.7486595046504486,-0.5835069348398066
wheat,IN,IN-12-1028,2010,339.894,103.951,342.4,14.71,26.4662,82.63251,2328.0,15.569,1.495,5.0,-0.9088101559730761,-1.7475566468603547
wheat,IN,IN-12-1028,2011,339.894,103.951,342.4,14.71,26.4662,82.63251,2328.0,15.569,1.495,5.0,-0.10780459655278422,1.909222659807019
wheat,IN,IN-12-1028,2012,339.894,103.951,342.4,14.71,26.4662,82.63251,2328.0,15.569,1.495,5.0,-0.15098140173740493,-0.04532445448206697
wheat,IN,IN-12-1028,2013,339.894,103.951,342.4,14.71,26.4662,82.63251,2328.0,15.569,1.495,5.0,0.6216963357455566,1.7368264914426303
wheat,IN,IN-12-1028,2014,339.894,103.951,342.4,14.71,26.4662,82.63251,2328.0,15.569,1.495,5.0,-0.40978773101112903,1.0662727539361252
wheat,IN,IN-12-1028,2015,339.894,103.951,342.4,14.71,26.4662,82.63251,2328.0,15.569,1.495,5.0,-1.291652381174326,0.0004378807362894163
wheat,IN,IN-12-1028,2016,339.894,103.951,342.4,14.71,26.4662,82.63251,2328.0,15.569,1.495,5.0,-0.2374177729281643,-0.982848969097474
wheat,IN,IN-12-1028,2017,339.894,103.951,342.4,14.71,26.4662,82.63251,2328.0,15.569,1.495,5.0,-1.1199300402893269,1.1943011067910634
wheat,IN,IN-12-1029,2003,344.835,103.002,659.6,22.912,26.84742,83.83527,2879.0,15.515,1.486,5.0,2.289144667565042,-0.712789435177002
wheat,IN,IN-12-1029,2004,344.835,103.002,659.6,22.912,26.84742,83.83527,2879.0,15.515,1.486,5.0,0.4387727185459125,-1.2740780678842525
wheat,IN,IN-12-1029,2005,344.835,103.002,659.6,22.912,26.84742,83.83527,2879.0,15.515,1.486,5.0,-0.06381724320236719,-1.2372282653868
wheat,IN,IN-12-1029,2006,344.835,103.002,659.6,22.912,26.84742,83.83527,2879.0,15.515,1.486,5.0,-0.4034818218433196,0.034946429697988605
wheat,IN,IN-12-1029,2007,344.835,103.002,659.6,22.912,26.84742,83.83527,2879.0,15.515,1.486,5.0,0.9700486988613009,-0.19131450271193384
wheat,IN,IN-12-1029,2008,344.835,103.002,659.6,22.912,26.84742,83.83527,2879.0,15.515,1.486,5.0,1.6859678612667077,-0.634724035147486
wheat,IN,IN-12-1029,2009,344.835,103.002,659.6,22.912,26.84742,83.83527,2879.0,15.515,1.486,5.0,-0.562071762261351,-0.5986738306810636
wheat,IN,IN-12-1029,2010,344.835,103.002,659.6,22.912,26.84742,83.83527,2879.0,15.515,1.486,5.0,-1.1543977118531872,0.18286863619167557
wheat,IN,IN-12-1029,2011,344.835,103.002,659.6,22.912,26.84742,83.83527,2879.0,15.515,1.486,5.0,-0.18526806178612726,0.27070776686866505
wheat,IN,IN-12-1029,2012,344.835,103.002,659.6,22.912,26.84742,83.83527,2879.0,15.515,1.486,5.0,-0.5594410353775037,-0.21382421202697643
wheat,IN,IN-12-1029,2013,344.835,103.002,659.6,22.912,26.84742,83.83527,2879.0,15.515,1.486,5.0,0.3442592599375683,2.51821699557788
wheat,IN,IN-12-1029,2014,344.835,103.002,659.6,22.912,26.84742,83.83527,2879.0,15.515,1.486,5.0,-0.4501528266560063,0.33668498317777823
wheat,IN,IN-12-1029,2015,344.835,103.002,659.6,22.912,26.84742,83.83527,2879.0,15.515,1.486,5.0,-1.288596615162092,-0.009925121096882929
wheat,IN,IN-12-1029,2016,344.835,103.002,659.6,22.912,26.84742,83.83527,2879.0,15.515,1.486,5.0,-0.33474370967935446,0.1414948117876299
wheat,IN,IN-12-1029,2017,344.835,103.002,659.6,22.912,26.84742,83.83527,2879.0,15.515,1.486,5.0,-0.7262224183552324,1.9881310118742395
wheat,IN,IN-12-1031,2003,331.0,96.233,867.5,42.986,26.70185,79.4218,2018.0,14.509,1.483,5.0,2.5684844497388157,-0.9286393730088841
wheat,IN,IN-12-1031,2004,331.0,96.233,867.5,42.986,26.70185,79.4218,2018.0,14.509,1.483,5.0,0.9417856064366772,-0.5250133538980498
wheat,IN,IN-12-1031,2005,331.0,96.233,867.5,42.986,26.70185,79.4218,2018.0,14.509,1.483,5.0,0.439919521631174,-0.8180500340286976
wheat,IN,IN-12-1031,2006,331.0,96.233,867.5,42.986,26.70185,79.4218,2018.0,14.509,1.483,5.0,-0.3391577210697059,-0.5729730370074387
wheat,IN,IN-12-1031,2007,331.0,96.233,867.5,42.986,26.70185,79.4218,2018.0,14.509,1.483,5.0,-0.6789283532682807,-0.9168160638282633
wheat,IN,IN-12-1031,2008,331.0,96.233,867.5,42.986,26.70185,79.4218,2018.0,14.509,1.483,5.0,1.0139921640184526,-0.5297362952171651
wheat,IN,IN-12-1031,2009,331.0,96.233,867.5,42.986,26.70185,79.4218,2018.0,14.509,1.483,5.0,-0.4759195158770067,-0.47729497737034055
wheat,IN,IN-12-1031,2010,331.0,96.233,867.5,42.986,26.70185,79.4218,2018.0,14.509,1.483,5.0,-0.41722045284196585,0.08399228387246173
wheat,IN,IN-12-1031,2011,331.0,96.233,867.5,42.986,26.70185,79.4218,2018.0,14.509,1.483,5.0,-0.04477311843956823,1.503902167587406
wheat,IN,IN-12-1031,2012,331.0,96.233,867.5,42.986,26.70185,79.4218,2018.0,14.509,1.483,5.0,0.06340407156982528,-0.311953136390484
wheat,IN,IN-12-1031,2013,331.0,96.233,867.5,42.986,26.70185,79.4218,2018.0,14.509,1.483,5.0,0.6123018907729266,1.9039065996194942
wheat,IN,IN-12-1031,2014,331.0,96.233,867.5,42.986,26.70185,79.4218,2018.0,14.509,1.483,5.0,-0.3458785414653538,1.1345726616231329
wheat,IN,IN-12-1031,2015,331.0,96.233,867.5,42.986,26.70185,79.4218,2018.0,14.509,1.483,5.0,-1.1173649935186893,0.3955712552205699
wheat,IN,IN-12-1031,2016,331.0,96.233,867.5,42.986,26.70185,79.4218,2018.0,14.509,1.483,5.0,-0.8834223990403374,0.5078610793103104
wheat,IN,IN-12-1031,2017,331.0,96.233,867.5,42.986,26.70185,79.4218,2018.0,14.509,1.483,5.0,-1.3372226086469599,1.5625298842369884
wheat,IN,IN-12-1033,2003,344.033,93.198,128.5,9.713,28.93461,77.26233,1323.0,11.267,1.552,5.0,1.8831787943936675,0.8017396976089446
wheat,IN,IN-12-1033,2004,344.033,93.198,128.5,9.713,28.93461,77.26233,1323.0,11.267,1.552,5.0,2.048168082928921,-0.4810867929972813
wheat,IN,IN-12-1033,2005,344.033,93.198,128.5,9.713,28.93461,77.26233,1323.0,11.267,1.552,5.0,1.1664943730470596,-0.11971624812634131
wheat,IN,IN-12-1033,2006,344.033,93.198,128.5,9.713,28.93461,77.26233,1323.0,11.267,1.552,5.0,-0.14829119308986444,0.7067891321941702
wheat,IN,IN-12-1033,2007,344.033,93.198,128.5,9.713,28.93461,77.26233,1323.0,11.267,1.552,5.0,-0.10420460181229775,-0.10818877582542212
wheat,IN,IN-12-1033,2008,344.033,93.198,128.5,9.713,28.93461,77.26233,1323.0,11.267,1.552,5.0,0.35353550019305774,-1.395626608742991
wheat,IN,IN-12-1033,2009,344.033,93.198,128.5,9.713,28.93461,77.26233,1323.0,11.267,1.552,5.0,-0.4343506660768548,-0.9147070875202145
wheat,IN,IN-12-1033,2010,344.033,93.198,128.5,9.713,28.93461,77.26233,1323.0,11.267,1.552,5.0,-0.008872344716160272,-0.9648833937653749
wheat,IN,IN-12-1033,2011,344.033,93.198,128.5,9.713,28.93461,77.26233,1323.0,11.267,1.552,5.0,-0.07215470966626426,1.6273060834080086
wheat,IN,IN-12-1033,2012,344.033,93.198,128.5,9.713,28.93461,77.26233,1323.0,11.267,1.552,5.0,-0.4287117111885264,-0.6886858905019922
wheat,IN,IN-12-1033,2013,344.033,93.198,128.5,9.713,28.93461,77.26233,1323.0,11.267,1.552,5.0,-0.12219201645758196,0.9158205245427111
wheat,IN,IN-12-1033,2014,344.033,93.198,128.5,9.713,28.93461,77.26233,1323.0,11.267,1.552,5.0,-0.969610472597619,-0.4641842439419922
wheat,IN,IN-12-1033,2015,344.033,93.198,128.5,9.713,28.93461,77.26233,1323.0,11.267,1.552,5.0,-1.1193086158141818,0.38541551107783456
wheat,IN,IN-12-1033,2016,344.033,93.198,128.5,9.713,28.93461,77.26233,1323.0,11.267,1.552,5.0,-1.203662330662619,-0.06989948547688764
wheat,IN,IN-12-1033,2017,344.033,93.198,128.5,9.713,28.93461,77.26233,1323.0,11.267,1.552,5.0,-0.8400180884807349,2.2959672855218214
wheat,IN,IN-12-1034,2003,343.297,105.733,273.9,8.198,27.52031,82.41039,3341.0,15.608,1.487,5.0,2.186713646888081,-0.255181030896688
wheat,IN,IN-12-1034,2004,343.297,105.733,273.9,8.198,27.52031,82.41039,3341.0,15.608,1.487,5.0,0.3027573560045294,0.6910289318698262
wheat,IN,IN-12-1034,2005,343.297,105.733,273.9,8.198,27.52031,82.41039,3341.0,15.608,1.487,5.0,0.10927650512642309,-1.4415142308272848
wheat,IN,IN-12-1034,2006,343.297,105.733,273.9,8.198,27.52031,82.41039,3341.0,15.608,1.487,5.0,-0.37905023842491475,-0.34911996232468806
wheat,IN,IN-12-1034,2007,343.297,105.733,273.9,8.198,27.52031,82.41039,3341.0,15.608,1.487,5.0,0.6812998978346525,-0.6345759979655186
wheat,IN,IN-12-1034,2008,343.297,105.733,273.9,8.198,27.52031,82.41039,3341.0,15.608,1.487,5.0,1.4950635184116345,-0.030088288299647513
wheat,IN,IN-12-1034,2009,343.297,105.733,273.9,8.198,27.52031,82.41039,3341.0,15.608,1.487,5.0,-0.8125052849405766,-1.0826807070500566
wheat,IN,IN-12-1034,2010,343.297,105.733,273.9,8.198,27.52031,82.41039,3341.0,15.608,1.487,5.0,-0.8328015618775636,-0.6419815567146973
wheat,IN,IN-12-1034,2011,343.297,105.733,273.9,8.198,27.52031,82.41039,3341.0,15.608,1.487,5.0,-0.18964217364057984,0.8506400374410327
wheat,IN,IN-12-1034,2012,343.297,105.733,273.9,8.198,27.52031,82.41039,3341.0,15.608,1.487,5.0,-0.4643079655005942,-1.1458569636564557
wheat,IN,IN-12-1034,2013,343.297,105.733,273.9,8.198,27.52031,82.41039,3341.0,15.608,1.487,5.0,1.2177921250710193,1.6650730526513569
wheat,IN,IN-12-1034,2014,343.297,105.733,273.9,8.198,27.52031,82.41039,3341.0,15.608,1.487,5.0,-0.4044184272761567,1.72378218104842
wheat,IN,IN-12-1034,2015,343.297,105.733,273.9,8.198,27.52031,82.41039,3341.0,15.608,1.487,5.0,-1.212000957758616,0.38009261899053076
wheat,IN,IN-12-1034,2016,343.297,105.733,273.9,8.198,27.52031,82.41039,3341.0,15.608,1.487,5.0,-1.0824627263535127,0.5780619413118132
wheat,IN,IN-12-1034,2017,343.297,105.733,273.9,8.198,27.52031,82.41039,3341.0,15.608,1.487,5.0,-0.6157137135638232,1.207891329389124
wheat,IN,IN-12-1036,2003,337.547,103.408,143.0,5.604,25.14916,83.16216,2551.0,13.823,1.512,4.0,2.508415347843314,0.5032309829158658
wheat,IN,IN-12-1036,2004,337.547,103.408,143.0,5.604,25.14916,83.16216,2551.0,13.823,1.512,4.0,0.8251084049418109,-0.2505284965129418
wheat,IN,IN-12-1036,2005,337.547,103.408,143.0,5.604,25.14916,83.16216,2551.0,13.823,1.512,4.0,-0.14334880121188948,-1.1650728478335537
wheat,IN,IN-12-1036,2006,337.547,103.408,143.0,5.604,25.14916,83.16216,2551.0,13.823,1.512,4.0,-0.45208241554667733,-0.3064816319312879
wheat,IN,IN-12-1036,2007,337.547,103.408,143.0,5.604,25.14916,83.16216,2551.0,13.823,1.512,4.0,-0.010789931585728735,0.16760404747542365
wheat,IN,IN-12-1036,2008,337.547,103.408,143.0,5.604,25.14916,83.16216,2551.0,13.823,1.512,4.0,1.091315777057825,-0.34950051765523243
wheat,IN,IN-12-1036,2009,337.547,103.408,143.0,5.604,25.14916,83.16216,2551.0,13.823,1.512,4.0,-0.7694792987804957,-1.7672800800142934
wheat,IN,IN-12-1036,2010,337.547,103.408,143.0,5.604,25.14916,83.16216,2551.0,13.823,1.512,4.0,-1.4068313881585925,-0.42236924245292784
wheat,IN,IN-12-1036,2011,337.547,103.408,143.0,5.604,25.14916,83.16216,2551.0,13.823,1.512,4.0,0.03293575462647753,0.4183365705569861
wheat,IN,IN-12-1036,2012,337.547,103.408,143.0,5.604,25.14916,83.16216,2551.0,13.823,1.512,4.0,0.25348953574830313,-0.4943937975935692
wheat,IN,IN-12-1036,2013,337.547,103.408,143.0,5.604,25.14916,83.16216,2551.0,13.823,1.512,4.0,0.3740651599385299,2.510955599811143
wheat,IN,IN-12-1036,2014,337.547,103.408,143.0,5.604,25.14916,83.16216,2551.0,13.823,1.512,4.0,-0.43736219591257464,1.340598595728417
wheat,IN,IN-12-1036,2015,337.547,103.408,143.0,5.604,25.14916,83.16216,2551.0,13.823,1.512,4.0,-1.331818576196605,0.21381821351060745
wheat,IN,IN-12-1036,2016,337.547,103.408,143.0,5.604,25.14916,83.16216,2551.0,13.823,1.512,4.0,0.33614034404451526,-0.7373173897079104
wheat,IN,IN-12-1036,2017,337.547,103.408,143.0,5.604,25.14916,83.16216,2551.0,13.823,1.512,4.0,-0.8697577168082228,1.1470920416155
wheat,IN,IN-12-1037,2003,334.47,101.105,712.7,22.342,25.29154,80.99227,3190.0,12.935,1.611,5.0,2.1517948366744584,0.5830764047870666
wheat,IN,IN-12-1037,2004,334.47,101.105,712.7,22.342,25.29154,80.99227,3190.0,12.935,1.611,5.0,0.553716891232586,0.825919497838544
wheat,IN,IN-12-1037,2005,334.47,101.105,712.7,22.342,25.29154,80.99227,3190.0,12.935,1.611,5.0,0.8113508958663771,-0.009513224204865986
wheat,IN,IN-12-1037,2006,334.47,101.105,712.7,22.342,25.29154,80.99227,3190.0,12.935,1.611,5.0,-0.6176947208436269,-0.17867933980781003
wheat,IN,IN-12-1037,2007,334.47,101.105,712.7,22.342,25.29154,80.99227,3190.0,12.935,1.611,5.0,-0.8607541158272086,-0.5936601053058929
wheat,IN,IN-12-1037,2008,334.47,101.105,712.7,22.342,25.29154,80.99227,3190.0,12.935,1.611,5.0,1.0161316676218926,-1.307510652440867
wheat,IN,IN-12-1037,2009,334.47,101.105,712.7,22.342,25.29154,80.99227,3190.0,12.935,1.611,5.0,-0.843685439773564,-0.4629512880758375
wheat,IN,IN-12-1037,2010,334.47,101.105,712.7,22.342,25.29154,80.99227,3190.0,12.935,1.611,5.0,-1.048347762851603,-0.7887560362986172
wheat,IN,IN-12-1037,2011,334.47,101.105,712.7,22.342,25.29154,80.99227,3190.0,12.935,1.611,5.0,-0.02227809093807205,0.3838025631584926
wheat,IN,IN-12-1037,2012,334.47,101.105,712.7,22.342,25.29154,80.99227,3190.0,12.935,1.611,5.0,0.3508114593103584,0.3312391231040623
wheat,IN,IN-12-1037,2013,334.47,101.105,712.7,22.342,25.29154,80.99227,3190.0,12.935,1.611,5.0,1.1548806261284046,1.7690513756698873
wheat,IN,IN-12-1037,2014,334.47,101.105,712.7,22.342,25.29154,80.99227,3190.0,12.935,1.611,5.0,-0.13644710195572737,2.132413002302569
wheat,IN,IN-12-1037,2015,334.47,101.105,712.7,22.342,25.29154,80.99227,3190.0,12.935,1.611,5.0,-1.2180088711184511,0.3301489184214556
wheat,IN,IN-12-1037,2016,334.47,101.105,712.7,22.342,25.29154,80.99227,3190.0,12.935,1.611,5.0,-0.07755613132429913,-1.0395569896932162
wheat,IN,IN-12-1037,2017,334.47,101.105,712.7,22.342,25.29154,80.99227,3190.0,12.935,1.611,5.0,-1.213914142201507,0.2568326535159037
wheat,IN,IN-12-1038,2003,340.416,91.753,736.0,52.014,28.38091,77.55129,1415.0,11.267,1.552,5.0,1.9895862147753383,1.2737412645089765
wheat,IN,IN-12-1038,2004,340.416,91.753,736.0,52.014,28.38091,77.55129,1415.0,11.267,1.552,5.0,1.9826235988107257,-0.7440772593069013
wheat,IN,IN-12-1038,2005,340.416,91.753,736.0,52.014,28.38091,77.55129,1415.0,11.267,1.552,5.0,0.8900588630038753,0.0502967669383722
wheat,IN,IN-12-1038,2006,340.416,91.753,736.0,52.014,28.38091,77.55129,1415.0,11.267,1.552,5.0,-0.09872600821784333,0.4464769688743863
wheat,IN,IN-12-1038,2007,340.416,91.753,736.0,52.014,28.38091,77.55129,1415.0,11.267,1.552,5.0,-0.1864675048433496,0.4167131131698596
wheat,IN,IN-12-1038,2008,340.416,91.753,736.0,52.014,28.38091,77.55129,1415.0,11.267,1.552,5.0,0.6502651004884008,-0.049835324998684365
wheat,IN,IN-12-1038,2009,340.416,91.753,736.0,52.014,28.38091,77.55129,1415.0,11.267,1.552,5.0,-0.3999324213954164,-1.2228202689345486
wheat,IN,IN-12-1038,2010,340.416,91.753,736.0,52.014,28.38091,77.55129,1415.0,11.267,1.552,5.0,-0.03453235651701727,-2.1435196384327226
wheat,IN,IN-12-1038,2011,340.416,91.753,736.0,52.014,28.38091,77.55129,1415.0,11.267,1.552,5.0,-0.05509009625188247,1.3577088589054542
wheat,IN,IN-12-1038,2012,340.416,91.753,736.0,52.014,28.38091,77.55129,1415.0,11.267,1.552,5.0,-0.35764344124531133,-0.32873618197547605
wheat,IN,IN-12-1038,2013,340.416,91.753,736.0,52.014,28.38091,77.55129,1415.0,11.267,1.552,5.0,-0.13513153392214053,0.9343051397637494
wheat,IN,IN-12-1038,2014,340.416,91.753,736.0,52.014,28.38091,77.55129,1415.0,11.267,1.552,5.0,-0.9357967394109251,-0.5578154890871364
wheat,IN,IN-12-1038,2015,340.416,91.753,736.0,52.014,28.38091,77.55129,1415.0,11.267,1.552,5.0,-1.1916519613153145,0.06253747136521269
wheat,IN,IN-12-1038,2016,340.416,91.753,736.0,52.014,28.38091,77.55129,1415.0,11.267,1.552,5.0,-1.0978799404492499,-0.23403300473378025
wheat,IN,IN-12-1038,2017,340.416,91.753,736.0,52.014,28.38091,77.55129,1415.0,11.267,1.552,5.0,-1.019681773509881,1.7780255798525826
wheat,IN,IN-12-1039,2003,334.384,91.686,955.7,53.572,27.64155,78.13142,1784.0,11.267,1.552,5.0,2.386294049615427,-0.6665362947561142
wheat,IN,IN-12-1039,2004,334.384,91.686,955.7,53.572,27.64155,78.13142,1784.0,11.267,1.552,5.0,1.6071013810283619,-0.16754892750169617
wheat,IN,IN-12-1039,2005,334.384,91.686,955.7,53.572,27.64155,78.13142,1784.0,11.267,1.552,5.0,0.6017323755477468,-1.2675457978668407
wheat,IN,IN-12-1039,2006,334.384,91.686,955.7,53.572,27.64155,78.13142,1784.0,11.267,1.552,5.0,-0.13370920423224777,-0.6231835747413441
wheat,IN,IN-12-1039,2007,334.384,91.686,955.7,53.572,27.64155,78.13142,1784.0,11.267,1.552,5.0,-0.41087296791710837,-0.787892889173126
wheat,IN,IN-12-1039,2008,334.384,91.686,955.7,53.572,27.64155,78.13142,1784.0,11.267,1.552,5.0,0.8764396405808593,0.2262489102120042
wheat,IN,IN-12-1039,2009,334.384,91.686,955.7,53.572,27.64155,78.13142,1784.0,11.267,1.552,5.0,-0.48002439268880454,-0.5356899034388081
wheat,IN,IN-12-1039,2010,334.384,91.686,955.7,53.572,27.64155,78.13142,1784.0,11.267,1.552,5.0,-0.2409719962901507,-0.6885069039943654
wheat,IN,IN-12-1039,2011,334.384,91.686,955.7,53.572,27.64155,78.13142,1784.0,11.267,1.552,5.0,-0.039159900550809555,1.08574729999469
wheat,IN,IN-12-1039,2012,334.384,91.686,955.7,53.572,27.64155,78.13142,1784.0,11.267,1.552,5.0,-0.16864896787850014,0.11018711259330634
wheat,IN,IN-12-1039,2013,334.384,91.686,955.7,53.572,27.64155,78.13142,1784.0,11.267,1.552,5.0,-0.03541548864701105,1.6900262963624906
wheat,IN,IN-12-1039,2014,334.384,91.686,955.7,53.572,27.64155,78.13142,1784.0,11.267,1.552,5.0,-0.6619549199009026,0.48978079277627534
wheat,IN,IN-12-1039,2015,334.384,91.686,955.7,53.572,27.64155,78.13142,1784.0,11.267,1.552,5.0,-1.1863748030953607,1.4040896578877566
wheat,IN,IN-12-1039,2016,334.384,91.686,955.7,53.572,27.64155,78.13142,1784.0,11.267,1.552,5.0,-1.0067451086594825,-0.31543811248265996
wheat,IN,IN-12-1039,2017,334.384,91.686,955.7,53.572,27.64155,78.13142,1784.0,11.267,1.552,5.0,-1.1076896969120225,1.9705728051544271
wheat,IN,IN-12-1040,2003,339.97,91.204,436.6,17.747,28.78521,78.28045,2460.0,14.527,1.551,5.0,1.8337536059553918,-0.54169145149618
wheat,IN,IN-12-1040,2004,339.97,91.204,436.6,17.747,28.78521,78.28045,2460.0,14.527,1.551,5.0,1.7822689767822215,-1.0659558875068058
wheat,IN,IN-12-1040,2005,339.97,91.204,436.6,17.747,28.78521,78.28045,2460.0,14.527,1.551,5.0,1.1203358375399965,-0.6854182328245987
wheat,IN,IN-12-1040,2006,339.97,91.204,436.6,17.747,28.78521,78.28045,2460.0,14.527,1.551,5.0,-0.07290936006157353,0.20792763433176703
wheat,IN,IN-12-1040,2007,339.97,91.204,436.6,17.747,28.78521,78.28045,2460.0,14.527,1.551,5.0,-0.0755518122525628,-0.014974119270784726
wheat,IN,IN-12-1040,2008,339.97,91.204,436.6,17.747,28.78521,78.28045,2460.0,14.527,1.551,5.0,0.7079380672125128,-0.5714041155682421
wheat,IN,IN-12-1040,2009,339.97,91.204,436.6,17.747,28.78521,78.28045,2460.0,14.527,1.551,5.0,-0.33334044300054916,-0.2713111359137145
wheat,IN,IN-12-1040,2010,339.97,91.204,436.6,17.747,28.78521,78.28045,2460.0,14.527,1.551,5.0,0.10618586345460909,-0.7400513364196459
wheat,IN,IN-12-1040,2011,339.97,91.204,436.6,17.747,28.78521,78.28045,2460.0,14.527,1.551,5.0,0.12094004693104293,1.0016227546986283
wheat,IN,IN-12-1040,2012,339.97,91.204,436.6,17.747,28.78521,78.28045,2460.0,14.527,1.551,5.0,-0.478355695130135,-0.19763747786736224
wheat,IN,IN-12-1040,2013,339.97,91.204,436.6,17.747,28.78521,78.28045,2460.0,14.527,1.551,5.0,-0.16972762735510963,1.3327936875690842
wheat,IN,IN-12-1040,2014,339.97,91.204,436.6,17.747,28.78521,78.28045,2460.0,14.527,1.551,5.0,-0.9335902872083046,0.5978099110553627
wheat,IN,IN-12-1040,2015,339.97,91.204,436.6,17.747,28.78521,78.28045,2460.0,14.527,1.551,5.0,-1.2457685556902784,0.9794512880750703
wheat,IN,IN-12-1040,2016,339.97,91.204,436.6,17.747,28.78521,78.28045,2460.0,14.527,1.551,5.0,-1.3877157947415426,0.8348639178877708
wheat,IN,IN-12-1040,2017,339.97,91.204,436.6,17.747,28.78521,78.28045,2460.0,14.527,1.551,5.0,-0.9744628224357175,2.0080099039653376
wheat,IN,IN-12-1041,2003,331.0,98.056,576.0,27.575,27.03744,79.60275,2089.0,14.58,1.482,5.0,2.6611374665102416,-1.3669975317793002
wheat,IN,IN-12-1041,2004,331.0,98.056,576.0,27.575,27.03744,79.60275,2089.0,14.58,1.482,5.0,1.0141394815670546,-0.9816216097743401
wheat,IN,IN-12-1041,2005,331.0,98.056,576.0,27.575,27.03744,79.60275,2089.0,14.58,1.482,5.0,0.5378136208802361,-0.2296920863223246
wheat,IN,IN-12-1041,2006,331.0,98.056,576.0,27.575,27.03744,79.60275,2089.0,14.58,1.482,5.0,-0.25079636321466686,0.3933637363909003
wheat,IN,IN-12-1041,2007,331.0,98.056,576.0,27.575,27.03744,79.60275,2089.0,14.58,1.482,5.0,-0.5315508310138295,-0.5069944664180915
wheat,IN,IN-12-1041,2008,331.0,98.056,576.0,27.575,27.03744,79.60275,2089.0,14.58,1.482,5.0,0.9290377690406151,-0.4672798941184391
wheat,IN,IN-12-1041,2009,331.0,98.056,576.0,27.575,27.03744,79.60275,2089.0,14.58,1.482,5.0,-0.3743646575318246,-0.6012870295452252
wheat,IN,IN-12-1041,2010,331.0,98.056,576.0,27.575,27.03744,79.60275,2089.0,14.58,1.482,5.0,-0.3262933288990923,-1.1103139259941448
wheat,IN,IN-12-1041,2011,331.0,98.056,576.0,27.575,27.03744,79.60275,2089.0,14.58,1.482,5.0,-0.0560529832882357,1.184770304796275
wheat,IN,IN-12-1041,2012,331.0,98.056,576.0,27.575,27.03744,79.60275,2089.0,14.58,1.482,5.0,-0.06711080242509326,0.17923453845237675
wheat,IN,IN-12-1041,2013,331.0,98.056,576.0,27.575,27.03744,79.60275,2089.0,14.58,1.482,5.0,0.31276548100830476,1.820240539030131
wheat,IN,IN-12-1041,2014,331.0,98.056,576.0,27.575,27.03744,79.60275,2089.0,14.58,1.482,5.0,-0.48533069001247875,0.8388720203284917
wheat,IN,IN-12-1041,2015,331.0,98.056,576.0,27.575,27.03744,79.60275,2089.0,14.58,1.482,5.0,-1.1272706493769835,0.4596168185885518
wheat,IN,IN-12-1041,2016,331.0,98.056,576.0,27.575,27.03744,79.60275,2089.0,14.58,1.482,5.0,-0.9884946458200347,0.38190787203395415
wheat,IN,IN-12-1041,2017,331.0,98.056,576.0,27.575,27.03744,79.60275,2089.0,14.58,1.482,5.0,-1.247628867424213,1.8403457805560812
wheat,IN,IN-12-1042,2003,333.353,96.691,355.3,19.872,25.53426,81.38329,1788.0,13.982,1.529,5.0,2.3895827973477894,-0.48436025713068054
wheat,IN,IN-12-1042,2004,333.353,96.691,355.3,19.872,25.53426,81.38329,1788.0,13.982,1.529,5.0,0.6003508940386496,0.24990790996876266
wheat,IN,IN-12-1042,2005,333.353,96.691,355.3,19.872,25.53426,81.38329,1788.0,13.982,1.529,5.0,0.5228074559025103,-0.17334161780450752
wheat,IN,IN-12-1042,2006,333.353,96.691,355.3,19.872,25.53426,81.38329,1788.0,13.982,1.529,5.0,-0.6168112493743985,-0.4293712041583837
wheat,IN,IN-12-1042,2007,333.353,96.691,355.3,19.872,25.53426,81.38329,1788.0,13.982,1.529,5.0,-0.6066402865095372,-1.0141580310151963
wheat,IN,IN-12-1042,2008,333.353,96.691,355.3,19.872,25.53426,81.38329,1788.0,13.982,1.529,5.0,1.2355827120523442,-0.8464805408590226
wheat,IN,IN-12-1042,2009,333.353,96.691,355.3,19.872,25.53426,81.38329,1788.0,13.982,1.529,5.0,-0.7677072579200853,-0.4551971570460451
wheat,IN,IN-12-1042,2010,333.353,96.691,355.3,19.872,25.53426,81.38329,1788.0,13.982,1.529,5.0,-1.022139256202135,-2.042919648796571
wheat,IN,IN-12-1042,2011,333.353,96.691,355.3,19.872,25.53426,81.38329,1788.0,13.982,1.529,5.0,-0.06891531421976138,0.853779725159388
wheat,IN,IN-12-1042,2012,333.353,96.691,355.3,19.872,25.53426,81.38329,1788.0,13.982,1.529,5.0,0.3454166172818648,-0.43882815284352406
wheat,IN,IN-12-1042,2013,333.353,96.691,355.3,19.872,25.53426,81.38329,1788.0,13.982,1.529,5.0,0.8315817751010561,2.2685611564460393
wheat,IN,IN-12-1042,2014,333.353,96.691,355.3,19.872,25.53426,81.38329,1788.0,13.982,1.529,5.0,-0.2022100320057619,1.0938116217266332
wheat,IN,IN-12-1042,2015,333.353,96.691,355.3,19.872,25.53426,81.38329,1788.0,13.982,1.529,5.0,-1.2102333103637295,0.4909513630055546
wheat,IN,IN-12-1042,2016,333.353,96.691,355.3,19.872,25.53426,81.38329,1788.0,13.982,1.529,5.0,-0.26682234091479934,0.3465898580849266
wheat,IN,IN-12-1042,2017,333.353,96.691,355.3,19.872,25.53426,81.38329,1788.0,13.982,1.529,5.0,-1.163843204214014,1.229211989662723
wheat,IN,IN-12-1044,2003,336.905,101.944,89.6,8.832,25.44231,82.44016,1015.0,13.935,1.517,4.0,2.469371121271722,-0.8042775019981834
wheat,IN,IN-12-1044,2004,336.905,101.944,89.6,8.832,25.44231,82.44016,1015.0,13.935,1.517,4.0,0.647001103274103,-0.6325613194553198
wheat,IN,IN-12-1044,2005,336.905,101.944,89.6,8.832,25.44231,82.44016,1015.0,13.935,1.517,4.0,0.02602960212544492,-0.7002848957863479
wheat,IN,IN-12-1044,2006,336.905,101.944,89.6,8.832,25.44231,82.44016,1015.0,13.935,1.517,4.0,-0.5616913550405118,-0.3637730262854281
wheat,IN,IN-12-1044,2007,336.905,101.944,89.6,8.832,25.44231,82.44016,1015.0,13.935,1.517,4.0,-0.28723235452137197,0.14178028653154645
wheat,IN,IN-12-1044,2008,336.905,101.944,89.6,8.832,25.44231,82.44016,1015.0,13.935,1.517,4.0,1.3721417929503026,-1.1866813209187546
wheat,IN,IN-12-1044,2009,336.905,101.944,89.6,8.832,25.44231,82.44016,1015.0,13.935,1.517,4.0,-0.7278161334383667,-0.2981045102016802
wheat,IN,IN-12-1044,2010,336.905,101.944,89.6,8.832,25.44231,82.44016,1015.0,13.935,1.517,4.0,-1.0986921330239703,-1.1120223022524263
wheat,IN,IN-12-1044,2011,336.905,101.944,89.6,8.832,25.44231,82.44016,1015.0,13.935,1.517,4.0,0.1091517239747982,1.0423539553413401
wheat,IN,IN-12-1044,2012,336.905,101.944,89.6,8.832,25.44231,82.44016,1015.0,13.935,1.517,4.0,0.30932645298451916,-0.05643718922090077
wheat,IN,IN-12-1044,2013,336.905,101.944,89.6,8.832,25.44231,82.44016,1015.0,13.935,1.517,4.0,0.3819997326747231,2.076844932940155
wheat,IN,IN-12-1044,2014,336.905,101.944,89.6,8.832,25.44231,82.44016,1015.0,13.935,1.517,4.0,-0.4830706588812574,1.7996794257344404
wheat,IN,IN-12-1044,2015,336.905,101.944,89.6,8.832,25.44231,82.44016,1015.0,13.935,1.517,4.0,-1.35140733019845,0.8627819365883379
wheat,IN,IN-12-1044,2016,336.905,101.944,89.6,8.832,25.44231,82.44016,1015.0,13.935,1.517,4.0,0.2408813821029779,0.1303270648654455
wheat,IN,IN-12-1044,2017,336.905,101.944,89.6,8.832,25.44231,82.44016,1015.0,13.935,1.517,4.0,-1.0459929462546464,0.8225389745851875
wheat,IN,IN-12-1045,2003,342.122,104.25,735.3,44.782,26.83062,82.98064,1642.0,15.511,1.495,5.0,2.3898688073050285,-0.389899284669774
wheat,IN,IN-12-1045,2004,342.122,104.25,735.3,44.782,26.83062,82.98064,1642.0,15.511,1.495,5.0,0.532671875264345,-0.9082737193241399
wheat,IN,IN-12-1045,2005,342.122,104.25,735.3,44.782,26.83062,82.98064,1642.0,15.511,1.495,5.0,-0.040529791397355054,-0.9373231712526807
wheat,IN,IN-12-1045,2006,342.122,104.25,735.3,44.782,26.83062,82.98064,1642.0,15.511,1.495,5.0,-0.4116997601000991,0.16733516243286634
wheat,IN,IN-12-1045,2007,342.122,104.25,735.3,44.782,26.83062,82.98064,1642.0,15.511,1.495,5.0,0.5637153234669477,-0.07012002900020917
wheat,IN,IN-12-1045,2008,342.122,104.25,735.3,44.782,26.83062,82.98064,1642.0,15.511,1.495,5.0,1.5881081665705477,-0.9910022207156647
wheat,IN,IN-12-1045,2009,342.122,104.25,735.3,44.782,26.83062,82.98064,1642.0,15.511,1.495,5.0,-0.7930722804776712,-0.48638776450664645
wheat,IN,IN-12-1045,2010,342.122,104.25,735.3,44.782,26.83062,82.98064,1642.0,15.511,1.495,5.0,-0.9783627441867638,-1.7155132969538434
wheat,IN,IN-12-1045,2011,342.122,104.25,735.3,44.782,26.83062,82.98064,1642.0,15.511,1.495,5.0,-0.21577940103915014,1.9103436251006893
wheat,IN,IN-12-1045,2012,342.122,104.25,735.3,44.782,26.83062,82.98064,1642.0,15.511,1.495,5.0,-0.3206350715912417,0.832714868011901
wheat,IN,IN-12-1045,2013,342.122,104.25,735.3,44.782,26.83062,82.98064,1642.0,15.511,1.495,5.0,0.634357320354614,1.7913700584582486
wheat,IN,IN-12-1045,2014,342.122,104.25,735.3,44.782,26.83062,82.98064,1642.0,15.511,1.495,5.0,-0.42119756957069704,0.8633649425509456
wheat,IN,IN-12-1045,2015,342.122,104.25,735.3,44.782,26.83062,82.98064,1642.0,15.511,1.495,5.0,-1.2718295152160735,-0.6599027074102811
wheat,IN,IN-12-1045,2016,342.122,104.25,735.3,44.782,26.83062,82.98064,1642.0,15.511,1.495,5.0,-0.2586132172996023,-0.02763996938160552
wheat,IN,IN-12-1045,2017,342.122,104.25,735.3,44.782,26.83062,82.98064,1642.0,15.511,1.495,5.0,-0.9970021420828102,1.0576319787026862
wheat,IN,IN-12-1046,2003,343.308,113.333,843.6,43.71,27.78628,81.8179,1930.0,15.557,1.494,5.0,2.3866829456340044,-0.795140241963034
wheat,IN,IN-12-1046,2004,343.308,113.333,843.6,43.71,27.78628,81.8179,1930.0,15.557,1.494,5.0,0.22605954103926953,0.6608250834949153
wheat,IN,IN-12-1046,2005,343.308,113.333,843.6,43.71,27.78628,81.8179,1930.0,15.557,1.494,5.0,0.478955818848695,-0.8339468746485467
wheat,IN,IN-12-1046,2006,343.308,113.333,843.6,43.71,27.78628,81.8179,1930.0,15.557,1.494,5.0,-0.19101454098920218,-0.6379844041982766
wheat,IN,IN-12-1046,2007,343.308,113.333,843.6,43.71,27.78628,81.8179,1930.0,15.557,1.494,5.0,0.6852114604634819,-0.9346015781765926
wheat,IN,IN-12-1046,2008,343.308,113.333,843.6,43.71,27.78628,81.8179,1930.0,15.557,1.494,5.0,1.1976609676457746,1.2157709555092813
wheat,IN,IN-12-1046,2009,343.308,113.333,843.6,43.71,27.78628,81.8179,1930.0,15.557,1.494,5.0,-0.737829724535963,-1.1595164732833816
wheat,IN,IN-12-1046,2010,343.308,113.333,843.6,43.71,27.78628,81.8179,1930.0,15.557,1.494,5.0,-0.35262219733778544,-1.2329557694411368
wheat,IN,IN-12-1046,2011,343.308,113.333,843.6,43.71,27.78628,81.8179,1930.0,15.557,1.494,5.0,-0.14883705987800733,0.1946154618669406
wheat,IN,IN-12-1046,2012,343.308,113.333,843.6,43.71,27.78628,81.8179,1930.0,15.557,1.494,5.0,-0.4202310587891655,-0.35007667335108017
wheat,IN,IN-12-1046,2013,343.308,113.333,843.6,43.71,27.78628,81.8179,1930.0,15.557,1.494,5.0,0.8249535490930814,1.3858398401244878
wheat,IN,IN-12-1046,2014,343.308,113.333,843.6,43.71,27.78628,81.8179,1930.0,15.557,1.494,5.0,-0.4747060343391795,1.4653461119679736
wheat,IN,IN-12-1046,2015,343.308,113.333,843.6,43.71,27.78628,81.8179,1930.0,15.557,1.494,5.0,-1.203658453191053,0.6964897018862924
wheat,IN,IN-12-1046,2016,343.308,113.333,843.6,43.71,27.78628,81.8179,1930.0,15.557,1.494,5.0,-1.511351714801308,0.8248547665663313
wheat,IN,IN-12-1046,2017,343.308,113.333,843.6,43.71,27.78628,81.8179,1930.0,15.557,1.494,5.0,-0.7592734988626291,1.2497662426016591
wheat,IN,IN-12-2013,2008,335.5,90.557,880.0,44.899,27.81155,78.78391,1960.0,14.357,1.557,5.0,1.8987523319827067,-0.3188207049532129
wheat,IN,IN-12-2013,2009,335.5,90.557,880.0,44.899,27.81155,78.78391,1960.0,14.357,1.557,5.0,0.03424169805914736,-0.3005971263806405
wheat,IN,IN-12-2013,2010,335.5,90.557,880.0,44.899,27.81155,78.78391,1960.0,14.357,1.557,5.0,0.40468245691505267,-1.8135988300702215
wheat,IN,IN-12-2013,2011,335.5,90.557,880.0,44.899,27.81155,78.78391,1960.0,14.357,1.557,5.0,0.7082168528169638,0.5015121742499009
wheat,IN,IN-12-2013,2012,335.5,90.557,880.0,44.899,27.81155,78.78391,1960.0,14.357,1.557,5.0,0.25345442432631077,-0.4781674909532316
wheat,IN,IN-12-2013,2013,335.5,90.557,880.0,44.899,27.81155,78.78391,1960.0,14.357,1.557,5.0,0.6409475617594773,0.2633936501341592
wheat,IN,IN-12-2013,2014,335.5,90.557,880.0,44.899,27.81155,78.78391,1960.0,14.357,1.557,5.0,-0.4573503069788183,0.22773562809219888
wheat,IN,IN-12-2013,2015,335.5,90.557,880.0,44.899,27.81155,78.78391,1960.0,14.357,1.557,5.0,-1.1458997296041673,0.3383097829819315
wheat,IN,IN-12-2013,2016,335.5,90.557,880.0,44.899,27.81155,78.78391,1960.0,14.357,1.557,5.0,-1.164693248225537,-0.5430065896271852
wheat,IN,IN-12-2013,2017,335.5,90.557,880.0,44.899,27.81155,78.78391,1960.0,14.357,1.557,5.0,-1.1723520410511448,2.1232395065262923
wheat,IN,IN-13-0801,2003,354.933,99.4,0.0,0.0,21.66667,88.22667,7667.0,16.524,1.139,3.0,1.8665643459626975,-0.5865065981774974
wheat,IN,IN-13-0801,2004,354.933,99.4,0.0,0.0,21.66667,88.22667,7667.0,16.524,1.139,3.0,1.2136143238416852,-1.370965218484285
wheat,IN,IN-13-0801,2005,354.933,99.4,0.0,0.0,21.66667,88.22667,7667.0,16.524,1.139,3.0,0.037675853688568156,-0.006992847892425508
wheat,IN,IN-13-0801,2006,354.933,99.4,0.0,0.0,21.66667,88.22667,7667.0,16.524,1.139,3.0,0.23101525100174972,-0.08779043807640394
wheat,IN,IN-13-0801,2007,354.933,99.4,0.0,0.0,21.66667,88.22667,7667.0,16.524,1.139,3.0,1.2468144421127034,-0.8209721831571858
wheat,IN,IN-13-0801,2008,354.933,99.4,0.0,0.0,21.66667,88.22667,7667.0,16.524,1.139,3.0,0.6136827026294495,0.5812955911403276
wheat,IN,IN-13-0801,2009,354.933,99.4,0.0,0.0,21.66667,88.22667,7667.0,16.524,1.139,3.0,-1.3417004469288907,0.022245439796029647
wheat,IN,IN-13-0801,2010,354.933,99.4,0.0,0.0,21.66667,88.22667,7667.0,16.524,1.139,3.0,-1.5909987756351505,-0.2501285847908751
wheat,IN,IN-13-0801,2011,354.933,99.4,0.0,0.0,21.66667,88.22667,7667.0,16.524,1.139,3.0,-0.6188529699772409,-0.22458911662927458
wheat,IN,IN-13-0801,2012,354.933,99.4,0.0,0.0,21.66667,88.22667,7667.0,16.524,1.139,3.0,-1.1246828595978622,0.39244443415502067
wheat,IN,IN-13-0801,2013,354.933,99.4,0.0,0.0,21.66667,88.22667,7667.0,16.524,1.139,3.0,0.11479832254951777,0.9306387571361148
wheat,IN,IN-13-0801,2014,354.933,99.4,0.0,0.0,21.66667,88.22667,7667.0,16.524,1.139,3.0,-0.7917876557112326,0.6288518421998616
wheat,IN,IN-13-0801,2015,354.933,99.4,0.0,0.0,21.66667,88.22667,7667.0,16.524,1.139,3.0,0.3005994997006411,0.2116249995708841
wheat,IN,IN-13-0801,2016,354.933,99.4,0.0,0.0,21.66667,88.22667,7667.0,16.524,1.139,3.0,-0.4876749514299921,2.523603597377128
wheat,IN,IN-13-0801,2017,354.933,99.4,0.0,0.0,21.66667,88.22667,7667.0,16.524,1.139,3.0,0.3309329177933332,0.7877954012966145
wheat,IN,IN-13-0802,2003,355.935,92.0,1.0,0.026,22.65817,88.79391,4005.0,14.334,1.375,2.0,1.8498087454549677,0.26910739693866564
wheat,IN,IN-13-0802,2004,355.935,92.0,1.0,0.026,22.65817,88.79391,4005.0,14.334,1.375,2.0,1.186598799038499,0.15848931452221904
wheat,IN,IN-13-0802,2005,355.935,92.0,1.0,0.026,22.65817,88.79391,4005.0,14.334,1.375,2.0,0.16244933806981207,-0.5551509532894178
wheat,IN,IN-13-0802,2006,355.935,92.0,1.0,0.026,22.65817,88.79391,4005.0,14.334,1.375,2.0,0.12781981300367495,-1.0082680785845493
wheat,IN,IN-13-0802,2007,355.935,92.0,1.0,0.026,22.65817,88.79391,4005.0,14.334,1.375,2.0,1.3183086369570096,-0.697855370509352
wheat,IN,IN-13-0802,2008,355.935,92.0,1.0,0.026,22.65817,88.79391,4005.0,14.334,1.375,2.0,0.7840589029081559,-0.19698650240978982
wheat,IN,IN-13-0802,2009,355.935,92.0,1.0,0.026,22.65817,88.79391,4005.0,14.334,1.375,2.0,-0.9143896799825196,-0.48287209261958586
wheat,IN,IN-13-0802,2010,355.935,92.0,1.0,0.026,22.65817,88.79391,4005.0,14.334,1.375,2.0,-1.4474113001964675,-0.7040683519393326
wheat,IN,IN-13-0802,2011,355.935,92.0,1.0,0.026,22.65817,88.79391,4005.0,14.334,1.375,2.0,-0.5669754811604859,0.004414128299318015
wheat,IN,IN-13-0802,2012,355.935,92.0,1.0,0.026,22.65817,88.79391,4005.0,14.334,1.375,2.0,-1.2551169620536742,-0.46176207616998066
wheat,IN,IN-13-0802,2013,355.935,92.0,1.0,0.026,22.65817,88.79391,4005.0,14.334,1.375,2.0,-0.12000294555052324,1.056749113403894
wheat,IN,IN-13-0802,2014,355.935,92.0,1.0,0.026,22.65817,88.79391,4005.0,14.334,1.375,2.0,-1.1526811633052547,0.6812914421332652
wheat,IN,IN-13-0802,2015,355.935,92.0,1.0,0.026,22.65817,88.79391,4005.0,14.334,1.375,2.0,0.2613334757401391,-1.1453701198864166
wheat,IN,IN-13-0802,2016,355.935,92.0,1.0,0.026,22.65817,88.79391,4005.0,14.334,1.375,2.0,-0.6209776706914159,3.013580165856975
wheat,IN,IN-13-0802,2017,355.935,92.0,1.0,0.026,22.65817,88.79391,4005.0,14.334,1.375,2.0,0.38717749176812455,0.8919102463770756
wheat,IN,IN-13-0803,2003,355.326,94.829,57.6,1.479,23.92906,88.52226,3895.0,16.821,1.421,2.0,1.6915249447991232,-0.23117920480458573
wheat,IN,IN-13-0803,2004,355.326,94.829,57.6,1.479,23.92906,88.52226,3895.0,16.821,1.421,2.0,1.712161528479574,-0.8685722923358445
wheat,IN,IN-13-0803,2005,355.326,94.829,57.6,1.479,23.92906,88.52226,3895.0,16.821,1.421,2.0,0.4556645020623617,-1.141021222966903
wheat,IN,IN-13-0803,2006,355.326,94.829,57.6,1.479,23.92906,88.52226,3895.0,16.821,1.421,2.0,-0.3644789549356172,-0.5957580017334463
wheat,IN,IN-13-0803,2007,355.326,94.829,57.6,1.479,23.92906,88.52226,3895.0,16.821,1.421,2.0,0.9480915876110463,-0.45345029289504035
wheat,IN,IN-13-0803,2008,355.326,94.829,57.6,1.479,23.92906,88.52226,3895.0,16.821,1.421,2.0,0.9768047032945986,0.8146695125316116
wheat,IN,IN-13-0803,2009,355.326,94.829,57.6,1.479,23.92906,88.52226,3895.0,16.821,1.421,2.0,-0.4059828280071342,0.2354649745072751
wheat,IN,IN-13-0803,2010,355.326,94.829,57.6,1.479,23.92906,88.52226,3895.0,16.821,1.421,2.0,-1.1537050156750146,-0.7278487468603739
wheat,IN,IN-13-0803,2011,355.326,94.829,57.6,1.479,23.92906,88.52226,3895.0,16.821,1.421,2.0,-0.3728101793715086,0.38391822542776655
wheat,IN,IN-13-0803,2012,355.326,94.829,57.6,1.479,23.92906,88.52226,3895.0,16.821,1.421,2.0,-0.8776913324291599,-1.0080437639109878
wheat,IN,IN-13-0803,2013,355.326,94.829,57.6,1.479,23.92906,88.52226,3895.0,16.821,1.421,2.0,-0.5373634805529414,1.335560903930589
wheat,IN,IN-13-0803,2014,355.326,94.829,57.6,1.479,23.92906,88.52226,3895.0,16.821,1.421,2.0,-1.1062484356867512,0.4631573086487195
wheat,IN,IN-13-0803,2015,355.326,94.829,57.6,1.479,23.92906,88.52226,3895.0,16.821,1.421,2.0,0.07802808010231287,1.3865499208425753
wheat,IN,IN-13-0803,2016,355.326,94.829,57.6,1.479,23.92906,88.52226,3895.0,16.821,1.421,2.0,-1.0439951196908825,1.8424474096978556
wheat,IN,IN-13-0804,2003,353.925,95.239,214.7,4.017,24.22998,88.38816,5345.0,16.902,1.435,2.0,1.7698321122992609,-0.935278098502905
wheat,IN,IN-13-0804,2004,353.925,95.239,214.7,4.017,24.22998,88.38816,5345.0,16.902,1.435,2.0,1.8152537495450243,-1.163591997058736
wheat,IN,IN-13-0804,2005,353.925,95.239,214.7,4.017,24.22998,88.38816,5345.0,16.902,1.435,2.0,0.6169687348424284,-0.1041032296576993
wheat,IN,IN-13-0804,2006,353.925,95.239,214.7,4.017,24.22998,88.38816,5345.0,16.902,1.435,2.0,-0.45380441053914156,0.3846732288389385
wheat,IN,IN-13-0804,2007,353.925,95.239,214.7,4.017,24.22998,88.38816,5345.0,16.902,1.435,2.0,1.016453156915497,-1.230415577123858
wheat,IN,IN-13-0804,2008,353.925,95.239,214.7,4.017,24.22998,88.38816,5345.0,16.902,1.435,2.0,1.0674931168872728,-0.8510061391985666
wheat,IN,IN-13-0804,2009,353.925,95.239,214.7,4.017,24.22998,88.38816,5345.0,16.902,1.435,2.0,-0.3322282748912784,-0.6906866612132772
wheat,IN,IN-13-0804,2010,353.925,95.239,214.7,4.017,24.22998,88.38816,5345.0,16.902,1.435,2.0,-1.0469108670830114,0.0912063397196256
wheat,IN,IN-13-0804,2011,353.925,95.239,214.7,4.017,24.22998,88.38816,5345.0,16.902,1.435,2.0,-0.4322582685080371,-0.5842536317494266
wheat,IN,IN-13-0804,2012,353.925,95.239,214.7,4.017,24.22998,88.38816,5345.0,16.902,1.435,2.0,-0.811360777923327,0.4313443823934302
wheat,IN,IN-13-0804,2013,353.925,95.239,214.7,4.017,24.22998,88.38816,5345.0,16.902,1.435,2.0,-0.6097335759591179,1.7082751036102684
wheat,IN,IN-13-0804,2014,353.925,95.239,214.7,4.017,24.22998,88.38816,5345.0,16.902,1.435,2.0,-1.0416859591237,0.432749082274672
wheat,IN,IN-13-0804,2015,353.925,95.239,214.7,4.017,24.22998,88.38816,5345.0,16.902,1.435,2.0,0.02222286059473268,1.6302557310392491
wheat,IN,IN-13-0804,2016,353.925,95.239,214.7,4.017,24.22998,88.38816,5345.0,16.902,1.435,2.0,-0.957047263446272,0.7587671547135881
wheat,IN,IN-13-0804,2017,353.925,95.239,214.7,4.017,24.22998,88.38816,5345.0,16.902,1.435,2.0,-0.6231943336103293,1.0044619339429235
wheat,IN,IN-13-0805,2003,353.322,92.661,0.4,0.008,23.33224,88.27268,5207.0,13.472,1.438,5.0,1.9385426499661749,-0.6411520873441561
wheat,IN,IN-13-0805,2004,353.322,92.661,0.4,0.008,23.33224,88.27268,5207.0,13.472,1.438,5.0,1.5855175234735084,-1.653239137815116
wheat,IN,IN-13-0805,2005,353.322,92.661,0.4,0.008,23.33224,88.27268,5207.0,13.472,1.438,5.0,0.11141504971207435,0.18250124706446283
wheat,IN,IN-13-0805,2006,353.322,92.661,0.4,0.008,23.33224,88.27268,5207.0,13.472,1.438,5.0,-0.24990189781513503,-0.369903269904275
wheat,IN,IN-13-0805,2007,353.322,92.661,0.4,0.008,23.33224,88.27268,5207.0,13.472,1.438,5.0,1.0223107556368953,0.6978608851832262
wheat,IN,IN-13-0805,2008,353.322,92.661,0.4,0.008,23.33224,88.27268,5207.0,13.472,1.438,5.0,0.8512337020661915,0.40392664893329916
wheat,IN,IN-13-0805,2009,353.322,92.661,0.4,0.008,23.33224,88.27268,5207.0,13.472,1.438,5.0,-0.6174713340170909,-0.3638942075596248
wheat,IN,IN-13-0805,2010,353.322,92.661,0.4,0.008,23.33224,88.27268,5207.0,13.472,1.438,5.0,-1.5380393612268701,0.152808114819301
wheat,IN,IN-13-0805,2011,353.322,92.661,0.4,0.008,23.33224,88.27268,5207.0,13.472,1.438,5.0,-0.2912100245863821,0.6357938062175486
wheat,IN,IN-13-0805,2012,353.322,92.661,0.4,0.008,23.33224,88.27268,5207.0,13.472,1.438,5.0,-1.050650331965885,0.6973216103574318
wheat,IN,IN-13-0805,2013,353.322,92.661,0.4,0.008,23.33224,88.27268,5207.0,13.472,1.438,5.0,-0.34836507055106697,0.6778049976141242
wheat,IN,IN-13-0805,2014,353.322,92.661,0.4,0.008,23.33224,88.27268,5207.0,13.472,1.438,5.0,-0.9335857876483766,0.20147766784791354
wheat,IN,IN-13-0805,2015,353.322,92.661,0.4,0.008,23.33224,88.27268,5207.0,13.472,1.438,5.0,0.5225937284657448,-2.4638468876447437
wheat,IN,IN-13-0805,2016,353.322,92.661,0.4,0.008,23.33224,88.27268,5207.0,13.472,1.438,5.0,-0.80091264986343,1.9963148268637114
wheat,IN,IN-13-0805,2017,353.322,92.661,0.4,0.008,23.33224,88.27268,5207.0,13.472,1.438,5.0,-0.20147695164636686,0.4309198464113549
wheat,IN,IN-13-0806,2003,351.0,97.918,118.3,2.602,24.40954,87.79467,4547.0,11.575,1.554,4.0,1.8246417399485917,0.608816538013065
wheat,IN,IN-13-0806,2004,351.0,97.918,118.3,2.602,24.40954,87.79467,4547.0,11.575,1.554,4.0,1.6990092511573327,-1.1055584179372626
wheat,IN,IN-13-0806,2005,351.0,97.918,118.3,2.602,24.40954,87.79467,4547.0,11.575,1.554,4.0,0.46671259763330236,0.2074210729543648
wheat,IN,IN-13-0806,2006,351.0,97.918,118.3,2.602,24.40954,87.79467,4547.0,11.575,1.554,4.0,-0.46148730649979136,-0.6385679821269737
wheat,IN,IN-13-0806,2007,351.0,97.918,118.3,2.602,24.40954,87.79467,4547.0,11.575,1.554,4.0,1.0833248980172583,-0.7067158594567198
wheat,IN,IN-13-0806,2008,351.0,97.918,118.3,2.602,24.40954,87.79467,4547.0,11.575,1.554,4.0,1.1648481532702484,-0.11035033688377359
wheat,IN,IN-13-0806,2009,351.0,97.918,118.3,2.602,24.40954,87.79467,4547.0,11.575,1.554,4.0,-0.3122698879348458,-0.5329683451563495
wheat,IN,IN-13-0806,2010,351.0,97.918,118.3,2.602,24.40954,87.79467,4547.0,11.575,1.554,4.0,-1.3301432705597587,-0.827684355775778
wheat,IN,IN-13-0806,2011,351.0,97.918,118.3,2.602,24.40954,87.79467,4547.0,11.575,1.554,4.0,-0.3810885049831835,-0.0829177881272117
wheat,IN,IN-13-0806,2012,351.0,97.918,118.3,2.602,24.40954,87.79467,4547.0,11.575,1.554,4.0,-0.6833258766948951,0.5275509372104884
wheat,IN,IN-13-0806,2013,351.0,97.918,118.3,2.602,24.40954,87.79467,4547.0,11.575,1.554,4.0,-0.38558991358079714,0.74426173293281
wheat,IN,IN-13-0806,2014,351.0,97.918,118.3,2.602,24.40954,87.79467,4547.0,11.575,1.554,4.0,-0.7951677848345753,1.271623090761252
wheat,IN,IN-13-0806,2015,351.0,97.918,118.3,2.602,24.40954,87.79467,4547.0,11.575,1.554,4.0,-0.1351484796854406,1.5477374571365774
wheat,IN,IN-13-0806,2016,351.0,97.918,118.3,2.602,24.40954,87.79467,4547.0,11.575,1.554,4.0,-0.8233507258706526,1.2239688346355617
wheat,IN,IN-13-0806,2017,351.0,97.918,118.3,2.602,24.40954,87.79467,4547.0,11.575,1.554,4.0,-0.9309648893827878,0.25922543874814363
wheat,IN,IN-13-0807,2003,348.188,98.193,0.4,0.006,23.02761,87.11614,6880.0,10.436,1.422,4.0,1.4848924627605942,-0.34820518798689354
wheat,IN,IN-13-0807,2004,348.188,98.193,0.4,0.006,23.02761,87.11614,6880.0,10.436,1.422,4.0,1.401928999646506,-1.2921426359681683
wheat,IN,IN-13-0807,2005,348.188,98.193,0.4,0.006,23.02761,87.11614,6880.0,10.436,1.422,4.0,-0.08157229066324595,0.1545923884615241
wheat,IN,IN-13-0807,2006,348.188,98.193,0.4,0.006,23.02761,87.11614,6880.0,10.436,1.422,4.0,0.2908681303176383,-0.46630722860633683
wheat,IN,IN-13-0807,2007,348.188,98.193,0.4,0.006,23.02761,87.11614,6880.0,10.436,1.422,4.0,1.6253884209010312,0.16471222143614958
wheat,IN,IN-13-0807,2008,348.188,98.193,0.4,0.006,23.02761,87.11614,6880.0,10.436,1.422,4.0,0.793820703003338,-0.4689369036726573
wheat,IN,IN-13-0807,2009,348.188,98.193,0.4,0.006,23.02761,87.11614,6880.0,10.436,1.422,4.0,-0.675487682065334,-0.8609807146165395
wheat,IN,IN-13-0807,2010,348.188,98.193,0.4,0.006,23.02761,87.11614,6880.0,10.436,1.422,4.0,-1.9763436500666003,-0.1496350903380077
wheat,IN,IN-13-0807,2011,348.188,98.193,0.4,0.006,23.02761,87.11614,6880.0,10.436,1.422,4.0,-0.5939396249066727,-0.6572578963577179
wheat,IN,IN-13-0807,2012,348.188,98.193,0.4,0.006,23.02761,87.11614,6880.0,10.436,1.422,4.0,-0.7830269905861126,1.1097961944838504
wheat,IN,IN-13-0807,2013,348.188,98.193,0.4,0.006,23.02761,87.11614,6880.0,10.436,1.422,4.0,0.32880702292296055,1.8743647935103909
wheat,IN,IN-13-0807,2014,348.188,98.193,0.4,0.006,23.02761,87.11614,6880.0,10.436,1.422,4.0,-0.48503898697424647,0.9310502488892709
wheat,IN,IN-13-0807,2015,348.188,98.193,0.4,0.006,23.02761,87.11614,6880.0,10.436,1.422,4.0,-0.13579208446259294,0.5555535648125826
wheat,IN,IN-13-0807,2016,348.188,98.193,0.4,0.006,23.02761,87.11614,6880.0,10.436,1.422,4.0,-0.774793980678329,1.3134318558482703
wheat,IN,IN-13-0807,2017,348.188,98.193,0.4,0.006,23.02761,87.11614,6880.0,10.436,1.422,4.0,-0.41971044914892774,0.8167345482016913
wheat,IN,IN-13-0810,2003,353.348,92.0,0.3,0.009,23.04545,88.10833,3151.0,13.717,1.447,4.0,1.8387407326163636,-0.5197993395696949
wheat,IN,IN-13-0810,2004,353.348,92.0,0.3,0.009,23.04545,88.10833,3151.0,13.717,1.447,4.0,1.4309711641925467,-1.1192678143410968
wheat,IN,IN-13-0810,2005,353.348,92.0,0.3,0.009,23.04545,88.10833,3151.0,13.717,1.447,4.0,-0.06440988476260359,0.15504811579710215
wheat,IN,IN-13-0810,2006,353.348,92.0,0.3,0.009,23.04545,88.10833,3151.0,13.717,1.447,4.0,-0.12077198229471127,-1.1192678143410968
wheat,IN,IN-13-0810,2007,353.348,92.0,0.3,0.009,23.04545,88.10833,3151.0,13.717,1.447,4.0,1.2835092660278165,0.4595791974025093
wheat,IN,IN-13-0810,2008,353.348,92.0,0.3,0.009,23.04545,88.10833,3151.0,13.717,1.447,4.0,0.8138218116789986,0.058700073326986936
wheat,IN,IN-13-0810,2009,353.348,92.0,0.3,0.009,23.04545,88.10833,3151.0,13.717,1.447,4.0,-0.7269681931006545,-0.9239548795631412
wheat,IN,IN-13-0810,2010,353.348,92.0,0.3,0.009,23.04545,88.10833,3151.0,13.717,1.447,4.0,-1.691548642733863,-0.05136936218840952
wheat,IN,IN-13-0810,2011,353.348,92.0,0.3,0.009,23.04545,88.10833,3151.0,13.717,1.447,4.0,-0.3517930289925398,-0.1574118671361711
wheat,IN,IN-13-0810,2012,353.348,92.0,0.3,0.009,23.04545,88.10833,3151.0,13.717,1.447,4.0,-1.1242705439552891,-0.14183293372804207
wheat,IN,IN-13-0810,2013,353.348,92.0,0.3,0.009,23.04545,88.10833,3151.0,13.717,1.447,4.0,-0.0777851311207256,1.2024297066684306
wheat,IN,IN-13-0810,2014,353.348,92.0,0.3,0.009,23.04545,88.10833,3151.0,13.717,1.447,4.0,-0.8336659792748966,0.8624455855119094
wheat,IN,IN-13-0810,2015,353.348,92.0,0.3,0.009,23.04545,88.10833,3151.0,13.717,1.447,4.0,0.4711968471351243,-0.5818695248249014
wheat,IN,IN-13-0810,2016,353.348,92.0,0.3,0.009,23.04545,88.10833,3151.0,13.717,1.447,4.0,-0.726459216255524,2.324327914118655
wheat,IN,IN-13-0810,2017,353.348,92.0,0.3,0.009,23.04545,88.10833,3151.0,13.717,1.447,4.0,-0.12056721916002741,1.4949719757839957
wheat,IN,IN-13-0814,2003,352.33,97.902,127.0,3.542,25.07111,87.91814,3587.0,16.983,1.44,4.0,1.8241100603432123,-1.088033962754134
wheat,IN,IN-13-0814,2004,352.33,97.902,127.0,3.542,25.07111,87.91814,3587.0,16.983,1.44,4.0,1.8265363357619235,-0.4395753991080145
wheat,IN,IN-13-0814,2005,352.33,97.902,127.0,3.542,25.07111,87.91814,3587.0,16.983,1.44,4.0,0.5153156060262668,-0.767787073324044
wheat,IN,IN-13-0814,2006,352.33,97.902,127.0,3.542,25.07111,87.91814,3587.0,16.983,1.44,4.0,-0.5241388570629285,0.770262533780892
wheat,IN,IN-13-0814,2007,352.33,97.902,127.0,3.542,25.07111,87.91814,3587.0,16.983,1.44,4.0,1.034885343823269,-0.36425024045113874
wheat,IN,IN-13-0814,2008,352.33,97.902,127.0,3.542,25.07111,87.91814,3587.0,16.983,1.44,4.0,1.105474975778871,-0.7734893441869582
wheat,IN,IN-13-0814,2009,352.33,97.902,127.0,3.542,25.07111,87.91814,3587.0,16.983,1.44,4.0,-0.2994865722352787,-0.7334178030361588
wheat,IN,IN-13-0814,2010,352.33,97.902,127.0,3.542,25.07111,87.91814,3587.0,16.983,1.44,4.0,-0.9530598651707931,-0.4541055776418275
wheat,IN,IN-13-0814,2011,352.33,97.902,127.0,3.542,25.07111,87.91814,3587.0,16.983,1.44,4.0,-0.5636955472790559,0.5284291296719739
wheat,IN,IN-13-0814,2012,352.33,97.902,127.0,3.542,25.07111,87.91814,3587.0,16.983,1.44,4.0,-0.8723476573559322,-0.5245024461211512
wheat,IN,IN-13-0814,2013,352.33,97.902,127.0,3.542,25.07111,87.91814,3587.0,16.983,1.44,4.0,-0.7699350779126117,0.8674770547825004
wheat,IN,IN-13-0814,2014,352.33,97.902,127.0,3.542,25.07111,87.91814,3587.0,16.983,1.44,4.0,-0.9576238471190147,0.9243893968788093
wheat,IN,IN-13-0814,2015,352.33,97.902,127.0,3.542,25.07111,87.91814,3587.0,16.983,1.44,4.0,-0.02752636889370726,1.9194540568793894
wheat,IN,IN-13-0814,2016,352.33,97.902,127.0,3.542,25.07111,87.91814,3587.0,16.983,1.44,4.0,-0.5695269553109132,1.3137625247051221
wheat,IN,IN-13-0814,2017,352.33,97.902,127.0,3.542,25.07111,87.91814,3587.0,16.983,1.44,4.0,-0.7689815733932936,0.9779207255123784
wheat,IN,IN-13-0816,2003,360.84,113.924,1.7,0.051,26.31334,88.94003,3374.0,19.205,1.371,2.0,1.7762703389963583,-0.08691397931963674
wheat,IN,IN-13-0816,2004,360.84,113.924,1.7,0.051,26.31334,88.94003,3374.0,19.205,1.371,2.0,2.069309437850282,-1.1482563691162504
wheat,IN,IN-13-0816,2005,360.84,113.924,1.7,0.051,26.31334,88.94003,3374.0,19.205,1.371,2.0,0.8992118683225849,-0.175063266882466
wheat,IN,IN-13-0816,2006,360.84,113.924,1.7,0.051,26.31334,88.94003,3374.0,19.205,1.371,2.0,-0.192505933590382,0.03572461282824472
wheat,IN,IN-13-0816,2007,360.84,113.924,1.7,0.051,26.31334,88.94003,3374.0,19.205,1.371,2.0,0.34792618196174174,0.06534846194504718
wheat,IN,IN-13-0816,2008,360.84,113.924,1.7,0.051,26.31334,88.94003,3374.0,19.205,1.371,2.0,0.48514298915101634,-0.5297582310612557
wheat,IN,IN-13-0816,2009,360.84,113.924,1.7,0.051,26.31334,88.94003,3374.0,19.205,1.371,2.0,-0.20940738302066597,-0.49454228636251285
wheat,IN,IN-13-0816,2010,360.84,113.924,1.7,0.051,26.31334,88.94003,3374.0,19.205,1.371,2.0,-0.3051822631255787,-0.36857552431285784
wheat,IN,IN-13-0816,2011,360.84,113.924,1.7,0.051,26.31334,88.94003,3374.0,19.205,1.371,2.0,-0.9133828218051271,0.21441028454641198
wheat,IN,IN-13-0816,2012,360.84,113.924,1.7,0.051,26.31334,88.94003,3374.0,19.205,1.371,2.0,-1.3377870933186091,0.06667051802133388
wheat,IN,IN-13-0816,2013,360.84,113.924,1.7,0.051,26.31334,88.94003,3374.0,19.205,1.371,2.0,-1.2671506614975332,0.7427920297024645
wheat,IN,IN-13-0816,2014,360.84,113.924,1.7,0.051,26.31334,88.94003,3374.0,19.205,1.371,2.0,-0.9702754502727827,0.15218865964173242
wheat,IN,IN-13-0816,2015,360.84,113.924,1.7,0.051,26.31334,88.94003,3374.0,19.205,1.371,2.0,-0.07545756492749763,1.8826052681401475
wheat,IN,IN-13-0816,2016,360.84,113.924,1.7,0.051,26.31334,88.94003,3374.0,19.205,1.371,2.0,-0.15330264654409953,1.6415167734384177
wheat,IN,IN-13-0816,2017,360.84,113.924,1.7,0.051,26.31334,88.94003,3374.0,19.205,1.371,2.0,-0.15340899817967327,0.9997115938609118
wheat,IN,IN-13-0817,2003,343.196,104.064,0.6,0.01,23.31317,86.11851,6253.0,9.444,1.424,4.0,1.5799444034964156,-0.547416512197184
wheat,IN,IN-13-0817,2004,343.196,104.064,0.6,0.01,23.31317,86.11851,6253.0,9.444,1.424,4.0,1.449219451899308,0.44999669140950943
wheat,IN,IN-13-0817,2005,343.196,104.064,0.6,0.01,23.31317,86.11851,6253.0,9.444,1.424,4.0,0.14834853553128838,0.2822673850263522
wheat,IN,IN-13-0817,2006,343.196,104.064,0.6,0.01,23.31317,86.11851,6253.0,9.444,1.424,4.0,0.7935122332196717,0.3509152573393626
wheat,IN,IN-13-0817,2007,343.196,104.064,0.6,0.01,23.31317,86.11851,6253.0,9.444,1.424,4.0,1.3597872744898847,-0.5002807955267569
wheat,IN,IN-13-0817,2008,343.196,104.064,0.6,0.01,23.31317,86.11851,6253.0,9.444,1.424,4.0,0.4198279569130181,-0.8636694791944293
wheat,IN,IN-13-0817,2009,343.196,104.064,0.6,0.01,23.31317,86.11851,6253.0,9.444,1.424,4.0,-0.7001462143525998,-1.8175498857245818
wheat,IN,IN-13-0817,2010,343.196,104.064,0.6,0.01,23.31317,86.11851,6253.0,9.444,1.424,4.0,-2.006224812180679,-0.558939899658625
wheat,IN,IN-13-0817,2011,343.196,104.064,0.6,0.01,23.31317,86.11851,6253.0,9.444,1.424,4.0,-0.6209310043459638,0.5420524704461874
wheat,IN,IN-13-0817,2012,343.196,104.064,0.6,0.01,23.31317,86.11851,6253.0,9.444,1.424,4.0,-0.5159185965028616,0.6541100267218335
wheat,IN,IN-13-0817,2013,343.196,104.064,0.6,0.01,23.31317,86.11851,6253.0,9.444,1.424,4.0,0.3153780703789804,0.7402900272088996
wheat,IN,IN-13-0817,2014,343.196,104.064,0.6,0.01,23.31317,86.11851,6253.0,9.444,1.424,4.0,-0.1511335854100544,1.4288781315548302
wheat,IN,IN-13-0817,2015,343.196,104.064,0.6,0.01,23.31317,86.11851,6253.0,9.444,1.424,4.0,-0.7252916186363402,1.7649432383980552
wheat,IN,IN-13-0817,2016,343.196,104.064,0.6,0.01,23.31317,86.11851,6253.0,9.444,1.424,4.0,-0.623130042102716,-0.06586021512446183
wheat,IN,IN-13-0817,2017,343.196,104.064,0.6,0.01,23.31317,86.11851,6253.0,9.444,1.424,4.0,-0.7232420523973379,0.4784345247938794
wheat,IN,IN-13-0819,2003,355.835,101.334,5.9,0.187,25.65347,88.07373,3134.0,16.476,1.421,5.0,1.9203804498872046,-0.5699351750321933
wheat,IN,IN-13-0819,2004,355.835,101.334,5.9,0.187,25.65347,88.07373,3134.0,16.476,1.421,5.0,1.872207180064802,0.03490469229610428
wheat,IN,IN-13-0819,2005,355.835,101.334,5.9,0.187,25.65347,88.07373,3134.0,16.476,1.421,5.0,0.4192780171931644,-1.1218938965237604
wheat,IN,IN-13-0819,2006,355.835,101.334,5.9,0.187,25.65347,88.07373,3134.0,16.476,1.421,5.0,-0.43796459759233997,0.3872323835257329
wheat,IN,IN-13-0819,2007,355.835,101.334,5.9,0.187,25.65347,88.07373,3134.0,16.476,1.421,5.0,0.8549009854695991,-0.9792354652074656
wheat,IN,IN-13-0819,2008,355.835,101.334,5.9,0.187,25.65347,88.07373,3134.0,16.476,1.421,5.0,0.9262495267762486,-0.45294034459670235
wheat,IN,IN-13-0819,2009,355.835,101.334,5.9,0.187,25.65347,88.07373,3134.0,16.476,1.421,5.0,-0.35891600890415665,0.5079083393741828
wheat,IN,IN-13-0819,2010,355.835,101.334,5.9,0.187,25.65347,88.07373,3134.0,16.476,1.421,5.0,-0.6372191813268558,-0.04439611655553742
wheat,IN,IN-13-0819,2011,355.835,101.334,5.9,0.187,25.65347,88.07373,3134.0,16.476,1.421,5.0,-0.572781676871753,0.9614326320654736
wheat,IN,IN-13-0819,2012,355.835,101.334,5.9,0.187,25.65347,88.07373,3134.0,16.476,1.421,5.0,-1.220323102042868,-0.4390011613999973
wheat,IN,IN-13-0819,2013,355.835,101.334,5.9,0.187,25.65347,88.07373,3134.0,16.476,1.421,5.0,-1.0916143041079664,0.930085103436607
wheat,IN,IN-13-0819,2014,355.835,101.334,5.9,0.187,25.65347,88.07373,3134.0,16.476,1.421,5.0,-1.0151172840862095,1.0435154103302475
wheat,IN,IN-13-0819,2015,355.835,101.334,5.9,0.187,25.65347,88.07373,3134.0,16.476,1.421,5.0,0.06945574468913511,2.0475874493204143
wheat,IN,IN-13-0819,2016,355.835,101.334,5.9,0.187,25.65347,88.07373,3134.0,16.476,1.421,5.0,-0.30881154326903326,0.3847953342781028
wheat,IN,IN-13-0819,2017,355.835,101.334,5.9,0.187,25.65347,88.07373,3134.0,16.476,1.421,5.0,-0.41972420587898107,0.48836992730262074
wheat,IN,IN-13-0820,2003,356.299,101.144,5.9,0.263,25.431,88.29781,2234.0,12.922,1.426,5.0,1.9819974699790754,-0.25538461371910615
wheat,IN,IN-13-0820,2004,356.299,101.144,5.9,0.263,25.431,88.29781,2234.0,12.922,1.426,5.0,1.8418395667733258,-0.3998338881199693
wheat,IN,IN-13-0820,2005,356.299,101.144,5.9,0.263,25.431,88.29781,2234.0,12.922,1.426,5.0,0.49742113334967486,-0.8805909818029435
wheat,IN,IN-13-0820,2006,356.299,101.144,5.9,0.263,25.431,88.29781,2234.0,12.922,1.426,5.0,-0.40653931609053284,0.2153998915415098
wheat,IN,IN-13-0820,2007,356.299,101.144,5.9,0.263,25.431,88.29781,2234.0,12.922,1.426,5.0,0.8837693213028699,0.05921099109260956
wheat,IN,IN-13-0820,2008,356.299,101.144,5.9,0.263,25.431,88.29781,2234.0,12.922,1.426,5.0,0.8665757085014991,-0.29003682020580795
wheat,IN,IN-13-0820,2009,356.299,101.144,5.9,0.263,25.431,88.29781,2234.0,12.922,1.426,5.0,-0.39599215641795554,0.6301964779555048
wheat,IN,IN-13-0820,2010,356.299,101.144,5.9,0.263,25.431,88.29781,2234.0,12.922,1.426,5.0,-0.6927229875516605,-0.4101284725671387
wheat,IN,IN-13-0820,2011,356.299,101.144,5.9,0.263,25.431,88.29781,2234.0,12.922,1.426,5.0,-0.6812586500118047,0.7782318643428089
wheat,IN,IN-13-0820,2012,356.299,101.144,5.9,0.263,25.431,88.29781,2234.0,12.922,1.426,5.0,-1.1393448918163622,-1.2519769903764724
wheat,IN,IN-13-0820,2013,356.299,101.144,5.9,0.263,25.431,88.29781,2234.0,12.922,1.426,5.0,-0.9928769034401606,0.4485771314530466
wheat,IN,IN-13-0820,2014,356.299,101.144,5.9,0.263,25.431,88.29781,2234.0,12.922,1.426,5.0,-0.9672676821650581,0.2887365502699436
wheat,IN,IN-13-0820,2015,356.299,101.144,5.9,0.263,25.431,88.29781,2234.0,12.922,1.426,5.0,0.10277487766456729,1.8416402988444855
wheat,IN,IN-13-0820,2016,356.299,101.144,5.9,0.263,25.431,88.29781,2234.0,12.922,1.426,5.0,-0.45921424571793934,1.0558995418214174
wheat,IN,IN-13-0820,2017,356.299,101.144,5.9,0.263,25.431,88.29781,2234.0,12.922,1.426,5.0,-0.4391612443595492,1.0050219032485497
wheat,IN,IN-13-0824,2003,348.605,96.908,0.3,0.004,22.7874,87.29328,6270.0,12.374,1.512,5.0,1.3987647716796356,-0.17192695640601502
wheat,IN,IN-13-0824,2004,348.605,96.908,0.3,0.004,22.7874,87.29328,6270.0,12.374,1.512,5.0,1.268890809469484,-1.5413271663122716
wheat,IN,IN-13-0824,2005,348.605,96.908,0.3,0.004,22.7874,87.29328,6270.0,12.374,1.512,5.0,-0.23466320605172208,-0.4668621140497877
wheat,IN,IN-13-0824,2006,348.605,96.908,0.3,0.004,22.7874,87.29328,6270.0,12.374,1.512,5.0,0.2728976223334,-0.91618563147178
wheat,IN,IN-13-0824,2007,348.605,96.908,0.3,0.004,22.7874,87.29328,6270.0,12.374,1.512,5.0,1.6321848017506702,-0.426746292034309
wheat,IN,IN-13-0824,2008,348.605,96.908,0.3,0.004,22.7874,87.29328,6270.0,12.374,1.512,5.0,0.8399285750513568,-0.18652151686717597
wheat,IN,IN-13-0824,2009,348.605,96.908,0.3,0.004,22.7874,87.29328,6270.0,12.374,1.512,5.0,-0.7950269199171351,-0.6999851597771736
wheat,IN,IN-13-0824,2010,348.605,96.908,0.3,0.004,22.7874,87.29328,6270.0,12.374,1.512,5.0,-2.0093123107029816,0.2047096476995679
wheat,IN,IN-13-0824,2011,348.605,96.908,0.3,0.004,22.7874,87.29328,6270.0,12.374,1.512,5.0,-0.6548267632349021,-0.16515479063371888
wheat,IN,IN-13-0824,2012,348.605,96.908,0.3,0.004,22.7874,87.29328,6270.0,12.374,1.512,5.0,-0.8958029681303543,-0.16189545951335635
wheat,IN,IN-13-0824,2013,348.605,96.908,0.3,0.004,22.7874,87.29328,6270.0,12.374,1.512,5.0,0.56122465212796,2.080282919358152
wheat,IN,IN-13-0824,2014,348.605,96.908,0.3,0.004,22.7874,87.29328,6270.0,12.374,1.512,5.0,-0.3411868982344019,0.9013707815278968
wheat,IN,IN-13-0824,2015,348.605,96.908,0.3,0.004,22.7874,87.29328,6270.0,12.374,1.512,5.0,-0.04333524150764628,-0.09441107110563772
wheat,IN,IN-13-0824,2016,348.605,96.908,0.3,0.004,22.7874,87.29328,6270.0,12.374,1.512,5.0,-0.7242172213682768,1.860917863361318
wheat,IN,IN-13-0824,2017,348.605,96.908,0.3,0.004,22.7874,87.29328,6270.0,12.374,1.512,5.0,-0.2755197032650713,1.0592672669141354
wheat,IN,IN-14-0001,2003,339.086,101.91,93.6,4.076,21.45938,81.25028,2296.0,10.71,1.591,4.0,2.172648276200929,-1.2228962827671699
wheat,IN,IN-14-0001,2004,339.086,101.91,93.6,4.076,21.45938,81.25028,2296.0,10.71,1.591,4.0,-0.4786941074279008,0.13935379113652346
wheat,IN,IN-14-0001,2005,339.086,101.91,93.6,4.076,21.45938,81.25028,2296.0,10.71,1.591,4.0,-0.6005225076031526,0.15768516303093957
wheat,IN,IN-14-0001,2006,339.086,101.91,93.6,4.076,21.45938,81.25028,2296.0,10.71,1.591,4.0,-0.6242683615346327,-0.16097518506696723
wheat,IN,IN-14-0001,2007,339.086,101.91,93.6,4.076,21.45938,81.25028,2296.0,10.71,1.591,4.0,0.3439183953316873,-0.47960879991419725
wheat,IN,IN-14-0001,2008,339.086,101.91,93.6,4.076,21.45938,81.25028,2296.0,10.71,1.591,4.0,0.13757340058135317,1.0402937162293264
wheat,IN,IN-14-0001,2009,339.086,101.91,93.6,4.076,21.45938,81.25028,2296.0,10.71,1.591,4.0,-1.0471660591921788,-1.0791554129000864
wheat,IN,IN-14-0001,2010,339.086,101.91,93.6,4.076,21.45938,81.25028,2296.0,10.71,1.591,4.0,-0.24526337616109814,0.7839835343312719
wheat,IN,IN-14-0001,2011,339.086,101.91,93.6,4.076,21.45938,81.25028,2296.0,10.71,1.591,4.0,-0.11193539595599297,1.0143254478001844
wheat,IN,IN-14-0001,2012,339.086,101.91,93.6,4.076,21.45938,81.25028,2296.0,10.71,1.591,4.0,0.5847226493867281,0.43755259403191704
wheat,IN,IN-14-0001,2013,339.086,101.91,93.6,4.076,21.45938,81.25028,2296.0,10.71,1.591,4.0,2.034636771210796,0.5999542821078746
wheat,IN,IN-14-0001,2014,339.086,101.91,93.6,4.076,21.45938,81.25028,2296.0,10.71,1.591,4.0,0.17846391275585377,0.8634429809659039
wheat,IN,IN-14-0001,2015,339.086,101.91,93.6,4.076,21.45938,81.25028,2296.0,10.71,1.591,4.0,-0.9254033829446283,1.0209018274673074
wheat,IN,IN-14-0001,2016,339.086,101.91,93.6,4.076,21.45938,81.25028,2296.0,10.71,1.591,4.0,-0.15373430972556645,-0.7315815690118654
wheat,IN,IN-14-0001,2017,339.086,101.91,93.6,4.076,21.45938,81.25028,2296.0,10.71,1.591,4.0,-1.2649759049221962,1.1074908264177352
wheat,IN,IN-14-0002,2003,339.96,107.284,0.8,0.014,19.22685,81.9142,5396.0,10.745,1.573,4.0,0.5246665407277018,-1.6163309117101106
wheat,IN,IN-14-0002,2004,339.96,107.284,0.8,0.014,19.22685,81.9142,5396.0,10.745,1.573,4.0,-0.10102630747312467,0.28077047358256246
wheat,IN,IN-14-0002,2005,339.96,107.284,0.8,0.014,19.22685,81.9142,5396.0,10.745,1.573,4.0,-0.821324317811311,0.0519875498142573
wheat,IN,IN-14-0002,2006,339.96,107.284,0.8,0.014,19.22685,81.9142,5396.0,10.745,1.573,4.0,0.6017895306793423,0.09506760742820367
wheat,IN,IN-14-0002,2007,339.96,107.284,0.8,0.014,19.22685,81.9142,5396.0,10.745,1.573,4.0,0.7619414585291158,0.2504715848942189
wheat,IN,IN-14-0002,2008,339.96,107.284,0.8,0.014,19.22685,81.9142,5396.0,10.745,1.573,4.0,0.16903293563764765,-0.08334247410390012
wheat,IN,IN-14-0002,2009,339.96,107.284,0.8,0.014,19.22685,81.9142,5396.0,10.745,1.573,4.0,-2.016957548375442,-0.8226955047767516
wheat,IN,IN-14-0002,2010,339.96,107.284,0.8,0.014,19.22685,81.9142,5396.0,10.745,1.573,4.0,0.7205148898511791,1.3069993163398053
wheat,IN,IN-14-0002,2011,339.96,107.284,0.8,0.014,19.22685,81.9142,5396.0,10.745,1.573,4.0,-0.7373389604668826,-0.06968755277161578
wheat,IN,IN-14-0002,2012,339.96,107.284,0.8,0.014,19.22685,81.9142,5396.0,10.745,1.573,4.0,0.3869622680944768,-0.22278779699500445
wheat,IN,IN-14-0002,2013,339.96,107.284,0.8,0.014,19.22685,81.9142,5396.0,10.745,1.573,4.0,2.074827811747438,1.2215153060655106
wheat,IN,IN-14-0002,2014,339.96,107.284,0.8,0.014,19.22685,81.9142,5396.0,10.745,1.573,4.0,0.6813989677077287,0.36467113139357404
wheat,IN,IN-14-0002,2015,339.96,107.284,0.8,0.014,19.22685,81.9142,5396.0,10.745,1.573,4.0,-0.41355622899614425,1.0379634383608174
wheat,IN,IN-14-0002,2016,339.96,107.284,0.8,0.014,19.22685,81.9142,5396.0,10.745,1.573,4.0,-1.2083831891959218,0.4780265140010432
wheat,IN,IN-14-0002,2017,339.96,107.284,0.8,0.014,19.22685,81.9142,5396.0,10.745,1.573,4.0,-0.6225478506558004,1.264837169578048
wheat,IN,IN-14-0003,2003,339.218,99.863,9.9,0.341,21.46568,81.8051,2903.0,10.71,1.592,4.0,2.3541045966440524,-0.11132018898990777
wheat,IN,IN-14-0003,2004,339.218,99.863,9.9,0.341,21.46568,81.8051,2903.0,10.71,1.592,4.0,-0.15910607178839054,1.2348237174840313
wheat,IN,IN-14-0003,2005,339.218,99.863,9.9,0.341,21.46568,81.8051,2903.0,10.71,1.592,4.0,-0.6899868741975252,0.8208011319728901
wheat,IN,IN-14-0003,2006,339.218,99.863,9.9,0.341,21.46568,81.8051,2903.0,10.71,1.592,4.0,-0.32606286661630524,0.19487722316863382
wheat,IN,IN-14-0003,2007,339.218,99.863,9.9,0.341,21.46568,81.8051,2903.0,10.71,1.592,4.0,0.4449812838957212,-0.10463714725527973
wheat,IN,IN-14-0003,2008,339.218,99.863,9.9,0.341,21.46568,81.8051,2903.0,10.71,1.592,4.0,0.3334413567728443,0.09771050526542596
wheat,IN,IN-14-0003,2009,339.218,99.863,9.9,0.341,21.46568,81.8051,2903.0,10.71,1.592,4.0,-1.156303354560845,-1.5410836176556708
wheat,IN,IN-14-0003,2010,339.218,99.863,9.9,0.341,21.46568,81.8051,2903.0,10.71,1.592,4.0,-0.4193654004895411,0.7070006844634478
wheat,IN,IN-14-0003,2011,339.218,99.863,9.9,0.341,21.46568,81.8051,2903.0,10.71,1.592,4.0,-0.19466920347419644,0.7113261239929795
wheat,IN,IN-14-0003,2012,339.218,99.863,9.9,0.341,21.46568,81.8051,2903.0,10.71,1.592,4.0,0.6257477582716758,-0.09579194495945112
wheat,IN,IN-14-0003,2013,339.218,99.863,9.9,0.341,21.46568,81.8051,2903.0,10.71,1.592,4.0,1.6757471908043935,0.9813571346218986
wheat,IN,IN-14-0003,2014,339.218,99.863,9.9,0.341,21.46568,81.8051,2903.0,10.71,1.592,4.0,0.18842449295414054,0.35160897116648765
wheat,IN,IN-14-0003,2015,339.218,99.863,9.9,0.341,21.46568,81.8051,2903.0,10.71,1.592,4.0,-1.1179994409273613,1.3019625151344936
wheat,IN,IN-14-0003,2016,339.218,99.863,9.9,0.341,21.46568,81.8051,2903.0,10.71,1.592,4.0,-0.39855537771149724,-0.14596648429838022
wheat,IN,IN-14-0003,2017,339.218,99.863,9.9,0.341,21.46568,81.8051,2903.0,10.71,1.592,4.0,-1.160398089577147,-0.8618980248885552
wheat,IN,IN-14-0004,2003,340.343,103.281,9.7,0.175,22.3658,82.03855,5535.0,10.735,1.574,4.0,2.351446750522788,-0.9776909289124384
wheat,IN,IN-14-0004,2004,340.343,103.281,9.7,0.175,22.3658,82.03855,5535.0,10.735,1.574,4.0,0.23863194656766148,0.8940325807384851
wheat,IN,IN-14-0004,2005,340.343,103.281,9.7,0.175,22.3658,82.03855,5535.0,10.735,1.574,4.0,-0.5185363055754453,0.1618485405543998
wheat,IN,IN-14-0004,2006,340.343,103.281,9.7,0.175,22.3658,82.03855,5535.0,10.735,1.574,4.0,-0.23536560116240526,-0.627164547783368
wheat,IN,IN-14-0004,2007,340.343,103.281,9.7,0.175,22.3658,82.03855,5535.0,10.735,1.574,4.0,0.014401978963828792,0.6445512600378398
wheat,IN,IN-14-0004,2008,340.343,103.281,9.7,0.175,22.3658,82.03855,5535.0,10.735,1.574,4.0,0.04642130021898426,0.35239156214650424
wheat,IN,IN-14-0004,2009,340.343,103.281,9.7,0.175,22.3658,82.03855,5535.0,10.735,1.574,4.0,-1.2996713522753014,-0.742271375621642
wheat,IN,IN-14-0004,2010,340.343,103.281,9.7,0.175,22.3658,82.03855,5535.0,10.735,1.574,4.0,-1.1260798450948966,-0.4512183570875012
wheat,IN,IN-14-0004,2011,340.343,103.281,9.7,0.175,22.3658,82.03855,5535.0,10.735,1.574,4.0,0.09990354084491385,0.5914054492835437
wheat,IN,IN-14-0004,2012,340.343,103.281,9.7,0.175,22.3658,82.03855,5535.0,10.735,1.574,4.0,0.33637583378232216,0.10631990396905365
wheat,IN,IN-14-0004,2013,340.343,103.281,9.7,0.175,22.3658,82.03855,5535.0,10.735,1.574,4.0,1.5874463896379722,1.6049495206510045
wheat,IN,IN-14-0004,2014,340.343,103.281,9.7,0.175,22.3658,82.03855,5535.0,10.735,1.574,4.0,0.4916995588474108,1.080951819890203
wheat,IN,IN-14-0004,2015,340.343,103.281,9.7,0.175,22.3658,82.03855,5535.0,10.735,1.574,4.0,-0.9715130769533717,0.8840870761522458
wheat,IN,IN-14-0004,2016,340.343,103.281,9.7,0.175,22.3658,82.03855,5535.0,10.735,1.574,4.0,0.11928253977360274,0.051771063162981544
wheat,IN,IN-14-0004,2017,340.343,103.281,9.7,0.175,22.3658,82.03855,5535.0,10.735,1.574,4.0,-1.1344436580980641,0.30699214165183136
wheat,IN,IN-14-0005,2003,343.004,98.684,26.5,0.376,21.73542,83.1602,7050.0,11.894,1.504,4.0,2.0912262705654503,-1.3960932118904104
wheat,IN,IN-14-0005,2004,343.004,98.684,26.5,0.376,21.73542,83.1602,7050.0,11.894,1.504,4.0,0.8296139692334643,0.6986217385965053
wheat,IN,IN-14-0005,2005,343.004,98.684,26.5,0.376,21.73542,83.1602,7050.0,11.894,1.504,4.0,-0.08124892747458308,1.0068599242411895
wheat,IN,IN-14-0005,2006,343.004,98.684,26.5,0.376,21.73542,83.1602,7050.0,11.894,1.504,4.0,0.21541863858116536,-0.6858484391529776
wheat,IN,IN-14-0005,2007,343.004,98.684,26.5,0.376,21.73542,83.1602,7050.0,11.894,1.504,4.0,0.49586334936895016,0.29366799082632655
wheat,IN,IN-14-0005,2008,343.004,98.684,26.5,0.376,21.73542,83.1602,7050.0,11.894,1.504,4.0,0.665723715104476,1.0168083524551186
wheat,IN,IN-14-0005,2009,343.004,98.684,26.5,0.376,21.73542,83.1602,7050.0,11.894,1.504,4.0,-1.4352939656658716,-0.5884610154194331
wheat,IN,IN-14-0005,2010,343.004,98.684,26.5,0.376,21.73542,83.1602,7050.0,11.894,1.504,4.0,-1.237626250744187,0.43087735511808317
wheat,IN,IN-14-0005,2011,343.004,98.684,26.5,0.376,21.73542,83.1602,7050.0,11.894,1.504,4.0,-0.16232424469575185,-0.1832715047979637
wheat,IN,IN-14-0005,2012,343.004,98.684,26.5,0.376,21.73542,83.1602,7050.0,11.894,1.504,4.0,0.4142683498954481,0.3279204708873261
wheat,IN,IN-14-0005,2013,343.004,98.684,26.5,0.376,21.73542,83.1602,7050.0,11.894,1.504,4.0,0.8430781455837488,1.397131870404006
wheat,IN,IN-14-0005,2014,343.004,98.684,26.5,0.376,21.73542,83.1602,7050.0,11.894,1.504,4.0,0.4866667711420243,0.6920981791119662
wheat,IN,IN-14-0005,2015,343.004,98.684,26.5,0.376,21.73542,83.1602,7050.0,11.894,1.504,4.0,-1.2840566151839965,0.6691519379017988
wheat,IN,IN-14-0005,2016,343.004,98.684,26.5,0.376,21.73542,83.1602,7050.0,11.894,1.504,4.0,-0.6808142179870336,0.37276994234356164
wheat,IN,IN-14-0005,2017,343.004,98.684,26.5,0.376,21.73542,83.1602,7050.0,11.894,1.504,4.0,-1.1604949877232775,-0.26975048565717147
wheat,IN,IN-14-0006,2003,342.167,110.435,18.3,0.457,23.08254,83.26329,4008.0,11.258,1.547,4.0,1.5845757079372969,-0.7865185446138085
wheat,IN,IN-14-0006,2004,342.167,110.435,18.3,0.457,23.08254,83.26329,4008.0,11.258,1.547,4.0,0.9654831047525853,0.00903497860013225
wheat,IN,IN-14-0006,2005,342.167,110.435,18.3,0.457,23.08254,83.26329,4008.0,11.258,1.547,4.0,-0.3039853685972446,-0.12515608900224584
wheat,IN,IN-14-0006,2006,342.167,110.435,18.3,0.457,23.08254,83.26329,4008.0,11.258,1.547,4.0,0.15185454983204408,-0.6509790643702358
wheat,IN,IN-14-0006,2007,342.167,110.435,18.3,0.457,23.08254,83.26329,4008.0,11.258,1.547,4.0,0.3881884567928336,-0.00909766654458278
wheat,IN,IN-14-0006,2008,342.167,110.435,18.3,0.457,23.08254,83.26329,4008.0,11.258,1.547,4.0,0.22683533388642296,-0.03782746621431519
wheat,IN,IN-14-0006,2009,342.167,110.435,18.3,0.457,23.08254,83.26329,4008.0,11.258,1.547,4.0,-1.6324845230045146,-0.9030323254132512
wheat,IN,IN-14-0006,2010,342.167,110.435,18.3,0.457,23.08254,83.26329,4008.0,11.258,1.547,4.0,-2.34716799024446,-0.13410713297794605
wheat,IN,IN-14-0006,2011,342.167,110.435,18.3,0.457,23.08254,83.26329,4008.0,11.258,1.547,4.0,-0.0035263016270552705,-0.6647509307742362
wheat,IN,IN-14-0006,2012,342.167,110.435,18.3,0.457,23.08254,83.26329,4008.0,11.258,1.547,4.0,0.40541932189604835,0.2241584021494664
wheat,IN,IN-14-0006,2013,342.167,110.435,18.3,0.457,23.08254,83.26329,4008.0,11.258,1.547,4.0,1.0010131672809093,2.063073975606108
wheat,IN,IN-14-0006,2014,342.167,110.435,18.3,0.457,23.08254,83.26329,4008.0,11.258,1.547,4.0,0.23345138252126366,2.1751321103693964
wheat,IN,IN-14-0006,2015,342.167,110.435,18.3,0.457,23.08254,83.26329,4008.0,11.258,1.547,4.0,-0.7716688614477477,0.5793826166533137
wheat,IN,IN-14-0006,2016,342.167,110.435,18.3,0.457,23.08254,83.26329,4008.0,11.258,1.547,4.0,0.399981098218539,0.4210342588571033
wheat,IN,IN-14-0006,2017,342.167,110.435,18.3,0.457,23.08254,83.26329,4008.0,11.258,1.547,4.0,-0.29796907819693214,0.5413610230383491
wheat,IN,IN-14-0501,2003,339.039,102.171,507.7,6.296,21.47473,80.96533,8064.0,10.82,1.583,4.0,2.029269659961129,-0.8047680888687538
wheat,IN,IN-14-0501,2004,339.039,102.171,507.7,6.296,21.47473,80.96533,8064.0,10.82,1.583,4.0,-0.5025086427010267,-0.09224504722462899
wheat,IN,IN-14-0501,2005,339.039,102.171,507.7,6.296,21.47473,80.96533,8064.0,10.82,1.583,4.0,-0.4694873343041614,-0.3739128194164604
wheat,IN,IN-14-0501,2006,339.039,102.171,507.7,6.296,21.47473,80.96533,8064.0,10.82,1.583,4.0,-0.8267041485607732,-0.7387784486527516
wheat,IN,IN-14-0501,2007,339.039,102.171,507.7,6.296,21.47473,80.96533,8064.0,10.82,1.583,4.0,0.31563232578943895,-0.5794459318001024
wheat,IN,IN-14-0501,2008,339.039,102.171,507.7,6.296,21.47473,80.96533,8064.0,10.82,1.583,4.0,0.10788873982444828,0.658563527502754
wheat,IN,IN-14-0501,2009,339.039,102.171,507.7,6.296,21.47473,80.96533,8064.0,10.82,1.583,4.0,-0.9769696197346726,-0.6888839510116336
wheat,IN,IN-14-0501,2010,339.039,102.171,507.7,6.296,21.47473,80.96533,8064.0,10.82,1.583,4.0,-0.08489484928226466,0.5468324115900103
wheat,IN,IN-14-0501,2011,339.039,102.171,507.7,6.296,21.47473,80.96533,8064.0,10.82,1.583,4.0,-0.087683599937914,0.5939352370849107
wheat,IN,IN-14-0501,2012,339.039,102.171,507.7,6.296,21.47473,80.96533,8064.0,10.82,1.583,4.0,0.49188022829153627,0.5342030292744792
wheat,IN,IN-14-0501,2013,339.039,102.171,507.7,6.296,21.47473,80.96533,8064.0,10.82,1.583,4.0,2.185247533949337,1.1584661157775258
wheat,IN,IN-14-0501,2014,339.039,102.171,507.7,6.296,21.47473,80.96533,8064.0,10.82,1.583,4.0,0.11482835107809758,1.025536576267856
wheat,IN,IN-14-0501,2015,339.039,102.171,507.7,6.296,21.47473,80.96533,8064.0,10.82,1.583,4.0,-0.9000449946283041,1.297920266041439
wheat,IN,IN-14-0501,2016,339.039,102.171,507.7,6.296,21.47473,80.96533,8064.0,10.82,1.583,4.0,-0.054215261138705235,0.10593389576353493
wheat,IN,IN-14-0501,2017,339.039,102.171,507.7,6.296,21.47473,80.96533,8064.0,10.82,1.583,4.0,-1.3422383886061702,1.1211836255787488
wheat,IN,IN-14-1055,2003,340.774,106.258,0.1,0.003,18.90645,81.24839,2818.0,11.907,1.505,4.0,0.7270185109092141,-1.9987482267204968
wheat,IN,IN-14-1055,2004,340.774,106.258,0.1,0.003,18.90645,81.24839,2818.0,11.907,1.505,4.0,-0.2841626161090465,1.3319079606521143
wheat,IN,IN-14-1055,2005,340.774,106.258,0.1,0.003,18.90645,81.24839,2818.0,11.907,1.505,4.0,-0.17153416339855976,0.0038410516255391273
wheat,IN,IN-14-1055,2006,340.774,106.258,0.1,0.003,18.90645,81.24839,2818.0,11.907,1.505,4.0,0.9395675471893066,0.5729548604798101
wheat,IN,IN-14-1055,2008,340.774,106.258,0.1,0.003,18.90645,81.24839,2818.0,11.907,1.505,4.0,0.72757340748644,-0.30215507162829847
wheat,IN,IN-14-1055,2009,340.774,106.258,0.1,0.003,18.90645,81.24839,2818.0,11.907,1.505,4.0,-1.3531951755023381,-0.5780913111425938
wheat,IN,IN-14-1055,2011,340.774,106.258,0.1,0.003,18.90645,81.24839,2818.0,11.907,1.505,4.0,-0.6732124614160798,0.1673150951791406
wheat,IN,IN-14-1055,2012,340.774,106.258,0.1,0.003,18.90645,81.24839,2818.0,11.907,1.505,4.0,0.03051948477701137,-0.14343817531435132
wheat,IN,IN-14-1055,2013,340.774,106.258,0.1,0.003,18.90645,81.24839,2818.0,11.907,1.505,4.0,2.4035443791616924,1.1138078808806948
wheat,IN,IN-14-1055,2014,340.774,106.258,0.1,0.003,18.90645,81.24839,2818.0,11.907,1.505,4.0,0.015435570570521574,1.4266012110125454
wheat,IN,IN-14-1055,2015,340.774,106.258,0.1,0.003,18.90645,81.24839,2818.0,11.907,1.505,4.0,-0.7461972213076532,0.900557261408347
wheat,IN,IN-14-1055,2016,340.774,106.258,0.1,0.003,18.90645,81.24839,2818.0,11.907,1.505,4.0,-0.695709508294123,-0.5331139289886758
wheat,IN,IN-14-1055,2017,340.774,106.258,0.1,0.003,18.90645,81.24839,2818.0,11.907,1.505,4.0,-0.9196477540663764,0.42482934858623267
wheat,IN,IN-14-1056,2003,339.954,101.64,3.0,0.072,20.8105,81.62754,4084.0,10.735,1.574,4.0,2.394400130736049,-1.8205775311426964
wheat,IN,IN-14-1056,2004,339.954,101.64,3.0,0.072,20.8105,81.62754,4084.0,10.735,1.574,4.0,0.018555763808109745,0.3625400142749442
wheat,IN,IN-14-1056,2005,339.954,101.64,3.0,0.072,20.8105,81.62754,4084.0,10.735,1.574,4.0,-0.7294193380534826,0.34743595462064436
wheat,IN,IN-14-1056,2006,339.954,101.64,3.0,0.072,20.8105,81.62754,4084.0,10.735,1.574,4.0,0.008813273726537223,0.42876550660533835
wheat,IN,IN-14-1056,2007,339.954,101.64,3.0,0.072,20.8105,81.62754,4084.0,10.735,1.574,4.0,0.5064375822439477,0.3742456605070235
wheat,IN,IN-14-1056,2008,339.954,101.64,3.0,0.072,20.8105,81.62754,4084.0,10.735,1.574,4.0,0.3543453607820196,1.1052683890163428
wheat,IN,IN-14-1056,2009,339.954,101.64,3.0,0.072,20.8105,81.62754,4084.0,10.735,1.574,4.0,-1.2837570918626557,-0.5536899487471492
wheat,IN,IN-14-1056,2010,339.954,101.64,3.0,0.072,20.8105,81.62754,4084.0,10.735,1.574,4.0,-0.36750970458543997,-0.21195049139274488
wheat,IN,IN-14-1056,2011,339.954,101.64,3.0,0.072,20.8105,81.62754,4084.0,10.735,1.574,4.0,-0.40728235857038797,0.7530832319601631
wheat,IN,IN-14-1056,2012,339.954,101.64,3.0,0.072,20.8105,81.62754,4084.0,10.735,1.574,4.0,0.49981366772514146,-0.8387491063497279
wheat,IN,IN-14-1056,2013,339.954,101.64,3.0,0.072,20.8105,81.62754,4084.0,10.735,1.574,4.0,1.4607055332179864,1.171707906483537
wheat,IN,IN-14-1056,2014,339.954,101.64,3.0,0.072,20.8105,81.62754,4084.0,10.735,1.574,4.0,0.2954880582226027,0.4720518945297876
wheat,IN,IN-14-1056,2015,339.954,101.64,3.0,0.072,20.8105,81.62754,4084.0,10.735,1.574,4.0,-0.7571931380116147,1.3197262799409264
wheat,IN,IN-14-1056,2016,339.954,101.64,3.0,0.072,20.8105,81.62754,4084.0,10.735,1.574,4.0,-0.5651823877062938,-0.2913436254730353
wheat,IN,IN-14-1056,2017,339.954,101.64,3.0,0.072,20.8105,81.62754,4084.0,10.735,1.574,4.0,-1.4282153516724898,0.6672063252633126
wheat,IN,IN-14-1059,2003,339.077,100.917,88.7,1.976,21.9663,81.62619,4489.0,10.736,1.574,4.0,2.5130842034187295,-0.7718661931600059
wheat,IN,IN-14-1059,2004,339.077,100.917,88.7,1.976,21.9663,81.62619,4489.0,10.736,1.574,4.0,-0.16947738284628427,0.23585787430394628
wheat,IN,IN-14-1059,2005,339.077,100.917,88.7,1.976,21.9663,81.62619,4489.0,10.736,1.574,4.0,-0.6500930940481141,0.05448546735914907
wheat,IN,IN-14-1059,2006,339.077,100.917,88.7,1.976,21.9663,81.62619,4489.0,10.736,1.574,4.0,-0.4635418858110249,-0.9492214441148945
wheat,IN,IN-14-1059,2007,339.077,100.917,88.7,1.976,21.9663,81.62619,4489.0,10.736,1.574,4.0,0.25843129650900176,-0.2727805690842235
wheat,IN,IN-14-1059,2008,339.077,100.917,88.7,1.976,21.9663,81.62619,4489.0,10.736,1.574,4.0,-0.0014886178103661859,0.6321957531439417
wheat,IN,IN-14-1059,2009,339.077,100.917,88.7,1.976,21.9663,81.62619,4489.0,10.736,1.574,4.0,-1.1889765108039332,-0.3900594606424805
wheat,IN,IN-14-1059,2010,339.077,100.917,88.7,1.976,21.9663,81.62619,4489.0,10.736,1.574,4.0,-0.655354540119511,0.305510919020049
wheat,IN,IN-14-1059,2011,339.077,100.917,88.7,1.976,21.9663,81.62619,4489.0,10.736,1.574,4.0,-0.027467950023922848,0.08736405551886249
wheat,IN,IN-14-1059,2012,339.077,100.917,88.7,1.976,21.9663,81.62619,4489.0,10.736,1.574,4.0,0.45900192127214084,0.32411819321412566
wheat,IN,IN-14-1059,2013,339.077,100.917,88.7,1.976,21.9663,81.62619,4489.0,10.736,1.574,4.0,1.5677917684170388,0.7428130978132792
wheat,IN,IN-14-1059,2014,339.077,100.917,88.7,1.976,21.9663,81.62619,4489.0,10.736,1.574,4.0,0.4811683594941431,1.4587936262769516
wheat,IN,IN-14-1059,2015,339.077,100.917,88.7,1.976,21.9663,81.62619,4489.0,10.736,1.574,4.0,-1.0451968330080896,1.4572990124310479
wheat,IN,IN-14-1059,2016,339.077,100.917,88.7,1.976,21.9663,81.62619,4489.0,10.736,1.574,4.0,-0.022235279859489997,0.4588402129905107
wheat,IN,IN-14-1059,2017,339.077,100.917,88.7,1.976,21.9663,81.62619,4489.0,10.736,1.574,4.0,-1.0556454547803271,0.6615671346613654
wheat,IN,IN-14-1065,2003,338.424,109.166,14.0,0.213,23.41511,82.30701,6600.0,11.174,1.588,4.0,1.9499505112332578,-1.0458155395392346
wheat,IN,IN-14-1065,2004,338.424,109.166,14.0,0.213,23.41511,82.30701,6600.0,11.174,1.588,4.0,0.5242606186452266,0.45182567601091134
wheat,IN,IN-14-1065,2005,338.424,109.166,14.0,0.213,23.41511,82.30701,6600.0,11.174,1.588,4.0,-0.23933819263094278,0.09959154882702728
wheat,IN,IN-14-1065,2006,338.424,109.166,14.0,0.213,23.41511,82.30701,6600.0,11.174,1.588,4.0,-0.47668794973864004,-0.3747092278460476
wheat,IN,IN-14-1065,2007,338.424,109.166,14.0,0.213,23.41511,82.30701,6600.0,11.174,1.588,4.0,-0.35441861491232224,-0.5863988496884697
wheat,IN,IN-14-1065,2008,338.424,109.166,14.0,0.213,23.41511,82.30701,6600.0,11.174,1.588,4.0,-0.025994255893987222,-0.1880545852634827
wheat,IN,IN-14-1065,2009,338.424,109.166,14.0,0.213,23.41511,82.30701,6600.0,11.174,1.588,4.0,-1.1967083700281205,-0.6626200050790805
wheat,IN,IN-14-1065,2010,338.424,109.166,14.0,0.213,23.41511,82.30701,6600.0,11.174,1.588,4.0,-1.7093263716879155,-0.6887594109188743
wheat,IN,IN-14-1065,2011,338.424,109.166,14.0,0.213,23.41511,82.30701,6600.0,11.174,1.588,4.0,0.3627520955293585,0.058134820953347925
wheat,IN,IN-14-1065,2012,338.424,109.166,14.0,0.213,23.41511,82.30701,6600.0,11.174,1.588,4.0,0.4243404171419717,0.17523527122225574
wheat,IN,IN-14-1065,2013,338.424,109.166,14.0,0.213,23.41511,82.30701,6600.0,11.174,1.588,4.0,1.641230323925049,1.4826139914282814
wheat,IN,IN-14-1065,2014,338.424,109.166,14.0,0.213,23.41511,82.30701,6600.0,11.174,1.588,4.0,0.03069226453677221,2.384378424960122
wheat,IN,IN-14-1065,2015,338.424,109.166,14.0,0.213,23.41511,82.30701,6600.0,11.174,1.588,4.0,-0.9432017170751823,0.6037576971683057
wheat,IN,IN-14-1065,2016,338.424,109.166,14.0,0.213,23.41511,82.30701,6600.0,11.174,1.588,4.0,0.8006407511119285,-0.1177601530249816
wheat,IN,IN-14-1065,2017,338.424,109.166,14.0,0.213,23.41511,82.30701,6600.0,11.174,1.588,4.0,-0.7881915101564341,1.1046066354260626
wheat,IN,IN-14-1066,2003,343.974,115.343,2.5,0.042,23.0253,83.65456,5859.0,11.838,1.548,5.0,1.7545569490826565,-0.3656916262277181
wheat,IN,IN-14-1066,2004,343.974,115.343,2.5,0.042,23.0253,83.65456,5859.0,11.838,1.548,5.0,0.9417344422268745,0.05365207979121466
wheat,IN,IN-14-1066,2005,343.974,115.343,2.5,0.042,23.0253,83.65456,5859.0,11.838,1.548,5.0,-0.3529088016794065,-0.1799004615308869
wheat,IN,IN-14-1066,2006,343.974,115.343,2.5,0.042,23.0253,83.65456,5859.0,11.838,1.548,5.0,0.1960768632385974,0.0012857743936654455
wheat,IN,IN-14-1066,2007,343.974,115.343,2.5,0.042,23.0253,83.65456,5859.0,11.838,1.548,5.0,0.4498248543729477,-0.5925729245848573
wheat,IN,IN-14-1066,2008,343.974,115.343,2.5,0.042,23.0253,83.65456,5859.0,11.838,1.548,5.0,0.04303594447317333,-0.49761784006856397
wheat,IN,IN-14-1066,2009,343.974,115.343,2.5,0.042,23.0253,83.65456,5859.0,11.838,1.548,5.0,-1.7800750717140201,-0.5938127131004657
wheat,IN,IN-14-1066,2010,343.974,115.343,2.5,0.042,23.0253,83.65456,5859.0,11.838,1.548,5.0,-2.167047153335572,-0.04167289767232103
wheat,IN,IN-14-1066,2011,343.974,115.343,2.5,0.042,23.0253,83.65456,5859.0,11.838,1.548,5.0,0.010752021469953205,-0.3495073599293163
wheat,IN,IN-14-1066,2012,343.974,115.343,2.5,0.042,23.0253,83.65456,5859.0,11.838,1.548,5.0,0.250042246566067,-0.34178596049077387
wheat,IN,IN-14-1066,2013,343.974,115.343,2.5,0.042,23.0253,83.65456,5859.0,11.838,1.548,5.0,0.9978966067520127,2.468555636695934
wheat,IN,IN-14-1066,2014,343.974,115.343,2.5,0.042,23.0253,83.65456,5859.0,11.838,1.548,5.0,0.08271776736495857,1.6154904217215003
wheat,IN,IN-14-1066,2015,343.974,115.343,2.5,0.042,23.0253,83.65456,5859.0,11.838,1.548,5.0,-0.7205212608587174,0.03461247044429951
wheat,IN,IN-14-1066,2016,343.974,115.343,2.5,0.042,23.0253,83.65456,5859.0,11.838,1.548,5.0,0.4428457018492869,0.8312931908835262
wheat,IN,IN-14-1066,2017,343.974,115.343,2.5,0.042,23.0253,83.65456,5859.0,11.838,1.548,5.0,-0.14893110980885071,0.7659873308236275
wheat,IN,IN-14-1067,2003,342.043,104.242,1.0,0.016,22.46385,82.71386,6597.0,10.868,1.562,4.0,1.8504015347384433,-0.5356816762434088
wheat,IN,IN-14-1067,2004,342.043,104.242,1.0,0.016,22.46385,82.71386,6597.0,10.868,1.562,4.0,0.6131336296629842,0.9743434460940444
wheat,IN,IN-14-1067,2005,342.043,104.242,1.0,0.016,22.46385,82.71386,6597.0,10.868,1.562,4.0,-0.3855731187088078,-0.08487967620900466
wheat,IN,IN-14-1067,2006,342.043,104.242,1.0,0.016,22.46385,82.71386,6597.0,10.868,1.562,4.0,0.14093352014191352,-0.6823135095879264
wheat,IN,IN-14-1067,2007,342.043,104.242,1.0,0.016,22.46385,82.71386,6597.0,10.868,1.562,4.0,0.3523764190268195,0.5184724129843213
wheat,IN,IN-14-1067,2008,342.043,104.242,1.0,0.016,22.46385,82.71386,6597.0,10.868,1.562,4.0,0.4348315332803637,0.4410559904977942
wheat,IN,IN-14-1067,2009,342.043,104.242,1.0,0.016,22.46385,82.71386,6597.0,10.868,1.562,4.0,-1.5298986853803074,-0.2655774910376094
wheat,IN,IN-14-1067,2010,342.043,104.242,1.0,0.016,22.46385,82.71386,6597.0,10.868,1.562,4.0,-1.7224235612967504,-0.8722438204132325
wheat,IN,IN-14-1067,2011,342.043,104.242,1.0,0.016,22.46385,82.71386,6597.0,10.868,1.562,4.0,0.15530231627946336,0.08788845443480912
wheat,IN,IN-14-1067,2012,342.043,104.242,1.0,0.016,22.46385,82.71386,6597.0,10.868,1.562,4.0,0.5388243522644073,0.06972474485542066
wheat,IN,IN-14-1067,2013,342.043,104.242,1.0,0.016,22.46385,82.71386,6597.0,10.868,1.562,4.0,1.2512940864112665,1.1000382010743956
wheat,IN,IN-14-1067,2014,342.043,104.242,1.0,0.016,22.46385,82.71386,6597.0,10.868,1.562,4.0,0.451593465824045,1.303881323896971
wheat,IN,IN-14-1067,2015,342.043,104.242,1.0,0.016,22.46385,82.71386,6597.0,10.868,1.562,4.0,-1.0228397947012846,1.3252261155652636
wheat,IN,IN-14-1067,2016,342.043,104.242,1.0,0.016,22.46385,82.71386,6597.0,10.868,1.562,4.0,0.0036948544002498155,-0.38613489244821364
wheat,IN,IN-14-1067,2017,342.043,104.242,1.0,0.016,22.46385,82.71386,6597.0,10.868,1.562,4.0,-1.1316505519428124,0.843633238391763
wheat,IN,IN-14-1068,2003,339.943,104.892,379.8,9.06,21.95655,81.22009,4192.0,10.77,1.572,4.0,2.4271214383136446,-0.7553546155524907
wheat,IN,IN-14-1068,2004,339.943,104.892,379.8,9.06,21.95655,81.22009,4192.0,10.77,1.572,4.0,-0.3167316821760052,0.185609769256929
wheat,IN,IN-14-1068,2005,339.943,104.892,379.8,9.06,21.95655,81.22009,4192.0,10.77,1.572,4.0,-0.390117142418378,-0.1503759320898867
wheat,IN,IN-14-1068,2006,339.943,104.892,379.8,9.06,21.95655,81.22009,4192.0,10.77,1.572,4.0,-0.7083016386838518,-0.8333052929497705
wheat,IN,IN-14-1068,2007,339.943,104.892,379.8,9.06,21.95655,81.22009,4192.0,10.77,1.572,4.0,0.1079262858977753,-0.3115314369809611
wheat,IN,IN-14-1068,2008,339.943,104.892,379.8,9.06,21.95655,81.22009,4192.0,10.77,1.572,4.0,-0.2593093749727857,0.4444373336115153
wheat,IN,IN-14-1068,2009,339.943,104.892,379.8,9.06,21.95655,81.22009,4192.0,10.77,1.572,4.0,-1.1103377176998555,0.1275454277744806
wheat,IN,IN-14-1068,2010,339.943,104.892,379.8,9.06,21.95655,81.22009,4192.0,10.77,1.572,4.0,-0.49575978741691995,0.5230658675461832
wheat,IN,IN-14-1068,2011,339.943,104.892,379.8,9.06,21.95655,81.22009,4192.0,10.77,1.572,4.0,-0.039967254000194824,-0.07191705934088674
wheat,IN,IN-14-1068,2012,339.943,104.892,379.8,9.06,21.95655,81.22009,4192.0,10.77,1.572,4.0,0.3517942806183632,0.07714864742402201
wheat,IN,IN-14-1068,2013,339.943,104.892,379.8,9.06,21.95655,81.22009,4192.0,10.77,1.572,4.0,1.9207917163910648,1.671947966350175
wheat,IN,IN-14-1068,2014,339.943,104.892,379.8,9.06,21.95655,81.22009,4192.0,10.77,1.572,4.0,0.38627368907686066,0.7957326005593087
wheat,IN,IN-14-1068,2015,339.943,104.892,379.8,9.06,21.95655,81.22009,4192.0,10.77,1.572,4.0,-0.8158086214276158,1.6754544617300349
wheat,IN,IN-14-1068,2016,339.943,104.892,379.8,9.06,21.95655,81.22009,4192.0,10.77,1.572,4.0,0.022839068309036335,-0.29098263971040517
wheat,IN,IN-14-1068,2017,339.943,104.892,379.8,9.06,21.95655,81.22009,4192.0,10.77,1.572,4.0,-1.0804132598111482,0.7119760113092563
wheat,IN,IN-14-1069,2003,341.963,97.594,5.3,0.112,21.31803,82.85723,4752.0,13.498,1.411,5.0,2.4067582601791946,-1.2906460851762518
wheat,IN,IN-14-1069,2004,341.963,97.594,5.3,0.112,21.31803,82.85723,4752.0,13.498,1.411,5.0,0.6614779542811791,0.16979976190349858
wheat,IN,IN-14-1069,2005,341.963,97.594,5.3,0.112,21.31803,82.85723,4752.0,13.498,1.411,5.0,-0.3747877004048187,0.718554680069563
wheat,IN,IN-14-1069,2006,341.963,97.594,5.3,0.112,21.31803,82.85723,4752.0,13.498,1.411,5.0,0.08073830892252916,-0.4874154416815789
wheat,IN,IN-14-1069,2007,341.963,97.594,5.3,0.112,21.31803,82.85723,4752.0,13.498,1.411,5.0,0.4703968288834277,0.7179591966474097
wheat,IN,IN-14-1069,2008,341.963,97.594,5.3,0.112,21.31803,82.85723,4752.0,13.498,1.411,5.0,0.5053164985659938,0.11970221657119036
wheat,IN,IN-14-1069,2009,341.963,97.594,5.3,0.112,21.31803,82.85723,4752.0,13.498,1.411,5.0,-1.366643474499639,-0.5332838029496403
wheat,IN,IN-14-1069,2010,341.963,97.594,5.3,0.112,21.31803,82.85723,4752.0,13.498,1.411,5.0,-0.7957547782370381,0.2277770929768041
wheat,IN,IN-14-1069,2011,341.963,97.594,5.3,0.112,21.31803,82.85723,4752.0,13.498,1.411,5.0,-0.3180678813969021,-0.20938153811249963
wheat,IN,IN-14-1069,2012,341.963,97.594,5.3,0.112,21.31803,82.85723,4752.0,13.498,1.411,5.0,0.44287752370924865,-0.44224100418460327
wheat,IN,IN-14-1069,2013,341.963,97.594,5.3,0.112,21.31803,82.85723,4752.0,13.498,1.411,5.0,0.9520156121121243,1.6718778325226489
wheat,IN,IN-14-1069,2014,341.963,97.594,5.3,0.112,21.31803,82.85723,4752.0,13.498,1.411,5.0,0.403778822918764,0.6302147143928698
wheat,IN,IN-14-1069,2015,341.963,97.594,5.3,0.112,21.31803,82.85723,4752.0,13.498,1.411,5.0,-1.1890795597911774,1.16463444572916
wheat,IN,IN-14-1069,2016,341.963,97.594,5.3,0.112,21.31803,82.85723,4752.0,13.498,1.411,5.0,-0.7165109335284873,1.0499726731349561
wheat,IN,IN-14-1069,2017,341.963,97.594,5.3,0.112,21.31803,82.85723,4752.0,13.498,1.411,5.0,-1.162515481714374,0.17095021447133074
wheat,IN,IN-14-1070,2003,340.976,107.958,21.1,0.294,20.07209,80.60147,7185.0,10.99,1.56,4.0,0.8728302854117852,-1.7587249875211983
wheat,IN,IN-14-1070,2004,340.976,107.958,21.1,0.294,20.07209,80.60147,7185.0,10.99,1.56,4.0,-0.45851363558673175,0.8475427051438612
wheat,IN,IN-14-1070,2005,340.976,107.958,21.1,0.294,20.07209,80.60147,7185.0,10.99,1.56,4.0,-0.8381117622185864,0.23350454492537645
wheat,IN,IN-14-1070,2006,340.976,107.958,21.1,0.294,20.07209,80.60147,7185.0,10.99,1.56,4.0,-0.040833611580122574,1.274024462338413
wheat,IN,IN-14-1070,2007,340.976,107.958,21.1,0.294,20.07209,80.60147,7185.0,10.99,1.56,4.0,0.5636729379963917,0.7540704446341863
wheat,IN,IN-14-1070,2008,340.976,107.958,21.1,0.294,20.07209,80.60147,7185.0,10.99,1.56,4.0,0.4321522094202537,0.5538582427741379
wheat,IN,IN-14-1070,2009,340.976,107.958,21.1,0.294,20.07209,80.60147,7185.0,10.99,1.56,4.0,-0.9736369581403272,-1.6305211389418421
wheat,IN,IN-14-1070,2010,340.976,107.958,21.1,0.294,20.07209,80.60147,7185.0,10.99,1.56,4.0,0.5835320832651559,-0.21941215850626228
wheat,IN,IN-14-1070,2011,340.976,107.958,21.1,0.294,20.07209,80.60147,7185.0,10.99,1.56,4.0,-0.6008301734679796,0.40792005346992444
wheat,IN,IN-14-1070,2012,340.976,107.958,21.1,0.294,20.07209,80.60147,7185.0,10.99,1.56,4.0,0.6253873412136853,-1.0206020640975633
wheat,IN,IN-14-1070,2013,340.976,107.958,21.1,0.294,20.07209,80.60147,7185.0,10.99,1.56,4.0,2.604325404846634,0.7056578025133063
wheat,IN,IN-14-1070,2014,340.976,107.958,21.1,0.294,20.07209,80.60147,7185.0,10.99,1.56,4.0,-0.06422189285837325,-0.0361314584276639
wheat,IN,IN-14-1070,2015,340.976,107.958,21.1,0.294,20.07209,80.60147,7185.0,10.99,1.56,4.0,-0.7547745190160612,1.2584943143173217
wheat,IN,IN-14-1070,2016,340.976,107.958,21.1,0.294,20.07209,80.60147,7185.0,10.99,1.56,4.0,-0.46593541187169796,-0.0932404455221044
wheat,IN,IN-14-1070,2017,340.976,107.958,21.1,0.294,20.07209,80.60147,7185.0,10.99,1.56,4.0,-1.4850422974139936,0.9475417070357549
wheat,IN,IN-14-2015,2007,341.0,108.0,0.0,0.001,19.76364,81.15455,3898.0,13.801,1.41,4.0,0.6144491743475207,0.7407422145948922
wheat,IN,IN-14-2015,2008,341.0,108.0,0.0,0.001,19.76364,81.15455,3898.0,13.801,1.41,4.0,0.22959428656924707,0.3319573219857248
wheat,IN,IN-14-2015,2009,341.0,108.0,0.0,0.001,19.76364,81.15455,3898.0,13.801,1.41,4.0,-1.3420169087111715,-1.4424602524596197
wheat,IN,IN-14-2015,2010,341.0,108.0,0.0,0.001,19.76364,81.15455,3898.0,13.801,1.41,4.0,0.3145444845706716,-0.6177742937286532
wheat,IN,IN-14-2015,2011,341.0,108.0,0.0,0.001,19.76364,81.15455,3898.0,13.801,1.41,4.0,-0.6876540151961664,0.2655133247857846
wheat,IN,IN-14-2015,2012,341.0,108.0,0.0,0.001,19.76364,81.15455,3898.0,13.801,1.41,4.0,0.43376175078726276,-1.5816661055675998
wheat,IN,IN-14-2015,2013,341.0,108.0,0.0,0.001,19.76364,81.15455,3898.0,13.801,1.41,4.0,2.0786025125907948,0.70715713404301
wheat,IN,IN-14-2015,2014,341.0,108.0,0.0,0.001,19.76364,81.15455,3898.0,13.801,1.41,4.0,0.1258713933032038,0.4149669332416586
wheat,IN,IN-14-2015,2016,341.0,108.0,0.0,0.001,19.76364,81.15455,3898.0,13.801,1.41,4.0,-0.648068959763865,-0.39316134591653656
wheat,IN,IN-14-2015,2017,341.0,108.0,0.0,0.001,19.76364,81.15455,3898.0,13.801,1.41,4.0,-1.119083718497492,1.5747250690213586
wheat,IN,IN-15-0910,2003,344.195,103.0,10.7,0.284,24.58787,86.99411,3757.0,12.385,1.421,5.0,1.6094814540657212,-0.7387302191162798
wheat,IN,IN-15-0910,2004,344.195,103.0,10.7,0.284,24.58787,86.99411,3757.0,12.385,1.421,5.0,1.5636541727652062,-0.6923364909728598
wheat,IN,IN-15-0910,2005,344.195,103.0,10.7,0.284,24.58787,86.99411,3757.0,12.385,1.421,5.0,0.30595541609069704,-0.03415599512765673
wheat,IN,IN-15-0910,2006,344.195,103.0,10.7,0.284,24.58787,86.99411,3757.0,12.385,1.421,5.0,-0.16762448260528068,-0.5927245861467035
wheat,IN,IN-15-0910,2007,344.195,103.0,10.7,0.284,24.58787,86.99411,3757.0,12.385,1.421,5.0,1.2618740069603016,0.28944025867269796
wheat,IN,IN-15-0910,2008,344.195,103.0,10.7,0.284,24.58787,86.99411,3757.0,12.385,1.421,5.0,1.112103945671867,0.5016915649288441
wheat,IN,IN-15-0910,2009,344.195,103.0,10.7,0.284,24.58787,86.99411,3757.0,12.385,1.421,5.0,-0.46194003607808887,-0.2814787506350789
wheat,IN,IN-15-0910,2010,344.195,103.0,10.7,0.284,24.58787,86.99411,3757.0,12.385,1.421,5.0,-1.578139986984992,-1.313768270578142
wheat,IN,IN-15-0910,2011,344.195,103.0,10.7,0.284,24.58787,86.99411,3757.0,12.385,1.421,5.0,-0.4731389959525404,-0.33464942619713434
wheat,IN,IN-15-0910,2012,344.195,103.0,10.7,0.284,24.58787,86.99411,3757.0,12.385,1.421,5.0,-0.690562486010496,-0.15577383961790933
wheat,IN,IN-15-0910,2013,344.195,103.0,10.7,0.284,24.58787,86.99411,3757.0,12.385,1.421,5.0,-0.5621541886800271,2.081729391984749
wheat,IN,IN-15-0910,2014,344.195,103.0,10.7,0.284,24.58787,86.99411,3757.0,12.385,1.421,5.0,-0.6857775464860406,0.9351415392973658
wheat,IN,IN-15-0910,2015,344.195,103.0,10.7,0.284,24.58787,86.99411,3757.0,12.385,1.421,5.0,-0.4411654315470642,1.4004043558213755
wheat,IN,IN-15-0910,2016,344.195,103.0,10.7,0.284,24.58787,86.99411,3757.0,12.385,1.421,5.0,-0.7925658412092536,0.597208064047648
wheat,IN,IN-15-0913,2003,340.621,103.196,97.6,2.25,24.24453,85.33778,4337.0,11.328,1.45,4.0,1.7527756784809712,-0.43093250378544556
wheat,IN,IN-15-0913,2004,340.621,103.196,97.6,2.25,24.24453,85.33778,4337.0,11.328,1.45,4.0,1.027984280589496,-0.1946895899300509
wheat,IN,IN-15-0913,2005,340.621,103.196,97.6,2.25,24.24453,85.33778,4337.0,11.328,1.45,4.0,0.04626235865202279,-0.6226399237424803
wheat,IN,IN-15-0913,2006,340.621,103.196,97.6,2.25,24.24453,85.33778,4337.0,11.328,1.45,4.0,0.5580545037010798,0.3756819387914384
wheat,IN,IN-15-0913,2007,340.621,103.196,97.6,2.25,24.24453,85.33778,4337.0,11.328,1.45,4.0,1.3107909129049276,0.5509835496530431
wheat,IN,IN-15-0913,2008,340.621,103.196,97.6,2.25,24.24453,85.33778,4337.0,11.328,1.45,4.0,0.7232852016246513,-0.06654515909901942
wheat,IN,IN-15-0913,2009,340.621,103.196,97.6,2.25,24.24453,85.33778,4337.0,11.328,1.45,4.0,-1.0335169867020955,-1.399458792858857
wheat,IN,IN-15-0913,2010,340.621,103.196,97.6,2.25,24.24453,85.33778,4337.0,11.328,1.45,4.0,-1.9456015743205377,-0.9736215331548693
wheat,IN,IN-15-0913,2011,340.621,103.196,97.6,2.25,24.24453,85.33778,4337.0,11.328,1.45,4.0,-0.5876765379435344,0.018889375580833218
wheat,IN,IN-15-0913,2012,340.621,103.196,97.6,2.25,24.24453,85.33778,4337.0,11.328,1.45,4.0,-0.4361922548830251,0.9549631671835979
wheat,IN,IN-15-0913,2013,340.621,103.196,97.6,2.25,24.24453,85.33778,4337.0,11.328,1.45,4.0,-0.12943710753548834,1.4829524281189341
wheat,IN,IN-15-0913,2014,340.621,103.196,97.6,2.25,24.24453,85.33778,4337.0,11.328,1.45,4.0,-0.0912688310058813,1.9619912426288093
wheat,IN,IN-15-0913,2015,340.621,103.196,97.6,2.25,24.24453,85.33778,4337.0,11.328,1.45,4.0,-0.9037937990235642,0.5994423997148397
wheat,IN,IN-15-0913,2016,340.621,103.196,97.6,2.25,24.24453,85.33778,4337.0,11.328,1.45,4.0,-0.29166584453902994,0.4049351305951533
wheat,IN,IN-15-0914,2003,342.013,103.0,0.2,0.009,23.9359,86.21667,2036.0,14.041,1.292,5.0,1.6251929810664991,1.1403189420525475
wheat,IN,IN-15-0914,2004,342.013,103.0,0.2,0.009,23.9359,86.21667,2036.0,14.041,1.292,5.0,1.3083268482314387,-0.4048556894575114
wheat,IN,IN-15-0914,2005,342.013,103.0,0.2,0.009,23.9359,86.21667,2036.0,14.041,1.292,5.0,0.1695482823349466,0.40327906376860795
wheat,IN,IN-15-0914,2006,342.013,103.0,0.2,0.009,23.9359,86.21667,2036.0,14.041,1.292,5.0,0.7176703465891991,-0.7387534878476633
wheat,IN,IN-15-0914,2007,342.013,103.0,0.2,0.009,23.9359,86.21667,2036.0,14.041,1.292,5.0,1.3557215802865679,1.1311707168468743
wheat,IN,IN-15-0914,2008,342.013,103.0,0.2,0.009,23.9359,86.21667,2036.0,14.041,1.292,5.0,0.5607592884195578,0.33522892079537914
wheat,IN,IN-15-0914,2009,342.013,103.0,0.2,0.009,23.9359,86.21667,2036.0,14.041,1.292,5.0,-0.6703771321613157,-1.2788854982934463
wheat,IN,IN-15-0914,2010,342.013,103.0,0.2,0.009,23.9359,86.21667,2036.0,14.041,1.292,5.0,-1.817049168303991,-1.337139251764322
wheat,IN,IN-15-0914,2011,342.013,103.0,0.2,0.009,23.9359,86.21667,2036.0,14.041,1.292,5.0,-0.7727428587539811,0.8556012239467796
wheat,IN,IN-15-0914,2012,342.013,103.0,0.2,0.009,23.9359,86.21667,2036.0,14.041,1.292,5.0,-0.6097699019696414,-0.9604924310632321
wheat,IN,IN-15-0914,2013,342.013,103.0,0.2,0.009,23.9359,86.21667,2036.0,14.041,1.292,5.0,-0.015410178534169372,0.7411725813406876
wheat,IN,IN-15-0914,2014,342.013,103.0,0.2,0.009,23.9359,86.21667,2036.0,14.041,1.292,5.0,-0.37859906751563976,1.8719631038915119
wheat,IN,IN-15-0914,2015,342.013,103.0,0.2,0.009,23.9359,86.21667,2036.0,14.041,1.292,5.0,-0.7677545438297507,0.19434493253773288
wheat,IN,IN-15-0914,2016,342.013,103.0,0.2,0.009,23.9359,86.21667,2036.0,14.041,1.292,5.0,-0.7055164758597203,-1.1339096827008757
wheat,IN,IN-15-0915,2003,338.415,101.695,89.0,2.011,24.31785,84.10094,4425.0,13.565,1.485,5.0,1.7817801305548877,-0.6204677588661556
wheat,IN,IN-15-0915,2004,338.415,101.695,89.0,2.011,24.31785,84.10094,4425.0,13.565,1.485,5.0,1.0814062352368161,0.16443725307545196
wheat,IN,IN-15-0915,2005,338.415,101.695,89.0,2.011,24.31785,84.10094,4425.0,13.565,1.485,5.0,-0.3161972789593704,-0.6798736395641698
wheat,IN,IN-15-0915,2006,338.415,101.695,89.0,2.011,24.31785,84.10094,4425.0,13.565,1.485,5.0,-0.22872614515453407,-0.46214512337921837
wheat,IN,IN-15-0915,2007,338.415,101.695,89.0,2.011,24.31785,84.10094,4425.0,13.565,1.485,5.0,0.5944531770629062,0.15833039518002356
wheat,IN,IN-15-0915,2008,338.415,101.695,89.0,2.011,24.31785,84.10094,4425.0,13.565,1.485,5.0,0.6748987136466249,1.364700807658343
wheat,IN,IN-15-0915,2009,338.415,101.695,89.0,2.011,24.31785,84.10094,4425.0,13.565,1.485,5.0,-1.3471058667151101,-1.5764685036488768
wheat,IN,IN-15-0915,2010,338.415,101.695,89.0,2.011,24.31785,84.10094,4425.0,13.565,1.485,5.0,-2.069356269069515,-0.8462405570593384
wheat,IN,IN-15-0915,2011,338.415,101.695,89.0,2.011,24.31785,84.10094,4425.0,13.565,1.485,5.0,-0.057645244345509584,-0.6050383880859275
wheat,IN,IN-15-0915,2012,338.415,101.695,89.0,2.011,24.31785,84.10094,4425.0,13.565,1.485,5.0,0.30407582958644896,1.0072432217459049
wheat,IN,IN-15-0915,2013,338.415,101.695,89.0,2.011,24.31785,84.10094,4425.0,13.565,1.485,5.0,0.21555244617072342,1.1680273567747868
wheat,IN,IN-15-0915,2014,338.415,101.695,89.0,2.011,24.31785,84.10094,4425.0,13.565,1.485,5.0,-0.28801275013887306,1.5342578865628167
wheat,IN,IN-15-0915,2015,338.415,101.695,89.0,2.011,24.31785,84.10094,4425.0,13.565,1.485,5.0,-0.9828012971484595,0.17972922243960987
wheat,IN,IN-15-0915,2016,338.415,101.695,89.0,2.011,24.31785,84.10094,4425.0,13.565,1.485,5.0,0.6376783192729674,1.2622075986594432
wheat,IN,IN-15-0916,2003,341.671,109.103,36.0,0.722,23.44867,85.02441,4985.0,12.309,1.414,5.0,1.5950713207222693,0.08622295081291058
wheat,IN,IN-15-0916,2004,341.671,109.103,36.0,0.722,23.44867,85.02441,4985.0,12.309,1.414,5.0,1.1631783158499922,0.12060103011649355
wheat,IN,IN-15-0916,2005,341.671,109.103,36.0,0.722,23.44867,85.02441,4985.0,12.309,1.414,5.0,-0.07445792395435924,-0.4085615568383662
wheat,IN,IN-15-0916,2006,341.671,109.103,36.0,0.722,23.44867,85.02441,4985.0,12.309,1.414,5.0,0.4958683853356737,-0.015062465972500171
wheat,IN,IN-15-0916,2007,341.671,109.103,36.0,0.722,23.44867,85.02441,4985.0,12.309,1.414,5.0,0.9237291500025149,0.6480896844308471
wheat,IN,IN-15-0916,2008,341.671,109.103,36.0,0.722,23.44867,85.02441,4985.0,12.309,1.414,5.0,0.12908096684128567,-0.6975311456178154
wheat,IN,IN-15-0916,2009,341.671,109.103,36.0,0.722,23.44867,85.02441,4985.0,12.309,1.414,5.0,-1.3953814722461229,-1.2272805836501113
wheat,IN,IN-15-0916,2010,341.671,109.103,36.0,0.722,23.44867,85.02441,4985.0,12.309,1.414,5.0,-2.1106394327199363,-0.4883856581283014
wheat,IN,IN-15-0916,2011,341.671,109.103,36.0,0.722,23.44867,85.02441,4985.0,12.309,1.414,5.0,-0.13783714741331193,-0.3248560019310447
wheat,IN,IN-15-0916,2012,341.671,109.103,36.0,0.722,23.44867,85.02441,4985.0,12.309,1.414,5.0,-0.33296999264948335,0.7974194664057934
wheat,IN,IN-15-0916,2013,341.671,109.103,36.0,0.722,23.44867,85.02441,4985.0,12.309,1.414,5.0,0.4011335391674355,1.5823244706274622
wheat,IN,IN-15-0916,2014,341.671,109.103,36.0,0.722,23.44867,85.02441,4985.0,12.309,1.414,5.0,-0.035606597771199205,1.886539029098957
wheat,IN,IN-15-0916,2015,341.671,109.103,36.0,0.722,23.44867,85.02441,4985.0,12.309,1.414,5.0,-1.0503612006351668,0.9025314205264733
wheat,IN,IN-15-0916,2016,341.671,109.103,36.0,0.722,23.44867,85.02441,4985.0,12.309,1.414,5.0,0.4291920894703806,0.09924901992403871
wheat,IN,IN-15-0933,2003,341.607,103.025,63.7,1.283,24.50153,86.02587,4961.0,12.769,1.424,5.0,1.6555677012191288,0.45574583895684456
wheat,IN,IN-15-0933,2004,341.607,103.025,63.7,1.283,24.50153,86.02587,4961.0,12.769,1.424,5.0,1.2142224634156729,0.02785996197843711
wheat,IN,IN-15-0933,2005,341.607,103.025,63.7,1.283,24.50153,86.02587,4961.0,12.769,1.424,5.0,0.20711674807201272,-1.1673504135797608
wheat,IN,IN-15-0933,2006,341.607,103.025,63.7,1.283,24.50153,86.02587,4961.0,12.769,1.424,5.0,0.46910208541280096,0.08023856212711389
wheat,IN,IN-15-0933,2007,341.607,103.025,63.7,1.283,24.50153,86.02587,4961.0,12.769,1.424,5.0,1.460219904919769,-0.4360484682627445
wheat,IN,IN-15-0933,2008,341.607,103.025,63.7,1.283,24.50153,86.02587,4961.0,12.769,1.424,5.0,0.8450683016284922,0.672907878913515
wheat,IN,IN-15-0933,2009,341.607,103.025,63.7,1.283,24.50153,86.02587,4961.0,12.769,1.424,5.0,-0.7394219067024104,-1.5642312383739063
wheat,IN,IN-15-0933,2010,341.607,103.025,63.7,1.283,24.50153,86.02587,4961.0,12.769,1.424,5.0,-1.7540897042099595,-1.2672927489385952
wheat,IN,IN-15-0933,2011,341.607,103.025,63.7,1.283,24.50153,86.02587,4961.0,12.769,1.424,5.0,-0.5913198391075445,-0.01308078074447192
wheat,IN,IN-15-0933,2012,341.607,103.025,63.7,1.283,24.50153,86.02587,4961.0,12.769,1.424,5.0,-0.6071053359731118,0.8105722075594765
wheat,IN,IN-15-0933,2013,341.607,103.025,63.7,1.283,24.50153,86.02587,4961.0,12.769,1.424,5.0,-0.35703641901672684,1.3478006857249785
wheat,IN,IN-15-0933,2014,341.607,103.025,63.7,1.283,24.50153,86.02587,4961.0,12.769,1.424,5.0,-0.31759522837291193,1.8987580860388213
wheat,IN,IN-15-0933,2015,341.607,103.025,63.7,1.283,24.50153,86.02587,4961.0,12.769,1.424,5.0,-0.7814776420817685,1.082851080530006
wheat,IN,IN-15-0933,2016,341.607,103.025,63.7,1.283,24.50153,86.02587,4961.0,12.769,1.424,5.0,-0.7032511292034224,-0.41197705653562244
wheat,IN,IN-15-0937,2003,345.0,102.108,4.0,0.175,25.00401,87.22491,2281.0,14.394,1.507,5.0,1.6921857276699888,0.6724390274152963
wheat,IN,IN-15-0937,2004,345.0,102.108,4.0,0.175,25.00401,87.22491,2281.0,14.394,1.507,5.0,1.6093514746951767,-0.5021101066306323
wheat,IN,IN-15-0937,2005,345.0,102.108,4.0,0.175,25.00401,87.22491,2281.0,14.394,1.507,5.0,0.3644109116767519,-1.1631869460367212
wheat,IN,IN-15-0937,2006,345.0,102.108,4.0,0.175,25.00401,87.22491,2281.0,14.394,1.507,5.0,-0.36950711201656616,-0.39099025488462064
wheat,IN,IN-15-0937,2007,345.0,102.108,4.0,0.175,25.00401,87.22491,2281.0,14.394,1.507,5.0,1.163341096867315,0.6274381783217308
wheat,IN,IN-15-0937,2008,345.0,102.108,4.0,0.175,25.00401,87.22491,2281.0,14.394,1.507,5.0,1.1235793504462892,0.26828750506120963
wheat,IN,IN-15-0937,2009,345.0,102.108,4.0,0.175,25.00401,87.22491,2281.0,14.394,1.507,5.0,-0.3759476162547037,-0.1963511234245299
wheat,IN,IN-15-0937,2010,345.0,102.108,4.0,0.175,25.00401,87.22491,2281.0,14.394,1.507,5.0,-1.3616706470359523,-0.8866992194416718
wheat,IN,IN-15-0937,2011,345.0,102.108,4.0,0.175,25.00401,87.22491,2281.0,14.394,1.507,5.0,-0.5770115574619895,-0.6594176247455055
wheat,IN,IN-15-0937,2012,345.0,102.108,4.0,0.175,25.00401,87.22491,2281.0,14.394,1.507,5.0,-0.8328590493513741,-0.6942164093666534
wheat,IN,IN-15-0937,2013,345.0,102.108,4.0,0.175,25.00401,87.22491,2281.0,14.394,1.507,5.0,-0.7046203117279112,0.6612450349700304
wheat,IN,IN-15-0937,2014,345.0,102.108,4.0,0.175,25.00401,87.22491,2281.0,14.394,1.507,5.0,-0.8241712984779445,1.5720643276011446
wheat,IN,IN-15-0937,2015,345.0,102.108,4.0,0.175,25.00401,87.22491,2281.0,14.394,1.507,5.0,-0.2920702684420871,2.185626934748076
wheat,IN,IN-15-0937,2016,345.0,102.108,4.0,0.175,25.00401,87.22491,2281.0,14.394,1.507,5.0,-0.615010700587007,0.06666735675275934
wheat,IN,IN-15-0938,2003,351.878,98.934,121.0,5.523,25.08002,87.70396,2190.0,16.24,1.456,4.0,1.7495725800272122,-1.2389153734979548
wheat,IN,IN-15-0938,2004,351.878,98.934,121.0,5.523,25.08002,87.70396,2190.0,16.24,1.456,4.0,1.7356704833851748,0.21515998896296737
wheat,IN,IN-15-0938,2005,351.878,98.934,121.0,5.523,25.08002,87.70396,2190.0,16.24,1.456,4.0,0.4661791935579581,-0.4059115983051409
wheat,IN,IN-15-0938,2006,351.878,98.934,121.0,5.523,25.08002,87.70396,2190.0,16.24,1.456,4.0,-0.5642178459221473,0.9790268038117484
wheat,IN,IN-15-0938,2007,351.878,98.934,121.0,5.523,25.08002,87.70396,2190.0,16.24,1.456,4.0,0.9660253648225104,-0.7465796114198991
wheat,IN,IN-15-0938,2008,351.878,98.934,121.0,5.523,25.08002,87.70396,2190.0,16.24,1.456,4.0,1.0477910320616537,1.5481033171828775
wheat,IN,IN-15-0938,2009,351.878,98.934,121.0,5.523,25.08002,87.70396,2190.0,16.24,1.456,4.0,-0.3301671688565331,-1.45751583476122
wheat,IN,IN-15-0938,2010,351.878,98.934,121.0,5.523,25.08002,87.70396,2190.0,16.24,1.456,4.0,-1.0474015470277096,0.5844515911475688
wheat,IN,IN-15-0938,2011,351.878,98.934,121.0,5.523,25.08002,87.70396,2190.0,16.24,1.456,4.0,-0.5931059249640084,-1.2247097089838082
wheat,IN,IN-15-0938,2012,351.878,98.934,121.0,5.523,25.08002,87.70396,2190.0,16.24,1.456,4.0,-0.8801825921103784,-0.6987020766840809
wheat,IN,IN-15-0938,2013,351.878,98.934,121.0,5.523,25.08002,87.70396,2190.0,16.24,1.456,4.0,-0.7955377542611841,0.28418211764785956
wheat,IN,IN-15-0938,2014,351.878,98.934,121.0,5.523,25.08002,87.70396,2190.0,16.24,1.456,4.0,-1.0101463088070928,1.5326125875000878
wheat,IN,IN-15-0938,2015,351.878,98.934,121.0,5.523,25.08002,87.70396,2190.0,16.24,1.456,4.0,-0.1522957397276987,1.2015883482399208
wheat,IN,IN-15-0938,2016,351.878,98.934,121.0,5.523,25.08002,87.70396,2190.0,16.24,1.456,4.0,-0.5921837721777555,-0.7482406092774393
wheat,IN,IN-15-0940,2003,342.065,103.0,34.3,1.382,24.44839,86.69409,2484.0,12.471,1.412,5.0,1.6358612902266811,0.050017534249669336
wheat,IN,IN-15-0940,2004,342.065,103.0,34.3,1.382,24.44839,86.69409,2484.0,12.471,1.412,5.0,1.4616828052406834,-0.5615464742042732
wheat,IN,IN-15-0940,2005,342.065,103.0,34.3,1.382,24.44839,86.69409,2484.0,12.471,1.412,5.0,0.3632335448204133,-0.28243150522965627
wheat,IN,IN-15-0940,2006,342.065,103.0,34.3,1.382,24.44839,86.69409,2484.0,12.471,1.412,5.0,0.1616387767663716,-0.19531919007197204
wheat,IN,IN-15-0940,2007,342.065,103.0,34.3,1.382,24.44839,86.69409,2484.0,12.471,1.412,5.0,1.3023439820154485,1.4075143334368587
wheat,IN,IN-15-0940,2008,342.065,103.0,34.3,1.382,24.44839,86.69409,2484.0,12.471,1.412,5.0,0.9754548219676729,0.18573870840243153
wheat,IN,IN-15-0940,2009,342.065,103.0,34.3,1.382,24.44839,86.69409,2484.0,12.471,1.412,5.0,-0.531377286654178,-1.2171999809421106
wheat,IN,IN-15-0940,2010,342.065,103.0,34.3,1.382,24.44839,86.69409,2484.0,12.471,1.412,5.0,-1.637855058163281,-0.6851037375401723
wheat,IN,IN-15-0940,2011,342.065,103.0,34.3,1.382,24.44839,86.69409,2484.0,12.471,1.412,5.0,-0.48074307724135257,-0.1325195232704833
wheat,IN,IN-15-0940,2012,342.065,103.0,34.3,1.382,24.44839,86.69409,2484.0,12.471,1.412,5.0,-0.6532811853144659,0.423589949144462
wheat,IN,IN-15-0940,2013,342.065,103.0,34.3,1.382,24.44839,86.69409,2484.0,12.471,1.412,5.0,-0.5289905605043779,1.6795302530816445
wheat,IN,IN-15-0940,2014,342.065,103.0,34.3,1.382,24.44839,86.69409,2484.0,12.471,1.412,5.0,-0.6411725677549602,1.7873982730766083
wheat,IN,IN-15-0940,2015,342.065,103.0,34.3,1.382,24.44839,86.69409,2484.0,12.471,1.412,5.0,-0.5550683747406101,0.39752560540091325
wheat,IN,IN-15-0940,2016,342.065,103.0,34.3,1.382,24.44839,86.69409,2484.0,12.471,1.412,5.0,-0.8717271106640668,-0.2092946918801441
wheat,IN,IN-15-0941,2003,340.994,111.0,23.3,1.545,23.49378,84.72882,1507.0,12.238,1.45,5.0,1.6834072897458727,-0.9042022933339392
wheat,IN,IN-15-0941,2004,340.994,111.0,23.3,1.545,23.49378,84.72882,1507.0,12.238,1.45,5.0,1.0794445165427946,-0.07821130392744197
wheat,IN,IN-15-0941,2005,340.994,111.0,23.3,1.545,23.49378,84.72882,1507.0,12.238,1.45,5.0,-0.16505664637827858,0.23808780840572571
wheat,IN,IN-15-0941,2006,340.994,111.0,23.3,1.545,23.49378,84.72882,1507.0,12.238,1.45,5.0,0.38680474306822293,-0.2602433174591779
wheat,IN,IN-15-0941,2007,340.994,111.0,23.3,1.545,23.49378,84.72882,1507.0,12.238,1.45,5.0,0.8311137924722588,-0.07294237846964681
wheat,IN,IN-15-0941,2008,340.994,111.0,23.3,1.545,23.49378,84.72882,1507.0,12.238,1.45,5.0,0.15762942123782528,-0.32344367713821137
wheat,IN,IN-15-0941,2009,340.994,111.0,23.3,1.545,23.49378,84.72882,1507.0,12.238,1.45,5.0,-1.475350450041834,-0.9785021660331958
wheat,IN,IN-15-0941,2010,340.994,111.0,23.3,1.545,23.49378,84.72882,1507.0,12.238,1.45,5.0,-2.083113922588623,0.2123819706864786
wheat,IN,IN-15-0941,2011,340.994,111.0,23.3,1.545,23.49378,84.72882,1507.0,12.238,1.45,5.0,-0.037969487982929734,0.25843826326679764
wheat,IN,IN-15-0941,2012,340.994,111.0,23.3,1.545,23.49378,84.72882,1507.0,12.238,1.45,5.0,-0.28443060003812903,0.42308950924143784
wheat,IN,IN-15-0941,2013,340.994,111.0,23.3,1.545,23.49378,84.72882,1507.0,12.238,1.45,5.0,0.32243130387272645,2.2772390880374473
wheat,IN,IN-15-0941,2014,340.994,111.0,23.3,1.545,23.49378,84.72882,1507.0,12.238,1.45,5.0,-0.11111851749736525,1.7138171088048788
wheat,IN,IN-15-0941,2015,340.994,111.0,23.3,1.545,23.49378,84.72882,1507.0,12.238,1.45,5.0,-0.9727677429668796,0.49639577493178105
wheat,IN,IN-15-0941,2016,340.994,111.0,23.3,1.545,23.49378,84.72882,1507.0,12.238,1.45,5.0,0.6689763005543046,-0.06637980019439942
wheat,IN,IN-15-0942,2003,342.344,111.168,4.7,0.088,23.27895,84.63092,5364.0,12.218,1.45,5.0,1.5053592811772056,-0.8721116294676068
wheat,IN,IN-15-0942,2004,342.344,111.168,4.7,0.088,23.27895,84.63092,5364.0,12.218,1.45,5.0,1.1299608750511836,-0.162045789939248
wheat,IN,IN-15-0942,2005,342.344,111.168,4.7,0.088,23.27895,84.63092,5364.0,12.218,1.45,5.0,-0.19661761369423808,0.1505454729102932
wheat,IN,IN-15-0942,2006,342.344,111.168,4.7,0.088,23.27895,84.63092,5364.0,12.218,1.45,5.0,0.3790155495352162,0.0073690034929247954
wheat,IN,IN-15-0942,2007,342.344,111.168,4.7,0.088,23.27895,84.63092,5364.0,12.218,1.45,5.0,0.8027286310941188,-0.006043904821909404
wheat,IN,IN-15-0942,2008,342.344,111.168,4.7,0.088,23.27895,84.63092,5364.0,12.218,1.45,5.0,0.11227115570652466,-0.2681604034825891
wheat,IN,IN-15-0942,2009,342.344,111.168,4.7,0.088,23.27895,84.63092,5364.0,12.218,1.45,5.0,-1.5507246873433027,-0.6396405018530721
wheat,IN,IN-15-0942,2010,342.344,111.168,4.7,0.088,23.27895,84.63092,5364.0,12.218,1.45,5.0,-2.127808327683977,-0.07640429047522931
wheat,IN,IN-15-0942,2011,342.344,111.168,4.7,0.088,23.27895,84.63092,5364.0,12.218,1.45,5.0,-0.01522493661067581,0.11941740267018974
wheat,IN,IN-15-0942,2012,342.344,111.168,4.7,0.088,23.27895,84.63092,5364.0,12.218,1.45,5.0,-0.25107014809300676,0.32507145209182003
wheat,IN,IN-15-0942,2013,342.344,111.168,4.7,0.088,23.27895,84.63092,5364.0,12.218,1.45,5.0,0.5861254587503263,2.3238162305269356
wheat,IN,IN-15-0942,2014,342.344,111.168,4.7,0.088,23.27895,84.63092,5364.0,12.218,1.45,5.0,-0.10810160405155135,1.7050961235914082
wheat,IN,IN-15-0942,2015,342.344,111.168,4.7,0.088,23.27895,84.63092,5364.0,12.218,1.45,5.0,-0.9176940727126229,0.642141216336239
wheat,IN,IN-15-0942,2016,342.344,111.168,4.7,0.088,23.27895,84.63092,5364.0,12.218,1.45,5.0,0.6517804388747875,-0.15409204376872593
wheat,IN,IN-15-0943,2003,346.96,101.336,0.8,0.023,22.46526,86.6339,3553.0,10.219,1.488,4.0,1.3451581257177372,-0.11502214919040832
wheat,IN,IN-15-0943,2004,346.96,101.336,0.8,0.023,22.46526,86.6339,3553.0,10.219,1.488,4.0,1.4483910290481217,-1.0011249652236478
wheat,IN,IN-15-0943,2005,346.96,101.336,0.8,0.023,22.46526,86.6339,3553.0,10.219,1.488,4.0,-0.11455390158759968,-1.1208984089514422
wheat,IN,IN-15-0943,2006,346.96,101.336,0.8,0.023,22.46526,86.6339,3553.0,10.219,1.488,4.0,0.39057541017920727,-0.9138693372059853
wheat,IN,IN-15-0943,2007,346.96,101.336,0.8,0.023,22.46526,86.6339,3553.0,10.219,1.488,4.0,1.392880470897174,0.35823200878488265
wheat,IN,IN-15-0943,2008,346.96,101.336,0.8,0.023,22.46526,86.6339,3553.0,10.219,1.488,4.0,0.6159658194963704,-0.06679144877208981
wheat,IN,IN-15-0943,2009,346.96,101.336,0.8,0.023,22.46526,86.6339,3553.0,10.219,1.488,4.0,-0.8654071771038436,-1.1048000012532855
wheat,IN,IN-15-0943,2010,346.96,101.336,0.8,0.023,22.46526,86.6339,3553.0,10.219,1.488,4.0,-1.9696065539317196,-0.47867781764093686
wheat,IN,IN-15-0943,2011,346.96,101.336,0.8,0.023,22.46526,86.6339,3553.0,10.219,1.488,4.0,-0.7946709464118887,0.7750649420947735
wheat,IN,IN-15-0943,2012,346.96,101.336,0.8,0.023,22.46526,86.6339,3553.0,10.219,1.488,4.0,-0.8031095392891205,-0.027368093647550988
wheat,IN,IN-15-0943,2013,346.96,101.336,0.8,0.023,22.46526,86.6339,3553.0,10.219,1.488,4.0,0.43996163808420363,1.6188178275231657
wheat,IN,IN-15-0943,2014,346.96,101.336,0.8,0.023,22.46526,86.6339,3553.0,10.219,1.488,4.0,-0.22834212786695832,0.5237899828719206
wheat,IN,IN-15-0943,2015,346.96,101.336,0.8,0.023,22.46526,86.6339,3553.0,10.219,1.488,4.0,-0.2169533542431512,1.464742988206979
wheat,IN,IN-15-0943,2016,346.96,101.336,0.8,0.023,22.46526,86.6339,3553.0,10.219,1.488,4.0,-0.6402888929885217,1.397596231755033
wheat,IN,IN-15-0944,2003,344.77,110.738,0.3,0.004,22.48607,85.50574,7222.0,13.196,1.363,5.0,1.8105142572901969,-0.05103878182777052
wheat,IN,IN-15-0944,2004,344.77,110.738,0.3,0.004,22.48607,85.50574,7222.0,13.196,1.363,5.0,1.289237918082006,0.4433226806866091
wheat,IN,IN-15-0944,2005,344.77,110.738,0.3,0.004,22.48607,85.50574,7222.0,13.196,1.363,5.0,-0.08981106853502921,-0.7740665861228343
wheat,IN,IN-15-0944,2006,344.77,110.738,0.3,0.004,22.48607,85.50574,7222.0,13.196,1.363,5.0,0.24379792187245378,0.1877640455335002
wheat,IN,IN-15-0944,2007,344.77,110.738,0.3,0.004,22.48607,85.50574,7222.0,13.196,1.363,5.0,1.1298684068819786,-0.0004428132014180725
wheat,IN,IN-15-0944,2008,344.77,110.738,0.3,0.004,22.48607,85.50574,7222.0,13.196,1.363,5.0,0.1717453662970218,-0.5192074641563819
wheat,IN,IN-15-0944,2009,344.77,110.738,0.3,0.004,22.48607,85.50574,7222.0,13.196,1.363,5.0,-1.1269599328227093,-1.3255161482724633
wheat,IN,IN-15-0944,2010,344.77,110.738,0.3,0.004,22.48607,85.50574,7222.0,13.196,1.363,5.0,-1.9354025749455717,-1.5450781361026409
wheat,IN,IN-15-0944,2011,344.77,110.738,0.3,0.004,22.48607,85.50574,7222.0,13.196,1.363,5.0,-0.3916106214034839,-0.352027732032049
wheat,IN,IN-15-0944,2012,344.77,110.738,0.3,0.004,22.48607,85.50574,7222.0,13.196,1.363,5.0,-0.4403343406381992,0.11346912809366672
wheat,IN,IN-15-0944,2013,344.77,110.738,0.3,0.004,22.48607,85.50574,7222.0,13.196,1.363,5.0,0.7090524423027971,1.8683110455618497
wheat,IN,IN-15-0944,2014,344.77,110.738,0.3,0.004,22.48607,85.50574,7222.0,13.196,1.363,5.0,-0.12650231714145266,1.5662315556829156
wheat,IN,IN-15-0944,2015,344.77,110.738,0.3,0.004,22.48607,85.50574,7222.0,13.196,1.363,5.0,-0.746703917070583,0.960982036250394
wheat,IN,IN-15-0944,2016,344.77,110.738,0.3,0.004,22.48607,85.50574,7222.0,13.196,1.363,5.0,-0.49689154016943277,0.6037728959764921
wheat,IN,IN-15-0952,2003,339.503,101.941,88.6,2.328,24.34474,84.87229,3807.0,10.421,1.467,4.0,1.840138148213655,-0.1232940511418337
wheat,IN,IN-15-0952,2004,339.503,101.941,88.6,2.328,24.34474,84.87229,3807.0,10.421,1.467,4.0,1.0083458505937437,0.10508245985072484
wheat,IN,IN-15-0952,2005,339.503,101.941,88.6,2.328,24.34474,84.87229,3807.0,10.421,1.467,4.0,-0.023584843642220646,-1.3619463141523303
wheat,IN,IN-15-0952,2006,339.503,101.941,88.6,2.328,24.34474,84.87229,3807.0,10.421,1.467,4.0,0.24983020656401972,0.35128072540873423
wheat,IN,IN-15-0952,2007,339.503,101.941,88.6,2.328,24.34474,84.87229,3807.0,10.421,1.467,4.0,1.1800602475227964,0.7618738635512552
wheat,IN,IN-15-0952,2008,339.503,101.941,88.6,2.328,24.34474,84.87229,3807.0,10.421,1.467,4.0,0.8734789524478983,0.5559525916575777
wheat,IN,IN-15-0952,2009,339.503,101.941,88.6,2.328,24.34474,84.87229,3807.0,10.421,1.467,4.0,-1.1623058605663712,-1.6275522822687931
wheat,IN,IN-15-0952,2010,339.503,101.941,88.6,2.328,24.34474,84.87229,3807.0,10.421,1.467,4.0,-1.9632872482729729,-0.9569430928572655
wheat,IN,IN-15-0952,2011,339.503,101.941,88.6,2.328,24.34474,84.87229,3807.0,10.421,1.467,4.0,-0.41408390750908103,-0.45864717034045815
wheat,IN,IN-15-0952,2012,339.503,101.941,88.6,2.328,24.34474,84.87229,3807.0,10.421,1.467,4.0,-0.2653794415155545,1.320903119868719
wheat,IN,IN-15-0952,2013,339.503,101.941,88.6,2.328,24.34474,84.87229,3807.0,10.421,1.467,4.0,-0.186735170544427,1.2158643058659722
wheat,IN,IN-15-0952,2014,339.503,101.941,88.6,2.328,24.34474,84.87229,3807.0,10.421,1.467,4.0,-0.1542981873395063,2.0407185450747427
wheat,IN,IN-15-0952,2015,339.503,101.941,88.6,2.328,24.34474,84.87229,3807.0,10.421,1.467,4.0,-0.9328428300960344,-0.17651739056806737
wheat,IN,IN-15-0952,2016,339.503,101.941,88.6,2.328,24.34474,84.87229,3807.0,10.421,1.467,4.0,-0.049335915855915936,-0.6175276332195719
wheat,IN,IN-15-0953,2003,341.774,105.425,1.2,0.043,23.69656,85.8293,2879.0,10.86,1.398,4.0,1.2566768486358815,0.47957272268905543
wheat,IN,IN-15-0953,2004,341.774,105.425,1.2,0.043,23.69656,85.8293,2879.0,10.86,1.398,4.0,1.1211683877024423,0.4670205726225085
wheat,IN,IN-15-0953,2005,341.774,105.425,1.2,0.043,23.69656,85.8293,2879.0,10.86,1.398,4.0,0.04243301965305015,0.10609988327065428
wheat,IN,IN-15-0953,2006,341.774,105.425,1.2,0.043,23.69656,85.8293,2879.0,10.86,1.398,4.0,0.9084381329983758,-0.6936318661078433
wheat,IN,IN-15-0953,2007,341.774,105.425,1.2,0.043,23.69656,85.8293,2879.0,10.86,1.398,4.0,1.4919351157646392,0.2423803697074361
wheat,IN,IN-15-0953,2008,341.774,105.425,1.2,0.043,23.69656,85.8293,2879.0,10.86,1.398,4.0,0.5130056033735267,-1.5392996524129097
wheat,IN,IN-15-0953,2009,341.774,105.425,1.2,0.043,23.69656,85.8293,2879.0,10.86,1.398,4.0,-0.8813786689234308,-1.4690403669518917
wheat,IN,IN-15-0953,2010,341.774,105.425,1.2,0.043,23.69656,85.8293,2879.0,10.86,1.398,4.0,-2.074093943187558,-0.4328387373205243
wheat,IN,IN-15-0953,2011,341.774,105.425,1.2,0.043,23.69656,85.8293,2879.0,10.86,1.398,4.0,-0.5731997967860581,-0.12769164087519533
wheat,IN,IN-15-0953,2012,341.774,105.425,1.2,0.043,23.69656,85.8293,2879.0,10.86,1.398,4.0,-0.443732880976359,0.0007230050869068107
wheat,IN,IN-15-0953,2013,341.774,105.425,1.2,0.043,23.69656,85.8293,2879.0,10.86,1.398,4.0,0.1982798625210984,1.662937491031643
wheat,IN,IN-15-0953,2014,341.774,105.425,1.2,0.043,23.69656,85.8293,2879.0,10.86,1.398,4.0,-0.14181183415385276,2.0050442825004966
wheat,IN,IN-15-0953,2015,341.774,105.425,1.2,0.043,23.69656,85.8293,2879.0,10.86,1.398,4.0,-1.0081073136894692,0.8827255228559289
wheat,IN,IN-15-0953,2016,341.774,105.425,1.2,0.043,23.69656,85.8293,2879.0,10.86,1.398,4.0,-0.40961253293230504,-1.0066382942645307
wheat,IN,IN-15-0954,2003,337.544,103.908,146.8,3.575,24.31723,83.56931,4106.0,13.811,1.507,5.0,1.9094348019299343,0.23756505836688596
wheat,IN,IN-15-0954,2004,337.544,103.908,146.8,3.575,24.31723,83.56931,4106.0,13.811,1.507,5.0,1.0245019895811744,-0.09265982847764676
wheat,IN,IN-15-0954,2005,337.544,103.908,146.8,3.575,24.31723,83.56931,4106.0,13.811,1.507,5.0,-0.29873715717442223,-0.7244204028821234
wheat,IN,IN-15-0954,2006,337.544,103.908,146.8,3.575,24.31723,83.56931,4106.0,13.811,1.507,5.0,-0.26226676190419157,-0.19172011624928392
wheat,IN,IN-15-0954,2007,337.544,103.908,146.8,3.575,24.31723,83.56931,4106.0,13.811,1.507,5.0,0.25227437386168017,0.053701997110121594
wheat,IN,IN-15-0954,2008,337.544,103.908,146.8,3.575,24.31723,83.56931,4106.0,13.811,1.507,5.0,0.4727909292564422,0.2848152432484343
wheat,IN,IN-15-0954,2009,337.544,103.908,146.8,3.575,24.31723,83.56931,4106.0,13.811,1.507,5.0,-1.2842793634405707,-1.4840361909728508
wheat,IN,IN-15-0954,2010,337.544,103.908,146.8,3.575,24.31723,83.56931,4106.0,13.811,1.507,5.0,-2.095037841169267,-0.5229978177464643
wheat,IN,IN-15-0954,2011,337.544,103.908,146.8,3.575,24.31723,83.56931,4106.0,13.811,1.507,5.0,-0.0710436966863167,-0.14441857843315273
wheat,IN,IN-15-0954,2012,337.544,103.908,146.8,3.575,24.31723,83.56931,4106.0,13.811,1.507,5.0,0.42898802598495495,1.0200876405499344
wheat,IN,IN-15-0954,2013,337.544,103.908,146.8,3.575,24.31723,83.56931,4106.0,13.811,1.507,5.0,0.4068387285153313,2.329863424404132
wheat,IN,IN-15-0954,2014,337.544,103.908,146.8,3.575,24.31723,83.56931,4106.0,13.811,1.507,5.0,-0.20004850035181265,1.5726776035557257
wheat,IN,IN-15-0954,2015,337.544,103.908,146.8,3.575,24.31723,83.56931,4106.0,13.811,1.507,5.0,-0.9741495752613797,-0.24555722916865433
wheat,IN,IN-15-0954,2016,337.544,103.908,146.8,3.575,24.31723,83.56931,4106.0,13.811,1.507,5.0,0.6907340468584366,0.19636855773804165
wheat,IN,IN-15-0955,2003,340.733,102.59,63.4,3.873,24.51759,85.6116,1638.0,12.729,1.434,4.0,1.626385612394921,-0.22516913135585703
wheat,IN,IN-15-0955,2004,340.733,102.59,63.4,3.873,24.51759,85.6116,1638.0,12.729,1.434,4.0,1.0837070370461666,-0.8022485249051791
wheat,IN,IN-15-0955,2005,340.733,102.59,63.4,3.873,24.51759,85.6116,1638.0,12.729,1.434,4.0,0.11672511521068885,-1.5885902310129267
wheat,IN,IN-15-0955,2006,340.733,102.59,63.4,3.873,24.51759,85.6116,1638.0,12.729,1.434,4.0,0.5073431000313764,0.5460571187967731
wheat,IN,IN-15-0955,2007,340.733,102.59,63.4,3.873,24.51759,85.6116,1638.0,12.729,1.434,4.0,1.533920380286153,0.7620164173316847
wheat,IN,IN-15-0955,2008,340.733,102.59,63.4,3.873,24.51759,85.6116,1638.0,12.729,1.434,4.0,0.8518205143795472,-0.1645631200147817
wheat,IN,IN-15-0955,2009,340.733,102.59,63.4,3.873,24.51759,85.6116,1638.0,12.729,1.434,4.0,-0.8791967526901584,-1.1759482421353271
wheat,IN,IN-15-0955,2010,340.733,102.59,63.4,3.873,24.51759,85.6116,1638.0,12.729,1.434,4.0,-1.8092673649113535,-0.5332318427132319
wheat,IN,IN-15-0955,2011,340.733,102.59,63.4,3.873,24.51759,85.6116,1638.0,12.729,1.434,4.0,-0.5767663928102904,-0.005945267011403702
wheat,IN,IN-15-0955,2012,340.733,102.59,63.4,3.873,24.51759,85.6116,1638.0,12.729,1.434,4.0,-0.5503585183614006,0.2749997608262628
wheat,IN,IN-15-0955,2013,340.733,102.59,63.4,3.873,24.51759,85.6116,1638.0,12.729,1.434,4.0,-0.31476987912119647,1.303709069934232
wheat,IN,IN-15-0955,2014,340.733,102.59,63.4,3.873,24.51759,85.6116,1638.0,12.729,1.434,4.0,-0.22532521790482954,1.5418907199515297
wheat,IN,IN-15-0955,2015,340.733,102.59,63.4,3.873,24.51759,85.6116,1638.0,12.729,1.434,4.0,-0.8672189157074979,0.21322713360413206
wheat,IN,IN-15-0955,2016,340.733,102.59,63.4,3.873,24.51759,85.6116,1638.0,12.729,1.434,4.0,-0.49699871784215033,1.735788692131132
wheat,IN,IN-15-0957,2003,351.0,98.0,41.2,2.291,24.53159,87.72389,1799.0,11.626,1.559,4.0,1.7778549173689202,0.24836636391135533
wheat,IN,IN-15-0957,2004,351.0,98.0,41.2,2.291,24.53159,87.72389,1799.0,11.626,1.559,4.0,1.6270629423517307,-0.45636142649830996
wheat,IN,IN-15-0957,2005,351.0,98.0,41.2,2.291,24.53159,87.72389,1799.0,11.626,1.559,4.0,0.4116076983437322,0.3851827516463389
wheat,IN,IN-15-0957,2006,351.0,98.0,41.2,2.291,24.53159,87.72389,1799.0,11.626,1.559,4.0,-0.5022538351701716,0.5075638660558265
wheat,IN,IN-15-0957,2007,351.0,98.0,41.2,2.291,24.53159,87.72389,1799.0,11.626,1.559,4.0,1.0071596759940615,-0.3488719127046645
wheat,IN,IN-15-0957,2008,351.0,98.0,41.2,2.291,24.53159,87.72389,1799.0,11.626,1.559,4.0,1.0791272446133955,-0.080187300783879
wheat,IN,IN-15-0957,2009,351.0,98.0,41.2,2.291,24.53159,87.72389,1799.0,11.626,1.559,4.0,-0.3915550424410533,0.47402612529210936
wheat,IN,IN-15-0957,2010,351.0,98.0,41.2,2.291,24.53159,87.72389,1799.0,11.626,1.559,4.0,-1.3664871095940838,-1.1634066084292245
wheat,IN,IN-15-0957,2011,351.0,98.0,41.2,2.291,24.53159,87.72389,1799.0,11.626,1.559,4.0,-0.4795402794058169,-0.3266924073438894
wheat,IN,IN-15-0957,2012,351.0,98.0,41.2,2.291,24.53159,87.72389,1799.0,11.626,1.559,4.0,-0.7756463132891145,-0.43973958616752395
wheat,IN,IN-15-0957,2013,351.0,98.0,41.2,2.291,24.53159,87.72389,1799.0,11.626,1.559,4.0,-0.47697061978846184,0.9426749212735417
wheat,IN,IN-15-0957,2014,351.0,98.0,41.2,2.291,24.53159,87.72389,1799.0,11.626,1.559,4.0,-0.8690384146694747,1.4807681253083953
wheat,IN,IN-15-0957,2015,351.0,98.0,41.2,2.291,24.53159,87.72389,1799.0,11.626,1.559,4.0,-0.19336830366989316,1.1724337570074657
wheat,IN,IN-15-0957,2016,351.0,98.0,41.2,2.291,24.53159,87.72389,1799.0,11.626,1.559,4.0,-0.8479525606437682,0.6851172759683163
wheat,IN,IN-15-0962,2003,343.092,103.0,0.3,0.016,24.11527,86.68015,1806.0,12.594,1.417,5.0,1.5846553250561295,-0.14986326142068654
wheat,IN,IN-15-0962,2004,343.092,103.0,0.3,0.016,24.11527,86.68015,1806.0,12.594,1.417,5.0,1.3853089045128093,-0.15295177562356335
wheat,IN,IN-15-0962,2005,343.092,103.0,0.3,0.016,24.11527,86.68015,1806.0,12.594,1.417,5.0,0.26784950988638573,0.7140673101434987
wheat,IN,IN-15-0962,2006,343.092,103.0,0.3,0.016,24.11527,86.68015,1806.0,12.594,1.417,5.0,0.3848520616902478,-0.14059771881206562
wheat,IN,IN-15-0962,2007,343.092,103.0,0.3,0.016,24.11527,86.68015,1806.0,12.594,1.417,5.0,1.3783236339852374,1.4609899275152851
wheat,IN,IN-15-0962,2008,343.092,103.0,0.3,0.016,24.11527,86.68015,1806.0,12.594,1.417,5.0,0.8612528966403675,-0.6727390643602065
wheat,IN,IN-15-0962,2009,343.092,103.0,0.3,0.016,24.11527,86.68015,1806.0,12.594,1.417,5.0,-0.534804827783444,-1.4578490263374186
wheat,IN,IN-15-0962,2010,343.092,103.0,0.3,0.016,24.11527,86.68015,1806.0,12.594,1.417,5.0,-1.768612075663024,-1.223679595316807
wheat,IN,IN-15-0962,2011,343.092,103.0,0.3,0.016,24.11527,86.68015,1806.0,12.594,1.417,5.0,-0.6167149396976049,-0.6871284747410554
wheat,IN,IN-15-0962,2012,343.092,103.0,0.3,0.016,24.11527,86.68015,1806.0,12.594,1.417,5.0,-0.5982026430244687,-0.21154270682512522
wheat,IN,IN-15-0962,2013,343.092,103.0,0.3,0.016,24.11527,86.68015,1806.0,12.594,1.417,5.0,-0.3171741086783041,1.4135153764777386
wheat,IN,IN-15-0962,2014,343.092,103.0,0.3,0.016,24.11527,86.68015,1806.0,12.594,1.417,5.0,-0.5788542206991676,1.2048914328538352
wheat,IN,IN-15-0962,2015,343.092,103.0,0.3,0.016,24.11527,86.68015,1806.0,12.594,1.417,5.0,-0.5337268369124654,1.3609992801972688
wheat,IN,IN-15-0962,2016,343.092,103.0,0.3,0.016,24.11527,86.68015,1806.0,12.594,1.417,5.0,-0.9141526793126594,-0.321224324443427
wheat,IN,IN-15-0963,2003,339.307,106.951,9.3,0.219,23.83015,84.4994,4247.0,11.105,1.559,4.0,1.8087583952560122,-0.17532152499134468
wheat,IN,IN-15-0963,2004,339.307,106.951,9.3,0.219,23.83015,84.4994,4247.0,11.105,1.559,4.0,1.0879719434969748,0.25599766664320817
wheat,IN,IN-15-0963,2005,339.307,106.951,9.3,0.219,23.83015,84.4994,4247.0,11.105,1.559,4.0,-0.17855498006556034,-0.614061312199869
wheat,IN,IN-15-0963,2006,339.307,106.951,9.3,0.219,23.83015,84.4994,4247.0,11.105,1.559,4.0,0.16295002266212774,-0.23708888562639455
wheat,IN,IN-15-0963,2007,339.307,106.951,9.3,0.219,23.83015,84.4994,4247.0,11.105,1.559,4.0,0.7583166463405147,0.18807644674488877
wheat,IN,IN-15-0963,2008,339.307,106.951,9.3,0.219,23.83015,84.4994,4247.0,11.105,1.559,4.0,0.3628953327494975,-0.5360328676267795
wheat,IN,IN-15-0963,2009,339.307,106.951,9.3,0.219,23.83015,84.4994,4247.0,11.105,1.559,4.0,-1.4724796808567104,-1.05756532606202
wheat,IN,IN-15-0963,2010,339.307,106.951,9.3,0.219,23.83015,84.4994,4247.0,11.105,1.559,4.0,-2.12540757218586,-0.8496152119240122
wheat,IN,IN-15-0963,2011,339.307,106.951,9.3,0.219,23.83015,84.4994,4247.0,11.105,1.559,4.0,-0.08918463621189436,-0.513988611636097
wheat,IN,IN-15-0963,2012,339.307,106.951,9.3,0.219,23.83015,84.4994,4247.0,11.105,1.559,4.0,-0.12031116153051835,0.4709374412809925
wheat,IN,IN-15-0963,2013,339.307,106.951,9.3,0.219,23.83015,84.4994,4247.0,11.105,1.559,4.0,0.1455344773211809,2.257077136817054
wheat,IN,IN-15-0963,2014,339.307,106.951,9.3,0.219,23.83015,84.4994,4247.0,11.105,1.559,4.0,-0.10797101549590925,2.088978408688768
wheat,IN,IN-15-0963,2015,339.307,106.951,9.3,0.219,23.83015,84.4994,4247.0,11.105,1.559,4.0,-0.827485169578168,-0.588133385235618
wheat,IN,IN-15-0963,2016,339.307,106.951,9.3,0.219,23.83015,84.4994,4247.0,11.105,1.559,4.0,0.5949673980983247,0.2797960751164596
wheat,IN,IN-15-0964,2003,343.05,107.95,0.2,0.007,23.12,85.88875,2658.0,12.438,1.411,5.0,1.461541166942034,-0.1657991321479872
wheat,IN,IN-15-0964,2004,343.05,107.95,0.2,0.007,23.12,85.88875,2658.0,12.438,1.411,5.0,1.4754016270077288,-0.13059128156894725
wheat,IN,IN-15-0964,2005,343.05,107.95,0.2,0.007,23.12,85.88875,2658.0,12.438,1.411,5.0,-0.08699528375235979,-0.3535743352362007
wheat,IN,IN-15-0964,2006,343.05,107.95,0.2,0.007,23.12,85.88875,2658.0,12.438,1.411,5.0,0.5284550192042475,0.20388329893193383
wheat,IN,IN-15-0964,2007,343.05,107.95,0.2,0.007,23.12,85.88875,2658.0,12.438,1.411,5.0,1.105323251326157,-0.19282862022318503
wheat,IN,IN-15-0964,2008,343.05,107.95,0.2,0.007,23.12,85.88875,2658.0,12.438,1.411,5.0,0.12440087444128259,-0.722506724386493
wheat,IN,IN-15-0964,2009,343.05,107.95,0.2,0.007,23.12,85.88875,2658.0,12.438,1.411,5.0,-0.9318892262417862,-1.1516642609101173
wheat,IN,IN-15-0964,2010,343.05,107.95,0.2,0.007,23.12,85.88875,2658.0,12.438,1.411,5.0,-2.0782758734699978,-0.6320066866795041
wheat,IN,IN-15-0964,2011,343.05,107.95,0.2,0.007,23.12,85.88875,2658.0,12.438,1.411,5.0,-0.45981815858552816,-0.04796675310385136
wheat,IN,IN-15-0964,2012,343.05,107.95,0.2,0.007,23.12,85.88875,2658.0,12.438,1.411,5.0,-0.5046788185963265,0.19249252374459563
wheat,IN,IN-15-0964,2013,343.05,107.95,0.2,0.007,23.12,85.88875,2658.0,12.438,1.411,5.0,0.7556975344024802,0.7034314954681314
wheat,IN,IN-15-0964,2014,343.05,107.95,0.2,0.007,23.12,85.88875,2658.0,12.438,1.411,5.0,-0.10765909070863487,1.3187759109936985
wheat,IN,IN-15-0964,2015,343.05,107.95,0.2,0.007,23.12,85.88875,2658.0,12.438,1.411,5.0,-0.870385650481757,2.1371868571214168
wheat,IN,IN-15-0964,2016,343.05,107.95,0.2,0.007,23.12,85.88875,2658.0,12.438,1.411,5.0,-0.41111737148754157,0.8333042320858007
wheat,IN,IN-15-0965,2003,344.0,110.382,0.2,0.004,22.62647,84.49118,3781.0,10.909,1.556,4.0,1.5084687985977039,1.0795724636686765
wheat,IN,IN-15-0965,2004,344.0,110.382,0.2,0.004,22.62647,84.49118,3781.0,10.909,1.556,4.0,1.0540736495078782,0.513734023076675
wheat,IN,IN-15-0965,2005,344.0,110.382,0.2,0.004,22.62647,84.49118,3781.0,10.909,1.556,4.0,-0.08050160533736055,0.41054859584329606
wheat,IN,IN-15-0965,2006,344.0,110.382,0.2,0.004,22.62647,84.49118,3781.0,10.909,1.556,4.0,0.46866201794881773,0.26867836787165045
wheat,IN,IN-15-0965,2007,344.0,110.382,0.2,0.004,22.62647,84.49118,3781.0,10.909,1.556,4.0,0.8185783862989562,0.014189122149410354
wheat,IN,IN-15-0965,2008,344.0,110.382,0.2,0.004,22.62647,84.49118,3781.0,10.909,1.556,4.0,0.18601603482247753,-0.6705444172389863
wheat,IN,IN-15-0965,2009,344.0,110.382,0.2,0.004,22.62647,84.49118,3781.0,10.909,1.556,4.0,-1.658375903878253,-1.0513790547927993
wheat,IN,IN-15-0965,2010,344.0,110.382,0.2,0.004,22.62647,84.49118,3781.0,10.909,1.556,4.0,-2.07669778931921,-0.8075570229631038
wheat,IN,IN-15-0965,2011,344.0,110.382,0.2,0.004,22.62647,84.49118,3781.0,10.909,1.556,4.0,-0.16769777420611295,-1.2682470369326115
wheat,IN,IN-15-0965,2012,344.0,110.382,0.2,0.004,22.62647,84.49118,3781.0,10.909,1.556,4.0,-0.1206003579404639,0.3050339744034019
wheat,IN,IN-15-0965,2013,344.0,110.382,0.2,0.004,22.62647,84.49118,3781.0,10.909,1.556,4.0,0.9969319136372343,1.8596583117144387
wheat,IN,IN-15-0965,2014,344.0,110.382,0.2,0.004,22.62647,84.49118,3781.0,10.909,1.556,4.0,-0.06148450916927055,1.1726732625726652
wheat,IN,IN-15-0965,2015,344.0,110.382,0.2,0.004,22.62647,84.49118,3781.0,10.909,1.556,4.0,-0.7524972897803357,-0.6486218222718434
wheat,IN,IN-15-0965,2016,344.0,110.382,0.2,0.004,22.62647,84.49118,3781.0,10.909,1.556,4.0,-0.11487557118203634,0.5231676135939007
wheat,IN,IN-16-0237,2003,361.203,155.314,24.3,0.608,29.35382,79.07037,3989.0,13.875,1.525,5.0,1.4582581343534335,-0.14688734352637373
wheat,IN,IN-16-0237,2004,361.203,155.314,24.3,0.608,29.35382,79.07037,3989.0,13.875,1.525,5.0,1.2305239189490842,-0.2142223423078321
wheat,IN,IN-16-0237,2005,361.203,155.314,24.3,0.608,29.35382,79.07037,3989.0,13.875,1.525,5.0,0.7972171920957702,-0.8892403862095754
wheat,IN,IN-16-0237,2006,361.203,155.314,24.3,0.608,29.35382,79.07037,3989.0,13.875,1.525,5.0,-0.0539894454852726,-0.2552088633052498
wheat,IN,IN-16-0237,2007,361.203,155.314,24.3,0.608,29.35382,79.07037,3989.0,13.875,1.525,5.0,0.6526763141496041,-0.3846224726233773
wheat,IN,IN-16-0237,2008,361.203,155.314,24.3,0.608,29.35382,79.07037,3989.0,13.875,1.525,5.0,1.2243207150396607,-0.5443102167691412
wheat,IN,IN-16-0237,2009,361.203,155.314,24.3,0.608,29.35382,79.07037,3989.0,13.875,1.525,5.0,-0.3955413063429777,-0.9333321260807587
wheat,IN,IN-16-0237,2010,361.203,155.314,24.3,0.608,29.35382,79.07037,3989.0,13.875,1.525,5.0,0.18538680341844496,-0.04407100086904467
wheat,IN,IN-16-0237,2011,361.203,155.314,24.3,0.608,29.35382,79.07037,3989.0,13.875,1.525,5.0,0.2741972068771329,1.1977832670210402
wheat,IN,IN-16-0237,2012,361.203,155.314,24.3,0.608,29.35382,79.07037,3989.0,13.875,1.525,5.0,-0.7021138920217326,-1.5009063407623209
wheat,IN,IN-16-0237,2013,361.203,155.314,24.3,0.608,29.35382,79.07037,3989.0,13.875,1.525,5.0,0.3508035438451031,1.1451072008380772
wheat,IN,IN-16-0237,2014,361.203,155.314,24.3,0.608,29.35382,79.07037,3989.0,13.875,1.525,5.0,-0.9631042076090923,1.0958825252880278
wheat,IN,IN-16-0237,2015,361.203,155.314,24.3,0.608,29.35382,79.07037,3989.0,13.875,1.525,5.0,-1.3604693072242862,2.106766696502938
wheat,IN,IN-16-0237,2016,361.203,155.314,24.3,0.608,29.35382,79.07037,3989.0,13.875,1.525,5.0,-1.8467517091423784,0.5966912097514407
wheat,IN,IN-16-0237,2017,361.203,155.314,24.3,0.608,29.35382,79.07037,3989.0,13.875,1.525,5.0,-0.8514139609024798,0.8179824570656672
wheat,IN,IN-16-0238,2003,18.653,174.772,1.6,0.05,29.89078,79.33076,3144.0,13.621,1.368,5.0,1.422524099794219,-1.0019226358033426
wheat,IN,IN-16-0238,2004,18.653,174.772,1.6,0.05,29.89078,79.33076,3144.0,13.621,1.368,5.0,1.2447692874789942,-1.0809122033618173
wheat,IN,IN-16-0238,2005,18.653,174.772,1.6,0.05,29.89078,79.33076,3144.0,13.621,1.368,5.0,1.3074754943158928,0.04230268130400868
wheat,IN,IN-16-0238,2006,18.653,174.772,1.6,0.05,29.89078,79.33076,3144.0,13.621,1.368,5.0,0.034664778327546476,0.1351106908420825
wheat,IN,IN-16-0238,2007,18.653,174.772,1.6,0.05,29.89078,79.33076,3144.0,13.621,1.368,5.0,0.7741373142524717,0.9497679981796469
wheat,IN,IN-16-0238,2008,18.653,174.772,1.6,0.05,29.89078,79.33076,3144.0,13.621,1.368,5.0,1.1460922372899276,-0.19455974017655742
wheat,IN,IN-16-0238,2009,18.653,174.772,1.6,0.05,29.89078,79.33076,3144.0,13.621,1.368,5.0,-0.7580770847077554,-0.8398648675521053
wheat,IN,IN-16-0238,2010,18.653,174.772,1.6,0.05,29.89078,79.33076,3144.0,13.621,1.368,5.0,-0.3246932926795017,-0.5621392269695455
wheat,IN,IN-16-0238,2011,18.653,174.772,1.6,0.05,29.89078,79.33076,3144.0,13.621,1.368,5.0,0.22808565172123582,0.13292469419523414
wheat,IN,IN-16-0238,2012,18.653,174.772,1.6,0.05,29.89078,79.33076,3144.0,13.621,1.368,5.0,-0.8328911702311219,-1.0107112730702008
wheat,IN,IN-16-0238,2013,18.653,174.772,1.6,0.05,29.89078,79.33076,3144.0,13.621,1.368,5.0,0.22422384586078134,1.25237634412726
wheat,IN,IN-16-0238,2014,18.653,174.772,1.6,0.05,29.89078,79.33076,3144.0,13.621,1.368,5.0,-0.8528702890912155,1.3600574321169432
wheat,IN,IN-16-0238,2015,18.653,174.772,1.6,0.05,29.89078,79.33076,3144.0,13.621,1.368,5.0,-1.2269641378718597,1.5653059147492001
wheat,IN,IN-16-0238,2016,18.653,174.772,1.6,0.05,29.89078,79.33076,3144.0,13.621,1.368,5.0,-1.5445834727008423,0.16681159519894564
wheat,IN,IN-16-0238,2017,18.653,174.772,1.6,0.05,29.89078,79.33076,3144.0,13.621,1.368,5.0,-0.8418932617587847,1.4249040541659734
wheat,IN,IN-16-0239,2003,12.6,172.1,0.1,0.001,29.74,79.9825,7227.0,13.621,1.368,5.0,0.33049022160911445,-0.6966228836777546
wheat,IN,IN-16-0239,2004,12.6,172.1,0.1,0.001,29.74,79.9825,7227.0,13.621,1.368,5.0,-0.20867715375943727,-1.0044433019966974
wheat,IN,IN-16-0239,2005,12.6,172.1,0.1,0.001,29.74,79.9825,7227.0,13.621,1.368,5.0,0.21857903957234742,-0.41946256361807527
wheat,IN,IN-16-0239,2006,12.6,172.1,0.1,0.001,29.74,79.9825,7227.0,13.621,1.368,5.0,0.08259257085463342,0.27503511664877006
wheat,IN,IN-16-0239,2007,12.6,172.1,0.1,0.001,29.74,79.9825,7227.0,13.621,1.368,5.0,1.8844404760958808,0.9550195761613278
wheat,IN,IN-16-0239,2008,12.6,172.1,0.1,0.001,29.74,79.9825,7227.0,13.621,1.368,5.0,1.9126521857338892,-0.037488839471310334
wheat,IN,IN-16-0239,2009,12.6,172.1,0.1,0.001,29.74,79.9825,7227.0,13.621,1.368,5.0,-0.4122096872544808,-0.25946098266429624
wheat,IN,IN-16-0239,2010,12.6,172.1,0.1,0.001,29.74,79.9825,7227.0,13.621,1.368,5.0,-0.07380893038985768,-0.8793653879343218
wheat,IN,IN-16-0239,2011,12.6,172.1,0.1,0.001,29.74,79.9825,7227.0,13.621,1.368,5.0,0.7300473006281402,-0.23301664791567023
wheat,IN,IN-16-0239,2012,12.6,172.1,0.1,0.001,29.74,79.9825,7227.0,13.621,1.368,5.0,-0.6500490683972246,-0.9080646659560867
wheat,IN,IN-16-0239,2013,12.6,172.1,0.1,0.001,29.74,79.9825,7227.0,13.621,1.368,5.0,0.539014502592637,1.7612949934405806
wheat,IN,IN-16-0239,2014,12.6,172.1,0.1,0.001,29.74,79.9825,7227.0,13.621,1.368,5.0,-0.8081058133253745,1.2357865870726268
wheat,IN,IN-16-0239,2015,12.6,172.1,0.1,0.001,29.74,79.9825,7227.0,13.621,1.368,5.0,-1.0396777451969432,1.5243889564279611
wheat,IN,IN-16-0239,2016,12.6,172.1,0.1,0.001,29.74,79.9825,7227.0,13.621,1.368,5.0,-1.6331993460648253,0.46813404680168175
wheat,IN,IN-16-0239,2017,12.6,172.1,0.1,0.001,29.74,79.9825,7227.0,13.621,1.368,5.0,-0.8720885526984941,0.9081896431353443
wheat,IN,IN-16-0240,2003,19.0,175.0,0.0,0.0,30.18889,79.37778,7819.0,13.621,1.368,5.0,1.8185392537327645,-0.17090427454719867
wheat,IN,IN-16-0240,2004,19.0,175.0,0.0,0.0,30.18889,79.37778,7819.0,13.621,1.368,5.0,0.5503764102559807,-0.8653612136943238
wheat,IN,IN-16-0240,2005,19.0,175.0,0.0,0.0,30.18889,79.37778,7819.0,13.621,1.368,5.0,0.9690765898287218,0.6859896158864736
wheat,IN,IN-16-0240,2006,19.0,175.0,0.0,0.0,30.18889,79.37778,7819.0,13.621,1.368,5.0,-0.03530381553071062,0.45277879139062294
wheat,IN,IN-16-0240,2007,19.0,175.0,0.0,0.0,30.18889,79.37778,7819.0,13.621,1.368,5.0,1.1635957848505702,1.563959778694371
wheat,IN,IN-16-0240,2008,19.0,175.0,0.0,0.0,30.18889,79.37778,7819.0,13.621,1.368,5.0,1.5221839794280894,-0.33792970279672996
wheat,IN,IN-16-0240,2009,19.0,175.0,0.0,0.0,30.18889,79.37778,7819.0,13.621,1.368,5.0,-0.7901924588241788,-0.9551520958347284
wheat,IN,IN-16-0240,2010,19.0,175.0,0.0,0.0,30.18889,79.37778,7819.0,13.621,1.368,5.0,-0.18591497316145697,-1.359439957008813
wheat,IN,IN-16-0240,2011,19.0,175.0,0.0,0.0,30.18889,79.37778,7819.0,13.621,1.368,5.0,0.08383700341254223,-0.41637737407970044
wheat,IN,IN-16-0240,2012,19.0,175.0,0.0,0.0,30.18889,79.37778,7819.0,13.621,1.368,5.0,-0.9092099376508515,-1.1673505246658213
wheat,IN,IN-16-0240,2013,19.0,175.0,0.0,0.0,30.18889,79.37778,7819.0,13.621,1.368,5.0,-0.14006185833267878,0.831771475617951
wheat,IN,IN-16-0240,2014,19.0,175.0,0.0,0.0,30.18889,79.37778,7819.0,13.621,1.368,5.0,-1.0612132344399365,1.32788335713936
wheat,IN,IN-16-0240,2015,19.0,175.0,0.0,0.0,30.18889,79.37778,7819.0,13.621,1.368,5.0,-1.1288489263196402,1.318707349535006
wheat,IN,IN-16-0240,2016,19.0,175.0,0.0,0.0,30.18889,79.37778,7819.0,13.621,1.368,5.0,-1.194818425749601,0.8437498795160145
wheat,IN,IN-16-0240,2017,19.0,175.0,0.0,0.0,30.18889,79.37778,7819.0,13.621,1.368,5.0,-0.6620453914996414,0.49222722210520875
wheat,IN,IN-16-0241,2003,12.993,168.654,0.3,0.004,30.775,78.25809,7987.0,14.035,1.304,5.0,2.1896057995637412,-0.7581908404492659
wheat,IN,IN-16-0241,2004,12.993,168.654,0.3,0.004,30.775,78.25809,7987.0,14.035,1.304,5.0,0.665015073551175,-0.6596012482317558
wheat,IN,IN-16-0241,2005,12.993,168.654,0.3,0.004,30.775,78.25809,7987.0,14.035,1.304,5.0,1.1283137772352156,0.11932182140724226
wheat,IN,IN-16-0241,2006,12.993,168.654,0.3,0.004,30.775,78.25809,7987.0,14.035,1.304,5.0,0.38524433590446655,0.2652616698351817
wheat,IN,IN-16-0241,2007,12.993,168.654,0.3,0.004,30.775,78.25809,7987.0,14.035,1.304,5.0,0.3822081957976579,1.0057674956832312
wheat,IN,IN-16-0241,2008,12.993,168.654,0.3,0.004,30.775,78.25809,7987.0,14.035,1.304,5.0,0.8135390467835035,0.9184851384551418
wheat,IN,IN-16-0241,2009,12.993,168.654,0.3,0.004,30.775,78.25809,7987.0,14.035,1.304,5.0,-0.9913637956223889,-1.8501706399974864
wheat,IN,IN-16-0241,2010,12.993,168.654,0.3,0.004,30.775,78.25809,7987.0,14.035,1.304,5.0,-0.0943091542204639,-0.21758036126980754
wheat,IN,IN-16-0241,2011,12.993,168.654,0.3,0.004,30.775,78.25809,7987.0,14.035,1.304,5.0,0.5182380459162873,-0.24127171077146228
wheat,IN,IN-16-0241,2012,12.993,168.654,0.3,0.004,30.775,78.25809,7987.0,14.035,1.304,5.0,-0.6964980498014024,-1.1085156628183392
wheat,IN,IN-16-0241,2013,12.993,168.654,0.3,0.004,30.775,78.25809,7987.0,14.035,1.304,5.0,-0.16572995937715693,1.4532761916614996
wheat,IN,IN-16-0241,2014,12.993,168.654,0.3,0.004,30.775,78.25809,7987.0,14.035,1.304,5.0,-0.9521820886781657,0.7693839610617738
wheat,IN,IN-16-0241,2015,12.993,168.654,0.3,0.004,30.775,78.25809,7987.0,14.035,1.304,5.0,-0.9608176793483337,1.3533240021429653
wheat,IN,IN-16-0241,2016,12.993,168.654,0.3,0.004,30.775,78.25809,7987.0,14.035,1.304,5.0,-1.5924393581787795,0.12602125813725948
wheat,IN,IN-16-0241,2017,12.993,168.654,0.3,0.004,30.775,78.25809,7987.0,14.035,1.304,5.0,-0.628824189525356,1.0192156720714938
wheat,IN,IN-16-0242,2003,10.985,166.892,0.4,0.011,30.45385,78.48564,3912.0,13.649,1.374,5.0,1.9580546207497558,-0.7902814251549728
wheat,IN,IN-16-0242,2004,10.985,166.892,0.4,0.011,30.45385,78.48564,3912.0,13.649,1.374,5.0,0.6730523169196765,-0.3144719574063187
wheat,IN,IN-16-0242,2005,10.985,166.892,0.4,0.011,30.45385,78.48564,3912.0,13.649,1.374,5.0,1.07824390186088,-0.0458833974315962
wheat,IN,IN-16-0242,2006,10.985,166.892,0.4,0.011,30.45385,78.48564,3912.0,13.649,1.374,5.0,0.08429306873143419,0.07442335452369978
wheat,IN,IN-16-0242,2007,10.985,166.892,0.4,0.011,30.45385,78.48564,3912.0,13.649,1.374,5.0,0.502431335277659,0.22761711622757164
wheat,IN,IN-16-0242,2008,10.985,166.892,0.4,0.011,30.45385,78.48564,3912.0,13.649,1.374,5.0,1.0659118661458913,0.33719156164034236
wheat,IN,IN-16-0242,2009,10.985,166.892,0.4,0.011,30.45385,78.48564,3912.0,13.649,1.374,5.0,-1.1403029445742998,-1.6391305595351984
wheat,IN,IN-16-0242,2010,10.985,166.892,0.4,0.011,30.45385,78.48564,3912.0,13.649,1.374,5.0,-0.06191055856124162,-0.628619227215051
wheat,IN,IN-16-0242,2011,10.985,166.892,0.4,0.011,30.45385,78.48564,3912.0,13.649,1.374,5.0,0.5824274844143787,0.3611636062510319
wheat,IN,IN-16-0242,2012,10.985,166.892,0.4,0.011,30.45385,78.48564,3912.0,13.649,1.374,5.0,-0.7109007375031993,-0.6758825940546335
wheat,IN,IN-16-0242,2013,10.985,166.892,0.4,0.011,30.45385,78.48564,3912.0,13.649,1.374,5.0,0.1582528136234647,1.5466772315766097
wheat,IN,IN-16-0242,2014,10.985,166.892,0.4,0.011,30.45385,78.48564,3912.0,13.649,1.374,5.0,-1.0940079186414187,1.0356689318093584
wheat,IN,IN-16-0242,2015,10.985,166.892,0.4,0.011,30.45385,78.48564,3912.0,13.649,1.374,5.0,-1.228037897525998,1.3942528735189639
wheat,IN,IN-16-0242,2016,10.985,166.892,0.4,0.011,30.45385,78.48564,3912.0,13.649,1.374,5.0,-1.4496075932051553,0.3802224752982625
wheat,IN,IN-16-0242,2017,10.985,166.892,0.4,0.011,30.45385,78.48564,3912.0,13.649,1.374,5.0,-0.41789975771189347,1.4066595073143522
wheat,IN,IN-16-0243,2003,351.054,138.957,0.4,0.007,30.00326,78.3413,5282.0,14.047,1.517,5.0,1.6776689667656979,-1.0093431276704907
wheat,IN,IN-16-0243,2004,351.054,138.957,0.4,0.007,30.00326,78.3413,5282.0,14.047,1.517,5.0,0.7521724294392998,-0.726472303270652
wheat,IN,IN-16-0243,2005,351.054,138.957,0.4,0.007,30.00326,78.3413,5282.0,14.047,1.517,5.0,0.9223025051384204,-0.7175690989289566
wheat,IN,IN-16-0243,2006,351.054,138.957,0.4,0.007,30.00326,78.3413,5282.0,14.047,1.517,5.0,0.014540469838819974,0.38012937378441647
wheat,IN,IN-16-0243,2007,351.054,138.957,0.4,0.007,30.00326,78.3413,5282.0,14.047,1.517,5.0,0.6517395214460243,-0.5040573747717388
wheat,IN,IN-16-0243,2008,351.054,138.957,0.4,0.007,30.00326,78.3413,5282.0,14.047,1.517,5.0,1.2421954427244517,-0.5921974459540787
wheat,IN,IN-16-0243,2009,351.054,138.957,0.4,0.007,30.00326,78.3413,5282.0,14.047,1.517,5.0,-0.8729916232893928,-0.8436675440949943
wheat,IN,IN-16-0243,2010,351.054,138.957,0.4,0.007,30.00326,78.3413,5282.0,14.047,1.517,5.0,0.1978776448878982,-0.37488658079762494
wheat,IN,IN-16-0243,2011,351.054,138.957,0.4,0.007,30.00326,78.3413,5282.0,14.047,1.517,5.0,0.5623669882311414,1.0744857104119487
wheat,IN,IN-16-0243,2012,351.054,138.957,0.4,0.007,30.00326,78.3413,5282.0,14.047,1.517,5.0,-0.7084504740897861,-0.8735238369477077
wheat,IN,IN-16-0243,2013,351.054,138.957,0.4,0.007,30.00326,78.3413,5282.0,14.047,1.517,5.0,0.2373690776610857,1.2104288861673136
wheat,IN,IN-16-0243,2014,351.054,138.957,0.4,0.007,30.00326,78.3413,5282.0,14.047,1.517,5.0,-1.1689374479239847,1.573481774323067
wheat,IN,IN-16-0243,2015,351.054,138.957,0.4,0.007,30.00326,78.3413,5282.0,14.047,1.517,5.0,-1.3863799571104658,1.7304285102693933
wheat,IN,IN-16-0243,2016,351.054,138.957,0.4,0.007,30.00326,78.3413,5282.0,14.047,1.517,5.0,-1.602232088537489,0.5862960920097713
wheat,IN,IN-16-0243,2017,351.054,138.957,0.4,0.007,30.00326,78.3413,5282.0,14.047,1.517,5.0,-0.5192414551816967,1.0602389316648027
wheat,IN,IN-16-0244,2003,359.65,149.42,29.2,0.941,30.42118,77.79883,3103.0,15.533,1.49,4.0,1.710606755606806,-1.17584381855572
wheat,IN,IN-16-0244,2004,359.65,149.42,29.2,0.941,30.42118,77.79883,3103.0,15.533,1.49,4.0,0.538404559678054,-0.12428147117125794
wheat,IN,IN-16-0244,2005,359.65,149.42,29.2,0.941,30.42118,77.79883,3103.0,15.533,1.49,4.0,0.7518879295710001,-0.3885090416008799
wheat,IN,IN-16-0244,2006,359.65,149.42,29.2,0.941,30.42118,77.79883,3103.0,15.533,1.49,4.0,0.23929014295102125,0.16682355989688202
wheat,IN,IN-16-0244,2007,359.65,149.42,29.2,0.941,30.42118,77.79883,3103.0,15.533,1.49,4.0,0.7164975513262479,0.5656680817996608
wheat,IN,IN-16-0244,2008,359.65,149.42,29.2,0.941,30.42118,77.79883,3103.0,15.533,1.49,4.0,1.1958966485962834,-0.35750652372242553
wheat,IN,IN-16-0244,2009,359.65,149.42,29.2,0.941,30.42118,77.79883,3103.0,15.533,1.49,4.0,-0.85553465868182,-0.6189610911640346
wheat,IN,IN-16-0244,2010,359.65,149.42,29.2,0.941,30.42118,77.79883,3103.0,15.533,1.49,4.0,0.3587552604812199,-1.0016067974753162
wheat,IN,IN-16-0244,2011,359.65,149.42,29.2,0.941,30.42118,77.79883,3103.0,15.533,1.49,4.0,0.7806394980065772,0.08741565727275019
wheat,IN,IN-16-0244,2012,359.65,149.42,29.2,0.941,30.42118,77.79883,3103.0,15.533,1.49,4.0,-0.7854203169901407,-1.5405950504595953
wheat,IN,IN-16-0244,2013,359.65,149.42,29.2,0.941,30.42118,77.79883,3103.0,15.533,1.49,4.0,0.10097488903039156,1.290794010148582
wheat,IN,IN-16-0244,2014,359.65,149.42,29.2,0.941,30.42118,77.79883,3103.0,15.533,1.49,4.0,-1.0765494122883137,1.1248903510497676
wheat,IN,IN-16-0244,2015,359.65,149.42,29.2,0.941,30.42118,77.79883,3103.0,15.533,1.49,4.0,-1.0653479624153246,1.0643464524780628
wheat,IN,IN-16-0244,2016,359.65,149.42,29.2,0.941,30.42118,77.79883,3103.0,15.533,1.49,4.0,-1.763553518327474,1.2126418296633186
wheat,IN,IN-16-0244,2017,359.65,149.42,29.2,0.941,30.42118,77.79883,3103.0,15.533,1.49,4.0,-0.8465473665445435,1.5605159156911161
wheat,IN,IN-16-0527,2003,348.215,127.196,27.3,1.19,29.89486,77.92692,2293.0,15.623,1.479,4.0,1.5181037832555546,0.260658137537862
wheat,IN,IN-16-0527,2004,348.215,127.196,27.3,1.19,29.89486,77.92692,2293.0,15.623,1.479,4.0,1.3742804343925117,-1.139487933944837
wheat,IN,IN-16-0527,2005,348.215,127.196,27.3,1.19,29.89486,77.92692,2293.0,15.623,1.479,4.0,1.2455862054298579,-0.33168275590164
wheat,IN,IN-16-0527,2006,348.215,127.196,27.3,1.19,29.89486,77.92692,2293.0,15.623,1.479,4.0,0.2898063589189072,0.41256787596385347
wheat,IN,IN-16-0527,2007,348.215,127.196,27.3,1.19,29.89486,77.92692,2293.0,15.623,1.479,4.0,0.40721520976356823,-0.24407112053597405
wheat,IN,IN-16-0527,2008,348.215,127.196,27.3,1.19,29.89486,77.92692,2293.0,15.623,1.479,4.0,0.7462253322217923,-1.8039643445180953
wheat,IN,IN-16-0527,2009,348.215,127.196,27.3,1.19,29.89486,77.92692,2293.0,15.623,1.479,4.0,-0.47426863165007055,-0.42484794291213546
wheat,IN,IN-16-0527,2010,348.215,127.196,27.3,1.19,29.89486,77.92692,2293.0,15.623,1.479,4.0,0.17947020207198155,-0.7674758171895191
wheat,IN,IN-16-0527,2011,348.215,127.196,27.3,1.19,29.89486,77.92692,2293.0,15.623,1.479,4.0,0.5226538717330049,0.4787622269592829
wheat,IN,IN-16-0527,2012,348.215,127.196,27.3,1.19,29.89486,77.92692,2293.0,15.623,1.479,4.0,-0.7220525698772213,-0.5854775756888586
wheat,IN,IN-16-0527,2013,348.215,127.196,27.3,1.19,29.89486,77.92692,2293.0,15.623,1.479,4.0,-0.20061020849432884,1.1018557792187689
wheat,IN,IN-16-0527,2014,348.215,127.196,27.3,1.19,29.89486,77.92692,2293.0,15.623,1.479,4.0,-1.1757522501898252,0.8516222055535713
wheat,IN,IN-16-0527,2015,348.215,127.196,27.3,1.19,29.89486,77.92692,2293.0,15.623,1.479,4.0,-1.4203152175694382,1.579542158086759
wheat,IN,IN-16-0527,2016,348.215,127.196,27.3,1.19,29.89486,77.92692,2293.0,15.623,1.479,4.0,-1.5539072191238823,0.9421867223191132
wheat,IN,IN-16-0527,2017,348.215,127.196,27.3,1.19,29.89486,77.92692,2293.0,15.623,1.479,4.0,-0.7364353008824156,1.5685901376701634
wheat,IN,IN-16-1030,2003,347.063,124.762,438.5,16.423,29.04541,79.46845,2670.0,13.471,1.498,6.0,1.9188915192388747,-1.06744009851822
wheat,IN,IN-16-1030,2004,347.063,124.762,438.5,16.423,29.04541,79.46845,2670.0,13.471,1.498,6.0,0.9897820372454458,-0.5788620589560222
wheat,IN,IN-16-1030,2005,347.063,124.762,438.5,16.423,29.04541,79.46845,2670.0,13.471,1.498,6.0,0.9420174420353499,-0.43102652124915664
wheat,IN,IN-16-1030,2006,347.063,124.762,438.5,16.423,29.04541,79.46845,2670.0,13.471,1.498,6.0,-0.284375009163004,-0.23645141073099024
wheat,IN,IN-16-1030,2007,347.063,124.762,438.5,16.423,29.04541,79.46845,2670.0,13.471,1.498,6.0,0.3851989798207913,-0.41042505664912915
wheat,IN,IN-16-1030,2008,347.063,124.762,438.5,16.423,29.04541,79.46845,2670.0,13.471,1.498,6.0,1.0359501972865326,-0.21380668840548955
wheat,IN,IN-16-1030,2009,347.063,124.762,438.5,16.423,29.04541,79.46845,2670.0,13.471,1.498,6.0,-0.36204649693126195,-1.1554112136748576
wheat,IN,IN-16-1030,2010,347.063,124.762,438.5,16.423,29.04541,79.46845,2670.0,13.471,1.498,6.0,0.3705078090951334,-0.3257759276592568
wheat,IN,IN-16-1030,2011,347.063,124.762,438.5,16.423,29.04541,79.46845,2670.0,13.471,1.498,6.0,0.23790504886140731,1.1093836146407474
wheat,IN,IN-16-1030,2012,347.063,124.762,438.5,16.423,29.04541,79.46845,2670.0,13.471,1.498,6.0,-0.4848092171257312,-0.3038446671324488
wheat,IN,IN-16-1030,2013,347.063,124.762,438.5,16.423,29.04541,79.46845,2670.0,13.471,1.498,6.0,0.26434505925092144,0.37248271495209645
wheat,IN,IN-16-1030,2014,347.063,124.762,438.5,16.423,29.04541,79.46845,2670.0,13.471,1.498,6.0,-0.9720545764685415,0.6425673027195756
wheat,IN,IN-16-1030,2015,347.063,124.762,438.5,16.423,29.04541,79.46845,2670.0,13.471,1.498,6.0,-1.2943294477877463,1.9635914344034933
wheat,IN,IN-16-1030,2016,347.063,124.762,438.5,16.423,29.04541,79.46845,2670.0,13.471,1.498,6.0,-1.6238328527061636,1.1171484197053072
wheat,IN,IN-16-1030,2017,347.063,124.762,438.5,16.423,29.04541,79.46845,2670.0,13.471,1.498,6.0,-1.1231504926520055,1.7610224953220937
wheat,IN,IN-16-1032,2003,24.939,178.966,0.7,0.031,29.93364,79.60306,2234.0,13.621,1.368,5.0,1.0720345838107816,-1.229866807221902
wheat,IN,IN-16-1032,2004,24.939,178.966,0.7,0.031,29.93364,79.60306,2234.0,13.621,1.368,5.0,0.8836801365859858,-0.8251509095868103
wheat,IN,IN-16-1032,2005,24.939,178.966,0.7,0.031,29.93364,79.60306,2234.0,13.621,1.368,5.0,1.1127404973059105,-0.47563305174418075
wheat,IN,IN-16-1032,2006,24.939,178.966,0.7,0.031,29.93364,79.60306,2234.0,13.621,1.368,5.0,0.21755558022182053,0.44885709240815225
wheat,IN,IN-16-1032,2007,24.939,178.966,0.7,0.031,29.93364,79.60306,2234.0,13.621,1.368,5.0,1.297916878349632,0.8194122487800424
wheat,IN,IN-16-1032,2008,24.939,178.966,0.7,0.031,29.93364,79.60306,2234.0,13.621,1.368,5.0,1.4924742410703202,-0.02557744907603609
wheat,IN,IN-16-1032,2009,24.939,178.966,0.7,0.031,29.93364,79.60306,2234.0,13.621,1.368,5.0,-0.4313315173433206,-0.5379955931487378
wheat,IN,IN-16-1032,2010,24.939,178.966,0.7,0.031,29.93364,79.60306,2234.0,13.621,1.368,5.0,-0.37090908948325063,-0.6697258583183368
wheat,IN,IN-16-1032,2011,24.939,178.966,0.7,0.031,29.93364,79.60306,2234.0,13.621,1.368,5.0,0.1873225277584685,-0.2308334619899154
wheat,IN,IN-16-1032,2012,24.939,178.966,0.7,0.031,29.93364,79.60306,2234.0,13.621,1.368,5.0,-0.8979654276418793,-0.5403488965979618
wheat,IN,IN-16-1032,2013,24.939,178.966,0.7,0.031,29.93364,79.60306,2234.0,13.621,1.368,5.0,0.0800655009379032,1.0022415143712862
wheat,IN,IN-16-1032,2014,24.939,178.966,0.7,0.031,29.93364,79.60306,2234.0,13.621,1.368,5.0,-0.8870589183199782,1.2422784661925836
wheat,IN,IN-16-1032,2015,24.939,178.966,0.7,0.031,29.93364,79.60306,2234.0,13.621,1.368,5.0,-1.186718927672186,1.2250470553810147
wheat,IN,IN-16-1032,2016,24.939,178.966,0.7,0.031,29.93364,79.60306,2234.0,13.621,1.368,5.0,-1.604020832598685,0.7931532393066947
wheat,IN,IN-16-1032,2017,24.939,178.966,0.7,0.031,29.93364,79.60306,2234.0,13.621,1.368,5.0,-0.9657852329815081,1.739797510621863
wheat,IN,IN-16-1043,2003,39.0,183.0,0.0,0.0,30.7,79.0,1988.0,15.499,1.076,4.0,1.8324888491701086,-1.2543104435121304
wheat,IN,IN-16-1043,2004,39.0,183.0,0.0,0.0,30.7,79.0,1988.0,15.499,1.076,4.0,0.6815391250137028,-0.5848085580792871
wheat,IN,IN-16-1043,2005,39.0,183.0,0.0,0.0,30.7,79.0,1988.0,15.499,1.076,4.0,0.8579710504551809,1.1493680061591034
wheat,IN,IN-16-1043,2006,39.0,183.0,0.0,0.0,30.7,79.0,1988.0,15.499,1.076,4.0,0.8005203454270017,1.791089730370663
wheat,IN,IN-16-1043,2007,39.0,183.0,0.0,0.0,30.7,79.0,1988.0,15.499,1.076,4.0,0.9549505058252981,1.2274611260366992
wheat,IN,IN-16-1043,2008,39.0,183.0,0.0,0.0,30.7,79.0,1988.0,15.499,1.076,4.0,0.9771039416469532,-0.44546326939334635
wheat,IN,IN-16-1043,2009,39.0,183.0,0.0,0.0,30.7,79.0,1988.0,15.499,1.076,4.0,-0.24825312453247877,0.15049758424646098
wheat,IN,IN-16-1043,2010,39.0,183.0,0.0,0.0,30.7,79.0,1988.0,15.499,1.076,4.0,-0.07663728747921883,-1.1468938201231764
wheat,IN,IN-16-1043,2011,39.0,183.0,0.0,0.0,30.7,79.0,1988.0,15.499,1.076,4.0,0.175816512962009,-1.2637093980586636
wheat,IN,IN-16-1043,2012,39.0,183.0,0.0,0.0,30.7,79.0,1988.0,15.499,1.076,4.0,-0.6691969973504475,-0.1175740264985832
wheat,IN,IN-16-1043,2013,39.0,183.0,0.0,0.0,30.7,79.0,1988.0,15.499,1.076,4.0,-0.4963824287397477,-0.4337427297606618
wheat,IN,IN-16-1043,2014,39.0,183.0,0.0,0.0,30.7,79.0,1988.0,15.499,1.076,4.0,-0.9119603994726209,0.551631537214569
wheat,IN,IN-16-1043,2015,39.0,183.0,0.0,0.0,30.7,79.0,1988.0,15.499,1.076,4.0,-0.955001293273919,1.27431152158739
wheat,IN,IN-16-1043,2016,39.0,183.0,0.0,0.0,30.7,79.0,1988.0,15.499,1.076,4.0,-1.7121799455015017,-0.4271065357177713
wheat,IN,IN-16-1043,2017,39.0,183.0,0.0,0.0,30.7,79.0,1988.0,15.499,1.076,4.0,-1.210778854150315,0.8336001736105578
wheat,IN,IN-17-0601,2003,11.086,125.932,2.2,0.057,24.87425,92.61841,3781.0,22.653,1.219,2.0,0.5178522224119337,-0.5445948734504754
wheat,IN,IN-17-0601,2004,11.086,125.932,2.2,0.057,24.87425,92.61841,3781.0,22.653,1.219,2.0,0.8853684957004295,-1.397982879937507
wheat,IN,IN-17-0601,2005,11.086,125.932,2.2,0.057,24.87425,92.61841,3781.0,22.653,1.219,2.0,0.6256969153711942,0.30370062629338535
wheat,IN,IN-17-0601,2006,11.086,125.932,2.2,0.057,24.87425,92.61841,3781.0,22.653,1.219,2.0,-1.0867036633698455,0.29176559985618694
wheat,IN,IN-17-0601,2007,11.086,125.932,2.2,0.057,24.87425,92.61841,3781.0,22.653,1.219,2.0,0.4978217284988179,-1.8341072789131836
wheat,IN,IN-17-0601,2008,11.086,125.932,2.2,0.057,24.87425,92.61841,3781.0,22.653,1.219,2.0,0.011255766278252225,0.7176452183556606
wheat,IN,IN-17-0601,2009,11.086,125.932,2.2,0.057,24.87425,92.61841,3781.0,22.653,1.219,2.0,-0.9741445454484957,1.2087636655757843
wheat,IN,IN-17-0601,2010,11.086,125.932,2.2,0.057,24.87425,92.61841,3781.0,22.653,1.219,2.0,1.159310280968445,-1.9830483640196939
wheat,IN,IN-17-0601,2011,11.086,125.932,2.2,0.057,24.87425,92.61841,3781.0,22.653,1.219,2.0,-0.6714172104955655,-0.01863327736165389
wheat,IN,IN-17-0601,2012,11.086,125.932,2.2,0.057,24.87425,92.61841,3781.0,22.653,1.219,2.0,-0.04924348994793839,0.8526530491711201
wheat,IN,IN-17-0601,2013,11.086,125.932,2.2,0.057,24.87425,92.61841,3781.0,22.653,1.219,2.0,-0.32342592848192225,0.36266706166260937
wheat,IN,IN-17-0601,2014,11.086,125.932,2.2,0.057,24.87425,92.61841,3781.0,22.653,1.219,2.0,-2.136339018678994,-0.18370583355221642
wheat,IN,IN-17-0601,2015,11.086,125.932,2.2,0.057,24.87425,92.61841,3781.0,22.653,1.219,2.0,-0.8347063886246873,-0.3879177776275155
wheat,IN,IN-17-0601,2016,11.086,125.932,2.2,0.057,24.87425,92.61841,3781.0,22.653,1.219,2.0,0.8835084920647884,1.52730540565842
wheat,IN,IN-17-0601,2017,11.086,125.932,2.2,0.057,24.87425,92.61841,3781.0,22.653,1.219,2.0,1.4951663437535567,0.901265770282987
wheat,IN,IN-17-0602,2003,5.966,125.793,0.4,0.028,26.53793,92.05074,1583.0,11.451,1.412,4.0,1.6537952246125405,-0.6640592138156842
wheat,IN,IN-17-0602,2004,5.966,125.793,0.4,0.028,26.53793,92.05074,1583.0,11.451,1.412,4.0,1.8916441015591974,-0.44659266554395055
wheat,IN,IN-17-0602,2005,5.966,125.793,0.4,0.028,26.53793,92.05074,1583.0,11.451,1.412,4.0,1.0746173051858519,0.7779914541927124
wheat,IN,IN-17-0602,2006,5.966,125.793,0.4,0.028,26.53793,92.05074,1583.0,11.451,1.412,4.0,-0.4031295048836111,0.9821331503069836
wheat,IN,IN-17-0602,2007,5.966,125.793,0.4,0.028,26.53793,92.05074,1583.0,11.451,1.412,4.0,0.298057336065993,-0.840356949987038
wheat,IN,IN-17-0602,2008,5.966,125.793,0.4,0.028,26.53793,92.05074,1583.0,11.451,1.412,4.0,0.4109329499812079,-0.7530015850824313
wheat,IN,IN-17-0602,2009,5.966,125.793,0.4,0.028,26.53793,92.05074,1583.0,11.451,1.412,4.0,-0.9290195481476724,-0.035925939638284
wheat,IN,IN-17-0602,2010,5.966,125.793,0.4,0.028,26.53793,92.05074,1583.0,11.451,1.412,4.0,0.15290916002192237,-0.791440479516164
wheat,IN,IN-17-0602,2011,5.966,125.793,0.4,0.028,26.53793,92.05074,1583.0,11.451,1.412,4.0,-0.8000840828446613,0.3052399293583637
wheat,IN,IN-17-0602,2012,5.966,125.793,0.4,0.028,26.53793,92.05074,1583.0,11.451,1.412,4.0,-0.9068512375645659,-1.5047334008374185
wheat,IN,IN-17-0602,2013,5.966,125.793,0.4,0.028,26.53793,92.05074,1583.0,11.451,1.412,4.0,-1.3933772305627568,-0.3120676207321014
wheat,IN,IN-17-0602,2014,5.966,125.793,0.4,0.028,26.53793,92.05074,1583.0,11.451,1.412,4.0,-1.2232220338692972,-1.022968764946823
wheat,IN,IN-17-0602,2015,5.966,125.793,0.4,0.028,26.53793,92.05074,1583.0,11.451,1.412,4.0,-0.37315962724560436,1.1117658979325775
wheat,IN,IN-17-0602,2016,5.966,125.793,0.4,0.028,26.53793,92.05074,1583.0,11.451,1.412,4.0,0.13911426379109953,2.280334557085761
wheat,IN,IN-17-0602,2017,5.966,125.793,0.4,0.028,26.53793,92.05074,1583.0,11.451,1.412,4.0,0.40777292390035635,1.3491254542621753
wheat,IN,IN-17-0603,2003,18.918,154.18,0.4,0.012,27.67268,95.15957,3381.0,13.303,1.433,5.0,1.099768013327146,0.24810575543177332
wheat,IN,IN-17-0603,2004,18.918,154.18,0.4,0.012,27.67268,95.15957,3381.0,13.303,1.433,5.0,1.7394524135077607,0.048376752987406214
wheat,IN,IN-17-0603,2005,18.918,154.18,0.4,0.012,27.67268,95.15957,3381.0,13.303,1.433,5.0,1.834188925857514,0.03966592020391749
wheat,IN,IN-17-0603,2006,18.918,154.18,0.4,0.012,27.67268,95.15957,3381.0,13.303,1.433,5.0,-0.13155393943450894,0.7519170983442908
wheat,IN,IN-17-0603,2007,18.918,154.18,0.4,0.012,27.67268,95.15957,3381.0,13.303,1.433,5.0,-0.34781866727829175,0.6272009684834562
wheat,IN,IN-17-0603,2008,18.918,154.18,0.4,0.012,27.67268,95.15957,3381.0,13.303,1.433,5.0,-0.08412449547995193,0.1941238576087149
wheat,IN,IN-17-0603,2009,18.918,154.18,0.4,0.012,27.67268,95.15957,3381.0,13.303,1.433,5.0,-1.0157333812517058,-0.16268389256539148
wheat,IN,IN-17-0603,2010,18.918,154.18,0.4,0.012,27.67268,95.15957,3381.0,13.303,1.433,5.0,0.6341687331825814,-1.1178324613820236
wheat,IN,IN-17-0603,2011,18.918,154.18,0.4,0.012,27.67268,95.15957,3381.0,13.303,1.433,5.0,-0.37288675285802203,0.6157494102632172
wheat,IN,IN-17-0603,2012,18.918,154.18,0.4,0.012,27.67268,95.15957,3381.0,13.303,1.433,5.0,0.042173887163632184,-2.83666168787107
wheat,IN,IN-17-0603,2013,18.918,154.18,0.4,0.012,27.67268,95.15957,3381.0,13.303,1.433,5.0,-1.0722677365815896,-0.4373189965801201
wheat,IN,IN-17-0603,2014,18.918,154.18,0.4,0.012,27.67268,95.15957,3381.0,13.303,1.433,5.0,-1.396030620645555,-0.22973251807570658
wheat,IN,IN-17-0603,2016,18.918,154.18,0.4,0.012,27.67268,95.15957,3381.0,13.303,1.433,5.0,-0.1908020634681622,0.8669825752992185
wheat,IN,IN-17-0603,2017,18.918,154.18,0.4,0.012,27.67268,95.15957,3381.0,13.303,1.433,5.0,-0.738534316040847,-0.8381310731683936
wheat,IN,IN-17-0604,2003,1.3,109.747,0.7,0.036,26.11219,90.3325,1957.0,13.064,1.402,4.0,1.6287253488293032,-0.3817084725248253
wheat,IN,IN-17-0604,2004,1.3,109.747,0.7,0.036,26.11219,90.3325,1957.0,13.064,1.402,4.0,1.6450145748147895,-1.8151611526065934
wheat,IN,IN-17-0604,2005,1.3,109.747,0.7,0.036,26.11219,90.3325,1957.0,13.064,1.402,4.0,1.1243498940828842,-0.6618922384026729
wheat,IN,IN-17-0604,2006,1.3,109.747,0.7,0.036,26.11219,90.3325,1957.0,13.064,1.402,4.0,-0.2453268666870165,0.6773565134176944
wheat,IN,IN-17-0604,2007,1.3,109.747,0.7,0.036,26.11219,90.3325,1957.0,13.064,1.402,4.0,0.39725344812379887,-0.13478108661801083
wheat,IN,IN-17-0604,2008,1.3,109.747,0.7,0.036,26.11219,90.3325,1957.0,13.064,1.402,4.0,0.5200041217716718,0.6312467100502189
wheat,IN,IN-17-0604,2009,1.3,109.747,0.7,0.036,26.11219,90.3325,1957.0,13.064,1.402,4.0,-0.5636407277535921,0.9156413204475897
wheat,IN,IN-17-0604,2010,1.3,109.747,0.7,0.036,26.11219,90.3325,1957.0,13.064,1.402,4.0,-0.39356791676794917,-0.39010904398853524
wheat,IN,IN-17-0604,2011,1.3,109.747,0.7,0.036,26.11219,90.3325,1957.0,13.064,1.402,4.0,-0.9092521264343078,0.223272048859418
wheat,IN,IN-17-0604,2012,1.3,109.747,0.7,0.036,26.11219,90.3325,1957.0,13.064,1.402,4.0,-1.2875795401460188,-1.2444416712782316
wheat,IN,IN-17-0604,2013,1.3,109.747,0.7,0.036,26.11219,90.3325,1957.0,13.064,1.402,4.0,-1.5011118596229407,0.16817503920065086
wheat,IN,IN-17-0604,2014,1.3,109.747,0.7,0.036,26.11219,90.3325,1957.0,13.064,1.402,4.0,-1.189290559001707,-0.21270874072548307
wheat,IN,IN-17-0604,2015,1.3,109.747,0.7,0.036,26.11219,90.3325,1957.0,13.064,1.402,4.0,0.20041516266511547,1.3192002395637106
wheat,IN,IN-17-0604,2016,1.3,109.747,0.7,0.036,26.11219,90.3325,1957.0,13.064,1.402,4.0,0.11557710342278656,1.6744549310337866
wheat,IN,IN-17-0604,2017,1.3,109.747,0.7,0.036,26.11219,90.3325,1957.0,13.064,1.402,4.0,0.45842994270315146,1.2881698297781592
wheat,IN,IN-17-0605,2003,6.0,121.0,0.4,0.014,26.16552,91.21281,3124.0,12.458,1.42,4.0,1.5699368507105955,-0.17239799937228473
wheat,IN,IN-17-0605,2004,6.0,121.0,0.4,0.014,26.16552,91.21281,3124.0,12.458,1.42,4.0,1.8275892373604539,-1.5591128601650526
wheat,IN,IN-17-0605,2005,6.0,121.0,0.4,0.014,26.16552,91.21281,3124.0,12.458,1.42,4.0,1.2767784951272516,-0.34080400630366575
wheat,IN,IN-17-0605,2006,6.0,121.0,0.4,0.014,26.16552,91.21281,3124.0,12.458,1.42,4.0,-0.5720720459473232,1.3204178205202857
wheat,IN,IN-17-0605,2007,6.0,121.0,0.4,0.014,26.16552,91.21281,3124.0,12.458,1.42,4.0,0.20479302054408347,0.35727677957690535
wheat,IN,IN-17-0605,2008,6.0,121.0,0.4,0.014,26.16552,91.21281,3124.0,12.458,1.42,4.0,0.3126647686062026,1.280294707574553
wheat,IN,IN-17-0605,2009,6.0,121.0,0.4,0.014,26.16552,91.21281,3124.0,12.458,1.42,4.0,-1.062251586425689,0.40087805711235813
wheat,IN,IN-17-0605,2010,6.0,121.0,0.4,0.014,26.16552,91.21281,3124.0,12.458,1.42,4.0,-0.05901560965841123,-0.8143678065039488
wheat,IN,IN-17-0605,2011,6.0,121.0,0.4,0.014,26.16552,91.21281,3124.0,12.458,1.42,4.0,-0.7441924749154052,2.010771381498271
wheat,IN,IN-17-0605,2012,6.0,121.0,0.4,0.014,26.16552,91.21281,3124.0,12.458,1.42,4.0,-1.0625251437789875,-1.6500749304307083
wheat,IN,IN-17-0605,2013,6.0,121.0,0.4,0.014,26.16552,91.21281,3124.0,12.458,1.42,4.0,-1.2060877182889385,0.17670680015719237
wheat,IN,IN-17-0605,2014,6.0,121.0,0.4,0.014,26.16552,91.21281,3124.0,12.458,1.42,4.0,-1.2130531954681079,-0.7249292884825076
wheat,IN,IN-17-0605,2015,6.0,121.0,0.4,0.014,26.16552,91.21281,3124.0,12.458,1.42,4.0,-0.08434690087043745,0.5032212755911812
wheat,IN,IN-17-0605,2016,6.0,121.0,0.4,0.014,26.16552,91.21281,3124.0,12.458,1.42,4.0,0.3041857300524123,0.34197440813417834
wheat,IN,IN-17-0605,2017,6.0,121.0,0.4,0.014,26.16552,91.21281,3124.0,12.458,1.42,4.0,0.5075965729523274,0.4140211564069705
wheat,IN,IN-17-0606,2003,15.0,154.0,0.0,0.0,26.3,93.6,7320.0,11.686,1.372,5.0,1.951304945623169,-0.69514502732166
wheat,IN,IN-17-0606,2004,15.0,154.0,0.0,0.0,26.3,93.6,7320.0,11.686,1.372,5.0,1.6629654559453517,-0.20726562210603838
wheat,IN,IN-17-0606,2005,15.0,154.0,0.0,0.0,26.3,93.6,7320.0,11.686,1.372,5.0,1.0454395986434164,1.137256563783195
wheat,IN,IN-17-0606,2006,15.0,154.0,0.0,0.0,26.3,93.6,7320.0,11.686,1.372,5.0,-0.9138920669764219,-0.2271048797649903
wheat,IN,IN-17-0606,2007,15.0,154.0,0.0,0.0,26.3,93.6,7320.0,11.686,1.372,5.0,0.15086091441401706,1.188873510011511
wheat,IN,IN-17-0606,2008,15.0,154.0,0.0,0.0,26.3,93.6,7320.0,11.686,1.372,5.0,-0.12808538074632497,1.1456939492243656
wheat,IN,IN-17-0606,2009,15.0,154.0,0.0,0.0,26.3,93.6,7320.0,11.686,1.372,5.0,-1.2887785585271392,-0.10754139838335211
wheat,IN,IN-17-0606,2010,15.0,154.0,0.0,0.0,26.3,93.6,7320.0,11.686,1.372,5.0,0.4601278825991974,-1.732943436584999
wheat,IN,IN-17-0606,2011,15.0,154.0,0.0,0.0,26.3,93.6,7320.0,11.686,1.372,5.0,-0.41306544590918676,1.0082141982124342
wheat,IN,IN-17-0606,2012,15.0,154.0,0.0,0.0,26.3,93.6,7320.0,11.686,1.372,5.0,-0.9124173735528415,-0.3568296080209132
wheat,IN,IN-17-0606,2013,15.0,154.0,0.0,0.0,26.3,93.6,7320.0,11.686,1.372,5.0,-0.6043326648778758,0.320676474451402
wheat,IN,IN-17-0606,2014,15.0,154.0,0.0,0.0,26.3,93.6,7320.0,11.686,1.372,5.0,-1.2950521941845556,-0.869352220842192
wheat,IN,IN-17-0606,2015,15.0,154.0,0.0,0.0,26.3,93.6,7320.0,11.686,1.372,5.0,-0.45453592007707544,0.7148578871482294
wheat,IN,IN-17-0606,2016,15.0,154.0,0.0,0.0,26.3,93.6,7320.0,11.686,1.372,5.0,0.5450426797493216,0.4980005374172606
wheat,IN,IN-17-0606,2017,15.0,154.0,0.0,0.0,26.3,93.6,7320.0,11.686,1.372,5.0,0.19441812787695556,0.7273319824867353
wheat,IN,IN-17-0607,2003,17.722,138.691,0.2,0.007,27.24639,94.07422,2995.0,13.69,1.515,5.0,1.4925568837277774,0.5483698820115426
wheat,IN,IN-17-0607,2004,17.722,138.691,0.2,0.007,27.24639,94.07422,2995.0,13.69,1.515,5.0,2.2367314856777964,-0.7664026720525294
wheat,IN,IN-17-0607,2005,17.722,138.691,0.2,0.007,27.24639,94.07422,2995.0,13.69,1.515,5.0,1.3530606813815997,1.6044272504334305
wheat,IN,IN-17-0607,2006,17.722,138.691,0.2,0.007,27.24639,94.07422,2995.0,13.69,1.515,5.0,-0.3703632366153621,0.970900229595737
wheat,IN,IN-17-0607,2007,17.722,138.691,0.2,0.007,27.24639,94.07422,2995.0,13.69,1.515,5.0,-0.05984075903082514,-0.43888724704761367
wheat,IN,IN-17-0607,2008,17.722,138.691,0.2,0.007,27.24639,94.07422,2995.0,13.69,1.515,5.0,-0.23931097736246848,-0.24421929880953666
wheat,IN,IN-17-0607,2009,17.722,138.691,0.2,0.007,27.24639,94.07422,2995.0,13.69,1.515,5.0,-0.7327100283007101,-0.08662643344018467
wheat,IN,IN-17-0607,2010,17.722,138.691,0.2,0.007,27.24639,94.07422,2995.0,13.69,1.515,5.0,0.7523275100445753,-0.05530882895126263
wheat,IN,IN-17-0607,2011,17.722,138.691,0.2,0.007,27.24639,94.07422,2995.0,13.69,1.515,5.0,-0.4936003895369136,0.4089286022961936
wheat,IN,IN-17-0607,2012,17.722,138.691,0.2,0.007,27.24639,94.07422,2995.0,13.69,1.515,5.0,-0.17799944336479653,-2.1174349186442045
wheat,IN,IN-17-0607,2013,17.722,138.691,0.2,0.007,27.24639,94.07422,2995.0,13.69,1.515,5.0,-1.1929528717517384,-0.1481563152007583
wheat,IN,IN-17-0607,2014,17.722,138.691,0.2,0.007,27.24639,94.07422,2995.0,13.69,1.515,5.0,-1.052607548282496,-1.7775467993380358
wheat,IN,IN-17-0607,2015,17.722,138.691,0.2,0.007,27.24639,94.07422,2995.0,13.69,1.515,5.0,-0.6660156361393086,-0.8562459356089698
wheat,IN,IN-17-0607,2016,17.722,138.691,0.2,0.007,27.24639,94.07422,2995.0,13.69,1.515,5.0,-0.3084548203126744,1.2582477737489086
wheat,IN,IN-17-0607,2017,17.722,138.691,0.2,0.007,27.24639,94.07422,2995.0,13.69,1.515,5.0,-0.5408208501344771,0.9247479703489145
wheat,IN,IN-17-0608,2003,10.922,142.922,0.2,0.002,26.17273,92.50649,7951.0,11.73,1.387,5.0,1.3264903693393186,0.291453882769733
wheat,IN,IN-17-0608,2004,10.922,142.922,0.2,0.002,26.17273,92.50649,7951.0,11.73,1.387,5.0,1.5003696161210505,0.23294736120289308
wheat,IN,IN-17-0608,2005,10.922,142.922,0.2,0.002,26.17273,92.50649,7951.0,11.73,1.387,5.0,0.8261157308292255,1.0385950690286048
wheat,IN,IN-17-0608,2006,10.922,142.922,0.2,0.002,26.17273,92.50649,7951.0,11.73,1.387,5.0,-0.6828041557580277,1.8049428886676921
wheat,IN,IN-17-0608,2007,10.922,142.922,0.2,0.002,26.17273,92.50649,7951.0,11.73,1.387,5.0,0.18096863778572306,-0.2516027900236408
wheat,IN,IN-17-0608,2008,10.922,142.922,0.2,0.002,26.17273,92.50649,7951.0,11.73,1.387,5.0,0.0028929804447260865,0.6176812242089917
wheat,IN,IN-17-0608,2009,10.922,142.922,0.2,0.002,26.17273,92.50649,7951.0,11.73,1.387,5.0,-1.0383856230330573,-0.18520218999539126
wheat,IN,IN-17-0608,2010,10.922,142.922,0.2,0.002,26.17273,92.50649,7951.0,11.73,1.387,5.0,0.05828308755904449,-0.47116866344321257
wheat,IN,IN-17-0608,2011,10.922,142.922,0.2,0.002,26.17273,92.50649,7951.0,11.73,1.387,5.0,-0.6607970798083673,0.15313486564441864
wheat,IN,IN-17-0608,2014,10.922,142.922,0.2,0.002,26.17273,92.50649,7951.0,11.73,1.387,5.0,-1.5131335634796272,-2.305249714339055
wheat,IN,IN-17-0609,2003,10.999,142.995,28.8,0.714,26.20024,92.53693,4030.0,13.375,1.432,5.0,1.6423865203111787,0.06592999188981483
wheat,IN,IN-17-0609,2004,10.999,142.995,28.8,0.714,26.20024,92.53693,4030.0,13.375,1.432,5.0,1.8374814201428133,-1.1222005706569524
wheat,IN,IN-17-0609,2005,10.999,142.995,28.8,0.714,26.20024,92.53693,4030.0,13.375,1.432,5.0,1.1056120014482582,1.0173919890463683
wheat,IN,IN-17-0609,2006,10.999,142.995,28.8,0.714,26.20024,92.53693,4030.0,13.375,1.432,5.0,-0.5221039841502604,1.207324891838307
wheat,IN,IN-17-0609,2007,10.999,142.995,28.8,0.714,26.20024,92.53693,4030.0,13.375,1.432,5.0,0.415585307151865,-1.2790119052707667
wheat,IN,IN-17-0609,2008,10.999,142.995,28.8,0.714,26.20024,92.53693,4030.0,13.375,1.432,5.0,0.22493884581536955,0.5072333909700758
wheat,IN,IN-17-0609,2009,10.999,142.995,28.8,0.714,26.20024,92.53693,4030.0,13.375,1.432,5.0,-0.898105081731741,0.032018530632335764
wheat,IN,IN-17-0609,2010,10.999,142.995,28.8,0.714,26.20024,92.53693,4030.0,13.375,1.432,5.0,0.28946433468338517,-0.6492211522720542
wheat,IN,IN-17-0609,2011,10.999,142.995,28.8,0.714,26.20024,92.53693,4030.0,13.375,1.432,5.0,-0.4836972100775734,0.46172929491050724
wheat,IN,IN-17-0609,2012,10.999,142.995,28.8,0.714,26.20024,92.53693,4030.0,13.375,1.432,5.0,-1.0600349469912522,-0.8119896956840846
wheat,IN,IN-17-0609,2013,10.999,142.995,28.8,0.714,26.20024,92.53693,4030.0,13.375,1.432,5.0,-1.1420720439527736,0.995042559417979
wheat,IN,IN-17-0609,2014,10.999,142.995,28.8,0.714,26.20024,92.53693,4030.0,13.375,1.432,5.0,-1.409205924707633,-1.7786076168100162
wheat,IN,IN-17-0609,2015,10.999,142.995,28.8,0.714,26.20024,92.53693,4030.0,13.375,1.432,5.0,-0.6426367445622232,0.5951041723490993
wheat,IN,IN-17-0609,2016,10.999,142.995,28.8,0.714,26.20024,92.53693,4030.0,13.375,1.432,5.0,0.162405689727061,1.662996433864377
wheat,IN,IN-17-0609,2017,10.999,142.995,28.8,0.714,26.20024,92.53693,4030.0,13.375,1.432,5.0,0.4799818168935318,0.6466475444295771
wheat,IN,IN-17-0610,2003,17.0,138.996,1.2,0.046,27.14314,94.56625,2644.0,11.451,1.412,4.0,1.0857768480843584,-0.534394295202864
wheat,IN,IN-17-0610,2004,17.0,138.996,1.2,0.046,27.14314,94.56625,2644.0,11.451,1.412,4.0,2.04122055744229,-2.1539582823247687
wheat,IN,IN-17-0610,2005,17.0,138.996,1.2,0.046,27.14314,94.56625,2644.0,11.451,1.412,4.0,1.584840087808597,1.2381334683999925
wheat,IN,IN-17-0610,2006,17.0,138.996,1.2,0.046,27.14314,94.56625,2644.0,11.451,1.412,4.0,-0.4666480434005063,0.9110818991944766
wheat,IN,IN-17-0610,2007,17.0,138.996,1.2,0.046,27.14314,94.56625,2644.0,11.451,1.412,4.0,-0.0014856207877407281,0.449019717790238
wheat,IN,IN-17-0610,2008,17.0,138.996,1.2,0.046,27.14314,94.56625,2644.0,11.451,1.412,4.0,-0.2996724045937005,0.8557758278499817
wheat,IN,IN-17-0610,2009,17.0,138.996,1.2,0.046,27.14314,94.56625,2644.0,11.451,1.412,4.0,-0.8751857962003292,0.34254305032762555
wheat,IN,IN-17-0610,2010,17.0,138.996,1.2,0.046,27.14314,94.56625,2644.0,11.451,1.412,4.0,1.1303682092186678,-0.009395625238516695
wheat,IN,IN-17-0610,2011,17.0,138.996,1.2,0.046,27.14314,94.56625,2644.0,11.451,1.412,4.0,-0.4398250831399622,1.001770528031593
wheat,IN,IN-17-0610,2012,17.0,138.996,1.2,0.046,27.14314,94.56625,2644.0,11.451,1.412,4.0,-0.0655860164058142,-2.011099762618928
wheat,IN,IN-17-0610,2013,17.0,138.996,1.2,0.046,27.14314,94.56625,2644.0,11.451,1.412,4.0,-0.9675534526058285,0.05019526566298852
wheat,IN,IN-17-0610,2014,17.0,138.996,1.2,0.046,27.14314,94.56625,2644.0,11.451,1.412,4.0,-1.2652596048335785,-1.0139832092251875
wheat,IN,IN-17-0610,2015,17.0,138.996,1.2,0.046,27.14314,94.56625,2644.0,11.451,1.412,4.0,-0.6972921472312767,-0.4981236957570947
wheat,IN,IN-17-0610,2016,17.0,138.996,1.2,0.046,27.14314,94.56625,2644.0,11.451,1.412,4.0,-0.008406623983279144,-0.4530803674314372
wheat,IN,IN-17-0610,2017,17.0,138.996,1.2,0.046,27.14314,94.56625,2644.0,11.451,1.412,4.0,-0.7552909093719087,0.7117250962064647
wheat,IN,IN-17-0615,2003,3.975,118.875,2.4,0.104,26.37937,90.92445,2290.0,13.195,1.492,5.0,1.5372607547920958,0.06847656331588128
wheat,IN,IN-17-0615,2004,3.975,118.875,2.4,0.104,26.37937,90.92445,2290.0,13.195,1.492,5.0,1.872564159675786,-1.9283848995313424
wheat,IN,IN-17-0615,2005,3.975,118.875,2.4,0.104,26.37937,90.92445,2290.0,13.195,1.492,5.0,1.1349713447859024,-0.21067489780044388
wheat,IN,IN-17-0615,2006,3.975,118.875,2.4,0.104,26.37937,90.92445,2290.0,13.195,1.492,5.0,-0.5460937133699032,0.16959757210232548
wheat,IN,IN-17-0615,2007,3.975,118.875,2.4,0.104,26.37937,90.92445,2290.0,13.195,1.492,5.0,0.2423542860356427,-0.2446461704697482
wheat,IN,IN-17-0615,2008,3.975,118.875,2.4,0.104,26.37937,90.92445,2290.0,13.195,1.492,5.0,0.31646306753338554,0.5724307331864917
wheat,IN,IN-17-0615,2009,3.975,118.875,2.4,0.104,26.37937,90.92445,2290.0,13.195,1.492,5.0,-1.1650602588049925,0.49849245977730755
wheat,IN,IN-17-0615,2010,3.975,118.875,2.4,0.104,26.37937,90.92445,2290.0,13.195,1.492,5.0,-0.23757842980047011,-0.17080072537431537
wheat,IN,IN-17-0615,2011,3.975,118.875,2.4,0.104,26.37937,90.92445,2290.0,13.195,1.492,5.0,-1.0240350079311027,0.8666443370356509
wheat,IN,IN-17-0615,2012,3.975,118.875,2.4,0.104,26.37937,90.92445,2290.0,13.195,1.492,5.0,-0.9548540826112347,-1.3317650853610978
wheat,IN,IN-17-0615,2013,3.975,118.875,2.4,0.104,26.37937,90.92445,2290.0,13.195,1.492,5.0,-1.2592906927680294,0.5466825414175625
wheat,IN,IN-17-0615,2014,3.975,118.875,2.4,0.104,26.37937,90.92445,2290.0,13.195,1.492,5.0,-1.0060496073789007,0.4501268222840829
wheat,IN,IN-17-0615,2015,3.975,118.875,2.4,0.104,26.37937,90.92445,2290.0,13.195,1.492,5.0,0.2918703348591038,0.6358364462096089
wheat,IN,IN-17-0615,2016,3.975,118.875,2.4,0.104,26.37937,90.92445,2290.0,13.195,1.492,5.0,0.32893732708124,1.6709422238372411
wheat,IN,IN-17-0615,2017,3.975,118.875,2.4,0.104,26.37937,90.92445,2290.0,13.195,1.492,5.0,0.4685405179015008,1.163103030158364
wheat,IN,IN-17-0616,2003,1.222,111.632,0.5,0.023,26.03675,90.07607,2223.0,12.562,1.419,4.0,1.580829263243373,-0.15269558777789713
wheat,IN,IN-17-0616,2004,1.222,111.632,0.5,0.023,26.03675,90.07607,2223.0,12.562,1.419,4.0,1.6645592711937929,-1.5256107502757554
wheat,IN,IN-17-0616,2005,1.222,111.632,0.5,0.023,26.03675,90.07607,2223.0,12.562,1.419,4.0,1.1603726481084229,0.5529545983277105
wheat,IN,IN-17-0616,2006,1.222,111.632,0.5,0.023,26.03675,90.07607,2223.0,12.562,1.419,4.0,-0.2634664689402269,0.9007646261194916
wheat,IN,IN-17-0616,2007,1.222,111.632,0.5,0.023,26.03675,90.07607,2223.0,12.562,1.419,4.0,0.41061721514296484,-0.47835619471391183
wheat,IN,IN-17-0616,2008,1.222,111.632,0.5,0.023,26.03675,90.07607,2223.0,12.562,1.419,4.0,0.4443784275786914,-0.17791104508771277
wheat,IN,IN-17-0616,2009,1.222,111.632,0.5,0.023,26.03675,90.07607,2223.0,12.562,1.419,4.0,-0.5476349304827399,0.5514525564280366
wheat,IN,IN-17-0616,2010,1.222,111.632,0.5,0.023,26.03675,90.07607,2223.0,12.562,1.419,4.0,-0.33743207060087343,-0.399017065395826
wheat,IN,IN-17-0616,2011,1.222,111.632,0.5,0.023,26.03675,90.07607,2223.0,12.562,1.419,4.0,-1.031939880493028,0.6351083187592746
wheat,IN,IN-17-0616,2012,1.222,111.632,0.5,0.023,26.03675,90.07607,2223.0,12.562,1.419,4.0,-1.2821062409801833,-1.9188824004299145
wheat,IN,IN-17-0616,2013,1.222,111.632,0.5,0.023,26.03675,90.07607,2223.0,12.562,1.419,4.0,-1.4947249343215723,0.9988514552888497
wheat,IN,IN-17-0616,2014,1.222,111.632,0.5,0.023,26.03675,90.07607,2223.0,12.562,1.419,4.0,-1.1174510921677683,-0.6940750067995919
wheat,IN,IN-17-0616,2015,1.222,111.632,0.5,0.023,26.03675,90.07607,2223.0,12.562,1.419,4.0,0.26811492910215534,0.6708993708230433
wheat,IN,IN-17-0616,2016,1.222,111.632,0.5,0.023,26.03675,90.07607,2223.0,12.562,1.419,4.0,0.025937081116915145,0.9361465583398545
wheat,IN,IN-17-0616,2017,1.222,111.632,0.5,0.023,26.03675,90.07607,2223.0,12.562,1.419,4.0,0.519946782500046,1.7378634238664015
wheat,IN,IN-17-0617,2003,14.714,147.429,0.1,0.003,26.69796,93.58775,3223.0,12.814,1.412,5.0,1.8187893316674493,-0.3756518579601279
wheat,IN,IN-17-0617,2004,14.714,147.429,0.1,0.003,26.69796,93.58775,3223.0,12.814,1.412,5.0,1.7114945780310542,-0.5344946363147035
wheat,IN,IN-17-0617,2005,14.714,147.429,0.1,0.003,26.69796,93.58775,3223.0,12.814,1.412,5.0,1.236624362608435,1.3836883950280734
wheat,IN,IN-17-0617,2006,14.714,147.429,0.1,0.003,26.69796,93.58775,3223.0,12.814,1.412,5.0,-0.6375322721055547,0.9374561389754402
wheat,IN,IN-17-0617,2007,14.714,147.429,0.1,0.003,26.69796,93.58775,3223.0,12.814,1.412,5.0,0.030034178463433068,-1.2335126832346255
wheat,IN,IN-17-0617,2008,14.714,147.429,0.1,0.003,26.69796,93.58775,3223.0,12.814,1.412,5.0,-0.30221275596618324,1.0779988807483651
wheat,IN,IN-17-0617,2009,14.714,147.429,0.1,0.003,26.69796,93.58775,3223.0,12.814,1.412,5.0,-1.3270744247635216,0.221470776367967
wheat,IN,IN-17-0617,2010,14.714,147.429,0.1,0.003,26.69796,93.58775,3223.0,12.814,1.412,5.0,0.6072058744971202,-0.7680946395773016
wheat,IN,IN-17-0617,2011,14.714,147.429,0.1,0.003,26.69796,93.58775,3223.0,12.814,1.412,5.0,-0.7390914616450278,0.3834210226523258
wheat,IN,IN-17-0617,2012,14.714,147.429,0.1,0.003,26.69796,93.58775,3223.0,12.814,1.412,5.0,-0.5782994441840826,-2.2832600628633863
wheat,IN,IN-17-0617,2013,14.714,147.429,0.1,0.003,26.69796,93.58775,3223.0,12.814,1.412,5.0,-1.0028652342240554,-0.4551909486945651
wheat,IN,IN-17-0617,2014,14.714,147.429,0.1,0.003,26.69796,93.58775,3223.0,12.814,1.412,5.0,-1.094834988649599,-0.3528358638052284
wheat,IN,IN-17-0617,2015,14.714,147.429,0.1,0.003,26.69796,93.58775,3223.0,12.814,1.412,5.0,-0.43426925442675374,0.5975444791419219
wheat,IN,IN-17-0617,2016,14.714,147.429,0.1,0.003,26.69796,93.58775,3223.0,12.814,1.412,5.0,0.5533370313431001,1.103917829663889
wheat,IN,IN-17-0617,2017,14.714,147.429,0.1,0.003,26.69796,93.58775,3223.0,12.814,1.412,5.0,0.15869447935413455,1.2391727632676508
wheat,IN,IN-17-0618,2003,16.737,139.316,0.0,0.001,26.85263,94.11053,3135.0,12.407,1.423,4.0,1.408617791646562,-0.20875241201670508
wheat,IN,IN-17-0618,2004,16.737,139.316,0.0,0.001,26.85263,94.11053,3135.0,12.407,1.423,4.0,1.6257141469250809,-2.327432979344633
wheat,IN,IN-17-0618,2005,16.737,139.316,0.0,0.001,26.85263,94.11053,3135.0,12.407,1.423,4.0,1.0001879072863795,1.3987713526344585
wheat,IN,IN-17-0618,2006,16.737,139.316,0.0,0.001,26.85263,94.11053,3135.0,12.407,1.423,4.0,-0.9559369322028481,0.3659379938180675
wheat,IN,IN-17-0618,2007,16.737,139.316,0.0,0.001,26.85263,94.11053,3135.0,12.407,1.423,4.0,-0.1124130719680898,0.5167344851932149
wheat,IN,IN-17-0618,2008,16.737,139.316,0.0,0.001,26.85263,94.11053,3135.0,12.407,1.423,4.0,-0.37405357755723995,0.031309397962028675
wheat,IN,IN-17-0618,2009,16.737,139.316,0.0,0.001,26.85263,94.11053,3135.0,12.407,1.423,4.0,-1.292212060329528,-0.30161047042520434
wheat,IN,IN-17-0618,2010,16.737,139.316,0.0,0.001,26.85263,94.11053,3135.0,12.407,1.423,4.0,1.2638001632195244,-1.1790498253270107
wheat,IN,IN-17-0618,2011,16.737,139.316,0.0,0.001,26.85263,94.11053,3135.0,12.407,1.423,4.0,-0.3716582455413772,0.36007744258376184
wheat,IN,IN-17-0618,2012,16.737,139.316,0.0,0.001,26.85263,94.11053,3135.0,12.407,1.423,4.0,-0.2082287346850664,-1.3050738759223912
wheat,IN,IN-17-0618,2013,16.737,139.316,0.0,0.001,26.85263,94.11053,3135.0,12.407,1.423,4.0,-1.1319986222035687,-0.17973426876404763
wheat,IN,IN-17-0618,2014,16.737,139.316,0.0,0.001,26.85263,94.11053,3135.0,12.407,1.423,4.0,-1.29404467334886,-0.4728964938810935
wheat,IN,IN-17-0618,2015,16.737,139.316,0.0,0.001,26.85263,94.11053,3135.0,12.407,1.423,4.0,-0.5034804359972631,0.8452966109538741
wheat,IN,IN-17-0618,2016,16.737,139.316,0.0,0.001,26.85263,94.11053,3135.0,12.407,1.423,4.0,0.7898454221704365,0.5706910025667931
wheat,IN,IN-17-0618,2017,16.737,139.316,0.0,0.001,26.85263,94.11053,3135.0,12.407,1.423,4.0,0.155860922585871,1.8281455267785243
wheat,IN,IN-17-0619,2004,14.84,119.843,7.5,0.412,24.75599,92.4014,1812.0,22.808,1.217,2.0,1.0843883848659168,-1.3024402586324517
wheat,IN,IN-17-0619,2006,14.84,119.843,7.5,0.412,24.75599,92.4014,1812.0,22.808,1.217,2.0,-0.48919083279668624,-0.9953724831467218
wheat,IN,IN-17-0619,2007,14.84,119.843,7.5,0.412,24.75599,92.4014,1812.0,22.808,1.217,2.0,0.9504074943409411,-1.3814350351852156
wheat,IN,IN-17-0619,2008,14.84,119.843,7.5,0.412,24.75599,92.4014,1812.0,22.808,1.217,2.0,0.50308171778533,0.7661151896182145
wheat,IN,IN-17-0619,2009,14.84,119.843,7.5,0.412,24.75599,92.4014,1812.0,22.808,1.217,2.0,-0.6993700056089242,0.2647710085695386
wheat,IN,IN-17-0619,2010,14.84,119.843,7.5,0.412,24.75599,92.4014,1812.0,22.808,1.217,2.0,1.175626462324811,-1.0141122606472457
wheat,IN,IN-17-0619,2011,14.84,119.843,7.5,0.412,24.75599,92.4014,1812.0,22.808,1.217,2.0,-0.8160653826032491,-0.5723210928279641
wheat,IN,IN-17-0619,2012,14.84,119.843,7.5,0.412,24.75599,92.4014,1812.0,22.808,1.217,2.0,-0.15970950015279625,0.13501722751330456
wheat,IN,IN-17-0619,2013,14.84,119.843,7.5,0.412,24.75599,92.4014,1812.0,22.808,1.217,2.0,-0.36538574472820506,-0.08419257466464558
wheat,IN,IN-17-0619,2014,14.84,119.843,7.5,0.412,24.75599,92.4014,1812.0,22.808,1.217,2.0,-2.18199098955224,0.7573694585347138
wheat,IN,IN-17-0619,2015,14.84,119.843,7.5,0.412,24.75599,92.4014,1812.0,22.808,1.217,2.0,-0.6675473346102515,-0.20535391410149895
wheat,IN,IN-17-0619,2016,14.84,119.843,7.5,0.412,24.75599,92.4014,1812.0,22.808,1.217,2.0,0.5700463785759842,2.0765783189570555
wheat,IN,IN-17-0619,2017,14.84,119.843,7.5,0.412,24.75599,92.4014,1812.0,22.808,1.217,2.0,1.0957093521593753,0.43957818582585173
wheat,IN,IN-17-0620,2003,4.0,122.0,0.0,0.001,26.42222,90.15556,3110.0,13.078,1.487,5.0,1.4876142438653763,0.9002996587946607
wheat,IN,IN-17-0620,2004,4.0,122.0,0.0,0.001,26.42222,90.15556,3110.0,13.078,1.487,5.0,1.8528423794774829,-1.0294610479316968
wheat,IN,IN-17-0620,2005,4.0,122.0,0.0,0.001,26.42222,90.15556,3110.0,13.078,1.487,5.0,1.1063807339809328,0.9910023342886567
wheat,IN,IN-17-0620,2006,4.0,122.0,0.0,0.001,26.42222,90.15556,3110.0,13.078,1.487,5.0,-0.32735683927897236,1.0482652747271586
wheat,IN,IN-17-0620,2007,4.0,122.0,0.0,0.001,26.42222,90.15556,3110.0,13.078,1.487,5.0,0.43040981382902166,0.5202280083782022
wheat,IN,IN-17-0620,2008,4.0,122.0,0.0,0.001,26.42222,90.15556,3110.0,13.078,1.487,5.0,0.3926825532989002,-0.1224883401275641
wheat,IN,IN-17-0620,2009,4.0,122.0,0.0,0.001,26.42222,90.15556,3110.0,13.078,1.487,5.0,-0.4618288558927145,0.5405773645818185
wheat,IN,IN-17-0620,2010,4.0,122.0,0.0,0.001,26.42222,90.15556,3110.0,13.078,1.487,5.0,-0.2489157425314796,-1.6058042626518458
wheat,IN,IN-17-0620,2011,4.0,122.0,0.0,0.001,26.42222,90.15556,3110.0,13.078,1.487,5.0,-1.1296078828119804,0.6363334472782679
wheat,IN,IN-17-0620,2012,4.0,122.0,0.0,0.001,26.42222,90.15556,3110.0,13.078,1.487,5.0,-1.2613266477158074,-1.5543902150153663
wheat,IN,IN-17-0620,2013,4.0,122.0,0.0,0.001,26.42222,90.15556,3110.0,13.078,1.487,5.0,-1.5250384608304262,-0.25179776716509417
wheat,IN,IN-17-0620,2014,4.0,122.0,0.0,0.001,26.42222,90.15556,3110.0,13.078,1.487,5.0,-1.0079191943103976,-0.8361923506234995
wheat,IN,IN-17-0620,2015,4.0,122.0,0.0,0.001,26.42222,90.15556,3110.0,13.078,1.487,5.0,0.31288395709333056,0.8014887774783622
wheat,IN,IN-17-0620,2016,4.0,122.0,0.0,0.001,26.42222,90.15556,3110.0,13.078,1.487,5.0,0.06782454103951951,0.6363334472782679
wheat,IN,IN-17-0620,2017,4.0,122.0,0.0,0.001,26.42222,90.15556,3110.0,13.078,1.487,5.0,0.3113554007872138,1.3902369453212957
wheat,IN,IN-17-0621,2003,5.907,120.907,0.2,0.023,26.275,91.33334,1045.0,11.451,1.412,4.0,1.5864872736577889,-0.31015262349874906
wheat,IN,IN-17-0621,2004,5.907,120.907,0.2,0.023,26.275,91.33334,1045.0,11.451,1.412,4.0,1.8567105723942499,-0.6976506506240335
wheat,IN,IN-17-0621,2005,5.907,120.907,0.2,0.023,26.275,91.33334,1045.0,11.451,1.412,4.0,1.2315297875244642,-0.25228701915092133
wheat,IN,IN-17-0621,2006,5.907,120.907,0.2,0.023,26.275,91.33334,1045.0,11.451,1.412,4.0,-0.6709436842932007,0.750256967509176
wheat,IN,IN-17-0621,2007,5.907,120.907,0.2,0.023,26.275,91.33334,1045.0,11.451,1.412,4.0,0.14278165432732554,0.5857994281148916
wheat,IN,IN-17-0621,2008,5.907,120.907,0.2,0.023,26.275,91.33334,1045.0,11.451,1.412,4.0,0.3184339530827742,0.18977582085785052
wheat,IN,IN-17-0621,2009,5.907,120.907,0.2,0.023,26.275,91.33334,1045.0,11.451,1.412,4.0,-1.099503041186555,-0.10392325100456426
wheat,IN,IN-17-0621,2010,5.907,120.907,0.2,0.023,26.275,91.33334,1045.0,11.451,1.412,4.0,0.044210004650092546,-1.0631611875400333
wheat,IN,IN-17-0621,2011,5.907,120.907,0.2,0.023,26.275,91.33334,1045.0,11.451,1.412,4.0,-0.7209240864474693,0.4875124753617689
wheat,IN,IN-17-0621,2012,5.907,120.907,0.2,0.023,26.275,91.33334,1045.0,11.451,1.412,4.0,-1.0051535963433382,-1.6639486655170574
wheat,IN,IN-17-0621,2013,5.907,120.907,0.2,0.023,26.275,91.33334,1045.0,11.451,1.412,4.0,-1.1879791438913778,0.7754752073254964
wheat,IN,IN-17-0621,2014,5.907,120.907,0.2,0.023,26.275,91.33334,1045.0,11.451,1.412,4.0,-1.2054855622006877,-0.08899121931921848
wheat,IN,IN-17-0621,2015,5.907,120.907,0.2,0.023,26.275,91.33334,1045.0,11.451,1.412,4.0,-0.08804387544169939,0.8681753297135656
wheat,IN,IN-17-0621,2016,5.907,120.907,0.2,0.023,26.275,91.33334,1045.0,11.451,1.412,4.0,0.31064563185875094,2.028673383609422
wheat,IN,IN-17-0621,2017,5.907,120.907,0.2,0.023,26.275,91.33334,1045.0,11.451,1.412,4.0,0.4872341123088366,0.973197083276198
wheat,IN,IN-17-0622,2003,17.633,141.763,3.3,0.064,26.88998,93.52367,5222.0,11.553,1.416,4.0,1.5888187015073667,0.7511789913123682
wheat,IN,IN-17-0622,2004,17.633,141.763,3.3,0.064,26.88998,93.52367,5222.0,11.553,1.416,4.0,1.8916399646709752,-1.7105868323951543
wheat,IN,IN-17-0622,2005,17.633,141.763,3.3,0.064,26.88998,93.52367,5222.0,11.553,1.416,4.0,1.0768547317920798,1.1333626301649045
wheat,IN,IN-17-0622,2006,17.633,141.763,3.3,0.064,26.88998,93.52367,5222.0,11.553,1.416,4.0,-0.7117216463986744,0.6589426741172203
wheat,IN,IN-17-0622,2007,17.633,141.763,3.3,0.064,26.88998,93.52367,5222.0,11.553,1.416,4.0,0.08343290479267967,0.5581689590797554
wheat,IN,IN-17-0622,2008,17.633,141.763,3.3,0.064,26.88998,93.52367,5222.0,11.553,1.416,4.0,-0.1300194526548577,0.030585389886003494
wheat,IN,IN-17-0622,2009,17.633,141.763,3.3,0.064,26.88998,93.52367,5222.0,11.553,1.416,4.0,-1.1638915120450732,0.10359154865011136
wheat,IN,IN-17-0622,2010,17.633,141.763,3.3,0.064,26.88998,93.52367,5222.0,11.553,1.416,4.0,0.7987452837921404,-1.5014032229295788
wheat,IN,IN-17-0622,2011,17.633,141.763,3.3,0.064,26.88998,93.52367,5222.0,11.553,1.416,4.0,-0.8022397832480057,0.5469313134422947
wheat,IN,IN-17-0622,2012,17.633,141.763,3.3,0.064,26.88998,93.52367,5222.0,11.553,1.416,4.0,-0.324249350913713,-2.2222465498145514
wheat,IN,IN-17-0622,2013,17.633,141.763,3.3,0.064,26.88998,93.52367,5222.0,11.553,1.416,4.0,-1.3864504809562836,0.020386000058670157
wheat,IN,IN-17-0622,2014,17.633,141.763,3.3,0.064,26.88998,93.52367,5222.0,11.553,1.416,4.0,-1.1108021785138618,-0.19377818017297463
wheat,IN,IN-17-0622,2015,17.633,141.763,3.3,0.064,26.88998,93.52367,5222.0,11.553,1.416,4.0,-0.38044548794278915,-0.1456406251037087
wheat,IN,IN-17-0622,2016,17.633,141.763,3.3,0.064,26.88998,93.52367,5222.0,11.553,1.416,4.0,0.32021618294639287,0.900923096866698
wheat,IN,IN-17-0622,2017,17.633,141.763,3.3,0.064,26.88998,93.52367,5222.0,11.553,1.416,4.0,0.250112123171624,0.658116269262789
wheat,IN,IN-17-1047,2003,3.989,118.959,1.4,0.122,26.35536,90.64352,1119.0,13.836,1.522,5.0,1.5648072682541105,-0.6681995759717566
wheat,IN,IN-17-1047,2004,3.989,118.959,1.4,0.122,26.35536,90.64352,1119.0,13.836,1.522,5.0,1.763910952537197,-0.918858589825369
wheat,IN,IN-17-1047,2005,3.989,118.959,1.4,0.122,26.35536,90.64352,1119.0,13.836,1.522,5.0,1.0849698427574763,-0.07920498677853462
wheat,IN,IN-17-1047,2006,3.989,118.959,1.4,0.122,26.35536,90.64352,1119.0,13.836,1.522,5.0,-0.46174937991193005,-0.29226409990676977
wheat,IN,IN-17-1047,2007,3.989,118.959,1.4,0.122,26.35536,90.64352,1119.0,13.836,1.522,5.0,0.35991105195360373,-0.12812859473507876
wheat,IN,IN-17-1047,2008,3.989,118.959,1.4,0.122,26.35536,90.64352,1119.0,13.836,1.522,5.0,0.3200792567963798,-0.18913596086442502
wheat,IN,IN-17-1047,2009,3.989,118.959,1.4,0.122,26.35536,90.64352,1119.0,13.836,1.522,5.0,-0.914352736711383,0.2268850913209773
wheat,IN,IN-17-1047,2010,3.989,118.959,1.4,0.122,26.35536,90.64352,1119.0,13.836,1.522,5.0,-0.30947499936305206,-0.4348439648002717
wheat,IN,IN-17-1047,2011,3.989,118.959,1.4,0.122,26.35536,90.64352,1119.0,13.836,1.522,5.0,-1.0490506405450886,0.5396117547645705
wheat,IN,IN-17-1047,2012,3.989,118.959,1.4,0.122,26.35536,90.64352,1119.0,13.836,1.522,5.0,-1.1029592713339818,-0.2883008204006448
wheat,IN,IN-17-1047,2013,3.989,118.959,1.4,0.122,26.35536,90.64352,1119.0,13.836,1.522,5.0,-1.449596495473061,0.31350149841986535
wheat,IN,IN-17-1047,2014,3.989,118.959,1.4,0.122,26.35536,90.64352,1119.0,13.836,1.522,5.0,-0.9920619003597629,0.32373808840528734
wheat,IN,IN-17-1047,2015,3.989,118.959,1.4,0.122,26.35536,90.64352,1119.0,13.836,1.522,5.0,0.3683508098631765,1.8566152112226124
wheat,IN,IN-17-1047,2016,3.989,118.959,1.4,0.122,26.35536,90.64352,1119.0,13.836,1.522,5.0,0.3259183675969891,1.5972966693504818
wheat,IN,IN-17-1047,2017,3.989,118.959,1.4,0.122,26.35536,90.64352,1119.0,13.836,1.522,5.0,0.4912978739393226,1.4619177504209886
wheat,IN,IN-17-1048,2003,18.331,145.824,0.3,0.012,27.62574,94.76471,2479.0,12.043,1.439,4.0,1.0590666800591613,-0.9787056892929762
wheat,IN,IN-17-1048,2004,18.331,145.824,0.3,0.012,27.62574,94.76471,2479.0,12.043,1.439,4.0,2.026324219544622,-1.6774675693315877
wheat,IN,IN-17-1048,2005,18.331,145.824,0.3,0.012,27.62574,94.76471,2479.0,12.043,1.439,4.0,1.6979412231647126,0.5969817476974694
wheat,IN,IN-17-1048,2006,18.331,145.824,0.3,0.012,27.62574,94.76471,2479.0,12.043,1.439,4.0,-0.42033488685695136,0.9758977679156929
wheat,IN,IN-17-1048,2007,18.331,145.824,0.3,0.012,27.62574,94.76471,2479.0,12.043,1.439,4.0,-0.1228396793272515,-0.7051931340838883
wheat,IN,IN-17-1048,2008,18.331,145.824,0.3,0.012,27.62574,94.76471,2479.0,12.043,1.439,4.0,-0.1321747715800319,-0.2981620004656311
wheat,IN,IN-17-1048,2009,18.331,145.824,0.3,0.012,27.62574,94.76471,2479.0,12.043,1.439,4.0,-0.7907701416158935,0.5954167181119541
wheat,IN,IN-17-1048,2010,18.331,145.824,0.3,0.012,27.62574,94.76471,2479.0,12.043,1.439,4.0,0.9492073650645142,0.6848533680171337
wheat,IN,IN-17-1048,2011,18.331,145.824,0.3,0.012,27.62574,94.76471,2479.0,12.043,1.439,4.0,-0.3417110400383322,0.15944419071901986
wheat,IN,IN-17-1048,2012,18.331,145.824,0.3,0.012,27.62574,94.76471,2479.0,12.043,1.439,4.0,0.21297463622502588,-1.6559454133451668
wheat,IN,IN-17-1048,2013,18.331,145.824,0.3,0.012,27.62574,94.76471,2479.0,12.043,1.439,4.0,-1.1737338340824122,-0.2841820765992595
wheat,IN,IN-17-1048,2014,18.331,145.824,0.3,0.012,27.62574,94.76471,2479.0,12.043,1.439,4.0,-1.279072843071638,-1.0801539318730418
wheat,IN,IN-17-1048,2015,18.331,145.824,0.3,0.012,27.62574,94.76471,2479.0,12.043,1.439,4.0,-0.4939430493905707,0.2704427961932603
wheat,IN,IN-17-1048,2016,18.331,145.824,0.3,0.012,27.62574,94.76471,2479.0,12.043,1.439,4.0,-0.4839193136355404,1.556088787866643
wheat,IN,IN-17-1048,2017,18.331,145.824,0.3,0.012,27.62574,94.76471,2479.0,12.043,1.439,4.0,-0.7070145644594217,1.722260377246904
wheat,IN,IN-17-1050,2003,7.727,133.77,3.3,0.216,26.26869,92.11711,1510.0,13.131,1.425,5.0,1.7720702547796376,-0.24074137638448567
wheat,IN,IN-17-1050,2004,7.727,133.77,3.3,0.216,26.26869,92.11711,1510.0,13.131,1.425,5.0,1.7569004274826725,-2.3674490862607906
wheat,IN,IN-17-1050,2005,7.727,133.77,3.3,0.216,26.26869,92.11711,1510.0,13.131,1.425,5.0,1.161259816817273,0.9252796296836421
wheat,IN,IN-17-1050,2006,7.727,133.77,3.3,0.216,26.26869,92.11711,1510.0,13.131,1.425,5.0,-0.7171281944378689,1.416235842764959
wheat,IN,IN-17-1050,2007,7.727,133.77,3.3,0.216,26.26869,92.11711,1510.0,13.131,1.425,5.0,0.2356035944129295,-0.5213032688319703
wheat,IN,IN-17-1050,2008,7.727,133.77,3.3,0.216,26.26869,92.11711,1510.0,13.131,1.425,5.0,0.23403467639744152,0.7288712501360799
wheat,IN,IN-17-1050,2009,7.727,133.77,3.3,0.216,26.26869,92.11711,1510.0,13.131,1.425,5.0,-1.0147883408736669,0.45242951842360596
wheat,IN,IN-17-1050,2010,7.727,133.77,3.3,0.216,26.26869,92.11711,1510.0,13.131,1.425,5.0,0.26745234048090916,-0.3573287802178996
wheat,IN,IN-17-1050,2011,7.727,133.77,3.3,0.216,26.26869,92.11711,1510.0,13.131,1.425,5.0,-0.5251283523986429,0.3510947723576587
wheat,IN,IN-17-1050,2012,7.727,133.77,3.3,0.216,26.26869,92.11711,1510.0,13.131,1.425,5.0,-0.8584025452597152,-2.0859110788393767
wheat,IN,IN-17-1050,2013,7.727,133.77,3.3,0.216,26.26869,92.11711,1510.0,13.131,1.425,5.0,-1.0642458503570627,0.011184414600121179
wheat,IN,IN-17-1050,2014,7.727,133.77,3.3,0.216,26.26869,92.11711,1510.0,13.131,1.425,5.0,-1.3654508825686558,0.09171943354974148
wheat,IN,IN-17-1050,2015,7.727,133.77,3.3,0.216,26.26869,92.11711,1510.0,13.131,1.425,5.0,-0.5918773659375267,1.0172907624446605
wheat,IN,IN-17-1050,2016,7.727,133.77,3.3,0.216,26.26869,92.11711,1510.0,13.131,1.425,5.0,0.14650307656128772,0.7819545959597431
wheat,IN,IN-17-1050,2017,7.727,133.77,3.3,0.216,26.26869,92.11711,1510.0,13.131,1.425,5.0,0.5631973449009999,-0.4199641079003059
wheat,IN,IN-17-1051,2003,19.009,155.045,1.2,0.032,27.67768,95.32178,3815.0,13.469,1.435,5.0,1.256874200590204,0.20129213021543924
wheat,IN,IN-17-1051,2004,19.009,155.045,1.2,0.032,27.67768,95.32178,3815.0,13.469,1.435,5.0,1.7499453174578379,-0.13183000841566112
wheat,IN,IN-17-1051,2005,19.009,155.045,1.2,0.032,27.67768,95.32178,3815.0,13.469,1.435,5.0,1.9164508988922841,0.274272803756069
wheat,IN,IN-17-1051,2006,19.009,155.045,1.2,0.032,27.67768,95.32178,3815.0,13.469,1.435,5.0,-0.008255752596902036,-0.28361301612835227
wheat,IN,IN-17-1051,2007,19.009,155.045,1.2,0.032,27.67768,95.32178,3815.0,13.469,1.435,5.0,-0.38945727104925115,-0.152094583273853
wheat,IN,IN-17-1051,2008,19.009,155.045,1.2,0.032,27.67768,95.32178,3815.0,13.469,1.435,5.0,0.015146828160531771,-0.28997365462205527
wheat,IN,IN-17-1051,2009,19.009,155.045,1.2,0.032,27.67768,95.32178,3815.0,13.469,1.435,5.0,-1.0614483715766716,-0.9368171123873662
wheat,IN,IN-17-1051,2010,19.009,155.045,1.2,0.032,27.67768,95.32178,3815.0,13.469,1.435,5.0,0.6466710285343188,-0.7622613218741539
wheat,IN,IN-17-1051,2011,19.009,155.045,1.2,0.032,27.67768,95.32178,3815.0,13.469,1.435,5.0,-0.3463553364376552,1.1648679281643133
wheat,IN,IN-17-1051,2012,19.009,155.045,1.2,0.032,27.67768,95.32178,3815.0,13.469,1.435,5.0,0.03470140972290744,-2.9115295175637246
wheat,IN,IN-17-1051,2013,19.009,155.045,1.2,0.032,27.67768,95.32178,3815.0,13.469,1.435,5.0,-1.0214765264000292,-0.08417622206759819
wheat,IN,IN-17-1051,2014,19.009,155.045,1.2,0.032,27.67768,95.32178,3815.0,13.469,1.435,5.0,-1.3845567161809864,0.021261473501452532
wheat,IN,IN-17-1051,2015,19.009,155.045,1.2,0.032,27.67768,95.32178,3815.0,13.469,1.435,5.0,-0.6229359020858208,0.547086371149805
wheat,IN,IN-17-1051,2016,19.009,155.045,1.2,0.032,27.67768,95.32178,3815.0,13.469,1.435,5.0,-0.06833262145095495,1.6087678020137153
wheat,IN,IN-17-1051,2017,19.009,155.045,1.2,0.032,27.67768,95.32178,3815.0,13.469,1.435,5.0,-0.7169711855798375,1.1088510865480758
wheat,IN,IN-17-2017,2005,6.979,127.277,0.1,0.005,26.71915,92.09999,2014.0,11.701,1.425,4.0,1.8983825809282964,-0.371224400192094
wheat,IN,IN-17-2017,2006,6.979,127.277,0.1,0.005,26.71915,92.09999,2014.0,11.701,1.425,4.0,0.19152103950460198,0.7270205058784214
wheat,IN,IN-17-2017,2007,6.979,127.277,0.1,0.005,26.71915,92.09999,2014.0,11.701,1.425,4.0,0.9908093310455868,-0.8991189582141944
wheat,IN,IN-17-2017,2009,6.979,127.277,0.1,0.005,26.71915,92.09999,2014.0,11.701,1.425,4.0,-0.4564992218580679,-0.4934197682528394
wheat,IN,IN-17-2017,2010,6.979,127.277,0.1,0.005,26.71915,92.09999,2014.0,11.701,1.425,4.0,0.6585387125756833,-0.7817969313110937
wheat,IN,IN-17-2017,2011,6.979,127.277,0.1,0.005,26.71915,92.09999,2014.0,11.701,1.425,4.0,-0.889867829901657,-0.13737868984013116
wheat,IN,IN-17-2017,2012,6.979,127.277,0.1,0.005,26.71915,92.09999,2014.0,11.701,1.425,4.0,-0.7581382902997215,-0.3505922424923328
wheat,IN,IN-17-2017,2013,6.979,127.277,0.1,0.005,26.71915,92.09999,2014.0,11.701,1.425,4.0,-1.6276543545133935,-0.9301242334427744
wheat,IN,IN-17-2017,2014,6.979,127.277,0.1,0.005,26.71915,92.09999,2014.0,11.701,1.425,4.0,-1.081938192659699,-0.8320810819713282
wheat,IN,IN-17-2017,2015,6.979,127.277,0.1,0.005,26.71915,92.09999,2014.0,11.701,1.425,4.0,0.08574128686981454,0.4369820828080633
wheat,IN,IN-17-2017,2016,6.979,127.277,0.1,0.005,26.71915,92.09999,2014.0,11.701,1.425,4.0,0.33223775683838175,2.1204757391072504
wheat,IN,IN-17-2017,2017,6.979,127.277,0.1,0.005,26.71915,92.09999,2014.0,11.701,1.425,4.0,0.6568671814701639,1.5112579779230877
wheat,IN,IN-17-2018,2005,4.0,119.0,0.0,0.0,26.675,91.2,2440.0,13.891,1.524,5.0,1.4767096692388257,0.37632493846944337
wheat,IN,IN-17-2018,2006,4.0,119.0,0.0,0.0,26.675,91.2,2440.0,13.891,1.524,5.0,-0.7330321245093698,0.26300385075889465
wheat,IN,IN-17-2018,2007,4.0,119.0,0.0,0.0,26.675,91.2,2440.0,13.891,1.524,5.0,0.5531428893326019,-0.3763247780380218
wheat,IN,IN-17-2018,2008,4.0,119.0,0.0,0.0,26.675,91.2,2440.0,13.891,1.524,5.0,0.7016706947966773,0.035846449376993376
wheat,IN,IN-17-2018,2009,4.0,119.0,0.0,0.0,26.675,91.2,2440.0,13.891,1.524,5.0,-1.2322199410756598,-0.3020272862469866
wheat,IN,IN-17-2018,2010,4.0,119.0,0.0,0.0,26.675,91.2,2440.0,13.891,1.524,5.0,0.5477705719972593,-0.6425057753394365
wheat,IN,IN-17-2018,2011,4.0,119.0,0.0,0.0,26.675,91.2,2440.0,13.891,1.524,5.0,-1.0465421588449189,0.0657804416177887
wheat,IN,IN-17-2018,2012,4.0,119.0,0.0,0.0,26.675,91.2,2440.0,13.891,1.524,5.0,-0.6292328669289603,-1.937506022859629
wheat,IN,IN-17-2018,2013,4.0,119.0,0.0,0.0,26.675,91.2,2440.0,13.891,1.524,5.0,-1.4305071268110363,-0.2857898620279733
wheat,IN,IN-17-2018,2014,4.0,119.0,0.0,0.0,26.675,91.2,2440.0,13.891,1.524,5.0,-0.8656541967700357,-0.8636033785745933
wheat,IN,IN-17-2018,2015,4.0,119.0,0.0,0.0,26.675,91.2,2440.0,13.891,1.524,5.0,0.7815598688266889,0.28328675289230776
wheat,IN,IN-17-2018,2016,4.0,119.0,0.0,0.0,26.675,91.2,2440.0,13.891,1.524,5.0,0.9982544410102548,2.3050226179308115
wheat,IN,IN-17-2018,2017,4.0,119.0,0.0,0.0,26.675,91.2,2440.0,13.891,1.524,5.0,0.8780802797376853,1.0784920520404258
wheat,IN,IN-17-2019,2005,4.0,119.0,0.1,0.003,26.67407,90.57407,1914.0,11.722,1.424,4.0,1.4338769946759318,-1.204801298869077
wheat,IN,IN-17-2019,2006,4.0,119.0,0.1,0.003,26.67407,90.57407,1914.0,11.722,1.424,4.0,-0.8577886905069027,0.06843198107303938
wheat,IN,IN-17-2019,2007,4.0,119.0,0.1,0.003,26.67407,90.57407,1914.0,11.722,1.424,4.0,0.7322571065669302,-0.6978881627850091
wheat,IN,IN-17-2019,2008,4.0,119.0,0.1,0.003,26.67407,90.57407,1914.0,11.722,1.424,4.0,0.7203910470603525,-0.6424043328519505
wheat,IN,IN-17-2019,2009,4.0,119.0,0.1,0.003,26.67407,90.57407,1914.0,11.722,1.424,4.0,-0.8248868944708116,-0.2748375425433633
wheat,IN,IN-17-2019,2010,4.0,119.0,0.1,0.003,26.67407,90.57407,1914.0,11.722,1.424,4.0,0.6451126436616194,0.4360458591077836
wheat,IN,IN-17-2019,2011,4.0,119.0,0.1,0.003,26.67407,90.57407,1914.0,11.722,1.424,4.0,-1.0862943405941679,0.40232827731981446
wheat,IN,IN-17-2019,2012,4.0,119.0,0.1,0.003,26.67407,90.57407,1914.0,11.722,1.424,4.0,-0.8631707265053813,-1.6152308690967212
wheat,IN,IN-17-2019,2013,4.0,119.0,0.1,0.003,26.67407,90.57407,1914.0,11.722,1.424,4.0,-1.5409444530531617,0.1274633704647334
wheat,IN,IN-17-2019,2014,4.0,119.0,0.1,0.003,26.67407,90.57407,1914.0,11.722,1.424,4.0,-0.8368888437482692,-0.2968247407880701
wheat,IN,IN-17-2019,2015,4.0,119.0,0.1,0.003,26.67407,90.57407,1914.0,11.722,1.424,4.0,0.7615677065675732,0.09587235348558373
wheat,IN,IN-17-2019,2016,4.0,119.0,0.1,0.003,26.67407,90.57407,1914.0,11.722,1.424,4.0,0.8209762402902211,1.7403346716374297
wheat,IN,IN-17-2019,2017,4.0,119.0,0.1,0.003,26.67407,90.57407,1914.0,11.722,1.424,4.0,0.8957922100561435,1.8615104338457718
wheat,IN,IN-18-0626,2003,0.457,160.047,2.3,0.194,31.38273,76.49267,1166.0,13.139,1.554,5.0,1.7918657739661328,-1.2271437574534574
wheat,IN,IN-18-0626,2004,0.457,160.047,2.3,0.194,31.38273,76.49267,1166.0,13.139,1.554,5.0,0.8886776500784166,-0.5285294432758346
wheat,IN,IN-18-0626,2005,0.457,160.047,2.3,0.194,31.38273,76.49267,1166.0,13.139,1.554,5.0,1.432844861604145,-0.25138433286766587
wheat,IN,IN-18-0626,2006,0.457,160.047,2.3,0.194,31.38273,76.49267,1166.0,13.139,1.554,5.0,0.28967817843801597,-0.17943781919222201
wheat,IN,IN-18-0626,2007,0.457,160.047,2.3,0.194,31.38273,76.49267,1166.0,13.139,1.554,5.0,0.7955341946405751,0.2492034448927461
wheat,IN,IN-18-0626,2008,0.457,160.047,2.3,0.194,31.38273,76.49267,1166.0,13.139,1.554,5.0,0.7937839409182125,0.0801982367345305
wheat,IN,IN-18-0626,2009,0.457,160.047,2.3,0.194,31.38273,76.49267,1166.0,13.139,1.554,5.0,-1.0594546277984485,-1.2189894254235178
wheat,IN,IN-18-0626,2010,0.457,160.047,2.3,0.194,31.38273,76.49267,1166.0,13.139,1.554,5.0,-0.1736520831428227,-0.8754657373074812
wheat,IN,IN-18-0626,2011,0.457,160.047,2.3,0.194,31.38273,76.49267,1166.0,13.139,1.554,5.0,0.11647445284149045,0.6094848241628266
wheat,IN,IN-18-0626,2012,0.457,160.047,2.3,0.194,31.38273,76.49267,1166.0,13.139,1.554,5.0,-0.5980583324770764,-0.6573463360484065
wheat,IN,IN-18-0626,2013,0.457,160.047,2.3,0.194,31.38273,76.49267,1166.0,13.139,1.554,5.0,-0.20632899699237128,1.390341743501179
wheat,IN,IN-18-0626,2014,0.457,160.047,2.3,0.194,31.38273,76.49267,1166.0,13.139,1.554,5.0,-0.9216508922055974,0.9780223149375195
wheat,IN,IN-18-0626,2015,0.457,160.047,2.3,0.194,31.38273,76.49267,1166.0,13.139,1.554,5.0,-0.3811531539280313,2.207051380848417
wheat,IN,IN-18-0626,2016,0.457,160.047,2.3,0.194,31.38273,76.49267,1166.0,13.139,1.554,5.0,-1.7051774731976592,0.8230421101452406
wheat,IN,IN-18-0626,2017,0.457,160.047,2.3,0.194,31.38273,76.49267,1166.0,13.139,1.554,5.0,-1.0633834927449897,0.6600811971327548
wheat,IN,IN-18-0627,2003,25.478,176.448,0.6,0.01,32.57659,75.99934,6511.0,14.447,1.502,5.0,2.2256809857013327,-1.5433767522771877
wheat,IN,IN-18-0627,2004,25.478,176.448,0.6,0.01,32.57659,75.99934,6511.0,14.447,1.502,5.0,-0.0460474154045516,-0.390530944517406
wheat,IN,IN-18-0627,2005,25.478,176.448,0.6,0.01,32.57659,75.99934,6511.0,14.447,1.502,5.0,1.4224482233516729,-0.7602251911010454
wheat,IN,IN-18-0627,2006,25.478,176.448,0.6,0.01,32.57659,75.99934,6511.0,14.447,1.502,5.0,0.7554994917238625,0.09577635139954285
wheat,IN,IN-18-0627,2007,25.478,176.448,0.6,0.01,32.57659,75.99934,6511.0,14.447,1.502,5.0,0.8661049675032477,-0.01639854806088318
wheat,IN,IN-18-0627,2008,25.478,176.448,0.6,0.01,32.57659,75.99934,6511.0,14.447,1.502,5.0,0.2434083684918096,-0.40128072556198086
wheat,IN,IN-18-0627,2009,25.478,176.448,0.6,0.01,32.57659,75.99934,6511.0,14.447,1.502,5.0,-1.36905767511801,-0.5234389818992832
wheat,IN,IN-18-0627,2010,25.478,176.448,0.6,0.01,32.57659,75.99934,6511.0,14.447,1.502,5.0,-0.8039702215367366,-0.059070267740352095
wheat,IN,IN-18-0627,2011,25.478,176.448,0.6,0.01,32.57659,75.99934,6511.0,14.447,1.502,5.0,0.003572166278381848,0.2954766562357578
wheat,IN,IN-18-0627,2012,25.478,176.448,0.6,0.01,32.57659,75.99934,6511.0,14.447,1.502,5.0,-0.9382775052349512,-0.27474880811670904
wheat,IN,IN-18-0627,2013,25.478,176.448,0.6,0.01,32.57659,75.99934,6511.0,14.447,1.502,5.0,-0.028764587694084406,1.012606719522056
wheat,IN,IN-18-0627,2014,25.478,176.448,0.6,0.01,32.57659,75.99934,6511.0,14.447,1.502,5.0,-0.6901092327981759,1.1666957975620544
wheat,IN,IN-18-0627,2015,25.478,176.448,0.6,0.01,32.57659,75.99934,6511.0,14.447,1.502,5.0,0.05905555229219753,1.9782951718578454
wheat,IN,IN-18-0627,2016,25.478,176.448,0.6,0.01,32.57659,75.99934,6511.0,14.447,1.502,5.0,-1.2465374327104428,1.0813523582031166
wheat,IN,IN-18-0627,2017,25.478,176.448,0.6,0.01,32.57659,75.99934,6511.0,14.447,1.502,5.0,-0.4530056848456138,1.055890044187604
wheat,IN,IN-18-0628,2003,358.238,154.036,0.2,0.016,31.72857,76.36071,1115.0,12.622,1.512,6.0,1.7163297575267347,-1.3480938410857162
wheat,IN,IN-18-0628,2004,358.238,154.036,0.2,0.016,31.72857,76.36071,1115.0,12.622,1.512,6.0,0.6331614865919003,-0.41907158166044717
wheat,IN,IN-18-0628,2005,358.238,154.036,0.2,0.016,31.72857,76.36071,1115.0,12.622,1.512,6.0,1.3924508946233816,-0.15623024633100682
wheat,IN,IN-18-0628,2006,358.238,154.036,0.2,0.016,31.72857,76.36071,1115.0,12.622,1.512,6.0,0.19777505779168067,-0.018591275977686686
wheat,IN,IN-18-0628,2007,358.238,154.036,0.2,0.016,31.72857,76.36071,1115.0,12.622,1.512,6.0,0.904375013329644,-0.15089087584281782
wheat,IN,IN-18-0628,2008,358.238,154.036,0.2,0.016,31.72857,76.36071,1115.0,12.622,1.512,6.0,0.7015937038237812,-0.19122141314126237
wheat,IN,IN-18-0628,2009,358.238,154.036,0.2,0.016,31.72857,76.36071,1115.0,12.622,1.512,6.0,-1.3818335372550237,-0.7458891579744985
wheat,IN,IN-18-0628,2010,358.238,154.036,0.2,0.016,31.72857,76.36071,1115.0,12.622,1.512,6.0,-0.28851054258167574,-0.5568355395347481
wheat,IN,IN-18-0628,2011,358.238,154.036,0.2,0.016,31.72857,76.36071,1115.0,12.622,1.512,6.0,0.175979005676489,0.5649472158428435
wheat,IN,IN-18-0628,2012,358.238,154.036,0.2,0.016,31.72857,76.36071,1115.0,12.622,1.512,6.0,-0.6368452346534478,-0.25129268711736374
wheat,IN,IN-18-0628,2013,358.238,154.036,0.2,0.016,31.72857,76.36071,1115.0,12.622,1.512,6.0,0.38397172695577564,1.384479872979175
wheat,IN,IN-18-0628,2014,358.238,154.036,0.2,0.016,31.72857,76.36071,1115.0,12.622,1.512,6.0,-0.7904003827074715,1.1045466486066469
wheat,IN,IN-18-0628,2015,358.238,154.036,0.2,0.016,31.72857,76.36071,1115.0,12.622,1.512,6.0,-0.1850527387278399,2.1789063759377525
wheat,IN,IN-18-0628,2016,358.238,154.036,0.2,0.016,31.72857,76.36071,1115.0,12.622,1.512,6.0,-1.6806196540149911,0.5957450806889242
wheat,IN,IN-18-0628,2017,358.238,154.036,0.2,0.016,31.72857,76.36071,1115.0,12.622,1.512,6.0,-1.142374556378939,0.7659438074699134
wheat,IN,IN-18-0629,2003,364.482,159.196,75.1,1.309,32.15525,75.88706,5739.0,14.144,1.527,5.0,2.3484827280056253,-0.93738065338416
wheat,IN,IN-18-0629,2004,364.482,159.196,75.1,1.309,32.15525,75.88706,5739.0,14.144,1.527,5.0,0.2323804411117214,-0.2896746216651153
wheat,IN,IN-18-0629,2005,364.482,159.196,75.1,1.309,32.15525,75.88706,5739.0,14.144,1.527,5.0,1.1703500909878002,-0.12295492238093444
wheat,IN,IN-18-0629,2006,364.482,159.196,75.1,1.309,32.15525,75.88706,5739.0,14.144,1.527,5.0,0.1934812336013941,-0.32540568448897167
wheat,IN,IN-18-0629,2007,364.482,159.196,75.1,1.309,32.15525,75.88706,5739.0,14.144,1.527,5.0,0.9120282699085491,0.17380614234491243
wheat,IN,IN-18-0629,2008,364.482,159.196,75.1,1.309,32.15525,75.88706,5739.0,14.144,1.527,5.0,0.19194783655647496,-0.34469212242889186
wheat,IN,IN-18-0629,2009,364.482,159.196,75.1,1.309,32.15525,75.88706,5739.0,14.144,1.527,5.0,-1.5774123134214597,-0.987989344322425
wheat,IN,IN-18-0629,2010,364.482,159.196,75.1,1.309,32.15525,75.88706,5739.0,14.144,1.527,5.0,-0.6458635030011115,-0.533807834650251
wheat,IN,IN-18-0629,2011,364.482,159.196,75.1,1.309,32.15525,75.88706,5739.0,14.144,1.527,5.0,0.03281467826276346,0.40577386939440063
wheat,IN,IN-18-0629,2012,364.482,159.196,75.1,1.309,32.15525,75.88706,5739.0,14.144,1.527,5.0,-0.8557609770829744,-0.005650166524118879
wheat,IN,IN-18-0629,2013,364.482,159.196,75.1,1.309,32.15525,75.88706,5739.0,14.144,1.527,5.0,0.46418697771056483,1.3182232054085814
wheat,IN,IN-18-0629,2014,364.482,159.196,75.1,1.309,32.15525,75.88706,5739.0,14.144,1.527,5.0,-0.6826456186235997,1.1704379802547171
wheat,IN,IN-18-0629,2015,364.482,159.196,75.1,1.309,32.15525,75.88706,5739.0,14.144,1.527,5.0,-0.041670761335248316,1.8998551890340463
wheat,IN,IN-18-0629,2016,364.482,159.196,75.1,1.309,32.15525,75.88706,5739.0,14.144,1.527,5.0,-1.268030103556204,1.0536971419337282
wheat,IN,IN-18-0629,2017,364.482,159.196,75.1,1.309,32.15525,75.88706,5739.0,14.144,1.527,5.0,-0.4742889791242736,0.6889885375440636
wheat,IN,IN-18-0631,2003,44.432,186.818,0.1,0.002,31.52727,77.39545,5490.0,13.621,1.368,5.0,2.1352837719929734,-0.85007109243828
wheat,IN,IN-18-0631,2004,44.432,186.818,0.1,0.002,31.52727,77.39545,5490.0,13.621,1.368,5.0,0.5852334738389616,-1.4284160012229536
wheat,IN,IN-18-0631,2005,44.432,186.818,0.1,0.002,31.52727,77.39545,5490.0,13.621,1.368,5.0,1.1768135878362447,0.08634852201563797
wheat,IN,IN-18-0631,2006,44.432,186.818,0.1,0.002,31.52727,77.39545,5490.0,13.621,1.368,5.0,0.5905568110477353,-0.40286159413271305
wheat,IN,IN-18-0631,2007,44.432,186.818,0.1,0.002,31.52727,77.39545,5490.0,13.621,1.368,5.0,0.4391341687151842,-0.9343380254629948
wheat,IN,IN-18-0631,2008,44.432,186.818,0.1,0.002,31.52727,77.39545,5490.0,13.621,1.368,5.0,0.5666286539119146,0.2823922817956722
wheat,IN,IN-18-0631,2009,44.432,186.818,0.1,0.002,31.52727,77.39545,5490.0,13.621,1.368,5.0,-0.9707392845109082,0.25451449944163407
wheat,IN,IN-18-0631,2010,44.432,186.818,0.1,0.002,31.52727,77.39545,5490.0,13.621,1.368,5.0,-0.018377579521146374,1.2413757318206036
wheat,IN,IN-18-0631,2011,44.432,186.818,0.1,0.002,31.52727,77.39545,5490.0,13.621,1.368,5.0,0.44081065596003544,0.12733014676650836
wheat,IN,IN-18-0631,2012,44.432,186.818,0.1,0.002,31.52727,77.39545,5490.0,13.621,1.368,5.0,-0.4724460789457799,-0.09314024970957865
wheat,IN,IN-18-0631,2013,44.432,186.818,0.1,0.002,31.52727,77.39545,5490.0,13.621,1.368,5.0,-0.26785779871682036,0.9904628573101545
wheat,IN,IN-18-0631,2014,44.432,186.818,0.1,0.002,31.52727,77.39545,5490.0,13.621,1.368,5.0,-0.6627572314377526,0.8318543791608253
wheat,IN,IN-18-0631,2015,44.432,186.818,0.1,0.002,31.52727,77.39545,5490.0,13.621,1.368,5.0,-0.5987253081329503,1.566037442006792
wheat,IN,IN-18-0631,2016,44.432,186.818,0.1,0.002,31.52727,77.39545,5490.0,13.621,1.368,5.0,-1.851637726166649,0.7278112110765288
wheat,IN,IN-18-0631,2017,44.432,186.818,0.1,0.002,31.52727,77.39545,5490.0,13.621,1.368,5.0,-1.091920115871064,0.8066102121904623
wheat,IN,IN-18-0633,2003,353.0,144.0,20.9,1.081,31.08486,76.65148,1936.0,13.271,1.592,5.0,1.8360292436128696,-0.6810573002753604
wheat,IN,IN-18-0633,2004,353.0,144.0,20.9,1.081,31.08486,76.65148,1936.0,13.271,1.592,5.0,0.9481601808361693,0.18395782446100095
wheat,IN,IN-18-0633,2005,353.0,144.0,20.9,1.081,31.08486,76.65148,1936.0,13.271,1.592,5.0,1.2370682653232545,0.08850142760602152
wheat,IN,IN-18-0633,2006,353.0,144.0,20.9,1.081,31.08486,76.65148,1936.0,13.271,1.592,5.0,0.266897466964592,-0.21147189979053135
wheat,IN,IN-18-0633,2007,353.0,144.0,20.9,1.081,31.08486,76.65148,1936.0,13.271,1.592,5.0,0.7357733744548691,-0.20975790047582243
wheat,IN,IN-18-0633,2008,353.0,144.0,20.9,1.081,31.08486,76.65148,1936.0,13.271,1.592,5.0,0.9118502695364931,-0.26818511240947024
wheat,IN,IN-18-0633,2009,353.0,144.0,20.9,1.081,31.08486,76.65148,1936.0,13.271,1.592,5.0,-0.8505553347775904,-1.5691862098879683
wheat,IN,IN-18-0633,2010,353.0,144.0,20.9,1.081,31.08486,76.65148,1936.0,13.271,1.592,5.0,0.05392052430563645,-0.2761249621761236
wheat,IN,IN-18-0633,2011,353.0,144.0,20.9,1.081,31.08486,76.65148,1936.0,13.271,1.592,5.0,0.2902514032349973,0.6051983619222161
wheat,IN,IN-18-0633,2012,353.0,144.0,20.9,1.081,31.08486,76.65148,1936.0,13.271,1.592,5.0,-0.6909359194742368,-0.8874933942083026
wheat,IN,IN-18-0633,2013,353.0,144.0,20.9,1.081,31.08486,76.65148,1936.0,13.271,1.592,5.0,-0.5088244216251139,1.340834675185944
wheat,IN,IN-18-0633,2014,353.0,144.0,20.9,1.081,31.08486,76.65148,1936.0,13.271,1.592,5.0,-0.9910426531773157,0.31598735580404413
wheat,IN,IN-18-0633,2015,353.0,144.0,20.9,1.081,31.08486,76.65148,1936.0,13.271,1.592,5.0,-0.4920291953696934,2.4324980725044822
wheat,IN,IN-18-0633,2016,353.0,144.0,20.9,1.081,31.08486,76.65148,1936.0,13.271,1.592,5.0,-1.6993398515117664,0.757031502310415
wheat,IN,IN-18-0633,2017,353.0,144.0,20.9,1.081,31.08486,76.65148,1936.0,13.271,1.592,5.0,-1.0472233523331798,0.6358234967364417
wheat,IN,IN-18-0634,2003,14.744,170.705,2.8,0.07,31.67977,76.84859,3950.0,14.339,1.508,5.0,1.4079716975313312,-1.2969176075416178
wheat,IN,IN-18-0634,2004,14.744,170.705,2.8,0.07,31.67977,76.84859,3950.0,14.339,1.508,5.0,0.46377280917669567,-0.428709469227188
wheat,IN,IN-18-0634,2005,14.744,170.705,2.8,0.07,31.67977,76.84859,3950.0,14.339,1.508,5.0,1.4101010772551346,-0.18754054191762598
wheat,IN,IN-18-0634,2006,14.744,170.705,2.8,0.07,31.67977,76.84859,3950.0,14.339,1.508,5.0,0.654915293393081,-0.026457899903313004
wheat,IN,IN-18-0634,2007,14.744,170.705,2.8,0.07,31.67977,76.84859,3950.0,14.339,1.508,5.0,0.9332058505941367,0.26429980809916864
wheat,IN,IN-18-0634,2008,14.744,170.705,2.8,0.07,31.67977,76.84859,3950.0,14.339,1.508,5.0,0.7222093476416573,0.03269674264431595
wheat,IN,IN-18-0634,2009,14.744,170.705,2.8,0.07,31.67977,76.84859,3950.0,14.339,1.508,5.0,-1.6691368685367396,-0.915597680965363
wheat,IN,IN-18-0634,2010,14.744,170.705,2.8,0.07,31.67977,76.84859,3950.0,14.339,1.508,5.0,-0.17706623019807352,-0.47528490231682596
wheat,IN,IN-18-0634,2011,14.744,170.705,2.8,0.07,31.67977,76.84859,3950.0,14.339,1.508,5.0,0.23654911022737207,0.31879780094801463
wheat,IN,IN-18-0634,2012,14.744,170.705,2.8,0.07,31.67977,76.84859,3950.0,14.339,1.508,5.0,-0.48736393928101396,-0.44310514447654437
wheat,IN,IN-18-0634,2013,14.744,170.705,2.8,0.07,31.67977,76.84859,3950.0,14.339,1.508,5.0,0.2861461381467413,1.0531901658762224
wheat,IN,IN-18-0634,2014,14.744,170.705,2.8,0.07,31.67977,76.84859,3950.0,14.339,1.508,5.0,-0.7830261125361938,1.068074889607865
wheat,IN,IN-18-0634,2015,14.744,170.705,2.8,0.07,31.67977,76.84859,3950.0,14.339,1.508,5.0,-0.34859361151320795,1.8498611746948228
wheat,IN,IN-18-0634,2016,14.744,170.705,2.8,0.07,31.67977,76.84859,3950.0,14.339,1.508,5.0,-1.8516160999216367,1.1676799087836733
wheat,IN,IN-18-0634,2017,14.744,170.705,2.8,0.07,31.67977,76.84859,3950.0,14.339,1.508,5.0,-0.7980684619792883,0.9669264260678423
wheat,IN,IN-18-0635,2003,28.182,179.091,0.0,0.001,31.37272,77.40909,5129.0,13.621,1.368,5.0,2.180390117823396,-0.5569239247514148
wheat,IN,IN-18-0635,2004,28.182,179.091,0.0,0.001,31.37272,77.40909,5129.0,13.621,1.368,5.0,0.4827527477763812,-1.2915584441507277
wheat,IN,IN-18-0635,2005,28.182,179.091,0.0,0.001,31.37272,77.40909,5129.0,13.621,1.368,5.0,1.1251086779704353,-0.04414532418926838
wheat,IN,IN-18-0635,2006,28.182,179.091,0.0,0.001,31.37272,77.40909,5129.0,13.621,1.368,5.0,0.556738559100605,-0.12642648669734136
wheat,IN,IN-18-0635,2007,28.182,179.091,0.0,0.001,31.37272,77.40909,5129.0,13.621,1.368,5.0,0.571482010577063,-0.19961105116653535
wheat,IN,IN-18-0635,2008,28.182,179.091,0.0,0.001,31.37272,77.40909,5129.0,13.621,1.368,5.0,0.7371915599741182,0.7139045123842038
wheat,IN,IN-18-0635,2009,28.182,179.091,0.0,0.001,31.37272,77.40909,5129.0,13.621,1.368,5.0,-1.0206435030459051,0.1276793054340529
wheat,IN,IN-18-0635,2010,28.182,179.091,0.0,0.001,31.37272,77.40909,5129.0,13.621,1.368,5.0,-0.11365151906302341,1.0281676421636738
wheat,IN,IN-18-0635,2011,28.182,179.091,0.0,0.001,31.37272,77.40909,5129.0,13.621,1.368,5.0,0.36525007485817096,0.664592987661645
wheat,IN,IN-18-0635,2012,28.182,179.091,0.0,0.001,31.37272,77.40909,5129.0,13.621,1.368,5.0,-0.512896427958161,-0.1129440896601049
wheat,IN,IN-18-0635,2013,28.182,179.091,0.0,0.001,31.37272,77.40909,5129.0,13.621,1.368,5.0,-0.24921112259335437,0.7021909774418038
wheat,IN,IN-18-0635,2014,28.182,179.091,0.0,0.001,31.37272,77.40909,5129.0,13.621,1.368,5.0,-0.691445438078496,0.5589254346847382
wheat,IN,IN-18-0635,2015,28.182,179.091,0.0,0.001,31.37272,77.40909,5129.0,13.621,1.368,5.0,-0.6167717721375466,1.4852776491156328
wheat,IN,IN-18-0635,2016,28.182,179.091,0.0,0.001,31.37272,77.40909,5129.0,13.621,1.368,5.0,-1.750033570934321,0.4999660029512476
wheat,IN,IN-18-0635,2017,28.182,179.091,0.0,0.001,31.37272,77.40909,5129.0,13.621,1.368,5.0,-1.0642603942693811,0.617965083332152
wheat,IN,IN-18-0636,2003,359.876,149.456,26.7,0.943,30.5186,77.53871,2828.0,14.856,1.517,5.0,1.8837549189146408,-0.8752829092460113
wheat,IN,IN-18-0636,2004,359.876,149.456,26.7,0.943,30.5186,77.53871,2828.0,14.856,1.517,5.0,0.6358617238207727,-0.4814034805784875
wheat,IN,IN-18-0636,2005,359.876,149.456,26.7,0.943,30.5186,77.53871,2828.0,14.856,1.517,5.0,0.8264229882631963,-0.4622790491552175
wheat,IN,IN-18-0636,2006,359.876,149.456,26.7,0.943,30.5186,77.53871,2828.0,14.856,1.517,5.0,0.1943684764046443,0.22522516950177246
wheat,IN,IN-18-0636,2007,359.876,149.456,26.7,0.943,30.5186,77.53871,2828.0,14.856,1.517,5.0,0.6182021597955416,0.6257869578860136
wheat,IN,IN-18-0636,2008,359.876,149.456,26.7,0.943,30.5186,77.53871,2828.0,14.856,1.517,5.0,1.054846719350855,-0.4445502363572327
wheat,IN,IN-18-0636,2009,359.876,149.456,26.7,0.943,30.5186,77.53871,2828.0,14.856,1.517,5.0,-0.7893017226411461,-0.5728904338871069
wheat,IN,IN-18-0636,2010,359.876,149.456,26.7,0.943,30.5186,77.53871,2828.0,14.856,1.517,5.0,0.4145533650313981,-0.931351735599004
wheat,IN,IN-18-0636,2011,359.876,149.456,26.7,0.943,30.5186,77.53871,2828.0,14.856,1.517,5.0,0.803222366075205,0.35743927214174026
wheat,IN,IN-18-0636,2012,359.876,149.456,26.7,0.943,30.5186,77.53871,2828.0,14.856,1.517,5.0,-0.7511616828146441,-1.033566114509233
wheat,IN,IN-18-0636,2013,359.876,149.456,26.7,0.943,30.5186,77.53871,2828.0,14.856,1.517,5.0,-0.2568480911522743,1.642270287992159
wheat,IN,IN-18-0636,2014,359.876,149.456,26.7,0.943,30.5186,77.53871,2828.0,14.856,1.517,5.0,-1.0770709830172445,1.0345978853870508
wheat,IN,IN-18-0636,2015,359.876,149.456,26.7,0.943,30.5186,77.53871,2828.0,14.856,1.517,5.0,-1.04707128739512,1.3878524560738463
wheat,IN,IN-18-0636,2016,359.876,149.456,26.7,0.943,30.5186,77.53871,2828.0,14.856,1.517,5.0,-1.6764043867251381,0.6394139888027148
wheat,IN,IN-18-0636,2017,359.876,149.456,26.7,0.943,30.5186,77.53871,2828.0,14.856,1.517,5.0,-0.8333745639106842,1.4777079765728836
wheat,IN,IN-18-0637,2003,357.077,153.067,46.8,3.032,31.55573,76.16179,1542.0,13.253,1.593,5.0,1.8092823992878109,-1.095011188717503
wheat,IN,IN-18-0637,2004,357.077,153.067,46.8,3.032,31.55573,76.16179,1542.0,13.253,1.593,5.0,0.9182545259971535,-0.5038598144791634
wheat,IN,IN-18-0637,2005,357.077,153.067,46.8,3.032,31.55573,76.16179,1542.0,13.253,1.593,5.0,1.5046681840602016,-0.013613505730781775
wheat,IN,IN-18-0637,2006,357.077,153.067,46.8,3.032,31.55573,76.16179,1542.0,13.253,1.593,5.0,0.1554412127079576,-0.06311410389566764
wheat,IN,IN-18-0637,2007,357.077,153.067,46.8,3.032,31.55573,76.16179,1542.0,13.253,1.593,5.0,0.8349387232724295,0.5289459351691237
wheat,IN,IN-18-0637,2008,357.077,153.067,46.8,3.032,31.55573,76.16179,1542.0,13.253,1.593,5.0,0.6449382141549866,-0.4282844865117041
wheat,IN,IN-18-0637,2009,357.077,153.067,46.8,3.032,31.55573,76.16179,1542.0,13.253,1.593,5.0,-1.0943169232316245,-1.2403693852964954
wheat,IN,IN-18-0637,2010,357.077,153.067,46.8,3.032,31.55573,76.16179,1542.0,13.253,1.593,5.0,-0.2511976533313094,-0.7980292346050117
wheat,IN,IN-18-0637,2011,357.077,153.067,46.8,3.032,31.55573,76.16179,1542.0,13.253,1.593,5.0,0.10727161307416176,0.9516481584844737
wheat,IN,IN-18-0637,2012,357.077,153.067,46.8,3.032,31.55573,76.16179,1542.0,13.253,1.593,5.0,-0.7452497728066415,-0.43973192886405116
wheat,IN,IN-18-0637,2013,357.077,153.067,46.8,3.032,31.55573,76.16179,1542.0,13.253,1.593,5.0,0.0031180101973716377,0.9522901608757012
wheat,IN,IN-18-0637,2014,357.077,153.067,46.8,3.032,31.55573,76.16179,1542.0,13.253,1.593,5.0,-0.9164686726706458,1.2870169248529204
wheat,IN,IN-18-0637,2015,357.077,153.067,46.8,3.032,31.55573,76.16179,1542.0,13.253,1.593,5.0,-0.30953436077268603,2.129494122336166
wheat,IN,IN-18-0637,2016,357.077,153.067,46.8,3.032,31.55573,76.16179,1542.0,13.253,1.593,5.0,-1.628844077738488,0.8576501532035675
wheat,IN,IN-18-0637,2017,357.077,153.067,46.8,3.032,31.55573,76.16179,1542.0,13.253,1.593,5.0,-1.0323014222006948,0.276930527179321
wheat,IN,IN-20-0056,2003,325.427,98.237,100.0,2.37,18.77535,78.03848,4217.0,14.722,1.572,4.0,-0.23356764387783246,-1.186709520491298
wheat,IN,IN-20-0056,2004,325.427,98.237,100.0,2.37,18.77535,78.03848,4217.0,14.722,1.572,4.0,-0.8603109309173067,-0.998907557479959
wheat,IN,IN-20-0056,2005,325.427,98.237,100.0,2.37,18.77535,78.03848,4217.0,14.722,1.572,4.0,-0.6418274982492561,0.019572817052823935
wheat,IN,IN-20-0056,2006,325.427,98.237,100.0,2.37,18.77535,78.03848,4217.0,14.722,1.572,4.0,0.4454075695272944,0.41148224146403084
wheat,IN,IN-20-0056,2007,325.427,98.237,100.0,2.37,18.77535,78.03848,4217.0,14.722,1.572,4.0,1.0917755562405358,0.15465014643355487
wheat,IN,IN-20-0056,2008,325.427,98.237,100.0,2.37,18.77535,78.03848,4217.0,14.722,1.572,4.0,0.4334937320910701,0.32376794878413756
wheat,IN,IN-20-0056,2009,325.427,98.237,100.0,2.37,18.77535,78.03848,4217.0,14.722,1.572,4.0,-1.0907579332281334,-0.3422109400817497
wheat,IN,IN-20-0056,2010,325.427,98.237,100.0,2.37,18.77535,78.03848,4217.0,14.722,1.572,4.0,0.8817377636964125,0.7766537820386704
wheat,IN,IN-20-0056,2011,325.427,98.237,100.0,2.37,18.77535,78.03848,4217.0,14.722,1.572,4.0,-0.4152455150768165,0.9864206055079192
wheat,IN,IN-20-0056,2012,325.427,98.237,100.0,2.37,18.77535,78.03848,4217.0,14.722,1.572,4.0,-0.5219137353291426,-0.021789655180551676
wheat,IN,IN-20-0056,2013,325.427,98.237,100.0,2.37,18.77535,78.03848,4217.0,14.722,1.572,4.0,2.5455565845267762,0.8302772728269374
wheat,IN,IN-20-0056,2014,325.427,98.237,100.0,2.37,18.77535,78.03848,4217.0,14.722,1.572,4.0,-0.3545409583404086,1.1874046183146294
wheat,IN,IN-20-0056,2015,325.427,98.237,100.0,2.37,18.77535,78.03848,4217.0,14.722,1.572,4.0,-1.3279373548203675,-0.00606229655227997
wheat,IN,IN-20-0056,2016,325.427,98.237,100.0,2.37,18.77535,78.03848,4217.0,14.722,1.572,4.0,0.48931753179804555,-1.7860846967708623
wheat,IN,IN-20-0056,2017,325.427,98.237,100.0,2.37,18.77535,78.03848,4217.0,14.722,1.572,4.0,-0.4411871680409316,1.9031902579376165
wheat,IN,IN-20-0057,2003,324.845,96.199,4.0,0.147,17.93068,77.92935,2751.0,14.445,1.534,4.0,0.10438810233553462,-0.9109169947879566
wheat,IN,IN-20-0057,2004,324.845,96.199,4.0,0.147,17.93068,77.92935,2751.0,14.445,1.534,4.0,-0.7500580110941952,-0.8200697150543413
wheat,IN,IN-20-0057,2005,324.845,96.199,4.0,0.147,17.93068,77.92935,2751.0,14.445,1.534,4.0,-0.44189035509594854,-0.7713085485349643
wheat,IN,IN-20-0057,2006,324.845,96.199,4.0,0.147,17.93068,77.92935,2751.0,14.445,1.534,4.0,0.31023679347737276,0.18833695199492917
wheat,IN,IN-20-0057,2007,324.845,96.199,4.0,0.147,17.93068,77.92935,2751.0,14.445,1.534,4.0,1.2651474614083436,-0.5263673696281054
wheat,IN,IN-20-0057,2008,324.845,96.199,4.0,0.147,17.93068,77.92935,2751.0,14.445,1.534,4.0,0.6771684707212368,0.35247279353045213
wheat,IN,IN-20-0057,2009,324.845,96.199,4.0,0.147,17.93068,77.92935,2751.0,14.445,1.534,4.0,-1.2976713366157762,-0.7268776375845012
wheat,IN,IN-20-0057,2010,324.845,96.199,4.0,0.147,17.93068,77.92935,2751.0,14.445,1.534,4.0,0.9015984683925254,0.617492127912199
wheat,IN,IN-20-0057,2011,324.845,96.199,4.0,0.147,17.93068,77.92935,2751.0,14.445,1.534,4.0,-0.30761006374934247,0.17508789161546745
wheat,IN,IN-20-0057,2012,324.845,96.199,4.0,0.147,17.93068,77.92935,2751.0,14.445,1.534,4.0,-0.9186904988297224,0.35167213088881727
wheat,IN,IN-20-0057,2013,324.845,96.199,4.0,0.147,17.93068,77.92935,2751.0,14.445,1.534,4.0,2.174682818196624,1.5825013117795865
wheat,IN,IN-20-0057,2014,324.845,96.199,4.0,0.147,17.93068,77.92935,2751.0,14.445,1.534,4.0,-0.4341364342101551,1.2904300148116141
wheat,IN,IN-20-0057,2015,324.845,96.199,4.0,0.147,17.93068,77.92935,2751.0,14.445,1.534,4.0,-1.5602064757931973,0.12123025058891396
wheat,IN,IN-20-0057,2016,324.845,96.199,4.0,0.147,17.93068,77.92935,2751.0,14.445,1.534,4.0,0.49211642135889067,0.014018324042696878
wheat,IN,IN-20-0057,2017,324.845,96.199,4.0,0.147,17.93068,77.92935,2751.0,14.445,1.534,4.0,-0.2150753605020918,1.9690106669949443
wheat,IN,IN-20-0058,2003,324.38,104.152,20.3,0.389,16.71055,77.675,5216.0,15.293,1.545,4.0,-0.9543193187267752,-1.0370557823873452
wheat,IN,IN-20-0058,2004,324.38,104.152,20.3,0.389,16.71055,77.675,5216.0,15.293,1.545,4.0,-1.3280877706225516,-1.264417797942004
wheat,IN,IN-20-0058,2005,324.38,104.152,20.3,0.389,16.71055,77.675,5216.0,15.293,1.545,4.0,0.022474127581431944,-0.13054020278604822
wheat,IN,IN-20-0058,2006,324.38,104.152,20.3,0.389,16.71055,77.675,5216.0,15.293,1.545,4.0,-0.045784977683555675,0.7963391007177959
wheat,IN,IN-20-0058,2007,324.38,104.152,20.3,0.389,16.71055,77.675,5216.0,15.293,1.545,4.0,1.49014370645086,0.35489158423038253
wheat,IN,IN-20-0058,2008,324.38,104.152,20.3,0.389,16.71055,77.675,5216.0,15.293,1.545,4.0,0.6626060477089447,-0.06667815719965652
wheat,IN,IN-20-0058,2009,324.38,104.152,20.3,0.389,16.71055,77.675,5216.0,15.293,1.545,4.0,-0.572298855998842,-0.821163895912157
wheat,IN,IN-20-0058,2010,324.38,104.152,20.3,0.389,16.71055,77.675,5216.0,15.293,1.545,4.0,1.2463799750807745,1.0725028639663816
wheat,IN,IN-20-0058,2011,324.38,104.152,20.3,0.389,16.71055,77.675,5216.0,15.293,1.545,4.0,-0.2749130907945296,0.314252100675407
wheat,IN,IN-20-0058,2012,324.38,104.152,20.3,0.389,16.71055,77.675,5216.0,15.293,1.545,4.0,-1.3930550996551656,-0.17137320769128517
wheat,IN,IN-20-0058,2013,324.38,104.152,20.3,0.389,16.71055,77.675,5216.0,15.293,1.545,4.0,1.3178985443536353,1.299582575648566
wheat,IN,IN-20-0058,2017,324.38,104.152,20.3,0.389,16.71055,77.675,5216.0,15.293,1.545,4.0,-0.17104328769418153,1.382880895978639
wheat,IN,IN-20-0063,2003,329.743,96.877,173.0,4.324,19.64073,78.48724,4000.0,14.132,1.468,5.0,0.019165861175334392,-1.0659865418034267
wheat,IN,IN-20-0063,2004,329.743,96.877,173.0,4.324,19.64073,78.48724,4000.0,14.132,1.468,5.0,-0.9368640443622204,-0.389447081779609
wheat,IN,IN-20-0063,2005,329.743,96.877,173.0,4.324,19.64073,78.48724,4000.0,14.132,1.468,5.0,-0.7492080371975425,-0.050239989216243584
wheat,IN,IN-20-0063,2006,329.743,96.877,173.0,4.324,19.64073,78.48724,4000.0,14.132,1.468,5.0,0.36454817968868775,-0.06483023919309329
wheat,IN,IN-20-0063,2007,329.743,96.877,173.0,4.324,19.64073,78.48724,4000.0,14.132,1.468,5.0,0.8902953339387826,-0.5052327717654403
wheat,IN,IN-20-0063,2008,329.743,96.877,173.0,4.324,19.64073,78.48724,4000.0,14.132,1.468,5.0,0.2117790778040699,-0.15715382767538072
wheat,IN,IN-20-0063,2009,329.743,96.877,173.0,4.324,19.64073,78.48724,4000.0,14.132,1.468,5.0,-0.8576792388878098,-1.5130909627785316
wheat,IN,IN-20-0063,2010,329.743,96.877,173.0,4.324,19.64073,78.48724,4000.0,14.132,1.468,5.0,0.8852548814040232,-0.026471361876236058
wheat,IN,IN-20-0063,2011,329.743,96.877,173.0,4.324,19.64073,78.48724,4000.0,14.132,1.468,5.0,-0.5798037840926719,1.0588911344872776
wheat,IN,IN-20-0063,2012,329.743,96.877,173.0,4.324,19.64073,78.48724,4000.0,14.132,1.468,5.0,-0.1098214064041351,0.025526227375506253
wheat,IN,IN-20-0063,2013,329.743,96.877,173.0,4.324,19.64073,78.48724,4000.0,14.132,1.468,5.0,2.7820611491930203,0.665244626979136
wheat,IN,IN-20-0063,2014,329.743,96.877,173.0,4.324,19.64073,78.48724,4000.0,14.132,1.468,5.0,-0.1012740708211943,1.190706185630666
wheat,IN,IN-20-0063,2015,329.743,96.877,173.0,4.324,19.64073,78.48724,4000.0,14.132,1.468,5.0,-1.0279327142043637,1.8830474275534914
wheat,IN,IN-20-0063,2016,329.743,96.877,173.0,4.324,19.64073,78.48724,4000.0,14.132,1.468,5.0,0.15404940503870043,0.1439469665793535
wheat,IN,IN-20-0063,2017,329.743,96.877,173.0,4.324,19.64073,78.48724,4000.0,14.132,1.468,5.0,-0.9445705922727107,1.3510593342664072
wheat,IN,IN-20-0520,2003,322.467,105.452,8.8,0.175,17.18697,78.25232,5002.0,13.798,1.398,5.0,-0.036948210443818096,-0.7396727921714028
wheat,IN,IN-20-0520,2004,322.467,105.452,8.8,0.175,17.18697,78.25232,5002.0,13.798,1.398,5.0,-1.0412955765703726,-0.33410623950137935
wheat,IN,IN-20-0520,2005,322.467,105.452,8.8,0.175,17.18697,78.25232,5002.0,13.798,1.398,5.0,-0.21180851996036906,-0.09317561415284661
wheat,IN,IN-20-0520,2006,322.467,105.452,8.8,0.175,17.18697,78.25232,5002.0,13.798,1.398,5.0,0.2992384370809547,1.1386962849421447
wheat,IN,IN-20-0520,2007,322.467,105.452,8.8,0.175,17.18697,78.25232,5002.0,13.798,1.398,5.0,1.5869080412989838,0.20626673449461075
wheat,IN,IN-20-0520,2008,322.467,105.452,8.8,0.175,17.18697,78.25232,5002.0,13.798,1.398,5.0,1.1255427248265883,0.18991787063167526
wheat,IN,IN-20-0520,2009,322.467,105.452,8.8,0.175,17.18697,78.25232,5002.0,13.798,1.398,5.0,-0.8703603112892253,-1.0287895425896403
wheat,IN,IN-20-0520,2010,322.467,105.452,8.8,0.175,17.18697,78.25232,5002.0,13.798,1.398,5.0,0.7878977643691956,1.5636876466916259
wheat,IN,IN-20-0520,2011,322.467,105.452,8.8,0.175,17.18697,78.25232,5002.0,13.798,1.398,5.0,-0.39879451837598573,0.2292516204518309
wheat,IN,IN-20-0520,2012,322.467,105.452,8.8,0.175,17.18697,78.25232,5002.0,13.798,1.398,5.0,-1.2008784719472458,-0.3070015441496693
wheat,IN,IN-20-0520,2013,322.467,105.452,8.8,0.175,17.18697,78.25232,5002.0,13.798,1.398,5.0,1.7491880219536629,1.0223236204717419
wheat,IN,IN-20-0520,2014,322.467,105.452,8.8,0.175,17.18697,78.25232,5002.0,13.798,1.398,5.0,-0.38113951623322,0.5793506760685357
wheat,IN,IN-20-0520,2015,322.467,105.452,8.8,0.175,17.18697,78.25232,5002.0,13.798,1.398,5.0,-1.6446983159633035,-0.8112349243433785
wheat,IN,IN-20-0520,2016,322.467,105.452,8.8,0.175,17.18697,78.25232,5002.0,13.798,1.398,5.0,0.31513701627964136,-0.5779289884280014
wheat,IN,IN-20-0520,2017,322.467,105.452,8.8,0.175,17.18697,78.25232,5002.0,13.798,1.398,5.0,-0.07798856502546432,1.8676255036220857
